frequency_Hz,theory_S11_real,theory_S11_imag,theory_S11_dB,openems_S11_real,openems_S11_imag,openems_S11_dB,theory_Zin_real_ohm,theory_Zin_imag_ohm,openems_Zin_real_ohm,openems_Zin_imag_ohm,theory_S21_real,theory_S21_imag,theory_S21_dB,openems_S21_real,openems_S21_imag,openems_S21_dB
2.000000000000e+08,9.650454408696e-01,-2.266445592678e-01,-7.587679900771e-02,9.459929053124e-01,-2.808084546947e-01,-1.154986886767e-01,1.646670466945e+01,-4.309685878054e+02,1.604744116578e+01,-3.434119164821e+02,-1.581323086837e-03,2.757366904203e-03,-4.995521493821e+01,3.444025453258e-03,-3.974091548339e-05,-4.925809472350e+01
2.005000000000e+08,9.646823132679e-01,-2.276302310071e-01,-7.699494791970e-02,9.453804806425e-01,-2.821317032186e-01,-1.173429036989e-01,1.655820290052e+01,-4.289822042023e+02,1.614006760203e+01,-3.416399511210e+02,-1.571292747652e-03,2.807648693876e-03,-4.984981942069e+01,3.589812194644e-03,-1.299485347283e-06,-4.889856486025e+01
2.010000000000e+08,9.643150737904e-01,-2.286205076182e-01,-7.812938262434e-02,9.447538662477e-01,-2.834579150092e-01,-1.192811060100e-01,1.665002993337e+01,-4.270028074778e+02,1.624194971732e+01,-3.398754569361e+02,-1.560610708068e-03,2.858441604148e-03,-4.974440425743e+01,3.743520465357e-03,2.553137006411e-05,-4.853419376096e+01
2.015000000000e+08,9.639436670645e-01,-2.296154233753e-01,-7.928035726718e-02,9.441132943935e-01,-2.847865636173e-01,-1.213124580746e-01,1.674218667950e+01,-4.250303401298e+02,1.635271062466e+01,-3.381190614194e+02,-1.549263870180e-03,2.909745719232e-03,-4.963896779663e+01,3.904144440408e-03,4.018413554904e-05,-4.816902240043e+01
2.020000000000e+08,9.635680368418e-01,-2.306150127704e-01,-8.044813050600e-02,9.434590376638e-01,-2.861171587924e-01,-1.234357190823e-01,1.683467405492e+01,-4.230647452006e+02,1.647192903913e+01,-3.363713437180e+02,-1.537238964438e-03,2.961561018233e-03,-4.953350838716e+01,4.070646787343e-03,4.218316903714e-05,-4.780626524936e+01
2.025000000000e+08,9.631881259824e-01,-2.316193105128e-01,-8.163296560210e-02,9.427914052979e-01,-2.874492494189e-01,-1.256492664987e-01,1.692749297994e+01,-4.211059662692e+02,1.659914446783e+01,-3.346328325125e+02,-1.524522547777e-03,3.013887372639e-03,-4.942802437850e+01,4.241966892133e-03,3.114584210758e-05,-4.744842038825e+01
2.030000000000e+08,9.628038764386e-01,-2.326283515276e-01,-8.283513051794e-02,9.421107393378e-01,-2.887824261097e-01,-1.279511197360e-01,1.702064437994e+01,-4.191539474453e+02,1.673386239040e+01,-3.329040043751e+02,-1.511101001733e-03,3.066724543764e-03,-4.932251412062e+01,4.417029049088e-03,6.782973822583e-06,-4.709738464941e+01
2.035000000000e+08,9.624152292389e-01,-2.336421709547e-01,-8.405489801050e-02,9.414174106171e-01,-2.901163234474e-01,-1.303389657465e-01,1.711412918478e+01,-4.172086333621e+02,1.687555939280e+01,-3.311852825881e+02,-1.496960530528e-03,3.120072180135e-03,-4.921697596399e+01,4.594750556766e-03,-3.110142803814e-05,-4.675456223800e+01
2.040000000000e+08,9.620221244712e-01,-2.346608041477e-01,-8.529254573092e-02,9.407118146225e-01,-2.914506218640e-01,-1.328101863394e-01,1.720794832894e+01,-4.152699691700e+02,1.702368822085e+01,-3.294770363979e+02,-1.482087159128e-03,3.173929814830e-03,-4.911140825944e+01,4.774049663947e-03,-8.261109971560e-05,-4.642096111154e+01
2.045000000000e+08,9.616245012658e-01,-2.356842866721e-01,-8.654835632644e-02,9.399943672584e-01,-2.927850491560e-01,-1.353618870087e-01,1.730210275184e+01,-4.133379005303e+02,1.717768272405e+01,-3.277795806810e+02,-1.466466731281e-03,3.228296862759e-03,-4.900580935814e+01,4.953853312092e-03,-1.477591052557e-04,-4.609727513775e+01
2.050000000000e+08,9.612222977781e-01,-2.367126543042e-01,-8.782261754278e-02,9.392655005460e-01,-2.941193816302e-01,-1.379909270622e-01,1.739659339755e+01,-4.114123736085e+02,1.733696266373e+01,-3.260931759963e+02,-1.450084907527e-03,3.283172617887e-03,-4.890017761153e+01,5.133104623462e-03,-2.264700443747e-04,-4.578395221710e+01
2.055000000000e+08,9.608154511713e-01,-2.377459430288e-01,-8.911562232812e-02,9.385256582882e-01,-2.954534448820e-01,-1.406939508334e-01,1.749142121462e+01,-4.094933350686e+02,1.750093836289e+01,-3.244180289977e+02,-1.432927163182e-03,3.338556250407e-03,-4.879451137123e+01,5.310770087017e-03,-3.185828536778e-04,-4.548124965902e+01
2.060000000000e+08,9.604038975977e-01,-2.387841890379e-01,-9.042766894622e-02,9.377752917301e-01,-2.967871142077e-01,-1.434674197583e-01,1.758658715690e+01,-4.075807320663e+02,1.766901517851e+01,-3.227542931819e+02,-1.414978786296e-03,3.394446803843e-03,-4.868880898902e+01,5.485846397528e-03,-4.238541670513e-04,-4.518927854356e+01
2.065000000000e+08,9.599875721810e-01,-2.398274287284e-01,-9.175906108220e-02,9.370148552448e-01,-2.981203146564e-01,-1.463076450962e-01,1.768209218269e+01,-4.056745122431e+02,1.784059777994e+01,-3.211020699441e+02,-1.396224875586e-03,3.450843192105e-03,-4.858306881677e+01,5.657366906766e-03,-5.419621979048e-04,-4.490803886696e+01
2.070000000000e+08,9.595664089972e-01,-2.408756987000e-01,-9.311010795909e-02,9.362448020738e-01,-2.994530207278e-01,-1.492108210749e-01,1.777793725534e+01,-4.037746237205e+02,1.801509421954e+01,-3.194614099185e+02,-1.376650338336e-03,3.507744196475e-03,-4.847728920636e+01,5.824407649357e-03,-6.725111031289e-04,-4.463744714284e+01
2.075000000000e+08,9.591403410559e-01,-2.419290357526e-01,-9.448112445117e-02,9.354655801501e-01,-3.007852557268e-01,-1.521730582419e-01,1.787412334277e+01,-4.018810150945e+02,1.819191978419e+01,-3.178323145770e+02,-1.356239888280e-03,3.565148462528e-03,-4.837146850964e+01,5.986092909739e-03,-8.150357861689e-04,-4.437735792110e+01
2.080000000000e+08,9.587093002802e-01,-2.429874768843e-01,-9.587243120711e-02,9.346776280292e-01,-3.021170907850e-01,-1.551904168038e-01,1.797065141826e+01,-3.999936354284e+02,1.837050061847e+01,-3.162147380624e+02,-1.334978043446e-03,3.623054496996e-03,-4.826560507842e+01,6.141600300669e-03,-9.690070945032e-04,-4.412758045603e+01
2.085000000000e+08,9.582732174876e-01,-2.440510592880e-01,-9.728435476680e-02,9.338813709562e-01,-3.034486435638e-01,-1.582589397431e-01,1.806752245964e+01,-3.981124342489e+02,1.855027711209e+01,-3.146085892346e+02,-1.312849123983e-03,3.681460664559e-03,-4.815969726434e+01,6.290165327840e-03,-1.133837365042e-03,-4.388789153543e+01
2.090000000000e+08,9.578320223692e-01,-2.451198203491e-01,-9.871722768927e-02,9.330772170903e-01,-3.047800766537e-01,-1.613746855011e-01,1.816473744988e+01,-3.962373615388e+02,1.873070704570e+01,-3.130137339047e+02,-1.289837249951e-03,3.740365184571e-03,-4.805374341888e+01,6.431085419363e-03,-1.308886269584e-03,-4.365804528850e+01
2.095000000000e+08,9.573856434694e-01,-2.461937976421e-01,-1.001713886781e-01,9.322655539104e-01,-3.061115956877e-01,-1.645337600282e-01,1.826229737671e+01,-3.943683677325e+02,1.891126849080e+01,-3.114299972376e+02,-1.265926339085e-03,3.799766127713e-03,-4.794774189330e+01,6.563723403130e-03,-1.493466911422e-03,-4.343778062508e+01
2.100000000000e+08,9.569340081645e-01,-2.472730289273e-01,-1.016471827148e-01,9.314467448223e-01,-3.074434471871e-01,-1.677323480039e-01,1.836020323321e+01,-3.925054037099e+02,1.909146246066e+01,-3.098571663014e+02,-1.241100104535e-03,3.859661412579e-03,-4.784169103860e+01,6.687510419340e-03,-1.686852123508e-03,-4.322682682355e+01
2.105000000000e+08,9.564770426417e-01,-2.483575521472e-01,-1.031449611890e-01,9.306211259868e-01,-3.087759161596e-01,-1.709667430399e-01,1.845845601715e+01,-3.906484207915e+02,1.927081530998e+01,-3.082949927436e+02,-1.215342052572e-03,3.920048802187e-03,-4.773558920547e+01,6.801948259729e-03,-1.888280918297e-03,-4.302490767439e+01
2.110000000000e+08,9.560146718768e-01,-2.494474054230e-01,-1.046650820380e-01,9.297890033846e-01,-3.101093234718e-01,-1.742333766897e-01,1.855705673148e+01,-3.887973707325e+02,1.944888088245e+01,-3.067431955753e+02,-1.188635480261e-03,3.980925900411e-03,-4.762943474424e+01,6.906611129281e-03,-2.096965039402e-03,-4.283174449890e+01
2.115000000000e+08,9.555468196120e-01,-2.505426270504e-01,-1.062079098864e-01,9.289506501342e-01,-3.114440230179e-01,-1.775288460962e-01,1.865600638428e+01,-3.869522057178e+02,1.962524240568e+01,-3.052014640441e+02,-1.160963473115e-03,4.042290148343e-03,-4.752322600488e+01,7.001146830353e-03,-2.312095565581e-03,-4.264705829282e+01
2.120000000000e+08,9.550734083332e-01,-2.516432554952e-01,-1.077738161899e-01,9.281063040752e-01,-3.127803987080e-01,-1.808499401216e-01,1.875530598875e+01,-3.851128783571e+02,1.979951413405e+01,-3.036694605784e+02,-1.132308902709e-03,4.104138820570e-03,-4.741696133691e+01,7.085277373215e-03,-2.532849518290e-03,-4.247057118999e+01
2.125000000000e+08,9.545943592467e-01,-2.527493293894e-01,-1.093631793814e-01,9.272561656281e-01,-3.141188613007e-01,-1.841936638157e-01,1.885495656304e+01,-3.832793416791e+02,1.997134274075e+01,-3.021468237848e+02,-1.102654424269e-03,4.166469021370e-03,-4.731063908944e+01,7.158799020967e-03,-2.758396425083e-03,-4.230200739838e+01
2.130000000000e+08,9.541095922554e-01,-2.538608875255e-01,-1.109763850251e-01,9.264003959396e-01,-3.154598451035e-01,-1.875572610916e-01,1.895495913095e+01,-3.814515491274e+02,2.014040846064e+01,-3.006331714819e+02,-1.071982474228e-03,4.229277680832e-03,-4.720425761107e+01,7.221581780606e-03,-2.987904792457e-03,-4.214109372730e+01
2.135000000000e+08,9.536190259352e-01,-2.549779688526e-01,-1.126138259633e-01,9.255391153202e-01,-3.168038045675e-01,-1.909382354932e-01,1.905531472055e+01,-3.796294545544e+02,2.030642598672e+01,-2.991281037541e+02,-1.040275267756e-03,4.292561550881e-03,-4.709781524990e+01,7.273568355642e-03,-3.220548443402e-03,-4.198755979845e+01
2.140000000000e+08,9.531225775093e-01,-2.561006124702e-01,-1.142759024862e-01,9.246724019779e-01,-3.181512108000e-01,-1.943343689499e-01,1.915602436619e+01,-3.778130122171e+02,2.046914512313e+01,-2.976312060077e+02,-1.007514796250e-03,4.356317201225e-03,-4.699131035351e+01,7.314772579169e-03,-3.455512676802e-03,-4.184113801353e+01
2.145000000000e+08,9.526201628242e-01,-2.572288576228e-01,-1.159630224835e-01,9.238002910526e-01,-3.195025480219e-01,-1.977437384329e-01,1.925708910680e+01,-3.760021767724e+02,2.062835119886e+01,-2.961420520149e+02,-9.736828248022e-04,4.420541015202e-03,-4.688474126893e+01,7.345277349492e-03,-3.692000208017e-03,-4.170156333519e+01
2.150000000000e+08,9.521116963234e-01,-2.583627436943e-01,-1.176756016155e-01,9.229227739486e-01,-3.208583099935e-01,-2.011647304415e-01,1.935850998673e+01,-3.741969032717e+02,2.078386524656e+01,-2.946602069290e+02,-9.387608896312e-04,4.485229185545e-03,-4.677810634259e+01,7.365232093509e-03,-3.929236852345e-03,-4.156857292620e+01
2.155000000000e+08,9.515970910214e-01,-2.595023102014e-01,-1.194140634833e-01,9.220397979670e-01,-3.222189964346e-01,-2.045960532623e-01,1.946028805575e+01,-3.723971471568e+02,2.093554395202e+01,-2.931852302549e+02,-9.027302954847e-04,4.550377710048e-03,-4.667140392036e+01,7.374849785787e-03,-4.166476915711e-03,-4.144190568243e+01
2.160000000000e+08,9.510762584771e-01,-2.606475967874e-01,-1.211788398015e-01,9.211512662317e-01,-3.235851094629e-01,-2.080367469621e-01,1.956242436881e+01,-3.706028642545e+02,2.108327938057e+01,-2.917166787601e+02,-8.655721130085e-04,4.615982387133e-03,-4.656463234751e+01,7.374403553851e-03,-4.403008259697e-03,-4.132130168811e+01
2.165000000000e+08,9.505491087667e-01,-2.617986432146e-01,-1.229703705780e-01,9.202570379051e-01,-3.249571500742e-01,-2.114861910925e-01,1.966491998630e+01,-3.688140107733e+02,2.122699848735e+01,-2.902541093125e+02,-8.272671760845e-04,4.682038811324e-03,-4.645778996869e+01,7.364222902460e-03,-4.638157011015e-03,-4.120650161663e+01
2.170000000000e+08,9.500155504557e-01,-2.629554893579e-01,-1.247891042975e-01,9.193569286861e-01,-3.263356146881e-01,-2.149441100963e-01,1.976777597400e+01,-3.670305432972e+02,2.136666241963e+01,-2.887970816276e+02,-7.877960791370e-04,4.748542368617e-03,-4.635087512794e+01,7.344689591669e-03,-4.871291888644e-03,-4.109724609616e+01
2.175000000000e+08,9.494754905708e-01,-2.641181751964e-01,-1.266354981094e-01,9.184507115797e-01,-3.277209917807e-01,-2.184105764266e-01,1.987099340325e+01,-3.652524187827e+02,2.150226562009e+01,-2.873451609144e+02,-7.471391744065e-04,4.815488231738e-03,-4.624388616868e+01,7.316233205168e-03,-5.101828125069e-03,-4.099327505654e+01
2.180000000000e+08,9.489288345712e-01,-2.652867408059e-01,-1.285100180177e-01,9.175381179304e-01,-3.291137586252e-01,-2.218860114020e-01,1.997457335053e+01,-3.634795945537e+02,2.163383474089e+01,-2.858979204043e+02,-7.052765691915e-04,4.882871355309e-03,-4.613682143371e+01,7.279326446866e-03,-5.329230961403e-03,-4.089432707203e+01
2.185000000000e+08,9.483754863190e-01,-2.664612263501e-01,-1.304131390812e-01,9.166188387040e-01,-3.305143781617e-01,-2.253711838384e-01,2.007851689791e+01,-3.617120282972e+02,2.176142737951e+01,-2.844549437509e+02,-6.621881230588e-04,4.950686470889e-03,-4.602967926522e+01,7.234480204783e-03,-5.553018699567e-03,-4.080013871303e+01
2.190000000000e+08,9.478153480490e-01,-2.676416720720e-01,-1.323453456162e-01,9.156925260059e-01,-3.319232960127e-01,-2.288672065114e-01,2.018282513319e+01,-3.599496780590e+02,2.188513064817e+01,-2.830158272884e+02,-6.178534450206e-04,5.018928081914e-03,-4.592245800478e+01,7.182238422196e-03,-5.772765298157e-03,-4.071044391964e+01
2.195000000000e+08,9.472483203386e-01,-2.688281182842e-01,-1.343071314014e-01,9.147587948203e-01,-3.333409376640e-01,-2.323755305185e-01,2.028749914955e+01,-3.581925022399e+02,2.200505958963e+01,-2.815801821382e+02,-5.722518906806e-04,5.087590458516e-03,-4.581515599337e+01,7.123172816544e-03,-5.988102502076e-03,-4.062497340905e+01
2.200000000000e+08,9.466743020764e-01,-2.700206053596e-01,-1.362989998905e-01,9.138172249545e-01,-3.347677058254e-01,-2.358979376237e-01,2.039254004558e+01,-3.564404595911e+02,2.212135545304e+01,-2.801476361520e+02,-5.253625593469e-04,5.156667632220e-03,-4.570777157140e+01,7.057877486826e-03,-6.198721499511e-03,-4.054345412957e+01
2.205000000000e+08,9.460931904301e-01,-2.712191737211e-01,-1.383214644333e-01,9.128673631687e-01,-3.362039779854e-01,-2.394365306785e-01,2.049794892572e+01,-3.546935092101e+02,2.223418384441e+01,-2.787178356835e+02,-4.771642911143e-04,5.226153390530e-03,-4.560030307869e+01,6.986963450259e-03,-6.404374103238e-03,-4.046560877378e+01
2.210000000000e+08,9.455048808145e-01,-2.724238638306e-01,-1.403750484959e-01,9.119087254768e-01,-3.376501041746e-01,-2.429937222269e-01,2.060372689991e+01,-3.529516105367e+02,2.234373276694e+01,-2.772904471795e+02,-4.276356639130e-04,5.296041271382e-03,-4.549274885454e+01,6.911053148620e-03,-6.604873456647e-03,-4.039115536433e+01
2.215000000000e+08,9.449092668580e-01,-2.736347161781e-01,-1.424602858930e-01,9.109407995953e-01,-3.391064049466e-01,-2.465722214101e-01,2.070987508392e+01,-3.512147233493e+02,2.245021056725e+01,-2.758651585848e+02,-3.767549905275e-04,5.366324557469e-03,-4.538510723773e+01,6.830774964148e-03,-6.800094268223e-03,-4.031980692608e+01
2.220000000000e+08,9.443062403694e-01,-2.748517712697e-01,-1.445777210187e-01,9.099630475221e-01,-3.405731695871e-01,-2.501750192998e-01,2.081639459891e+01,-3.494828077606e+02,2.255384380397e+01,-2.744416805547e+02,-3.245003155825e-04,5.436996270439e-03,-4.527737656656e+01,6.746757784031e-03,-6.989972581405e-03,-4.025127125934e+01
2.225000000000e+08,9.436956913029e-01,-2.760750696157e-01,-1.467279090922e-01,9.089749082261e-01,-3.420506545592e-01,-2.538053727925e-01,2.092328657199e+01,-3.477558242136e+02,2.265487505560e+01,-2.730197474716e+02,-2.708494124983e-04,5.508049164957e-03,-4.516955517886e+01,6.659625651434e-03,-7.174505089917e-03,-4.018525082883e+01
2.230000000000e+08,9.430775077235e-01,-2.773046517171e-01,-1.489114164023e-01,9.079758004237e-01,-3.435390821901e-01,-2.574667872097e-01,2.103055213598e+01,-3.460337334786e+02,2.275356068495e+01,-2.715991182628e+02,-2.157797804152e-04,5.579475722629e-03,-4.506164141210e+01,6.569992539669e-03,-7.353748011600e-03,-4.012144278399e+01
2.235000000000e+08,9.424515757708e-01,-2.785405580531e-01,-1.511288205626e-01,9.069651254243e-01,-3.450386396043e-01,-2.611629977512e-01,2.113819242949e+01,-3.443164966478e+02,2.285016857742e+01,-2.701795770192e+02,-1.592686410873e-04,5.651268145781e-03,-4.495363360334e+01,6.478457284582e-03,-7.527815536687e-03,-4.005953912554e+01
2.240000000000e+08,9.418177796230e-01,-2.797828290660e-01,-1.533807107705e-01,9.059422700223e-01,-3.465494779050e-01,-2.648979499549e-01,2.124620859693e+01,-3.426040751335e+02,2.294497587054e+01,-2.687609334153e+02,-1.012929357458e-04,5.723418351099e-03,-4.484553008936e+01,6.385598708447e-03,-7.696877869061e-03,-3.999922703345e+01
2.245000000000e+08,9.411760014593e-01,-2.810315051472e-01,-1.556676880755e-01,9.049066094144e-01,-3.480717116050e-01,-2.686757793212e-01,2.135460178866e+01,-3.408964306629e+02,2.303826669174e+01,-2.673430229326e+02,-4.182932193304e-05,5.795917963113e-03,-4.473732920668e+01,6.291970966690e-03,-7.861158881609e-03,-3.994018936991e+01
2.250000000000e+08,9.405261214223e-01,-2.822866266219e-01,-1.579903656510e-01,9.038575101220e-01,-3.496054183063e-01,-2.725007902596e-01,2.146337316068e+01,-3.391935252751e+02,2.313032992121e+01,-2.659257068903e+02,1.914582969311e-05,5.868758307538e-03,-4.462902929160e+01,6.198099146667e-03,-8.020933409046e-03,-3.988210536992e+01
2.255000000000e+08,9.398680175791e-01,-2.835482337325e-01,-1.603493690785e-01,9.027943328980e-01,-3.511506386255e-01,-2.763774345203e-01,2.157252387520e+01,-3.374953213173e+02,2.322145699614e+01,-2.645088722894e+02,8.165643858304e-05,5.941930404444e-03,-4.452062868032e+01,6.104475145348e-03,-8.176524203709e-03,-3.982465152941e+01
2.260000000000e+08,9.392015658822e-01,-2.848163666223e-01,-1.627453366324e-01,9.017164355974e-01,-3.527073763603e-01,-2.803102892698e-01,2.168205510011e+01,-3.358017814419e+02,2.331193977171e+01,-2.630924314755e+02,1.457267175476e-04,6.015424961279e-03,-4.441212570897e+01,6.011553850400e-03,-8.328298581702e-03,-3.976750269793e+01
2.265000000000e+08,9.385266401288e-01,-2.860910653181e-01,-1.651789195801e-01,9.006231759931e-01,-3.542755988929e-01,-2.843040349719e-01,2.179196800956e+01,-3.341128686015e+02,2.340206845364e+01,-2.616763216299e+02,2.113811760371e-04,6.089232365717e-03,-4.430351871369e+01,5.919749646518e-03,-8.476664788440e-03,-3.971033337903e+01
2.270000000000e+08,9.378431119204e-01,-2.873723697115e-01,-1.676507824825e-01,8.995139145172e-01,-3.558552378215e-01,-2.883634332301e-01,2.190226378362e+01,-3.324285460472e+02,2.349212961601e+01,-2.602605040973e+02,2.786446234473e-04,6.163342678347e-03,-4.419480603073e+01,5.829433266242e-03,-8.622068114090e-03,-3.965281923666e+01
2.275000000000e+08,9.371508506210e-01,-2.886603195404e-01,-1.701616035044e-01,8.983880169104e-01,-3.574461898110e-01,-2.924933047473e-01,2.201294360810e+01,-3.307487773240e+02,2.358240431701e+01,-2.588449635615e+02,3.475421724505e-04,6.237745625175e-03,-4.408598599654e+01,5.740929001716e-03,-8.764986790577e-03,-3.959463880043e+01
2.280000000000e+08,9.364497233140e-01,-2.899549543688e-01,-1.727120747405e-01,8.972448567617e-01,-3.590483176544e-01,-2.966985075529e-01,2.212400867536e+01,-3.290735262679e+02,2.367316632388e+01,-2.574297070807e+02,4.180992423515e-04,6.312430589958e-03,-4.397705694784e+01,5.654512291021e-03,-8.905927702816e-03,-3.953547535596e+01
2.285000000000e+08,9.357395947594e-01,-2.912563135660e-01,-1.753029025388e-01,8.960838179234e-01,-3.606614515317e-01,-3.009839156426e-01,2.223546018374e+01,-3.274027570024e+02,2.376468045735e+01,-2.560147629935e+02,4.903415624668e-04,6.387386606356e-03,-4.386801722175e+01,5.570407689886e-03,-9.045421947543e-03,-3.947501900024e+01
2.290000000000e+08,9.350203273495e-01,-2.925644362853e-01,-1.779348078378e-01,8.949042967846e-01,-3.622853904556e-01,-3.053543981702e-01,2.234729933758e+01,-3.257364339354e+02,2.385720106414e+01,-2.546001797109e+02,5.642951755268e-04,6.462602349886e-03,-4.375886515589e+01,5.488787236662e-03,-9.184020273570e-03,-3.941296883421e+01
2.295000000000e+08,9.342917810636e-01,-2.938793614415e-01,-1.806085265148e-01,8.937057043914e-01,-3.639199038880e-01,-3.098147993265e-01,2.245952734749e+01,-3.240745217557e+02,2.395097062493e+01,-2.531860244067e+02,6.399864410986e-04,6.538066129699e-03,-4.364959908849e+01,5.409769215563e-03,-9.322288437565e-03,-3.934903525789e+01
2.300000000000e+08,9.335538134224e-01,-2.952011276869e-01,-1.833248097399e-01,8.924874683995e-01,-3.655647335147e-01,-3.143699190285e-01,2.257214543030e+01,-3.224169854302e+02,2.404621850357e+01,-2.517723816199e+02,7.174420390283e-04,6.613765880146e-03,-4.354021735851e+01,5.333417320331e-03,-9.460802509427e-03,-3.928294232632e+01
2.305000000000e+08,9.328062794408e-01,-2.965297733876e-01,-1.860844243426e-01,8.912490348490e-01,-3.672195951627e-01,-3.190244945396e-01,2.268515480918e+01,-3.207637902000e+02,2.414315984196e+01,-2.503593517854e+02,7.966889729031e-04,6.689689152152e-03,-4.343071830581e+01,5.259740217604e-03,-9.600144161095e-03,-3.921443011875e+01
2.310000000000e+08,9.320490315808e-01,-2.978653365971e-01,-1.888881531835e-01,8.899898697501e-01,-3.688841808421e-01,-3.237831831293e-01,2.279855671350e+01,-3.191149015784e+02,2.424199460356e+01,-2.489470497055e+02,8.777545735279e-04,6.765823104373e-03,-4.332110027123e+01,5.188691506501e-03,-9.740895972176e-03,-3.914325706805e+01
2.315000000000e+08,9.312819197024e-01,-2.992078550307e-01,-1.917367955414e-01,8.887094604737e-01,-3.705581608974e-01,-3.286505458743e-01,2.291235237895e+01,-3.174702853466e+02,2.434290676694e+01,-2.475356029775e+02,9.606665024188e-04,6.842154494155e-03,-4.321136159678e+01,5.120170068226e-03,-9.883636785066e-03,-3.906920219438e+01
2.320000000000e+08,9.305047910144e-01,-3.005573660369e-01,-1.946311675083e-01,8.874073169363e-01,-3.722411862508e-01,-3.336310326920e-01,2.302654304773e+01,-3.158299075517e+02,2.444606366953e+01,-2.461251503916e+02,1.045452755309e-03,6.918669668258e-03,-4.310150062577e+01,5.054020796856e-03,-1.002893714137e-02,-3.899206718528e+01
2.325000000000e+08,9.297174900240e-01,-3.019139065693e-01,-1.975721023932e-01,8.860829725765e-01,-3.739328907186e-01,-3.387289686904e-01,2.314112996820e+01,-3.141937345029e+02,2.455161550042e+01,-2.447158403122e+02,1.132141665666e-03,6.995354553369e-03,-4.299151570299e+01,4.990035699957e-03,-1.017735483025e-02,-3.891167826545e+01
2.330000000000e+08,9.289198584853e-01,-3.032775131562e-01,-2.005604511412e-01,8.847359851180e-01,-3.756328933831e-01,-3.439485419064e-01,2.325611439532e+01,-3.125617327690e+02,2.465969493974e+01,-2.433078290568e+02,1.220761908216e-03,7.072194646381e-03,-4.288140517489e+01,4.927955355265e-03,-1.032943057820e-02,-3.882788780200e+01
2.335000000000e+08,9.281117353470e-01,-3.046482218694e-01,-2.035970827613e-01,8.833659371157e-01,-3.773408010027e-01,-3.492937924953e-01,2.337149759054e+01,-3.109338691753e+02,2.477041694098e+01,-2.419012792840e+02,1.311342502480e-03,7.149175004437e-03,-4.277116738975e+01,4.867470707410e-03,-1.048568390795e-02,-3.874057559723e+01
2.340000000000e+08,9.272929566994e-01,-3.060260682916e-01,-2.066828847644e-01,8.819724362846e-01,-3.790562104403e-01,-3.547686034263e-01,2.348728082174e+01,-3.093101108009e+02,2.488387865176e+01,-2.404963584036e+02,1.403912816309e-03,7.226280234737e-03,-4.266080069785e+01,4.808225186512e-03,-1.064660919295e-02,-3.864964982787e+01
2.345000000000e+08,9.264633557199e-01,-3.074110874828e-01,-2.098187636166e-01,8.805551156121e-01,-3.807787110928e-01,-3.603766927248e-01,2.360346536327e+01,-3.076904249756e+02,2.500015946734e+01,-2.390932370197e+02,1.498502569421e-03,7.303494484090e-03,-4.255030345171e+01,4.749817128549e-03,-1.081267193172e-02,-3.855504760042e+01
2.350000000000e+08,9.256227626176e-01,-3.088033139447e-01,-2.130056452054e-01,8.791136332544e-01,-3.825078873040e-01,-3.661216072976e-01,2.372005249636e+01,-3.060747792770e+02,2.511932121050e+01,-2.376920874162e+02,1.595141836943e-03,7.380801428223e-03,-4.243967400629e+01,4.691802475561e-03,-1.098430526466e-02,-3.845673510255e+01
2.355000000000e+08,9.247710045776e-01,-3.102027815841e-01,-2.162444753123e-01,8.776476722205e-01,-3.842433207418e-01,-3.720067183616e-01,2.383704350861e+01,-3.044631415282e+02,2.524140843070e+01,-2.362930820965e+02,1.693861052939e-03,7.458184260824e-03,-4.232891071920e+01,4.633697732161e-03,-1.116190675367e-02,-3.835470734380e+01
2.360000000000e+08,9.239079057034e-01,-3.116095236751e-01,-2.195362201046e-01,8.761569398500e-01,-3.859845927243e-01,-3.780352184917e-01,2.395443969417e+01,-3.028554797944e+02,2.536644881474e+01,-2.348963923824e+02,1.794691013942e-03,7.535625682322e-03,-4.221801195095e+01,4.574983153398e-03,-1.134583544281e-02,-3.824898749063e+01
2.365000000000e+08,9.230332869584e-01,-3.130235728186e-01,-2.228818666433e-01,8.746411670877e-01,-3.877312864761e-01,-3.842101202908e-01,2.407224235436e+01,-3.012517623809e+02,2.549445370073e+01,-2.335021870831e+02,1.897662882464e-03,7.613107888392e-03,-4.210697606518e+01,4.515106137758e-03,-1.153640921607e-02,-3.813962581396e+01
2.370000000000e+08,9.221469661071e-01,-3.144449609019e-01,-2.262824233941e-01,8.731001075652e-01,-3.894829893003e-01,-3.905342566767e-01,2.419045279677e+01,-2.996519578295e+02,2.562541868673e+01,-2.321106312389e+02,2.002808190498e-03,7.690612558185e-03,-4.199580142891e+01,4.453484798076e-03,-1.173390246564e-02,-3.802669827819e+01
2.375000000000e+08,9.212487576546e-01,-3.158737190550e-01,-2.297389207621e-01,8.715335364953e-01,-3.912392946495e-01,-3.970102827711e-01,2.430907233587e+01,-2.980560349170e+02,2.575932432524e+01,-2.307218849459e+02,2.110158843003e-03,7.768120842268e-03,-4.188448641285e+01,4.389511682295e-03,-1.193854408208e-02,-3.791030481118e+01
2.380000000000e+08,9.203384727847e-01,-3.173098776063e-01,-2.332524116423e-01,8.699412493916e-01,-3.929998040821e-01,-4.036406793679e-01,2.442810229315e+01,-2.964639626514e+02,2.589613689446e+01,-2.293361022660e+02,2.219747121361e-03,7.845613350276e-03,-4.177302939162e+01,4.322557615359e-03,-1.215051577498e-02,-3.779056730218e+01
2.385000000000e+08,9.194159192983e-01,-3.187534660359e-01,-2.368239719744e-01,8.683230606212e-01,-3.947641290897e-01,-4.104277579468e-01,2.454754399664e+01,-2.948757102703e+02,2.603580923722e+01,-2.279534302267e+02,2.331605686811e-03,7.923070138256e-03,-4.166142874411e+01,4.251975633168e-03,-1.236995073041e-02,-3.766762738095e+01
2.390000000000e+08,9.184809015488e-01,-3.202045129274e-01,-2.404547013294e-01,8.666788018040e-01,-3.965318927827e-01,-4.173736671935e-01,2.466739878169e+01,-2.932912472377e+02,2.617828165839e+01,-2.265740079122e+02,2.445767583850e-03,8.000470695712e-03,-4.154968285372e+01,4.177104979234e-03,-1.259693260885e-02,-3.754164403413e+01
2.395000000000e+08,9.175332203785e-01,-3.216630459178e-01,-2.441457234947e-01,8.650083200713e-01,-3.983027314226e-01,-4.244804009776e-01,2.478766799008e+01,-2.917105432417e+02,2.632348287192e+01,-2.251979656497e+02,2.562266243600e-03,8.077793932334e-03,-4.143779010872e+01,4.097275134752e-03,-1.283149488489e-02,-3.741279111640e+01
2.400000000000e+08,9.165726730521e-01,-3.231290916450e-01,-2.478981870917e-01,8.633114761958e-01,-4.000762957909e-01,-4.317498077308e-01,2.490835297089e+01,-2.901335681919e+02,2.647133098846e+01,-2.238254242902e+02,2.681135487126e-03,8.155018164398e-03,-4.132574890260e+01,4.011809852964e-03,-1.307362052755e-02,-3.728125481240e+01
2.405000000000e+08,9.155990531902e-01,-3.246026756933e-01,-2.517132662021e-01,8.615881426083e-01,-4.018522523834e-01,-4.391836011647e-01,2.502945508025e+01,-2.885602922174e+02,2.662173453499e+01,-2.224564945854e+02,2.802409528719e-03,8.232121100841e-03,-4.121355763438e+01,3.920031169085e-03,-1.332324201748e-02,-3.714723110215e+01
2.410000000000e+08,9.146121507015e-01,-3.260838225378e-01,-2.555921610103e-01,8.598382013158e-01,-4.036302844236e-01,-4.467833722556e-01,2.515097568102e+01,-2.869906856635e+02,2.677459349807e+01,-2.210912766605e+02,2.926122979112e-03,8.309079829003e-03,-4.110121470899e+01,3.821263357708e-03,-1.358024169513e-02,-3.701092327810e+01
2.415000000000e+08,9.136117517134e-01,-3.275725554847e-01,-2.595360984732e-01,8.580615417360e-01,-4.054100926874e-01,-4.545506024229e-01,2.527291614350e+01,-2.854247190904e+02,2.692980038267e+01,-2.197298595815e+02,3.052310848648e-03,8.385870800012e-03,-4.098871853767e+01,3.714836810339e-03,-1.384445243154e-02,-3.687253955561e+01
2.420000000000e+08,9.125976385020e-01,-3.290688966113e-01,-2.635463330000e-01,8.562580584647e-01,-4.071913961325e-01,-4.624866778169e-01,2.539527784499e+01,-2.838623632694e+02,2.708724127884e+01,-2.183723210154e+02,3.181008550372e-03,8.462469813828e-03,-4.087606753835e+01,3.600091806729e-03,-1.411565861135e-02,-3.673229081213e+01
2.425000000000e+08,9.115695894211e-01,-3.305728667019e-01,-2.676241471541e-01,8.544276489910e-01,-4.089739323294e-01,-4.705929046306e-01,2.551806216991e+01,-2.823035891822e+02,2.724679692883e+01,-2.170187269825e+02,3.312251903058e-03,8.538852003913e-03,-4.076326013605e+01,3.476382154768e-03,-1.439359741530e-02,-3.659038848300e+01
2.430000000000e+08,9.105273788295e-01,-3.320844851824e-01,-2.717708523775e-01,8.525702113784e-01,-4.107574576894e-01,-4.788705253426e-01,2.564127050996e+01,-2.807483680172e+02,2.740834378788e+01,-2.156691316967e+02,3.446077134150e-03,8.614991821538e-03,-4.065029476336e+01,3.343078675061e-03,-1.467796038775e-02,-3.644704263452e+01
2.435000000000e+08,9.094707770175e-01,-3.336037700520e-01,-2.759877897343e-01,8.506856419266e-01,-4.125417474895e-01,-4.873207357952e-01,2.576490426413e+01,-2.791966711680e+02,2.757175507198e+01,-2.143235774921e+02,3.582520882617e-03,8.690863019711e-03,-4.053716986082e+01,3.199572507723e-03,-1.496839527265e-02,-3.630246022834e+01
2.440000000000e+08,9.083995501325e-01,-3.351307378119e-01,-2.802763306743e-01,8.487738328323e-01,-4.143265956919e-01,-4.959447030089e-01,2.588896483867e+01,-2.776484702308e+02,2.773690178664e+01,-2.129820948326e+02,3.721620201708e-03,8.766438636716e-03,-4.042388387747e+01,3.045278220552e-03,-1.526450809981e-02,-3.615684358453e+01
2.445000000000e+08,9.073134601031e-01,-3.366654033918e-01,-2.846378778202e-01,8.468346698630e-01,-4.161118145594e-01,-5.047435836292e-01,2.601345364720e+01,-2.761037370022e+02,2.790365373095e+01,-2.116447023997e+02,3.863412561605e-03,8.841690979255e-03,-4.031043527127e+01,2.879636699463e-03,-1.556586550172e-02,-3.601038904522e+01
2.450000000000e+08,9.062122645624e-01,-3.382077800731e-01,-2.890738657772e-01,8.448680300634e-01,-4.178972340700e-01,-5.137185429006e-01,2.613837211067e+01,-2.745624434771e+02,2.807188047177e+01,-2.103114072562e+02,4.007935851961e-03,8.916591605188e-03,-4.019682250963e+01,2.702117803914e-03,-1.587199723959e-02,-3.586328583576e+01
2.455000000000e+08,9.050957167700e-01,-3.397578794094e-01,-2.935857619659e-01,8.428737795073e-01,-4.196827011315e-01,-5.228707740625e-01,2.626372165751e+01,-2.730245618465e+02,2.824145228312e+01,-2.089822050812e+02,4.155228384307e-03,8.991111305856e-03,-4.008304406997e+01,2.512222772002e-03,-1.618239891628e-02,-3.571571511659e+01
2.460000000000e+08,9.039635655328e-01,-3.413157111438e-01,-2.981750674813e-01,8.408517711124e-01,-4.214680786031e-01,-5.322015180552e-01,2.638950372374e+01,-2.714900644952e+02,2.841224104664e+01,-2.076570804707e+02,4.305328894331e-03,9.065220087986e-03,-3.996909844021e+01,2.309486361928e-03,-1.649653485248e-02,-3.556784921550e+01
2.465000000000e+08,9.028155551252e-01,-3.428812831234e-01,-3.028433179712e-01,8.388018425325e-01,-4.232532441280e-01,-5.417120834304e-01,2.651571975269e+01,-2.699589239997e+02,2.858412110894e+01,-2.063360073021e+02,4.458276544005e-03,9.138887155161e-03,-3.985498411942e+01,2.093478718674e-03,-1.681384110158e-02,-3.541985102813e+01
2.470000000000e+08,9.016514252077e-01,-3.444546012098e-01,-3.075920845476e-01,8.367238141422e-01,-4.250380887851e-01,-5.514038663543e-01,2.664237119540e+01,-2.684311131263e+02,2.875697009248e+01,-2.050189491550e+02,4.614110923561e-03,9.212080888850e-03,-3.974069961832e+01,1.863806956868e-03,-1.713372857815e-02,-3.527187357253e+01
2.475000000000e+08,9.004709107448e-01,-3.460356691869e-01,-3.124229747188e-01,8.346174871275e-01,-4.268225155666e-01,-5.612783705959e-01,2.676945951041e+01,-2.669066048287e+02,2.893066965672e+01,-2.037058597859e+02,4.772872053287e-03,9.284768828986e-03,-3.962624345999e+01,1.620116453047e-03,-1.745558627415e-02,-3.512405968319e+01
2.480000000000e+08,8.992737419215e-01,-3.476244886646e-01,-3.173376333540e-01,8.324826416962e-01,-4.286064376910e-01,-5.713372273938e-01,2.689698616408e+01,-2.653853722463e+02,2.910510620703e+01,-2.023966836503e+02,4.934600385150e-03,9.356917654090e-03,-3.951161418046e+01,1.362091842760e-03,-1.777878453678e-02,-3.497654182918e+01
2.485000000000e+08,8.980596440592e-01,-3.492210589797e-01,-3.223377436703e-01,8.303190354194e-01,-4.303897767620e-01,-5.815822150936e-01,2.702495263026e+01,-2.638673887015e+02,2.928017154870e+01,-2.010913564691e+02,5.099336804215e-03,9.428493160924e-03,-3.939681032940e+01,1.089457720219e-03,-1.810267838163e-02,-3.482944204136e+01
2.490000000000e+08,8.968283375302e-01,-3.508253770916e-01,-3.274250282561e-01,8.281264017178e-01,-4.321724607827e-01,-5.920152784556e-01,2.715336039081e+01,-2.623526276986e+02,2.945576348441e+01,-1.997898058319e+02,5.267122629858e-03,9.499460243662e-03,-3.928183047081e+01,8.019790404379e-04,-1.842661081488e-02,-3.468287193423e+01
2.495000000000e+08,8.955795376718e-01,-3.524374374758e-01,-3.326012501150e-01,8.259044485013e-01,-4.339544220382e-01,-6.026385475301e-01,2.728221093505e+01,-2.608410629212e+02,2.963178635336e+01,-1.984919518354e+02,5.437999616748e-03,9.569782872579e-03,-3.916667318373e+01,4.994612260544e-04,-1.874991613835e-02,-3.453693280850e+01
2.500000000000e+08,8.943129546985e-01,-3.540572320118e-01,-3.378682137536e-01,8.236528569726e-01,-4.357355948584e-01,-6.134543560057e-01,2.741150576045e+01,-2.593326682303e+02,2.980815151080e+01,-1.971977077491e+02,5.612009955595e-03,9.639424072246e-03,-3.905133706301e+01,1.817499832259e-04,-1.907192321178e-02,-3.439171582162e+01
2.505000000000e+08,8.930282936145e-01,-3.556847498678e-01,-3.432277662878e-01,8.213712806042e-01,-4.375159132733e-01,-6.244652589370e-01,2.754124637215e+01,-2.578274176624e+02,2.998477774729e+01,-1.959069807052e+02,5.789196273627e-03,9.708345899210e-03,-3.893582072009e+01,-1.512691668561e-04,-1.939195864714e-02,-3.424730221443e+01
2.510000000000e+08,8.917252541240e-01,-3.573199773809e-01,-3.486817985938e-01,8.190593442945e-01,-4.392953085765e-01,-6.356740497644e-01,2.767143428335e+01,-2.563252854276e+02,3.016159164683e+01,-1.946196724069e+02,5.969601634806e-03,9.776509419166e-03,-3.882012278379e+01,-4.996716321860e-04,-1.970934991051e-02,-3.410376358347e+01
2.515000000000e+08,8.904035305421e-01,-3.589628979321e-01,-3.542322464844e-01,8.167166437125e-01,-4.410737068080e-01,-6.470837765440e-01,2.780207101512e+01,-2.548262459078e+02,3.033852788393e+01,-1.933356798512e+02,6.153269539735e-03,9.843874683605e-03,-3.870424190116e+01,-8.634947592369e-04,-2.002342830805e-02,-3.396116218940e+01
2.520000000000e+08,8.890628117035e-01,-3.606134918175e-01,-3.598810919285e-01,8.143427448327e-01,-4.428510261740e-01,-6.586977573100e-01,2.793315809673e+01,-2.533302736546e+02,3.051552945949e+01,-1.920548960607e+02,6.340243925261e-03,9.910400705925e-03,-3.858817673836e+01,-1.242739094720e-03,-2.033353183354e-02,-3.381955129340e+01
2.525000000000e+08,8.877027808718e-01,-3.622717361143e-01,-3.656303642975e-01,8.119371836683e-01,-4.446271744157e-01,-6.705195944995e-01,2.806469706528e+01,-2.518373433877e+02,3.069254787613e+01,-1.907772108192e+02,6.530569163735e-03,9.976045437003e-03,-3.847192598157e+01,-1.637369885380e-03,-2.063900785637e-02,-3.367897551433e+01
2.530000000000e+08,8.863231156466e-01,-3.639376045418e-01,-3.714821416626e-01,8.094994662031e-01,-4.464020461448e-01,-6.825531883762e-01,2.819668946625e+01,-2.503474299927e+02,3.086954325350e+01,-1.895025114084e+02,6.724290061922e-03,1.004076574021e-02,-3.835548833790e+01,-2.047318799661e-03,-2.093921562986e-02,-3.353947120051e+01
2.535000000000e+08,8.849234878717e-01,-3.656110673172e-01,-3.774385521160e-01,8.070290685252e-01,-4.481755201583e-01,-6.948027493944e-01,2.832913685311e+01,-2.488605085195e+02,3.104648438485e+01,-1.882306833396e+02,6.921451859529e-03,1.010451736588e-02,-3.823886253639e+01,-2.472485853487e-03,-2.123352860183e-02,-3.340106681123e+01
2.540000000000e+08,8.835035635413e-01,-3.672920910063e-01,-3.835017751432e-01,8.045254371631e-01,-4.499474567499e-01,-7.072728094548e-01,2.846204078757e+01,-2.473765541807e+02,3.122334873594e+01,-1.869616110764e+02,7.122100227329e-03,1.016725492518e-02,-3.812204732903e+01,-2.912741520924e-03,-2.152133651033e-02,-3.326378330352e+01
2.545000000000e+08,8.820630027062e-01,-3.689806383683e-01,-3.896740430349e-01,8.019879896236e-01,-4.517176950315e-01,-7.199682320083e-01,2.859540283972e+01,-2.458955423494e+02,3.140012238814e+01,-1.856951787447e+02,7.326281264858e-03,1.022893186345e-02,-3.800504149179e+01,-3.367929009158e-03,-2.180204724975e-02,-3.312763452089e+01
2.550000000000e+08,8.806014593802e-01,-3.706766681951e-01,-3.959576423349e-01,7.994161151303e-01,-4.534860502816e-01,-7.328942209746e-01,2.872922458782e+01,-2.444174485576e+02,3.157679992751e+01,-1.844312708260e+02,7.534041497656e-03,1.028950043292e-02,-3.788784382570e+01,-3.837866676053e-03,-2.207508849389e-02,-3.299262758141e+01
2.555000000000e+08,8.791185814450e-01,-3.723801351445e-01,-4.023549153431e-01,7.968091755599e-01,-4.552523113332e-01,-7.460563284466e-01,2.886350761865e+01,-2.429422484949e+02,3.175338428204e+01,-1.831697728294e+02,7.745427874030e-03,1.034891166483e-02,-3.777045315801e+01,-4.322350567534e-03,-2.233990906484e-02,-3.285876326282e+01
2.560000000000e+08,8.776140105557e-01,-3.740909895680e-01,-4.088682616543e-01,7.941665065719e-01,-4.570162380182e-01,-7.594604611634e-01,2.899825352730e+01,-2.414699180058e+02,3.192988650950e+01,-1.819105719396e+02,7.960487761300e-03,1.040711534100e-02,-3.765286834335e+01,-4.821157051154e-03,-2.259598003830e-02,-3.272603638342e+01
2.565000000000e+08,8.760873820461e-01,-3.758091773308e-01,-4.155001397501e-01,7.914874189285e-01,-4.587775586797e-01,-7.731128857393e-01,2.913346391740e+01,-2.400004330891e+02,3.210632553851e+01,-1.806535576374e+02,8.179268941505e-03,1.046405996473e-02,-3.753508826492e+01,-5.334045521542e-03,-2.284279557805e-02,-3.259443617743e+01
2.570000000000e+08,8.745383248335e-01,-3.775346396270e-01,-4.222530686372e-01,7.887711999967e-01,-4.605359677678e-01,-7.870202326469e-01,2.926914040102e+01,-2.385337698953e+02,3.228272786583e+01,-1.793986222886e+02,8.401819606536e-03,1.051969273112e-02,-3.741711183579e+01,-5.860761152889e-03,-2.307987349455e-02,-3.246394666419e+01
2.575000000000e+08,8.729664613241e-01,-3.792673127864e-01,-4.291296295372e-01,7.860171154278e-01,-4.622911235317e-01,-8.011894989578e-01,2.940528459889e+01,-2.370699047257e+02,3.245912721279e+01,-1.781456617002e+02,8.628188352665e-03,1.057395949679e-02,-3.729893800016e+01,-6.401037673279e-03,-2.330675552449e-02,-3.233454701094e+01
2.580000000000e+08,8.713714073180e-01,-3.810071280760e-01,-4.361324676278e-01,7.832244110047e-01,-4.640426458192e-01,-8.156280498543e-01,2.954189814031e+01,-2.356088140300e+02,3.263556414424e+01,-1.768945756392e+02,8.858424174418e-03,1.062680474892e-02,-3.718056573475e+01,-6.954600135526e-03,-2.352300733052e-02,-3.220621188889e+01
2.585000000000e+08,8.697527719153e-01,-3.827540114923e-01,-4.432642938378e-01,7.803923146505e-01,-4.657901139969e-01,-8.303436189317e-01,2.967898266334e+01,-2.341504744054e+02,3.281208565350e+01,-1.756452683133e+02,9.092576457789e-03,1.067817157370e-02,-3.706199405017e+01,-7.521167659134e-03,-2.372821822249e-02,-3.207891182269e+01
2.590000000000e+08,8.681101574220e-01,-3.845078835483e-01,-4.505278866962e-01,7.775200385865e-01,-4.675330650016e-01,-8.453443073182e-01,2.981653981465e+01,-2.326948625944e+02,3.298874471677e+01,-1.743976488110e+02,9.330694972710e-03,1.072800162414e-02,-3.694322199241e+01,-8.100456118233e-03,-2.392200060353e-02,-3.195261353368e+01
2.595000000000e+08,8.664431592569e-01,-3.862686590508e-01,-4.579260942421e-01,7.746067816315e-01,-4.692709915323e-01,-8.606385816472e-01,2.995457124979e+01,-2.312419554835e+02,3.316559982074e+01,-1.731516314987e+02,9.572829864788e-03,1.077623508724e-02,-3.682424864431e+01,-8.692180750671e-03,-2.410398914669e-02,-3.182728027700e+01
2.600000000000e+08,8.647513658591e-01,-3.880362468713e-01,-4.654618359902e-01,7.716517316302e-01,-4.710033403941e-01,-8.762352709230e-01,3.009307863304e+01,-2.297917301017e+02,3.334271446729e+01,-1.719071363749e+02,9.819031646218e-03,1.082281065051e-02,-3.670507312712e+01,-9.296058663955e-03,-2.427383970961e-02,-3.170287217317e+01
2.605000000000e+08,8.630343585964e-01,-3.898105497076e-01,-4.731381049617e-01,7.686540680005e-01,-4.727295110001e-01,-8.921435623275e-01,3.023206363774e+01,-2.283441636187e+02,3.352015665892e+01,-1.706640893781e+02,1.006935118586e-02,1.086766546786e-02,-3.658569460215e+01,-9.911811214475e-03,-2.443122799719e-02,-3.157934653436e+01
2.610000000000e+08,8.612917116753e-01,-3.915914638376e-01,-4.809579697722e-01,7.656129643858e-01,-4.744488540407e-01,-9.083729960200e-01,3.037152794602e+01,-2.268992333434e+02,3.369799836903e+01,-1.694224226508e+02,1.032383969842e-02,1.091073512485e-02,-3.646611227238e+01,-1.053916623726e-02,-2.457584798368e-02,-3.145665818593e+01
2.615000000000e+08,8.595229920517e-01,-3.933788788641e-01,-4.889245767922e-01,7.625275914018e-01,-4.761606703260e-01,-9.249334589908e-01,3.051147324910e+01,-2.254569167225e+02,3.387631500078e+01,-1.681820747556e+02,1.058254873270e-02,1.095195360326e-02,-3.634632538426e+01,-1.117786010455e-02,-2.470741010801e-02,-3.133475978345e+01
2.620000000000e+08,8.577277593437e-01,-3.951726774504e-01,-4.970411523699e-01,7.593971194637e-01,-4.778642098075e-01,-9.418351780309e-01,3.065190124724e+01,-2.240171913390e+02,3.405518483848e+01,-1.669429908467e+02,1.084553015883e-02,1.099125324508e-02,-3.622633322947e+01,-1.182763959266e-02,-2.482563925755e-02,-3.121360212561e+01
2.625000000000e+08,8.559055657458e-01,-3.969727350472e-01,-5.053110051263e-01,7.562207216811e-01,-4.795586707827e-01,-9.590887118867e-01,3.079281364978e+01,-2.225800349105e+02,3.423468849527e+01,-1.657051227945e+02,1.111283615446e-02,1.102856471583e-02,-3.610613514674e+01,-1.248826353790e-02,-2.493027255765e-02,-3.109313446327e+01
2.630000000000e+08,8.540559559455e-01,-3.987789196091e-01,-5.137375283218e-01,7.529975768076e-01,-4.812431992872e-01,-9.767049426718e-01,3.093421217525e+01,-2.211454252878e+02,3.441490836092e+01,-1.644684292651e+02,1.138451918987e-02,1.106381696721e-02,-3.598573052386e+01,-1.315950426368e-02,-2.502105698548e-02,-3.097330480464e+01
2.635000000000e+08,8.521784670422e-01,-4.005910913015e-01,-5.223242022961e-01,7.497268722299e-01,-4.829168886765e-01,-9.946950666121e-01,3.107609855138e+01,-2.197133404538e+02,3.459592805331e+01,-1.632328757553e+02,1.166063201190e-02,1.109693719918e-02,-3.586511879959e+01,-1.384114876281e-02,-2.509774682860e-02,-3.085406021684e+01
2.640000000000e+08,8.502726284678e-01,-4.024091021980e-01,-5.310745969907e-01,7.464078069856e-01,-4.845787793986e-01,-1.013070584203e+00,3.121847451524e+01,-2.182837585213e+02,3.477783187716e+01,-1.619984345842e+02,1.194122762666e-02,1.112785082141e-02,-3.574429946574e+01,-1.453299962016e-02,-2.516010100958e-02,-3.073534712354e+01
2.645000000000e+08,8.483379619117e-01,-4.042327959661e-01,-5.399923745421e-01,7.430395947937e-01,-4.862278589585e-01,-1.031843289856e+00,3.136134181320e+01,-2.168566577323e+02,3.496070429327e+01,-1.607650848424e+02,1.222635928094e-02,1.115648141406e-02,-3.562327206933e+01,-1.523487566329e-02,-2.520788029977e-02,-3.061711159858e+01
2.650000000000e+08,8.463739812476e-01,-4.060620075431e-01,-5.490812919659e-01,7.396214670851e-01,-4.878630620737e-01,-1.051025261130e+00,3.150470220106e+01,-2.154320164562e+02,3.514462940154e+01,-1.595328123019e+02,1.251608044226e-02,1.118275068805e-02,-3.550203621475e+01,-1.594661233001e-02,-2.524084444579e-02,-3.049929965530e+01
2.655000000000e+08,8.443801924649e-01,-4.078965628004e-01,-5.583452039183e-01,7.361526760204e-01,-4.894832710193e-01,-1.070628847608e+00,3.164855744392e+01,-2.140098131883e+02,3.532969044062e+01,-1.583016092866e+02,1.281044477756e-02,1.120657844464e-02,-3.538059156610e+01,-1.666806174400e-02,-2.525874923377e-02,-3.038185753085e+01
2.660000000000e+08,8.423560936029e-01,-4.097362781961e-01,-5.677880655561e-01,7.326324974814e-01,-4.910873161601e-01,-1.090666659536e+00,3.179290931663e+01,-2.125900265489e+02,3.551596930704e+01,-1.570714745069e+02,1.310950613030e-02,1.122788253452e-02,-3.525893784946e+01,-1.739909249192e-02,-2.526134351671e-02,-3.026473196523e+01
2.665000000000e+08,8.403011746903e-01,-4.115809604168e-01,-5.774139354751e-01,7.290602340233e-01,-4.926739766665e-01,-1.111151556275e+00,3.193775960342e+01,-2.111726352813e+02,3.570354609629e+01,-1.558424128605e+02,1.341331849603e-02,1.124657881634e-02,-3.513707485544e+01,-1.813958909699e-02,-2.524836623121e-02,-3.014787047405e+01
2.670000000000e+08,8.382149176885e-01,-4.134304060062e-01,-5.872269787539e-01,7.254352177760e-01,-4.942419814091e-01,-1.132096634685e+00,3.208311009829e+01,-2.097576182509e+02,3.589249866799e+01,-1.546144352017e+02,1.372193599634e-02,1.126258111460e-02,-3.501500244160e+01,-1.888945118675e-02,-2.521954343015e-02,-3.003122161440e+01
2.675000000000e+08,8.360967964410e-01,-4.152844009817e-01,-5.972314700852e-01,7.217568132823e-01,-4.957900100282e-01,-1.153515217495e+00,3.222896260481e+01,-2.083449544438e+02,3.608290223737e+01,-1.533875580818e+02,1.403541285099e-02,1.127580117719e-02,-3.489272053514e+01,-1.964859235452e-02,-2.517458535802e-02,-2.991473524274e+01
2.680000000000e+08,8.339462766269e-01,-4.171427204388e-01,-6.074317970171e-01,7.180244202608e-01,-4.973166941707e-01,-1.175420841764e+00,3.237531893638e+01,-2.069346229649e+02,3.627482899452e+01,-1.521618034632e+02,1.435380334828e-02,1.128614863229e-02,-3.477022913557e+01,-2.041693871633e-02,-2.511318359604e-02,-2.979836276396e+01
2.685000000000e+08,8.317628157221e-01,-4.190051281410e-01,-6.178324632901e-01,7.142374762850e-01,-4.988206188878e-01,-1.197827247506e+00,3.252218091619e+01,-2.055266030377e+02,3.646834775312e+01,-1.509371984111e+02,1.467716181352e-02,1.129353094494e-02,-3.464752831749e+01,-2.119442716750e-02,-2.503500830363e-02,-2.968205737039e+01
2.690000000000e+08,8.295458629655e-01,-4.208713760978e-01,-6.284380922880e-01,7.103954593649e-01,-5.003003241872e-01,-1.220748366558e+00,3.266955037734e+01,-2.041208740017e+02,3.666352362962e+01,-1.497137747634e+02,1.500554257540e-02,1.129785337310e-02,-3.452461823347e+01,-2.198100334502e-02,-2.493970558303e-02,-2.956577426981e+01
2.695000000000e+08,8.272948593336e-01,-4.227412041279e-01,-6.392534305930e-01,7.064978904260e-01,-5.017543067294e-01,-1.244198311770e+00,3.281742916275e+01,-2.027174153123e+02,3.686041775382e+01,-1.484915687848e+02,1.533899993037e-02,1.129901892334e-02,-3.440149911709e+01,-2.277661930417e-02,-2.482689499303e-02,-2.944947090110e+01
2.700000000000e+08,8.250092375214e-01,-4.246143394088e-01,-6.502833516644e-01,7.025443356726e-01,-5.031810216614e-01,-1.268191366597e+00,3.296581912542e+01,-2.013162065384e+02,3.705908701155e+01,-1.472706208047e+02,1.567758810473e-02,1.129692830623e-02,-3.427817128593e+01,-2.358123091985e-02,-2.469616723743e-02,-2.933310713663e+01
2.705000000000e+08,8.226884219327e-01,-4.264904960110e-01,-6.615328596307e-01,6.985344088307e-01,-5.045788845771e-01,-1.292741975155e+00,3.311472212850e+01,-1.999172273620e+02,3.725958381977e+01,-1.460509748448e+02,1.602136121446e-02,1.129147989135e-02,-3.415463514483e+01,-2.439479502550e-02,-2.454708205287e-02,-2.921664547000e+01
2.710000000000e+08,8.203318286788e-01,-4.283693744191e-01,-6.730070932009e-01,6.944677732618e-01,-5.059462735941e-01,-1.317864732815e+00,3.326414004503e+01,-1.985204575766e+02,3.746195593417e+01,-1.448326782368e+02,1.637037322257e-02,1.128256966214e-02,-3.403089118913e+01,-2.521726630397e-02,-2.437916631990e-02,-2.910005118825e+01
2.715000000000e+08,8.179388655866e-01,-4.302506610356e-01,-6.847113297132e-01,6.903441439415e-01,-5.072815315385e-01,-1.343574377410e+00,3.341407475845e+01,-1.971258770859e+02,3.766624628913e+01,-1.436157812348e+02,1.672467789396e-02,1.127009117043e-02,-3.390694000810e+01,-2.604859394729e-02,-2.419191242001e-02,-2.898329252742e+01
2.720000000000e+08,8.155089322171e-01,-4.321340276710e-01,-6.966509893062e-01,6.861632892977e-01,-5.085829682247e-01,-1.369885781095e+00,3.356452816239e+01,-1.957334659027e+02,3.787249286981e+01,-1.424003366242e+02,1.708432874762e-02,1.125393549094e-02,-3.378278228845e+01,-2.688871810364e-02,-2.398477685994e-02,-2.886634081055e+01
2.725000000000e+08,8.130414198951e-01,-4.340191310174e-01,-7.088316392277e-01,6.819250329034e-01,-5.098488628212e-01,-1.396813942939e+00,3.371550216069e+01,-1.943432041476e+02,3.808072861556e+01,-1.411863993291e+02,1.744937900603e-02,1.123399117567e-02,-3.365841881789e+01,-2.773756613201e-02,-2.375717918344e-02,-2.874917056722e+01
2.730000000000e+08,8.105357117503e-01,-4.359056121052e-01,-7.212589982892e-01,6.776292550207e-01,-5.110774662893e-01,-1.424373982297e+00,3.386699866776e+01,-1.929550720477e+02,3.829098135408e+01,-1.399740260226e+02,1.781988154164e-02,1.121014420823e-02,-3.353385048898e+01,-2.859504868629e-02,-2.350850118891e-02,-2.863175963408e+01
2.735000000000e+08,8.079911827716e-01,-4.377930957449e-01,-7.339389414557e-01,6.732758939938e-01,-5.122670038861e-01,-1.452581133003e+00,3.401901960826e+01,-1.915690499359e+02,3.850327376532e+01,-1.387632747398e+02,1.819588882037e-02,1.118227795830e-02,-3.340907830289e+01,-2.946105565254e-02,-2.323808646983e-02,-2.851408923571e+01
2.740000000000e+08,8.054071998740e-01,-4.396811899508e-01,-7.468775045978e-01,6.688649474870e-01,-5.134156777168e-01,-1.481450738448e+00,3.417156691751e+01,-1.901851182487e+02,3.871762337386e+01,-1.375542044983e+02,1.857745284189e-02,1.115027313627e-02,-3.328410337342e+01,-3.033545196428e-02,-2.294524029289e-02,-2.839614404543e+01
2.745000000000e+08,8.027831219811e-01,-4.415694853483e-01,-7.600808893870e-01,6.643964735697e-01,-5.145216693289e-01,-1.510998247568e+00,3.432464254127e+01,-1.888032575263e+02,3.893404256871e+01,-1.363468749251e+02,1.896462507657e-02,1.111400774799e-02,-3.315892693115e+01,-3.121807332202e-02,-2.262922982711e-02,-2.827791222592e+01
2.750000000000e+08,8.001183001219e-01,-4.434575545633e-01,-7.735554683633e-01,6.598705916456e-01,-5.155831423336e-01,-1.541239211793e+00,3.447824843612e+01,-1.874234484103e+02,3.915253864900e+01,-1.351413458956e+02,1.935745639898e-02,1.107335705005e-02,-3.303355032762e+01,-3.210872184446e-02,-2.228928473503e-02,-2.815938544956e+01
2.755000000000e+08,7.974120775448e-01,-4.453449515950e-01,-7.873077901574e-01,6.552874832290e-01,-5.165982450457e-01,-1.572189282983e+00,3.463238656921e+01,-1.860456716435e+02,3.937311389414e+01,-1.339376771823e+02,1.975599701782e-02,1.102819350531e-02,-3.290797503973e+01,-3.300716167972e-02,-2.192459813492e-02,-2.804055889860e+01
2.760000000000e+08,7.946637898485e-01,-4.472312111699e-01,-8.013445848945e-01,6.506473925675e-01,-5.175651131297e-01,-1.603864212392e+00,3.478705891851e+01,-1.846699080678e+02,3.959576565677e+01,-1.327359281183e+02,2.016029640199e-02,1.097838673915e-02,-3.278220267428e+01,-3.391311460576e-02,-2.153432794110e-02,-2.792143124566e+01
2.765000000000e+08,7.918727651322e-01,-4.491158480779e-01,-8.156727697684e-01,6.459506271162e-01,-5.184818722418e-01,-1.636279850669e+00,3.494226747286e+01,-1.832961386239e+02,3.982048647699e+01,-1.315361572736e+02,2.057040320279e-02,1.092380349631e-02,-3.265623497258e+01,-3.482625564997e-02,-2.111759858678e-02,-2.780200461492e+01
2.770000000000e+08,7.890383241649e-01,-4.509983564905e-01,-8.302994548048e-01,6.411975578644e-01,-5.193466406582e-01,-1.669452148936e+00,3.509801423200e+01,-1.819243443498e+02,4.004726421606e+01,-1.303384221488e+02,2.098636517201e-02,1.086430759858e-02,-3.253007381525e+01,-3.574620875807e-02,-2.067350313194e-02,-2.768228452477e+01
2.775000000000e+08,7.861597805761e-01,-4.528782092604e-01,-8.452319488106e-01,6.363886195203e-01,-5.201575318785e-01,-1.703397160957e+00,3.525430120664e+01,-1.805545063797e+02,4.027608220787e+01,-1.291427788838e+02,2.140822907572e-02,1.079975990341e-02,-3.240372122718e+01,-3.667254254335e-02,-2.020110575614e-02,-2.756227981284e+01
2.780000000000e+08,7.832364410689e-01,-4.547548572021e-01,-8.604777655228e-01,6.315243105572e-01,-5.209126571959e-01,-1.738131046404e+00,3.541113041861e+01,-1.791866059430e+02,4.050691942645e+01,-1.279492819848e+02,2.183604060366e-02,1.073001826366e-02,-3.227717938262e+01,-3.760476614668e-02,-1.969944463403e-02,-2.744200254436e+01
2.785000000000e+08,7.802676056566e-01,-4.566277283546e-01,-8.760446299568e-01,6.266051931278e-01,-5.216101282251e-01,-1.773670075242e+00,3.556850390081e+01,-1.778206243630e+02,4.073975066780e+01,-1.267579840690e+02,2.226984427395e-02,1.065493748864e-02,-3.215045061042e+01,-3.854232523844e-02,-1.916753518876e-02,-2.732146790502e+01
2.790000000000e+08,7.772525679245e-01,-4.584962272248e-01,-8.919404849682e-01,6.216318928517e-01,-5.222480593788e-01,-1.810030633241e+00,3.572642369731e+01,-1.764565430562e+02,4.097454674418e+01,-1.255689356275e+02,2.270968333305e-02,1.057436930652e-02,-3.202353739939e+01,-3.948459819273e-02,-1.860437371624e-02,-2.720069407975e+01
2.795000000000e+08,7.741906153182e-01,-4.603597340119e-01,-9.081734980329e-01,6.166050984834e-01,-5.228245702861e-01,-1.847229228612e+00,3.588489186357e+01,-1.750943435308e+02,4.121127468938e+01,-1.243821848076e+02,2.315559965064e-02,1.048816232843e-02,-3.189644240394e+01,-4.043089246421e-02,-1.800894137081e-02,-2.707970211857e+01
2.800000000000e+08,7.710810294606e-01,-4.622176038137e-01,-9.247520682448e-01,6.115255614676e-01,-5.233377881450e-01,-1.885282499779e+00,3.604391046626e+01,-1.737340073859e+02,4.144989797304e+01,-1.231977772131e+02,2.360763360937e-02,1.039616201439e-02,-3.176916844973e+01,-4.138044119701e-02,-1.738020850049e-02,-2.695851579118e+01
2.805000000000e+08,7.679230864977e-01,-4.640691658136e-01,-9.416848335568e-01,6.063940953893e-01,-5.237858500032e-01,-1.924207224281e+00,3.620348158358e+01,-1.723755163106e+02,4.169037672260e+01,-1.220157557246e+02,2.406582398922e-02,1.029821064125e-02,-3.164171853958e+01,-4.233240009485e-02,-1.671713931783e-02,-2.683716143174e+01
2.810000000000e+08,7.647160574769e-01,-4.659137224496e-01,-9.589806782511e-01,6.012115753265e-01,-5.241669049606e-01,-1.964020328794e+00,3.636360730512e+01,-1.710188520823e+02,4.193266795125e+01,-1.208361603380e+02,2.453020784619e-02,1.019414727294e-02,-3.151409585952e+01,-4.328584458011e-02,-1.601869688988e-02,-2.671566777539e+01
2.815000000000e+08,7.614592087578e-01,-4.677505485640e-01,-9.766487406689e-01,5.959789371157e-01,-5.244791162901e-01,-2.004738900286e+00,3.652428973216e+01,-1.696639965667e+02,4.217672579037e+01,-1.196590280217e+02,2.500082038527e-02,1.008380773320e-02,-3.138630378503e+01,-4.423976726880e-02,-1.528384842892e-02,-2.659406578810e+01
2.820000000000e+08,7.581518024587e-01,-4.695788905364e-01,-9.946984211845e-01,5.906971765355e-01,-5.247206634706e-01,-2.046380198273e+00,3.668553097742e+01,-1.683109317157e+02,4.242250172503e+01,-1.184843925930e+02,2.547769482735e-02,9.967024581089e-03,-3.125834588744e+01,-4.519307578710e-02,-1.451157086331e-02,-2.647238849138e+01
2.825000000000e+08,7.547930969392e-01,-4.713979653970e-01,-1.013139390464e+00,5.853673484205e-01,-5.248897441309e-01,-2.088961668188e+00,3.684733316558e+01,-1.669596395672e+02,4.266994483127e+01,-1.173122846110e+02,2.596086226994e-02,9.843627089544e-03,-3.113022594045e+01,-4.614459095370e-02,-1.370085666580e-02,-2.635067078347e+01
2.830000000000e+08,7.513823473231e-01,-4.732069599245e-01,-1.031981597974e+00,5.799905657125e-01,-5.249845759002e-01,-2.132500955825e+00,3.700969843292e+01,-1.656101022436e+02,4.291900201380e+01,-1.161427312890e+02,2.645035154147e-02,9.713441227287e-03,-3.100194792697e+01,-4.709304535042e-02,-1.285071991481e-02,-2.622894925837e+01
2.835000000000e+08,7.479188060610e-01,-4.750050297255e-01,-1.051235280802e+00,5.745679984587e-01,-5.250033981647e-01,-2.177015922875e+00,3.717262892765e+01,-1.642623019512e+02,4.316961824300e+01,-1.149757564219e+02,2.694618904884e-02,9.576289644347e-03,-3.087351604597e+01,-4.803708230234e-02,-1.196020256235e-02,-2.610726202433e+01
2.840000000000e+08,7.444017235368e-01,-4.767912982987e-01,-1.070910972751e+00,5.691008727661e-01,-5.249444737288e-01,-2.222524663508e+00,3.733612680993e+01,-1.629162209788e+02,4.342173679013e+01,-1.138113803315e+02,2.744839861827e-02,9.431991661566e-03,-3.074493471966e+01,-4.897525528629e-02,-1.102838088061e-02,-2.598564852290e+01
2.845000000000e+08,7.408303487196e-01,-4.785648560824e-01,-1.091019513747e+00,5.635904697210e-01,-5.248060903804e-01,-2.269045522002e+00,3.750019425197e+01,-1.615718416971e+02,4.367529945969e+01,-1.126496198266e+02,2.795700132890e-02,9.280363264428e-03,-3.061620860075e+01,-4.990602778504e-02,-1.005437205765e-02,-2.586414935001e+01
2.850000000000e+08,7.372039298628e-01,-4.803247594887e-01,-1.111572059561e+00,5.580381242827e-01,-5.245865623621e-01,-2.316597111396e+00,3.766483343800e+01,-1.602291465574e+02,4.393024681802e+01,-1.114904881787e+02,2.847201533922e-02,9.121217101555e-03,-3.048734257995e+01,-5.082777360209e-02,-9.037340911227e-03,-2.574280608022e+01
2.855000000000e+08,7.335217152540e-01,-4.820700299219e-01,-1.132580091857e+00,5.524452241599e-01,-5.242842317485e-01,-2.365198333143e+00,3.783004656450e+01,-1.588881180909e+02,4.418651841733e+01,-1.103339951111e+02,2.899345570590e-02,8.954362488285e-03,-3.035834179365e+01,-5.173877765011e-02,-7.976506688652e-03,-2.562166109503e+01
2.860000000000e+08,7.297829540162e-01,-4.837996527861e-01,-1.154055428578e+00,5.468132086785e-01,-5.238974697326e-01,-2.414868397749e+00,3.799583584016e+01,-1.575487389076e+02,4.444405301442e+01,-1.091801468027e+02,2.952133419494e-02,8.779605415719e-03,-3.022921163176e+01,-5.263723722341e-02,-6.871149919321e-03,-2.550075741638e+01
2.865000000000e+08,7.259868969656e-01,-4.855125764790e-01,-1.176010234675e+00,5.411435676488e-01,-5.234246778238e-01,-2.465626846374e+00,3.816220348604e+01,-1.562109916955e+02,4.470278878332e+01,-1.080289459035e+02,3.005565908484e-02,8.596748565680e-03,-3.009995774579e+01,-5.352126376289e-02,-5.720619285746e-03,-2.538013854612e+01
2.870000000000e+08,7.221327975250e-01,-4.872077113775e-01,-1.198457033208e+00,5.354378402407e-01,-5.228642889613e-01,-2.517493573368e+00,3.832915173562e+01,-1.548748592195e+02,4.496266352141e+01,-1.068803915621e+02,3.059643496166e-02,8.405591332023e-03,-2.997058605706e+01,-5.438888511906e-02,-4.524338478123e-03,-2.525984831211e+01
2.875000000000e+08,7.182199126992e-01,-4.888839288130e-01,-1.221408716810e+00,5.296976138729e-01,-5.222147685470e-01,-2.570488849730e+00,3.849668283480e+01,-1.535403243204e+02,4.522361484833e+01,-1.057344794649e+02,3.114366250574e-02,8.205929848794e-03,-2.984110276512e+01,-5.523804831654e-02,-3.281812996884e-03,-2.513993072156e+01
2.880000000000e+08,7.142475041119e-01,-4.905400600398e-01,-1.244878559547e+00,5.239245231240e-01,-5.214746154036e-01,-2.624633347460e+00,3.866479904221e+01,-1.522073699143e+02,4.548558039746e+01,-1.045912018848e+02,3.169733826980e-02,7.997557025711e-03,-2.971151435642e+01,-5.606662282070e-02,-1.992636867313e-03,-2.502042982216e+01
2.885000000000e+08,7.102148391096e-01,-4.921748951989e-01,-1.268880229167e+00,5.181202486725e-01,-5.206423626619e-01,-2.679948164782e+00,3.883350262898e+01,-1.508759789916e+02,4.574849799935e+01,-1.034505477401e+02,3.225745444845e-02,7.780262591518e-03,-2.958182761304e+01,-5.687240430472e-02,-6.564992300340e-04,-2.490138957133e+01
2.890000000000e+08,7.061211919323e-01,-4.937871822776e-01,-1.293427799778e+00,5.122865162694e-01,-5.197165785848e-01,-2.736454852218e+00,3.900279587910e+01,-1.495461346156e+02,4.601230585700e+01,-1.023125026611e+02,3.282399863866e-02,7.553833145738e-03,-2.945204962171e+01,-5.765311891250e-02,7.268092287808e-04,-2.478285371383e+01
2.895000000000e+08,7.019658449573e-01,-4.953756260687e-01,-1.318535764942e+00,5.064250957509e-01,-5.186958673338e-01,-2.794175439489e+00,3.917268108937e+01,-1.482178199225e+02,4.627694271269e+01,-1.011770490653e+02,3.339695359125e-02,7.318052219421e-03,-2.932218778298e+01,-5.840642801053e-02,2.157390043545e-03,-2.466486566799e+01
2.900000000000e+08,6.977480900161e-01,-4.969388871309e-01,-1.344219051219e+00,5.005378000948e-01,-5.175788696848e-01,-2.853132463222e+00,3.934316056944e+01,-1.468910181196e+02,4.654234800612e+01,-1.000441662396e+02,3.397629695314e-02,7.072700345472e-03,-2.919224982056e+01,-5.912993341900e-02,3.635230967411e-03,-2.454746842058e+01
2.905000000000e+08,6.934672297887e-01,-4.984755807532e-01,-1.370493032174e+00,4.946264845235e-01,-5.163642637012e-01,-2.913348995435e+00,3.951423664207e+01,-1.455657124851e+02,4.680846202381e+01,-9.891383042864e+01,3.456200100027e-02,6.817555139197e-03,-2.906224379083e+01,-5.982118311004e-02,5.160200237608e-03,-2.443070443036e+01
2.910000000000e+08,6.891225792788e-01,-4.999842759269e-01,-1.397373542853e+00,4.886930456586e-01,-5.150507653715e-01,-2.974848672785e+00,3.968591164297e+01,-1.442418863667e+02,4.707522603970e+01,-9.778601492866e+01,3.515403236102e-02,6.552391389717e-03,-2.893217809254e+01,-6.047767735827e-02,6.732041142412e-03,-2.431461554017e+01
2.915000000000e+08,6.847134673711e-01,-5.014634943268e-01,-1.424876894760e+00,4.827394207282e-01,-5.136371292189e-01,-3.037655726555e+00,3.985818792115e+01,-1.429195231813e+02,4.734258244679e+01,-9.666069018659e+01,3.575235173013e-02,6.276981162922e-03,-2.880206147670e+01,-6.109687532649e-02,8.350366923302e-03,-2.419924289756e+01
2.920000000000e+08,6.802392384755e-01,-5.029117093075e-01,-1.453019891343e+00,4.767675868289e-01,-5.121221488920e-01,-3.101795013356e+00,4.003106783882e+01,-1.415986064135e+02,4.761047488006e+01,-9.553782390311e+01,3.635691357292e-02,5.991093916686e-03,-2.867190305654e+01,-6.167620206690e-02,1.001465604478e-02,-2.408462688366e+01
2.925000000000e+08,6.756992542604e-01,-5.043273449162e-01,-1.481819844005e+00,4.707795602428e-01,-5.105046577435e-01,-3.167292046525e+00,4.020455377153e+01,-1.402791196153e+02,4.787884833053e+01,-9.441738113936e+01,3.696766581993e-02,5.694496629059e-03,-2.854171231773e+01,-6.221305591571e-02,1.172424786310e-02,-2.397080705002e+01
2.930000000000e+08,6.710928954777e-01,-5.057087749274e-01,-1.511294588678e+00,4.647773958109e-01,-5.087835294067e-01,-3.234173028191e+00,4.037864810828e+01,-1.389610464049e+02,4.814764925062e+01,-9.329932442663e+01,3.758454955179e-02,5.386953940206e-03,-2.841149912868e+01,-6.270481625703e-02,1.347833872364e-02,-2.385782206325e+01
2.935000000000e+08,6.664195638831e-01,-5.070543219035e-01,-1.541462502952e+00,4.587631863606e-01,-5.069576783766e-01,-3.302464882002e+00,4.055335325162e+01,-1.376443704660e+02,4.841682565106e+01,-9.218361387831e+01,3.820749867448e-02,5.068228308863e-03,-2.828127375098e+01,-6.314885162937e-02,1.527597851534e-02,-2.374570965706e+01
2.940000000000e+08,6.616786842543e-01,-5.083622562864e-01,-1.572342523808e+00,4.527390621868e-01,-5.050260606046e-01,-3.372195286466e+00,4.072867161765e+01,-1.363290755469e+02,4.868632718923e+01,-9.107020730379e+01,3.883643958495e-02,4.738080184123e-03,-2.815104685000e+01,-6.354252814648e-02,1.711606770842e-02,-2.363450659131e+01
2.945000000000e+08,6.568697065100e-01,-5.096307955241e-01,-1.603954165953e+00,4.467071905836e-01,-5.029876741145e-01,-3.443392708912e+00,4.090460563623e+01,-1.350151454597e+02,4.895610524944e+01,-8.995906032349e+01,3.947129082726e-02,4.396268193380e-03,-2.802082950555e+01,-6.388321820184e-02,1.899735490028e-02,-2.352424861785e+01
2.950000000000e+08,6.519921079317e-01,-5.108581032390e-01,-1.636317540809e+00,4.406697754245e-01,-5.008415596477e-01,-3.516086440013e+00,4.108115775101e+01,-1.337025640797e+02,4.922611301510e+01,-8.885012648472e+01,4.011196273927e-02,4.042549347273e-03,-2.789063322272e+01,-6.416830942465e-02,2.091843489199e-02,-2.341497045257e+01
2.955000000000e+08,6.470453954921e-01,-5.120422884431e-01,-1.669453376144e+00,4.346290567855e-01,-4.985868013459e-01,-3.590306628873e+00,4.125833041953e+01,-1.323913153440e+02,4.949630553315e+01,-8.774335737783e+01,4.075835709027e-02,3.676679262509e-03,-2.776046994271e+01,-6.439521385328e-02,2.287774731588e-02,-2.330670575344e+01
2.960000000000e+08,6.420291082915e-01,-5.131814048062e-01,-1.703383036407e+00,4.285873106090e-01,-4.962225274762e-01,-3.666084318634e+00,4.143612611330e+01,-1.310813832513e+02,4.976663977100e+01,-8.663870275219e+01,4.141036670949e-02,3.298412403441e-03,-2.763035205381e+01,-6.456137729081e-02,2.487357583239e-02,-2.319948710400e+01
2.965000000000e+08,6.369428201046e-01,-5.142734499837e-01,-1.738128543769e+00,4.225468484007e-01,-4.937479112088e-01,-3.743451482561e+00,4.161454731790e+01,-1.297727518609e+02,5.003707466606e+01,-8.553611063167e+01,4.206787510614e-02,2.907502343310e-03,-2.750029240240e+01,-6.466428880564e-02,2.690404791198e-02,-2.309334600203e+01
2.970000000000e+08,6.317861420407e-01,-5.153163650112e-01,-1.773712599911e+00,4.165100169552e-01,-4.911621714503e-01,-3.822441060590e+00,4.179359653311e+01,-1.284654052917e+02,5.030757116846e+01,-8.443552742914e+01,4.273075608100e-02,2.503702046067e-03,-2.737030430400e+01,-6.470149033928e-02,2.896713521547e-02,-2.298831285289e+01
2.975000000000e+08,6.265587253169e-01,-5.163080337734e-01,-1.810158608585e+00,4.104791981032e-01,-4.884645737411e-01,-3.903086996269e+00,4.197327627294e+01,-1.271593277215e+02,5.057809227695e+01,-8.333689805971e+01,4.339887333028e-02,2.086764169680e-03,-2.724040155431e+01,-6.467058638210e-02,3.106065458340e-02,-2.288441696719e+01
2.980000000000e+08,6.212602641489e-01,-5.172462825545e-01,-1.847490698982e+00,4.044568084729e-01,-4.856544312203e-01,-3.985424274061e+00,4.215358906579e+01,-1.258545033867e+02,5.084860306836e+01,-8.224016605234e+01,4.407208004201e-02,1.656441391881e-03,-2.711059844029e+01,-6.456925367721e-02,3.318226964274e-02,-2.278168656244e+01
2.985000000000e+08,6.158904987576e-01,-5.181288796795e-01,-1.885733749936e+00,3.984452992583e-01,-4.827311056638e-01,-4.069488956928e+00,4.233453745449e+01,-1.245509165805e+02,5.111907072111e+01,-8.114527365960e+01,4.475021848572e-02,1.212486759255e-03,-2.698090975115e+01,-6.439525091169e-02,3.532949303620e-02,-2.268014876820e+01
2.990000000000e+08,6.104492184944e-01,-5.189535352536e-01,-1.924913415011e+00,3.924471559862e-01,-4.796940085988e-01,-4.155318224147e+00,4.251612399647e+01,-1.232485516532e+02,5.138946453276e+01,-8.005216196519e+01,4.543311959595e-02,7.546540606270e-04,-2.685135078937e+01,-6.414642835427e-02,3.749968927692e-02,-2.257982963458e+01
2.995000000000e+08,6.049362650847e-01,-5.197179010108e-01,-1.965056148491e+00,3.864648982720e-01,-4.765426024992e-01,-4.242950409244e+00,4.269835126378e+01,-1.219473930107e+02,5.165975593216e+01,-7.896077098915e+01,4.612060255043e-02,2.826982256293e-04,-2.672193738151e+01,-6.382073739789e-02,3.969007822833e-02,-2.248075414349e+01
3.000000000000e+08,5.993515359901e-01,-5.204195702794e-01,-2.006189232330e+00,3.805010795577e-01,-4.732764020627e-01,-4.332425037970e+00,4.288122184323e+01,-1.206474251140e+02,5.192991848648e+01,-7.787103979033e+01,4.681247434366e-02,-2.036242506151e-04,-2.659268588906e+01,-6.341623996569e-02,4.189773920641e-02,-2.238294622253e+01
3.005000000000e+08,5.936949878881e-01,-5.210560780758e-01,-2.048340804101e+00,3.745582868201e-01,-4.698949755727e-01,-4.423782866168e+00,4.306473833648e+01,-1.193486324786e+02,5.219992790330e+01,-7.678290656613e+01,4.750852935700e-02,-7.045548558313e-04,-2.646361321900e+01,-6.293111773903e-02,4.411961569836e-02,-2.228642876111e+01
3.010000000000e+08,5.879666402693e-01,-5.216249013367e-01,-2.091539885981e+00,3.686391402414e-01,-4.663979463455e-01,-4.517065917405e+00,4.324890336014e+01,-1.180509996734e+02,5.246976202824e+01,-7.569630874926e+01,4.820854892617e-02,-1.220332581091e-03,-2.633473683429e+01,-6.236368116637e-02,4.635252068952e-02,-2.219122362852e+01
3.015000000000e+08,5.821665791496e-01,-5.221234593004e-01,-2.135816414834e+00,3.627462928313e-01,-4.627849942623e-01,-4.612317520179e+00,4.343371954587e+01,-1.167545113201e+02,5.273940083842e+01,-7.461118310127e+01,4.891230090742e-02,-1.751193412654e-03,-2.620607476407e+01,-6.171237821241e-02,4.859314258677e-02,-2.209735169372e+01
3.020000000000e+08,5.762949608959e-01,-5.225491140486e-01,-2.181201273431e+00,3.568824299914e-01,-4.590558573865e-01,-4.709582344484e+00,4.361918954054e+01,-1.154591520927e+02,5.300882643195e+01,-7.352746580298e+01,4.961953924361e-02,-2.297369794378e-03,-2.607764561367e+01,-6.097580280733e-02,5.083805172472e-02,-2.200483284657e+01
3.025000000000e+08,5.703520161609e-01,-5.228991712217e-01,-2.227726322875e+00,3.510502690109e-01,-4.552103336632e-01,-4.808906437492e+00,4.380531600620e+01,-1.141649067163e+02,5.327802301391e+01,-7.244509254142e+01,5.033000353163e-02,-2.859090059974e-03,-2.594946857425e+01,-6.015270295728e-02,5.308370743761e-02,-2.191368602022e+01
3.030000000000e+08,5.643380539255e-01,-5.231708809171e-01,-2.275424436287e+00,3.452525584851e-01,-4.512482826991e-01,-4.910337258029e+00,4.399210162033e+01,-1.128717599667e+02,5.354697687904e+01,-7.136399859347e+01,5.104341859273e-02,-3.436577834450e-03,-2.582156343214e+01,-5.924198847770e-02,5.532646567752e-02,-2.182392921455e+01
3.035000000000e+08,5.582534656421e-01,-5.233614387859e-01,-2.324329533804e+00,3.394920776448e-01,-4.471696276199e-01,-5.013923709493e+00,4.417954907586e+01,-1.115796966697e+02,5.381567639151e+01,-7.028411890589e+01,5.175949404739e-02,-4.030051404163e-03,-2.569395057782e+01,-5.824273831284e-02,5.756258715697e-02,-2.173557952035e+01
3.040000000000e+08,5.520987294744e-01,-5.234679873390e-01,-2.374476618988e+00,3.337716355887e-01,-4.429743569997e-01,-5.119716170779e+00,4.436766108125e+01,-1.102887017001e+02,5.408411196196e+01,-6.920538817193e+01,5.247792389657e-02,-4.639723054973e-03,-2.556665101438e+01,-5.715420740592e-02,5.978824599115e-02,-2.164865314413e+01
3.045000000000e+08,5.458744146265e-01,-5.234876174760e-01,-2.425901816691e+00,3.280940704078e-01,-4.386625268579e-01,-5.227766524680e+00,4.455644036068e+01,-1.089987599811e+02,5.435227602228e+01,-6.812774090429e+01,5.319838611127e-02,-5.265798378099e-03,-2.543968636562e+01,-5.597583308599e-02,6.199953881294e-02,-2.156316543335e+01
3.050000000000e+08,5.395811857551e-01,-5.234173702504e-01,-2.478642412474e+00,3.224622481937e-01,-4.342342627178e-01,-5.338128183171e+00,4.474588965415e+01,-1.077098564839e+02,5.462016299818e+01,-6.705111150458e+01,5.392054223264e-02,-5.908475543397e-03,-2.531307888342e+01,-5.470724093944e-02,6.419249433145e-02,-2.147913090193e+01
3.055000000000e+08,5.332198074545e-01,-5.232542388851e-01,-2.532736893653e+00,3.168790619200e-01,-4.296897617192e-01,-5.450856108819e+00,4.493601171751e+01,-1.064219762264e+02,5.488776928011e+01,-6.597543432925e+01,5.464403698473e-02,-6.567944539876e-03,-2.518685145472e+01,-5.334825013580e-02,6.636308330261e-02,-2.139656325595e+01
3.060000000000e+08,5.267911488059e-01,-5.229951710507e-01,-2.588224992085e+00,3.113474301917e-01,-4.250292947785e-01,-5.566006831478e+00,4.512680932262e+01,-1.051351042730e+02,5.515509319251e+01,-6.490064375193e+01,5.536849790246e-02,-7.244386383438e-03,-2.506102760768e+01,-5.189887817963e-02,6.850722887823e-02,-2.131547541925e+01
3.065000000000e+08,5.202961879793e-01,-5.226370714206e-01,-2.645147728778e+00,3.058702958504e-01,-4.202532087863e-01,-5.683638459218e+00,4.531828525749e+01,-1.038492257336e+02,5.542213496186e+01,-6.382667422236e+01,5.609353497728e-02,-7.937972291969e-03,-2.493563151721e+01,-5.035934506247e-02,7.062081729827e-02,-2.123587955908e+01
3.070000000000e+08,5.137360168759e-01,-5.221768045176e-01,-2.703547460440e+00,3.004506244312e-01,-4.153619288344e-01,-5.803810682284e+00,4.551044232628e+01,-1.025643257631e+02,5.568889668375e+01,-6.275346032187e+01,5.681874032339e-02,-8.648862828065e-03,-2.481068800963e+01,-4.873007679112e-02,7.269970888897e-02,-2.115778711148e+01
3.075000000000e+08,5.071118457977e-01,-5.216111978630e-01,-2.763467928090e+00,2.950914024632e-01,-4.103559604623e-01,-5.926584768635e+00,4.570328334959e+01,-1.012803895606e+02,5.595538228906e+01,-6.168093681551e+01,5.754368786723e-02,-9.377207009886e-03,-2.468622256658e+01,-4.701170827094e-02,7.473974932812e-02,-2.108120880633e+01
3.080000000000e+08,5.004250081284e-01,-5.209370454442e-01,-2.824954307859e+00,2.897956356071e-01,-4.052358919108e-01,-6.052023549368e+00,4.589681116441e+01,-9.999740236867e+01,5.622159750971e+01,-6.060903870090e+01,5.826793306356e-02,-1.012314139082e-02,-2.456226132791e+01,-4.520508552531e-02,7.673678113727e-02,-2.100615469215e+01
3.085000000000e+08,4.936769650093e-01,-5.201511115119e-01,-2.888053264108e+00,2.845663466254e-01,-4.000023963745e-01,-6.180191391999e+00,4.609102862429e+01,-9.871534947282e+01,5.648754984399e+01,-5.953770125396e+01,5.899101264114e-02,-1.088678910886e-02,-2.443883109360e+01,-4.331126723534e-02,7.868665535915e-02,-2.093263416037e+01
3.090000000000e+08,4.868693099931e-01,-5.192501347192e-01,-2.952813005043e+00,2.794065731804e-01,-3.946562342378e-01,-6.311154159228e+00,4.628593859950e+01,-9.743421620071e+01,5.675324852186e+01,-5.846686007147e+01,5.971244438141e-02,-1.166825890686e-02,-2.431595932468e+01,-4.133152558614e-02,8.058524337797e-02,-2.086065596915e+01
3.095000000000e+08,4.800037736538e-01,-5.182308326159e-01,-3.019283340959e+00,2.743193654555e-01,-3.891982552851e-01,-6.444979150373e+00,4.648154397705e+01,-9.615398792146e+01,5.701870447026e+01,-5.739645111081e+01,6.043172693381e-02,-1.246764412498e-02,-2.419367414287e+01,-3.926734640924e-02,8.242844883886e-02,-2.079022826668e+01
3.100000000000e+08,4.730822281339e-01,-5.170899065073e-01,-3.087515745323e+00,2.693077835978e-01,-3.836294008709e-01,-6.581735022156e+00,4.667784766091e+01,-9.487465004504e+01,5.728393027872e+01,-5.632641072674e+01,6.114833967124e-02,-1.328502166718e-02,-2.407200432912e+01,-3.712042861328e-02,8.421221962222e-02,-2.072135861382e+01
3.105000000000e+08,4.661066916038e-01,-5.158240466886e-01,-3.157563418869e+00,2.643748949806e-01,-3.779507060358e-01,-6.721491684915e+00,4.687485257208e+01,-9.359618802154e+01,5.754894016539e+01,-5.525667570554e+01,6.186174258949e-02,-1.412045094343e-02,-2.395097932076e+01,-3.489268289813e-02,8.593255982831e-02,-2.065405400619e+01
3.110000000000e+08,4.590793326110e-01,-5.144299380647e-01,-3.229481356917e+00,2.595237712825e-01,-3.721633015574e-01,-6.864320169639e+00,4.707256164865e+01,-9.231858734062e+01,5.781374994373e+01,-5.418718329667e+01,6.257137625458e-02,-1.497397279025e-02,-2.383062920731e+01,-3.258622975051e-02,8.758554172679e-02,-2.058832089555e+01
3.115000000000e+08,4.520024742904e-01,-5.129042661610e-01,-3.303326420185e+00,2.547574853865e-01,-3.662684159194e-01,-7.010292460346e+00,4.727097784604e+01,-9.104183353070e+01,5.807837698982e+01,-5.311787124186e+01,6.327666180193e-02,-1.584560837186e-02,-2.371098472484e+01,-3.020339672204e-02,8.916731762613e-02,-2.052416521054e+01
3.120000000000e+08,4.448785984104e-01,-5.112437235348e-01,-3.379157409283e+00,2.500791080966e-01,-3.602673771873e-01,-7.159481285414e+00,4.747010413704e+01,-8.976591215841e+01,5.834284021072e+01,-5.204867780209e+01,6.397700099141e-02,-1.673535806506e-02,-2.359207724870e+01,-2.774671499382e-02,9.067413161755e-02,-2.046159237666e+01
3.125000000000e+08,4.377103492238e-01,-5.094450165895e-01,-3.457035143218e+00,2.454917046769e-01,-3.541616147754e-01,-7.311959860255e+00,4.766994351194e+01,-8.849080882789e+01,5.860716001371e+01,-5.097954178244e+01,6.467177632253e-02,-1.764320033104e-02,-2.347393878471e+01,-2.521891523433e-02,9.210233114856e-02,-2.040060733558e+01
3.130000000000e+08,4.305005370933e-01,-5.075048727967e-01,-3.537022542175e+00,2.409983312151e-01,-3.479526610908e-01,-7.467801572441e+00,4.787049897864e+01,-8.721650918017e+01,5.887135827670e+01,-4.991040255497e+01,6.536035121376e-02,-1.856909057778e-02,-2.335660195861e+01,-2.262292276057e-02,9.344837838177e-02,-2.034121456374e+01
3.135000000000e+08,4.232521418584e-01,-5.054200483256e-01,-3.619184714917e+00,2.366020308139e-01,-3.416421530417e-01,-7.627079598749e+00,4.807177356284e+01,-8.594299889248e+01,5.913545831985e+01,-4.884120007987e+01,6.604207025033e-02,-1.951296001707e-02,-2.324010000369e+01,-1.996185201519e-02,9.470886129486e-02,-2.028341809012e+01
3.140000000000e+08,4.159683159112e-01,-5.031873360807e-01,-3.703589051136e+00,2.323058296167e-01,-3.352318333945e-01,-7.789866441775e+00,4.827377030806e+01,-8.467026367769e+01,5.939948487853e+01,-4.777187492505e+01,6.671625950453e-02,-2.047471452053e-02,-2.312446674659e+01,-1.723900037507e-02,9.588050447909e-02,-2.022722151332e+01
3.145000000000e+08,4.086523869443e-01,-5.008035741421e-01,-3.790305319161e+00,2.281127326741e-01,-3.287235519673e-01,-7.956233371575e+00,4.847649227592e+01,-8.339828928355e+01,5.966346407754e+01,-4.670236828428e+01,6.738222693273e-02,-2.145423347939e-02,-2.300973659111e+01,-1.445784130997e-02,9.696017959396e-02,-2.017262801795e+01
3.150000000000e+08,4.013078603360e-01,-4.982656546047e-01,-3.879405769411e+00,2.240257196569e-01,-3.221192666454e-01,-8.126249755236e+00,4.867994254608e+01,-8.212706149219e+01,5.992742340691e+01,-4.563262199411e+01,6.803926285314e-02,-2.245136867338e-02,-2.289594450004e+01,-1.162201691208e-02,9.794491543773e-02,-2.011964039016e+01
3.155000000000e+08,3.939384211343e-01,-4.955705328056e-01,-3.970965244063e+00,2.200477404258e-01,-3.154210442066e-01,-8.299982254342e+00,4.888412421647e+01,-8.085656611938e+01,6.019139169906e+01,-4.456257854971e+01,6.868664050809e-02,-2.346594315398e-02,-2.278312597484e+01,-8.735329820408e-03,9.883190759411e-02,-2.006826103249e+01
3.160000000000e+08,3.865479356026e-01,-4.927152369280e-01,-4.065061293422e+00,2.161817104660e-01,-3.086310609430e-01,-8.477493866843e+00,4.908904040346e+01,-7.958678901394e+01,6.045539910753e+01,-4.349218111983e+01,6.932361671482e-02,-2.449775014839e-02,-2.267131703323e+01,-5.801734566077e-03,9.961852761762e-02,-2.001849197799e+01
3.165000000000e+08,3.791404522879e-01,-4.896968779683e-01,-4.161774299493e+00,2.124305061982e-01,-3.017516030676e-01,-8.658842785867e+00,4.929469424188e+01,-7.831771605711e+01,6.071947708725e+01,-4.242137356110e+01,6.994943260807e-02,-2.554655199016e-02,-2.256055418446e+01,-2.825328367345e-03,1.003023317214e-01,-1.997033490359e+01
3.170000000000e+08,3.717202025724e-01,-4.865126600452e-01,-4.261187607355e+00,2.087969601758e-01,-2.947850668942e-01,-8.844081043418e+00,4.950108888524e+01,-7.704933316200e+01,6.098365837632e+01,-4.135010043173e+01,7.056331447792e-02,-2.661207908357e-02,-2.245087440239e+01,1.896585947678e-04,1.008810689334e-01,-1.992379114270e+01
3.175000000000e+08,3.642916006687e-01,-4.831598910309e-01,-4.363387664937e+00,2.052838561822e-01,-2.877339587793e-01,-9.033252901740e+00,4.970822750583e+01,-7.578162627279e+01,6.124797697934e+01,-4.027830700492e+01,7.116447470576e-02,-2.769402890848e-02,-2.234231509614e+01,3.238873387081e-03,1.013526886891e-01,-1.987886169718e+01
3.180000000000e+08,3.568592430218e-01,-4.796359934775e-01,-4.468464171837e+00,2.018939242402e-01,-2.806008948173e-01,-9.226392949150e+00,4.991611329483e+01,-7.451458136434e+01,6.151246815230e+01,-3.920593928199e+01,7.175211280116e-02,-2.879206507324e-02,-2.223491407843e+01,6.317850985910e-03,1.017153478304e-01,-1.983554724851e+01
3.185000000000e+08,3.494279070761e-01,-4.759385158087e-01,-4.576510237918e+00,1.986298355480e-01,-2.733886002775e-01,-9.423523850634e+00,5.012474946249e+01,-7.324818444137e+01,6.177716838896e+01,-3.813294400564e+01,7.232541654162e-02,-2.990581642325e-02,-2.212870953149e+01,9.422025352753e-03,1.019674169837e-01,-1.979384816832e+01
3.190000000000e+08,3.420025493729e-01,-4.720651437443e-01,-4.687622552404e+00,1.954941973561e-01,-2.660999087763e-01,-9.624653696194e+00,5.033413923822e+01,-7.198242153797e+01,6.204211540864e+01,-3.705926867321e+01,7.288356321729e-02,-3.103487621318e-02,-2.202373997044e+01,1.254674088522e-02,1.021074862913e-01,-1.975376452820e+01
3.195000000000e+08,3.345883029404e-01,-4.680137119180e-01,-4.801901564289e+00,1.924895478014e-01,-2.587377611766e-01,-9.829772882200e+00,5.054428587077e+01,-7.071727871701e+01,6.230734814551e+01,-3.598486155037e+01,7.342572098157e-02,-3.217880135086e-02,-2.192004420432e+01,1.568726420296e-02,1.021343704742e-01,-1.971529610886e+01
3.200000000000e+08,3.271904739413e-01,-4.637822156479e-01,-4.919451674903e+00,1.896183507132e-01,-2.513052042076e-01,-1.003885045289e+01,5.075519262834e+01,-6.945274206942e+01,6.257290673920e+01,-3.490967168523e+01,7.395105030851e-02,-3.333711172141e-02,-2.181766129456e+01,1.883879622674e-02,1.020471132063e-01,-1.967844240856e+01
3.205000000000e+08,3.198145375465e-01,-4.593688228135e-01,-5.040381443510e+00,1.868829904096e-01,-2.438053887995e-01,-1.025182982113e+01,5.096686279870e+01,-6.818879771365e+01,6.283883252673e+01,-3.383364892306e+01,7.445870555692e-02,-3.450928959985e-02,-2.171663051100e+01,2.199648450804e-02,1.018449907817e-01,-1.964320265097e+01
3.210000000000e+08,3.124661330046e-01,-4.547718857881e-01,-5.164803806862e+00,1.842857664992e-01,-2.362415681290e-01,-1.046862378025e+01,5.117929968939e+01,-6.692543179516e+01,6.310516803555e+01,-3.275674392187e+01,7.494783664061e-02,-3.569477916083e-02,-2.161699128544e+01,2.515543576498e-02,1.015275150629e-01,-1.960957579231e+01
3.215000000000e+08,3.051510578784e-01,-4.499899533734e-01,-5.292836313667e+00,1.818288887087e-01,-2.286170953724e-01,-1.068910871304e+01,5.139250662782e+01,-6.566263048563e+01,6.337195697790e+01,-3.167890816881e+01,7.541759080342e-02,-3.689298609400e-02,-2.151878316280e+01,2.831072858006e-02,1.010944356956e-01,-1.957756052786e+01
3.220000000000e+08,2.978752614274e-01,-4.450217826779e-01,-5.424601374917e+00,1.795144717509e-01,-2.209354211632e-01,-1.091311790144e+01,5.160648696139e+01,-6.440037998251e+01,6.363924424598e+01,-3.060009399767e+01,7.586711449684e-02,-3.810327733341e-02,-2.142204574978e+01,3.145742621424e-02,1.005457415834e-01,-1.954715529794e+01
3.225000000000e+08,2.906448371150e-01,-4.398663508771e-01,-5.560226531035e+00,1.773445302548e-01,-2.132000907548e-01,-1.114043384269e+01,5.182124405769e+01,-6.313866650842e+01,6.390707590819e+01,-2.952025460763e+01,7.629555535725e-02,-3.932498090931e-02,-2.132681866130e+01,3.459058949165e-02,9.988166161624e-02,-1.951835829312e+01
3.230000000000e+08,2.834660142247e-01,-4.345228667895e-01,-5.699844736790e+00,1.753209737741e-01,-2.054147408867e-01,-1.137077948831e+01,5.203678130461e+01,-6.187747631046e+01,6.417549920612e+01,-2.843934408320e+01,7.670206427901e-02,-4.055738593042e-02,-2.123314146460e+01,3.770528970871e-02,9.910266464920e-02,-1.949116745895e+01
3.235000000000e+08,2.763451485764e-01,-4.289907822018e-01,-5.843594664804e+00,1.734456018930e-01,-1.975830963575e-01,-1.160380834360e+01,5.225310211047e+01,-6.061679565975e+01,6.444456255222e+01,-2.735731741569e+01,7.708579757861e-02,-4.179974270428e-02,-2.114105362115e+01,4.079662152185e-02,9.820945873250e-02,-1.946558050007e+01
3.240000000000e+08,2.692887123367e-01,-4.232698028686e-01,-5.991621028443e+00,1.717200994492e-01,-1.897089663057e-01,-1.183909340441e+01,5.247020990424e+01,-5.935661085074e+01,6.471431552801e+01,-2.627413052619e+01,7.744591924426e-02,-4.305126300320e-02,-2.105059442653e+01,4.385971576762e-02,9.720298959548e-02,-1.944159488370e+01
3.245000000000e+08,2.623032829236e-01,-4.173598991164e-01,-6.144074924629e+00,1.701460318913e-01,-1.817962402038e-01,-1.207611496830e+01,5.268810813557e+01,-5.809690820066e+01,6.498480888270e+01,-2.518974029018e+01,7.778160326426e-02,-4.431112048256e-02,-2.096180294827e+01,4.688975216981e-02,9.608443839077e-02,-1.941920784257e+01
3.250000000000e+08,2.553955310145e-01,-4.112613159722e-01,-6.301114196916e+00,1.687248407896e-01,-1.738488835694e-01,-1.231424744913e+01,5.290680027507e+01,-5.683767404898e+01,6.525609453209e+01,-2.410410456390e+01,7.809203602663e-02,-4.557845125767e-02,-2.087471796189e+01,4.988197188830e-02,9.485521870762e-02,-1.939841637733e+01
3.255000000000e+08,2.485722076679e-01,-4.049745827424e-01,-6.462903818780e+00,1.674578395193e-01,-1.658709334011e-01,-1.255274545359e+01,5.312628981435e+01,-5.557889475677e+01,6.552822555751e+01,-2.301718221253e+01,7.837641878151e-02,-4.685235464472e-02,-2.078937788527e+01,5.283168986562e-02,9.351697286613e-02,-1.937921725836e+01
3.260000000000e+08,2.418401305828e-01,-3.985005219613e-01,-6.629616296539e+00,1.663462091323e-01,-1.578664933455e-01,-1.279072955506e+01,5.334658026624e+01,-5.432055670616e+01,6.580125620476e+01,-2.192893314025e+01,7.863397015673e-02,-4.813189407057e-02,-2.070582071150e+01,5.573430692753e-02,9.207156750705e-02,-1.936160702700e+01
3.265000000000e+08,2.352061695203e-01,-3.918402576320e-01,-6.801432090664e+00,1.653909944371e-01,-1.498397286061e-01,-1.302717243092e+01,5.356767516494e+01,-5.306264629975e+01,6.607524188276e+01,-2.083931832233e+01,7.886392871630e-02,-4.941609815530e-02,-2.062408394031e+01,5.858532159544e-02,9.052108849441e-02,-1.934558199637e+01
3.270000000000e+08,2.286772309248e-01,-3.849952226808e-01,-6.978540053244e+00,1.645931003032e-01,-1.417948606015e-01,-1.326088631613e+01,5.378957806615e+01,-5.180514996003e+01,6.635023916186e+01,-1.974829983915e+01,7.906555555043e-02,-5.070396197018e-02,-2.054420450853e+01,6.138034156960e-02,8.886783515110e-02,-1.933113825147e+01
3.275000000000e+08,2.222602417862e-01,-3.779671655490e-01,-7.161137878098e+00,1.639532882054e-01,-1.337361613866e-01,-1.349051306282e+01,5.401229254719e+01,-5.054805412881e+01,6.662630577141e+01,-1.865584091239e+01,7.923813688494e-02,-5.199444847300e-02,-2.046621871945e+01,6.411509484353e-02,8.711431384972e-02,-1.931827164897e+01
3.280000000000e+08,2.159621327947e-01,-3.707581558452e-01,-7.349432558338e+00,1.634721730261e-01,-1.256679478478e-01,-1.371451846214e+01,5.423582220728e+01,-4.929134526670e+01,6.690350059672e+01,-1.756190594324e+01,7.938098669716e-02,-5.328649012134e-02,-2.039016217161e+01,6.678544041146e-02,8.526323098372e-02,-1.930697781626e+01
3.285000000000e+08,2.097898208441e-01,-3.633705889878e-01,-7.543640843882e+00,1.631502201289e-01,-1.175945756863e-01,-1.393119283916e+01,5.446017066758e+01,-4.803500985243e+01,6.718188367491e+01,-1.646646055280e+01,7.949344932452e-02,-5.457899066311e-02,-2.031606968710e+01,6.938737853283e-02,8.331748534615e-02,-1.929725215020e+01
3.290000000000e+08,2.037501909523e-01,-3.558071897683e-01,-7.743989688385e+00,1.629877427187e-01,-1.095204332028e-01,-1.413866020637e+01,5.468534157139e+01,-4.677903438244e+01,6.746151618963e+01,-1.536947162462e+01,7.957490205177e-02,-5.587082710255e-02,-2.024397523967e+01,7.191706051919e-02,8.128015994530e-02,-1.928908981521e+01
3.295000000000e+08,1.978500776690e-01,-3.480710147697e-01,-7.950716671127e+00,1.629848995022e-01,-1.014499349012e-01,-1.433489835768e+01,5.491133858431e+01,-4.552340537013e+01,6.774246046435e+01,-1.427090734935e+01,7.962475766165e-02,-5.716085183826e-02,-2.017391188293e+01,7.437079801145e-02,7.915451328894e-02,-1.928248574094e+01
3.300000000000e+08,1.920962460533e-01,-3.401654535833e-01,-8.164070374045e+00,1.631416926605e-01,-9.338751492526e-02,-1.451777208110e+01,5.513816539443e+01,-4.426810934545e+01,6.802477995406e+01,-1.317073727158e+01,7.964246693401e-02,-5.844789496879e-02,-2.010591167889e+01,7.674507171707e-02,7.694397017042e-02,-1.927743461944e+01
3.305000000000e+08,1.864953723066e-01,-3.320942287688e-01,-8.384310687206e+00,1.634579661463e-01,-8.533762034756e-02,-1.468508103581e+01,5.536582571246e+01,-4.301313285430e+01,6.830853923519e+01,-1.206893233878e+01,7.962752107759e-02,-5.973076675950e-02,-2.004000562719e+01,7.903653957940e-02,7.465211199177e-02,-1.927393090184e+01
3.310000000000e+08,1.810540241541e-01,-3.238613945124e-01,-8.611709006832e+00,1.639334043156e-01,-7.730470432726e-02,-1.483462268075e+01,5.559432327189e+01,-4.175846245792e+01,6.859380399343e+01,-1.096546495229e+01,7.957945407878e-02,-6.100826026339e-02,-1.997622359522e+01,8.124204435371e-02,7.228266666083e-02,-1.927196879453e+01
3.315000000000e+08,1.757786410750e-01,-3.154713339444e-01,-8.846548277868e+00,1.645675309041e-01,-6.929321915660e-02,-1.496426893763e+01,5.582366182919e+01,-4.050408473238e+01,6.888064100930e+01,-9.860309020368e+00,7.949784495144e-02,-6.227915408660e-02,-1.991459424953e+01,8.335862056670e-02,6.983949810021e-02,-1.927154225492e+01
3.320000000000e+08,1.706755144838e-01,-3.069287550855e-01,-9.089122817186e+00,1.653597083558e-01,-6.130760921503e-02,-1.507205314302e+01,5.605384516399e+01,-3.924998626799e+01,6.916911814123e+01,-8.753440013195e+00,7.938231987211e-02,-6.354221528856e-02,-1.985514498877e+01,8.538350083905e-02,6.732659540799e-02,-1.927264498666e+01
3.325000000000e+08,1.657507679719e-01,-2.982386854019e-01,-9.339737832406e+00,1.663091375114e-01,-5.335230385128e-02,-1.515626158252e+01,5.628487707917e+01,-3.799615366877e+01,6.945930430597e+01,-7.644835019744e+00,7.923255418512e-02,-6.479620240471e-02,-1.979790187853e+01,8.731412155318e-02,6.474806171033e-02,-1.927527043450e+01
3.330000000000e+08,1.610103377211e-01,-2.894064649552e-01,-9.598708523611e+00,1.674148576624e-01,-4.543171021378e-02,-1.521552196149e+01,5.651676140114e+01,-3.674257355192e+01,6.975126945591e+01,-6.534472806442e+00,7.904827426256e-02,-6.603986857891e-02,-1.974288958827e+01,8.914812785088e-02,6.210810274782e-02,-1.927941177860e+01
3.335000000000e+08,1.564599532014e-01,-2.804377381483e-01,-9.866358618457e+00,1.686757469754e-01,-3.755020605068e-02,-1.524888008422e+01,5.674950197990e+01,-3.548923254719e+01,7.004508455340e+01,-5.422333877486e+00,7.882925920454e-02,-6.727196479101e-02,-1.969013133079e+01,9.088337794836e-02,5.941101523744e-02,-1.928506192845e+01
3.340000000000e+08,1.521051182717e-01,-2.713384440733e-01,-1.014301814280e+01,1.700905232896e-01,-2.971213250061e-02,-1.525585624340e+01,5.698310268932e+01,-3.423611729638e+01,7.034082154148e+01,-4.308400536702e+00,7.857534236610e-02,-6.849124316420e-02,-1.963964880443e+01,9.251794675902e-02,5.666117505328e-02,-1.929221351634e+01
3.345000000000e+08,1.479510927960e-01,-2.621148054836e-01,-1.042902016497e+01,1.716577452896e-01,-2.192178689593e-02,-1.523647456768e+01,5.721756742726e+01,-3.298321445284e+01,7.063855331108e+01,-3.192656950772e+00,7.828641269790e-02,-6.969646033552e-02,-1.959146213834e+01,9.405012881682e-02,5.386302526872e-02,-1.930085889040e+01
3.350000000000e+08,1.440028748922e-01,-2.527733164177e-01,-1.072469616762e+01,1.733758140548e-01,-1.418341560020e-02,-1.519126165379e+01,5.745290011576e+01,-3.173051068079e+01,7.093835366426e+01,-2.075089213682e+00,7.796241588873e-02,-7.088638087205e-02,-1.954558984108e+01,9.547844049616e-02,5.102106410377e-02,-1.931099010724e+01
3.355000000000e+08,1.402651839263e-01,-2.433207285188e-01,-1.103036959006e+01,1.752429749828e-01,-6.501206901751e-03,-1.512121465610e+01,5.768910470120e+01,-3.047799265487e+01,7.124029727339e+01,-9.556854121826e-01,7.760335529948e-02,-7.205978071447e-02,-1.950204875282e+01,9.680162152679e-02,4.813983282066e-02,-1.932259892411e+01
3.360000000000e+08,1.367424443628e-01,-2.337640360999e-01,-1.134634693893e+01,1.772573200875e-01,1.120716014704e-03,-1.502774281612e+01,5.792618515450e+01,-2.922564705959e+01,7.154445963599e+01,1.655643079402e-01,7.720929267896e-02,-7.321545062913e-02,-1.946085400142e+01,9.801863580508e-02,4.522390361091e-02,-1.933567679078e+01
3.365000000000e+08,1.334387705766e-01,-2.241104600177e-01,-1.167290567572e+01,1.794167906652e-01,8.678301996812e-03,-1.491258939477e+01,5.816414547133e+01,-2.797346058874e+01,7.185091702498e+01,1.288667675017e+00,7.678034865399e-02,-7.435219964926e-02,-1.942201896254e+01,9.912867150559e-02,4.227786751655e-02,-1.935021484091e+01
3.370000000000e+08,1.303579527278e-01,-2.143674304292e-01,-1.201027784545e+01,1.817191803262e-01,1.616757873194e-02,-1.477774258522e+01,5.840298967224e+01,-2.672141994488e+01,7.215974643420e+01,2.413630224323e+00,7.631670298730e-02,-7.546885848563e-02,-1.938555522411e+01,1.001311404998e-01,3.930632242799e-02,-1.936620388311e+01
3.375000000000e+08,1.275034437946e-01,-2.045425685108e-01,-1.235862810004e+01,1.841621383849e-01,2.358465941189e-02,-1.462534408699e+01,5.864272180287e+01,-2.546951183877e+01,7.247102551899e+01,3.540455230862e+00,7.581859459861e-02,-7.656428288699e-02,-1.935147255529e+01,1.010256770912e-01,3.631386119972e-02,-1.938363439166e+01
3.380000000000e+08,1.248783478510e-01,-1.946436672336e-01,-1.271802438207e+01,1.867431736004e-01,3.092574923412e-02,-1.445760284455e+01,5.888334593415e+01,-2.421772298885e+01,7.278483253150e+01,4.669143642400e+00,7.528632134607e-02,-7.763735693048e-02,-1.931977888008e+01,1.018121360790e-01,3.330505992483e-02,-1.940249649679e+01
3.385000000000e+08,1.224854096677e-01,-1.846786712943e-01,-1.308839906694e+01,1.894596582595e-01,3.818715171876e-02,-1.427671946556e+01,5.912486616246e+01,-2.296604012068e+01,7.310124625080e+01,5.799694013074e+00,7.472023956676e-02,-7.868699622288e-02,-1.929048025576e+01,1.024905901642e-01,3.028446640782e-02,-1.942277997476e+01
3.390000000000e+08,1.203270057074e-01,-1.746556563071e-01,-1.346949782644e+01,1.923088325919e-01,4.536527482172e-02,-1.408482456845e+01,5.936728660988e+01,-2.171444996642e+01,7.342034590734e+01,6.932102437922e+00,7.412076337701e-02,-7.971215099350e-02,-1.926358085626e+01,1.030613267155e-01,2.725658887415e-02,-1.944447423755e+01
3.395000000000e+08,1.184051365724e-01,-1.645828073722e-01,-1.386081292096e+01,1.952878095051e-01,5.245663682433e-02,-1.388393220783e+01,5.961061142428e+01,-2.046293926425e+01,7.374221110183e+01,8.066362488701e+00,7.348836373501e-02,-8.071180906080e-02,-1.923908296060e+01,1.035248439138e-01,2.422588495374e-02,-1.946756832223e+01
3.400000000000e+08,1.167214209554e-01,-1.544683971390e-01,-1.426149716463e+01,1.983935796285e-01,5.945787198099e-02,-1.367590786792e+01,5.985484477962e+01,-1.921149475788e+01,7.406692171830e+01,9.202465151393e+00,7.282356727001e-02,-8.168499865504e-02,-1.921698694635e+01,1.038818462968e-01,2.119675097393e-02,-1.949205088021e+01
3.405000000000e+08,1.152770911300e-01,-1.443207634868e-01,-1.467025466428e+01,2.016230166507e-01,6.636573590687e-02,-1.346244940305e+01,6.009999087609e+01,-1.796010319595e+01,7.439455783119e+01,1.034039876581e+01,7.212695488419e-02,-8.263079108088e-02,-1.919729128829e+01,1.041332397273e-01,1.817351159600e-02,-1.951791016609e+01
3.410000000000e+08,1.140729900078e-01,-1.341482869508e-01,-1.508520503079e+01,2.049728829370e-01,7.317711068871e-02,-1.324507871426e+01,6.034605394032e+01,-1.670875133156e+01,7.472519960650e+01,1.148014896774e+01,7.139916013495e-02,-8.354830320458e-02,-1.917999256219e+01,1.042801258096e-01,1.516040982756e-02,-1.954513402639e+01
3.415000000000e+08,1.131095697771e-01,-1.239593680196e-01,-1.550371980976e+01,2.084398354102e-01,7.988900970253e-02,-1.302514177823e+01,6.059303822558e+01,-1.545742592167e+01,7.505892719684e+01,1.262169863411e+01,7.064086740724e-02,-8.443669975192e-02,-1.916508545371e+01,1.043237957830e-01,1.216159744110e-02,-1.957370988811e+01
3.420000000000e+08,1.123868921242e-01,-1.137624044352e-01,-1.592223446995e+01,2.120204316780e-01,8.649858212314e-02,-1.280381476158e+01,6.084094801194e+01,-1.420611372661e+01,7.539582063034e+01,1.376502783161e+01,6.985280988679e-02,-8.529519540470e-02,-1.915256277236e+01,1.042657239197e-01,9.181125827336e-03,-1.960362474709e+01
3.425000000000e+08,1.119046300302e-01,-1.035657686215e-01,-1.633604788963e+01,2.157111363895e-01,9.300311711145e-02,-1.258211423871e+01,6.108978760658e+01,-1.295480150951e+01,7.573595969346e+01,1.491011376938e+01,6.903576734678e-02,-8.612305668466e-02,-1.914241547048e+01,1.041075604584e-01,6.222937309745e-03,-1.963486515633e+01
3.430000000000e+08,1.116620711198e-01,-9.337778536951e-02,-1.673913542261e+01,2.195083278019e-01,9.940004766644e-02,-1.236090988894e+01,6.133956134388e+01,-1.170347603576e+01,7.607942380772e+01,1.605693075616e+01,6.819056376181e-02,-8.691960361605e-02,-1.913463266706e+01,1.038511241063e-01,3.290856944441e-03,-1.966741721419e+01
3.435000000000e+08,1.116581225306e-01,-8.320670990176e-02,-1.712402192340e+01,2.234083045383e-01,1.056869541301e-01,-1.214093841438e+01,6.159027358570e+01,-1.045212407249e+01,7.642629190041e+01,1.720545016255e+01,6.731806476395e-02,-8.768421115917e-02,-1.912920167635e+01,1.034983941408e-01,3.885848276082e-04,-1.970126655260e+01
3.440000000000e+08,1.118913172598e-01,-7.306070643461e-02,-1.748178521551e+01,2.274072925154e-01,1.118615673349e-01,-1.192281775268e+01,6.184192872154e+01,-9.200732388060e+00,7.677664226932e+01,1.835564038893e+01,6.641917495701e-02,-8.841631040943e-02,-1.912610804103e+01,1.030515021472e-01,-2.480311069826e-03,-1.973639832528e+01
3.445000000000e+08,1.123598219326e-01,-6.294782735278e-02,-1.780228003992e+01,2.315014520223e-01,1.179217713835e-01,-1.170706094100e+01,6.209453116879e+01,-7.949287751447e+00,7.713055244173e+01,1.950746683952e+01,6.549483510575e-02,-8.911538955819e-02,-1.912533556984e+01,1.025127234268e-01,-5.312401522814e-03,-1.977279719607e+01
3.450000000000e+08,1.130614459302e-01,-5.287599310339e-02,-1.807467079674e+01,2.356868849269e-01,1.238656060546e-01,-1.149408921331e+01,6.234808537290e+01,-6.697776931781e+00,7.748809902790e+01,2.066089190336e+01,6.454601921758e-02,-8.978099461333e-02,-1.912686637936e+01,1.018844681120e-01,-8.104402113062e-03,-1.981044732736e+01
3.455000000000e+08,1.139936518036e-01,-4.285297290961e-02,-1.828831616700e+01,2.399596419898e-01,1.296912688257e-01,-1.128424408533e+01,6.260259580766e+01,-5.446186697782e+00,7.784935756905e+01,2.181587494260e+01,6.357373153465e-02,-9.041272987947e-02,-1.913068093979e+01,1.011692720243e-01,-1.085317871752e-02,-1.984933236873e+01
3.460000000000e+08,1.151535668917e-01,-3.288636639622e-02,-1.843394610186e+01,2.443157302627e-01,1.353971165091e-01,-1.107779830791e+01,6.285806697533e+01,-4.194503817213e+00,7.821440238049e+01,2.297237228887e+01,6.257900345474e-02,-9.101025819962e-02,-1.913675812448e+01,1.003697873138e-01,-1.355575241429e-02,-1.988943544586e+01
3.465000000000e+08,1.165379960580e-01,-2.298358621064e-02,-1.850493000563e+01,2.487511205485e-01,1.409816664967e-01,-1.087496565768e+01,6.311450340695e+01,-2.942715056366e+00,7.858330638995e+01,2.413033724821e+01,6.156289039926e-02,-9.157330096143e-02,-1.914507526294e+01,9.948877291698e-02,-1.620930379825e-02,-1.993073914975e+01
3.470000000000e+08,1.181434354483e-01,-1.315184171353e-02,-1.849831950915e+01,2.532617549021e-01,1.464435976108e-01,-1.067590959271e+01,6.337190966246e+01,-1.690807179509e+00,7.895614097163e+01,2.528972011526e+01,6.052646864677e-02,-9.210163787324e-02,-1.915560819703e+01,9.852908487039e-02,-1.881117670101e-02,-1.997322552635e+01
3.475000000000e+08,1.199660871739e-01,-3.398123803637e-03,-1.841534697322e+01,2.578435541471e-01,1.517817505596e-01,-1.048075083783e+01,6.363029033104e+01,-4.387669483646e-01,7.933297577655e+01,2.645046819728e+01,5.947083215027e-02,-9.259510651641e-02,-1.916833134008e+01,9.749366651857e-02,-2.135888131253e-02,-2.001687606670e+01
3.480000000000e+08,1.220018748137e-01,6.270809068832e-03,-1.826121147089e+01,2.624924253867e-01,1.569951279975e-01,-1.028957398470e+01,6.388965003120e+01,8.134188784404e-01,7.971387855947e+01,2.761252584853e+01,5.839708935587e-02,-9.305360168206e-02,-1.918321773868e+01,9.638553865347e-02,-2.385009670373e-02,-2.006167169759e+01
3.485000000000e+08,1.242464596316e-01,1.584844365580e-02,-1.804422567066e+01,2.672042694862e-01,1.620828941926e-01,-1.010243320121e+01,6.414999341114e+01,2.065763545901e+00,8.009891500329e+01,2.877583451567e+01,5.730636004028e-02,-9.347707450144e-02,-1.920023913670e+01,9.520778962266e-02,-2.628267275236e-02,-2.010759277291e+01
3.490000000000e+08,1.266952573996e-01,2.532852339806e-02,-1.777459822002e+01,2.719749885037e-01,1.670443743027e-01,-9.919357146791e+00,6.441132514886e+01,3.318280303170e+00,8.048814854130e+01,2.994033279460e+01,5.619977218347e-02,-9.386553138063e-02,-1.921936604144e+01,9.396356544330e-02,-2.865463147619e-02,-2.015461906572e+01
3.495000000000e+08,1.293434557192e-01,3.470505862136e-02,-1.746318702544e+01,2.768004930481e-01,1.718790532656e-01,-9.740353187071e+00,6.467364995250e+01,4.570982404105e+00,8.088164017822e+01,3.110595649947e+01,5.507845889250e-02,-9.421903275108e-02,-1.924056779141e+01,9.265605995778e-02,-3.096416778032e-02,-2.020272976122e+01
3.500000000000e+08,1.321860317311e-01,4.397233542798e-02,-1.712048010749e+01,2.816767095403e-01,1.765865743092e-01,-9.565410995579e+00,6.493697256044e+01,5.823883107789e+00,8.127944831070e+01,3.227263874398e+01,5.394355539116e-02,-9.453769164844e-02,-1.926381262560e+01,9.128850506679e-02,-3.320964962737e-02,-2.025190345059e+01
3.505000000000e+08,1.352177701081e-01,5.312492328004e-02,-1.675591950358e+01,2.865995873582e-01,1.811667370875e-01,-9.394505622720e+00,6.520129774169e+01,7.076995679078e+00,8.168162854818e+01,3.344031003584e+01,5.279619608936e-02,-9.482167213316e-02,-1.928906775375e+01,8.986416107408e-02,-3.538961764163e-02,-2.030211812592e+01
3.510000000000e+08,1.384332812239e-01,6.215768127979e-02,-1.637756024946e+01,2.915651058429e-01,1.856194954512e-01,-9.227600104176e+00,6.546663029598e+01,8.330333389136e+00,8.208823353502e+01,3.460889838435e+01,5.163751174504e-02,-9.507118756650e-02,-1.931629942752e+01,8.838630717651e-02,-3.750278416038e-02,-2.035335117638e+01
3.515000000000e+08,1.418270193977e-01,7.106576316126e-02,-1.599198817694e+01,2.965692811466e-01,1.899449548638e-01,-9.064647672864e+00,6.573297505414e+01,9.583909515973e+00,8.249931277497e+01,3.577832942177e+01,5.046862672996e-02,-9.528649875633e-02,-1.934547301213e+01,8.685823213168e-02,-3.954803174731e-02,-2.040557938556e+01
3.520000000000e+08,1.453933011150e-01,7.984462101607e-02,-1.560440339795e+01,3.016081729010e-01,1.941433694718e-01,-8.905593630811e+00,6.600033687819e+01,1.083773734498e+01,8.291491245880e+01,3.694852653845e+01,4.929065641005e-02,-9.546791198746e-02,-1.937655305821e+01,8.528322513418e-02,-4.152441118534e-02,-2.045877893024e+01
3.525000000000e+08,1.491263231319e-01,8.849000778374e-02,-1.521878967907e+01,3.066778906893e-01,1.982151388425e-01,-8.750376930111e+00,6.626872066172e+01,1.209183016947e+01,8.333507529650e+01,3.811941103212e+01,4.810470464906e-02,-9.561577695112e-02,-1.940950337367e+01,8.366456693001e-02,-4.343113896750e-02,-2.051292538080e+01
3.530000000000e+08,1.530201803736e-01,9.699797854420e-02,-1.483811361314e+01,3.117746003010e-01,2.021608043824e-01,-8.598931505634e+00,6.653813133003e+01,1.334620129122e+01,8.375984035490e+01,3.929090227132e+01,4.691186144366e-02,-9.573048458845e-02,-1.944428709514e+01,8.200552119743e-02,-4.526759430662e-02,-2.056799370311e+01
3.535000000000e+08,1.570688835442e-01,1.053648906564e-01,-1.446451990158e+01,3.168945297545e-01,2.059810454497e-01,-8.451187396297e+00,6.680857384045e+01,1.460086402099e+01,8.418924290219e+01,4.046291787293e+01,4.571320069638e-02,-9.581246486272e-02,-1.948086675898e+01,8.030932622059e-02,-4.703331568581e-02,-2.062395826232e+01
3.540000000000e+08,1.612663763714e-01,1.135874027929e-01,-1.409950575769e+01,3.220339750685e-01,2.096766751769e-01,-8.307071686528e+00,6.708005318257e+01,1.585583167911e+01,8.462331426031e+01,4.163537389392e+01,4.450977813174e-02,-9.586218447463e-02,-1.951920437139e+01,7.857918688086e-02,-4.872799697349e-02,-2.068079282851e+01
3.545000000000e+08,1.656065524136e-01,1.216624729245e-01,-1.374406814686e+01,3.271893057695e-01,2.132486360194e-01,-8.166509295088e+00,6.735257437845e+01,1.711111759595e+01,8.506208166676e+01,4.280818503683e+01,4.330262935969e-02,-9.588014453494e-02,-1.955926147754e+01,7.681826698886e-02,-5.035148312796e-02,-2.073847058442e+01
3.550000000000e+08,1.700832713684e-01,1.295873553147e-01,-1.339882361983e+01,3.323569701190e-01,2.166979950466e-01,-8.029423634424e+00,6.762614248295e+01,1.836673511253e+01,8.550556814684e+01,4.398126486890e+01,4.209276808920e-02,-9.586687820790e-02,-1.960099922944e+01,7.502968197837e-02,-5.190376551755e-02,-2.079696413526e+01
3.555000000000e+08,1.746903748218e-01,1.373595965851e-01,-1.306410342980e+01,3.375335000479e-01,2.200259389946e-01,-7.895737160374e+00,6.790076258392e+01,1.962269758105e+01,8.595379239788e+01,4.515452605434e+01,4.088118449377e-02,-9.582294833877e-02,-1.964437845245e+01,7.321649198134e-02,-5.338497688383e-02,-2.085624552094e+01
3.560000000000e+08,1.794217013899e-01,1.449770309171e-01,-1.274002770958e+01,3.427155157856e-01,2.232337690976e-01,-7.765371829110e+00,6.817643980249e+01,2.087901836539e+01,8.640676868665e+01,4.632788059913e+01,3.966884372944e-02,-9.574894507779e-02,-1.968935971010e+01,7.138169530149e-02,-5.479538597593e-02,-2.091628623061e+01
3.565000000000e+08,1.842711012088e-01,1.524377744569e-01,-1.242656258079e+01,3.478997301746e-01,2.263228957188e-01,-7.638249475673e+00,6.845317929335e+01,2.213571084165e+01,8.686450676131e+01,4.750124010782e+01,3.845668460498e-02,-9.564548351254e-02,-1.973590336720e+01,6.952822230149e-02,-5.613539188518e-02,-2.097705721980e+01
3.570000000000e+08,1.892324497352e-01,1.597402189925e-01,-1.212356369793e+01,3.530829526580e-01,2.292948327992e-01,-7.514292126332e+00,6.873098624494e+01,2.339278839880e+01,8.732701177910e+01,4.867451605129e+01,3.724561840284e-02,-9.551320131968e-02,-1.978396965109e+01,6.765892971728e-02,-5.740551810954e-02,-2.103852893020e+01
3.575000000000e+08,1.942996608287e-01,1.668830249695e-01,-1.183080919399e+01,3.582620929342e-01,2.321511921455e-01,-7.393422255159e+00,6.900986587983e+01,2.465026443909e+01,8.779428425120e+01,4.984762004478e+01,3.603652784863e-02,-9.535275644633e-02,-1.983351871075e+01,6.577659541045e-02,-5.860640637831e-02,-2.110067131219e+01
3.580000000000e+08,1.994666990901e-01,1.738651139176e-01,-1.154802444224e+01,3.634341642711e-01,2.348936775777e-01,-7.275562993626e+00,6.928982345487e+01,2.590815237869e+01,8.826632000579e+01,5.102046413487e+01,3.483026622606e-02,-9.516482483081e-02,-1.988451067391e+01,6.388391356796e-02,-5.973881026755e-02,-2.116345385030e+01
3.585000000000e+08,2.047275914401e-01,1.806856603532e-01,-1.127490055058e+01,3.685962864730e-01,2.375240789573e-01,-7.160638300725e+00,6.957086426158e+01,2.716646564820e+01,8.874311017062e+01,5.219296109436e+01,3.362765663360e-02,-9.495009817101e-02,-1.993690570183e+01,6.198349035601e-02,-6.080358863709e-02,-2.122684559154e+01
3.590000000000e+08,2.100764379242e-01,1.873440832273e-01,-1.101110808400e+01,3.737456884975e-01,2.400442661176e-01,-7.048573099966e+00,6.985299362630e+01,2.842521769317e+01,8.922464117603e+01,5.336502472360e+01,3.242949137834e-02,-9.470928174858e-02,-1.999066404183e+01,6.007784003318e-02,-6.180169892019e-02,-2.129081517685e+01
3.595000000000e+08,2.155074217402e-01,1.938400369844e-01,-1.075630716956e+01,3.788797107180e-01,2.424561827169e-01,-6.939293388630e+00,7.013621691058e+01,2.968442197474e+01,8.971089477954e+01,5.453657015676e+01,3.123653150213e-02,-9.444309231568e-02,-2.004574607740e+01,5.816938152549e-02,-6.273419029660e-02,-2.135533087558e+01
3.600000000000e+08,2.210148184848e-01,2.001734022945e-01,-1.051015486820e+01,3.839958068314e-01,2.447618400372e-01,-6.832726323854e+00,7.042053951139e+01,3.094409197008e+01,9.020184811278e+01,5.570751417158e+01,3.004950643444e-02,-9.415225605036e-02,-2.010211237599e+01,5.626043546423e-02,-6.360219677996e-02,-2.142036062319e+01
3.605000000000e+08,2.265930046243e-01,2.063442765228e-01,-1.027231048705e+01,3.890915454096e-01,2.469633107484e-01,-6.728800289419e+00,7.070596686139e+01,3.220424117304e+01,9.069747375159e+01,5.687777550064e+01,2.886911376607e-02,-9.383750658612e-02,-2.015972373422e+01,5.435322168532e-02,-6.440693024970e-02,-2.148587206208e+01
3.610000000000e+08,2.322364651980e-01,2.123529639928e-01,-1.004243934450e+01,3.941646110970e-01,2.490627226617e-01,-6.627444946507e+00,7.099250442929e+01,3.346488309463e+01,9.119773980984e+01,5.804727514249e+01,2.769601913751e-02,-9.349958311980e-02,-2.021854122071e+01,5.244985718708e-02,-6.514967345774e-02,-2.155183258568e+01
3.615000000000e+08,2.379398007651e-01,2.181999661022e-01,-9.820215375810e+00,3.992128054550e-01,2.510622524895e-01,-6.528591271204e+00,7.128015772009e+01,3.472603126362e+01,9.170261005759e+01,5.921593667063e+01,2.653085623539e-02,-9.313922860184e-02,-2.027852621644e+01,5.055235454099e-02,-6.583177303907e-02,-2.161820938567e+01
3.620000000000e+08,2.436977336122e-01,2.238859713424e-01,-9.605322873068e+00,4.042340474591e-01,2.529641196373e-01,-6.432171581091e+00,7.156893227532e+01,3.598769922707e+01,9.221204406370e+01,6.038368653826e+01,2.537422689044e-02,-9.275718801155e-02,-2.033964045257e+01,4.866262074878e-02,-6.645463255517e-02,-2.168496950241e+01
3.625000000000e+08,2.495051132405e-01,2.294118452723e-01,-9.397457581710e+00,4.092263736514e-01,2.547705800440e-01,-6.338119552900e+00,7.185883367346e+01,3.724990055091e+01,9.272599736317e+01,6.155045437678e+01,2.422670127005e-02,-9.235420671990e-02,-2.040184604584e+01,4.678245653673e-02,-6.701970559803e-02,-2.175207987846e+01
3.630000000000e+08,2.553569211530e-01,2.347786204939e-01,-9.196327321308e+00,4.141879379570e-01,2.564839200929e-01,-6.246370232885e+00,7.214986753010e+01,3.851264882047e+01,9.324442164912e+01,6.271617328582e+01,2.308881815869e-02,-9.193102894130e-02,-2.046510553152e+01,4.491355607680e-02,-6.752848898176e-02,-2.181950741511e+01
3.635000000000e+08,2.612482749684e-01,2.399874866715e-01,-9.001652257450e+00,4.191170111699e-01,2.581064506126e-01,-6.156860041328e+00,7.244203949831e+01,3.977595764108e+01,9.376726498906e+01,6.388078011260e+01,2.196108531924e-02,-9.148839627522e-02,-2.052938189398e+01,4.305750712230e-02,-6.798251604777e-02,-2.188721903186e+01
3.640000000000e+08,2.671744318862e-01,2.450397806351e-01,-8.813164920308e+00,4.240119801184e-01,2.596405009854e-01,-6.069526772341e+00,7.273535526895e+01,4.103984063859e+01,9.429447206515e+01,6.504421571844e+01,2.084397992845e-02,-9.102704633830e-02,-2.059463859487e+01,4.121579154437e-02,-6.838335010814e-02,-2.195518172865e+01
3.645000000000e+08,2.731307915319e-01,2.499369766043e-01,-8.630610041920e+00,4.288713465191e-01,2.610884133830e-01,-5.984309589942e+00,7.302982057095e+01,4.230431145994e+01,9.482598443765e+01,6.620642523011e+01,1.973794907974e-02,-9.054771148645e-02,-2.066083959898e+01,3.938978625399e-02,-6.873257805104e-02,-2.202336265071e+01
3.650000000000e+08,2.791128982119e-01,2.546806765659e-01,-8.453744266345e+00,4.336937255306e-01,2.624525371458e-01,-5.901149021227e+00,7.332544117160e+01,4.356938377378e+01,9.536174083066e+01,6.736735827390e+01,1.864341034684e-02,-9.005111762654e-02,-2.072794939790e+01,3.758076449296e-02,-6.903180413007e-02,-2.209172915581e+01
3.655000000000e+08,2.851164426073e-01,2.592726008337e-01,-8.282335773359e+00,4.384778440182e-01,2.637352233228e-01,-5.819986947313e+00,7.362222287688e+01,4.483507127095e+01,9.590167743915e+01,6.852696919019e+01,1.756075240176e-02,-8.953798311640e-02,-2.079593303136e+01,3.578989747591e-02,-6.928264395864e-02,-2.216024888372e+01
3.660000000000e+08,2.911372629401e-01,2.637145788180e-01,-8.116163845979e+00,4.432225385443e-01,2.649388193869e-01,-5.740766592609e+00,7.392017153180e+01,4.610138766513e+01,9.644572825579e+01,6.968521722648e+01,1.649033568087e-02,-8.900901775179e-02,-2.086475610660e+01,3.401825636434e-02,-6.948671872867e-02,-2.222888982749e+01
3.665000000000e+08,2.971713456404e-01,2.680085400276e-01,-7.955018404446e+00,4.479267530955e-01,2.660656641426e-01,-5.663432512860e+00,7.421929302064e+01,4.736834669334e+01,9.699382541620e+01,7.084206670674e+01,1.543249309309e-02,-8.846492183834e-02,-2.093438481554e+01,3.226681455254e-02,-6.964564967134e-02,-2.229762040650e+01
3.670000000000e+08,3.032148255495e-01,2.721565053236e-01,-7.798699523284e+00,4.525895365633e-01,2.671180828362e-01,-5.587930582343e+00,7.451959326736e+01,4.863596211657e+01,9.754589956064e+01,7.199748717544e+01,1.438753076441e-02,-8.790638534633e-02,-2.100478595001e+01,3.053645024450e-02,-6.976105277630e-02,-2.236640954063e+01
3.675000000000e+08,3.092639856880e-01,2.761605784435e-01,-7.647016943636e+00,4.572100399929e-01,2.680983824852e-01,-5.514207980503e+00,7.482107823587e+01,4.990424772030e+01,9.810188021043e+01,7.315145351420e+01,1.335572881327e-02,-8.733408714596e-02,-2.107592691512e+01,2.882794929983e-02,-6.983453378388e-02,-2.243522672550e+01
3.680000000000e+08,3.153152566221e-01,2.800229378089e-01,-7.499789589661e+00,4.617875136152e-01,2.690088474349e-01,-5.442213178253e+00,7.512375393034e+01,5.117321731516e+01,9.866169615673e+01,7.430394602968e+01,1.233734215155e-02,-8.674869432035e-02,-2.114777574067e+01,2.714200832626e-02,-6.986768346317e-02,-2.250404210818e+01
3.685000000000e+08,3.213652154584e-01,2.837458286284e-01,-7.356845095234e+00,4.663213036809e-01,2.698517351546e-01,-5.371895924120e+00,7.542762639557e+01,5.244288473740e+01,9.922527585951e+01,7.545495051117e+01,1.133260130620e-02,-8.615086155344e-02,-2.122030109095e+01,2.547923799563e-02,-6.986207318732e-02,-2.257282656312e+01
3.690000000000e+08,3.274105844978e-01,2.873315553062e-01,-7.218019345219e+00,4.708108491112e-01,2.706292722832e-01,-5.303207230361e+00,7.573270171728e+01,5.371326384954e+01,9.979254785399e+01,7.660445825674e+01,1.034171325698e-02,-8.554123058982e-02,-2.129347227278e+01,2.384016655979e-02,-6.981925081550e-02,-2.264155176764e+01
3.695000000000e+08,3.334482295783e-01,2.907824741620e-01,-7.083156034187e+00,4.752556779844e-01,2.713436509296e-01,-5.236099359142e+00,7.603898602247e+01,5.498436854094e+01,1.003634411623e+02,7.775246606689e+01,9.364862285798e-03,-8.492042976335e-02,-2.136725924192e+01,2.222524354263e-02,-6.974073688933e-02,-2.271019027687e+01
3.700000000000e+08,3.394751581356e-01,2.941009864674e-01,-6.952106244321e+00,4.796554038763e-01,2.719970252374e-01,-5.170525808835e+00,7.634648547980e+01,5.625621272837e+01,1.009378857070e+02,7.889897620493e+01,8.402210833759e-03,-8.428907359132e-02,-2.144163260814e+01,2.063484358415e-02,-6.962802114972e-02,-2.277871559727e+01
3.705000000000e+08,3.454885170082e-01,2.972895318030e-01,-6.824728043464e+00,4.840097220712e-01,2.725915082189e-01,-5.106441300467e+00,7.665520629977e+01,5.752881035663e+01,1.015158127244e+02,8.004399632364e+01,7.453900362084e-03,-8.364776243091e-02,-2.151656363864e+01,1.906927041245e-02,-6.948255937866e-02,-2.284710225861e+01
3.710000000000e+08,3.514855900164e-01,3.003505817339e-01,-6.700886103675e+00,4.883184056643e-01,2.731291688611e-01,-5.043801764324e+00,7.696515473534e+01,5.880217539909e+01,1.020971551739e+02,8.118753935779e+01,6.520052213451e-03,-8.299708219467e-02,-2.159202426030e+01,1.752876091962e-02,-6.930577056828e-02,-2.291532588360e+01
3.715000000000e+08,3.574637953369e-01,3.032866338077e-01,-6.580451340215e+00,4.925813015707e-01,2.736120295093e-01,-4.982564326692e+00,7.727633708193e+01,6.007632185830e+01,1.026818481410e+02,8.232962338282e+01,5.600768470614e-03,-8.233760412165e-02,-2.166798706059e+01,1.601348931756e-02,-6.909903441824e-02,-2.298336325489e+01
3.720000000000e+08,3.634206827022e-01,3.061002058681e-01,-6.463300570569e+00,4.967983264635e-01,2.740420635285e-01,-4.922687296725e+00,7.758875967811e+01,6.135126376664e+01,1.032698292304e+02,8.347027143961e+01,4.696132809385e-03,-8.166988460086e-02,-2.174442528726e+01,1.452357135021e-02,-6.886368916070e-02,-2.305119237889e+01
3.725000000000e+08,3.693539304433e-01,3.087938306843e-01,-6.349316192951e+00,5.009694626558e-01,2.744211932434e-01,-4.864130153375e+00,7.790242890572e+01,6.262701518680e+01,1.038610389472e+02,8.460951132620e+01,3.806211343373e-03,-8.099446504387e-02,-2.182131284702e+01,1.305906853879e-02,-6.860102971032e-02,-2.311879254577e+01
3.730000000000e+08,3.752613424013e-01,3.113700508899e-01,-6.238385883492e+00,5.050947539476e-01,2.747512881574e-01,-4.806853532356e+00,7.821735119030e+01,6.390359021249e+01,1.044554210614e+02,8.574737535720e+01,2.931053458114e-03,-8.031187180323e-02,-2.189862430306e+01,1.161999243765e-02,-6.831230613558e-02,-2.318614438539e+01
3.735000000000e+08,3.811408447265e-01,3.138314142255e-01,-6.130402311342e+00,5.091743014536e-01,2.750341634477e-01,-4.750819213075e+00,7.853353300148e+01,6.518100296897e+01,1.050529229552e+02,8.688390009201e+01,2.070692632488e-03,-7.962261613363e-02,-2.197633487171e+01,1.020630887824e-02,-6.799872244570e-02,-2.325322991850e+01
3.740000000000e+08,3.869904825859e-01,3.161804690795e-01,-6.025262870752e+00,5.132082594316e-01,2.752715787338e-01,-4.695990105460e+00,7.885098085332e+01,6.645926761368e+01,1.056534959479e+02,8.801912603323e+01,1.225147245551e-03,-7.892719419257e-02,-2.205442041817e+01,8.817942180152e-03,-6.766143568634e-02,-2.332003260284e+01
3.745000000000e+08,3.928084167958e-01,3.184197603187e-01,-5.922869429263e+00,5.171968311271e-01,2.754652371161e-01,-4.642330236631e+00,7.916970130468e+01,6.773839833686e+01,1.062570955976e+02,8.915309729713e+01,3.944213671382e-04,-7.822608707776e-02,-2.213285745138e+01,7.454779308472e-03,-6.730155533565e-02,-2.338653737373e+01
3.750000000000e+08,3.985929203977e-01,3.205518254013e-01,-5.823128091089e+00,5.211402646531e-01,2.756167844780e-01,-4.589804737348e+00,7.948970095959e+01,6.901840936211e+01,1.068636819755e+02,9.028586125774e+01,-4.214944691802e-04,-7.751976089808e-02,-2.221162311820e+01,6.116673957775e-03,-6.692014299120e-02,-2.345273067868e+01
3.755000000000e+08,4.043423751929e-01,3.225791907636e-01,-5.725948974787e+00,5.250388489184e-01,2.757278090462e-01,-4.538379828148e+00,7.981098646757e+01,7.029931494706e+01,1.074732199115e+02,9.141746816718e+01,-1.222622512031e-03,-7.680866687547e-02,-2.229069519686e+01,4.803450544120e-03,-6.651821233659e-02,-2.351860050581e+01
3.760000000000e+08,4.100552682504e-01,3.245043684707e-01,-5.631246004378e+00,5.288929096239e-01,2.757998412021e-01,-4.488022805132e+00,8.013356452418e+01,7.158112938397e+01,1.080856792093e+02,9.254797075423e+01,-2.008997058082e-03,-7.609324147504e-02,-2.237005208977e+01,3.514908087333e-03,-6.609672937594e-02,-2.358413640559e+01
3.765000000000e+08,4.157301884007e-01,3.263298531233e-01,-5.538936713051e+00,5.327028053392e-01,2.758343535344e-01,-4.438702025315e+00,8.045744187117e+01,7.286386700030e+01,1.087010348266e+02,9.367742380398e+01,-2.780663738663e-03,-7.537390656068e-02,-2.244967281577e+01,2.250823967098e-03,-6.565661292304e-02,-2.364932950579e+01
3.770000000000e+08,4.213658227294e-01,3.280581190092e-01,-5.448942058686e+00,5.364689236745e-01,2.758327611261e-01,-4.390386891492e+00,8.078262529703e+01,7.414754215938e+01,1.093192670221e+02,9.480588372128e+01,-3.537678827862e-03,-7.465106957385e-02,-2.252953700190e+01,1.010957537495e-03,-6.519873533098e-02,-2.371417251924e+01
3.775000000000e+08,4.269609530806e-01,3.296916174905e-01,-5.361186250411e+00,5.401916775628e-01,2.757964220633e-01,-4.343047836559e+00,8.110912163738e+01,7.543216926100e+01,1.099403614644e+02,9.593340808094e+01,-4.280108572634e-03,-7.392512373316e-02,-2.260962487460e+01,-2.049464140984e-04,-6.472392344745e-02,-2.377865974452e+01
3.780000000000e+08,4.325144525805e-01,3.312327746173e-01,-5.275596585495e+00,5.438715016626e-01,2.757266381566e-01,-4.296656307232e+00,8.143693777522e+01,7.671776274208e+01,1.105643093037e+02,9.706005516783e+01,-5.008028545331e-03,-7.319644825242e-02,-2.268991725065e+01,-1.397154376524e-03,-6.423295977977e-02,-2.384278705907e+01
3.785000000000e+08,4.380252821911e-01,3.326839889557e-01,-5.192103295907e+00,5.475088488958e-01,2.756246558635e-01,-4.251184747130e+00,8.176608064149e+01,7.800433707727e+01,1.111911072049e+02,9.818588350996e+01,-5.721523018929e-03,-7.246540857511e-02,-2.277039552757e+01,-2.565941004272e-03,-6.372658385343e-02,-2.390655190504e+01
3.790000000000e+08,4.434924873009e-01,3.340476296223e-01,-5.110639403899e+00,5.511041871291e-01,2.754916673979e-01,-4.206606579177e+00,8.209655721539e+01,7.929190677957e+01,1.118207573405e+02,9.931095140807e+01,-6.420684365103e-03,-7.173235662338e-02,-2.285104167386e+01,-3.711586196899e-03,-6.320549374694e-02,-2.396995326761e+01
3.795000000000e+08,4.489151943619e-01,3.353260345137e-01,-5.031140586020e+00,5.546579960111e-01,2.753288120157e-01,-4.162896187288e+00,8.242837452482e+01,8.058048640097e+01,1.124532673435e+02,1.004353164649e+02,-7.105612475218e-03,-7.099763105944e-02,-2.293183821887e+01,-4.834372377156e-03,-6.267034778563e-02,-2.403299164599e+01
3.800000000000e+08,4.542926075778e-01,3.365215087222e-01,-4.953545045014e+00,5.581707639716e-01,2.751371774623e-01,-4.120028897318e+00,8.276153964673e+01,8.187009053312e+01,1.130886502207e+02,1.015590351178e+02,-7.776414204166e-03,-7.026155755789e-02,-2.301276824244e+01,-5.934581975133e-03,-6.212176637662e-02,-2.409566901709e+01
3.805000000000e+08,4.596240056500e-01,3.376363231269e-01,-4.877793389089e+00,5.616429853940e-01,2.749178015675e-01,-4.077980957258e+00,8.309605970758e+01,8.316073380795e+01,1.137269242252e+02,1.026821621774e+02,-8.433202836949e-03,-6.952444908704e-02,-2.309381536438e+01,-7.012495124311e-03,-6.156033396678e-02,-2.415798879212e+01
3.810000000000e+08,4.649087385864e-01,3.386727131511e-01,-4.803828518064e+00,5.650751579642e-01,2.746716739750e-01,-4.036729516662e+00,8.343194188381e+01,8.445243089829e+01,1.143681126896e+02,1.038047503776e+02,-9.076097577771e-03,-6.878660619796e-02,-2.317496373373e+01,-8.068387573980e-03,-6.098660110554e-02,-2.421995576630e+01
3.815000000000e+08,4.701462245770e-01,3.396328776773e-01,-4.731595515950e+00,5.684677802054e-01,2.743997379906e-01,-3.996252605315e+00,8.376919340212e+01,8.574519651854e+01,1.150122438202e+02,1.049268499373e+02,-9.705223061380e-03,-6.804831731960e-02,-2.325619801798e+01,-9.102528821121e-03,-6.040108659433e-02,-2.428157606185e+01
3.820000000000e+08,4.753359469407e-01,3.405189781092e-01,-4.661041549551e+00,5.718213491999e-01,2.741028925353e-01,-3.956529111138e+00,8.410782154006e+01,8.703904542534e+01,1.156593504537e+02,1.060485081403e+02,-1.032070888632e-02,-6.730985905880e-02,-2.333750339208e+01,-1.011518046338e-02,-5.980427970430e-02,-2.434285706481e+01
3.825000000000e+08,4.804774511457e-01,3.413331375732e-01,-4.592115772693e+00,5.751363585044e-01,2.737819941878e-01,-3.917538757339e+00,8.444783362637e+01,8.833399241825e+01,1.163094697766e+02,1.071697689345e+02,-1.092268916969e-02,-6.657149650387e-02,-2.341886552746e+01,-1.110659477349e-02,-5.919664244453e-02,-2.440380735573e+01
3.830000000000e+08,4.855703419059e-01,3.420774402502e-01,-4.524769235715e+00,5.784132962597e-01,2.734378593023e-01,-3.879262078859e+00,8.478923704133e+01,8.963005234030e+01,1.169626430099e+02,1.082906725545e+02,-1.151130212300e-02,-6.583348353070e-02,-2.350027058097e+01,-1.207701349403e-02,-5.857861186276e-02,-2.446443663485e+01
3.835000000000e+08,4.906142803569e-01,3.427539308288e-01,-4.458954799901e+00,5.816526434969e-01,2.730712661851e-01,-3.841680398104e+00,8.513203921740e+01,9.092724007875e+01,1.176189150610e+02,1.094112551705e+02,-1.208668964863e-02,-6.509606311023e-02,-2.358170518383e+01,-1.302666685019e-02,-5.795060236139e-02,-2.452475564219e+01
3.840000000000e+08,4.956089813112e-01,3.433646140729e-01,-4.394627056517e+00,5.848548726396e-01,2.726829573176e-01,-3.804775800038e+00,8.547624763955e+01,9.222557056572e+01,1.182783341438e+02,1.105315485661e+02,-1.264899695636e-02,-6.435946761648e-02,-2.366315643055e+01,-1.395577277702e-02,-5.731300801168e-02,-2.458477607281e+01
3.845000000000e+08,5.005542105950e-01,3.439114544960e-01,-4.331742250179e+00,5.880204462027e-01,2.722736416084e-01,-3.768531106644e+00,8.582186984564e+01,9.352505877891e+01,1.189409513702e+02,1.116515798475e+02,-1.319837219952e-02,-6.362391913411e-02,-2.374461186791e+01,-1.486453635614e-02,-5.666620484992e-02,-2.464451048796e+01
3.850000000000e+08,5.054497824669e-01,3.443963761328e-01,-4.270258206290e+00,5.911498156852e-01,2.718439966622e-01,-3.732929850838e+00,8.616891342708e+01,9.482571974218e+01,1.196068203156e+02,1.127713711883e+02,-1.373496613008e-02,-6.288962976485e-02,-2.382605948394e+01,-1.575314945611e-02,-5.601055313958e-02,-2.470397222247e+01
3.855000000000e+08,5.102955571192e-01,3.448212624044e-01,-4.210134262258e+00,5.942434206541e-01,2.713946710505e-01,-3.697956249869e+00,8.651738602902e+01,9.612756852634e+01,1.202759965605e+02,1.138909396092e+02,-1.425893177224e-02,-6.215680193200e-02,-2.390748769703e+01,-1.662179056922e-02,-5.534639958455e-02,-2.476317528894e+01
3.860000000000e+08,5.150914382613e-01,3.451879560666e-01,-4.151331202315e+00,5.973016880164e-01,2.709262865697e-01,-3.663595178272e+00,8.686729535100e+01,9.743062024966e+01,1.209485372117e+02,1.150102967980e+02,-1.477042411379e-02,-6.142562868242e-02,-2.398888534505e+01,-1.747062483676e-02,-5.467407947908e-02,-2.482213427926e+01
3.865000000000e+08,5.198373707864e-01,3.454982592376e-01,-4.093811195657e+00,6.003250314740e-01,2.704394404757e-01,-3.629832140451e+00,8.721864914740e+01,9.873489007882e+01,1.216245004059e+02,1.161294489692e+02,-1.526959981478e-02,-6.069629398530e-02,-2.407024167461e+01,-1.829980425342e-02,-5.399391878100e-02,-2.488086426400e+01
3.870000000000e+08,5.245333385187e-01,3.457539334977e-01,-4.037537737765e+00,6.033138511566e-01,2.699347076791e-01,-3.596653242951e+00,8.757145522783e+01,1.000403932293e+02,1.223039447994e+02,1.172483967665e+02,-1.575661693281e-02,-5.996897302737e-02,-2.415154633040e+01,-1.910946804114e-02,-5.330623609571e-02,-2.493938069012e+01
3.875000000000e+08,5.291793620428e-01,3.459567000552e-01,-3.982475594665e+00,6.062685334246e-01,2.694126428915e-01,-3.564045166503e+00,8.792572145766e+01,1.013471449664e+02,1.229869290466e+02,1.183671352089e+02,-1.623163466432e-02,-5.924383250396e-02,-2.423278934467e+01,-1.989974318139e-02,-5.261134455924e-02,-2.499769927769e+01
3.880000000000e+08,5.337754966130e-01,3.461082399730e-01,-3.928590749990e+00,6.091894508376e-01,2.688737827102e-01,-3.531995137920e+00,8.828145575850e+01,1.026551606056e+02,1.236735112718e+02,1.194856536813e+02,-1.669481310140e-02,-5.852103090553e-02,-2.431396112686e+01,-2.067074509456e-02,-5.190955361003e-02,-2.505583591596e+01
3.885000000000e+08,5.383218301412e-01,3.462101944506e-01,-3.875850354659e+00,6.120769622776e-01,2.683186476301e-01,-3.500490901925e+00,8.863866610866e+01,1.039644555135e+02,1.243637485374e+02,1.206039359713e+02,-1.714631300332e-02,-5.780071879933e-02,-2.439505245327e+01,-2.142257845419e-02,-5.120117063970e-02,-2.511380655941e+01
3.890000000000e+08,5.428184812641e-01,3.462641651570e-01,-3.824222679017e+00,6.149314132205e-01,2.677477439741e-01,-3.469520692998e+00,8.899736054369e+01,1.052750451085e+02,1.250576963118e+02,1.217219603520e+02,-1.758629558238e-02,-5.708303910593e-02,-2.447605445703e+01,-2.215533812340e-02,-5.048650251455e-02,-2.517162712424e+01
3.895000000000e+08,5.472655974852e-01,3.462717146087e-01,-3.773677067318e+00,6.177531361454e-01,2.671615657305e-01,-3.439073207324e+00,8.935754715683e+01,1.065869448613e+02,1.257554079420e+02,1.228396997111e+02,-1.801492230338e-02,-5.636812737017e-02,-2.455695861810e+01,-2.286911020039e-02,-4.976585696039e-02,-2.522931338579e+01
3.900000000000e+08,5.516633533929e-01,3.462343665896e-01,-3.724183894387e+00,6.205424510724e-01,2.665605962918e-01,-3.409137574932e+00,8.971923409948e+01,1.079001702959e+02,1.264569341342e+02,1.239571217270e+02,-1.843235469612e-02,-5.565611202660e-02,-2.463775675349e+01,-2.356397315942e-02,-4.903954380464e-02,-2.528688087730e+01
3.905000000000e+08,5.560119489519e-01,3.461536066075e-01,-3.675714524358e+00,6.232996662188e-01,2.659453100840e-01,-3.379703332119e+00,9.008242958179e+01,1.092147369904e+02,1.271623224456e+02,1.250741890910e+02,-1.883875418040e-02,-5.494711465896e-02,-2.471844100765e+01,-2.423999907354e-02,-4.830787607063e-02,-2.534434479056e+01
3.910000000000e+08,5.603116078656e-01,3.460308823839e-01,-3.628241271369e+00,6.260250787621e-01,2.653161740818e-01,-3.350760394229e+00,9.044714187312e+01,1.105306605770e+02,1.278716167926e+02,1.261908597747e+02,-1.923428190300e-02,-5.424125025366e-02,-2.479900384299e+01,-2.489725490501e-02,-4.757117092031e-02,-2.540171987879e+01
3.915000000000e+08,5.645625760094e-01,3.458676043737e-01,-3.581737362086e+00,6.287189757001e-01,2.646736492036e-01,-3.322299028891e+00,9.081337930256e+01,1.118479567438e+02,1.285848569790e+02,1.273070873424e+02,-1.961909858595e-02,-5.353862744716e-02,-2.487943803067e+01,-2.553580384936e-02,-4.682975044262e-02,-2.545902036218e+01
3.920000000000e+08,5.687651199310e-01,3.456651463101e-01,-3.536176899995e+00,6.313816347953e-01,2.640181915799e-01,-3.294309829796e+00,9.118115025951e+01,1.131666412348e+02,1.293020782463e+02,1.284228213069e+02,-1.999336438576e-02,-5.283934876711e-02,-2.495973664142e+01,-2.615570671904e-02,-4.608394228621e-02,-2.551625983649e+01
3.925000000000e+08,5.729195254178e-01,3.454248457735e-01,-3.491534831308e+00,6.340133255925e-01,2.633502536927e-01,-3.266783691091e+00,9.155046319403e+01,1.144867298506e+02,1.300233108536e+02,1.295380075262e+02,-2.035723876284e-02,-5.214351086720e-02,-2.503989303672e+01,-2.675702335254e-02,-4.533408013587e-02,-2.557345118501e+01
3.930000000000e+08,5.770260961283e-01,3.451480047787e-01,-3.447786912461e+00,6.366143104991e-01,2.626702853818e-01,-3.239711782474e+00,9.192132661763e+01,1.158082384498e+02,1.307485796864e+02,1.306525886415e+02,-2.071088036090e-02,-5.145120475570e-02,-2.511990086002e+01,-2.733981403533e-02,-4.458050403369e-02,-2.563060649433e+01
3.935000000000e+08,5.810851522856e-01,3.448358903806e-01,-3.404909679061e+00,6.391848459133e-01,2.619787347160e-01,-3.213085525072e+00,9.229374910355e+01,1.171311829491e+02,1.314779039019e+02,1.317665045513e+02,-2.105444689554e-02,-5.076251601765e-02,-2.519975402825e+01,-2.790414091878e-02,-4.382356054667e-02,-2.568773697416e+01
3.940000000000e+08,5.850970294316e-01,3.444897352928e-01,-3.362880416247e+00,6.417251833919e-01,2.612760487280e-01,-3.186896568168e+00,9.266773928753e+01,1.184555793241e+02,1.322112966114e+02,1.328796929211e+02,-2.138809505180e-02,-5.007752503069e-02,-2.527944672342e+01,-2.845006942421e-02,-4.306360278374e-02,-2.574485288148e+01
3.945000000000e+08,5.890620772402e-01,3.441107385196e-01,-3.321677130356e+00,6.442355708433e-01,2.605626740129e-01,-3.161136766852e+00,9.304330586816e+01,1.197814436108e+02,1.329487646047e+02,1.339920897256e+02,-2.171198039008e-02,-4.939630717461e-02,-2.535897338451e+01,-2.897766961884e-02,-4.230099026620e-02,-2.580196344942e+01
3.950000000000e+08,5.929806583856e-01,3.437000659961e-01,-3.281278521867e+00,6.467162537350e-01,2.598390571901e-01,-3.135798160669e+00,9.342045760765e+01,1.211087919051e+02,1.336903081189e+02,1.351036298193e+02,-2.202625725998e-02,-4.871893303457e-02,-2.543832869947e+01,-2.948701755168e-02,-4.153608865644e-02,-2.585907682101e+01
3.955000000000e+08,5.968531474670e-01,3.432588512377e-01,-3.241663959504e+00,6.491674763042e-01,2.591056452313e-01,-3.110872953306e+00,9.379920333211e+01,1.224376403649e+02,1.344359206547e+02,1.362142475323e+02,-2.233107872174e-02,-4.804546859811e-02,-2.551750759745e+01,-2.997819653741e-02,-4.076926935095e-02,-2.591619998816e+01
3.960000000000e+08,6.006799299849e-01,3.427881959934e-01,-3.202813455492e+00,6.515894827606e-01,2.583628856557e-01,-3.086353493396e+00,9.417955193241e+01,1.237680052099e+02,1.351855888436e+02,1.373238772887e+02,-2.262659647477e-02,-4.737597544598e-02,-2.559650524123e+01,-3.045129837721e-02,-4.000090894422e-02,-2.597333873605e+01
3.965000000000e+08,6.044614013684e-01,3.422891709046e-01,-3.164707641873e+00,6.539825184693e-01,2.576112265964e-01,-3.062232256478e+00,9.456151236453e+01,1.250999027229e+02,1.359392923659e+02,1.384324542417e+02,-2.291296079289e-02,-4.671051093687e-02,-2.567531701975e+01,-3.090642450617e-02,-3.923138857128e-02,-2.603049759314e+01
3.970000000000e+08,6.081979660514e-01,3.417628161650e-01,-3.127327747838e+00,6.563468311050e-01,2.568511167416e-01,-3.038501828158e+00,9.494509365025e+01,1.264333492503e+02,1.366970039252e+02,1.395399149226e+02,-2.319032046595e-02,-4.604912838615e-02,-2.575393854094e+01,-3.134368705756e-02,-3.846109313709e-02,-2.608767978713e+01
3.975000000000e+08,6.118900365966e-01,3.412101421819e-01,-3.090655578026e+00,6.586826717660e-01,2.560830051556e-01,-3.015154888518e+00,9.533030487776e+01,1.277683612032e+02,1.374586892779e+02,1.406461978980e+02,-2.345882274745e-02,-4.539187723868e-02,-2.583236562467e+01,-3.176320983516e-02,-3.769041044188e-02,-2.614488720691e+01
3.980000000000e+08,6.155380328638e-01,3.406321302371e-01,-3.054673491739e+00,6.609902960400e-01,2.553073409849e-01,-2.992184197794e+00,9.571715520207e+01,1.291049550579e+02,1.382243073206e+02,1.417512444317e+02,-2.371861330773e-02,-4.473880323578e-02,-2.591059429589e+01,-3.216512918568e-02,-3.691973021210e-02,-2.620212037083e+01
3.985000000000e+08,6.191423812221e-01,3.400297331448e-01,-3.019364383041e+00,6.632699650106e-01,2.545245730560e-01,-2.969582583373e+00,9.610565384589e+01,1.304431473567e+02,1.389938102362e+02,1.428549991453e+02,-2.396983619254e-02,-4.408994857651e-02,-2.598862077793e+01,-3.254959476409e-02,-3.614944304706e-02,-2.625937840144e+01
3.990000000000e+08,6.227035138044e-01,3.394038759082e-01,-2.984711661668e+00,6.655219461988e-01,2.537351493707e-01,-2.947342928095e+00,9.649581009994e+01,1.317829547091e+02,1.397671436991e+02,1.439574106729e+02,-2.421263378657e-02,-4.344535207338e-02,-2.606644148603e+01,-3.291677018584e-02,-3.537993929212e-02,-2.631665900688e+01
3.995000000000e+08,6.262218678013e-01,3.387554563705e-01,-2.950699234745e+00,6.677465144292e-01,2.529395165080e-01,-2.925458159914e+00,9.688763332376e+01,1.331243937923e+02,1.405442471390e+02,1.450584323049e+02,-2.444714678165e-02,-4.280504930256e-02,-2.614405302102e+01,-3.326683356065e-02,-3.461160784924e-02,-2.637395846901e+01
4.000000000000e+08,6.296978847938e-01,3.380853458620e-01,-2.917311489247e+00,6.699439526159e-01,2.521381189387e-01,-2.903921242893e+00,9.728113294621e+01,1.344674813519e+02,1.413250540646e+02,1.461580226147e+02,-2.467351414936e-02,-4.216907274873e-02,-2.622145216311e+01,-3.359997790362e-02,-3.384483493649e-02,-2.643127163860e+01
4.005000000000e+08,6.331320101228e-01,3.373943898405e-01,-2.884533275179e+00,6.721145524602e-01,2.513313982623e-01,-2.882725169552e+00,9.767631846625e+01,1.358122342031e+02,1.421094924444e+02,1.472561460650e+02,-2.489187311776e-02,-4.153745194469e-02,-2.629863586598e+01,-3.391641142061e-02,-3.308000280787e-02,-2.648859193761e+01
4.010000000000e+08,6.365246922940e-01,3.366834085264e-01,-2.852349889437e+00,6.742586150559e-01,2.505197923747e-01,-2.861862954563e+00,9.807319945330e+01,1.371586692312e+02,1.428974851444e+02,1.483527735853e+02,-2.510235915194e-02,-4.091021360593e-02,-2.637560125090e+01,-3.421635766543e-02,-3.231748844536e-02,-2.654591136869e+01
4.015000000000e+08,6.398763824162e-01,3.359531975289e-01,-2.820747060325e+00,6.763764513965e-01,2.497037345763e-01,-2.841327629770e+00,9.847178554816e+01,1.385068033927e+02,1.436889504212e+02,1.494478831193e+02,-2.530510593824e-02,-4.028738176015e-02,-2.645234560112e+01,-3.450005556778e-02,-3.155766223490e-02,-2.660322053214e+01
4.020000000000e+08,6.431875336723e-01,3.352045284658e-01,-2.789710932683e+00,6.784683827806e-01,2.488836526284e-01,-2.821112240528e+00,9.887208646344e+01,1.398566537159e+02,1.444838024669e+02,1.505414601327e+02,-2.550024537174e-02,-3.966897787200e-02,-2.652886635634e+01,-3.476775933163e-02,-3.080088663805e-02,-2.666050865031e+01
4.025000000000e+08,6.464586008211e-01,3.344381495739e-01,-2.759228053615e+00,6.805347411119e-01,2.480599677698e-01,-2.801209843328e+00,9.927411198434e+01,1.412082373020e+02,1.452819520048e+02,1.516334980803e+02,-2.568790754700e-02,-3.905502096308e-02,-2.660516110740e+01,-3.501973820493e-02,-3.004751487115e-02,-2.671776359959e+01
4.030000000000e+08,6.496900397283e-01,3.336547863111e-01,-2.729285358783e+00,6.825758690928e-01,2.472330937021e-01,-2.781613504678e+00,9.967787196929e+01,1.425615713258e+02,1.460833069306e+02,1.527239988253e+02,-2.586822075160e-02,-3.844552772734e-02,-2.668122759109e+01,-3.525627612219e-02,-2.929788960322e-02,-2.677497195006e+01
4.035000000000e+08,6.528823069261e-01,3.328551419493e-01,-2.699870159227e+00,6.845921203079e-01,2.464034355535e-01,-2.762316301209e+00,1.000833763504e+02,1.439166730367e+02,1.468877729977e+02,1.538129730065e+02,-2.604131146251e-02,-3.784051264212e-02,-2.675706368513e+01,-3.547767122285e-02,-2.855234168418e-02,-2.683211901288e+01
4.040000000000e+08,6.560358591992e-01,3.320398981569e-01,-2.670970128717e+00,6.865838591991e-01,2.455713888320e-01,-2.743311320954e+00,1.004906351346e+02,1.452735597593e+02,1.476952545399e+02,1.549004403500e+02,-2.620730434494e-02,-3.723998807473e-02,-2.683266740326e+01,-3.568423524893e-02,-2.781118891397e-02,-2.688918889530e+01
4.045000000000e+08,6.591511531969e-01,3.312097155723e-01,-2.642573291587e+00,6.885514609303e-01,2.447373383770e-01,-2.724591665754e+00,1.008996584037e+02,1.466322488946e+02,1.485056552292e+02,1.559864299210e+02,-2.636632225346e-02,-3.664396438503e-02,-2.690803689053e+01,-3.587629282650e-02,-2.707473486338e-02,-2.694616456352e+01
4.050000000000e+08,6.622286450693e-01,3.303652343665e-01,-2.614668011037e+00,6.904953111441e-01,2.439016573199e-01,-2.706150454742e+00,1.013104563157e+02,1.479927579208e+02,1.493188788618e+02,1.570709803113e+02,-2.651848623547e-02,-3.605245002376e-02,-2.698317041869e+01,-3.605418063633e-02,-2.634326775633e-02,-2.700302791304e+01
4.055000000000e+08,6.652687901266e-01,3.295070747958e-01,-2.587242977891e+00,6.924158056115e-01,2.430647060623e-01,-2.687980828840e+00,1.017230391050e+02,1.493551043941e+02,1.501348301683e+02,1.581541397613e+02,-2.666391553645e-02,-3.546545162709e-02,-2.705806638174e+01,-3.621824647989e-02,-2.561705942346e-02,-2.705975984672e+01
4.060000000000e+08,6.682720425213e-01,3.286358377437e-01,-2.560287199780e+00,6.943133497776e-01,2.422268312828e-01,-2.670075956197e+00,1.021374170832e+02,1.507193059497e+02,1.509534156415e+02,1.592359662121e+02,-2.680272760729e-02,-3.488297410727e-02,-2.713272329159e+01,-3.636884824766e-02,-2.489636433555e-02,-2.711634036021e+01
4.065000000000e+08,6.712388549506e-01,3.277521052519e-01,-2.533789990734e+00,6.961883582060e-01,2.413883649796e-01,-2.652429038520e+00,1.025536006400e+02,1.520853803025e+02,1.517745443763e+02,1.603165272861e+02,-2.693503811309e-02,-3.430502073965e-02,-2.720713977391e+01,-3.650635279723e-02,-2.418141872534e-02,-2.717274863458e+01
4.070000000000e+08,6.741696783794e-01,3.268564410409e-01,-2.507740961174e+00,6.980412539265e-01,2.405496235600e-01,-2.635033318198e+00,1.029716002439e+02,1.534533452484e+02,1.525981289147e+02,1.613959001953e+02,-2.706096094374e-02,-3.373159324613e-02,-2.728131456401e+01,-3.663113474967e-02,-2.347243980518e-02,-2.722896313607e+01
4.075000000000e+08,6.770649617823e-01,3.259493910193e-01,-2.482130008270e+00,6.998724676907e-01,2.397109069820e-01,-2.617882086161e+00,1.033914264426e+02,1.548232186649e+02,1.534240860906e+02,1.624741715748e+02,-2.718060822581e-02,-3.316269187513e-02,-2.735524650294e+01,-3.674357521276e-02,-2.276962508720e-02,-2.728496172250e+01
4.080000000000e+08,6.799251519037e-01,3.250314837828e-01,-2.456947306665e+00,7.016824371402e-01,2.388724979600e-01,-2.600968690381e+00,1.038130898641e+02,1.561950185123e+02,1.542523378670e+02,1.635514372427e+02,-2.729409033575e-02,-3.259831547831e-02,-2.742893453369e+01,-3.684406044071e-02,-2.207315181223e-02,-2.734072175602e+01
4.085000000000e+08,6.827506930348e-01,3.241032311013e-01,-2.432183299543e+00,7.034716058949e-01,2.380346612377e-01,-2.584286544942e+00,1.042366012171e+02,1.575687628343e+02,1.550828121590e+02,1.646278018847e+02,-2.740151591438e-02,-3.203846158403e-02,-2.750237769744e+01,-3.693298043984e-02,-2.138317649238e-02,-2.739622022194e+01
4.090000000000e+08,6.855420268075e-01,3.231651283961e-01,-2.407828690029e+00,7.052404225657e-01,2.371976429389e-01,-2.567829139576e+00,1.046619712921e+02,1.589444697591e+02,1.559154436359e+02,1.657033786664e+02,-2.750299188237e-02,-3.148312646771e-02,-2.757557513002e+01,-3.701072753076e-02,-2.069983457180e-02,-2.745143385286e+01
4.095000000000e+08,6.882995920035e-01,3.222176552055e-01,-2.383874432896e+00,7.069893397013e-01,2.363616699995e-01,-2.551590049591e+00,1.050892109619e+02,1.603221575006e+02,1.567501744965e+02,1.667782887724e+02,-2.759862345677e-02,-3.093230521922e-02,-2.764852605845e+01,-3.707769487723e-02,-2.002324020891e-02,-2.750633925788e+01
4.100000000000e+08,6.910238243779e-01,3.212612756401e-01,-2.360311726586e+00,7.087188126748e-01,2.355269496880e-01,-2.535562946094e+00,1.055183311824e+02,1.617018443590e+02,1.575869552102e+02,1.678526608761e+02,-2.768851416838e-02,-3.038599180739e-02,-2.772122979755e+01,-3.713427499250e-02,-1.935348618259e-02,-2.756091305608e+01
4.105000000000e+08,6.937151564973e-01,3.202964388266e-01,-2.337132005515e+00,7.104292985183e-01,2.346936692192e-01,-2.519741606409e+00,1.059493429936e+02,1.630835487220e+02,1.584257452173e+02,1.689266305413e+02,-2.777276587999e-02,-2.984417914174e-02,-2.779368574670e+01,-3.718085823412e-02,-1.869064392409e-02,-2.761513201357e+01
4.110000000000e+08,6.963740175905e-01,3.193235793419e-01,-2.314326932658e+00,7.121212547151e-01,2.338619954646e-01,-2.504119924618e+00,1.063822575198e+02,1.644672890657e+02,1.592665135840e+02,1.700003395605e+02,-2.785147880525e-02,-2.930685913152e-02,-2.786589338672e+01,-3.721783129787e-02,-1.803476367504e-02,-2.766897318354e+01
4.115000000000e+08,6.990008334123e-01,3.183431176358e-01,-2.291888392399e+00,7.137951379565e-01,2.330320747644e-01,-2.488691922107e+00,1.068170859712e+02,1.658530839556e+02,1.601092396041e+02,1.710739352312e+02,-2.792475152828e-02,-2.877402274221e-02,-2.793785227678e+01,-3.724557572199e-02,-1.738587477157e-02,-2.772241404828e+01
4.120000000000e+08,7.015960261183e-01,3.173554604435e-01,-2.269808483642e+00,7.154514028734e-01,2.322040328421e-01,-2.473451758042e+00,1.072538396441e+02,1.672409520475e+02,1.609539133430e+02,1.721475695776e+02,-2.799268102372e-02,-2.824566004948e-02,-2.800956205150e+01,-3.726446641242e-02,-1.674398605320e-02,-2.777543266249e+01
4.125000000000e+08,7.041600141521e-01,3.163610011882e-01,-2.248079513159e+00,7.170905007513e-01,2.313779748256e-01,-2.458393739679e+00,1.076925299215e+02,1.686309120888e+02,1.618005361193e+02,1.732213985193e+02,-2.805536267736e-02,-2.772176029083e-02,-2.808102241805e+01,-3.727487019976e-02,-1.610908639439e-02,-2.782800779682e+01
4.130000000000e+08,7.066932121420e-01,3.153601203725e-01,-2.226693989186e+00,7.187128782374e-01,2.305539853744e-01,-2.443512332415e+00,1.081331682749e+02,1.700229829192e+02,1.626491209182e+02,1.742955809951e+02,-2.811289030721e-02,-2.720231191487e-02,-2.815223315343e+01,-3.727714443849e-02,-1.548114535587e-02,-2.788011908071e+01
4.135000000000e+08,7.091960308080e-01,3.143531859608e-01,-2.205644615233e+00,7.203189760506e-01,2.297321289148e-01,-2.428802169494e+00,1.085757662641e+02,1.714171834717e+02,1.634996927323e+02,1.753702780454e+02,-2.816535618487e-02,-2.668730262845e-02,-2.822319410176e+01,-3.727163565850e-02,-1.486011395174e-02,-2.793174714361e+01
4.140000000000e+08,7.116688768787e-01,3.133405537511e-01,-2.184924284119e+00,7.219092277016e-01,2.289124499815e-01,-2.414258061287e+00,1.090203355384e+02,1.728135327740e+02,1.643522888276e+02,1.764456518607e+02,-2.821285105722e-02,-2.617671944160e-02,-2.829390517175e+01,-3.725867827882e-02,-1.424592552778e-02,-2.798287375335e+01
4.145000000000e+08,7.141121530167e-01,3.123225677374e-01,-2.164526072210e+00,7.234840582342e-01,2.280949736656e-01,-2.399875004059e+00,1.094668878377e+02,1.742120499493e+02,1.652069589295e+02,1.775218648018e+02,-2.825546416846e-02,-2.567054871049e-02,-2.836436633415e+01,-3.723859339282e-02,-1.363849674534e-02,-2.803348195077e+01
4.150000000000e+08,7.165262577521e-01,3.112995604620e-01,-2.144443233866e+00,7.250438829957e-01,2.272797061667e-01,-2.385648188144e+00,1.099154349930e+02,1.756127542172e+02,1.660637653280e+02,1.785990783986e+02,-2.829328328222e-02,-2.516877617839e-02,-2.843457761939e+01,-3.721168763394e-02,-1.303772866462e-02,-2.808355617946e+01
4.155000000000e+08,7.189115854250e-01,3.102718533595e-01,-2.124669196070e+00,7.265891064461e-01,2.264666354459e-01,-2.371573005461e+00,1.103659889273e+02,1.770156648951e+02,1.669227828976e+02,1.796774523349e+02,-2.832639470395e-02,-2.467138701474e-02,-2.850453911517e+01,-3.717825212987e-02,-1.244350792030e-02,-2.813308240955e+01
4.160000000000e+08,7.212685261341e-01,3.092397570901e-01,-2.105197553247e+00,7.281201210139e-01,2.256557319776e-01,-2.357645056297e+00,1.108185616566e+02,1.784208013990e+02,1.677840990329e+02,1.807571434254e+02,-2.835488330337e-02,-2.417836585242e-02,-2.857425096428e+01,-3.713856155332e-02,-1.185570798184e-02,-2.818204825445e+01
4.165000000000e+08,7.235974656934e-01,3.082035718649e-01,-2.086022062267e+00,7.296373060072e-01,2.248469495954e-01,-2.343860155289e+00,1.112731652908e+02,1.798281832447e+02,1.686478134976e+02,1.818383045922e+02,-2.837883253702e-02,-2.368969682333e-02,-2.864371336237e+01,-3.709287327598e-02,-1.127419049023e-02,-2.823044307963e+01
4.170000000000e+08,7.258987855952e-01,3.071635877617e-01,-2.067136637604e+00,7.311410265888e-01,2.240402264264e-01,-2.330214336561e+00,1.117298120343e+02,1.812378300488e+02,1.695140381865e+02,1.829210838497e+02,-2.839832447083e-02,-2.320536359219e-02,-2.871292655585e+01,-3.704142663221e-02,-1.069880666220e-02,-2.827825810231e+01
4.175000000000e+08,7.281728629790e-01,3.061200850326e-01,-2.048535346672e+00,7.326316328216e-01,2.232354859113e-01,-2.316703857950e+00,1.121885141872e+02,1.826497615301e+02,1.703828968011e+02,1.840056233021e+02,-2.841343980275e-02,-2.272534938884e-02,-2.878189083987e+01,-3.698444229790e-02,-1.012939875275e-02,-2.832548648125e+01
4.180000000000e+08,7.304200706064e-01,3.050733344029e-01,-2.030212405317e+00,7.341094587920e-01,2.224326379005e-01,-2.303325204276e+00,1.126492841461e+02,1.840639975102e+02,1.712545244400e+02,1.850920581644e+02,-2.842425788531e-02,-2.224963703893e-02,-2.885060655632e+01,-3.692212178917e-02,-9.565801565990e-03,-2.837212339570e+01
4.185000000000e+08,7.326407768421e-01,3.040235973608e-01,-2.012162173456e+00,7.355748218182e-01,2.216315798230e-01,-2.290075089631e+00,1.131121344052e+02,1.854805579150e+02,1.721290671053e+02,1.861805158104e+02,-2.843085674818e-02,-2.177820899324e-02,-2.891907409193e+01,-3.685464708489e-02,-9.007844004313e-03,-2.841816611275e+01
4.190000000000e+08,7.348353456390e-01,3.029711264408e-01,-1.994379150866e+00,7.370280217484e-01,2.208321979191e-01,-2.276950458641e+00,1.135770775565e+02,1.868994627757e+02,1.730066811261e+02,1.872711148585e+02,-2.843331312057e-02,-2.131104735542e-02,-2.898729387647e+01,-3.678218037602e-02,-8.455350645377e-03,-2.846361404237e+01
4.195000000000e+08,7.370041365289e-01,3.019161654971e-01,-1.976857973112e+00,7.384693403557e-01,2.200343685299e-01,-2.263948486680e+00,1.140441262919e+02,1.883207322301e+02,1.738875325037e+02,1.883639642984e+02,-2.843170245364e-02,-2.084813390855e-02,-2.905526638091e+01,-3.670486394383e-02,-7.908143336223e-03,-2.850846877965e+01
4.200000000000e+08,7.391475046174e-01,3.008589499704e-01,-1.959593407614e+00,7.398990408330e-01,2.192379594356e-01,-2.251066579021e+00,1.145132934031e+02,1.897443865233e+02,1.747717961800e+02,1.894591626689e+02,-2.842609894273e-02,-2.038945014028e-02,-2.912299211575e+01,-3.662282016841e-02,-7.366042793735e-03,-2.855273413353e+01
4.205000000000e+08,7.412658005832e-01,2.997997071472e-01,-1.942580349835e+00,7.413173673926e-01,2.184428312338e-01,-2.238302368918e+00,1.149845917833e+02,1.911704460095e+02,1.756596552332e+02,1.905567972906e+02,-2.841657554939e-02,-1.993497726679e-02,-2.919047162936e+01,-3.653615166760e-02,-6.828870200520e-03,-2.859641614197e+01
4.210000000000e+08,7.433593706810e-01,2.987386564105e-01,-1.925813819611e+00,7.427245449745e-01,2.176488387501e-01,-2.225653714610e+00,1.154580344275e+02,1.925989311527e+02,1.765513000054e+02,1.916569435612e+02,-2.840320402339e-02,-1.948469625550e-02,-2.925770550635e+01,-3.644494156597e-02,-6.296448785314e-03,-2.863952307295e+01
4.215000000000e+08,7.454285567486e-01,2.976760094845e-01,-1.909288957585e+00,7.441207790644e-01,2.168558324708e-01,-2.213118695250e+00,1.159336344341e+02,1.940298625280e+02,1.774469271662e+02,1.927596643182e+02,-2.838605492440e-02,-1.903858784671e-02,-2.932469436602e+01,-3.634925389222e-02,-5.768605377078e-03,-2.868206541156e+01
4.220000000000e+08,7.474736962170e-01,2.966119706718e-01,-1.893001021762e+00,7.455062556256e-01,2.160636599889e-01,-2.200695605792e+00,1.164114050056e+02,1.954632608229e+02,1.783467387178e+02,1.938650092763e+02,-2.836519764358e-02,-1.859663257406e-02,-2.939143886092e+01,-3.624913410270e-02,-5.245171922110e-03,-2.872405583288e+01
4.225000000000e+08,7.494951221237e-01,2.955467370831e-01,-1.876945384189e+00,7.468811411429e-01,2.152721674550e-01,-2.188382950826e+00,1.168913594495e+02,1.968991468383e+02,1.792509409468e+02,1.949730145417e+02,-2.834070042489e-02,-1.815881078404e-02,-2.945793967535e+01,-3.614460972774e-02,-4.725986953704e-03,-2.876550916098e+01
4.230000000000e+08,7.514931631296e-01,2.944804988615e-01,-1.861117527719e+00,7.482455827821e-01,2.144812010221e-01,-2.176179437422e+00,1.173735111794e+02,1.983375414899e+02,1.801597433291e+02,1.960837022114e+02,-2.831263038627e-02,-1.772510265439e-02,-2.952419752401e+01,-3.603569113662e-02,-4.210897004192e-03,-2.880644231417e+01
4.235000000000e+08,7.534681435378e-01,2.934134393984e-01,-1.845513042902e+00,7.495997086622e-01,2.136906082763e-01,-2.164083966992e+00,1.178578737163e+02,1.997784658096e+02,1.810733573936e+02,1.971970800596e+02,-2.828105354046e-02,-1.729548821165e-02,-2.959021315059e+01,-3.592237241633e-02,-3.699757949563e-03,-2.884687423695e+01
4.240000000000e+08,7.554203833154e-01,2.923457355451e-01,-1.830127624964e+00,7.509436282400e-01,2.129002396432e-01,-2.152095626228e+00,1.183444606891e+02,2.012219409460e+02,1.819919955521e+02,1.983131413154e+02,-2.824603481569e-02,-1.686994734769e-02,-2.965598732658e+01,-3.580463235822e-02,-3.192436277289e-03,-2.888682581916e+01
4.245000000000e+08,7.573501981180e-01,2.912775578163e-01,-1.814957070883e+00,7.522774328055e-01,2.121099497612e-01,-2.140213677159e+00,1.188332858362e+02,2.026679881667e+02,1.829158699015e+02,1.994318645366e+02,-2.820763807605e-02,-1.644845983540e-02,-2.972152084990e+01,-3.568243554600e-02,-2.688810268485e-03,-2.892631980282e+01
4.250000000000e+08,7.592578993154e-01,2.902090705890e-01,-1.799997276563e+00,7.536011960843e-01,2.113195988121e-01,-2.128437546383e+00,1.193243630061e+02,2.041166288586e+02,1.838451910072e+02,2.005532135809e+02,-2.816592614165e-02,-1.603100534361e-02,-2.978681454379e+01,-3.555573353789e-02,-2.188771086081e-03,-2.896538067744e+01
4.255000000000e+08,7.611437940208e-01,2.891404322943e-01,-1.785244234094e+00,7.549149749448e-01,2.105290538006e-01,-2.116766813536e+00,1.198177061588e+02,2.055678845299e+02,1.847801666729e+02,2.016771376777e+02,-2.812096080845e-02,-1.561756345107e-02,-2.985186925556e+01,-3.542446613486e-02,-1.692223761325e-03,-2.900403456456e+01
4.260000000000e+08,7.630081851202e-01,2.880717956046e-01,-1.770694029102e+00,7.562188102044e-01,2.097381897745e-01,-2.105201199063e+00,1.203133293667e+02,2.070217768109e+02,1.857210007072e+02,2.028035716030e+02,-2.807280286786e-02,-1.520811365976e-02,-2.991668585555e+01,-3.528856272647e-02,-1.199088071579e-03,-2.904230909225e+01
4.265000000000e+08,7.648513713050e-01,2.870033076141e-01,-1.756342838178e+00,7.575127275316e-01,2.089468909759e-01,-2.093740551367e+00,1.208112468157e+02,2.084783274556e+02,1.866678916933e+02,2.039324359574e+02,-2.802151212607e-02,-1.480263540746e-02,-2.998126523596e+01,-3.514794370508e-02,-7.092993031190e-04,-2.908023326060e+01
4.270000000000e+08,7.666736471051e-01,2.859351100150e-01,-1.742186926391e+00,7.587967384363e-01,2.081550519180e-01,-2.082384833403e+00,1.213114728065e+02,2.099375583427e+02,1.876210317712e+02,2.050636375498e+02,-2.796714742304e-02,-1.440110807954e-02,-3.004560830986e+01,-3.500252193876e-02,-2.228088934076e-04,-2.911783729903e+01
4.275000000000e+08,7.684753029240e-01,2.848673392674e-01,-1.728222644877e+00,7.600708413445e-01,2.073625783774e-01,-2.071134108809e+00,1.218140217555e+02,2.113994914774e+02,1.885806054398e+02,2.061970698854e+02,-2.790976665130e-02,-1.400351102021e-02,-3.010971601017e+01,-3.485220429287e-02,2.604150518791e-04,-2.915515251651e+01
4.280000000000e+08,7.702566250752e-01,2.838001267648e-01,-1.714446428508e+00,7.613350227475e-01,2.065693882979e-01,-2.059988527649e+00,1.223189081960e+02,2.128641489923e+02,1.895467883891e+02,2.073326137581e+02,-2.784942677431e-02,-1.360982354296e-02,-3.017358928866e+01,-3.469689318973e-02,7.403873709434e-04,-2.919221114549e+01
4.285000000000e+08,7.720178958193e-01,2.827335989941e-01,-1.700854793624e+00,7.625892584220e-01,2.057754125975e-01,-2.048948311854e+00,1.228261467794e+02,2.143315531489e+02,1.905197463691e+02,2.084701379473e+02,-2.778618384471e-02,-1.322002494058e-02,-3.023722911504e+01,-3.453648819558e-02,1.217105590076e-03,-2.922904618074e+01
4.290000000000e+08,7.737593934029e-01,2.816678776913e-01,-1.687444335842e+00,7.638335147088e-01,2.049805958735e-01,-2.038013740459e+00,1.233357522762e+02,2.158017263391e+02,1.914996341064e+02,2.096095000158e+02,-2.772009302210e-02,-1.283409449442e-02,-3.030063647604e+01,-3.437088762385e-02,1.690549802075e-03,-2.926569121398e+01
4.295000000000e+08,7.754813920978e-01,2.806030799919e-01,-1.674211727932e+00,7.650677498460e-01,2.041848970020e-01,-2.027185134714e+00,1.238477395775e+02,2.172746910863e+02,1.924865942758e+02,2.107505472072e+02,-2.765120859066e-02,-1.245201148320e-02,-3.036381237453e+01,-3.419999014348e-02,2.160682680063e-03,-2.930218026527e+01
4.300000000000e+08,7.771841622416e-01,2.795393185769e-01,-1.661153717757e+00,7.662919153446e-01,2.033882896252e-01,-2.016462843169e+00,1.243621236960e+02,2.187504700471e+02,1.934807565363e+02,2.118931174399e+02,-2.757958397638e-02,-1.207375519127e-02,-3.042675782871e+01,-3.402369638101e-02,2.627449626935e-03,-2.933854761215e+01
4.305000000000e+08,7.788679702786e-01,2.784767018149e-01,-1.648267126272e+00,7.675059573993e-01,2.025907625253e-01,-2.005847226826e+00,1.248789197669e+02,2.202290860125e+02,1.944822366401e+02,2.130370403936e+02,-2.750527176406e-02,-1.169930491630e-02,-3.048947387124e+01,-3.384191050519e-02,3.090779059763e-03,-2.937482761746e+01
4.310000000000e+08,7.805330788016e-01,2.774153338990e-01,-1.635548845593e+00,7.687098183242e-01,2.017923198810e-01,-1.995338644443e+00,1.253981430496e+02,2.217105619092e+02,1.954911356233e+02,2.141821386828e+02,-2.742832371393e-02,-1.132863997659e-02,-3.055196154852e+01,-3.365454178281e-02,3.550582827525e-03,-2.941105455665e+01
4.315000000000e+08,7.821797465947e-01,2.763553149801e-01,-1.622995837113e+00,7.699034380045e-01,2.009929814041e-01,-1.984937438087e+00,1.259198089289e+02,2.231949208016e+02,1.965075390871e+02,2.153282291140e+02,-2.734879077810e-02,-1.096173971781e-02,-3.061422191988e+01,-3.346150609465e-02,4.006756759595e-03,-2.944726244549e+01
4.320000000000e+08,7.838082286757e-01,2.752967412960e-01,-1.610605129686e+00,7.710867553530e-01,2.001927823565e-01,-1.974643919024e+00,1.264439329157e+02,2.246821858927e+02,1.975315165762e+02,2.164751240180e+02,-2.726672311656e-02,-1.059858351938e-02,-3.067625605692e+01,-3.326272740080e-02,4.459181341531e-03,-2.948348486890e+01
4.325000000000e+08,7.854187763395e-01,2.742397052965e-01,-1.598373817860e+00,7.722597097634e-01,1.993917734461e-01,-1.964458354037e+00,1.269705306490e+02,2.261723805254e+02,1.985631210646e+02,2.176226326526e+02,-2.718217011300e-02,-1.023915080040e-02,-3.073806504273e+01,-3.305813914461e-02,4.907722513778e-03,-2.951975481166e+01
4.330000000000e+08,7.870116372024e-01,2.731842957646e-01,-1.586299060158e+00,7.734222425484e-01,1.985900206019e-01,-1.954380952257e+00,1.274996178965e+02,2.276655281848e+02,1.996023885540e+02,2.187705626657e+02,-2.709518039031e-02,-9.883421025145e-03,-3.079964997129e+01,-3.284768558523e-02,5.352232588044e-03,-2.955610449166e+01
4.335000000000e+08,7.885870552454e-01,2.721305979341e-01,-1.574378077423e+00,7.745742983548e-01,1.977876046303e-01,-1.944411852586e+00,1.280312105563e+02,2.291616524988e+02,2.006493377934e+02,2.199187216122e+02,-2.700580182574e-02,-9.531373708250e-03,-3.086101194675e+01,-3.263132304880e-02,5.792551275248e-03,-2.959256519637e+01
4.340000000000e+08,7.901452708590e-01,2.710786936035e-01,-1.562608151201e+00,7.757158265439e-01,1.969846207542e-01,-1.934551111797e+00,1.285653246582e+02,2.306607772403e+02,2.017039701253e+02,2.210669185143e+02,-2.691408156585e-02,-9.182988419470e-03,-3.092215208287e+01,-3.240902108920e-02,6.228506818146e-03,-2.962916712292e+01
4.345000000000e+08,7.916865208876e-01,2.700286612464e-01,-1.550986622174e+00,7.768467825283e-01,1.961811780377e-01,-1.924798693392e+00,1.291019763649e+02,2.321629263285e+02,2.027662694646e+02,2.222149654555e+02,-2.682006604107e-02,-8.838244788119e-03,-3.098307150239e+01,-3.218076354960e-02,6.659917220972e-03,-2.966593922256e+01
4.350000000000e+08,7.932110386738e-01,2.689805761188e-01,-1.539510888646e+00,7.779671290563e-01,1.953773986998e-01,-1.915154457273e+00,1.296411819732e+02,2.336681238298e+02,2.038362024158e+02,2.233626791972e+02,-2.672380098010e-02,-8.497122507183e-03,-3.104377133642e+01,-3.194654951674e-02,7.086591567708e-03,-2.970290904979e+01
4.355000000000e+08,7.947190541034e-01,2.679345103624e-01,-1.528178405067e+00,7.790768374336e-01,1.945734173228e-01,-1.905618150313e+00,1.301829579157e+02,2.351763939606e+02,2.049137185314e+02,2.245098828070e+02,-2.662533142391e-02,-8.159601337107e-03,-3.110425272392e+01,-3.170639416072e-02,7.508331419931e-03,-2.974010261660e+01
4.360000000000e+08,7.962107936502e-01,2.668905331053e-01,-1.516986680596e+00,7.801758886746e-01,1.937693799586e-01,-1.896189397872e+00,1.307273207618e+02,2.366877610878e+02,2.059987507161e+02,2.256564072856e+02,-2.652470173954e-02,-7.825661109292e-03,-3.116451681117e+01,-3.146032945353e-02,7.924932284603e-03,-2.977754425227e+01
4.365000000000e+08,7.976864804204e-01,2.658487105596e-01,-1.505933277721e+00,7.812642745736e-01,1.929654431404e-01,-1.886867696326e+00,1.312742872193e+02,2.382022497310e+02,2.070912157786e+02,2.268020931813e+02,-2.642195563357e-02,-7.495281729303e-03,-3.122456475122e+01,-3.120840476073e-02,8.336185141580e-03,-2.981525646911e+01
4.370000000000e+08,7.991463341977e-01,2.648091061155e-01,-1.495015810901e+00,7.823419986904e-01,1.921617728061e-01,-1.877652406651e+00,1.318238741358e+02,2.397198845638e+02,2.081910151318e+02,2.279467921777e+02,-2.631713616536e-02,-7.168443179815e-03,-3.128439770340e+01,-3.095068730120e-02,8.741878020174e-03,-2.985325983437e+01
4.375000000000e+08,8.005905714874e-01,2.637717804328e-01,-1.484231945266e+00,7.834090772396e-01,1.913585431395e-01,-1.868542749115e+00,1.323760985001e+02,2.412406904155e+02,2.092980356420e+02,2.290903686406e+02,-2.621028576001e-02,-6.845125523289e-03,-3.134401683286e+01,-3.068726247095e-02,9.141797613684e-03,-2.989157284866e+01
4.380000000000e+08,8.020194055613e-01,2.627367915300e-01,-1.473579395334e+00,7.844655398804e-01,1.905559353391e-01,-1.859537799101e+00,1.329309774433e+02,2.427646922728e+02,2.104121506262e+02,2.302327011128e+02,-2.610144622101e-02,-6.525308904420e-03,-3.140342331008e+01,-3.041823402787e-02,9.535730920462e-03,-2.993021183135e+01
4.385000000000e+08,8.034330465018e-01,2.617041948694e-01,-1.463055923783e+00,7.855114303979e-01,1.897541363210e-01,-1.850636484111e+00,1.334885282410e+02,2.442919152813e+02,2.115332209942e+02,2.313736837402e+02,-2.599065874267e-02,-6.208973552339e-03,-3.146261831045e+01,-3.014372413524e-02,9.923466899826e-03,-2.996919081297e+01
4.390000000000e+08,8.048317012464e-01,2.606740434411e-01,-1.452659340246e+00,7.865468072728e-01,1.889533373666e-01,-1.841837581953e+00,1.340487683139e+02,2.458223847476e+02,2.126610965319e+02,2.325132276166e+02,-2.587796392232e-02,-5.896099782608e-03,-3.152160301385e+01,-2.986387326274e-02,1.030479813096e-02,-3.000852143514e+01
4.395000000000e+08,8.062155736309e-01,2.596463878431e-01,-1.442387500150e+00,7.875717441328e-01,1.881537327226e-01,-1.833139720145e+00,1.346117152299e+02,2.473561261402e+02,2.137956173217e+02,2.336512620335e+02,-2.576340177214e-02,-5.586667998997e-03,-3.158037860422e+01,-2.957883994478e-02,1.067952246283e-02,-3.004821285823e+01
4.400000000000e+08,8.075848644339e-01,2.586212763597e-01,-1.432238303580e+00,7.885863300836e-01,1.873555181646e-01,-1.824541376536e+00,1.351773867053e+02,2.488931650921e+02,2.149366152923e+02,2.347877356203e+02,-2.564701173087e-02,-5.280658695069e-03,-3.163894626916e+01,-2.928880039693e-02,1.104744464306e-02,-3.008827167717e+01
4.405000000000e+08,8.089397714197e-01,2.575987550370e-01,-1.422209694179e+00,7.895906699146e-01,1.865588895338e-01,-1.816040881144e+00,1.357458006066e+02,2.504335274020e+02,2.160839158901e+02,2.359226173626e+02,-2.552883267521e-02,-4.978052455571e-03,-3.169730719958e+01,-2.899394799210e-02,1.140837791399e-02,-3.012870184564e+01
4.410000000000e+08,8.102804893816e-01,2.565788677566e-01,-1.412299658077e+00,7.905848841794e-01,1.857640412574e-01,-1.807636419208e+00,1.363169749515e+02,2.519772390360e+02,2.172373398636e+02,2.370558974858e+02,-2.540890293093e-02,-4.678829957659e-03,-3.175546258932e+01,-2.869449259943e-02,1.176214556387e-02,-3.016950460908e+01
4.415000000000e+08,8.116072101848e-01,2.555616563063e-01,-1.402506222855e+00,7.915691091467e-01,1.849711648625e-01,-1.799326035445e+00,1.368909279112e+02,2.535243261298e+02,2.183967051501e+02,2.381875881910e+02,-2.528726028382e-02,-4.382971971937e-03,-3.181341363480e+01,-2.839065978939e-02,1.210858242188e-02,-3.021067844704e+01
4.420000000000e+08,8.129201228088e-01,2.545471604492e-01,-1.392827456531e+00,7.925434966238e-01,1.841804474952e-01,-1.791107639470e+00,1.374676778112e+02,2.550748149898e+02,2.195618288511e+02,2.393177242335e+02,-2.516394199039e-02,-4.090459363356e-03,-3.187116153468e+01,-2.808268990997e-02,1.244753628553e-02,-3.025221902505e+01
4.425000000000e+08,8.142194133898e-01,2.535354179901e-01,-1.383261466581e+00,7.935082136515e-01,1.833920704556e-01,-1.782979012378e+00,1.380472431337e+02,2.566287320958e+02,2.207325292863e+02,2.404463633322e+02,-2.503898478824e-02,-3.801273091950e-03,-3.192870748957e+01,-2.777083703956e-02,1.277886926958e-02,-3.029411915683e+01
4.430000000000e+08,8.155052652622e-01,2.525264648407e-01,-1.373806398980e+00,7.944634420715e-01,1.826062077580e-01,-1.774937814428e+00,1.386296425183e+02,2.581861041021e+02,2.219086281087e+02,2.415735864025e+02,-2.491242490636e-02,-3.515394213429e-03,-3.198605270166e+01,-2.745536782299e-02,1.310245906617e-02,-3.033636877705e+01
4.435000000000e+08,8.167778590001e-01,2.515203350814e-01,-1.364460437280e+00,7.954093779699e-01,1.818230247294e-01,-1.766981593792e+00,1.392148947645e+02,2.597469578395e+02,2.230899524679e+02,2.426994976027e+02,-2.478429807506e-02,-3.232803879646e-03,-3.204319837451e+01,-2.713656019827e-02,1.341820010610e-02,-3.037895492546e+01
4.440000000000e+08,8.180373724585e-01,2.505170610228e-01,-1.355221801703e+00,7.963462309980e-01,1.810426766542e-01,-1.759107796316e+00,1.398030188329e+02,2.613113203172e+02,2.242763372035e+02,2.438242241898e+02,-2.465463953577e-02,-2.953483338926e-03,-3.210014571266e+01,-2.681470202221e-02,1.372600461215e-02,-3.042186174279e+01
4.445000000000e+08,8.192839808141e-01,2.495166732639e-01,-1.346088748261e+00,7.972742235753e-01,1.802653074774e-01,-1.751313776244e+00,1.403940338466e+02,2.628792187251e+02,2.254676270531e+02,2.449479161781e+02,-2.452348405055e-02,-2.677413936285e-03,-3.215689592146e+01,-2.649008960399e-02,1.402580353565e-02,-3.046507047919e+01
4.450000000000e+08,8.205178566051e-01,2.485192007491e-01,-1.337059567909e+00,7.981935899793e-01,1.794910485753e-01,-1.743596807816e+00,1.409879590938e+02,2.644506804349e+02,2.266636788559e+02,2.460707457977e+02,-2.439086591147e-02,-2.404577113531e-03,-3.221345020672e+01,-2.616302615639e-02,1.431754736869e-02,-3.050855951589e+01
4.455000000000e+08,8.217391697713e-01,2.475246708236e-01,-1.328132585712e+00,7.991045753272e-01,1.787200176031e-01,-1.735954097692e+00,1.415848140286e+02,2.660257330025e+02,2.278643637349e+02,2.471929067517e+02,-2.425681894970e-02,-2.134954409252e-03,-3.226980977455e+01,-2.583382017516e-02,1.460120682467e-02,-3.055230440054e+01
4.460000000000e+08,8.229480876937e-01,2.465331092867e-01,-1.319306160031e+00,8.000074344569e-01,1.779523174294e-01,-1.728382798104e+00,1.421846182730e+02,2.676044041702e+02,2.290695692378e+02,2.483146132708e+02,-2.412137654444e-02,-1.868527458719e-03,-3.232597583103e+01,-2.550278375752e-02,1.487677338112e-02,-3.059627789734e+01
4.465000000000e+08,8.241447752329e-01,2.455445404435e-01,-1.310578681751e+00,8.009024307129e-01,1.771880351651e-01,-1.720880020667e+00,1.427873916191e+02,2.691867218680e+02,2.302792014198e+02,2.494360989692e+02,-2.398457163163e-02,-1.605277993678e-03,-3.238194958204e+01,-2.517023087133e-02,1.514425967954e-02,-3.064045005221e+01
4.470000000000e+08,8.253293947684e-01,2.445589871551e-01,-1.301948573501e+00,8.017898346466e-01,1.764272412963e-01,-1.713442850744e+00,1.433931540301e+02,2.707727142161e+02,2.314931868484e+02,2.505576155028e+02,-2.384643671249e-02,-1.345187842063e-03,-3.243773223301e+01,-2.483647558699e-02,1.540369977779e-02,-3.068478827404e+01
4.475000000000e+08,8.265021062361e-01,2.435764708870e-01,-1.293414288920e+00,8.026699226377e-01,1.756699889267e-01,-1.706068362283e+00,1.440019256428e+02,2.723624095268e+02,2.327114745122e+02,2.516794310367e+02,-2.370700386178e-02,-1.088238927626e-03,-3.249332498874e+01,-2.450183028433e-02,1.565514925186e-02,-3.072925743257e+01
4.480000000000e+08,8.276630671661e-01,2.425970117565e-01,-1.284974311934e+00,8.035429754478e-01,1.749163131379e-01,-1.698753633016e+00,1.446137267692e+02,2.739558363065e+02,2.339340376162e+02,2.528018285291e+02,-2.356630473601e-02,-8.344132694797e-04,-3.254872905316e+01,-2.416660384741e-02,1.589868514462e-02,-3.077381997344e+01
4.485000000000e+08,8.288124327199e-01,2.416206285781e-01,-1.276627156046e+00,8.044092767148e-01,1.741662304728e-01,-1.691495759926e+00,1.452285778980e+02,2.755530232575e+02,2.351608752464e+02,2.539251038382e+02,-2.342437058129e-02,-5.836929815787e-04,-3.260394562918e+01,-2.383109985979e-02,1.613440576022e-02,-3.081843605109e+01
4.490000000000e+08,8.299503557273e-01,2.406473389075e-01,-1.268371363650e+00,8.052691113983e-01,1.734197385473e-01,-1.684291874869e+00,1.458464996970e+02,2.771539992807e+02,2.363920138859e+02,2.550495636659e+02,-2.328123224119e-02,-3.360602721237e-04,-3.265897591844e+01,-2.349561481357e-02,1.636243030415e-02,-3.086306368003e+01
4.495000000000e+08,8.310769867223e-01,2.396771590847e-01,-1.260205505372e+00,8.061227641870e-01,1.726768157950e-01,-1.677139160244e+00,1.464675130145e+02,2.787587934768e+02,2.376275087693e+02,2.561755233463e+02,-2.313692016420e-02,-9.149744290508e-05,-3.271382112123e+01,-2.316043634514e-02,1.658289836969e-02,-3.090765890465e+01
4.500000000000e+08,8.321924739794e-01,2.387101042751e-01,-1.252128179410e+00,8.069705178799e-01,1.719374213476e-01,-1.670034864601e+00,1.470916388817e+02,2.803674351496e+02,2.388674450578e+02,2.573033044953e+02,-2.299146441125e-02,1.500131114137e-04,-3.276848243623e+01,-2.282584151063e-02,1.679596927279e-02,-3.095217598809e+01
4.505000000000e+08,8.332969635484e-01,2.377461885099e-01,-1.244138010909e+00,8.078126517509e-01,1.712014950553e-01,-1.662976318077e+00,1.477188985142e+02,2.819799538071e+02,2.401119388248e+02,2.584332325343e+02,-2.284489466283e-02,3.884889040684e-04,-3.282296106041e+01,-2.249209511394e-02,1.700182123849e-02,-3.099656761999e+01
4.510000000000e+08,8.343905992896e-01,2.367854247248e-01,-1.236233651341e+00,8.086494399105e-01,1.704689576463e-01,-1.655960947543e+00,1.483493133141e+02,2.835963791638e+02,2.413611378374e+02,2.595656341039e+02,-2.269724022611e-02,6.239473570187e-04,-3.287725818884e+01,-2.215944810000e-02,1.720065044302e-02,-3.104078514327e+01
4.515000000000e+08,8.354735229083e-01,2.358278247977e-01,-1.228413777908e+00,8.094811496749e-01,1.697397110283e-01,-1.648986291355e+00,1.489829048724e+02,2.852167411440e+02,2.426152221240e+02,2.607008343849e+02,-2.254853004181e-02,8.564058018195e-04,-3.293137501457e+01,-2.182813602554e-02,1.739266991672e-02,-3.108477879950e+01
4.520000000000e+08,8.365458739882e-01,2.348733995852e-01,-1.220677092959e+00,8.103080399558e-01,1.690136387304e-01,-1.642050013597e+00,1.496196949704e+02,2.868410698821e+02,2.438744043197e+02,2.618391543439e+02,-2.239879269093e-02,1.085881480538e-03,-3.298531272849e+01,-2.149837761928e-02,1.757810831416e-02,-3.112849799239e+01
4.525000000000e+08,8.376077900258e-01,2.339221589581e-01,-1.213022323413e+00,8.111303596806e-01,1.682906064851e-01,-1.635149917704e+00,1.502597055818e+02,2.884693957269e+02,2.451389297802e+02,2.629809079219e+02,-2.224805640131e-02,1.312391546712e-03,-3.303907251916e+01,-2.117037344294e-02,1.775720855865e-02,-3.117189156867e+01
4.530000000000e+08,8.386594064624e-01,2.329741118352e-01,-1.205448220217e+00,8.119483462580e-01,1.675704629464e-01,-1.628283959362e+00,1.509029588754e+02,2.901017492424e+02,2.464090764587e+02,2.641263991851e+02,-2.209634905404e-02,1.535953066343e-03,-3.309265557276e+01,-2.084430466390e-02,1.793022636933e-02,-3.121490811529e+01
4.535000000000e+08,8.397008567175e-01,2.320292662170e-01,-1.197953557796e+00,8.127622240973e-01,1.668530405429e-01,-1.621450258591e+00,1.515494772162e+02,2.917381612107e+02,2.476851545419e+02,2.652759194577e+02,-2.194369818973e-02,1.756583018929e-03,-3.314606307288e+01,-2.052033194969e-02,1.809742868002e-02,-3.125749627158e+01
4.540000000000e+08,8.407322722203e-01,2.310876292173e-01,-1.190537133537e+00,8.135722031958e-01,1.661381564601e-01,-1.614647110893e+00,1.521992831683e+02,2.933786626343e+02,2.489675058413e+02,2.664297444555e+02,-2.179013101461e-02,1.974298298526e-03,-3.319929620047e+01,-2.019859449366e-02,1.825909195998e-02,-3.129960505492e+01
4.545000000000e+08,8.417537824415e-01,2.301492070946e-01,-1.183197767270e+00,8.143784778032e-01,1.654256137470e-01,-1.607872997393e+00,1.528523994971e+02,2.950232847381e+02,2.502565029379e+02,2.675881314418e+02,-2.163567440648e-02,2.189115714837e-03,-3.325235613371e+01,-1.987920918056e-02,1.841550044708e-02,-3.134118419787e+01
4.550000000000e+08,8.427655149248e-01,2.292140052822e-01,-1.175934300768e+00,8.151812251750e-01,1.647152025413e-01,-1.601126593876e+00,1.535088491706e+02,2.966720589726e+02,2.515525480821e+02,2.687513164245e+02,-2.148035492053e-02,2.401051994333e-03,-3.330524404793e+01,-1.956226989964e-02,1.856694430534e-02,-3.138218449458e+01
4.555000000000e+08,8.437675953171e-01,2.282820284173e-01,-1.168745597266e+00,8.159806044247e-01,1.640067014055e-01,-1.594406778638e+00,1.541686553624e+02,2.983250170152e+02,2.528560718487e+02,2.699195114147e+02,-2.132419879503e-02,2.610123781391e-03,-3.335796111547e+01,-1.924784701213e-02,1.871371771877e-02,-3.142255815405e+01
4.560000000000e+08,8.447601473992e-01,2.273532803693e-01,-1.161630540985e+00,8.167767554848e-01,1.632998787661e-01,-1.587712639088e+00,1.548318414537e+02,2.999821907737e+02,2.541675315513e+02,2.710929017676e+02,-2.116723195686e-02,2.816347639457e-03,-3.341050850563e+01,-1.893598697890e-02,1.885611693459e-02,-3.146225915749e+01
4.565000000000e+08,8.457432931152e-01,2.264277642671e-01,-1.154588036669e+00,8.175697981849e-01,1.625944944478e-01,-1.581043477022e+00,1.554984310356e+02,3.016436123879e+02,2.554874094201e+02,2.722716436240e+02,-2.100948002690e-02,3.019740052233e-03,-3.346288738455e+01,-1.862671215291e-02,1.899443826907e-02,-3.150124361664e+01
4.570000000000e+08,8.467171526023e-01,2.255054825260e-01,-1.147617009137e+00,8.183598314565e-01,1.618903012922e-01,-1.574398812529e+00,1.561684479110e+02,3.033093142325e+02,2.568162105492e+02,2.734558614728e+02,-2.085096832533e-02,3.220317424868e-03,-3.351509891518e+01,-1.832002074020e-02,1.912897608976e-02,-3.153947012992e+01
4.575000000000e+08,8.476818442196e-01,2.245864368726e-01,-1.140716402840e+00,8.191469326704e-01,1.611870468506e-01,-1.567778386465e+00,1.568419160975e+02,3.049793289200e+02,2.581544606206e+02,2.746456458533e+02,-2.069172187675e-02,3.418096085177e-03,-3.356714425712e+01,-1.801588693188e-02,1.926002078839e-02,-3.157690013299e+01
4.580000000000e+08,8.486374845762e-01,2.236706283706e-01,-1.133885181441e+00,8.199311571158e-01,1.604844751416e-01,-1.561182161468e+00,1.575188598292e+02,3.066536893021e+02,2.595027034137e+02,2.758410512150e+02,-2.053176541520e-02,3.613092284866e-03,-3.361902456664e+01,-1.771426120829e-02,1.938785675873e-02,-3.161349824010e+01
4.585000000000e+08,8.495841885599e-01,2.227580574441e-01,-1.127122327389e+00,8.207125376242e-01,1.597823284593e-01,-1.554610321484e+00,1.581993035596e+02,3.083324284737e+02,2.608614981107e+02,2.770420939550e+02,-2.037112338906e-02,3.805322200772e-03,-3.367074099656e+01,-1.741507081571e-02,1.951276039394e-02,-3.164923257270e+01
4.590000000000e+08,8.505220693644e-01,2.218487239014e-01,-1.120426841518e+00,8.214910843457e-01,1.590803492227e-01,-1.548063269786e+00,1.588832719636e+02,3.100155797744e+02,2.622314164074e+02,2.782487506482e+02,-2.020981996581e-02,3.994801936107e-03,-3.372229469618e+01,-1.711822041422e-02,1.963499811810e-02,-3.168407507150e+01
4.595000000000e+08,8.514512385166e-01,2.209426269575e-01,-1.113797742651e+00,8.222667846797e-01,1.583782818515e-01,-1.541541625470e+00,1.595707899397e+02,3.117031767917e+02,2.636130394436e+02,2.794609564891e+02,-2.004787903672e-02,4.181547521714e-03,-3.377368681124e+01,-1.682359289462e-02,1.975482446639e-02,-3.171800178854e+01
4.600000000000e+08,8.523718059034e-01,2.200397652559e-01,-1.107234067208e+00,8.230396033640e-01,1.576758746571e-01,-1.535046218451e+00,1.602618826134e+02,3.133952533636e+02,2.650069545652e+02,2.806786039608e+02,-1.988532422133e-02,4.365574917328e-03,-3.382491848387e+01,-1.653105036069e-02,1.987248022835e-02,-3.175099315568e+01
4.605000000000e+08,8.532838797980e-01,2.191401368898e-01,-1.100734868837e+00,8.238094827238e-01,1.569728817340e-01,-1.528578082948e+00,1.609565753386e+02,3.150918435811e+02,2.664137519345e+02,2.819015417474e+02,-1.972217887193e-02,4.546900012843e-03,-3.387599085253e+01,-1.624043527222e-02,1.998819066845e-02,-3.178303422609e+01
4.610000000000e+08,8.541875668860e-01,2.182437394227e-01,-1.094299218037e+00,8.245763430811e-01,1.562690648399e-01,-1.522138449506e+00,1.616548937010e+02,3.167929817912e+02,2.678340210019e+02,2.831295739047e+02,-1.955846607786e-02,4.725538629576e-03,-3.392690505196e+01,-1.595157174260e-02,2.010216383768e-02,-3.181411488586e+01
4.615000000000e+08,8.550829722908e-01,2.173505699083e-01,-1.087926201806e+00,8.253400833249e-01,1.555641952488e-01,-1.515728735573e+00,1.623568635198e+02,3.184987025995e+02,2.692683468592e+02,2.843624593039e+02,-1.939420866970e-02,4.901506521540e-03,-3.397766221311e+01,-1.566426698407e-02,2.021458898957e-02,-3.184423003281e+01
4.620000000000e+08,8.559701995985e-01,2.164606249095e-01,-1.081614923293e+00,8.261005816402e-01,1.548580555658e-01,-1.509350534687e+00,1.630625108514e+02,3.202090408729e+02,2.707173064909e+02,2.855999113621e+02,-1.922942922339e-02,5.074819376717e-03,-3.402826346316e+01,-1.537831289222e-02,2.032563511352e-02,-3.187337972008e+01
4.625000000000e+08,8.568493508834e-01,2.155739005176e-01,-1.075364501445e+00,8.268576963928e-01,1.541504414886e-01,-1.503005604326e+00,1.637718619906e+02,3.219240317429e+02,2.721814649438e+02,2.868415980719e+02,-1.906415006423e-02,5.245492818320e-03,-3.407870992543e+01,-1.509348776038e-02,2.043544959750e-02,-3.190156926256e+01
4.630000000000e+08,8.577205267314e-01,2.146903923695e-01,-1.069174070687e+00,8.276112671674e-01,1.534411635021e-01,-1.496695852488e+00,1.644849434750e+02,3.236437106079e+02,2.736613714367e+02,2.880871423434e+02,-1.889839327079e-02,5.413542406069e-03,-3.412900271936e+01,-1.480955811346e-02,2.054415703161e-02,-3.192880930471e+01
4.635000000000e+08,8.585838262646e-01,2.138100956660e-01,-1.063042780591e+00,8.283611159526e-01,1.527300484946e-01,-1.490423323073e+00,1.652017820859e+02,3.253681131365e+02,2.751575554307e+02,2.893361226679e+02,-1.873218067866e-02,5.578983637450e-03,-3.417914296049e+01,-1.452628064992e-02,2.065185816314e-02,-3.195511584848e+01
4.640000000000e+08,8.594393471645e-01,2.129330051884e-01,-1.056969795558e+00,8.291070484680e-01,1.520169412808e-01,-1.484190180162e+00,1.659224048521e+02,3.270972752700e+02,2.766705226867e+02,2.905880741146e+02,-1.856553388423e-02,5.741831948977e-03,-3.422913176039e+01,-1.424340427931e-02,2.075862901277e-02,-3.198051024111e+01
4.645000000000e+08,8.602871856955e-01,2.120591153146e-01,-1.050954294510e+00,8.298488556257e-01,1.513017060212e-01,-1.477998691267e+00,1.666468390528e+02,3.288312332262e+02,2.782007513326e+02,2.918424896681e+02,-1.839847424823e-02,5.902102717448e-03,-3.427897022671e+01,-1.396067224234e-02,2.086452016061e-02,-3.200501912266e+01
4.650000000000e+08,8.611274367274e-01,2.111884200357e-01,-1.044995470590e+00,8.305863151181e-01,1.505842275245e-01,-1.471851209677e+00,1.673751122195e+02,3.305700235013e+02,2.797486879686e+02,2.930988219139e+02,-1.823102289930e-02,6.059811261194e-03,-3.432865946309e+01,-1.367782429945e-02,2.096955620981e-02,-3.202867433374e+01
4.655000000000e+08,8.619601937579e-01,2.103209129705e-01,-1.039092530864e+00,8.313191931232e-01,1.498644124228e-01,-1.465750155989e+00,1.681072521397e+02,3.323136828739e+02,2.813147438388e+02,2.943564850782e+02,-1.806320073739e-02,6.214972841322e-03,-3.437820056915e+01,-1.339459897310e-02,2.107373543406e-02,-3.205151278471e+01
4.660000000000e+08,8.627855489349e-01,2.094565873809e-01,-1.033244696034e+00,8.320472461170e-01,1.491421902085e-01,-1.459697998951e+00,1.688432868596e+02,3.340622484077e+02,2.828992910976e+02,2.956148574244e+02,-1.789502843710e-02,6.367602662946e-03,-3.442759464050e+01,-1.311073582857e-02,2.117702961441e-02,-3.207357628756e+01
4.665000000000e+08,8.636035930780e-01,2.085954361865e-01,-1.027451200158e+00,8.327702227816e-01,1.484175141244e-01,-1.453697235733e+00,1.695832446863e+02,3.358157574545e+02,2.845026592029e+02,2.968732840089e+02,-1.772652645097e-02,6.517715876419e-03,-3.447684276870e+01,-1.282597777743e-02,2.127938406944e-02,-3.209491135273e+01
4.670000000000e+08,8.644144156998e-01,2.077374519780e-01,-1.021711290375e+00,8.334878659978e-01,1.476903618961e-01,-1.447750371753e+00,1.703271541916e+02,3.375742476574e+02,2.861251314688e+02,2.981310797948e+02,-1.755771501260e-02,6.665327578547e-03,-3.452594604125e+01,-1.254007338750e-02,2.138071788142e-02,-3.211556895296e+01
4.675000000000e+08,8.652181050271e-01,2.068826270309e-01,-1.016024226639e+00,8.341999149090e-01,1.469607363012e-01,-1.441859900194e+00,1.710750442150e+02,3.393377569544e+02,2.877669418105e+02,2.993875331212e+02,-1.738861413977e-02,6.810452813793e-03,-3.457490554159e+01,-1.225277918275e-02,2.148092431994e-02,-3.213560425702e+01
4.680000000000e+08,8.660147480215e-01,2.060309533189e-01,-1.010389281454e+00,8.349061070428e-01,1.462286655668e-01,-1.436028281338e+00,1.718269438657e+02,3.411063235811e+02,2.894282717165e+02,3.006419095201e+02,-1.721924363744e-02,6.953106575481e-03,-3.462372234909e+01,-1.196386191648e-02,2.157987146296e-02,-3.215507633621e+01
4.685000000000e+08,8.668044303994e-01,2.051824225262e-01,-1.004805739623e+00,8.356061804771e-01,1.454942035904e-01,-1.430257921865e+00,1.725828825272e+02,3.428799860742e+02,2.911092474842e+02,3.018934558736e+02,-1.704962310070e-02,7.093303806974e-03,-3.467239753902e+01,-1.167310080096e-02,2.167740301404e-02,-3.217404784680e+01
4.690000000000e+08,8.675872366526e-01,2.043370260597e-01,-9.992728979949e-01,8.362998760348e-01,1.447574299789e-01,-1.424551154246e+00,1.733428898591e+02,3.446587832750e+02,2.928099377547e+02,3.031414048969e+02,-1.687977191761e-02,7.231059402850e-03,-3.472093218258e+01,-1.138028967681e-02,2.177333931267e-02,-3.219258469164e+01
4.695000000000e+08,8.683632500674e-01,2.034947550612e-01,-9.937900652238e-01,8.369869394934e-01,1.440184499030e-01,-1.418910216380e+00,1.741069958010e+02,3.464427543324e+02,2.945303513839e+02,3.043849799314e+02,-1.670970927197e-02,7.366388210066e-03,-3.476932734687e+01,-1.108523910559e-02,2.186747853388e-02,-3.221075566442e+01
4.700000000000e+08,8.691325527442e-01,2.026556004187e-01,-9.883565615294e-01,8.376671237924e-01,1.432773937649e-01,-1.413337231606e+00,1.748752305751e+02,3.482319387067e+02,2.962704356854e+02,3.056234000277e+02,-1.653945414605e-02,7.499305029103e-03,-3.481758409490e+01,-1.078777836921e-02,2.195959807119e-02,-3.222863207985e+01
4.705000000000e+08,8.698952256163e-01,2.018195527774e-01,-9.829717184671e-01,8.383401912247e-01,1.425344166770e-01,-1.407834189244e+00,1.756476246903e+02,3.500263761726e+02,2.980300750827e+02,3.068558852926e+02,-1.636902532320e-02,7.629824615102e-03,-3.486570348561e+01,-1.048775736024e-02,2.204945609612e-02,-3.224628739311e+01
4.710000000000e+08,8.706513484689e-01,2.009866025508e-01,-9.776348786972e-01,8.390059155946e-01,1.417896977539e-01,-1.402402925790e+00,1.764242089445e+02,3.518261068230e+02,2.998090902062e+02,3.080816624728e+02,-1.619844139046e-02,7.757961678987e-03,-3.491368657382e+01,-1.018504834782e-02,2.213679328574e-02,-3.226379681160e+01
4.715000000000e+08,8.714009999572e-01,2.001567399307e-01,-9.723453957667e-01,8.396640843267e-01,1.410434392185e-01,-1.397045106907e+00,1.772050144285e+02,3.536311710727e+02,3.016072374666e+02,3.092999707406e+02,-1.602772074103e-02,7.883730888571e-03,-3.496153441029e+01,-9.879547604235e-03,2.222133470872e-02,-3.228123690233e+01
4.720000000000e+08,8.721442576244e-01,1.993299548976e-01,-9.671026338928e-01,8.403145005112e-01,1.402958653247e-01,-1.391762210347e+00,1.779900725295e+02,3.554416096611e+02,3.034242091399e+02,3.105100676436e+02,-1.585688157670e-02,8.007146869650e-03,-3.500924804171e+01,-9.571176878165e-03,2.230279185876e-02,-3.229868519729e+01
4.725000000000e+08,8.728811979199e-01,1.985062372302e-01,-9.619059677480e-01,8.409569848676e-01,1.395472211022e-01,-1.386555509932e+00,1.787794149340e+02,3.572574636572e+02,3.052596339908e+02,3.117112351769e+02,-1.568594191023e-02,8.128224207080e-03,-3.505682851069e+01,-9.259884701472e-03,2.238086482324e-02,-3.231621979973e+01
4.730000000000e+08,8.736118962161e-01,1.976855765150e-01,-9.567547822587e-01,8.415913776130e-01,1.387977709289e-01,-1.381426060722e+00,1.795730736321e+02,3.590787744619e+02,3.071130784621e+02,3.129027859292e+02,-1.551491956766e-02,8.246977445843e-03,-3.510427685578e+01,-8.945647517157e-03,2.245524457379e-02,-3.233391899339e+01
4.735000000000e+08,8.743364268265e-01,1.968679621557e-01,-9.516484723945e-01,8.422175402198e-01,1.380477969374e-01,-1.376374685476e+00,1.803710809193e+02,3.609055838128e+02,3.089840484518e+02,3.140840692525e+02,-1.534383219055e-02,8.363421092091e-03,-3.515159411150e+01,-8.628470617363e-03,2.252561536415e-02,-3.235186085666e+01
4.740000000000e+08,8.750548630214e-01,1.960533833813e-01,-9.465864429833e-01,8.428353570479e-01,1.372975972640e-01,-1.371401962538e+00,1.811734694025e+02,3.627379337870e+02,3.108719916955e+02,3.152544774003e+02,-1.517269723817e-02,8.477569614178e-03,-3.519878130831e+01,-8.308388881362e-03,2.259165721995e-02,-3.237012288345e+01
4.745000000000e+08,8.757672770456e-01,1.952418292555e-01,-9.415681085062e-01,8.434447368370e-01,1.365474841510e-01,-1.366508215236e+00,1.819802720014e+02,3.645758668058e+02,3.127763007681e+02,3.164134515739e+02,-1.500153198962e-02,8.589437443682e-03,-3.524583947267e+01,-7.985467304735e-03,2.265304850400e-02,-3.238878161186e+01
4.750000000000e+08,8.764737401341e-01,1.944332886844e-01,-9.365928929159e-01,8.440456140465e-01,1.357977819115e-01,-1.361693502906e+00,1.827915219534e+02,3.664194256378e+02,3.146963167092e+02,3.175604878157e+02,-1.483035354589e-02,8.699038976396e-03,-3.529276962701e+01,-7.659801312253e-03,2.270946853977e-02,-3.240791226197e+01
4.755000000000e+08,8.771743225284e-01,1.936277504247e-01,-9.316602294498e-01,8.446379500312e-01,1.350488247700e-01,-1.356957613617e+00,1.836072528170e+02,3.682686534036e+02,3.166313332754e+02,3.186951426853e+02,-1.465917883191e-02,8.806388573317e-03,-3.533957278980e+01,-7.331516848398e-03,2.276060027523e-02,-3.242758838323e+01
4.760000000000e+08,8.778690934919e-01,1.928252030915e-01,-9.267695604533e-01,8.452217340394e-01,1.343009545910e-01,-1.352300058686e+00,1.844274984756e+02,3.701235935786e+02,3.185806018102e+02,3.198170386496e+02,-1.448802459845e-02,8.911500561613e-03,-3.538624997552e+01,-7.000770240919e-03,2.280613296832e-02,-3.244788151196e+01
4.765000000000e+08,8.785581213261e-01,1.920256351658e-01,-9.219203371969e-01,8.457969840246e-01,1.335545185107e-01,-1.347720069053e+00,1.852522931408e+02,3.719842899984e+02,3.205433367205e+02,3.209258691213e+02,-1.431690742410e-02,9.014389235570e-03,-3.543280219469e+01,-6.667747834335e-03,2.284576487523e-02,-3.246886083919e+01
4.770000000000e+08,8.792414733852e-01,1.912290350016e-01,-9.171120197105e-01,8.463637472611e-01,1.328098664858e-01,-1.343216593563e+00,1.860816713572e+02,3.738507868617e+02,3.225187215351e+02,3.220214030773e+02,-1.414584371706e-02,9.115068857526e-03,-3.547923045390e+01,-6.332665391902e-03,2.287920592181e-02,-3.249059288871e+01
4.775000000000e+08,8.799192160914e-01,1.904353908331e-01,-9.123440766121e-01,8.469221007548e-01,1.320673487766e-01,-1.338788299225e+00,1.869156680054e+02,3.757231287350e+02,3.245059155186e+02,3.231034891881e+02,-1.397484971696e-02,9.213553658788e-03,-3.552553575583e+01,-5.995767266150e-03,2.290618033870e-02,-3.251314120502e+01
4.780000000000e+08,8.805914149496e-01,1.896446907813e-01,-9.076159849434e-01,8.474721514435e-01,1.313273133801e-01,-1.334433573463e+00,1.877543183067e+02,3.776013605567e+02,3.265040608009e+02,3.241720593953e+02,-1.380394149665e-02,9.309857840531e-03,-3.557171909926e+01,-5.657325339745e-03,2.292642924027e-02,-3.253656605081e+01
4.785000000000e+08,8.812581345618e-01,1.888569228608e-01,-9.029272300094e-01,8.480140361795e-01,1.305901034314e-01,-1.330150528398e+00,1.885976578265e+02,3.794855276411e+02,3.285122899773e+02,3.252271318722e+02,-1.363313496385e-02,9.403995574676e-03,-3.561778147911e+01,-5.317637740123e-03,2.293971312768e-02,-3.256092411324e+01
4.790000000000e+08,8.819194386416e-01,1.880720749860e-01,-8.982773052189e-01,8.485479214920e-01,1.298560545907e-01,-1.325937007169e+00,1.894457224786e+02,3.813756756828e+02,3.305297341266e+02,3.262688133099e+02,-1.346244586286e-02,9.495981004761e-03,-3.566372388646e+01,-4.977027332980e-03,2.294581429658e-02,-3.258626821834e+01
4.795000000000e+08,8.825753900279e-01,1.872901349771e-01,-8.936657119337e-01,8.490740031264e-01,1.291254924353e-01,-1.321790592283e+00,1.902985485298e+02,3.832718507614e+02,3.325555311847e+02,3.272973004738e+02,-1.329188977614e-02,9.585828246778e-03,-3.570954730853e+01,-4.635840001377e-03,2.294453913005e-02,-3.261264705278e+01
4.800000000000e+08,8.832260506987e-01,1.865110905664e-01,-8.890919593170e-01,8.495925053585e-01,1.283987298739e-01,-1.317708615999e+00,1.911561726033e+02,3.851740993448e+02,3.345888346076e+02,3.283128809838e+02,-1.312148212588e-02,9.673551390012e-03,-3.575525272881e+01,-4.294442718901e-03,2.293572025819e-02,-3.264010489196e+01
4.805000000000e+08,8.838714817849e-01,1.857349294037e-01,-8.845555641841e-01,8.501036800852e-01,1.276760646047e-01,-1.313688172700e+00,1.920186316835e+02,3.870824682948e+02,3.366288222470e+02,3.293159332750e+02,-1.295123817556e-02,9.759164497844e-03,-3.580084112695e+01,-3.953221426887e-03,2.291921856600e-02,-3.266868133387e+01
4.810000000000e+08,8.845117435834e-01,1.849616390621e-01,-8.800560508597e-01,8.506078056931e-01,1.269577766332e-01,-1.309726133218e+00,1.928859631200e+02,3.889970048711e+02,3.386747053617e+02,3.303069257078e+02,-1.278117303138e-02,9.842681608551e-03,-3.584631347892e+01,-3.612578727376e-03,2.289492503212e-02,-3.269841103751e+01
4.815000000000e+08,8.851468955702e-01,1.841912070430e-01,-8.755929510381e-01,8.511051857091e-01,1.262441258721e-01,-1.305819161054e+00,1.937582046323e+02,3.909177567360e+02,3.407257376776e+02,3.312864148005e+02,-1.261130164375e-02,9.924116736078e-03,-3.589167075694e+01,-3.272931404924e-03,2.286276238184e-02,-3.272932346549e+01
4.820000000000e+08,8.857769964134e-01,1.834236207819e-01,-8.711658036421e-01,8.515961472381e-01,1.255353498396e-01,-1.301963730433e+00,1.946353943136e+02,3.928447719587e+02,3.427812244107e+02,3.322550425691e+02,-1.244163880866e-02,1.000348387080e-02,-3.593691392956e+01,-2.934707791935e-03,2.282268653880e-02,-3.276144262986e+01
4.825000000000e+08,8.864021039854e-01,1.826588676526e-01,-8.667741546941e-01,8.520810391948e-01,1.248316614763e-01,-1.298156146085e+00,1.955175706367e+02,3.947780990201e+02,3.448405311608e+02,3.332135329689e+02,-1.227219916904e-02,1.008079698025e-02,-3.598204396167e+01,-2.598344993533e-03,2.277468786076e-02,-3.279478684087e+01
4.830000000000e+08,8.870222753761e-01,1.818969349729e-01,-8.624175571752e-01,8.525602303381e-01,1.241332470978e-01,-1.294392564689e+00,1.964047724564e+02,3.967177868179e+02,3.469030925862e+02,3.341626874411e+02,-1.210299721613e-02,1.015607000987e-02,-3.602706181453e+01,-2.264285989342e-03,2.271879214638e-02,-3.282936845829e+01
4.835000000000e+08,8.876375669045e-01,1.811378100087e-01,-8.580955709033e-01,8.530341071184e-01,1.234402645017e-01,-1.290669017829e+00,1.972970390157e+02,3.986638846711e+02,3.489684207668e+02,3.351033795775e+02,-1.193404729069e-02,1.022931688369e-02,-3.607196844583e+01,-1.932976630730e-03,2.265506140104e-02,-3.286519364528e+01
4.840000000000e+08,8.882480341307e-01,1.803814799786e-01,-8.538077624058e-01,8.535030713488e-01,1.227528412442e-01,-1.286981436373e+00,1.981944099507e+02,4.006164423244e+02,3.510361131662e+02,3.360365489292e+02,-1.176536358432e-02,1.030055150501e-02,-3.611676480968e+01,-1.604862553226e-03,2.258359435133e-02,-3.290226212493e+01
4.845000000000e+08,8.888537318681e-01,1.796279320584e-01,-8.495537047932e-01,8.539675377147e-01,1.220710731046e-01,-1.283325676101e+00,1.990969252942e+02,4.025755099542e+02,3.531058601058e+02,3.369631939899e+02,-1.159696014063e-02,1.036978775711e-02,-3.616145185665e+01,-1.280386024787e-03,2.250452669937e-02,-3.294056694017e+01
4.850000000000e+08,8.894547141950e-01,1.788771533855e-01,-8.453329776367e-01,8.544279311344e-01,1.213950227502e-01,-1.279697544467e+00,2.000046254806e+02,4.045411381727e+02,3.551774516666e+02,3.378843643994e+02,-1.142885085644e-02,1.043703950386e-02,-3.620603053385e+01,-9.599827514732e-04,2.241803110988e-02,-3.298009421789e+01
4.855000000000e+08,8.900510344656e-01,1.781291310625e-01,-8.411451668552e-01,8.548846839890e-01,1.207247186174e-01,-1.276092828294e+00,2.009175513521e+02,4.065133780336e+02,3.572507839402e+02,3.388011524170e+02,-1.126104948291e-02,1.050232059036e-02,-3.625050178490e+01,-6.440786628660e-04,2.232431692463e-02,-3.302082293869e+01
4.860000000000e+08,8.906427453214e-01,1.773838521615e-01,-8.369898645967e-01,8.553382332362e-01,1.200601540203e-01,-1.272507322257e+00,2.018357441626e+02,4.084922810362e+02,3.593258645575e+02,3.397146837251e+02,-1.109356962667e-02,1.056564484360e-02,-3.629486655001e+01,-3.330867001115e-04,2.222362960062e-02,-3.306272471394e+01
4.865000000000e+08,8.912298987025e-01,1.766413037279e-01,-8.328666691227e-01,8.557890174289e-01,1.194012865000e-01,-1.268936857953e+00,2.027592455824e+02,4.104778991318e+02,3.614028174269e+02,3.406261076287e+02,-1.092642475091e-02,1.062702607299e-02,-3.633912576596e+01,-2.740362997156e-05,2.211624987049e-02,-3.310576357278e+01
4.870000000000e+08,8.918125458582e-01,1.759014727837e-01,-8.287751846992e-01,8.562374736562e-01,1.187480374217e-01,-1.265377333370e+00,2.036880977046e+02,4.124702847286e+02,3.634818866263e+02,3.415365867241e+02,-1.075962817638e-02,1.068647807100e-02,-3.638328036623e+01,2.725930914592e-04,2.200249262530e-02,-3.314989576162e+01
4.875000000000e+08,8.923907373576e-01,1.751643463317e-01,-8.247150214882e-01,8.566840344281e-01,1.181002918309e-01,-1.261824742547e+00,2.046223430488e+02,4.144694906962e+02,3.655634393951e+02,3.424472861136e+02,-1.059319308247e-02,1.074401461371e-02,-3.642733128094e+01,5.665483815545e-04,2.188270552206e-02,-3.319506955992e+01
4.880000000000e+08,8.929645231004e-01,1.744299113584e-01,-8.206857954389e-01,8.571291245258e-01,1.174578985734e-01,-1.258275205222e+00,2.055620245673e+02,4.164755703725e+02,3.676479681865e+02,3.433593622480e+02,-1.042713250816e-02,1.079964946132e-02,-3.647127943692e+01,8.541324967067e-04,2.175726732031e-02,-3.324122511629e+01
4.885000000000e+08,8.935339523269e-01,1.736981548373e-01,-8.166871281860e-01,8.575731578374e-01,1.168206706844e-01,-1.254724996244e+00,2.065071856505e+02,4.184885775680e+02,3.697360917454e+02,3.442739514799e+02,-1.026145935301e-02,1.085339635875e-02,-3.651512575778e+01,1.135043877013e-03,2.162658595398e-02,-3.328829430968e+01
4.890000000000e+08,8.940990736281e-01,1.729690637324e-01,-8.127186469479e-01,8.580165342051e-01,1.161883860505e-01,-1.251170574540e+00,2.074578701318e+02,4.205085665714e+02,3.718285551852e+02,3.451921584150e+02,-1.009618637806e-02,1.090526903608e-02,-3.655887116389e+01,1.409011846869e-03,2.149109634688e-02,-3.333620064122e+01
4.895000000000e+08,8.946599349561e-01,1.722426250012e-01,-8.087799844221e-01,8.584596363031e-01,1.155607883459e-01,-1.247608611409e+00,2.084141222928e+02,4.225355921562e+02,3.739262290485e+02,3.461150441455e+02,-9.931326206762e-03,1.095528120910e-02,-3.660251657248e+01,1.675799148772e-03,2.135125798230e-02,-3.338485916287e+01
4.900000000000e+08,8.952165836334e-01,1.715188255975e-01,-8.048707786931e-01,8.589028265731e-01,1.149375882404e-01,-1.244036017914e+00,2.093759868698e+02,4.245697095852e+02,3.760301073394e+02,3.470436144546e+02,-9.766891325863e-03,1.100344657976e-02,-3.664606289760e+01,1.935204288307e-03,2.120755223876e-02,-3.343417644963e+01
4.905000000000e+08,8.957690663629e-01,1.707976524744e-01,-8.009906731319e-01,8.593464442380e-01,1.143184648797e-01,-1.240449971168e+00,2.103435090588e+02,4.266109746173e+02,3.781413045280e+02,3.479788080728e+02,-9.602894086237e-03,1.104977883665e-02,-3.668951105024e+01,2.187063669187e-03,2.106047950652e-02,-3.348405062296e+01
4.910000000000e+08,8.963174292371e-01,1.700790925868e-01,-7.971393163057e-01,8.597908024193e-01,1.137030676304e-01,-1.236847939274e+00,2.113167345217e+02,4.286594435128e+02,3.802610515288e+02,3.489214850726e+02,-9.439346703730e-03,1.109429165541e-02,-3.673286193832e+01,2.431253498250e-03,2.091055610061e-02,-3.353437143310e+01
4.915000000000e+08,8.968617177476e-01,1.693631328948e-01,-7.933163618826e-01,8.602361853800e-01,1.130910180849e-01,-1.233227704714e+00,2.122957093909e+02,4.307151730392e+02,3.823906906655e+02,3.498724154800e+02,-9.276261259960e-03,1.113699869921e-02,-3.677611646675e+01,2.667691441498e-03,2.075831098868e-02,-3.358502040909e+01
4.920000000000e+08,8.974019767942e-01,1.686497603651e-01,-7.895214685443e-01,8.606828459176e-01,1.124819123173e-01,-1.229587385983e+00,2.132804802773e+02,4.327782204781e+02,3.845316696365e+02,3.508322681803e+02,-9.113649703100e-03,1.117791361913e-02,-3.681927553744e+01,2.896338013646e-03,2.060428235298e-02,-3.363587108497e+01
4.925000000000e+08,8.979382506939e-01,1.679389619748e-01,-7.857542998952e-01,8.611310029270e-01,1.118753233798e-01,-1.225925457251e+00,2.142710942737e+02,4.348486436301e+02,3.866855345026e+02,3.518016001949e+02,-8.951523848633e-03,1.121705005455e-02,-3.686234004939e+01,3.117197685140e-03,2.044901400807e-02,-3.368678931121e+01
4.930000000000e+08,8.984705831898e-01,1.672307247125e-01,-7.820145243778e-01,8.615808391583e-01,1.112708040258e-01,-1.222240765884e+00,2.152675989635e+02,4.369265008222e+02,3.888539217183e+02,3.527808463982e+02,-8.789895380091e-03,1.125442163356e-02,-3.690531089867e+01,3.330319692287e-03,2.029305169680e-02,-3.373763366012e+01
4.935000000000e+08,8.989990174596e-01,1.665250355817e-01,-7.783018151884e-01,8.620324991872e-01,1.106678896482e-01,-1.218532547618e+00,2.162700424245e+02,4.390118509129e+02,3.910385492360e+02,3.537703097461e+02,-8.628775849766e-03,1.129004197327e-02,-3.694818897852e+01,3.535798537900e-03,2.013693928887e-02,-3.378825593358e+01
4.940000000000e+08,8.995235961244e-01,1.658218816023e-01,-7.746158501925e-01,8.624860876198e-01,1.100661014128e-01,-1.214800439248e+00,2.172784732369e+02,4.411047532992e+02,3.932412067112e+02,3.547701520798e+02,-8.468176679404e-03,1.132392468023e-02,-3.699097517936e+01,3.733774171838e-03,1.998121490735e-02,-3.383850178097e+01
4.945000000000e+08,9.000443612572e-01,1.651212498131e-01,-7.709563118426e-01,8.629416675498e-01,1.094649495723e-01,-1.211044488659e+00,2.182929404884e+02,4.432052679236e+02,3.954637448382e+02,3.557803855722e+02,-8.308109160880e-03,1.135608335069e-02,-3.703367038882e+01,3.924431842820e-03,1.982640700965e-02,-3.388821143372e+01
4.950000000000e+08,9.005613543908e-01,1.644231272734e-01,-7.673228871022e-01,8.633992592848e-01,1.088639369386e-01,-1.207265162073e+00,2.193134937821e+02,4.453134552798e+02,3.977080638520e+02,3.568008648773e+02,-8.148584456842e-03,1.138653157095e-02,-3.707627549181e+01,4.108001615070e-03,1.967303045038e-02,-3.393722056190e+01
4.955000000000e+08,9.010746165263e-01,1.637275010658e-01,-7.637152673638e-01,8.638588393581e-01,1.082625624930e-01,-1.203463348400e+00,2.203401832407e+02,4.474293764193e+02,3.999761012266e+02,3.578312800458e+02,-7.989613601356e-03,1.141528291766e-02,-3.711879137056e+01,4.284757545600e-03,1.952158255439e-02,-3.398536125607e+01
4.960000000000e+08,9.015841881410e-01,1.630343582973e-01,-7.601331483736e-01,8.643203398407e-01,1.076603251116e-01,-1.199640360589e+00,2.213730595155e+02,4.495530929589e+02,4.022698186072e+02,3.588711502685e+02,-7.831207500508e-03,1.144235095809e-02,-3.716121890462e+01,4.455016520249e-03,1.937253922860e-02,-3.403246313528e+01
4.965000000000e+08,9.020901091960e-01,1.623436861013e-01,-7.565762301600e-01,8.647836479636e-01,1.070567273806e-01,-1.195797933900e+00,2.224121737923e+02,4.516846670868e+02,4.045911880117e+02,3.599198185107e+02,-7.673376933010e-03,1.146774925041e-02,-3.720355897097e+01,4.619136749018e-03,1.922635114207e-02,-3.407835457953e+01
4.970000000000e+08,9.025924191444e-01,1.616554716399e-01,-7.530442169537e-01,8.652486060633e-01,1.064512794775e-01,-1.191938221054e+00,2.234575777973e+02,4.538241615697e+02,4.069421773394e+02,3.609764470999e+02,-7.516132550770e-03,1.149149134393e-02,-3.724581244401e+01,4.777515923682e-03,1.908344000334e-02,-3.412286408167e+01
4.975000000000e+08,9.030911569386e-01,1.609697021049e-01,-7.495368171207e-01,8.657150118569e-01,1.058435030897e-01,-1.188063784213e+00,2.245093238053e+02,4.559716397601e+02,4.093247352289e+02,3.620400143358e+02,-7.359484879460e-03,1.151359077935e-02,-3.728798019561e+01,4.930589043140e-03,1.894419496477e-02,-3.416582171016e+01
4.980000000000e+08,9.035863610381e-01,1.602863647197e-01,-7.460537430876e-01,8.661826190544e-01,1.052329353446e-01,-1.184177583791e+00,2.255674646461e+02,4.581271656037e+02,4.117407753079e+02,3.631093121880e+02,-7.203444319057e-03,1.153406108898e-02,-3.733006309519e+01,5.078825914486e-03,1.880896918278e-02,-3.420706067047e+01
4.985000000000e+08,9.040780694163e-01,1.596054467412e-01,-7.425947112775e-01,8.666511383108e-01,1.046191327218e-01,-1.180282964103e+00,2.266320537116e+02,4.602908036452e+02,4.141921598841e+02,3.641829451572e+02,-7.048021144369e-03,1.155291579692e-02,-3.737206200972e+01,5.222728340303e-03,1.867807656285e-02,-3.424641894880e+01
4.990000000000e+08,9.045663195682e-01,1.589269354606e-01,-7.391594420391e-01,8.671202385206e-01,1.040016749189e-01,-1.176383635891e+00,2.277031449636e+02,4.624626190370e+02,4.166806831316e+02,3.652593303721e+02,-6.893225505554e-03,1.157016841929e-02,-3.741397780379e+01,5.362827005162e-03,1.855178871736e-02,-3.428374101787e+01
4.995000000000e+08,9.050511485176e-01,1.582508182054e-01,-7.357476595779e-01,8.675895484534e-01,1.033801686416e-01,-1.172483655782e+00,2.287807929405e+02,4.646426775469e+02,4.192080538331e+02,3.663366990041e+02,-6.739067428612e-03,1.158583246440e-02,-3.745581133963e+01,5.499678076786e-03,1.843033216353e-02,-3.431887958074e+01
5.000000000000e+08,9.055325928238e-01,1.575770823409e-01,-7.323590918944e-01,8.680586587268e-01,1.027542512883e-01,-1.168587402771e+00,2.298650527643e+02,4.668310455640e+02,4.217758777489e+02,3.674130990801e+02,-6.585556815870e-03,1.159992143288e-02,-3.749756347720e+01,5.633859539793e-03,1.831388578767e-02,-3.435169732527e+01
