step,time_s,dt_s,topology,topology_status,head_position_m,E_peak_V_m,eta_peak,ne_peak_m3,sigma_e_peak_S_m,tau_i_at_E_peak_s,tau_M_at_E_peak_s,Pi_RF_at_E_peak,K_ion_z_A_m_s,current_moment_z_A_m
1,1e-14,1e-14,UNRESOLVED,UNRESOLVED,nan,nan,nan,nan,nan,nan,nan,nan,nan,0
2,2e-14,1e-14,UNRESOLVED,UNRESOLVED,nan,nan,nan,nan,nan,nan,nan,nan,nan,0
3,2.9999999999999998e-14,1e-14,UNRESOLVED,UNRESOLVED,nan,nan,nan,nan,nan,nan,nan,nan,nan,0
4,4e-14,1e-14,UNRESOLVED,UNRESOLVED,nan,nan,nan,nan,nan,nan,nan,nan,nan,0
5,5.0000000000000002e-14,1e-14,UNRESOLVED,UNRESOLVED,nan,nan,nan,nan,nan,nan,nan,nan,nan,0
6,5.9999999999999997e-14,1e-14,UNRESOLVED,UNRESOLVED,nan,nan,nan,nan,nan,nan,nan,nan,nan,0
7,6.9999999999999992e-14,1e-14,UNRESOLVED,UNRESOLVED,nan,nan,nan,nan,nan,nan,nan,nan,nan,0
8,7.9999999999999987e-14,1e-14,UNRESOLVED,UNRESOLVED,nan,nan,nan,nan,nan,nan,nan,nan,nan,0
9,8.9999999999999983e-14,1e-14,UNRESOLVED,UNRESOLVED,nan,nan,nan,nan,nan,nan,nan,nan,nan,0
10,9.9999999999999978e-14,1e-14,UNRESOLVED,UNRESOLVED,nan,nan,nan,nan,nan,nan,nan,nan,nan,0
11,1.0999999999999997e-13,1e-14,UNRESOLVED,UNRESOLVED,nan,nan,nan,nan,nan,nan,nan,nan,nan,0
12,1.1999999999999997e-13,1e-14,UNRESOLVED,UNRESOLVED,nan,nan,nan,nan,nan,nan,nan,nan,nan,0
13,1.2999999999999998e-13,1e-14,UNRESOLVED,UNRESOLVED,nan,nan,nan,nan,nan,nan,nan,nan,nan,0
14,1.3999999999999998e-13,1e-14,UNRESOLVED,UNRESOLVED,nan,nan,nan,nan,nan,nan,nan,nan,nan,0
15,1.4999999999999999e-13,1e-14,UNRESOLVED,UNRESOLVED,nan,nan,nan,nan,nan,nan,nan,nan,nan,0
16,1.6e-13,1e-14,UNRESOLVED,UNRESOLVED,nan,nan,nan,nan,nan,nan,nan,nan,nan,0
17,1.7000000000000001e-13,1e-14,UNRESOLVED,UNRESOLVED,nan,nan,nan,nan,nan,nan,nan,nan,nan,0
18,1.8000000000000002e-13,1e-14,UNRESOLVED,UNRESOLVED,nan,nan,nan,nan,nan,nan,nan,nan,nan,0
19,1.9000000000000002e-13,1e-14,UNRESOLVED,UNRESOLVED,nan,nan,nan,nan,nan,nan,nan,nan,nan,0
20,2.0000000000000003e-13,1e-14,UNRESOLVED,UNRESOLVED,nan,nan,nan,nan,nan,nan,nan,nan,nan,0
21,2.1000000000000004e-13,1e-14,UNRESOLVED,UNRESOLVED,nan,nan,nan,nan,nan,nan,nan,nan,nan,0
22,2.2000000000000005e-13,1e-14,UNRESOLVED,UNRESOLVED,nan,nan,nan,nan,nan,nan,nan,nan,nan,0
23,2.3000000000000003e-13,1e-14,UNRESOLVED,UNRESOLVED,nan,nan,nan,nan,nan,nan,nan,nan,nan,0
24,2.4000000000000004e-13,1e-14,UNRESOLVED,UNRESOLVED,nan,nan,nan,nan,nan,nan,nan,nan,nan,0
25,2.5000000000000005e-13,1e-14,UNRESOLVED,UNRESOLVED,nan,nan,nan,nan,nan,nan,nan,nan,nan,0
26,2.6000000000000005e-13,1e-14,UNRESOLVED,UNRESOLVED,nan,nan,nan,nan,nan,nan,nan,nan,nan,0
27,2.7000000000000006e-13,1e-14,UNRESOLVED,UNRESOLVED,nan,nan,nan,nan,nan,nan,nan,nan,nan,0
28,2.8000000000000007e-13,1e-14,UNRESOLVED,UNRESOLVED,nan,nan,nan,nan,nan,nan,nan,nan,nan,0
29,2.9000000000000008e-13,1e-14,UNRESOLVED,UNRESOLVED,nan,nan,nan,nan,nan,nan,nan,nan,nan,0
30,3.0000000000000008e-13,1e-14,UNRESOLVED,UNRESOLVED,nan,nan,nan,nan,nan,nan,nan,nan,nan,0
31,3.1000000000000009e-13,1e-14,UNRESOLVED,UNRESOLVED,nan,nan,nan,nan,nan,nan,nan,nan,nan,0
32,3.200000000000001e-13,1e-14,UNRESOLVED,UNRESOLVED,nan,nan,nan,nan,nan,nan,nan,nan,nan,0
33,3.3000000000000011e-13,1e-14,UNRESOLVED,UNRESOLVED,nan,nan,nan,nan,nan,nan,nan,nan,nan,0
34,3.4000000000000012e-13,1e-14,UNRESOLVED,UNRESOLVED,nan,nan,nan,nan,nan,nan,nan,nan,nan,0
35,3.5000000000000012e-13,1e-14,UNRESOLVED,UNRESOLVED,nan,nan,nan,nan,nan,nan,nan,nan,nan,0
36,3.6000000000000013e-13,1e-14,UNRESOLVED,UNRESOLVED,nan,nan,nan,nan,nan,nan,nan,nan,nan,0
37,3.7000000000000014e-13,1e-14,UNRESOLVED,UNRESOLVED,nan,nan,nan,nan,nan,nan,nan,nan,nan,0
38,3.8000000000000015e-13,1e-14,UNRESOLVED,UNRESOLVED,nan,nan,nan,nan,nan,nan,nan,nan,nan,0
39,3.9000000000000016e-13,1e-14,UNRESOLVED,UNRESOLVED,nan,nan,nan,nan,nan,nan,nan,nan,nan,0
40,4.0000000000000016e-13,1e-14,UNRESOLVED,UNRESOLVED,nan,nan,nan,nan,nan,nan,nan,nan,nan,0
41,4.1000000000000017e-13,1e-14,UNRESOLVED,UNRESOLVED,nan,nan,nan,nan,nan,nan,nan,nan,nan,0
42,4.2000000000000018e-13,1e-14,UNRESOLVED,UNRESOLVED,nan,nan,nan,nan,nan,nan,nan,nan,nan,0
43,4.3000000000000019e-13,1e-14,UNRESOLVED,UNRESOLVED,nan,nan,nan,nan,nan,nan,nan,nan,nan,0
44,4.400000000000002e-13,1e-14,UNRESOLVED,UNRESOLVED,nan,nan,nan,nan,nan,nan,nan,nan,nan,0
45,4.500000000000002e-13,1e-14,UNRESOLVED,UNRESOLVED,nan,nan,nan,nan,nan,nan,nan,nan,nan,0
46,4.6000000000000016e-13,1e-14,UNRESOLVED,UNRESOLVED,nan,nan,nan,nan,nan,nan,nan,nan,nan,0
47,4.7000000000000012e-13,1e-14,UNRESOLVED,UNRESOLVED,nan,nan,nan,nan,nan,nan,nan,nan,nan,0
48,4.8000000000000008e-13,1e-14,UNRESOLVED,UNRESOLVED,nan,nan,nan,nan,nan,nan,nan,nan,nan,0
49,4.9000000000000003e-13,1e-14,UNRESOLVED,UNRESOLVED,nan,nan,nan,nan,nan,nan,nan,nan,nan,0
50,4.9999999999999999e-13,1e-14,UNRESOLVED,UNRESOLVED,nan,nan,nan,nan,nan,nan,nan,nan,nan,0
51,5.0999999999999995e-13,1e-14,UNRESOLVED,UNRESOLVED,nan,nan,nan,nan,nan,nan,nan,nan,nan,0
52,5.199999999999999e-13,1e-14,UNRESOLVED,UNRESOLVED,nan,nan,nan,nan,nan,nan,nan,nan,nan,0
53,5.2999999999999986e-13,1e-14,UNRESOLVED,UNRESOLVED,nan,nan,nan,nan,nan,nan,nan,nan,nan,0
54,5.3999999999999982e-13,1e-14,UNRESOLVED,UNRESOLVED,nan,nan,nan,nan,nan,nan,nan,nan,nan,0
55,5.4999999999999978e-13,1e-14,UNRESOLVED,UNRESOLVED,nan,nan,nan,nan,nan,nan,nan,nan,nan,0
56,5.5999999999999973e-13,1e-14,UNRESOLVED,UNRESOLVED,nan,nan,nan,nan,nan,nan,nan,nan,nan,0
57,5.6999999999999969e-13,1e-14,UNRESOLVED,UNRESOLVED,nan,nan,nan,nan,nan,nan,nan,nan,nan,0
58,5.7999999999999965e-13,1e-14,UNRESOLVED,UNRESOLVED,nan,nan,nan,nan,nan,nan,nan,nan,nan,0
59,5.8999999999999961e-13,1e-14,UNRESOLVED,UNRESOLVED,nan,nan,nan,nan,nan,nan,nan,nan,nan,0
60,5.9999999999999956e-13,1e-14,UNRESOLVED,UNRESOLVED,nan,nan,nan,nan,nan,nan,nan,nan,nan,0
61,6.0999999999999952e-13,1e-14,UNRESOLVED,UNRESOLVED,nan,nan,nan,nan,nan,nan,nan,nan,nan,0
62,6.1999999999999948e-13,1e-14,UNRESOLVED,UNRESOLVED,nan,nan,nan,nan,nan,nan,nan,nan,nan,0
63,6.2999999999999944e-13,1e-14,UNRESOLVED,UNRESOLVED,nan,nan,nan,nan,nan,nan,nan,nan,nan,0
64,6.3999999999999939e-13,1e-14,UNRESOLVED,UNRESOLVED,nan,nan,nan,nan,nan,nan,nan,nan,nan,0
65,6.4999999999999935e-13,1e-14,UNRESOLVED,UNRESOLVED,nan,nan,nan,nan,nan,nan,nan,nan,nan,0
66,6.5999999999999931e-13,1e-14,UNRESOLVED,UNRESOLVED,nan,nan,nan,nan,nan,nan,nan,nan,nan,0
67,6.6999999999999927e-13,1e-14,UNRESOLVED,UNRESOLVED,nan,nan,nan,nan,nan,nan,nan,nan,nan,0
68,6.7999999999999922e-13,1e-14,UNRESOLVED,UNRESOLVED,nan,nan,nan,nan,nan,nan,nan,nan,nan,0
69,6.8999999999999918e-13,1e-14,UNRESOLVED,UNRESOLVED,nan,nan,nan,nan,nan,nan,nan,nan,nan,0
70,6.9999999999999914e-13,1e-14,UNRESOLVED,UNRESOLVED,nan,nan,nan,nan,nan,nan,nan,nan,nan,0
71,7.099999999999991e-13,1e-14,UNRESOLVED,UNRESOLVED,nan,nan,nan,nan,nan,nan,nan,nan,nan,0
72,7.1999999999999905e-13,1e-14,UNRESOLVED,UNRESOLVED,nan,nan,nan,nan,nan,nan,nan,nan,nan,0
73,7.2999999999999901e-13,1e-14,UNRESOLVED,UNRESOLVED,nan,nan,nan,nan,nan,nan,nan,nan,nan,0
74,7.3999999999999897e-13,1e-14,UNRESOLVED,UNRESOLVED,nan,nan,nan,nan,nan,nan,nan,nan,nan,0
75,7.4999999999999892e-13,1e-14,UNRESOLVED,UNRESOLVED,nan,nan,nan,nan,nan,nan,nan,nan,nan,0
76,7.5999999999999888e-13,1e-14,UNRESOLVED,UNRESOLVED,nan,nan,nan,nan,nan,nan,nan,nan,nan,0
77,7.6999999999999884e-13,1e-14,UNRESOLVED,UNRESOLVED,nan,nan,nan,nan,nan,nan,nan,nan,nan,0
78,7.799999999999988e-13,1e-14,UNRESOLVED,UNRESOLVED,nan,nan,nan,nan,nan,nan,nan,nan,nan,0
79,7.8999999999999875e-13,1e-14,UNRESOLVED,UNRESOLVED,nan,nan,nan,nan,nan,nan,nan,nan,nan,0
80,7.9999999999999871e-13,1e-14,UNRESOLVED,UNRESOLVED,nan,nan,nan,nan,nan,nan,nan,nan,nan,0
81,8.0999999999999867e-13,1e-14,UNRESOLVED,UNRESOLVED,nan,nan,nan,nan,nan,nan,nan,nan,nan,0
82,8.1999999999999863e-13,1e-14,UNRESOLVED,UNRESOLVED,nan,nan,nan,nan,nan,nan,nan,nan,nan,0
83,8.2999999999999858e-13,1e-14,UNRESOLVED,UNRESOLVED,nan,nan,nan,nan,nan,nan,nan,nan,nan,0
84,8.3999999999999854e-13,1e-14,UNRESOLVED,UNRESOLVED,nan,nan,nan,nan,nan,nan,nan,nan,nan,0
85,8.499999999999985e-13,1e-14,UNRESOLVED,UNRESOLVED,nan,nan,nan,nan,nan,nan,nan,nan,nan,0
86,8.5999999999999846e-13,1e-14,UNRESOLVED,UNRESOLVED,nan,nan,nan,nan,nan,nan,nan,nan,nan,0
87,8.6999999999999841e-13,1e-14,UNRESOLVED,UNRESOLVED,nan,nan,nan,nan,nan,nan,nan,nan,nan,0
88,8.7999999999999837e-13,1e-14,UNRESOLVED,UNRESOLVED,nan,nan,nan,nan,nan,nan,nan,nan,nan,0
89,8.8999999999999833e-13,1e-14,UNRESOLVED,UNRESOLVED,nan,nan,nan,nan,nan,nan,nan,nan,nan,0
90,8.9999999999999829e-13,1e-14,UNRESOLVED,UNRESOLVED,nan,nan,nan,nan,nan,nan,nan,nan,nan,0
91,9.0999999999999834e-13,1e-14,UNRESOLVED,UNRESOLVED,nan,nan,nan,nan,nan,nan,nan,nan,nan,0
92,9.199999999999983e-13,1e-14,UNRESOLVED,UNRESOLVED,nan,nan,nan,nan,nan,nan,nan,nan,nan,0
93,9.2999999999999826e-13,1e-14,UNRESOLVED,UNRESOLVED,nan,nan,nan,nan,nan,nan,nan,nan,nan,0
94,9.3999999999999822e-13,1e-14,UNRESOLVED,UNRESOLVED,nan,nan,nan,nan,nan,nan,nan,nan,nan,0
95,9.4999999999999817e-13,1e-14,UNRESOLVED,UNRESOLVED,nan,nan,nan,nan,nan,nan,nan,nan,nan,0
96,9.5999999999999813e-13,1e-14,UNRESOLVED,UNRESOLVED,nan,nan,nan,nan,nan,nan,nan,nan,nan,0
97,9.6999999999999809e-13,1e-14,UNRESOLVED,UNRESOLVED,nan,nan,nan,nan,nan,nan,nan,nan,nan,0
98,9.7999999999999805e-13,1e-14,UNRESOLVED,UNRESOLVED,nan,nan,nan,nan,nan,nan,nan,nan,nan,0
99,9.89999999999998e-13,1e-14,UNRESOLVED,UNRESOLVED,nan,nan,nan,nan,nan,nan,nan,nan,nan,0
100,9.9999999999999796e-13,1e-14,UNRESOLVED,UNRESOLVED,nan,nan,nan,nan,nan,nan,nan,nan,nan,0
101,1.0099999999999979e-12,1e-14,UNRESOLVED,UNRESOLVED,nan,nan,nan,nan,nan,nan,nan,nan,nan,0
102,1.0199999999999979e-12,1e-14,UNRESOLVED,UNRESOLVED,nan,nan,nan,nan,nan,nan,nan,nan,nan,0
103,1.0299999999999978e-12,1e-14,UNRESOLVED,UNRESOLVED,nan,nan,nan,nan,nan,nan,nan,nan,nan,0
104,1.0399999999999978e-12,1e-14,UNRESOLVED,UNRESOLVED,nan,nan,nan,nan,nan,nan,nan,nan,nan,0
105,1.0499999999999977e-12,1e-14,UNRESOLVED,UNRESOLVED,nan,nan,nan,nan,nan,nan,nan,nan,nan,0
106,1.0599999999999977e-12,1e-14,UNRESOLVED,UNRESOLVED,nan,nan,nan,nan,nan,nan,nan,nan,nan,0
107,1.0699999999999977e-12,1e-14,UNRESOLVED,UNRESOLVED,nan,nan,nan,nan,nan,nan,nan,nan,nan,0
108,1.0799999999999976e-12,1e-14,UNRESOLVED,UNRESOLVED,nan,nan,nan,nan,nan,nan,nan,nan,nan,0
109,1.0899999999999976e-12,1e-14,UNRESOLVED,UNRESOLVED,nan,nan,nan,nan,nan,nan,nan,nan,nan,0
110,1.0999999999999975e-12,1e-14,UNRESOLVED,UNRESOLVED,nan,nan,nan,nan,nan,nan,nan,nan,nan,0
111,1.1099999999999975e-12,1e-14,UNRESOLVED,UNRESOLVED,nan,nan,nan,nan,nan,nan,nan,nan,nan,0
112,1.1199999999999974e-12,1e-14,UNRESOLVED,UNRESOLVED,nan,nan,nan,nan,nan,nan,nan,nan,nan,0
113,1.1299999999999974e-12,1e-14,UNRESOLVED,UNRESOLVED,nan,nan,nan,nan,nan,nan,nan,nan,nan,0
114,1.1399999999999974e-12,1e-14,UNRESOLVED,UNRESOLVED,nan,nan,nan,nan,nan,nan,nan,nan,nan,0
115,1.1499999999999973e-12,1e-14,UNRESOLVED,UNRESOLVED,nan,nan,nan,nan,nan,nan,nan,nan,nan,0
116,1.1599999999999973e-12,1e-14,UNRESOLVED,UNRESOLVED,nan,nan,nan,nan,nan,nan,nan,nan,nan,0
117,1.1699999999999972e-12,1e-14,UNRESOLVED,UNRESOLVED,nan,nan,nan,nan,nan,nan,nan,nan,nan,0
118,1.1799999999999972e-12,1e-14,UNRESOLVED,UNRESOLVED,nan,nan,nan,nan,nan,nan,nan,nan,nan,0
119,1.1899999999999972e-12,1e-14,UNRESOLVED,UNRESOLVED,nan,nan,nan,nan,nan,nan,nan,nan,nan,0
120,1.1999999999999971e-12,1e-14,UNRESOLVED,UNRESOLVED,nan,nan,nan,nan,nan,nan,nan,nan,nan,0
121,1.2099999999999971e-12,1e-14,UNRESOLVED,UNRESOLVED,nan,nan,nan,nan,nan,nan,nan,nan,nan,0
122,1.219999999999997e-12,1e-14,UNRESOLVED,UNRESOLVED,nan,nan,nan,nan,nan,nan,nan,nan,nan,0
123,1.229999999999997e-12,1e-14,UNRESOLVED,UNRESOLVED,nan,nan,nan,nan,nan,nan,nan,nan,nan,0
124,1.2399999999999969e-12,1e-14,UNRESOLVED,UNRESOLVED,nan,nan,nan,nan,nan,nan,nan,nan,nan,0
125,1.2499999999999969e-12,1e-14,UNRESOLVED,UNRESOLVED,nan,nan,nan,nan,nan,nan,nan,nan,nan,0
126,1.2599999999999969e-12,1e-14,UNRESOLVED,UNRESOLVED,nan,nan,nan,nan,nan,nan,nan,nan,nan,0
127,1.2699999999999968e-12,1e-14,UNRESOLVED,UNRESOLVED,nan,nan,nan,nan,nan,nan,nan,nan,nan,0
128,1.2799999999999968e-12,1e-14,UNRESOLVED,UNRESOLVED,nan,nan,nan,nan,nan,nan,nan,nan,nan,0
129,1.2899999999999967e-12,1e-14,UNRESOLVED,UNRESOLVED,nan,nan,nan,nan,nan,nan,nan,nan,nan,0
130,1.2999999999999967e-12,1e-14,UNRESOLVED,UNRESOLVED,nan,nan,nan,nan,nan,nan,nan,nan,nan,0
131,1.3099999999999966e-12,1e-14,UNRESOLVED,UNRESOLVED,nan,nan,nan,nan,nan,nan,nan,nan,nan,0
132,1.3199999999999966e-12,1e-14,UNRESOLVED,UNRESOLVED,nan,nan,nan,nan,nan,nan,nan,nan,nan,0
133,1.3299999999999966e-12,1e-14,UNRESOLVED,UNRESOLVED,nan,nan,nan,nan,nan,nan,nan,nan,nan,0
134,1.3399999999999965e-12,1e-14,UNRESOLVED,UNRESOLVED,nan,nan,nan,nan,nan,nan,nan,nan,nan,0
135,1.3499999999999965e-12,1e-14,UNRESOLVED,UNRESOLVED,nan,nan,nan,nan,nan,nan,nan,nan,nan,0
136,1.3599999999999964e-12,1e-14,UNRESOLVED,UNRESOLVED,nan,nan,nan,nan,nan,nan,nan,nan,nan,0
137,1.3699999999999964e-12,1e-14,UNRESOLVED,UNRESOLVED,nan,nan,nan,nan,nan,nan,nan,nan,nan,0
138,1.3799999999999963e-12,1e-14,UNRESOLVED,UNRESOLVED,nan,nan,nan,nan,nan,nan,nan,nan,nan,0
139,1.3899999999999963e-12,1e-14,UNRESOLVED,UNRESOLVED,nan,nan,nan,nan,nan,nan,nan,nan,nan,0
140,1.3999999999999963e-12,1e-14,UNRESOLVED,UNRESOLVED,nan,nan,nan,nan,nan,nan,nan,nan,nan,0
141,1.4099999999999962e-12,1e-14,UNRESOLVED,UNRESOLVED,nan,nan,nan,nan,nan,nan,nan,nan,nan,0
142,1.4199999999999962e-12,1e-14,UNRESOLVED,UNRESOLVED,nan,nan,nan,nan,nan,nan,nan,nan,nan,0
143,1.4299999999999961e-12,1e-14,UNRESOLVED,UNRESOLVED,nan,nan,nan,nan,nan,nan,nan,nan,nan,0
144,1.4399999999999961e-12,1e-14,UNRESOLVED,UNRESOLVED,nan,nan,nan,nan,nan,nan,nan,nan,nan,0
145,1.449999999999996e-12,1e-14,UNRESOLVED,UNRESOLVED,nan,nan,nan,nan,nan,nan,nan,nan,nan,0
146,1.459999999999996e-12,1e-14,UNRESOLVED,UNRESOLVED,nan,nan,nan,nan,nan,nan,nan,nan,nan,0
147,1.469999999999996e-12,1e-14,UNRESOLVED,UNRESOLVED,nan,nan,nan,nan,nan,nan,nan,nan,nan,0
148,1.4799999999999959e-12,1e-14,UNRESOLVED,UNRESOLVED,nan,nan,nan,nan,nan,nan,nan,nan,nan,0
149,1.4899999999999959e-12,1e-14,UNRESOLVED,UNRESOLVED,nan,nan,nan,nan,nan,nan,nan,nan,nan,0
150,1.4999999999999958e-12,1e-14,UNRESOLVED,UNRESOLVED,nan,nan,nan,nan,nan,nan,nan,nan,nan,0
151,1.5099999999999958e-12,1e-14,UNRESOLVED,UNRESOLVED,nan,nan,nan,nan,nan,nan,nan,nan,nan,0
152,1.5199999999999957e-12,1e-14,UNRESOLVED,UNRESOLVED,nan,nan,nan,nan,nan,nan,nan,nan,nan,0
153,1.5299999999999957e-12,1e-14,UNRESOLVED,UNRESOLVED,nan,nan,nan,nan,nan,nan,nan,nan,nan,0
154,1.5399999999999957e-12,1e-14,UNRESOLVED,UNRESOLVED,nan,nan,nan,nan,nan,nan,nan,nan,nan,0
155,1.5499999999999956e-12,1e-14,UNRESOLVED,UNRESOLVED,nan,nan,nan,nan,nan,nan,nan,nan,nan,0
156,1.5599999999999956e-12,1e-14,UNRESOLVED,UNRESOLVED,nan,nan,nan,nan,nan,nan,nan,nan,nan,0
157,1.5699999999999955e-12,1e-14,UNRESOLVED,UNRESOLVED,nan,nan,nan,nan,nan,nan,nan,nan,nan,0
158,1.5799999999999955e-12,1e-14,UNRESOLVED,UNRESOLVED,nan,nan,nan,nan,nan,nan,nan,nan,nan,0
159,1.5899999999999954e-12,1e-14,UNRESOLVED,UNRESOLVED,nan,nan,nan,nan,nan,nan,nan,nan,nan,0
160,1.5999999999999954e-12,1e-14,UNRESOLVED,UNRESOLVED,nan,nan,nan,nan,nan,nan,nan,nan,nan,0
161,1.6099999999999954e-12,1e-14,UNRESOLVED,UNRESOLVED,nan,nan,nan,nan,nan,nan,nan,nan,nan,0
162,1.6199999999999953e-12,1e-14,UNRESOLVED,UNRESOLVED,nan,nan,nan,nan,nan,nan,nan,nan,nan,0
163,1.6299999999999953e-12,1e-14,UNRESOLVED,UNRESOLVED,nan,nan,nan,nan,nan,nan,nan,nan,nan,0
164,1.6399999999999952e-12,1e-14,UNRESOLVED,UNRESOLVED,nan,nan,nan,nan,nan,nan,nan,nan,nan,0
165,1.6499999999999952e-12,1e-14,UNRESOLVED,UNRESOLVED,nan,nan,nan,nan,nan,nan,nan,nan,nan,0
166,1.6599999999999951e-12,1e-14,UNRESOLVED,UNRESOLVED,nan,nan,nan,nan,nan,nan,nan,nan,nan,0
167,1.6699999999999951e-12,1e-14,UNRESOLVED,UNRESOLVED,nan,nan,nan,nan,nan,nan,nan,nan,nan,0
168,1.6799999999999951e-12,1e-14,UNRESOLVED,UNRESOLVED,nan,nan,nan,nan,nan,nan,nan,nan,nan,0
169,1.689999999999995e-12,1e-14,UNRESOLVED,UNRESOLVED,nan,nan,nan,nan,nan,nan,nan,nan,nan,0
170,1.699999999999995e-12,1e-14,UNRESOLVED,UNRESOLVED,nan,nan,nan,nan,nan,nan,nan,nan,nan,0
171,1.7099999999999949e-12,1e-14,UNRESOLVED,UNRESOLVED,nan,nan,nan,nan,nan,nan,nan,nan,nan,0
172,1.7199999999999949e-12,1e-14,UNRESOLVED,UNRESOLVED,nan,nan,nan,nan,nan,nan,nan,nan,nan,0
173,1.7299999999999948e-12,1e-14,UNRESOLVED,UNRESOLVED,nan,nan,nan,nan,nan,nan,nan,nan,nan,0
174,1.7399999999999948e-12,1e-14,UNRESOLVED,UNRESOLVED,nan,nan,nan,nan,nan,nan,nan,nan,nan,0
175,1.7499999999999948e-12,1e-14,UNRESOLVED,UNRESOLVED,nan,nan,nan,nan,nan,nan,nan,nan,nan,0
176,1.7599999999999947e-12,1e-14,UNRESOLVED,UNRESOLVED,nan,nan,nan,nan,nan,nan,nan,nan,nan,0
177,1.7699999999999947e-12,1e-14,UNRESOLVED,UNRESOLVED,nan,nan,nan,nan,nan,nan,nan,nan,nan,0
178,1.7799999999999946e-12,1e-14,UNRESOLVED,UNRESOLVED,nan,nan,nan,nan,nan,nan,nan,nan,nan,0
179,1.7899999999999946e-12,1e-14,UNRESOLVED,UNRESOLVED,nan,nan,nan,nan,nan,nan,nan,nan,nan,0
180,1.7999999999999946e-12,1e-14,UNRESOLVED,UNRESOLVED,nan,nan,nan,nan,nan,nan,nan,nan,nan,0
181,1.8099999999999945e-12,1e-14,UNRESOLVED,UNRESOLVED,nan,nan,nan,nan,nan,nan,nan,nan,nan,0
182,1.8199999999999947e-12,1e-14,UNRESOLVED,UNRESOLVED,nan,nan,nan,nan,nan,nan,nan,nan,nan,0
183,1.8299999999999948e-12,1e-14,UNRESOLVED,UNRESOLVED,nan,nan,nan,nan,nan,nan,nan,nan,nan,0
184,1.839999999999995e-12,1e-14,UNRESOLVED,UNRESOLVED,nan,nan,nan,nan,nan,nan,nan,nan,nan,0
185,1.8499999999999951e-12,1e-14,UNRESOLVED,UNRESOLVED,nan,nan,nan,nan,nan,nan,nan,nan,nan,0
186,1.8599999999999953e-12,1e-14,UNRESOLVED,UNRESOLVED,nan,nan,nan,nan,nan,nan,nan,nan,nan,0
187,1.8699999999999955e-12,1e-14,UNRESOLVED,UNRESOLVED,nan,nan,nan,nan,nan,nan,nan,nan,nan,0
188,1.8799999999999956e-12,1e-14,UNRESOLVED,UNRESOLVED,nan,nan,nan,nan,nan,nan,nan,nan,nan,0
189,1.8899999999999958e-12,1e-14,UNRESOLVED,UNRESOLVED,nan,nan,nan,nan,nan,nan,nan,nan,nan,0
190,1.8999999999999959e-12,1e-14,UNRESOLVED,UNRESOLVED,nan,nan,nan,nan,nan,nan,nan,nan,nan,0
191,1.9099999999999961e-12,1e-14,UNRESOLVED,UNRESOLVED,nan,nan,nan,nan,nan,nan,nan,nan,nan,0
192,1.9199999999999963e-12,1e-14,UNRESOLVED,UNRESOLVED,nan,nan,nan,nan,nan,nan,nan,nan,nan,0
193,1.9299999999999964e-12,1e-14,UNRESOLVED,UNRESOLVED,nan,nan,nan,nan,nan,nan,nan,nan,nan,0
194,1.9399999999999966e-12,1e-14,UNRESOLVED,UNRESOLVED,nan,nan,nan,nan,nan,nan,nan,nan,nan,0
195,1.9499999999999967e-12,1e-14,UNRESOLVED,UNRESOLVED,nan,nan,nan,nan,nan,nan,nan,nan,nan,0
196,1.9599999999999969e-12,1e-14,UNRESOLVED,UNRESOLVED,nan,nan,nan,nan,nan,nan,nan,nan,nan,0
197,1.9699999999999971e-12,1e-14,UNRESOLVED,UNRESOLVED,nan,nan,nan,nan,nan,nan,nan,nan,nan,0
198,1.9799999999999972e-12,1e-14,UNRESOLVED,UNRESOLVED,nan,nan,nan,nan,nan,nan,nan,nan,nan,0
199,1.9899999999999974e-12,1e-14,UNRESOLVED,UNRESOLVED,nan,nan,nan,nan,nan,nan,nan,nan,nan,0
200,1.9999999999999975e-12,1e-14,UNRESOLVED,UNRESOLVED,nan,nan,nan,nan,nan,nan,nan,nan,nan,0
201,2.0099999999999977e-12,1e-14,UNRESOLVED,UNRESOLVED,nan,nan,nan,nan,nan,nan,nan,nan,nan,-5.3506418059154354e-15
202,2.0199999999999979e-12,1e-14,UNRESOLVED,UNRESOLVED,6.5624999999999996e-05,nan,nan,nan,nan,nan,nan,nan,nan,-6.4752160943950954e-15
203,2.029999999999998e-12,1e-14,UNRESOLVED,UNRESOLVED,6.5624999999999996e-05,nan,nan,nan,nan,nan,nan,nan,nan,-4.9353953274537642e-15
204,2.0399999999999982e-12,1e-14,UNRESOLVED,UNRESOLVED,6.5624999999999996e-05,nan,nan,nan,nan,nan,nan,nan,nan,-5.0902308395227902e-15
205,2.0499999999999983e-12,1e-14,UNRESOLVED,UNRESOLVED,6.5624999999999996e-05,nan,nan,nan,nan,nan,nan,nan,nan,-5.4641090919874488e-15
206,2.0599999999999985e-12,1e-14,UNRESOLVED,UNRESOLVED,6.5624999999999996e-05,nan,nan,nan,nan,nan,nan,nan,nan,-6.2822286182191518e-15
207,2.0699999999999987e-12,1e-14,UNRESOLVED,UNRESOLVED,6.5624999999999996e-05,nan,nan,nan,nan,nan,nan,nan,nan,-6.8910107842861035e-15
208,2.0799999999999988e-12,1e-14,UNRESOLVED,UNRESOLVED,6.5624999999999996e-05,nan,nan,nan,nan,nan,nan,nan,nan,-7.5465305952169406e-15
209,2.089999999999999e-12,1e-14,UNRESOLVED,UNRESOLVED,6.5624999999999996e-05,nan,nan,nan,nan,nan,nan,nan,nan,-8.1132779083934827e-15
210,2.0999999999999991e-12,1e-14,UNRESOLVED,UNRESOLVED,6.5624999999999996e-05,nan,nan,nan,nan,nan,nan,nan,nan,-8.7339586552214986e-15
211,2.1099999999999993e-12,1e-14,UNRESOLVED,UNRESOLVED,6.5624999999999996e-05,nan,nan,nan,nan,nan,nan,nan,nan,-9.2270665697526165e-15
212,2.1199999999999994e-12,1e-14,UNRESOLVED,UNRESOLVED,6.5624999999999996e-05,nan,nan,nan,nan,nan,nan,nan,nan,-9.9187446989151781e-15
213,2.1299999999999996e-12,1e-14,ELECTRODE_ATTACHMENT,PENDING_CONTIGUOUS_CONFIRMATION,6.4999983883822496e-05,581325.23674851703,0.2207755742496095,2783400987100437.5,2.8749001092411479e-05,2.7454519015997598,3.0798245074111918e-07,1.1217914637719914e-07,3.1873277317428912e-15,-1.0487841423403766e-14
214,2.1399999999999998e-12,1e-14,ELECTRODE_ATTACHMENT,CONFIRMED,6.4969002768382184e-05,626042.5614779793,0.23775831028438477,2783188316273886.5,2.8034527153802926e-05,0.48663791037749399,3.1583153745466035e-07,6.4900726129138603e-07,1.8883817131381589e-14,-1.1042872706640816e-14
215,2.1499999999999999e-12,1e-14,ELECTRODE_ATTACHMENT,CONFIRMED,6.4939218159263261e-05,670759.88602686999,0.25474104625058258,2782971438793554.5,2.7415083681811285e-05,0.10817882222585948,3.2296774708276266e-07,2.9854988290449257e-06,8.9004722933804941e-14,-1.1595006562241426e-14
216,2.1600000000000001e-12,1e-14,ELECTRODE_ATTACHMENT,CONFIRMED,6.4910603326033528e-05,715477.21039572975,0.27172378214840831,2782750292243339,2.6872846540403229e-05,0.028912185373235803,3.2948455235241865e-07,1.1396044543122797e-05,3.4819877011042904e-13,-1.2146731275018962e-14
217,2.1700000000000002e-12,1e-14,ELECTRODE_ATTACHMENT,CONFIRMED,6.4883170888224153e-05,760194.53458566009,0.28870651797828023,2782524835491763,2.6394185610737651e-05,0.0089946924705983731,3.3545978433969756e-07,3.7295303362092717e-05,1.1680069654633847e-12,-1.2696373282497955e-14
218,2.1800000000000004e-12,1e-14,ELECTRODE_ATTACHMENT,CONFIRMED,6.4856867479984849e-05,804911.85859709361,0.30568925374036271,2782295043136389,2.5968499774431522e-05,0.003176392478844786,3.4095877273271664e-07,0.00010734151242440892,3.4455606495780156e-12,-1.3243742417314041e-14
219,2.1900000000000006e-12,1e-14,ELECTRODE_ATTACHMENT,CONFIRMED,6.4831622419918818e-05,849629.18243012612,0.32267198943469205,2782060901490938,2.5587419799185249e-05,0.0012482274380838682,3.4603675877791843e-07,0.00027722252229057975,9.1192955176607895e-12,-1.3789228234664664e-14
220,2.2000000000000007e-12,1e-14,ELECTRODE_ATTACHMENT,CONFIRMED,6.4807369669326364e-05,894346.5060848752,0.33965472506131295,2781822405661061,2.5244250360480114e-05,0.00053722383667899364,3.5074077013042287e-07,0.00065287641050819627,2.2004550272644298e-11,-1.4332914677910534e-14
221,2.2100000000000009e-12,1e-14,ELECTRODE_ATTACHMENT,CONFIRMED,6.4784047841892213e-05,939063.82956150745,0.35663746062028867,2781579557377467,2.4933571486803708e-05,0.00024998900440299738,3.5511109258800529e-07,0.0014205068476353653,4.9040938233029301e-11,-1.4875254608733076e-14
222,2.220000000000001e-12,1e-14,ELECTRODE_ATTACHMENT,CONFIRMED,6.4761600054259806e-05,983781.15286023787,0.37362019611170089,2781332363370220.5,2.4650948702442359e-05,0.00012445344492283619,3.5918243633044223e-07,0.0028860786983690412,1.020295990992515e-10,-1.5416364498012746e-14
223,2.2300000000000012e-12,1e-14,ELECTRODE_ATTACHMENT,CONFIRMED,6.4739973690013808e-05,1028498.4759812747,0.39060293153562869,2781080834138668.5,2.4392718785806675e-05,6.5708831975652124e-05,3.6298486817106928e-07,0.0055241412342494599,1.9991361340310212e-10,-1.5956378752013305e-14
224,2.2400000000000014e-12,1e-14,ELECTRODE_ATTACHMENT,CONFIRMED,6.4719120123667566e-05,1073215.7989248235,0.40758566689215014,2780824983013750,2.4155829088640791e-05,3.6526732384428008e-05,3.6654456281791034e-07,0.010034967238793437,3.7162269686628279e-10,-1.6495404840697886e-14
225,2.2500000000000015e-12,1e-14,ELECTRODE_ATTACHMENT,CONFIRMED,6.4698994429738068e-05,1117933.1216910814,0.42456840218134007,2780564825440011.5,2.3937715418994765e-05,2.1247658338049614e-05,3.6988441285312183e-07,0.017408243627051592,6.5946828923550968e-10,-1.7033510909083105e-14
226,2.2600000000000017e-12,1e-14,ELECTRODE_ATTACHMENT,CONFIRMED,6.4679555093502314e-05,1162650.4442802323,0.44155113740326829,2780300378424847,2.3736208105359413e-05,1.2866911468434552e-05,3.7302452748553416e-07,0.028990992003065211,1.1230415883459168e-09,-1.7570766389167506e-14
227,2.2700000000000018e-12,1e-14,ELECTRODE_ATTACHMENT,CONFIRMED,6.4660763778212464e-05,1207367.7666924542,0.45853387255800249,2780031659737873.5,2.3549458932495692e-05,8.07573524488338e-06,3.759826430908858e-07,0.046557078914777533,1.8435383192183143e-09,-1.8107252166469938e-14
228,2.280000000000002e-12,1e-14,ELECTRODE_ATTACHMENT,CONFIRMED,6.4642590520298346e-05,1252085.0889277472,0.47551660764554271,2779758640389931.5,2.3375883339828718e-05,5.2334554604622214e-06,3.7877446957111986e-07,0.07237559819371546,2.9284121695556106e-09,-1.8643031714886137e-14
229,2.2900000000000022e-12,1e-14,ELECTRODE_ATTACHMENT,CONFIRMED,6.4625002224840401e-05,1296802.4109862701,0.49249934266594914,2779481337083522.5,2.3214115681504078e-05,3.4903874641953566e-06,3.8141396098299808e-07,0.1092755359958084,4.5162450685771523e-09,-1.9178162675055672e-14
230,2.3000000000000023e-12,1e-14,ELECTRODE_ATTACHMENT,CONFIRMED,6.460796820832646e-05,1341519.7328681804,0.50948207761928177,2779199766912462.5,2.3062972416051721e-05,2.3889419508888713e-06,3.839135586286149e-07,0.16070443171956075,6.7817161444983717e-09,-1.9712701447802748e-14
231,2.3100000000000025e-12,1e-14,ELECTRODE_ATTACHMENT,CONFIRMED,6.4591459992670885e-05,1386237.0545736349,0.52646481250559996,2778913947227838,2.2921422734031106e-05,1.6738270769072641e-06,3.8628439061307988e-07,0.23077915033303131,9.9405522759076126e-09,-2.0246698235001686e-14
232,2.3200000000000026e-12,1e-14,ELECTRODE_ATTACHMENT,CONFIRMED,6.457545111732695e-05,1430954.3761027411,0.54344754732494471,2778623895542763,2.2788564693141811e-05,1.1979761857324532e-06,3.8853644062386503e-07,0.32432734911696964,1.4254349753853129e-08,-2.0780198997967481e-14
233,2.3300000000000028e-12,1e-14,ELECTRODE_ATTACHMENT,CONFIRMED,6.4559916968425266e-05,1475671.6974554765,0.56043028207730727,2778329629466463.5,2.2663605692527329e-05,8.7416053538366211e-07,3.9067869133107158e-07,0.44691870144836249,2.0035167586394637e-08,-2.1313246239787685e-14
234,2.340000000000003e-12,1e-14,ELECTRODE_ATTACHMENT,CONFIRMED,6.4544834623813879e-05,1520389.0186319775,0.57741301676273971,2778031166659593.5,2.2545846392882893e-05,6.4924570346537329e-07,3.9271924675203259e-07,0.60488539955810083,2.7649806888162095e-08,-2.1845878952342524e-14
235,2.3500000000000031e-12,1e-14,ELECTRODE_ATTACHMENT,CONFIRMED,6.4530182711470174e-05,1565106.339632378,0.59439575138129264,2777728524818288.5,2.2434667393297876e-05,4.9006558739396347e-07,3.9466543709246597e-07,0.80533187239526505,3.7523706315974561e-08,-2.2378133254097418e-14
236,2.3600000000000033e-12,1e-14,ELECTRODE_ATTACHMENT,CONFIRMED,6.4515941281546469e-05,1609823.6604568104,0.61137848593301647,2777421721667993,2.2329518128684623e-05,3.7544848060688755e-07,3.9652390892510402e-07,1.0561340088103419,5.0144399540578049e-08,-2.2910042677386856e-14
237,2.3700000000000034e-12,1e-14,ELECTRODE_ATTACHMENT,CONFIRMED,6.4502091690292227e-05,1654540.9811053993,0.62836122041795861,2777110774968642,2.2229907567708438e-05,2.9159704463996395e-07,3.9830070304303702e-07,1.3659284631461903,6.6064496416941011e-08,-2.344163852791102e-14
238,2.3800000000000036e-12,1e-14,ELECTRODE_ATTACHMENT,CONFIRMED,6.4488616494725871e-05,1699258.3015782787,0.64534395483616969,2776795702528309,2.2135396379538412e-05,2.2934634724546452e-07,4.0000132190922333e-07,1.7440928391203476,8.5904164192822735e-08,-2.3972950092162932e-14
239,2.3900000000000038e-12,1e-14,ELECTRODE_ATTACHMENT,CONFIRMED,6.4475499357016114e-05,1743975.6218755695,0.66232668918769577,2776476522222955,2.204559030577617e-05,1.8249991259777013e-07,4.0163078828876325e-07,2.2007177021172479,1.1035309834715805e-07,-2.4504004838369924e-14
240,2.4000000000000039e-12,1e-14,ELECTRODE_ATTACHMENT,CONFIRMED,6.4462724957621014e-05,1788692.9419973956,0.67930942347258394,2776153252020325.5,2.1960134526648061e-05,1.4679890960780401e-07,4.0319369637994114e-07,2.7465714660765226,1.4017198422350652e-07,-2.5034828597462752e-14
241,2.4100000000000041e-12,1e-14,ELECTRODE_ATTACHMENT,CONFIRMED,6.4450278916321918e-05,1833410.2619438844,0.6962921576908826,2775825910006397,2.1878708851700712e-05,1.1927120249765936e-07,4.0469425654026804e-07,3.3930592470400387,1.7619346040970266e-07,-2.5565445721769744e-14
242,2.4200000000000042e-12,1e-14,ELECTRODE_ATTACHMENT,CONFIRMED,6.4438147720370721e-05,1878127.5817151552,0.71327489184263693,2775494514413075,2.1801023597575452e-05,9.7812871674914634e-08,4.0613633452443478e-07,4.1521767797008016,2.1932260281313162e-07,-2.609587922468118e-14
243,2.4300000000000044e-12,1e-14,ELECTRODE_ATTACHMENT,CONFIRMED,6.4426318659047238e-05,1922844.9013113293,0.73025762592789312,2775159083646097,2.1726816041004594e-05,8.0914659983526246e-08,4.0752348600410041e-07,5.0364604644828246,2.7053695467088355e-07,-2.6626150903984948e-14
244,2.4400000000000045e-12,1e-14,ELECTRODE_ATTACHMENT,CONFIRMED,6.44147797639945e-05,1967562.2207325308,0.74724035994669824,2774819636312300.5,2.165584735551082e-05,6.74803437891918e-08,4.0885898701843467e-07,6.0589345587169463,3.3088613244765428e-07,-2.7156281451131511e-14
245,2.4500000000000047e-12,1e-14,ELECTRODE_ATTACHMENT,CONFIRMED,6.4403519754764184e-05,2012279.5399788721,0.76422309389909493,2774476191245605.5,2.1587899956561156e-05,5.6704363299621318e-08,4.1014586090431505e-07,7.2330564534714403,4.0149104087583089e-07,-2.7686290717908867e-14
246,2.4600000000000049e-12,1e-14,ELECTRODE_ATTACHMENT,CONFIRMED,6.4392527989289228e-05,2056996.8590504741,0.78120582778512926,2774128767527963.5,2.1522775192988988e-05,4.7988239272966518e-08,4.1138690217255249e-07,8.5726608936932038,4.8354273246080658e-07,-2.8216199037961648e-14
247,2.470000000000005e-12,1e-14,ELECTRODE_ATTACHMENT,CONFIRMED,6.43817934371558e-05,2101714.177947321,0.79818856160479512,2773777384484515.5,2.1460291332946877e-05,4.0882741399763099e-08,4.1258469772992429e-07,10.091903908682481,5.7830094778383791e-07,-2.874602469902706e-14
248,2.4800000000000052e-12,1e-14,ELECTRODE_ATTACHMENT,CONFIRMED,6.4371306355016805e-05,2146431.4966694643,0.81517129535811206,2773422061723318.5,2.1400281801954613e-05,3.5047385560293021e-08,4.1374164577549142e-07,11.805207126326721,6.870923731143985e-07,-2.9275785289153176e-14
249,2.4900000000000053e-12,1e-14,ELECTRODE_ATTACHMENT,CONFIRMED,6.4361057852975627e-05,2191148.815217026,0.83215402904512648,2773062819152439,2.1342593636555447e-05,3.0221740808877575e-08,4.1485997267148495e-07,13.727203052102832,8.1130865123772796e-07,-2.9805497747126002e-14
250,2.5000000000000055e-12,1e-14,ELECTRODE_ATTACHMENT,CONFIRMED,6.4351039511074162e-05,2235866.1335901143,0.84913676266587934,2772699676993862.5,2.1287086123522957e-05,2.6204881643233552e-08,4.1594174803548247e-07,15.872681804036468,9.5240418030448844e-07,-3.0335178403205246e-14
251,2.5100000000000057e-12,1e-14,ELECTRODE_ATTACHMENT,CONFIRMED,6.4341243347930117e-05,2280583.4517888362,0.8661194962204114,2772332655794071.5,2.1233629599146745e-05,2.2840522075477537e-08,4.1698889826898924e-07,18.25653971003949,1.1118937339619822e-06,-3.0864843030819337e-14
252,2.5200000000000058e-12,1e-14,ELECTRODE_ATTACHMENT,CONFIRMED,6.4331661791860073e-05,2325300.7698133038,0.88310222970876529,2771961776431875.5,2.1182104387049231e-05,2.0006155760714861e-08,4.1800321870821598e-07,20.893730095265433,1.2913499341657187e-06,-3.1394506893292567e-14
253,2.530000000000006e-12,1e-14,ELECTRODE_ATTACHMENT,CONFIRMED,6.4322287654263743e-05,2370018.0876636216,0.90008496313098052,2771587060123544.5,2.1132399856235129e-05,1.7605049489404172e-08,4.1898638455809675e-07,23.799216515140678,1.4924006060025258e-06,-3.1924184786130899e-14
254,2.5400000000000061e-12,1e-14,ELECTRODE_ATTACHMENT,CONFIRMED,6.4313114105067563e-05,2414735.4053399083,0.91706769648710218,2771208528425350,2.1084413583786129e-05,1.5560288697450205e-08,4.1993996074943501e-07,26.987928624887832,1.7167260416587925e-06,-3.2453891075447758e-14
255,2.5500000000000063e-12,1e-14,ELECTRODE_ATTACHMENT,CONFIRMED,6.4304134650046754e-05,2459452.7228422672,0.93405042977716968,2770826203233588.5,2.1038050608880789e-05,1.3810312269781747e-08,4.2086541084098276e-07,30.474720818722947,1.9660561984073515e-06,-3.2983639732819542e-14
256,2.5600000000000065e-12,1e-14,ELECTRODE_ATTACHMENT,CONFIRMED,6.4295343109860233e-05,2504170.0401708074,0.95103316300122431,2770440106782248,2.0993222766722997e-05,1.2305537680220672e-08,4.2176410507275928e-07,34.274333721368599,2.2421678532208385e-06,-3.3513444367005885e-14
257,2.5700000000000066e-12,1e-14,ELECTRODE_ATTACHMENT,CONFIRMED,6.4286733600649643e-05,2548887.3573256396,0.96801589615930816,2770050261638461.5,2.0949848092564823e-05,1.1005791029114182e-08,4.2263732766360174e-07,38.401358570735859,2.5468817343876367e-06,-3.4043318252856983e-14
258,2.5800000000000068e-12,1e-14,ELECTRODE_ATTACHMENT,CONFIRMED,6.427830051606922e-05,2593604.674306883,0.98499862925146653,2769656690695890,2.0907850287363419e-05,9.8783359781109932e-09,4.2348628343447719e-07,42.870204493232805,2.8820596483452249e-06,-3.4573274357688299e-14
259,2.5900000000000069e-12,1e-14,ELECTRODE_ATTACHMENT,CONFIRMED,6.4270036239633723e-05,2638321.9911147999,1.0019813622777991,2769259461210582,2.0867158569645768e-05,8.896351675624604e-09,4.2431209708060916e-07,47.695067883073385,3.2496016694126929e-06,-3.5081752414526786e-14
260,2.6000000000000071e-12,1e-14,ELECTRODE_ATTACHMENT,CONFIRMED,6.4261911203803858e-05,2683039.3077511671,1.0189640952389805,2768859084228373.5,2.0827710245192312e-05,8.0377497203402887e-09,4.2511575725631312e-07,52.88989730303711,3.6514438605497923e-06,-3.5550324972620268e-14
261,2.6100000000000073e-12,1e-14,ELECTRODE_ATTACHMENT,CONFIRMED,6.4253880684434216e-05,2727756.6242189589,1.0359468281361401,2768456423386770,2.0789449604692225e-05,7.2842489036940331e-09,4.2589813492713106e-07,58.468366547873863,4.0895556961317289e-06,-3.6019034550062389e-14
262,2.6200000000000074e-12,1e-14,ELECTRODE_ATTACHMENT,CONFIRMED,6.4245943965800294e-05,2772473.9405183373,1.0529295609693399,2768051506102154,2.0752318639632797e-05,6.6206472421650348e-09,4.2666017068041084e-07,64.443876115787077,4.5659357272848236e-06,-3.6487888250227568e-14
263,2.6300000000000076e-12,1e-14,ELECTRODE_ATTACHMENT,CONFIRMED,6.4238100281021501e-05,2817191.2566494616,1.0699122937386403,2767644360088611.5,2.0716263038552466e-05,6.0342459585707966e-09,4.2740275098470079e-07,70.829521023689026,5.0826097682338083e-06,-3.6956893109683383e-14
264,2.6400000000000077e-12,1e-14,ELECTRODE_ATTACHMENT,CONFIRMED,6.4230348820457721e-05,2861908.5726125021,1.0868950264441057,2767235013342777.5,2.0681231898252344e-05,5.5143912006816171e-09,4.2812671200443426e-07,77.638073982040808,5.6416282799643158e-06,-3.7426056102710448e-14
265,2.6500000000000079e-12,1e-14,ELECTRODE_ATTACHMENT,CONFIRMED,6.4222688739041869e-05,2906625.8884076108,1.1038777590857942,2766823494127695.5,2.0647177461648316e-05,5.0521075178346061e-09,4.2883284309666356e-07,84.881970857276301,6.245063825631852e-06,-3.7895384145497095e-14
266,2.6600000000000081e-12,1e-14,ELECTRODE_ATTACHMENT,CONFIRMED,6.421511916268728e-05,2951343.2040349394,1.120860491663763,2766409830955824,2.0614054879438555e-05,4.6398032471406408e-09,4.2952189002036624e-07,92.573298293427968,6.8950086028071637e-06,-3.8364884100033278e-14
267,2.6700000000000082e-12,1e-14,ELECTRODE_ATTACHMENT,CONFIRMED,6.4207639193888442e-05,2996060.5194946527,1.1378432241780749,2765994052571319.5,2.0581821993098535e-05,4.2710325558196866e-09,4.3019455788554449e-07,100.72378336226065,7.5935720565736995e-06,-3.8834562777727127e-14
268,2.6800000000000084e-12,1e-14,ELECTRODE_ATTACHMENT,CONFIRMED,6.4200247916617725e-05,3040777.8347868882,1.1548259566287822,2765576187931715,2.0550439137008601e-05,3.9403023512295573e-09,4.3085151386642577e-07,109.34478511071113,8.342878576532995e-06,-3.9304426942764682e-14
269,2.6900000000000085e-12,1e-14,ELECTRODE_ATTACHMENT,CONFIRMED,6.4192944400606964e-05,3085495.1499118195,1.1718086890159507,2765156266189111,2.0519868957773346e-05,3.6429148986027489e-09,4.3149338970051527e-07,118.4472878754362,9.1450652799225466e-06,-3.9774483315233088e-14
270,2.7000000000000087e-12,1e-14,ELECTRODE_ATTACHMENT,CONFIRMED,6.4185727705090017e-05,3130212.4648695891,1.1887914213396347,2764734316670979,2.0490076249014263e-05,3.3748389917255361e-09,4.3212078399298092e-07,128.04189623637126,1.0002279882287983e-05,-4.0244738574023592e-14
271,2.7100000000000088e-12,1e-14,ELECTRODE_ATTACHMENT,CONFIRMED,6.4178596882073167e-05,3174929.7796603334,1.2057741535998858,2764310368860676.5,2.0461027800110463e-05,3.1326040599423112e-09,4.3273426434385667e-07,138.13883148444421,1.0916678656493905e-05,-4.0715199359532687e-14
272,2.720000000000009e-12,1e-14,ELECTRODE_ATTACHMENT,CONFIRMED,6.4171550979191097e-05,3219647.0942842141,1.2227568857967654,2763884452377766,2.0432692257531884e-05,2.913212780988069e-09,4.3333436931377345e-07,148.74792948244593,1.1890424480270554e-05,-4.118587227617459e-14
273,2.7300000000000092e-12,1e-14,ELECTRODE_ATTACHMENT,CONFIRMED,6.4164589042198418e-05,3264364.4087413768,1.2397396179303288,2763456596958215.5,2.0405039997558066e-05,2.7140686884640378e-09,4.339216102423523e-07,159.87863980256145,1.2925684971987561e-05,-4.1656763894739561e-14
274,2.7400000000000093e-12,1e-14,ELECTRODE_ATTACHMENT,CONFIRMED,6.4157710117140955e-05,3309081.7230319628,1.2567223500006299,2763026832434561,2.0378043009305844e-05,2.5329159787954545e-09,4.3449647293200062e-07,171.54002602906252,1.4024630713914549e-05,-4.212788075454715e-14
275,2.7500000000000095e-12,1e-14,ELECTRODE_ATTACHMENT,CONFIRMED,6.4150913252244743e-05,3353799.0371561213,1.2737050820077251,2762595188716097,2.0351674787104396e-05,2.3677892828474483e-09,4.3505941920860266e-07,183.7407671198724,1.5189433561851839e-05,-4.2599229365246268e-14
276,2.7600000000000096e-12,1e-14,ELECTRODE_ATTACHMENT,CONFIRMED,6.4144197499556099e-05,3398516.351113989,1.2906878139516667,2762161695769156.5,2.0325910231357023e-05,2.2169716078819647e-09,4.3561088836949304e-07,196.48915972616538,1.6422265039698453e-05,-4.3070816208675303e-14
277,2.7700000000000098e-12,1e-14,ELECTRODE_ATTACHMENT,CONFIRMED,6.4137561916362493e-05,3443233.6649057106,1.3076705458325091,2761726383597538,2.0300725557118769e-05,2.0789590033746886e-09,4.3615129852810312e-07,209.79312137474412,1.7725294817262776e-05,-4.3525591766752924e-14
278,2.78000000000001e-12,1e-14,ELECTRODE_ATTACHMENT,CONFIRMED,6.4130985992562903e-05,3487950.9785395493,1.3246532776533908,2761289824388068,2.0276102190801476e-05,1.9524307800254145e-09,4.3668096212381595e-07,223.66015051152377,1.9100692993543158e-05,-4.397107289812111e-14
279,2.7900000000000101e-12,1e-14,ELECTRODE_ATTACHMENT,CONFIRMED,6.4124458996631323e-05,3532668.2920201616,1.3416360094160802,2760852351343694.5,2.0252020941642536e-05,1.8362243310428406e-09,4.3720021020686757e-07,238.0973842986657,2.0550624374193594e-05,-4.4417099398280359e-14
280,2.8000000000000103e-12,1e-14,ELECTRODE_ATTACHMENT,CONFIRMED,6.4117981775070485e-05,3577385.6053475481,1.3586187411205775,2760413984930020,2.0228461399050213e-05,1.7293137802006833e-09,4.3770940548230382e-07,253.11161600268318,2.2077246095436641e-05,-4.4863668841483841e-14
281,2.8100000000000104e-12,1e-14,ELECTRODE_ATTACHMENT,CONFIRMED,6.4111555074294156e-05,3622102.918521693,1.3756014727668768,2759974745853658,2.0205404168945294e-05,1.630791822222674e-09,4.3820889395563037e-07,268.7092785137819,2.3682708267476916e-05,-4.5310779133946793e-14
282,2.8200000000000106e-12,1e-14,ELECTRODE_ATTACHMENT,CONFIRMED,6.4105179549286921e-05,3666820.2315425985,1.3925842043549788,2759534655032907,2.0182830811663221e-05,1.5398542345818771e-09,4.3869900587401033e-07,284.89645060016483,2.5369152841124533e-05,-4.5758428496784686e-14
283,2.8300000000000108e-12,1e-14,ELECTRODE_ATTACHMENT,CONFIRMED,6.4098855771464362e-05,3711537.5444102371,1.4095669358848733,2759093733569384.5,2.016072378433805e-05,1.4341699739036389e-09,4.3918005660483365e-07,306.22594573601214,2.7544360032710299e-05,-4.6206615496919441e-14
284,2.8400000000000109e-12,1e-14,ELECTRODE_ATTACHMENT,CONFIRMED,6.40925842358503e-05,3756254.8571242928,1.42654966735644,2758652288384313,2.0139068472834033e-05,1.3399776964300891e-09,4.3965230192963399e-07,328.10419389885124,2.9808148692008552e-05,-4.6655342017237967e-14
285,2.8500000000000111e-12,1e-14,ELECTRODE_ATTACHMENT,CONFIRMED,6.4086365369731292e-05,3800972.1696847742,1.4435323987696822,2758210336830504.5,2.0117848936116179e-05,1.2537998893312558e-09,4.4011603034282118e-07,351.02573711150001,3.2207017275139867e-05,-4.7104607181056969e-14
286,2.8600000000000112e-12,1e-14,ELECTRODE_ATTACHMENT,CONFIRMED,6.408019953625164e-05,3845689.4820916811,1.4605151301246,2757767927071288.5,2.0097050204567162e-05,1.1748196115428529e-09,4.4057151286748732e-07,375.01205167055298,3.4745754050677882e-05,-4.7554410591114799e-14
287,2.8700000000000114e-12,1e-14,ELECTRODE_ATTACHMENT,CONFIRMED,6.4074087039970849e-05,3890406.7943450301,1.4774978614211998,2757325108311436,2.0076658019348888e-05,1.1023157417219866e-09,4.4101900845582831e-07,400.08410636220151,3.7429174803223569e-05,-4.8004752109604038e-14
288,2.8800000000000116e-12,1e-14,ELECTRODE_ATTACHMENT,CONFIRMED,6.406802813179168e-05,3935124.1064448385,1.4944805926594877,2756881930759000.5,2.0056658792138862e-05,1.0356503700584013e-09,4.414587646208734e-07,426.26235396022611,4.0262119661176714e-05,-4.8455631846870543e-14
289,2.8900000000000117e-12,1e-14,ELECTRODE_ATTACHMENT,CONFIRMED,6.4062023013461753e-05,3979841.4183911146,1.5114633238394672,2756438445587140.5,2.0037039567563464e-05,9.7425801874196393e-10,4.4189101802910118e-07,453.56672414121311,4.3249450019887036e-05,-4.8907050150794603e-14
290,2.9000000000000119e-12,1e-14,ELECTRODE_ATTACHMENT,CONFIRMED,6.4056071841689727e-05,4024558.7301838831,1.5284460549611478,2755994704895988.5,2.0017787988118876e-05,9.1763640252511651e-10,4.4231599505675712e-07,482.01661773618503,4.6396045561657258e-05,-4.9359007596805719e-14
291,2.910000000000012e-12,1e-14,ELECTRODE_ATTACHMENT,CONFIRMED,6.4050174731911908e-05,4069276.0418231608,1.5454287860245355,2755550761674627.5,1.9998892261388693e-05,8.6533848986572928e-10,4.4273391231246018e-07,511.63090223937365,4.9706801373604779e-05,-4.9811504978484903e-14
292,2.9200000000000122e-12,1e-14,ELECTRODE_ATTACHMENT,CONFIRMED,6.4044331761742114e-05,4113993.3533089729,1.5624115170296402,2755106669763229.5,1.9980341129384003e-05,8.1696566527428187e-10,4.4314497712847492e-07,542.42790849686048,5.3186625163983808e-05,-5.0264543298714609e-14
293,2.9300000000000124e-12,1e-14,ELECTRODE_ATTACHMENT,CONFIRMED,6.4038542974133902e-05,4158710.6646413389,1.5793942479764689,2754662483815409,1.9962123839846587e-05,7.7216182643789893e-10,4.4354938802283508e-07,574.42542849987353,5.684043457718546e-05,-5.0718123761336255e-14
294,2.9400000000000125e-12,1e-14,ELECTRODE_ATTACHMENT,CONFIRMED,6.4032808380281117e-05,4203427.9758202909,1.5963769788650344,2754218259260842,1.9944230119369504e-05,7.3060827681961949e-10,4.4394733513433347e-07,607.64071420989387,6.067315460729968e-05,-5.1172247763283034e-14
295,2.9500000000000127e-12,1e-14,ELECTRODE_ATTACHMENT,CONFIRMED,6.4027127962280666e-05,4248145.2868458619,1.6133597096953487,2753774052268193.5,1.992665014820173e-05,6.9201929682778669e-10,4.443390006322283e-07,642.09047734517844,6.4689715109816296e-05,-5.1626916887153141e-14
296,2.9600000000000128e-12,1e-14,ELECTRODE_ATTACHMENT,CONFIRMED,6.402150167557832e-05,4292862.5977180721,1.6303424404674198,2753329919708398.5,1.990937453661432e-05,6.5613829519372231e-10,4.447245591023823e-07,677.79089006088122,6.8895048410768934e-05,-5.2082132894195216e-14
297,2.970000000000013e-12,1e-14,ELECTRODE_ATTACHMENT,CONFIRMED,6.4015929451217084e-05,4337579.9084369643,1.6473251711812638,2752885919118333.5,1.9892394302716019e-05,6.2273445759047757e-10,4.4510417791140856e-07,714.75758645769019,7.3294087012394163e-05,-5.2537897717679047e-14
298,2.9800000000000132e-12,1e-14,ELECTRODE_ATTACHMENT,CONFIRMED,6.4010411197904847e-05,4382297.2190025626,1.6643079018368896,2752442108664912.5,1.9875700851615175e-05,5.9159982234025983e-10,4.4547801755028305e-07,753.00566485644663,7.7891761394144229e-05,-5.2994212757279732e-14
299,2.9900000000000133e-12,1e-14,ELECTRODE_ATTACHMENT,CONFIRMED,6.4004946803917459e-05,4427014.5294149127,1.6812906324343151,2751998547109644.5,1.9859285955833161e-05,5.6254672375236315e-10,4.4584623195877329e-07,792.54969077917485,8.2692997907730164e-05,-5.3451076555027656e-14
300,3.0000000000000135e-12,1e-14,ELECTRODE_ATTACHMENT,CONFIRMED,6.3999536138850907e-05,4471731.8396740546,1.6982733629735554,2751555293773676.5,1.9843141736882186e-05,5.3540555258116555e-10,4.4620896883192838e-07,833.40370057944949,8.7702716764680237e-05,-5.3908495877316226e-14
301,3.0100000000000136e-12,1e-14,ELECTRODE_ATTACHMENT,CONFIRMED,6.3994179055235588e-05,4516449.1497800201,1.7152560934546219,2751112408503351.5,1.9827260647927211e-05,5.1002279059783484e-10,4.4656636990978572e-07,875.58120566795219,9.2925830114778602e-05,-5.4366473286667266e-14
302,3.0200000000000138e-12,1e-14,ELECTRODE_ATTACHMENT,CONFIRMED,6.3988875902060976e-05,4561166.4597331602,1.7322388238776487,2750669951636307,1.9811635457457871e-05,4.8625928257815832e-10,4.4691857125136734e-07,919.09519728198177,9.8367240231014052e-05,-5.4825011704763619e-14
303,3.0300000000000139e-12,1e-14,ELECTRODE_ATTACHMENT,CONFIRMED,6.3983626482310826e-05,4605883.7695335206,1.749221554242653,2750227983975208,1.9796259233953383e-05,4.6398871432594834e-10,4.4726570349280015e-07,963.95815174633663,0.0001040318377338463,-5.5284113986398754e-14
304,3.0400000000000141e-12,1e-14,ELECTRODE_ATTACHMENT,CONFIRMED,6.3978430586224272e-05,4650601.0791811608,1.7662042845496571,2749786566748204.5,1.978112533132632e-05,4.430962698396414e-10,4.4760789209388873e-07,1010.1820361879375,0.00010992449994493346,-5.5743783120918365e-14
305,3.0500000000000143e-12,1e-14,ELECTRODE_ATTACHMENT,CONFIRMED,6.3973287993132413e-05,4695318.3886761209,1.7831870147986764,2749345761576755.5,1.9766227375235837e-05,4.234774445320597e-10,4.4794525757064751e-07,1057.77831465292,0.0001160500893105231,-5.6204022227648942e-14
306,3.0600000000000144e-12,1e-14,ELECTRODE_ATTACHMENT,CONFIRMED,6.3968198472490716e-05,4740035.6980184605,1.8001697449897334,2748905630444072.5,1.9751559250167888e-05,4.0503699463614515e-10,4.4827791571567899e-07,1106.7579545872798,0.00012241345190600709,-5.6664834552115211e-14
307,3.0700000000000146e-12,1e-14,ELECTRODE_ATTACHMENT,CONFIRMED,6.3963161784832056e-05,4784753.007208229,1.8171524751228472,2748466235664180,1.9737115087232358e-05,3.8768800567033361e-10,4.4860597780714374e-07,1157.1314336420587,0.00012901941601951074,-5.7126223462090885e-14
308,3.0800000000000147e-12,1e-14,ELECTRODE_ATTACHMENT,CONFIRMED,6.3958177682646333e-05,4829470.3162454814,1.8341352051980382,2748027639851613,1.9722889252631087e-05,3.7135106517156171e-10,4.4892955080700603e-07,1208.9087467666307,0.00013587279081236792,-5.7588192443883456e-14
309,3.0900000000000149e-12,1e-14,ELECTRODE_ATTACHMENT,CONFIRMED,6.3953245911192738e-05,4874187.6251302678,1.8511179352153257,2747589905891750.5,1.9708876336754074e-05,3.5595352689653663e-10,4.4924873754919652e-07,1262.0994135556848,0.00014297836505428694,-5.8050745098797988e-14
310,3.1000000000000151e-12,1e-14,ELECTRODE_ATTACHMENT,CONFIRMED,6.3948366209249901e-05,4918904.9338626675,1.86810066517474,2747153096911795.5,1.9667196530785799e-05,3.4191276764152216e-10,4.5020081021411507e-07,1316.7124858178076,0.00014992066511268547,-5.8478290602187321e-14
311,3.1100000000000152e-12,1e-14,ELECTRODE_ATTACHMENT,CONFIRMED,6.3943561834108311e-05,4963622.2424602555,1.8850833950829555,2746716955773132,1.9606848438748828e-05,3.2896323300233525e-10,4.5158648726541661e-07,1372.7567155269626,0.00015678387182320444,-5.8881431269868557e-14
312,3.1200000000000154e-12,1e-14,ELECTRODE_ATTACHMENT,CONFIRMED,6.3938847540533534e-05,5008339.5509354258,1.9020661249446793,2746281313383992.5,1.9547543795333183e-05,3.1669958816264128e-10,4.5295654049967474e-07,1430.2403837262289,0.00016385388139409214,-5.9285133888881669e-14
313,3.1300000000000155e-12,1e-14,ELECTRODE_ATTACHMENT,CONFIRMED,6.3934221087540638e-05,5053056.8592882138,1.9190488547599247,2745846223859845.5,1.948925534663438e-05,3.0507656483903618e-10,4.5431124254467935e-07,1489.171227506059,0.00017113333933656703,-5.9689401554015887e-14
314,3.1400000000000157e-12,1e-14,ELECTRODE_ATTACHMENT,CONFIRMED,6.3929680325316038e-05,5097774.1675187033,1.9360315845287237,2745411741240401,1.9431956803691504e-05,2.9405242352521946e-10,4.5565085916195347e-07,1549.5565508334416,0.00017862485861267665,-6.0094237454508231e-14
315,3.1500000000000159e-12,1e-14,ELECTRODE_ATTACHMENT,CONFIRMED,6.3925223190458e-05,5142491.4756269259,1.9530143142510881,2744977919469404,1.9375622800374634e-05,2.8358863884893764e-10,4.5697564945519079e-07,1611.4032329010654,0.00018633101970199698,-6.0499644871310787e-14
316,3.160000000000016e-12,1e-14,ELECTRODE_ATTACHMENT,CONFIRMED,6.3920847701515548e-05,5187208.7836129628,1.9699970439270487,2744544812375083,1.9320228853449877e-05,2.7364961633274562e-10,4.5828586607135199e-07,1674.7177365456159,0.00019425437069472607,-6.0905627173951972e-14
317,3.1700000000000162e-12,1e-14,ELECTRODE_ATTACHMENT,CONFIRMED,6.3916551954801352e-05,5231926.0914768614,1.9869797735566239,2744112473651372.5,1.9265751324693089e-05,2.6420243710474217e-10,4.5958175539468877e-07,1739.5061167149231,0.00020239742740934066,-6.1312187818013768e-14
318,3.1800000000000163e-12,1e-14,ELECTRODE_ATTACHMENT,CONFIRMED,6.3912334120461815e-05,5276643.399218698,2.0039625031398423,2743680956839776.5,1.9212167384929744e-05,2.5521662751889642e-10,4.6086355773400831e-07,1805.7740289663755,0.00021076267353319243,-6.171933034261068e-14
319,3.1900000000000165e-12,1e-14,ELECTRODE_ATTACHMENT,CONFIRMED,6.3908192438784917e-05,5321360.7068385389,2.0209452326767292,2743250315311886,1.9159454979888136e-05,2.4666395100496253e-10,4.6213150750344026e-07,1873.5267379794093,0.00021935256078439824,-6.2127058367961792e-14
320,3.2000000000000167e-12,1e-14,ELECTRODE_ATTACHMENT,CONFIRMED,6.3904125216729526e-05,5366078.0143364538,2.037927962167311,2742820602252544,1.9107592797760181e-05,2.385182197820332e-10,4.6338583339696776e-07,1942.7691260668762,0.00022816950909353744,-6.2535375593071836e-14
321,3.2100000000000168e-12,1e-14,ELECTRODE_ATTACHMENT,CONFIRMED,6.3900130824660331e-05,5410795.3217124837,2.0549106916116036,2742391870643645.5,1.9056560238371145e-05,2.3075512434427564e-10,4.6462675855696873e-07,2013.5057016708663,0.00023721590680369112,-6.2944285793513821e-14
322,3.220000000000017e-12,1e-14,ELECTRODE_ATTACHMENT,CONFIRMED,6.3896207693274565e-05,5455512.6289667226,2.071893421009642,2741964173248554.5,1.9006337383865956e-05,2.2335207886738385e-10,4.6585450073700773e-07,2085.7406078302529,0.00024649411088749178,-6.33537928193096e-14
323,3.2300000000000171e-12,1e-14,ELECTRODE_ATTACHMENT,CONFIRMED,6.3892354310707324e-05,5500229.9360992368,2.0888761503614521,2741537562597126,1.8956904970826063e-05,2.1628808089468376e-10,4.6706927245909871e-07,2159.4776306075173,0.00025600644717982385,-6.3763900592902015e-14
324,3.2400000000000173e-12,1e-14,ELECTRODE_ATTACHMENT,CONFIRMED,6.38885692198033e-05,5544947.2431100784,2.1058588796670534,2741112090971318.5,1.8908244363736002e-05,2.0954358384622083e-10,4.6827128116565861e-07,2234.720207464391,0.00026575521062499933,-6.417461310721458e-14
325,3.2500000000000175e-12,1e-14,ELECTRODE_ATTACHMENT,CONFIRMED,6.3884851015544059e-05,5589664.549999333,2.1228416089264783,2740687810391382.5,1.8860337529724113e-05,2.0310038105632894e-10,4.6946072936635924e-07,2311.4714355762658,0.00027574266553723089,-6.4585934423795181e-14
326,3.2600000000000176e-12,1e-14,ELECTRODE_ATTACHMENT,CONFIRMED,6.3881198342620357e-05,5634381.8567670817,2.1398243381397579,2740264772602610,1.881316701450684e-05,1.9694150018778047e-10,4.7063781478007044e-07,2389.7340800761904,0.00028597104587327218,-6.4997868671037252e-14
327,3.2700000000000178e-12,1e-14,ELECTRODE_ATTACHMENT,CONFIRMED,6.3877609893140126e-05,5679099.1634133821,2.156807067306914,2739843029062631,1.8766715919470197e-05,1.9105110699621785e-10,4.7180273047208585e-07,2469.5105822204209,0.00029644255551620157,-6.5410420042477884e-14
328,3.2800000000000179e-12,1e-14,ELECTRODE_ATTACHMENT,CONFIRMED,6.387408440446312e-05,5723816.4699383127,2.1737897964279762,2739422630929246,1.8720967879826321e-05,1.8541441752938819e-10,4.7295566498681172e-07,2550.8030674683009,0.00030715936856937537,-6.5823592795165874e-14
329,3.2900000000000181e-12,1e-14,ELECTRODE_ATTACHMENT,CONFIRMED,6.387062065715437e-05,5768533.7763419626,2.190772525502978,2739003629048774.5,1.8675907043786715e-05,1.8001761794361084e-10,4.7409680247609174e-07,2633.6133534696532,0.00031812362965958745,-6.6237391248099064e-14
330,3.3000000000000183e-12,1e-14,ELECTRODE_ATTACHMENT,CONFIRMED,6.3867217473048687e-05,5813251.0826243712,2.2077552545319352,2738586073944909.5,1.863151805269772e-05,1.7484779120644393e-10,4.7522632282332857e-07,2717.9429579537882,0.0003293374542485553,-6.6651819780725559e-14
331,3.3100000000000184e-12,1e-14,ELECTRODE_ATTACHMENT,CONFIRMED,6.3863873713419114e-05,5857968.3887856472,2.2247379835148888,2738170015808065,1.8587786022086455e-05,1.6989285003114604e-10,4.7634440176356888e-07,2803.7931065153234,0.00034080292895195401,-6.7066882831507361e-14
332,3.3200000000000186e-12,1e-14,ELECTRODE_ATTACHMENT,CONFIRMED,6.386058827724315e-05,5902685.6948258579,2.2417207124518641,2737755504485199,1.8544696523569399e-05,1.6514147545655413e-10,4.7745121099969266e-07,2891.1647402914346,0.00035252211186511306,-6.7482584896542648e-14
333,3.3300000000000187e-12,1e-14,ELECTRODE_ATTACHMENT,CONFIRMED,6.3857360099560327e-05,5947403.0007450879,2.2587034413428935,2737342589470103.5,1.8502235567577926e-05,1.6058306054622095e-10,4.785469183148594e-07,2980.0585235272574,0.00036449703289473802,-6.7898930528243953e-14
334,3.3400000000000189e-12,1e-14,ELECTRODE_ATTACHMENT,CONFIRMED,6.3854188149915721e-05,5992120.3065434182,2.2756861701880071,2736931319894142.5,1.8460389586858294e-05,1.5620765873433784e-10,4.7963168768134662e-07,3070.4748510254267,0.00037672969409589092,-6.8315924334070232e-14
335,3.350000000000019e-12,1e-14,ELECTRODE_ATTACHMENT,CONFIRMED,6.3851071430884207e-05,6036837.6122209048,2.2926688989872273,2736521744517431.5,1.8419145420705945e-05,1.5200593639361778e-10,4.8070567936591322e-07,3162.4138554768738,0.00038922207001359263,-6.8733570975309962e-14
336,3.3600000000000192e-12,1e-14,ELECTRODE_ATTACHMENT,CONFIRMED,6.3848008976670538e-05,6081554.917777665,2.3096516277405978,2736113911720438.5,1.8378490299896192e-05,1.4796912924279102e-10,4.8176905003181969e-07,3255.8754146705992,0.00040197610802846379,-6.9151875165913046e-14
337,3.3700000000000194e-12,1e-14,ELECTRODE_ATTACHMENT,CONFIRMED,6.3844999851780533e-05,6126272.223213762,2.3266343564481429,2735707869495999.5,1.8338411832276069e-05,1.4408900224928641e-10,4.828219528376174e-07,3350.8591585795962,0.00041499372870573123,-6.9570781355377779e-14
338,3.3800000000000195e-12,1e-14,ELECTRODE_ATTACHMENT,CONFIRMED,6.3842043149759485e-05,6170989.5285294233,2.3436170851099489,2735303665441734.5,1.8298897988983347e-05,1.4035781271640603e-10,4.8386453753283766e-07,3447.3644763223078,0.00042827682614720772,-6.9990355744936517e-14
339,3.3900000000000197e-12,1e-14,ELECTRODE_ATTACHMENT,CONFIRMED,6.383913799179156e-05,6215706.8337247623,2.3605998137260591,2734901346765034.5,1.8259937091343093e-05,1.3676827627463856e-10,4.8489695054851573e-07,3545.3905229807442,0.00044182726834742593,-7.04107307542474e-14
340,3.4000000000000198e-12,1e-14,ELECTRODE_ATTACHMENT,CONFIRMED,6.3836283386155352e-05,6260424.1387997437,2.37758254229646,2734500964323380.5,1.8221517825216446e-05,1.3331353552365256e-10,4.859193343677903e-07,3644.9362209104283,0.00045564689818001613,-7.0843916937011791e-14
341,3.41000000000002e-12,1e-14,ELECTRODE_ATTACHMENT,CONFIRMED,6.3833465402764325e-05,6305141.4437484285,2.3945652708188958,2734102950197646.5,1.8183631739823114e-05,1.2998713109622443e-10,4.8693176035944792e-07,3745.999748228855,0.00046973759441459054,-7.1277705001990596e-14
342,3.4200000000000202e-12,1e-14,ELECTRODE_ATTACHMENT,CONFIRMED,6.3830683800875559e-05,6349858.7485708725,2.4115479992933877,2733707347587886,1.8146268100037287e-05,1.2678297493486691e-10,4.8793436556697893e-07,3848.5795574496401,0.00048410115404108519,-7.1712101063435712e-14
343,3.4300000000000203e-12,1e-14,ELECTRODE_ATTACHMENT,CONFIRMED,6.382793834069491e-05,6394576.0532672396,2.4285307277199983,2733314199308237,1.8109416474315937e-05,1.2369532559587939e-10,4.8892728406559314e-07,3952.6738921642855,0.00049876951395992153,-7.2147111279655984e-14
344,3.4400000000000205e-12,1e-14,ELECTRODE_ATTACHMENT,CONFIRMED,6.3825228783463182e-05,6439293.3578376612,2.4455134560987775,2732923547780600.5,1.8073066724051128e-05,1.2071876540843007e-10,4.8991064704127373e-07,4058.2807932449427,0.00051375376250008611,-7.2582742238953734e-14
345,3.4500000000000206e-12,1e-14,ELECTRODE_ATTACHMENT,CONFIRMED,6.3822554891114082e-05,6484010.6622822536,2.462496184429769,2732535435041378.5,1.8037208993447704e-05,1.1784817933433888e-10,4.90884582865144e-07,4165.3981048997748,0.00052902094243074884,-7.3019000686881276e-14
346,3.4600000000000208e-12,1e-14,ELECTRODE_ATTACHMENT,CONFIRMED,6.3819916426241229e-05,6528727.9666011604,2.4794789127130281,2732149902739771.5,1.8001833699762688e-05,1.1507873538793311e-10,4.9184921716706689e-07,4274.0234806111803,0.00054457291090245384,-7.3455892954614558e-14
347,3.470000000000021e-12,1e-14,ELECTRODE_ATTACHMENT,CONFIRMED,6.3817312128019031e-05,6573445.2707945658,2.496461640948624,2731767059205873,1.7966931965063289e-05,1.1240586648808855e-10,4.9280466080780932e-07,4384.154281307292,0.00056041151654179309,-7.3893425714608151e-14
348,3.4800000000000211e-12,1e-14,ELECTRODE_ATTACHMENT,CONFIRMED,6.3814741656505818e-05,6618162.5748626385,2.5134443691366211,2731386954244726.5,1.7932494781313587e-05,1.0982525362606538e-10,4.9375103245681331e-07,4495.7877733471396,0.00057653857574256194,-7.4331605413834442e-14
349,3.4900000000000213e-12,1e-14,ELECTRODE_ATTACHMENT,CONFIRMED,6.3812204814684898e-05,6662879.8788054977,2.5304270972770646,2731009628086615,1.7898513326033061e-05,1.0733281024310967e-10,4.9468844990168799e-07,4608.9210631978676,0.00059295588175014961,-7.4770438486948529e-14
350,3.5000000000000214e-12,1e-14,ELECTRODE_ATTACHMENT,CONFIRMED,6.3809701405773833e-05,6707597.1826232765,2.5474098253700053,2730635120544298.5,1.7864979014475083e-05,1.0492466772116842e-10,4.9561702846815003e-07,4723.5510889129073,0.00060966520669536396,-7.5209931396107036e-14
351,3.5100000000000216e-12,1e-14,ELECTRODE_ATTACHMENT,CONFIRMED,6.3807231233310624e-05,6752314.4863160942,2.5643925534154883,2730263471008866,1.7831883491660882e-05,1.0259716189854829e-10,4.9653688108385635e-07,4839.6746254525988,0.00062666830188483911,-7.5650090629897842e-14
352,3.5200000000000218e-12,1e-14,ELECTRODE_ATTACHMENT,CONFIRMED,6.3804794101233095e-05,6797031.789884083,2.5813752814135635,2729894718445863.5,1.7799218624728872e-05,1.0034682052999518e-10,4.9744811834035621e-07,4957.2882898832004,0.00064396689809010635,-7.6090922702448418e-14
353,3.5300000000000219e-12,1e-14,ELECTRODE_ATTACHMENT,CONFIRMED,6.3802389813952381e-05,6841749.0933273751,2.5983580093642815,2729528901391686.5,1.7766976495585085e-05,9.8170351617626668e-11,4.9835084855322333e-07,5076.3885464554405,0.00066156270583513262,-7.6532434152679971e-14
354,3.5400000000000221e-12,1e-14,ELECTRODE_ATTACHMENT,CONFIRMED,6.3800018176420539e-05,6886466.3966460889,2.6153407372676876,2729166057950226.5,1.7735149393840837e-05,9.6064632545433539e-11,4.992451778204323e-07,5196.9717115642479,0.00067945741568218351,-7.6974631543681742e-14
355,3.5500000000000222e-12,1e-14,ELECTRODE_ATTACHMENT,CONFIRMED,6.3797678994192861e-05,6931183.6998403696,2.6323234651238363,2728806225789768.5,1.7703729810024845e-05,9.4026699955770955e-11,5.0013121007903444e-07,5319.0339585914453,0.00069765269851591492,-7.7417521462184111e-14
356,3.5600000000000224e-12,1e-14,ELECTRODE_ATTACHMENT,CONFIRMED,6.3795372073485095e-05,6975901.002910329,2.6493061929327699,2728449442140121,1.7672710429057291e-05,9.2053740311455326e-11,5.0100904716019314e-07,5442.571322632577,0.00071615020582547876,-7.7861110518113226e-14
357,3.5700000000000226e-12,1e-14,ELECTRODE_ATTACHMENT,CONFIRMED,6.3793097221226164e-05,7020618.3058561189,2.6662889206945466,2728095743789977.5,1.7642084123974264e-05,9.0143081091766099e-11,5.0187878884263032e-07,5567.5797051103154,0.00073495156998464354,-7.8305405344215111e-14
358,3.5800000000000227e-12,1e-14,ELECTRODE_ATTACHMENT,CONFIRMED,6.3790854245106385e-05,7065335.6086778371,2.6832716484092036,2727745167084497.5,1.7611843949891496e-05,8.8292182574961255e-11,5.027405329045372e-07,5694.054878275364,0.00075405840452968996,-7.8750412595735784e-14
359,3.5900000000000229e-12,1e-14,ELECTRODE_ATTACHMENT,CONFIRMED,6.3788642953621624e-05,7110052.9113756353,2.7002543760767983,2727397747923101,1.7581983138196711e-05,8.6498630163777725e-11,5.0359437517400139e-07,5821.9924895976819,0.00077347230443513128,-7.9196138950151261e-14
360,3.600000000000023e-12,1e-14,ELECTRODE_ATTACHMENT,CONFIRMED,6.3786463156113738e-05,7154770.2139496431,2.7172371036973799,2727053521757465,1.7552495090960766e-05,8.476012721396853e-11,5.0444040957799531e-07,5951.3880660488576,0.00079319484638702361,-7.9642591106937211e-14
361,3.6100000000000232e-12,1e-14,ELECTRODE_ATTACHMENT,CONFIRMED,6.3784314662807391e-05,7199487.5163999898,2.7342198312709973,2726712523589718.5,1.752337337555791e-05,8.3074488329132293e-11,5.0527872818997676e-07,6082.237018278297,0.00081322758905388491,-8.0089775787374097e-14
362,3.6200000000000233e-12,1e-14,ELECTRODE_ATTACHMENT,CONFIRMED,6.3782064421229859e-05,7244204.8187656021,2.7512025588124343,2726374787970827,1.7494611719463328e-05,8.1439633086659196e-11,5.0610942127680527e-07,6214.5346447995253,0.00083357207336828625,-8.0537699734624781e-14
363,3.6300000000000235e-12,1e-14,ELECTRODE_ATTACHMENT,CONFIRMED,6.3779846557187713e-05,7288922.1210080925,2.7681852863071121,2726040348999137,1.7466204005334119e-05,7.9853580170757969e-11,5.0693257734170302e-07,6348.2761356182691,0.00085422982275357412,-8.0986369713850086e-14
364,3.6400000000000233e-12,1e-14,ELECTRODE_ATTACHMENT,CONFIRMED,6.3777660858814432e-05,7333639.4231276354,2.7851680137550971,2725709240319003.5,1.7438144266134281e-05,7.8314441869659526e-11,5.0774828316997362e-07,6483.4565764387416,0.00087520234342581388,-8.1435792512014858e-14
365,3.6500000000000234e-12,1e-14,ELECTRODE_ATTACHMENT,CONFIRMED,6.3775507115915821e-05,7378356.7251243209,2.8021507411564235,2725381495119781,1.7410426680529532e-05,7.6820418925037509e-11,5.085566238707886e-07,6620.0709523212263,0.00089649112464151967,-8.188597493960504e-14
366,3.6600000000000236e-12,1e-14,ELECTRODE_ATTACHMENT,CONFIRMED,6.3773385119969715e-05,7423074.0269983029,2.8191334685111493,2725057146134934.5,1.7383045568426548e-05,7.5369795702004998e-11,5.0935768291847442e-07,6758.1141513552548,0.00091809763895556065,-8.2336923825154677e-14
367,3.6700000000000237e-12,1e-14,ELECTRODE_ATTACHMENT,CONFIRMED,6.3771294664122553e-05,7467791.3287497107,2.8361161958193239,2724736225641263.5,1.735599538667313e-05,7.3960935658726779e-11,5.1015154219266059e-07,6897.5809682373447,0.00094002334247616267,-8.2788641129157437e-14
368,3.6800000000000239e-12,1e-14,ELECTRODE_ATTACHMENT,CONFIRMED,6.37692355431859e-05,7512508.6303786812,2.8530989230809993,2724418765458275,1.7329270724912709e-05,7.259227709490187e-11,5.1093828201732363e-07,7038.4661077563396,0.00096226967511717091,-8.3241124610319247e-14
369,3.6900000000000241e-12,1e-14,ELECTRODE_ATTACHMENT,CONFIRMED,6.3767207553633962e-05,7557225.931885344,2.8700816502962248,2724104796947535,1.730286630158579e-05,7.1262329159970373e-11,5.1171798119878689e-07,7180.7641881880872,0.00098483806084737947,-8.369439501495475e-14
370,3.7000000000000242e-12,1e-14,ELECTRODE_ATTACHMENT,CONFIRMED,6.3765210493601414e-05,7601943.2332698395,2.8870643774650535,2723794351012015.5,1.7276776960072365e-05,6.9969668103335326e-11,5.1249071706271036e-07,7324.4697446018163,0.0010077299079369634,-8.4148459256648392e-14
371,3.7100000000000244e-12,1e-14,ELECTRODE_ATTACHMENT,CONFIRMED,6.3763244162870687e-05,7646660.5345322825,2.9040471045875291,2723487458096359.5,1.725099766497547e-05,6.8712933750226819e-11,5.1325656548992355e-07,7469.5772320772039,0.0010309466092012472,-8.4603324269880216e-14
372,3.7200000000000245e-12,1e-14,ELECTRODE_ATTACHMENT,CONFIRMED,6.3761308362864297e-05,7691377.8356728284,2.9210298316637107,2723184148186790.5,1.7225523498532018e-05,6.7490826188045931e-11,5.1401560095137694e-07,7616.0810288379625,0.0010544895422414651,-8.5058997010106763e-14
373,3.7300000000000247e-12,1e-14,ELECTRODE_ATTACHMENT,CONFIRMED,6.3759402896636447e-05,7736095.1366916215,2.9380125586936532,2722884450811144,1.7200349657149021e-05,6.6302102649159653e-11,5.1476789654214464e-07,7763.9754393018347,0.0010783600696825249,-8.5515484453748277e-14
374,3.7400000000000249e-12,1e-14,ELECTRODE_ATTACHMENT,CONFIRMED,6.3757527568863791e-05,7780812.4375887681,2.9549952856773967,2722588395039014.5,1.7175471448059947e-05,6.5145574577136832e-11,5.1551352401451106e-07,7913.2546970494159,0.0011025595394078375,-8.5972793598182718e-14
375,3.750000000000025e-12,1e-14,ELECTRODE_ATTACHMENT,CONFIRMED,6.3755682185835452e-05,7825529.7383644292,2.9719780126150024,2722296009482014,1.7150884286096361e-05,6.4020104864366799e-11,5.1625255381017238e-07,8063.912967713919,0.0011270892847912546,-8.6430931461745222e-14
376,3.7600000000000252e-12,1e-14,ELECTRODE_ATTACHMENT,CONFIRMED,6.3753866555442431e-05,7870247.0390187372,2.9889607395065205,2722007322294134.5,1.7126583690570447e-05,6.2924605249883343e-11,5.1698505509157314e-07,8215.9443517928394,0.0011519506249259551,-8.6889905083732909e-14
377,3.7700000000000253e-12,1e-14,ELECTRODE_ATTACHMENT,CONFIRMED,6.3752080487166501e-05,7914964.3395518195,3.0059434663519999,2721722361172212,1.7102565282263798e-05,6.185803386700772e-11,5.1771109577241194e-07,8369.3428873841985,0.0011771448648504111,-8.7349721524414353e-14
378,3.7800000000000255e-12,1e-14,ELECTRODE_ATTACHMENT,CONFIRMED,6.3750323792068344e-05,7959681.6399638224,3.0229261931514957,2721441153356489.5,1.7078824780518478e-05,6.0819392931173618e-11,5.1843074254733385e-07,8524.1025528488426,0.0012026732957713937,-8.781038786504333e-14
379,3.7900000000000257e-12,1e-14,ELECTRODE_ATTACHMENT,CONFIRMED,6.374859628277557e-05,8004398.9402548671,3.039908919905054,2721163725631268.5,1.7055358000426191e-05,5.9807726558981106e-11,5.1914406092084063e-07,8680.2172694003311,0.0012285371952839618,-8.8271911207876299e-14
380,3.8000000000000258e-12,1e-14,ELECTRODE_ATTACHMENT,CONFIRMED,6.3746897773469941e-05,8049116.240425108,3.0568916466127334,2720890104325653,1.7032160850111844e-05,5.8822118710149398e-11,5.1985111523543758e-07,8837.6809036247869,0.0012547378275885536,-8.8734298676194175e-14
381,3.810000000000026e-12,1e-14,ELECTRODE_ATTACHMENT,CONFIRMED,6.3745228079874479e-05,8093833.5404746821,3.0738743732745859,2720620315314373,1.7009229328107783e-05,5.7861691244631785e-11,5.2055196869904261e-07,8996.4872699316002,0.0012812764437050387,-8.9197557414326085e-14
382,3.8200000000000261e-12,1e-14,ELECTRODE_ATTACHMENT,CONFIRMED,6.3743587019240118e-05,8138550.840403717,3.0908570998906599,2720354384018693,1.6986559520815249e-05,5.6925602087682397e-11,5.2124668341167741e-07,9156.630132937411,0.0013081542816838656,-8.9661694587677385e-14
383,3.8300000000000263e-12,1e-14,ELECTRODE_ATTACHMENT,CONFIRMED,6.3741974410332029e-05,8183268.1402123682,3.107839826461015,2720092335407392,1.696414760004964e-05,5.6013043496169189e-11,5.2193532039146437e-07,9318.1032097847037,0.0013353725668142527,-9.0126717382760355e-14
384,3.8400000000000265e-12,1e-14,ELECTRODE_ATTACHMENT,CONFIRMED,6.3740390073415676e-05,8227985.4399007615,3.1248225529856986,2719834193997821,1.6941989820666483e-05,5.5123240419885392e-11,5.2261793959994745e-07,9480.9001723965412,0.0013629325118294151,-9.0592633007226504e-14
385,3.8500000000000266e-12,1e-14,ELECTRODE_ATTACHMENT,CONFIRMED,6.3738833830242827e-05,8272702.7394690523,3.1418052794647693,2719579983857025.5,1.6920082518264937e-05,5.4255448952034057e-11,5.2329459996675886e-07,9645.0146496694015,0.0013908353171089053,-9.1059448689902335e-14
386,3.8600000000000268e-12,1e-14,ELECTRODE_ATTACHMENT,CONFIRMED,6.373730550403707e-05,8317420.0389173627,3.1587880058982742,2719329728602936,1.6898422106966049e-05,5.3408954863459122e-11,5.2396535941364801e-07,9810.4402296052067,0.0014190821708779913,-9.1527171680827301e-14
387,3.8700000000000269e-12,1e-14,ELECTRODE_ATTACHMENT,CONFIRMED,6.3735804919479321e-05,8362137.3382458501,3.1757707322862725,2719083451405621,1.6877005077262735e-05,5.2583072215554954e-11,5.2463027487789633e-07,9977.170461384756,0.0014476742494041919,-9.1995809251293335e-14
388,3.8800000000000271e-12,1e-14,ELECTRODE_ATTACHMENT,CONFIRMED,6.373433190269326e-05,8406854.6374546476,3.1927534586288151,2718841174988599,1.6855827993939098e-05,5.1777142047131587e-11,5.2528940233512876e-07,10145.198857383233,0.0014766127171908653,-9.2465368693886833e-14
389,3.8900000000000272e-12,1e-14,ELECTRODE_ATTACHMENT,CONFIRMED,6.3732886281230378e-05,8451571.9365439024,3.209736184925958,2718602921630205,1.683488749405621e-05,5.099053113081831e-11,5.2594279682154661e-07,10314.518895130132,0.0015058987271679804,-9.293585732253232e-14
390,3.9000000000000274e-12,1e-14,ELECTRODE_ATTACHMENT,CONFIRMED,6.3731467884055247e-05,8496289.2355137542,3.2267189111777541,2718368713165013.5,1.6814180285002125e-05,5.0222630794885964e-11,5.2659051245559314e-07,10485.12401921435,0.001535533420879997,-9.3407282472538196e-14
391,3.9100000000000276e-12,1e-14,ELECTRODE_ATTACHMENT,CONFIRMED,6.3730076541530521e-05,8541006.5343643501,3.2437016373842589,2718138570985308.5,1.6793703142603648e-05,4.9472855806632669e-11,5.27232602459071e-07,10657.007643136432,0.0015654498166264505,-9.3868798566178204e-14
392,3.9200000000000277e-12,1e-14,ELECTRODE_ATTACHMENT,CONFIRMED,6.3728718252732447e-05,8585723.8331006747,3.2606843635473659,2717912197077406.5,1.6773450940818811e-05,4.8740643313653842e-11,5.2786918112676554e-07,10830.164422119808,0.0015956490380096423,-9.4321170922444301e-14
393,3.9300000000000279e-12,1e-14,ELECTRODE_ATTACHMENT,CONFIRMED,6.3727398367877661e-05,8630441.1317274142,3.2776670896688547,2717689315419792,1.6753418765483235e-05,4.8025451839872845e-11,5.2850035785186265e-07,11004.588975320756,0.0016261940111325574,-9.4774531630770562e-14
394,3.940000000000028e-12,1e-14,ELECTRODE_ATTACHMENT,CONFIRMED,6.3726116386394072e-05,8675158.4302446768,3.2946498157487665,2717469947263223.5,1.6733603606714718e-05,4.7326760332985036e-11,5.2912618351058992e-07,11180.274749163596,0.001657085710170481,-9.5228888197345445e-14
395,3.9500000000000282e-12,1e-14,ELECTRODE_ATTACHMENT,CONFIRMED,6.372487181788938e-05,8719875.7286525946,3.3116325417871511,2717254113424548.5,1.6714002515815877e-05,4.6644067260245123e-11,5.2974670815213719e-07,11357.215167289707,0.001688325098810927,-9.5684248147504375e-14
396,3.9600000000000284e-12,1e-14,ELECTRODE_ATTACHMENT,CONFIRMED,6.3723664181871217e-05,8764593.0269513503,3.3286152677840781,2717041834288312.5,1.6694612603669499e-05,4.5976889750054066e-11,5.3036198101738745e-07,11535.403632142466,0.0017199131304501294,-9.6140619026305788e-14
397,3.9700000000000285e-12,1e-14,ELECTRODE_ATTACHMENT,CONFIRMED,6.372249300747638e-05,8809310.3251410015,3.3455979937395695,2716833129808402.5,1.6675431039183393e-05,4.5324762776678497e-11,5.3097205055717681e-07,11714.833526506272,0.0017518507483862218,-9.6598008398590191e-14
398,3.9800000000000287e-12,1e-14,ELECTRODE_ATTACHMENT,CONFIRMED,6.3721357833209036e-05,8854027.6232217252,3.3625807196536925,2716628019509726,1.6656455047782568e-05,4.4687238385666141e-11,5.3157696445011193e-07,11895.498215003152,0.001784138886009514,-9.7056423849041891e-14
399,3.9900000000000288e-12,1e-14,ELECTRODE_ATTACHMENT,CONFIRMED,6.3720258206687253e-05,8898744.9211936612,3.3795634455265002,2716426522489920.5,1.6637681909947491e-05,4.4063884957690611e-11,5.321767696199419e-07,12077.391045545097,0.0018167784669893411,-9.7515872982251616e-14
400,4.000000000000029e-12,1e-14,ELECTRODE_ATTACHMENT,CONFIRMED,6.3719193684398141e-05,8943462.2190569453,3.396546171358044,2716228657421094.5,1.66191089597966e-05,4.3454286508680581e-11,5.3277151225250561e-07,12260.505350745485,0.0018497704054579293,-9.7976363422780316e-14
401,4.0100000000000292e-12,1e-14,ELECTRODE_ATTACHMENT,CONFIRMED,6.371816383146035e-05,8988179.5168116968,3.4135288971483697,2716034442551596,1.6600733583711507e-05,4.2858042024231198e-11,5.3336123781226462e-07,12444.834449289852,0.0018831156061911169,-9.8437902815224656e-14
402,4.0200000000000293e-12,1e-14,ELECTRODE_ATTACHMENT,CONFIRMED,6.3717168221394469e-05,9032896.8144580498,3.4305116228975274,2715843895707806.5,1.6582553219003486e-05,4.2274764826413012e-11,5.3394599105843156e-07,12630.371647267577,0.0019168149647860544,-9.8900498824283674e-14
403,4.0300000000000295e-12,1e-14,ELECTRODE_ATTACHMENT,CONFIRMED,6.3716206435900842e-05,9077614.111996172,3.4474943486055811,2715657034295959,1.656456535261975e-05,4.1704081971211303e-11,5.3452581606070799e-07,12817.11023946519,0.0019508693678358256,-9.9364159134826257e-14
404,4.0400000000000296e-12,1e-14,ELECTRODE_ATTACHMENT,CONFIRMED,6.3715278064644128e-05,9122331.4094261881,3.4644770742725788,2715473875303979.5,1.6546767519888218e-05,4.1145633674934222e-11,5.3510075621463832e-07,13005.043510622121,0.0019852796931009945,-9.9828891451960684e-14
405,4.0500000000000298e-12,1e-14,ELECTRODE_ATTACHMENT,CONFIRMED,6.371438270504484e-05,9167048.7067482322,3.4814597998985706,2715294435303347.5,1.6529157303299368e-05,4.0599072768024773e-11,5.356708542565945e-07,13194.164736650855,0.0020200468096782534,-1.0029470350110433e-13
406,4.06000000000003e-12,1e-14,ELECTRODE_ATTACHMENT,CONFIRMED,6.3713519962077427e-05,9211766.003962446,3.4984425254836107,2715118730450976.5,1.6511732331323951e-05,4.0064064174809987e-11,5.3623615227839941e-07,13384.46718582171,0.0020551715781660664,-1.007616030280551e-13
407,4.0700000000000301e-12,1e-14,ELECTRODE_ATTACHMENT,CONFIRMED,6.3712689448074534e-05,9256483.3010689691,3.5154252510277519,2714946776491111.5,1.6494490277265368e-05,3.9540284417804542e-11,5.3679669174159784e-07,13575.944119913422,0.0020906548508273712,-1.0122959779906392e-13
408,4.0800000000000303e-12,1e-14,ELECTRODE_ATTACHMENT,CONFIRMED,6.3711890782537428e-05,9301200.5980679486,3.5324079765310503,2714778588757241,1.6477428858145493e-05,3.9027421145267873e-11,5.3735251349138725e-07,13768.588795330688,0.0021264974717493945,-1.0169869560090808e-13
409,4.0900000000000304e-12,1e-14,ELECTRODE_ATTACHMENT,CONFIRMED,6.3711123591952306e-05,9345917.8949595317,3.5493907019935618,2714614182174025.5,1.6460545833622822e-05,3.8525172680791183e-11,5.3790365777021574e-07,13962.394464189301,0.0021627002770005614,-1.0216890424096556e-13
410,4.1000000000000306e-12,1e-14,ELECTRODE_ATTACHMENT,CONFIRMED,6.3710387509612152e-05,9390635.1917438321,3.5663734274153294,2714453571259236.5,1.6443839004941919e-05,3.8033247593760742e-11,5.3845016423105478e-07,14157.354375369885,0.0021992640947845576,-1.0264023154729069e-13
411,4.1100000000000308e-12,1e-14,ELECTRODE_ATTACHMENT,CONFIRMED,6.3709682175444073e-05,9435352.4884210322,3.5833561527964224,2714296770125708.5,1.6427306213913008e-05,3.7551364289609918e-11,5.3899207195036025e-07,14353.461775541771,0.0022361897455916513,-1.0311268536869081e-13
412,4.1200000000000309e-12,1e-14,ELECTRODE_ATTACHMENT,CONFIRMED,6.3709007235841967e-05,9480069.7849912774,3.6003388781368963,2714143792483300,1.6410945341920843e-05,3.707925061883963e-11,5.395294194407236e-07,14550.709910156425,0.00227347804234709,-1.0358627357480304e-13
413,4.1300000000000311e-12,1e-14,ELECTRODE_ATTACHMENT,CONFIRMED,6.3708362343504072e-05,9524787.0814546682,3.617321603436789,2713994651640863.5,1.6394754308961771e-05,3.6616643503838948e-11,5.4006224466322655e-07,14749.092024412494,0.0023111297905567762,-1.0406100405617299e-13
414,4.1400000000000312e-12,1e-14,ELECTRODE_ATTACHMENT,CONFIRMED,6.3707747157275643e-05,9569504.3778113928,3.6343043286961718,2713849360508223.5,1.6378731072708106e-05,3.6163288582594937e-11,5.4059058503950541e-07,14948.601364193597,0.0023491457884503523,-1.0453688472433406e-13
415,4.1500000000000314e-12,1e-14,ELECTRODE_ATTACHMENT,CONFIRMED,6.3707161341996151e-05,9614221.6740615759,3.6512870539150928,2713707931598159,1.6362873627598947e-05,3.5718939868437592e-11,5.4111447746353126e-07,15149.231176977833,0.0023875268271213454,-1.0501392351188745e-13
416,4.1600000000000315e-12,1e-14,ELECTRODE_ATTACHMENT,CONFIRMED,6.37066045683511e-05,9658938.9702053685,3.6682697790936083,2713570377028394.5,1.6347180003956539e-05,3.5283359425004152e-11,5.4163395831311608e-07,15350.974712721883,0.002426273690664814,-1.0549210608741924e-13
417,4.1700000000000317e-12,1e-14,ELECTRODE_ATTACHMENT,CONFIRMED,6.3706076645922535e-05,9703656.2662429325,3.6852525042317805,2713436692475453,1.633164817053669e-05,3.4856317055661038e-11,5.4214906666759491e-07,15553.825316709532,0.0024653871422327953,-1.0597144565128836e-13
418,4.1800000000000319e-12,1e-14,ELECTRODE_ATTACHMENT,CONFIRMED,6.3705577352421338e-05,9748373.5621743482,3.7022352293296401,2713306877258844.5,1.6316276154888146e-05,3.443759000666063e-11,5.4265984031824565e-07,15757.776319808934,0.002504867940945408,-1.0645196657278241e-13
419,4.190000000000032e-12,1e-14,ELECTRODE_ATTACHMENT,CONFIRMED,6.3705106370637356e-05,9793090.8579997998,3.7192179543872563,2713180942216761.5,1.6301062089731277e-05,3.4026962683347264e-11,5.4316631419848558e-07,15962.820991493027,0.0025447168494130718,-1.0693367686318841e-13
420,4.2000000000000322e-12,1e-14,ELECTRODE_ATTACHMENT,CONFIRMED,6.3704663388731018e-05,9837808.1537194178,3.7362006794046789,2713058897800586,1.6286004140370114e-05,3.3624226378773007e-11,5.4366852276870298e-07,16168.952607097637,0.0025849346237444481,-1.0741658455517266e-13
421,4.2100000000000323e-12,1e-14,ELECTRODE_ATTACHMENT,CONFIRMED,6.3704248100104546e-05,9882525.4493333995,3.7531834043819834,2712940754076885.5,1.6271100503924651e-05,3.3229179014108013e-11,5.4416650002649396e-07,16376.164448584746,0.0026255220136709922,-1.0790069770286705e-13
422,4.2200000000000325e-12,1e-14,ELECTRODE_ATTACHMENT,CONFIRMED,6.3703860203276485e-05,9927242.7448418383,3.7701661293192044,2712826520729407,1.6256349408584295e-05,3.2841624890273989e-11,5.4466027951665925e-07,16584.449805282315,0.0026664797626687743,-1.0838602438195445e-13
423,4.2300000000000327e-12,1e-14,ELECTRODE_ATTACHMENT,CONFIRMED,6.3703499401760149e-05,9971960.0402449071,3.7871488542164085,2712716207061072.5,1.6241749112881517e-05,3.2461374450249874e-11,5.4514989434097599e-07,16793.801974604303,0.0027078086080781234,-1.0887257268975622e-13
424,4.2400000000000328e-12,1e-14,ELECTRODE_ATTACHMENT,CONFIRMED,6.3703165403945406e-05,10016677.335542776,3.8041315790736592,2712609821995968.5,1.6227297904985276e-05,3.2088244051539146e-11,5.4563537716774505e-07,17004.214262748763,0.0027495092812205991,-1.0936035074531972e-13
425,4.250000000000033e-12,1e-14,ELECTRODE_ATTACHMENT,CONFIRMED,6.3702857922983788e-05,10061394.630735625,3.8211143038910258,2712507374081333.5,1.6212994102013523e-05,3.1722055748307531e-11,5.4611676024111933e-07,17215.679985375991,0.0027915825075136183,-1.0984936668950615e-13
426,4.2600000000000331e-12,1e-14,ELECTRODE_ATTACHMENT,CONFIRMED,6.370257667667704e-05,10106111.925823547,3.8380970286685434,2712408871489542,1.6198836049364213e-05,3.1362637082730055e-11,5.4659407539022033e-07,17428.192468266778,0.0028340290065826182,-1.1033962868507882e-13
427,4.2700000000000333e-12,1e-14,ELECTRODE_ATTACHMENT,CONFIRMED,6.3702321387368603e-05,10150829.220806744,3.8550797534062884,2712314322020083.5,1.6184822120064083e-05,3.1009820885107073e-11,5.470673540380525e-07,17641.745047962846,0.0028768494923710752,-1.1083114491679379e-13
428,4.2800000000000335e-12,1e-14,ELECTRODE_ATTACHMENT,CONFIRMED,6.3702091781838268e-05,10195546.515685366,3.872062478104318,2712223733101535.5,1.6170950714134997e-05,3.066344508233894e-11,5.4753662721020926e-07,17856.331072387264,0.002920044673247925,-1.1132392359148827e-13
429,4.2900000000000336e-12,1e-14,ELECTRODE_ATTACHMENT,CONFIRMED,6.370188759119979e-05,10240263.810459582,3.8890452027626963,2712137111793530,1.6157220257976949e-05,3.032335251436238e-11,5.4800192554338781e-07,18071.943901447958,0.0029636152521128377,-1.118179729381722e-13
430,4.3000000000000338e-12,1e-14,ELECTRODE_ATTACHMENT,CONFIRMED,6.3701708550801276e-05,10284981.105129505,3.9060279273814658,2712054464788715,1.6143629203767438e-05,2.9989390758178448e-11,5.4846327929371038e-07,18288.576907623181,0.0030075619264990881,-1.1231330120811829e-13
431,4.3100000000000339e-12,1e-14,ELECTRODE_ATTACHMENT,CONFIRMED,6.3701554400128418e-05,10329698.39969538,3.9230106519607202,2711975798414705.5,1.6130176028876591e-05,2.9661411959115957e-11,5.4892071834486134e-07,18506.223476531413,0.003051885388674441,-1.1280991667495485e-13
432,4.3200000000000341e-12,1e-14,ELECTRODE_ATTACHMENT,CONFIRMED,6.3701424882710306e-05,10374415.69415733,3.9399933765005066,2711901118636029.5,1.6116859235297719e-05,2.9339272669000808e-11,5.4937427221603706e-07,18724.877007482639,0.0030965863257393601,-1.1330782763475645e-13
433,4.3300000000000343e-12,1e-14,ELECTRODE_ATTACHMENT,CONFIRMED,6.3701319746027946e-05,10419132.988515494,3.9569761010008766,2711830431056063.5,1.6103677349092608e-05,2.9022833690906892e-11,5.4982397006972482e-07,18944.530914015799,0.0031416654197233993,-1.1380704240613716e-13
434,4.3400000000000344e-12,1e-14,ELECTRODE_ATTACHMENT,CONFIRMED,6.3701238741425208e-05,10463850.282770051,3.9739588254618985,2711763740918959.5,1.6090628919851283e-05,2.8711959930191007e-11,5.5026984071930453e-07,19165.17862442015,0.0031871233476793194,-1.1430756934780165e-13
435,4.3500000000000346e-12,1e-14,ELECTRODE_ATTACHMENT,CONFIRMED,6.3701181624025924e-05,10508567.576921195,3.9909415498836465,2711701053111563,1.6077712520165708e-05,2.8406520251525074e-11,5.5071191263648394e-07,19386.813582241481,0.0032329607817750561,-1.1480941682563979e-13
436,4.3600000000000347e-12,1e-14,ELECTRODE_ATTACHMENT,CONFIRMED,6.3701148152646339e-05,10553284.870969061,4.0079242742661716,2711642372165319.5,1.606492674511713e-05,2.8106387341653393e-11,5.5115021395856626e-07,19609.429246773634,0.0032791783893834181,-1.1531259529249151e-13
437,4.3700000000000349e-12,1e-14,ELECTRODE_ATTACHMENT,CONFIRMED,6.3701138090155432e-05,10598002.164913842,4.0249069986095476,2711587702258172,1.6052270211776428e-05,2.781143757761588e-11,5.5158477249556284e-07,19833.019093536808,0.0033257768331793991,-1.1581907925004053e-13
438,4.3800000000000351e-12,1e-14,ELECTRODE_ATTACHMENT,CONFIRMED,6.3701151621301904e-05,10642719.458756212,4.0418897229140294,2711537047216503.5,1.6039741558717583e-05,2.7521550900190729e-11,5.5201561573713505e-07,20057.576614743375,0.0033727567804573777,-1.1632689640384869e-13
439,4.3900000000000352e-12,1e-14,ELECTRODE_ATTACHMENT,CONFIRMED,6.370118850222703e-05,10687436.752496403,4.0588724471797057,2711490410571910,1.6027339445867977e-05,2.7236610692334636e-11,5.5244277084820252e-07,20283.095319333541,0.0034201188852236138,-1.1683605527432629e-13
440,4.4000000000000354e-12,1e-14,ELECTRODE_ATTACHMENT,CONFIRMED,6.3701248532027415e-05,10732154.046134591,4.0758551714066433,2711447795508233,1.6015062553720828e-05,2.6956503662381484e-11,5.5286626468673276e-07,20509.568733806984,0.0034678637979500015,-1.1734656450112874e-13
441,4.4100000000000355e-12,1e-14,ELECTRODE_ATTACHMENT,CONFIRMED,6.370133156700373e-05,10776871.339671174,4.092837895594994,2711409204868669.5,1.6002909582915403e-05,2.6681119731798486e-11,5.5328612380917726e-07,20736.99040260939,0.0035159921661208167,-1.1785843288528797e-13
442,4.4200000000000357e-12,1e-14,ELECTRODE_ATTACHMENT,CONFIRMED,6.3701437370592982e-05,10821588.633106381,4.109820619744843,2711374641165106,1.5990879253841865e-05,2.6410351927302749e-11,5.5370237447529668e-07,20965.353888483587,0.003564504630820706,-1.1837166901736673e-13
443,4.4300000000000359e-12,1e-14,ELECTRODE_ATTACHMENT,CONFIRMED,6.3701565709815966e-05,10866305.926440315,4.1268033438562322,2711344106567292,1.5978970306137977e-05,2.6144096277140934e-11,5.5411504265696368e-07,21194.652772964797,0.0036134018289250879,-1.1888628151055383e-13
444,4.440000000000036e-12,1e-14,ELECTRODE_ATTACHMENT,CONFIRMED,6.3701716355197429e-05,10911023.219673207,4.1437860679292466,2711317602904645.5,1.5967181498271319e-05,2.588225171135231e-11,5.5452415404425609e-07,21424.880656771998,0.0036626843931741302,-1.1940227900092864e-13
445,4.4500000000000362e-12,1e-14,ELECTRODE_ATTACHMENT,CONFIRMED,6.3701889080687942e-05,10955740.51280519,4.160768791963938,2711295131668050,1.5955511607131922e-05,2.5624719965846639e-11,5.5492973405141611e-07,21656.031160186038,0.0037123529522443423,-1.1991967014757329e-13
446,4.4600000000000363e-12,1e-14,ELECTRODE_ATTACHMENT,CONFIRMED,6.3702083663588042e-05,11000457.805836422,4.1777515159603658,2711276694011634,1.5943959427634961e-05,2.5371405490128073e-11,5.5533180782268094e-07,21888.097923418496,0.003762408130818619,-1.2043846363268699e-13
447,4.4700000000000365e-12,1e-14,ELECTRODE_ATTACHMENT,CONFIRMED,6.3702299884474411e-05,11045175.098767141,4.1947342399186214,2711262290754537,1.5932523772333166e-05,2.51222153585108e-11,5.5573040023798998e-07,22121.0746069702,0.0038128505496543477,-1.2095866816169978e-13
448,4.4800000000000366e-12,1e-14,ELECTRODE_ATTACHMENT,CONFIRMED,6.3702537527128081e-05,11089892.391597457,4.2117169638387457,2711251922382663,1.5921203471038875e-05,2.4877059184678732e-11,5.5612553591856429e-07,22354.95489197817,0.0038636808256494268,-1.214802924633853e-13
449,4.4900000000000368e-12,1e-14,ELECTRODE_ATTACHMENT,CONFIRMED,6.3702796378464362e-05,11134609.684327604,4.2286996877208276,2711245589050416.5,1.5909997370455115e-05,2.4635849039443584e-11,5.5651723923237338e-07,22589.732480555202,0.0039148995719068816,-1.2200334528997505e-13
450,4.500000000000037e-12,1e-14,ELECTRODE_ATTACHMENT,CONFIRMED,6.3703076228464834e-05,11179326.976957697,4.2456824115649114,2711243290582425.5,1.5898904333815846e-05,2.4398499371570921e-11,5.56905534299478e-07,22825.401096117541,0.0039665073977972042,-1.2252783541727077e-13
451,4.5100000000000371e-12,1e-14,ELECTRODE_ATTACHMENT,CONFIRMED,6.370337687011111e-05,11224044.269487994,4.262665135371094,2711245026475249,1.5887923240534745e-05,2.4164926931540437e-11,5.5729044499726526e-07,23061.954483705933,0.0040185049090194292,-1.230537716447657e-13
452,4.5200000000000373e-12,1e-14,ELECTRODE_ATTACHMENT,CONFIRMED,6.3703698099320169e-05,11268761.561918613,4.2796478591394216,2711250795899067,1.5877052985862609e-05,2.3935050698122816e-11,5.5767199496556623e-07,23299.386410295068,0.0040708927076598591,-1.235811627957457e-13
453,4.5300000000000374e-12,1e-14,ELECTRODE_ATTACHMENT,CONFIRMED,6.370403971488165e-05,11313478.854249761,4.2966305828699722,2711260597699359.5,1.5866292480552893e-05,2.3708791807650702e-11,5.5805020761166876e-07,23537.690665097027,0.0041236713922496171,-1.241100177174066e-13
454,4.5400000000000376e-12,1e-14,ELECTRODE_ATTACHMENT,CONFIRMED,6.3704401518396546e-05,11358196.146481622,4.3136133065628153,2711274430398563.5,1.5855640650535229e-05,2.3486073485876598e-11,5.5842510611522437e-07,23776.861059854662,0.004176841557820078,-1.2464034528096839e-13
455,4.5500000000000378e-12,1e-14,ELECTRODE_ATTACHMENT,CONFIRMED,6.3704783314217633e-05,11402913.438614398,4.330596030218028,2711292292197720.5,1.5845096436596832e-05,2.3266820982308269e-11,5.5879671343304738e-07,24016.891429127674,0.0042304037959567942,-1.2517215438178941e-13
456,4.5600000000000379e-12,1e-14,ELECTRODE_ATTACHMENT,CONFIRMED,6.3705184909391415e-05,11447630.730537098,4.3475787537934583,2711314180978102.5,1.5834658794097513e-05,2.3050961507453928e-11,5.5916505230289299e-07,24257.775629970023,0.0042843586947171807,-1.2570545393924837e-13
457,4.5700000000000381e-12,1e-14,ELECTRODE_ATTACHMENT,CONFIRMED,6.3705606113601611e-05,11492348.022360027,4.3645614773309971,2711340094302789,1.5824326692587106e-05,2.2838424170205459e-11,5.5953014525083957e-07,24499.507543992073,0.0043387068390811443,-1.2624025289754719e-13
458,4.5800000000000382e-12,1e-14,ELECTRODE_ATTACHMENT,CONFIRMED,6.3706046739113938e-05,11537065.314083325,4.3815442008306986,2711370029418334.5,1.5814099115588093e-05,2.2629139920638371e-11,5.5989201459300022e-07,24742.081075841685,0.0043934488106030694,-1.2677656947761006e-13
459,4.5900000000000384e-12,1e-14,ELECTRODE_ATTACHMENT,CONFIRMED,6.3706506600722326e-05,11581782.605707211,4.3985269242926455,2711403983256311.5,1.5803975060279393e-05,2.2423041492745012e-11,5.6025068244086878e-07,24985.490154051502,0.0044485851875904047,-1.2731440917017815e-13
460,4.6000000000000386e-12,1e-14,ELECTRODE_ATTACHMENT,CONFIRMED,6.3706985515698646e-05,11626499.897231821,4.4155096477168883,2711441952434695.5,1.5793953537212506e-05,2.2220063349727235e-11,5.6060617070567164e-07,25229.728731288851,0.0045041165451488842,-1.2785377531859102e-13
461,4.6100000000000387e-12,1e-14,ELECTRODE_ATTACHMENT,CONFIRMED,6.3707483303740729e-05,11671217.188657384,4.4324923711035167,2711483933259482.5,1.5784033570035559e-05,2.2020141631220962e-11,5.6095850110258313e-07,25474.790784598572,0.0045600434552268585,-1.2839467696549223e-13
462,4.6200000000000389e-12,1e-14,ELECTRODE_ATTACHMENT,CONFIRMED,6.3707999786921646e-05,11715934.479984084,4.4494750944525974,2711529921726327,1.577421419522412e-05,2.1823214102378554e-11,5.6130769515483941e-07,25720.670315637028,0.0046163664866577594,-1.2893712317845228e-13
463,4.630000000000039e-12,1e-14,ELECTRODE_ATTACHMENT,CONFIRMED,6.3708534789641073e-05,11760651.771212082,4.4664578177641943,2711579913522054.5,1.5764494461817492e-05,2.1629220104732801e-11,5.6165377419779308e-07,25967.361350902094,0.0046730862052010791,-1.294811230500832e-13
464,4.6400000000000392e-12,1e-14,ELECTRODE_ATTACHMENT,CONFIRMED,6.3709088138578219e-05,11805369.062341603,4.48344054103839,2711633904026155,1.5754873431161068e-05,2.1438100508773069e-11,5.619967593828829e-07,26214.857941957038,0.0047302031735817996,-1.3002668569814984e-13
465,4.6500000000000394e-12,1e-14,ELECTRODE_ATTACHMENT,CONFIRMED,6.3709659662645671e-05,11850086.353372812,4.5004232642752502,2711691888312261.5,1.5745350176654681e-05,2.1249797668166846e-11,5.6233667168151841e-07,26463.154165647611,0.0047877179515281795,-1.3057382026568357e-13
466,4.6600000000000395e-12,1e-14,ELECTRODE_ATTACHMENT,CONFIRMED,6.3710249192944516e-05,11894803.644305917,4.5174059874748522,2711753861149611,1.5735923783506587e-05,2.1064255375560949e-11,5.6267353188888775e-07,26712.244124314486,0.0048456310958081821,-1.3112253592109445e-13
467,4.6700000000000397e-12,1e-14,ELECTRODE_ATTACHMENT,CONFIRMED,6.3710856562720572e-05,11939520.935141126,4.5343887106372751,2711819817004486.5,1.5726593348493082e-05,2.0881418819901915e-11,5.6300736062768526e-07,26962.121945999541,0.0049039431602643235,-1.3167284185828356e-13
468,4.6800000000000398e-12,1e-14,ELECTRODE_ATTACHMENT,CONFIRMED,6.3711481607321623e-05,11984238.225878632,4.5513714337625926,2711889750041643.5,1.5717357979723551e-05,2.0701234545216228e-11,5.6333817835176238e-07,27212.781784646853,0.0049626546958470401,-1.3222474729675597e-13
469,4.69000000000004e-12,1e-14,ELECTRODE_ATTACHMENT,CONFIRMED,6.3712124164155753e-05,12028955.516518608,4.5683541568508703,2711963654125719,1.5708216796410826e-05,2.0523650410793929e-11,5.6366600534970309e-07,27464.217820298491,0.0050217662506466254,-1.3277826148173241e-13
470,4.7000000000000402e-12,1e-14,ELECTRODE_ATTACHMENT,CONFIRMED,6.371278407265083e-05,12073672.80706129,4.5853368799021972,2712041522822622,1.5699168928646672e-05,2.0348615552721282e-11,5.6399086174832725e-07,27716.424259285937,0.0050812783699238431,-1.33333393684262e-13
471,4.7100000000000403e-12,1e-14,ELECTRODE_ATTACHMENT,CONFIRMED,6.3713461174214707e-05,12118390.097506845,4.602319602916638,2712123349400907.5,1.5690213517182309e-05,2.0176080346712224e-11,5.6431276751612108e-07,27969.395334415298,0.005141191596138836,-1.3389015320133357e-13
472,4.7200000000000405e-12,1e-14,ELECTRODE_ATTACHMENT,CONFIRMED,6.371415531219665e-05,12163107.387855509,4.6193023258942807,2712209126833133.5,1.5681349713213796e-05,2.0005996372187018e-11,5.6463174246659849e-07,28223.125305149399,0.0052015064689789432,-1.3444854935598862e-13
473,4.7300000000000406e-12,1e-14,ELECTRODE_ATTACHMENT,CONFIRMED,6.3714866331849554e-05,12207824.678107483,4.6362850488352025,2712298847797199,1.5672576678172244e-05,1.9838316377552819e-11,5.6494780626159212e-07,28477.608457783954,0.0052622235253848805,-1.3500859149743252e-13
474,4.7400000000000408e-12,1e-14,ELECTRODE_ATTACHMENT,CONFIRMED,6.3715594080293188e-05,12252541.968262948,4.6532677717394728,2712392504677665.5,1.5663893583518566e-05,1.9672994246639549e-11,5.6526097841448003e-07,28732.839105619893,0.005323343299575593,-1.3557028900114605e-13
475,4.750000000000041e-12,1e-14,ELECTRODE_ATTACHMENT,CONFIRMED,6.3716338406478103e-05,12297259.258322125,4.6702504946071741,2712490089567062,1.5655299610542825e-05,1.9509984966247519e-11,5.6557127829334427e-07,28988.811589131852,0.0053848663230719055,-1.3613365126899748e-13
476,4.7600000000000411e-12,1e-14,ELECTRODE_ATTACHMENT,CONFIRMED,6.3717099161150767e-05,12341976.548285274,4.6872332174384068,2712591594267170,1.5646793950167924e-05,1.9349244594766082e-11,5.6587872512406774e-07,29245.520276131938,0.0054467931247186348,-1.3669868772935379e-13
477,4.7700000000000413e-12,1e-14,ELECTRODE_ATTACHMENT,CONFIRMED,6.371787619681916e-05,12386693.838152518,4.7042159402332162,2712697010290294,1.5638375802757662e-05,1.9190730231823272e-11,5.6618333799336486e-07,29502.959561928714,0.005509124230705242,-1.3726540783719125e-13
478,4.7800000000000414e-12,1e-14,ELECTRODE_ATTACHMENT,CONFIRMED,6.3718669367719431e-05,12431411.127924152,4.7211986629917142,2712806328860512.5,1.5630044377928837e-05,1.9034399988926215e-11,5.664851358517565e-07,29761.123869484974,0.0055718601645856963,-1.3783382107420817e-13
479,4.7900000000000416e-12,1e-14,ELECTRODE_ATTACHMENT,CONFIRMED,6.3719478529783267e-05,12476128.417600349,4.7381813857139683,2712919540914911,1.5621798894367545e-05,1.8880212961059355e-11,5.6678413751647937e-07,30020.007649568244,0.0056350014472962865,-1.3840393694893375e-13
480,4.8000000000000417e-12,1e-14,ELECTRODE_ATTACHMENT,CONFIRMED,6.3720303540606068e-05,12520845.707181346,4.7551641084000664,2713036637104800,1.5613638579649386e-05,1.8728129199201417e-11,5.6708036167433993e-07,30279.60538090055,0.0056985485971727708,-1.3897576499684062e-13
481,4.8100000000000419e-12,1e-14,ELECTRODE_ATTACHMENT,CONFIRMED,6.3721144259415782e-05,12565562.996667355,4.7721468310500912,2713157607796914.5,1.5605562670063537e-05,1.8578109683730242e-11,5.6737382688451001e-07,30539.911570302924,0.0057625021299658463,-1.3954931478045463e-13
482,4.8200000000000421e-12,1e-14,ELECTRODE_ATTACHMENT,CONFIRMED,6.3722000547042538e-05,12610280.286058605,4.7891295536641278,2713282443074594.5,1.5597570410440578e-05,1.8430116298681542e-11,5.6766455158126771e-07,30800.920752837432,0.0058268625588555308,-1.4012459588946495e-13
483,4.8300000000000422e-12,1e-14,ELECTRODE_ATTACHMENT,CONFIRMED,6.3722872265889086e-05,12654997.575355303,4.8061122762422555,2713411132738950.5,1.5589661053984043e-05,1.8284111806831345e-11,5.6795255407668099e-07,31062.627491945303,0.0058916303944641776,-1.4070161794083523e-13
484,4.8400000000000424e-12,1e-14,ELECTRODE_ATTACHMENT,CONFIRMED,6.3723759279901688e-05,12699714.864557726,4.8230949987845788,2713543666310010.5,1.5581833862105466e-05,1.8140059825571665e-11,5.6823785256324091e-07,31325.026379582709,0.0059568061448684153,-1.4128039057891303e-13
485,4.8500000000000425e-12,1e-14,ELECTRODE_ATTACHMENT,CONFIRMED,6.3724661454541966e-05,12744432.153666031,4.8400777212911583,2713680033027849.5,1.5574088104263038e-05,1.7997924803552101e-11,5.6852046511643765e-07,31588.11203635174,0.0060223903156094733,-1.4186092347553942e-13
486,4.8600000000000427e-12,1e-14,ELECTRODE_ATTACHMENT,CONFIRMED,6.372557865675911e-05,12789149.442680495,4.8570604437620997,2713820221853703.5,1.5566423057803521e-05,1.7857671998057654e-11,5.6880040969729103e-07,31851.879111631035,0.0060883834097028508,-1.424432263301592e-13
487,4.8700000000000429e-12,1e-14,ELECTRODE_ATTACHMENT,CONFIRMED,6.3726510754963069e-05,12833866.731601344,4.8740431661974872,2713964221471063.5,1.5558838007807589e-05,1.7719267453099155e-11,5.6907770415482671e-07,32116.322283701025,0.0061547859276462223,-1.4302730887183979e-13
488,4.880000000000043e-12,1e-14,ELECTRODE_ATTACHMENT,CONFIRMED,6.3727457618998422e-05,12878584.020428801,4.8910258885974072,2714112020286655.5,1.5551332246937804e-05,1.7582677978188986e-11,5.6935236622852484e-07,32381.436259868762,0.0062215983674261989,-1.4361318085679987e-13
489,4.8900000000000432e-12,1e-14,ELECTRODE_ATTACHMENT,CONFIRMED,6.372841912011864e-05,12923301.309163123,4.9080086109619554,2714263606431539,1.5543905075290501e-05,1.7447871127778383e-11,5.6962441355069356e-07,32647.215776588739,0.0062888212245242291,-1.4420085206798341e-13
490,4.9000000000000433e-12,1e-14,ELECTRODE_ATTACHMENT,CONFIRMED,6.3729395130960435e-05,12968018.59780452,4.9249913332912127,2714418967762216,1.5536555800250975e-05,1.7314815181333613e-11,5.6989386364878702e-07,32913.655599579601,0.0063564549919211443,-1.4479033231637396e-13
491,4.9100000000000435e-12,1e-14,ELECTRODE_ATTACHMENT,CONFIRMED,6.3730385525519171e-05,13012735.88635328,4.9419740555852893,2714578091861657,1.5529283736351183e-05,1.7183479124027391e-11,5.7016073394769543e-07,33180.750523940675,0.0064245001601007283,-1.4538163144110365e-13
492,4.9200000000000437e-12,1e-14,ELECTRODE_ATTACHMENT,CONFIRMED,6.3731390179124866e-05,13057453.174809583,4.9589567778442509,2714740966040312,1.5522088205130531e-05,1.7053832628025504e-11,5.7042504177198378e-07,33448.495374264014,0.0064929572170516914,-1.4597475930956085e-13
493,4.9300000000000438e-12,1e-14,ELECTRODE_ATTACHMENT,CONFIRMED,6.3732408968418625e-05,13102170.463173736,4.9759395000682174,2714907577337104,1.5514968534999344e-05,1.6925846034346041e-11,5.7068680434809368e-07,33716.885004746713,0.0065618266482690684,-1.465697258174989e-13
494,4.940000000000044e-12,1e-14,ELECTRODE_ATTACHMENT,CONFIRMED,6.3733441771329704e-05,13146887.751445904,4.9929222222572491,2715077912520406,1.5507924061105299e-05,1.6799490335273766e-11,5.7094603880649484e-07,33985.914299297736,0.0066311089367537563,-1.4716654088914303e-13
495,4.9500000000000441e-12,1e-14,ELECTRODE_ATTACHMENT,CONFIRMED,6.3734488467053003e-05,13191605.039626434,5.0099049444114785,2715251958088999.5,1.5500954125202414e-05,1.6674737157307422e-11,5.7120276218380085e-07,34255.578171646375,0.006700804563011818,-1.4776521447729823e-13
496,4.9600000000000443e-12,1e-14,ELECTRODE_ATTACHMENT,CONFIRMED,6.373554893602718e-05,13236322.327715522,5.0268876665309801,2715429700273019.5,1.5494058075522799e-05,1.6551558744625265e-11,5.7145699142483975e-07,34525.87156544438,0.0067709140050516269,-1.4836575656345662e-13
497,4.9700000000000445e-12,1e-14,ELECTRODE_ATTACHMENT,CONFIRMED,6.3736623059913099e-05,13281039.615713429,5.0438703886158534,2715611125034880,1.5487235266650985e-05,1.642992794304745e-11,5.7170874338468427e-07,34796.7894543695,0.0068414377383808171,-1.4896817715790371e-13
498,4.9800000000000446e-12,1e-14,ELECTRODE_ATTACHMENT,CONFIRMED,6.3737710721572879e-05,13325756.903620405,5.0608531106661925,2715796218070185.5,1.548048505940071e-05,1.6309818184480914e-11,5.7195803483064562e-07,35068.326842225259,0.0069123762360015816,-1.4957248629982579e-13
499,4.9900000000000448e-12,1e-14,ELECTRODE_ATTACHMENT,CONFIRMED,6.3738811805049404e-05,13370474.191436753,5.0778358326821129,2715984964808623.5,1.5473806820694248e-05,1.6191203471829054e-11,5.7220488244422508e-07,35340.478763039435,0.0069837299684051574,-1.5017869405741523e-13
500,5.0000000000000449e-12,1e-14,ELECTRODE_ATTACHMENT,CONFIRMED,6.3739926195546155e-05,13415191.479162695,5.094818554663699,2716177350414843.5,1.5467199923444136e-05,1.60740583643512e-11,5.724493028230288e-07,35613.24028115999,0.0070554994035649608,-1.507868105279775e-13
501,5.0100000000000451e-12,1e-14,ELECTRODE_ATTACHMENT,CONFIRMED,6.3741053779407683e-05,13459908.766798463,5.1118012766110397,2716373359789316.5,1.5460663746437195e-05,1.5958357963456057e-11,5.7269131248264728e-07,35886.606491349885,0.0071276850069288472,-1.5139684583803599e-13
502,5.0200000000000453e-12,1e-14,ELECTRODE_ATTACHMENT,CONFIRMED,6.3742194444100334e-05,13504626.054344371,5.128783998524252,2716572977569181,1.5454197674220899e-05,1.584407789891458e-11,5.729309278584966e-07,36160.572518880763,0.0072002872414104451,-1.5200881014343796e-13
503,5.0300000000000454e-12,1e-14,ELECTRODE_ATTACHMENT,CONFIRMED,6.3743348078193536e-05,13549343.341800693,5.1457667204034427,2716776188129072,1.5447801096991955e-05,1.5731194315479249e-11,5.7316816530762532e-07,36435.13351962329,0.0072733065673790259,-1.526227136294592e-13
504,5.0400000000000456e-12,1e-14,ELECTRODE_ATTACHMENT,CONFIRMED,6.3744514571341312e-05,13594060.629167706,5.1627494422487148,2716982975581934,1.5441473410487125e-05,1.5619683859894919e-11,5.7340304111048434e-07,36710.284680137047,0.0073467434426486081,-1.5323856651090876e-13
505,5.0500000000000457e-12,1e-14,ELECTRODE_ATTACHMENT,CONFIRMED,6.3745693814264484e-05,13638777.916445591,5.1797321640601375,2717193323779817.5,1.54352140158761e-05,1.5509523668289239e-11,5.7363557147266659e-07,36986.021217758054,0.0074205983224657854,-1.5385637903223297e-13
506,5.0600000000000459e-12,1e-14,ELECTRODE_ATTACHMENT,CONFIRMED,6.3746885698732911e-05,13683495.203634739,5.1967148858378609,2717407216314661,1.5429022319656507e-05,1.5400691353928578e-11,5.7386577252661071e-07,37262.338380687223,0.0074948716594971923,-1.5447616146762043e-13
507,5.070000000000046e-12,1e-14,ELECTRODE_ATTACHMENT,CONFIRMED,6.374809011754842e-05,13728212.490735333,5.2136976075819526,2717624636519055,1.5422897733550969e-05,1.5293164995330318e-11,5.7409366033327201e-07,37539.231448072933,0.0075695639038147432,-1.5509792412110417e-13
508,5.0800000000000462e-12,1e-14,ELECTRODE_ATTACHMENT,CONFIRMED,6.3749306964527895e-05,13772929.777747732,5.2306803292925492,2717845567466994,1.5416839674406102e-05,1.5186923124716056e-11,5.7431925088376369e-07,37816.695730097177,0.0076446755028811873,-1.5572167732666643e-13
509,5.0900000000000464e-12,1e-14,ELECTRODE_ATTACHMENT,CONFIRMED,6.3750536134486813e-05,13817647.06467223,5.2476630509697637,2718069991974609,1.5410847564093504e-05,1.5081944716798028e-11,5.7454256010096493e-07,38094.726568056481,0.0077202069015336024,-1.5634743144833967e-13
510,5.1000000000000465e-12,1e-14,ELECTRODE_ATTACHMENT,CONFIRMED,6.375177752322318e-05,13862364.351509016,5.2646457726136662,2718297892600887,1.5404920829412643e-05,1.4978209177885934e-11,5.7476360384109756e-07,38373.319334442713,0.0077961585419662185,-1.5697519688031072e-13
511,5.1100000000000467e-12,1e-14,ELECTRODE_ATTACHMENT,CONFIRMED,6.3753031027501692e-05,13907081.638258444,5.2816284942243925,2718529251648374.5,1.5399058901995531e-05,1.4875696335303495e-11,5.7498239789527697e-07,38652.469433024773,0.0078725308637127723,-1.5760421381537145e-13
512,5.1200000000000468e-12,1e-14,ELECTRODE_ATTACHMENT,CONFIRMED,6.375429644638827e-05,13951798.924920572,5.2986112158019631,2718764051163865.5,1.5393261218213343e-05,1.4774386427107248e-11,5.751989579910269e-07,38932.172298924226,0.0079493242931326525,-1.582351821143231e-13
513,5.130000000000047e-12,1e-14,ELECTRODE_ATTACHMENT,CONFIRMED,6.3755573670213806e-05,13996516.211495725,5.3155939373465033,2719002272912487.5,1.5387527218934143e-05,1.467426009209373e-11,5.7541329979940142e-07,39212.423399079962,0.008026539262831733,-1.5886819617379432e-13
514,5.1400000000000472e-12,1e-14,ELECTRODE_ATTACHMENT,CONFIRMED,6.3756862601086227e-05,14041233.497984124,5.3325766588580956,2719243898401953,1.5381856349566796e-05,1.4575298360090306e-11,5.7562543893145661e-07,39493.218231993029,0.0081041762037986839,-1.5950326652070647e-13
515,5.1500000000000473e-12,1e-14,ELECTRODE_ATTACHMENT,CONFIRMED,6.3758163141973911e-05,14085950.784386115,5.3495593803368724,2719488908886088.5,1.5376248059989013e-05,1.4477482642517132e-11,5.7583539093907717e-07,39774.552327762925,0.0081822355442731989,-1.6014040371249543e-13
516,5.1600000000000475e-12,1e-14,ELECTRODE_ATTACHMENT,CONFIRMED,6.3759475196692323e-05,14130668.070702035,5.3665421017829606,2719737285365463,1.5370701804460734e-05,1.438079472321377e-11,5.7604317131638224e-07,40056.421248161038,0.0082607177097227709,-1.6077961833721181e-13
517,5.1700000000000476e-12,1e-14,ELECTRODE_ATTACHMENT,CONFIRMED,6.376079866989114e-05,14175385.356932096,5.3835248231964412,2719989008588003,1.5365217041539149e-05,1.4285216749521188e-11,5.7624879550110592e-07,40338.820586703427,0.0083396231228185271,-1.6142092101361946e-13
518,5.1800000000000478e-12,1e-14,ELECTRODE_ATTACHMENT,CONFIRMED,6.3762133467041567e-05,14220102.643076694,5.4005075445774651,2720244059049593,1.5359793233995205e-05,1.4190731223610289e-11,5.7645227887595437e-07,40621.745968725219,0.0084189522034108649,-1.620643223912966e-13
519,5.190000000000048e-12,1e-14,ELECTRODE_ATTACHMENT,CONFIRMED,6.3763479494423854e-05,14264819.929136101,5.4174902659261353,2720502416994660.5,1.5354429848731793e-05,1.4097320994051387e-11,5.7665363676993302e-07,40905.193051450144,0.0084987053685030671,-1.6270983315073283e-13
520,5.2000000000000481e-12,1e-14,ELECTRODE_ATTACHMENT,CONFIRMED,6.3764836659115139e-05,14309537.215110634,5.4344729872425708,2720764062416747,1.5349126356703304e-05,1.4004969247614756e-11,5.7685288445965398e-07,41189.157524062408,0.0085788830322247843,-1.633574543567968e-13
521,5.2100000000000483e-12,1e-14,ELECTRODE_ATTACHMENT,CONFIRMED,6.3766204858466927e-05,14354254.501000589,5.4514557085268871,2721028975059065,1.5343882232836758e-05,1.3913659501296592e-11,5.770500371706157e-07,41473.635107776019,0.0086594856044979948,-1.6400719000684054e-13
522,5.2200000000000484e-12,1e-14,ELECTRODE_ATTACHMENT,CONFIRMED,6.3767583983642654e-05,14398971.786806198,5.4684384297791695,2721297134412065.5,1.5338696955937557e-05,1.3823375594562789e-11,5.772451100790915e-07,41758.621555949183,0.0087405134913345565,-1.646590670612954e-13
523,5.2300000000000486e-12,1e-14,ELECTRODE_ATTACHMENT,CONFIRMED,6.376897394454905e-05,14443689.072527781,5.4854211509995405,2721568519711871,1.533357000860166e-05,1.3734101681803421e-11,5.7743811831380915e-07,42044.112654187506,0.0088219670979274804,-1.6531309632717442e-13
524,5.2400000000000488e-12,1e-14,ELECTRODE_ATTACHMENT,CONFIRMED,6.3770374651835442e-05,14488406.358165648,5.5024038721881183,2721843109945782,1.5328500877169062e-05,1.3645822224992415e-11,5.7762907695610432e-07,42330.104220335859,0.008903846826476958,-1.6596928864294198e-13
525,5.2500000000000489e-12,1e-14,ELECTRODE_ATTACHMENT,CONFIRMED,6.3771786016882749e-05,14533123.643720172,5.5193865933450441,2722120883852779.5,1.532348905165047e-05,1.3558521986545164e-11,5.7781800104110944e-07,42616.592104545663,0.0089861530761590827,-1.6662765487860907e-13
526,5.2600000000000491e-12,1e-14,ELECTRODE_ATTACHMENT,CONFIRMED,6.377320795179302e-05,14577840.929191653,5.5363693144704307,2722401819924010.5,1.5318534025655288e-05,1.347218602236881e-11,5.7800490555892085e-07,42903.572189340244,0.009068886243093259,-1.6728820593583094e-13
527,5.2700000000000492e-12,1e-14,ELECTRODE_ATTACHMENT,CONFIRMED,6.3774640369378892e-05,14622558.214580476,5.5533520355644272,2722685896403260.5,1.5313635296320895e-05,1.3386799675098315e-11,5.7818980545574449e-07,43191.040389681351,0.009152046720309271,-1.6795095274590311e-13
528,5.2800000000000494e-12,1e-14,ELECTRODE_ATTACHMENT,CONFIRMED,6.3776083183153501e-05,14667275.499886893,5.5703347566271262,2722973091287413.5,1.5308792364243147e-05,1.3302348567514027e-11,5.7837271563502215e-07,43478.992653032677,0.0092356348977126745,-1.6861590627385945e-13
529,5.2900000000000496e-12,1e-14,ELECTRODE_ATTACHMENT,CONFIRMED,6.3777536307320449e-05,14711992.785111319,5.5873174776586874,2723263382326896.5,1.5304004733408155e-05,1.3218818596133396e-11,5.7855365095853579e-07,43767.424959426186,0.0093196511620503818,-1.6928307751682214e-13
530,5.3000000000000497e-12,1e-14,ELECTRODE_ATTACHMENT,CONFIRMED,6.3778999656763954e-05,14756710.070254061,5.6043001986592271,2723556747026114,1.5299271911125235e-05,1.3136195924973837e-11,5.7873262624749248e-07,44056.333321523991,0.0094040958968741716,-1.6995247750393916e-13
531,5.3100000000000499e-12,1e-14,ELECTRODE_ATTACHMENT,CONFIRMED,6.3780473147039359e-05,14801427.355315492,5.6212829196288849,2723853162643864,1.5294593407961061e-05,1.3054466979479471e-11,5.7890965628359008e-07,44345.713784682863,0.0094889694825042361,-1.7062411729647672e-13
532,5.32000000000005e-12,1e-14,ELECTRODE_ATTACHMENT,CONFIRMED,6.37819566943636e-05,14846144.640295932,5.6382656405677851,2724152606193747,1.5289968737674949e-05,1.2973618440608395e-11,5.7908475581006331e-07,44635.562427016106,0.0095742722959912385,-1.7129800798791545e-13
533,5.3300000000000502e-12,1e-14,ELECTRODE_ATTACHMENT,CONFIRMED,6.3783450215606125e-05,14890861.925195772,5.6552483614760751,2724455054444556,1.528539741715529e-05,1.289363723907453e-11,5.792579395327113e-07,44925.875359456666,0.0096600047110780088,-1.7197416070403994e-13
534,5.3400000000000504e-12,1e-14,ELECTRODE_ATTACHMENT,CONFIRMED,6.378495362827968e-05,14935579.21001534,5.6722310823538793,2724760483920659,1.5280878966357068e-05,1.281451054974054e-11,5.7942922212090668e-07,45216.648725817984,0.0097461670981598015,-1.7265258660303401e-13
535,5.3500000000000505e-12,1e-14,ELECTRODE_ATTACHMENT,CONFIRMED,6.3786466850531529e-05,14980296.494754991,5.6892138032013326,2725068870902363.5,1.5276412908240484e-05,1.2736225786156276e-11,5.7959861820858662e-07,45507.878702855996,0.0098327598242442145,-1.7333329687557067e-13
536,5.3600000000000507e-12,1e-14,ELECTRODE_ATTACHMENT,CONFIRMED,6.378798980113479e-05,15025013.779415106,5.7061965240185799,2725380191426272.5,1.5271998768710586e-05,1.2658770595239177e-11,5.7976614239522752e-07,45799.561500330143,0.0099197832529099444,-1.7401630274490456e-13
537,5.3700000000000508e-12,1e-14,ELECTRODE_ATTACHMENT,CONFIRMED,6.3789522399479803e-05,15069731.063996054,5.7231792448057606,2725694421285625.5,1.5267636076558007e-05,1.2582132852092266e-11,5.7993180924680002e-07,46091.693361063495,0.010007237744264734,-1.7470161546696178e-13
538,5.380000000000051e-12,1e-14,ELECTRODE_ATTACHMENT,CONFIRMED,6.3791064565565865e-05,15114448.34849821,5.7401619655630185,2726011536030628.5,1.5263324363400627e-05,1.2506300654955537e-11,5.8009563329671077e-07,46384.27056100333,0.010095123654902474,-1.7538924633042962e-13
539,5.3900000000000511e-12,1e-14,ELECTRODE_ATTACHMENT,CONFIRMED,6.3792616219992949e-05,15159165.632921945,5.7571446862904931,2726331510968769.5,1.5259063163626331e-05,1.2431262320287008e-11,5.8025762904672277e-07,46677.289409280682,0.010183441337859462,-1.7607920665684683e-13
540,5.4000000000000513e-12,1e-14,ELECTRODE_ATTACHMENT,CONFIRMED,6.3794177283953732e-05,15203882.917267602,5.7741274069883151,2726654321165124,1.5254852014336631e-05,1.2357006377969647e-11,5.8041781096786548e-07,46970.746248269934,0.010272191142569749,-1.7677150780069132e-13
541,5.4100000000000515e-12,1e-14,ELECTRODE_ATTACHMENT,CONFIRMED,6.3795747679225602e-05,15248600.201535625,5.7911101276566539,2726979941442647,1.5250690455291306e-05,1.2283521566640172e-11,5.80576193501324e-07,47264.637453648815,0.010361373414819955,-1.7746616114946996e-13
542,5.4200000000000516e-12,1e-14,ELECTRODE_ATTACHMENT,CONFIRMED,6.3797327328163014e-05,15293317.485726357,5.8080928482956384,2727308346382453,1.5246578028853939e-05,1.2210796829137111e-11,5.807327910593165e-07,47558.959434456054,0.010450988496702564,-1.7816317812380372e-13
543,5.4300000000000518e-12,1e-14,ELECTRODE_ATTACHMENT,CONFIRMED,6.3798916153689887e-05,15338034.769840153,5.8250755689054046,2727639510324085,1.5242514279938404e-05,1.2138821308063485e-11,5.808876180259534e-07,47853.708633150876,0.010541036726569067,-1.7886257017751623e-13
544,5.4400000000000519e-12,1e-14,ELECTRODE_ATTACHMENT,CONFIRMED,6.3800514079292054e-05,15382752.053877484,5.8420582894861317,2727973407365770,1.5238498755956153e-05,1.2067584341461514e-11,5.8104068875808605e-07,48148.881525672092,0.010631518438982118,-1.7956434879771947e-13
545,5.4500000000000521e-12,1e-14,ELECTRODE_ATTACHMENT,CONFIRMED,6.3802121029010066e-05,15427469.337838674,5.8590410100379406,2728310011364665.5,1.5234531006764503e-05,1.1997075458596499e-11,5.8119201758613546e-07,48444.474621494737,0.010722433964666345,-1.8026852550489853e-13
546,5.4600000000000523e-12,1e-14,ELECTRODE_ATTACHMENT,CONFIRMED,6.3803736927431972e-05,15472186.621724185,5.876023730561009,2728649295937090,1.5230610584615659e-05,1.1927284375845554e-11,5.8134161881491201e-07,48740.484463689943,0.010813783630459163,-1.8097511185299775e-13
547,5.4700000000000524e-12,1e-14,ELECTRODE_ATTACHMENT,CONFIRMED,6.3805361699686278e-05,15516903.905534357,5.8930064510554647,2728991234458747.5,1.5226737044106663e-05,1.185820099268973e-11,5.8148950672441763e-07,49036.907628981047,0.01090556775925987,-1.8168411942950357e-13
548,5.479959348391847e-12,9.959348391794638e-15,ELECTRODE_ATTACHMENT,CONFIRMED,6.3806988669096331e-05,15561439.406319799,5.9099201340316148,2729334399350333,1.5222925435961693e-05,1.1790091986946455e-11,5.8163510358419135e-07,49332.533132748737,0.010997410923591619,-1.8239266581553886e-13
549,5.4898749288476895e-12,9.9155804558420901e-15,ELECTRODE_ATTACHMENT,CONFIRMED,6.3808617146749607e-05,15605779.188710611,5.9267594871176552,2729678623703228.5,1.5219175935689634e-05,1.1722960307102191e-11,5.8177839918628857e-07,49627.26000478107,0.011089279212742963,-1.8310051030659991e-13
550,5.4997472916785727e-12,9.8723628308834726e-15,ELECTRODE_ATTACHMENT,CONFIRMED,6.3810247037604037e-05,15649925.713549461,5.9435254448918888,2730023866208415.5,1.5215487313511617e-05,1.1656784050185935e-11,5.819194371078295e-07,49921.096127584817,0.011181172396571248,-1.8380767185453182e-13
551,5.509576975925155e-12,9.8296842465824108e-15,ELECTRODE_ATTACHMENT,CONFIRMED,6.3811878249500132e-05,15693881.391281109,5.9602189227925111,2730370086337820.5,1.5211858369479391e-05,1.1591541975571441e-11,5.8205825992731917e-07,50214.049274374025,0.011273090246708186,-1.8451416900819463e-13
552,5.5193645096758255e-12,9.7875337506704931e-15,ELECTRODE_ATTACHMENT,CONFIRMED,6.3813510693059693e-05,15737648.583374662,5.976840817657755,2730717244323269,1.5208287932521137e-05,1.1527213479874951e-11,5.8219490925512788e-07,50506.12711142777,0.011365032536489425,-1.852200199250627e-13
553,5.5291104103733775e-12,9.7459006975522395e-15,ELECTRODE_ATTACHMENT,CONFIRMED,6.381514428158875e-05,15781229.603695048,5.99339200824675,2731065301136161,1.5204774859524944e-05,1.1463778572992679e-11,5.8232942576281196e-07,50797.337200381029,0.011456999040887065,-1.859252423824031e-13
554,5.538815185110781e-12,9.7047747374038012e-15,ELECTRODE_ATTACHMENT,CONFIRMED,6.3816778930984505e-05,15824626.719825564,6.0098733557417949,2731414218467840,1.5201318034458185e-05,1.1401217855218391e-11,5.8246184921132649e-07,51087.687000448903,0.011548989536444497,-1.8662985378805274e-13
555,5.5484793309165206e-12,9.664145805739594e-15,ELECTRODE_ATTACHMENT,CONFIRMED,6.3818414559646178e-05,15867842.154343802,6.0262857042329339,2731763958710627,1.5197916367521154e-05,1.1339512495384091e-11,5.8259221847818057e-07,51377.183870588175,0.011641003801213815,-1.873338711908086e-13
556,5.5581033350299448e-12,9.6240041134243642e-15,ELECTRODE_ATTACHMENT,CONFIRMED,6.3820051088389292e-05,15910878.086052986,6.0426298811855892,2732114484939488,1.5194568794333292e-05,1.1278644209970715e-11,5.8272057158358497e-07,51665.835071598376,0.011733041614695678,-1.8803731129045213e-13
557,5.5676876751670521e-12,9.5843401371074599e-15,ELECTRODE_ATTACHMENT,CONFIRMED,6.3821688440363742e-05,15953736.651170507,6.0589066978919455,2732465760894315.5,1.5191274275150633e-05,1.1218595243138745e-11,5.8284694571563219e-07,51953.647768164148,0.011825102757781458,-1.8874019044741693e-13
558,5.577232819777111e-12,9.5451446100593187e-15,ELECTRODE_ATTACHMENT,CONFIRMED,6.3823326540974872e-05,15996419.944475438,6.0751169499067528,2732817750962794,1.5188031794112925e-05,1.1159348347631828e-11,5.8297137725455627e-07,52240.629030840413,0.011917187012697485,-1.8944252469214845e-13
559,5.5867392282905003e-12,9.5064085133895413e-15,ELECTRODE_ATTACHMENT,CONFIRMED,6.3824965317807843e-05,16038930.020416791,6.0912614174682158,2733170420163828,1.5184840358519233e-05,1.1100886766508782e-11,5.8309390179610867e-07,52526.785837983203,0.012009294162951371,-1.9014432973405081e-13
560,5.5962073513581289e-12,9.468123067628692e-15,ELECTRODE_ATTACHMENT,CONFIRMED,6.3826604700555046e-05,16081268.894184073,6.107340865904578,2733523734131512,1.5181698998130591e-05,1.1043194215662446e-11,5.8321455417409253e-07,52812.125077627039,0.012101423993280206,-1.9084562097022967e-13
561,5.6056376310827843e-12,9.4302797246555596e-15,ELECTRODE_ATTACHMENT,CONFIRMED,6.3828244620946234e-05,16123438.542742083,6.1233560460271059,2733877659099617,1.5178606764498591e-05,1.098625486708527e-11,5.8333336848208998e-07,53096.65354931388,0.012193576289601431,-1.9154641349388452e-13
562,5.6150305012427383e-12,9.3928701599539091e-15,ELECTRODE_ATTACHMENT,CONFIRMED,6.3829885012681509e-05,16165440.905830454,6.1393076945097045,2734232161886576.5,1.5175562730318806e-05,1.0930053332845936e-11,5.8345037809441368e-07,53380.377965868218,0.012285750838964184,-1.9224672210242364e-13
563,5.6243863875079204e-12,9.3558862651824088e-15,ELECTRODE_ATTACHMENT,CONFIRMED,6.3831525811366906e-05,16207277.886930522,6.1551965342561088,2734587209880951,1.5172565988807826e-05,1.0874574649740273e-11,5.8356561568632285e-07,53663.30495512858,0.012377947429503581,-1.9294656130530713e-13
564,5.6337057076489635e-12,9.3193201410432963e-15,ELECTRODE_ATTACHMENT,CONFIRMED,6.3833166954452416e-05,16248951.354200147,6.1710232747549112,2734942771027353,1.5169615653102983e-05,1.0819804264584383e-11,5.8367911325352888e-07,53945.441061631769,0.012470165850396311,-1.9364594533162771e-13
565,5.6429888717393987e-12,9.2831640904354915e-15,ELECTRODE_ATTACHMENT,CONFIRMED,6.3834808381172384e-05,16290463.141377877,6.186788612422947,2735298813812815,1.5166710855683778e-05,1.0765728020118557e-11,5.8379090213102218e-07,54226.792748252359,0.012562405891817846,-1.9434488813743884e-13
566,5.6522362823512781e-12,9.2474106118791258e-15,ELECTRODE_ATTACHMENT,CONFIRMED,6.3836450032488261e-05,16331815.048657484,6.2024932309374208,2735655307253583,1.5163850747814065e-05,1.0712332141492722e-11,5.8390101301124786e-07,54507.366397797625,0.012654667344900651,-1.9504340341284105e-13
567,5.6614483347444765e-12,9.2120523931985523e-15,ELECTRODE_ATTACHMENT,CONFIRMED,6.383809185103346e-05,16373008.843534866,6.2181378015575488,2736012220882318.5,1.5161034499004008e-05,1.0659603223304438e-11,5.8400947596166139e-07,54787.168314565148,0.012746950001695173,-1.957415045888374e-13
568,5.670625417049929e-12,9.1770823054522753e-15,ELECTRODE_ATTACHMENT,CONFIRMED,6.3839733781060202e-05,16414046.261627026,6.2337229834355847,2736369524735698,1.5158261296491242e-05,1.0607528217164864e-11,5.8411632044168042e-07,55066.204725854652,0.012839253655130702,-1.9643920484396466e-13
569,5.6797679104470271e-12,9.1424933970982558e-15,ELECTRODE_ATTACHMENT,CONFIRMED,6.3841375768388628e-05,16454929.007465677,6.2492494239182186,2736727189342387.5,1.5155530344740058e-05,1.0556094419765903e-11,5.8422157531906976e-07,55344.481783445975,0.012931578098979005,-1.9713651711071065e-13
570,5.6888761893354109e-12,9.1082788883840997e-15,ELECTRODE_ATTACHMENT,CONFIRMED,6.384301776035744e-05,16495658.755265266,6.2647177588382554,2737085185711386,1.5152840864958222e-05,1.0505289461426396e-11,5.8432526888577023e-07,55622.005565035732,0.013023923127818299,-1.978334540817272e-13
571,5.6979506215013628e-12,9.0744321659516998e-15,ELECTRODE_ATTACHMENT,CONFIRMED,6.3844659705776668e-05,16536237.149667028,6.2801286127971929,2737443485320720.5,1.5150192094630449e-05,1.0455101295094273e-11,5.8442742887320313e-07,55898.782075638745,0.013116288536998786,-1.9853002821584146e-13
572,5.7069915682790103e-12,9.0409467776471262e-15,ELECTRODE_ATTACHMENT,CONFIRMED,6.3846301554882002e-05,16576665.806459971,6.2954825994390351,2737802060106477,1.514758328706796e-05,1.0405518185783507e-11,5.8452808246706528e-07,56174.817248954903,0.013208674122609714,-1.9922625176240928e-13
573,5.7159993847065363e-12,9.0078164275262958e-15,ELECTRODE_ATTACHMENT,CONFIRMED,6.3847943259292452e-05,16616946.313279361,6.3107803217155638,2738160882452162.5,1.5145013710973403e-05,1.0356528700426269e-11,5.8462725632164008e-07,56450.116948700881,0.013301079681447664,-1.9992213673852347e-13
574,5.7249744196775844e-12,8.975034971047837e-15,ELECTRODE_ATTACHMENT,CONFIRMED,6.3849584771967033e-05,16657080.230283603,6.326022372143405,2738519925178379.5,1.5142482650020631e-05,1.0308121698121176e-11,5.8472497657363587e-07,56724.686969907576,0.0133935050109851,-2.0061769493550336e-13
575,5.7339170160880298e-12,8.9425964104451168e-15,ELECTRODE_ATTACHMENT,CONFIRMED,6.3851226047163242e-05,16697069.090810889,6.3412093330534107,2738879161532805,1.5139989402448559e-05,1.026028632075898e-11,5.8482126885558e-07,56998.533040189002,0.013485949909340975,-2.0131293793307094e-13
576,5.7428275109782989e-12,8.9104948902693211e-15,ELECTRODE_ATTACHMENT,CONFIRMED,6.3852867040397606e-05,16736914.402015202,6.3563417768321964,2739238565180461.5,1.5137533280668701e-05,1.0213011984010091e-11,5.8491615830877746e-07,57271.660820974859,0.013578414175251017,-2.0200787710448056e-13
577,5.7517062356713955e-12,8.8787246930964226e-15,ELECTRODE_ATTACHMENT,CONFIRMED,6.3854507708407599e-05,16776617.645483945,6.3714202661567114,2739598110194270,1.5135113610885717e-05,1.0166288368655842e-11,5.8500966959585627e-07,57544.075908718747,0.01367089760804089,-2.0270252404271634e-13
578,5.7605535159067867e-12,8.8472802353908786e-15,ELECTRODE_ATTACHMENT,CONFIRMED,6.3856148009115306e-05,16816180.277836304,6.386445354221479,2739957771045877,1.513272973273057e-05,1.0120105412250145e-11,5.8510182691291207e-07,57815.78383607154,0.013763400007598433,-2.0339691439409492e-13
579,5.7693696719703059e-12,8.8161560635193373e-15,ELECTRODE_ATTACHMENT,CONFIRMED,6.3857787901591852e-05,16855603.731304433,6.4014175849593205,2740317522596743.5,1.5130380998905691e-05,1.0074453301095094e-11,5.8519265400126955e-07,58086.790073031458,0.013855921174348572,-2.0409104009860989e-13
580,5.7781550188202141e-12,8.7853468499080421e-15,ELECTRODE_ATTACHMENT,CONFIRMED,6.3859427346026621e-05,16894889.414296854,6.4163374932553232,2740677340089487,1.5128066774841746e-05,1.0029322462518443e-11,5.852821741588739e-07,58357.100028061606,0.013948460909228341,-2.0478490530570721e-13
581,5.7869098662095516e-12,8.7548473893377469e-15,ELECTRODE_ATTACHMENT,CONFIRMED,6.3861066303690922e-05,16934038.711945884,6.4312056051547426,2741037199139471,1.5125786438365564e-05,9.9847035574380647e-12,5.8537041025132649e-07,58626.719049185711,0.014041019013662472,-2.0547852043017392e-13
582,5.7956345188049219e-12,8.724652595370609e-15,ELECTRODE_ATTACHMENT,CONFIRMED,6.3862704736906154e-05,16973052.986638531,6.4460224380646256,2741397075726629,1.5123539379378746e-05,9.9405874732025146e-12,5.8545738472257802e-07,58895.65242505369,0.014133595289539402,-2.0617189570797243e-13
583,5.8043292763018249e-12,8.6947574969032308e-15,ELECTRODE_ATTACHMENT,CONFIRMED,6.3864342609013219e-05,17011933.578532465,6.460788500949767,2741756946187517.5,1.5121324999546558e-05,9.8969653166944698e-12,5.8554311960529321e-07,59163.905385985658,0.014226189539189148,-2.0686504120038701e-13
584,5.8129944335366659e-12,8.6651572348409415e-15,ELECTRODE_ATTACHMENT,CONFIRMED,6.3865979884342923e-05,17050681.806056757,6.4755042945228762,2742116787207589.5,1.5119142711996782e-05,9.8538284076867666e-12,5.8562763653089625e-07,59431.483104988954,0.014318801565361238,-2.0755796679804713e-13
585,5.8216302805955544e-12,8.6358470588881351e-15,ELECTRODE_ATTACHMENT,CONFIRMED,6.3867616528187203e-05,17089298.966398481,6.4901703114293836,2742476575813682,1.5116991941028005e-05,9.8111682724396542e-12,5.8571095673931322e-07,59698.390698753123,0.01441143117120372,-2.0825068222483433e-13
586,5.8302371029200045e-12,8.6068223244499518e-15,ELECTRODE_ATTACHMENT,CONFIRMED,6.3869252506771563e-05,17127786.335975271,6.5047870364269063,2742836289366709,1.5114872121827217e-05,9.7689766375294505e-12,5.8579310108841524e-07,59964.633228620434,0.014504078160242549,-2.089431970416757e-13
587,5.8388151814096453e-12,8.5780784896407403e-15,ELECTRODE_ATTACHMENT,CONFIRMED,6.3870887787228359e-05,17166145.170894604,6.5193549465596732,2743195905554554.5,1.5112782700196107e-05,9.7272454238986336e-12,5.8587409006318252e-07,60230.215701534849,0.014596742336361849,-2.0963552065022861e-13
588,5.8473647925220403e-12,8.5496111123952526e-15,ELECTRODE_ATTACHMENT,CONFIRMED,6.3872522337570875e-05,17204376.707400493,6.5338745113281709,2743555402385156,1.5110723132285883e-05,9.6859667411177741e-12,5.8595394378459358e-07,60495.143070971732,0.014689423503785534,-2.1032766229645981e-13
589,5.8558862083697186e-12,8.5214158476779851e-15,ELECTRODE_ATTACHMENT,CONFIRMED,6.387415612666843e-05,17242482.162306834,6.5483461928537219,2743914758179779.5,1.5108692884340398e-05,9.645132881851832e-12,5.8603268201824652e-07,60759.420237840233,0.0147821214670577,-2.1101963107412308e-13
590,5.864379696814506e-12,8.4934884447870716e-15,ELECTRODE_ATTACHMENT,CONFIRMED,6.3875789124222124e-05,17280462.733419675,6.5627704460388507,2744273951566468.5,1.5106691432446983e-05,9.6047363165204383e-12,5.8611032418273196e-07,61023.052051372237,0.014874836031025712,-2.1171143592813778e-13
591,5.8728455215592552e-12,8.465824744749053e-15,ELECTRODE_ATTACHMENT,CONFIRMED,6.3877421300741565e-05,17318319.599947296,6.5771477187230261,2744632961473673,1.5104718262295028e-05,9.5647696881457482e-12,5.8618688935775525e-07,61286.043309987428,0.014967567000822786,-2.1240308565787425e-13
592,5.8812839422370558e-12,8.4384206778005409e-15,ELECTRODE_ATTACHMENT,CONFIRMED,6.3879052627522121e-05,17356053.922898959,6.5914784518340985,2744991767124043,1.5102772868941801e-05,9.5252258073797534e-12,5.8626239629202495e-07,61548.398762138837,0.01506031418185081,-2.1309458892034558e-13
593,5.8896952144980094e-12,8.4112722609537126e-15,ELECTRODE_ATTACHMENT,CONFIRMED,6.3880683076623292e-05,17393666.845473129,6.6057630795357349,2745350348028389,1.5100854756585367e-05,9.4860976477033124e-12,5.8633686341091103e-07,61810.12310714191,0.015153077379764785,-2.1378595423331138e-13
594,5.8980795900936519e-12,8.3843755956424704e-15,ELECTRODE_ATTACHMENT,CONFIRMED,6.3882312620847296e-05,17431159.493434992,6.6200020293707986,2745708683979798,1.5098963438344291e-05,9.4473783407905418e-12,5.8641030882388346e-07,62071.220995984113,0.015245856400457055,-2.1447718997829772e-13
595,5.9064373169590973e-12,8.3577268654455408e-15,ELECTRODE_ATTACHMENT,CONFIRMED,6.3883941233718744e-05,17468532.975483682,6.6341957224008103,2746066755047904.5,1.5097098436043914e-05,9.4090611720318689e-12,5.8648275033173708e-07,62331.697032116033,0.015338651050042108,-2.1516830440353038e-13
596,5.9147686392929817e-12,8.3313223338843442e-15,ELECTRODE_ATTACHMENT,CONFIRMED,6.3885568889464808e-05,17505788.383609794,6.6483445733417232,2746424541573308,1.5095259280008974e-05,9.3711395762091476e-12,5.8655420543361059e-07,62591.555772226151,0.015431461134841938,-2.1585930562679239e-13
597,5.9230737976352735e-12,8.3051583422920927e-15,ELECTRODE_ATTACHMENT,CONFIRMED,6.3887195562995898e-05,17542926.793443371,6.6624489906960873,2746782024162137,1.5093445508862312e-05,9.3336071333169979e-12,5.8662469133380776e-07,62850.801726998739,0.015524286461372036,-2.1655020163820082e-13
598,5.9313530289430253e-12,8.2792313077519058e-15,ELECTRODE_ATTACHMENT,CONFIRMED,6.388882122988723e-05,17579949.264592592,6.6765093768816683,2747139183680749,1.5091656669329498e-05,9.2964575645246113e-12,5.8669422494842506e-07,63109.439361855097,0.015617126836327615,-2.1724100030291036e-13
599,5.9396065666641262e-12,8.2535377211009453e-15,ELECTRODE_ATTACHMENT,CONFIRMED,6.3890445866360759e-05,17616856.840973642,6.6905261283567343,2747496001250568,1.5089892316049103e-05,9.2596847282724528e-12,5.8676282291179662e-07,63367.473097679314,0.015709982066570417,-2.1793170936374384e-13
600,5.9478346408091243e-12,8.2280741449983864e-15,ELECTRODE_ATTACHMENT,CONFIRMED,6.3892069449267711e-05,17653650.551131833,6.7044996357420032,2747852458243051.5,1.5088152011388535e-05,9.2232826164986615e-12,5.8683050158275585e-07,63624.907311528113,0.015802851959115884,-2.1862233644375321e-13
601,5.9560374780211785e-12,8.202837212054523e-15,ELECTRODE_ATTACHMENT,CONFIRMED,6.3893691956071739e-05,17690331.408554379,6.7184302839394316,2748208536274783.5,1.5086435325265103e-05,9.1872453509901843e-12,5.8689727705072787e-07,63881.746337325494,0.015895736321120638,-2.1931288904871087e-13
602,5.9642153016441975e-12,8.1778236230192659e-15,ELECTRODE_ATTACHMENT,CONFIRMED,6.3895313364832547e-05,17726900.41197519,6.7323184522479718,2748564217202692,1.5084741834972245e-05,9.1515671798535706e-12,5.8696316514165202e-07,64137.994466543787,0.015988634959870674,-2.2000337456953847e-13
603,5.9723683317892248e-12,8.153030145026982e-15,ELECTRODE_ATTACHMENT,CONFIRMED,6.3896933654189957e-05,17763358.545671653,6.7461645144762796,2748919483119385.5,1.508307112501072e-05,9.1162424741012389e-12,5.8702818142374221e-07,64393.655948869076,0.016081547682769582,-2.2069380028466818e-13
604,5.9804967853991216e-12,8.1284536098966307e-15,ELECTRODE_ATTACHMENT,CONFIRMED,6.3898552803348646e-05,17799706.779753834,6.7599688390525481,2749274316348603.5,1.5081422786924524e-05,9.0812657243485958e-12,5.8709234121309244e-07,64648.734992853089,0.016174474297327164,-2.2138417336234553e-13
605,5.9886008763116058e-12,8.1040909124842178e-15,ELECTRODE_ATTACHMENT,CONFIRMED,6.3900170792063131e-05,17835946.070446599,6.7737317891316531,2749628699440781,1.5079796419141462e-05,9.0466315376175484e-12,5.871556595791295e-07,64903.235766553429,0.016267414611149084,-2.2207450086287156e-13
606,5.9966808153206923e-12,8.0799390090863526e-15,ELECTRODE_ATTACHMENT,CONFIRMED,6.3901787600623375e-05,17872077.360363986,6.787453722699353,2749982615168719.5,1.5078191626818212e-05,9.0123346342432741e-12,5.8721815134991784e-07,65157.162398156332,0.01636036843192544,-2.2276478974078521e-13
607,6.0047368102365849e-12,8.0559949158927413e-15,ELECTRODE_ATTACHMENT,CONFIRMED,6.3903403209840761e-05,17908101.578777358,6.8011349926741262,2750336046523366.5,1.507660802168963e-05,8.9783698448791641e-12,5.8727983111732547e-07,65410.518976591506,0.016453335567421259,-2.2345504684699396e-13
608,6.0127690659440706e-12,8.0322557074857702e-15,ELECTRODE_ATTACHMENT,CONFIRMED,6.3905017601034459e-05,17944019.641876463,6.8147759470063205,2750688976709694.5,1.5075045221922302e-05,8.9447321075972129e-12,5.8734071324204989e-07,65663.309552132007,0.0165463158254666,-2.2414527893084515e-13
609,6.0207777844594562e-12,8.0087185153859644e-15,ELECTRODE_ATTACHMENT,CONFIRMED,6.3906630756018306e-05,17979832.453023788,6.8283769287747482,2751041389142680.5,1.5073502851972091e-05,8.9114164650802877e-12,5.8740081185851189e-07,65915.538136980074,0.016639309013946169,-2.2483549264214801e-13
610,6.0287631649860974e-12,7.9853805266409304e-15,ELECTRODE_ATTACHMENT,CONFIRMED,6.390824265708793e-05,18015540.903003242,6.841938276281132,2751393267443383.5,1.5071980542445599e-05,8.878418061901976e-12,5.8746014087962119e-07,66167.208705846046,0.016732314940791127,-2.2552569453314472e-13
611,6.0367254039685541e-12,7.9622389824570737e-15,ELECTRODE_ATTACHMENT,CONFIRMED,6.3909853287008394e-05,18051145.870194227,6.8554603231162128,2751744595435113,1.5070477929971914e-05,8.8457321419541844e-12,5.8751871400116256e-07,66418.325196015823,0.016825333413779869,-2.2621555745530389e-13
612,6.0446646951454479e-12,7.93929117689372e-15,ELECTRODE_ATTACHMENT,CONFIRMED,6.3911462629002156e-05,18086648.221081708,6.8689433983534673,2752095357139674.5,1.5068994657045113e-05,8.8133540456433275e-12,5.8757654470734433e-07,66668.891509901252,0.0169183642412933,-2.2690576591356249e-13
613,6.0525812296009344e-12,7.9165344554867754e-15,ELECTRODE_ATTACHMENT,CONFIRMED,6.3913070666704418e-05,18122048.810072511,6.8823878264793361,2752445536773766,1.5067530371936797e-05,8.7812792077966032e-12,5.8763364627363777e-07,66918.911512561579,0.017011407231137948,-2.2759598170533598e-13
614,6.0604751958150664e-12,7.8939662141323728e-15,ELECTRODE_ATTACHMENT,CONFIRMED,6.3914677384219353e-05,18157348.479998764,6.8957939275844247,2752795118745350.5,1.5066084728544757e-05,8.7495031550081e-12,5.8769003177212532e-07,67168.389034266394,0.01710446219134153,-2.2828621101208511e-13
615,6.0683467797128497e-12,7.8715838977836252e-15,ELECTRODE_ATTACHMENT,CONFIRMED,6.3916282766074352e-05,18192548.062267043,6.9091620174201447,2753144087650206.5,1.5064657386279125e-05,8.7180215033790814e-12,5.877457140754084e-07,67417.327870503621,0.017197528929935261,-2.2897645992578705e-13
616,6.0761961647121452e-12,7.8493849992951572e-15,ELECTRODE_ATTACHMENT,CONFIRMED,6.3917886797209373e-05,18227648.377072796,6.9224924074801493,2753492428268526.5,1.5063248009944688e-05,8.6868299562641209e-12,5.8780070586068196e-07,67665.731782491683,0.017290607254946782,-2.2966673445154536e-13
617,6.084023531770425e-12,7.8273670582799162e-15,ELECTRODE_ATTACHMENT,CONFIRMED,6.3919489462966532e-05,18262650.233609077,6.9357854050796028,2753840125561596,1.506185626962643e-05,8.6559243020859332e-12,5.8785501961370164e-07,67913.604497677778,0.017383696974391787,-2.3035704050938475e-13
618,6.0918290594304238e-12,7.8055276599984326e-15,ELECTRODE_ATTACHMENT,CONFIRMED,6.3921090749080071e-05,18297554.430271044,6.9490413134328488,2754187164668546.5,1.5060481840577949e-05,8.6253004122154105e-12,5.8790866763265654e-07,68160.949710231842,0.017476797896267826,-2.3104738393586586e-13
619,6.0996129238647041e-12,7.7838644342803855e-15,ELECTRODE_ATTACHMENT,CONFIRMED,6.3922690641666404e-05,18332361.754854999,6.9622604317289971,2754533530903187,1.5059124403112919e-05,8.5949542389157409e-12,5.8796166203193883e-07,68407.77108152592,0.017569909828546587,-2.3173777048565747e-13
620,6.107375298919181e-12,7.7623750544769969e-15,ELECTRODE_ATTACHMENT,CONFIRMED,6.3924289127214852e-05,18367072.984753165,6.9754430552059015,2754879209750904,1.50577836424993e-05,8.5648818133474086e-12,5.8801401474582335e-07,68654.072240608089,0.017663032579167667,-2.324282058330751e-13
621,6.1151163561556243e-12,7.7410572364432117e-15,ELECTRODE_ATTACHMENT,CONFIRMED,6.3925886192578042e-05,18401688.887143653,6.9885894752222999,2755224186865634,1.5056459248856308e-05,8.5350792436326367e-12,5.8806573753205405e-07,68899.856784664822,0.017756165956031671,-2.3311869557357936e-13
622,6.1228362648931733e-12,7.7199087375488055e-15,ELECTRODE_ATTACHMENT,CONFIRMED,6.3927481824963255e-05,18436210.219176084,7.0016999793283148,2755568448066903.5,1.5055150917054028e-05,8.5055427129768487e-12,5.881168419753428e-07,69145.128279475568,0.017849309766993893,-2.3380924522524129e-13
623,6.1305351922488906e-12,7.698927355717366e-15,ELECTRODE_ATTACHMENT,CONFIRMED,6.3929076011923431e-05,18470637.728153087,7.0147748513343782,2755911979336936,1.5053858346615596e-05,8.4762684778451375e-12,5.8816733949078226e-07,69389.89025985972,0.017942463819858461,-2.3449986023017231e-13
624,6.1382133031773827e-12,7.6781109284922212e-15,ELECTRODE_ATTACHMENT,CONFIRMED,6.393066874134883e-05,18504972.151707254,7.0278143713784385,2756254766817823.5,1.5052581241621918e-05,8.4472528661923073e-12,5.8821724132717326e-07,69634.146230112645,0.018035627922371952,-2.3519054595591862e-13
625,6.145870760509511e-12,7.6574573321285164e-15,ELECTRODE_ATTACHMENT,CONFIRMED,6.393226000145866e-05,18539214.217974458,7.0408188159917824,2756596796808761.5,1.5051319310618743e-05,8.4184922757439954e-12,5.8826655857027422e-07,69877.899664436685,0.018128801882218121,-2.3588130769682785e-13
626,6.1535077249902217e-12,7.6369644807103836e-15,ELECTRODE_ATTACHMENT,CONFIRMED,6.3933849780793163e-05,18573364.645762887,7.05378845816323,2756938055763344.5,1.5050072266526119e-05,8.3899831723278209e-12,5.8831530214597021e-07,70121.15400736146,0.018221985507011935,-2.3657215067537787e-13
627,6.1611243553155143e-12,7.6166303252927242e-15,ELECTRODE_ATTACHMENT,CONFIRMED,6.393543806820567e-05,18607424.144718371,7.0667235674019224,2757278530286922,1.5048839826550131e-05,8.361722088252379e-12,5.8836348282336509e-07,70363.912674157589,0.018315178604294241,-2.3726308004347887e-13
628,6.1687208081685811e-12,7.596452853066457e-15,ELECTRODE_ATTACHMENT,CONFIRMED,6.3937024852855093e-05,18641393.415486064,7.0796244097987273,2757618207134011.5,1.5047621712096791e-05,8.3337056207326571e-12,5.8841111121780226e-07,70606.179051243249,0.018408380981526678,-2.3795410088374525e-13
629,6.1762972382551273e-12,7.5764300865465594e-15,ELECTRODE_ATTACHMENT,CONFIRMED,6.3938610124198597e-05,18675273.149868265,7.0924912480861737,2757957073205770,1.5046417648688184e-05,8.3059304303604104e-12,5.884581977938084e-07,70847.956496581697,0.018501592446086394,-2.386452182107351e-13
630,6.1838537983379097e-12,7.5565600827825308e-15,ELECTRODE_ATTACHMENT,CONFIRMED,6.3940193871984236e-05,18709064.030978963,7.1053243416971466,2758295115547517,1.5045227365880528e-05,8.2783932396178082e-12,5.8850475286797408e-07,71089.248340073274,0.018594812805261221,-2.3933643697216596e-13
631,6.1913906392704996e-12,7.5368409325898203e-15,ELECTRODE_ATTACHMENT,CONFIRMED,6.3941776086244115e-05,18742766.733394723,7.1181239468221902,2758632321346316,1.5044050597184407e-05,8.2510908314331042e-12,5.8855078661175997e-07,71330.057883938789,0.018688041866244755,-2.4002776205009918e-13
632,6.1989079100303023e-12,7.5172707598023949e-15,ELECTRODE_ATTACHMENT,CONFIRMED,6.3943356757287565e-05,18776381.923302557,7.1308903164656643,2758968677928603.5,1.5042887079986853e-05,8.2240200477766459e-12,5.8859630905424168e-07,71570.388403098317,0.018781279436132309,-2.4071919826209974e-13
633,6.2064057577508471e-12,7.497847720545165e-15,ELECTRODE_ATTACHMENT,CONFIRMED,6.3944935875694469e-05,18809910.258644011,7.143623700500469,2759304172757871.5,1.50417365554754e-05,8.1971777882965357e-12,5.886413300847869e-07,71810.243145539134,0.018874525321915577,-2.4141075036236908e-13
634,6.2138843277533727e-12,7.4785700025258194e-15,ELECTRODE_ATTACHMENT,CONFIRMED,6.394651343230889e-05,18843352.389256589,7.156324345721754,2759638793432399.5,1.5040598768563923e-05,8.17056100899182e-12,5.8868585945567368e-07,72049.625332681127,0.018967779330478857,-2.4210242304285148e-13
635,6.2213437635777182e-12,7.4594358243457365e-15,ELECTRODE_ATTACHMENT,CONFIRMED,6.3948089418232725e-05,18876708.957011908,7.168992495899384,2759972527683032.5,1.503947346782033e-05,8.1441667209225515e-12,5.8872990678464477e-07,72288.5381597339,0.019061041268594845,-2.4279422093431958e-13
636,6.2287842070125473e-12,7.4404434348287297e-15,ELECTRODE_ATTACHMENT,CONFIRMED,6.3949663824819692e-05,18909980.595950734,7.1816283918292259,2760305363371010,1.5038360405395947e-05,8.1179919889554935e-12,5.8877348155740498e-07,72526.984796046818,0.019154310942920298,-2.4348614860742983e-13
637,6.2362057981249154e-12,7.4215911123679827e-15,ELECTRODE_ATTACHMENT,CONFIRMED,6.3951236643669299e-05,18943167.93241531,7.1942322713834033,2760637288485835.5,1.5037259336956603e-05,8.0920339305440149e-12,5.8881659313006194e-07,72764.968385454689,0.019247588159992345,-2.4417821057284235e-13
638,6.2436086752892054e-12,7.4028771642896203e-15,ELECTRODE_ATTACHMENT,CONFIRMED,6.3952807866621188e-05,18976271.585178718,7.2068043695594239,2760968291143202.5,1.5036170021615405e-05,8.0662897145413987e-12,5.8885925073150737e-07,73002.492046615807,0.019340872726224635,-2.4487041128202479e-13
639,6.2509929752154384e-12,7.384299926233222e-15,ELECTRODE_ATTACHMENT,CONFIRMED,6.3954377485749288e-05,19009292.165571343,7.2193449185282121,2761298359582960.5,1.5035092221867134e-05,8.040756560046444e-12,5.8890146346574541e-07,73239.558873343616,0.019434164447903402,-2.4556275513141467e-13
640,6.2583588329769871e-12,7.3658577615482789e-15,ELECTRODE_ATTACHMENT,CONFIRMED,6.3955945493356534e-05,19042230.277605109,7.231854147681287,2761627482167104,1.5034025703523989e-05,8.0154317352799459e-12,5.8894324031417419e-07,73476.171934936312,0.019527463131184548,-2.4625524646134268e-13
641,6.2657063820376933e-12,7.3475490607062997e-15,ELECTRODE_ATTACHMENT,CONFIRMED,6.3957511881969508e-05,19075086.518094402,7.2443322836766884,2761955647377816.5,1.5032970235653039e-05,7.9903125564919032e-12,5.8898459013780993e-07,73712.334276495429,0.019620768582089294,-2.4694788955698045e-13
642,6.2730357542784213e-12,7.3293722407280395e-15,ELECTRODE_ATTACHMENT,CONFIRMED,6.3959076644333121e-05,19107861.476775035,7.2567795504841577,2762282843815555.5,1.5031925590515039e-05,7.9653963868975378e-12,5.890255216794636e-07,73948.048919243389,0.019714080606501459,-2.4764068864926789e-13
643,6.2803470800230469e-12,7.3113257446253554e-15,ELECTRODE_ATTACHMENT,CONFIRMED,6.3960639773405644e-05,19140555.736420292,7.2691961694292084,2762609060197176.5,1.5030891543504717e-05,7.9406806356420259e-12,5.890660435658689e-07,74183.318860832296,0.019807399010163658,-2.4833364791582015e-13
644,6.2876404880639041e-12,7.2934080408573876e-15,ELECTRODE_ATTACHMENT,CONFIRMED,6.3962201262353797e-05,19173169.872954946,7.2815823592364266,2762934285354094.5,1.5029867873092446e-05,7.9161627567923322e-12,5.8910616430976124e-07,74418.147075650821,0.019900723598674924,-2.4902677148181679e-13
645,6.2949161056867045e-12,7.2756176228004674e-15,ELECTRODE_ATTACHMENT,CONFIRMED,6.3963761104547846e-05,19205704.455566518,7.2939383360717285,2763258508230485,1.5028854360767245e-05,7.8918402483560486e-12,5.8914589231191282e-07,74652.53651512244,0.019994054177487064,-2.4972006342086988e-13
646,6.3021740586949364e-12,7.2579530082314872e-15,ELECTRODE_ATTACHMENT,CONFIRMED,6.3965319293556968e-05,19238160.04681436,7.3062643135837844,2763581717881518.5,1.502785079098111e-05,7.8677106513258552e-12,5.8918523586312141e-07,74886.490108000187,0.020087390551901702,-2.5041352775587515e-13
647,6.3094144714337603e-12,7.2404127388241562e-15,ELECTRODE_ATTACHMENT,CONFIRMED,6.3966875823144738e-05,19270537.202736609,7.3185605029446394,2763903903471633.5,1.5026856951094602e-05,7.8437715487489587e-12,5.8922420314615652e-07,75120.010760656936,0.020180732527067719,-2.5110716845984419e-13
648,6.3166374668134183e-12,7.2229953796580099e-15,ELECTRODE_ATTACHMENT,CONFIRMED,6.3968430687264547e-05,19302836.472954925,7.3308271128894908,2764225054272843,1.5025872631323669e-05,7.8200205648207767e-12,5.8926280223766355e-07,75353.101357370731,0.020274079907978589,-2.5180098945672074e-13
649,6.3238431663321578e-12,7.2056995187395277e-15,ELECTRODE_ATTACHMENT,CONFIRMED,6.3969983880055414e-05,19335058.400776703,7.3430643497555037,2764545159663073.5,1.502489762468773e-05,7.7964553640023816e-12,5.8930104111002363e-07,75585.76476060276,0.020367432499469009,-2.5249499462217741e-13
650,6.3310316900986934e-12,7.1885237665352989e-15,ELECTRODE_ATTACHMENT,CONFIRMED,6.3971535395837624e-05,19367203.523296002,7.3552724175201449,2764864209124540,1.502393172695882e-05,7.7730736501602176e-12,5.893389276331786e-07,75818.003811276285,0.020460790106213534,-2.5318918778439851e-13
651,6.33820315685421e-12,7.1714667555165078e-15,ELECTRODE_ATTACHMENT,CONFIRMED,6.3973085229108702e-05,19399272.371491384,7.3674515178383402,2765182192242151,1.5022974736612017e-05,7.7498731657286473e-12,5.8937646957641079e-07,76049.821329043305,0.020554152532722639,-2.5388357272484449e-13
652,6.3453576839939249e-12,7.1545271397148178e-15,ELECTRODE_ATTACHMENT,CONFIRMED,6.3974633374539361e-05,19431265.470322721,7.3796018500792382,2765499098701945,1.5022026454776857e-05,7.7268516908932509e-12,5.8941367461008932e-07,76281.220112554147,0.020647519583341354,-2.5457815317900075e-13
653,6.3524953875882143e-12,7.1377035942890779e-15,ELECTRODE_ATTACHMENT,CONFIRMED,6.3976179826969557e-05,19463183.338825654,7.3917236113620826,2765814918289559.5,1.502108668518989e-05,7.7040070427952822e-12,5.8945055030737747e-07,76512.202939719049,0.020740891062246865,-2.5527293283711429e-13
654,6.3596163824033168e-12,7.1209948151024688e-15,ELECTRODE_ATTACHMENT,CONFIRMED,6.3977724581404765e-05,19495026.490203902,7.4038169965912726,2766129640888728,1.502015523414832e-05,7.6813370747564163e-12,5.8948710414590169e-07,76742.772567964013,0.020834266773445551,-2.5596791534490917e-13
655,6.366720781921627e-12,7.104399518310152e-15,ELECTRODE_ATTACHMENT,CONFIRMED,6.3979267633012084e-05,19526795.431920253,7.4158821984909178,2766443256479808,1.5019231910464575e-05,7.6588396755227934e-12,5.8952334350939005e-07,76972.931734486148,0.020927646520771455,-2.5666310430429345e-13
656,6.3738086983615833e-12,7.0879164399566766e-15,ELECTRODE_ATTACHMENT,CONFIRMED,6.3980808977116775e-05,19558490.665785432,7.4279194076385879,2766755755138337,1.501831652542198e-05,7.6365127685282259e-12,5.8955927568927159e-07,77202.683156502666,0.021021030107884003,-2.5735850327404818e-13
657,6.3808802426971664e-12,7.0715443355831533e-15,ELECTRODE_ATTACHMENT,CONFIRMED,6.3982348609198608e-05,19590112.688045301,7.4399288124984295,2767067127033614.5,1.50174088927313e-05,7.6143543111758804e-12,5.895949078862459e-07,77432.02953149617,0.02111441733826596,-2.5805411577050356e-13
658,6.38793552467701e-12,7.0552819798439327e-15,ELECTRODE_ATTACHMENT,CONFIRMED,6.3983886524888453e-05,19621661.989466265,7.4519105994536048,2767377362427316,1.5016508828488355e-05,7.5923622941378274e-12,5.8963024721181559e-07,77660.97353745588,0.021207808015221406,-2.5874994526820126e-13
659,6.3949746528431426e-12,7.0391281661322071e-15,ELECTRODE_ATTACHMENT,CONFIRMED,6.3985422719964872e-05,19653139.055419039,7.4638649528380991,2767686451672128,1.5015616151132429e-05,7.5705347406720534e-12,5.8966530068979193e-07,77889.517833114922,0.02130120194187364,-2.5944599520054307e-13
660,6.4019977345493574e-12,7.0230817062148152e-15,ELECTRODE_ATTACHMENT,CONFIRMED,6.3986957190350887e-05,19684544.365961038,7.4757920549680144,2767994385210413.5,1.5014730681405649e-05,7.5488697059561295e-12,5.897000752577661e-07,78117.665058185754,0.021394598921164021,-2.60142268960429e-13
661,6.4090048759792326e-12,7.0071414298753642e-15,ELECTRODE_ATTACHMENT,CONFIRMED,6.3988489932110694e-05,19715878.395916738,7.4876920861720908,2768301153572901,1.5013852242313225e-05,7.5273652764375888e-12,5.897345777685509e-07,78345.417833588843,0.021487998755849627,-2.6083876990087851e-13
662,6.4159961821637988e-12,6.9913061845659824e-15,ELECTRODE_ATTACHMENT,CONFIRMED,6.3990020941446577e-05,19747141.614956625,7.4995652248216835,2768606747377398.5,1.5012980659084563e-05,7.5060195692001316e-12,5.8976881499159257e-07,78572.778761678666,0.021581401248501428,-2.6153550133564207e-13
663,6.4229717569988659e-12,6.9755748350672525e-15,ELECTRODE_ATTACHMENT,CONFIRMED,6.3991550214695844e-05,19778334.487674892,7.5114116473602754,2768911157327531.5,1.5012115759135165e-05,7.4848307313451366e-12,5.8980279361435482e-07,78799.750426468017,0.021674806201503135,-2.6223246653980157e-13
664,6.4299317032620215e-12,6.9599462631558291e-15,ELECTRODE_ATTACHMENT,CONFIRMED,6.3993077748327845e-05,19809457.473665338,7.5232315283323032,2769214374211506.5,1.5011257372029358e-05,7.4637969393883831e-12,5.8983652024367441e-07,79026.335393846908,0.021768213417049365,-2.6292966875035627e-13
665,6.4368761226293017e-12,6.9444193672801885e-15,ELECTRODE_ATTACHMENT,CONFIRMED,6.3994603538941003e-05,19840511.027595896,7.5350250404114565,2769516388900894.5,1.5010405329443844e-05,7.4429163986713564e-12,5.8987000140708793e-07,79252.536211798142,0.021861622697144079,-2.6362711116679877e-13
666,6.4438051156915453e-12,6.9289930622435142e-15,ELECTRODE_ATTACHMENT,CONFIRMED,6.399612758326008e-05,19871495.599281728,7.5467923544284412,2769817192349441,1.5009559465131975e-05,7.4221873427867358e-12,5.8990324355413369e-07,79478.355410609787,0.021955033843598898,-2.6432479695168053e-13
667,6.4507187819704393e-12,6.9136662788941039e-15,ELECTRODE_ATTACHMENT,CONFIRMED,6.3997649878133286e-05,19902411.633757163,7.5585336393983003,2770116775591895.5,1.5008719614888797e-05,7.4016080330175306e-12,5.8993625305762658e-07,79703.795503085828,0.022048446658032329,-2.6502272923116431e-13
668,6.4576172199342624e-12,6.898437963822938e-15,ELECTRODE_ATTACHMENT,CONFIRMED,6.3999170420529666e-05,19933259.571345821,7.5702490625470427,2770415129742862.5,1.5007885616516845e-05,7.3811767577899076e-12,5.8996903621490643e-07,79928.858984750361,0.022141860941867566,-2.6572091109556715e-13
669,6.4645005270133306e-12,6.8833070790679505e-15,ELECTRODE_ATTACHMENT,CONFIRMED,6.4000689207536362e-05,19964039.847730003,7.5819387893380012,2770712245995677,1.5007057309792591e-05,7.3608918321387137e-12,5.90001599249065e-07,80153.548334052815,0.022235276496331998,-2.6641934559989449e-13
670,6.4713687996151557e-12,6.8682726018252295e-15,ELECTRODE_ATTACHMENT,CONFIRMED,6.4002206236356106e-05,19994752.894018196,7.5936029834974645,2771008115621295.5,1.5006234536433672e-05,7.3407515971859896e-12,5.9003394831014384e-07,80377.866012565792,0.022328693122455279,-2.6711803576436006e-13
671,6.4782221331393226e-12,6.8533335241667552e-15,ELECTRODE_ATTACHMENT,CONFIRMED,6.4003721504304669e-05,20025399.136811763,7.6052418070400076,2771302729967213,1.500541714006672e-05,7.3207544196315611e-12,5.9006608947631234e-07,80601.81446518311,0.022422110621068504,-2.6781698457489906e-13
672,6.4850606219920871e-12,6.8384888527643933e-15,ELECTRODE_ATTACHMENT,CONFIRMED,6.4005235008808401e-05,20055978.998270068,7.6168554202932217,2771596080456395,1.5004604966195922e-05,7.3008986912557964e-12,5.900980287550202e-07,80825.396120312405,0.022515528792802567,-2.6851619498367079e-13
673,6.491884359600707e-12,6.8237376086202416e-15,ELECTRODE_ATTACHMENT,CONFIRMED,6.4006746747401758e-05,20086492.896174766,7.6284439819221372,2771888158586231.5,1.5003797862172159e-05,7.2811828284337833e-12,5.9012977208412919e-07,81048.61339006768,0.022608947438087688,-2.6921566990955208e-13
674,6.4986934384275102e-12,6.8090788268029598e-15,ELECTRODE_ATTACHMENT,CONFIRMED,6.4008256717725109e-05,20116941.243992582,7.6400076489530564,2772178955927510,1.5002995677162809e-05,7.2616052716610462e-12,5.9016132533302188e-07,81271.468670456423,0.022702366357151907,-2.6991541223861992e-13
675,6.5054879499837003e-12,6.7945115561899728e-15,ELECTRODE_ATTACHMENT,CONFIRMED,6.4009764917522243e-05,20147324.45093704,7.6515465767970046,2772468464123405,1.5002198262122184e-05,7.242164485090221e-12,5.9019269430368826e-07,81493.964341564628,0.02279578535002004,-2.7061542482462625e-13
676,6.5122679848429155e-12,6.7800348592154855e-15,ELECTRODE_ATTACHMENT,CONFIRMED,6.4011271344638308e-05,20177642.922029108,7.663060919272759,2772756674888488,1.5001405469762528e-05,7.2228589560784273e-12,5.9022388473179253e-07,81716.102767739518,0.022889204216512703,-2.7131571048946421e-13
677,6.5190336326545396e-12,6.7656478116239201e-15,ELECTRODE_ATTACHMENT,CONFIRMED,6.4012775997017467e-05,20207897.058156814,7.6745508286294895,2773043580007755,1.5000617154525626e-05,7.2036871947450144e-12,5.9025490228771875e-07,81937.886297770005,0.022982622756245689,-2.7201627202362443e-13
678,6.5257849821567688e-12,6.751349502229046e-15,ELECTRODE_ATTACHMENT,CONFIRMED,6.4014278872700866e-05,20238087.256133594,7.6860164555689172,2773329171335669.5,1.4999833172554964e-05,7.184647733539601e-12,5.9028575257759629e-07,82159.317265063059,0.023076040768628708,-2.7271711218664407e-13
679,6.5325221211894472e-12,6.7371390326781416e-15,ELECTRODE_ATTACHMENT,CONFIRMED,6.4015779969824515e-05,20268213.908755586,7.6974579492670756,2773613440795223.5,1.4999053381668472e-05,7.1657391268199795e-12,5.9031644114430605e-07,82380.397987817545,0.023169458052864234,-2.7341823370754613e-13
680,6.5392451367066684e-12,6.723015517221509e-15,ELECTRODE_ATTACHMENT,CONFIRMED,6.4017279286617183e-05,20298277.404858179,7.7088754573957869,2773896380377017,1.4998277641331794e-05,7.1469599504394458e-12,5.9034697346846684e-07,82601.130769197625,0.023262874407947352,-2.7411963928527113e-13
681,6.5459541147891556e-12,6.7089780824869581e-15,ELECTRODE_ATTACHMENT,CONFIRMED,6.4018776821398503e-05,20328278.129371267,7.7202691261436422,2774177982138350.5,1.4997505812632083e-05,7.1283088013437049e-12,5.9037735496940465e-07,82821.517897501428,0.023356289632664472,-2.7482133158910411e-13
682,6.5526491406564144e-12,6.6950258672590486e-15,ELECTRODE_ATTACHMENT,CONFIRMED,6.4020272572576909e-05,20358216.463373616,7.7316391002366549,2774458238202335.5,1.4996737758252335e-05,7.1097842971767769e-12,5.9040759100610128e-07,83041.561646328162,0.023449703525592704,-2.7552331325908696e-13
683,6.5593302986786782e-12,6.6811580222633928e-15,ELECTRODE_ATTACHMENT,CONFIRMED,6.4021766538647853e-05,20388092.784146268,7.7429855229585387,2774737140757021,1.4995973342446225e-05,7.0913850758958105e-12,5.9043768687812679e-07,83261.264274742614,0.023543115885099178,-2.7622558690642935e-13
684,6.565997672388634e-12,6.6673737099554312e-15,ELECTRODE_ATTACHMENT,CONFIRMED,6.4023258718191788e-05,20417907.465225022,7.7543085361706394,2775014682054534,1.4995212431013406e-05,7.0731097953945118e-12,5.9046764782655482e-07,83480.628027437648,0.023636526509340307,-2.7692815246052846e-13
685,6.5726513444929476e-12,6.6536721043136432e-15,ELECTRODE_ATTACHMENT,CONFIRMED,6.402474910987249e-05,20447660.876451839,7.765608280331457,2775290854410234.5,1.4994454891275363e-05,7.0549571331350657e-12,5.9049747903485823e-07,83699.655134892979,0.023729935196260831,-2.7763101438795279e-13
686,6.5792913968835853e-12,6.6400523906374705e-15,ELECTRODE_ATTACHMENT,CONFIRMED,6.4026237712434887e-05,20477353.384025667,7.776884894515951,2775565650201887.5,1.4993700592051639e-05,7.0369257857880612e-12,5.9052718562979201e-07,83918.347813534492,0.023823341743593539,-2.7833417595215221e-13
687,6.5859179106489349e-12,6.6265137653492656e-15,ELECTRODE_ATTACHMENT,CONFIRMED,6.4027724524703567e-05,20506985.350552004,7.7881385164343602,2775839061868847,1.4992949403636625e-05,7.019014468880619e-12,5.9055677268225603e-07,84136.708265888083,0.023916745948858311,-2.7903763965299941e-13
688,6.5925309660847351e-12,6.6130554358005813e-15,ELECTRODE_ATTACHMENT,CONFIRMED,6.4029209545581156e-05,20536557.135091864,7.7993692824507983,2776111081911255.5,1.4992201197776712e-05,7.0012219164521452e-12,5.9058624520814488e-07,84354.738680733499,0.024010147609361848,-2.7974140796346923e-13
689,6.5991306427048179e-12,6.5996766200826101e-15,ELECTRODE_ATTACHMENT,CONFIRMED,6.4030692774046634e-05,20566069.093209762,7.8105773276014823,2776381702889255.5,1.4991455847647962e-05,6.9835468807177077e-12,5.9061560816917935e-07,84572.441233254969,0.02410354652219707,-2.8044548333000497e-13
690,6.6057170192516583e-12,6.5863765468404308e-15,ELECTRODE_ATTACHMENT,CONFIRMED,6.4032174209153802e-05,20595521.577020887,7.821762785612643,2776650917422217.5,1.4990713227834127e-05,6.9659881317388058e-12,5.9064486647372564e-07,84789.818085189967,0.024196942484242479,-2.811498681728787e-13
691,6.61229017370675e-12,6.5731544550913421e-15,ELECTRODE_ATTACHMENT,CONFIRMED,6.4033653850029528e-05,20624914.93523765,7.8329257889182049,2776918718187978,1.4989973214305167e-05,6.948544457101188e-12,5.9067402497759706e-07,85006.871384977218,0.024290335292162263,-2.8185456488654391e-13
692,6.6188501833007969e-12,6.5600095940468966e-15,ELECTRODE_ATTACHMENT,CONFIRMED,6.4035131695872312e-05,20654249.513215017,7.8440664686770036,2777185097922092.5,1.4989235684396126e-05,6.931214661599963e-12,5.9070308848484229e-07,85223.603267899322,0.024383724742405001,-2.825595758399839e-13
693,6.6253971245237358e-12,6.5469412229387037e-15,ELECTRODE_ATTACHMENT,CONFIRMED,6.4036607745950755e-05,20683525.652995393,7.8551849547898307,2777450049417100.5,1.4988500516786425e-05,6.9139975669313031e-12,5.907320617485199e-07,85440.015856226193,0.024477110631203433,-2.8326490337705239e-13
694,6.6319310731345831e-12,6.5339486108476995e-15,ELECTRODE_ATTACHMENT,CONFIRMED,6.4038081999602e-05,20712743.693352837,7.866281375916226,2777713565521802.5,1.498776759147955e-05,6.896892011390769e-12,5.9076094947145762e-07,85656.111259356912,0.024570492754574683,-2.8397054981680834e-13
695,6.6384521041711203e-12,6.5210310365372075e-15,ELECTRODE_ATTACHMENT,CONFIRMED,6.4039554456230346e-05,20741903.969836235,7.8773558594908737,2777975639140549.5,1.4987036789783123e-05,6.879896849578276e-12,5.9078975630699907e-07,85871.891573957721,0.024663870908319452,-2.8467651745384717e-13
696,6.6449602919594092e-12,6.5081877882891573e-15,ELECTRODE_ATTACHMENT,CONFIRMED,6.4041025115305769e-05,20771006.814811744,7.8884085317397217,2778236263232545.5,1.4986307994289349e-05,6.8630109521094099e-12,5.9081848685973617e-07,86087.358884097746,0.024757244888021245,-2.8538280855862196e-13
697,6.651455710123153e-12,6.4954181637438507e-15,ELECTRODE_ATTACHMENT,CONFIRMED,6.4042493976362549e-05,20800052.557504799,7.899439517695936,2778495430811160,1.4985581088855827e-05,6.8462332053327084e-12,5.9084714568622919e-07,86302.515261385342,0.02485061448904664,-2.8608942537776261e-13
698,6.6579384315928962e-12,6.4827214697429847e-15,ELECTRODE_ATTACHMENT,CONFIRMED,6.4043961038997944e-05,20829041.524041303,7.9104489412155408,2778753134943252,1.49848559585867e-05,6.8295625110530564e-12,5.9087573729571477e-07,86517.362765101498,0.024943979506544992,-2.8679637013438896e-13
699,6.6644085286150715e-12,6.4700970221757491e-15,ELECTRODE_ATTACHMENT,CONFIRMED,6.4045426302870785e-05,20857974.037487898,7.9214369249927188,2779009368748507,1.49841324898142e-05,6.812997786261041e-12,5.909042661507987e-07,86731.903442329713,0.025037339735447681,-2.8750364502841685e-13
700,6.6708660727609e-12,6.4575441458282239e-15,ELECTRODE_ATTACHMENT,CONFIRMED,6.4046889767700236e-05,20886850.417891916,7.9324035905749755,2779264125398782.5,1.4983410570080494e-05,6.7965379628678446e-12,5.9093273666813989e-07,86946.139328086952,0.025130694970468305,-2.8821125223686057e-13
701,6.6773111349351357e-12,6.4450621742356887e-15,ELECTRODE_ATTACHMENT,CONFIRMED,6.4048351433264455e-05,20915670.982320361,7.9433490583779509,2779517398117467.5,1.4982690088119879e-05,6.780181987445891e-12,5.9096115321911985e-07,87160.072445450118,0.025224045006102001,-2.889191939141294e-13
702,6.6837437853846735e-12,6.4326504495379524e-15,ELECTRODE_ATTACHMENT,CONFIRMED,6.4049811299399389e-05,20944436.044898566,7.9542734477000963,2779769180178848.5,1.4981970933841322e-05,6.763928820974717e-12,5.9098952013050123e-07,87373.704805683723,0.025317389636625835,-2.8962747219231954e-13
703,6.6901640937070112e-12,6.4203083223376014e-15,ELECTRODE_ATTACHMENT,CONFIRMED,6.4051269365997525e-05,20973145.916847881,7.9651768767369893,2780019464907489.5,1.4981252998311291e-05,6.7477774385923698e-12,5.9101784168507523e-07,87587.038408363005,0.02541072865609809,-2.9033608918150038e-13
704,6.6965721288585726e-12,6.4080351515610989e-15,ELECTRODE_ATTACHMENT,CONFIRMED,6.4052725633006742e-05,21001800.906522922,7.9760594625954813,2780268245677620,1.4980536173736912e-05,6.7317268293518746e-12,5.9104612212229743e-07,87800.075241496816,0.02550406185835816,-2.9104504696999625e-13
705,6.7029679591628954e-12,6.3958303043225953e-15,ELECTRODE_ATTACHMENT,CONFIRMED,6.4054180100429044e-05,21030401.31944824,7.9869213213076202,2780515515912533.5,1.4979820353449439e-05,6.7157759959827093e-12,5.9107436563891273e-07,88012.817281649332,0.025597389037026599,-2.9175434762466437e-13
706,6.7093516523186858e-12,6.3836931557904864e-15,ELECTRODE_ATTACHMENT,CONFIRMED,6.4055632768319481e-05,21058947.458354294,7.9977625678443154,2780761269083997,1.4979105431888021e-05,6.6999239546572957e-12,5.9110257638956927e-07,88225.26649405896,0.025690709985504823,-2.9246399319116642e-13
707,6.7157232754077421e-12,6.371623089056603e-15,ELECTRODE_ATTACHMENT,CONFIRMED,6.4057083636785066e-05,21087439.62321293,8.00858331612881,2781005498711667.5,1.4978391304583762e-05,6.6841697347622091e-12,5.9113075848742164e-07,88437.424832756922,0.025784024496975227,-2.9317398569423643e-13
708,6.7220828949027499e-12,6.3596194950080242e-15,ELECTRODE_ATTACHMENT,CONFIRMED,6.4058532705983575e-05,21115878.11127219,8.019383679049902,2781248198362520.5,1.4977677868144052e-05,6.6685123786741913e-12,5.9115891600472517e-07,88649.294240682982,0.025877332364400759,-2.9388432713794526e-13
709,6.7284305766749512e-12,6.3476817722012591e-15,ELECTRODE_ATTACHMENT,CONFIRMED,6.4059979976122553e-05,21144263.217090581,8.0301637684749583,2781489361650285.5,1.4976965020237208e-05,6.6529509415406662e-12,5.9118705297341787e-07,88860.876649800295,0.02597063338052491,-2.9459501950595784e-13
710,6.7347663860016903e-12,6.3358093267391441e-15,ELECTRODE_ATTACHMENT,CONFIRMED,6.4061425447458224e-05,21172595.232570931,8.040923695262773,2781728982234892,1.4976252659577373e-05,6.6374844910646927e-12,5.9121517338569426e-07,89072.173981209518,0.026063927337871964,-2.9530606476178966e-13
711,6.7410903875738401e-12,6.3240015721498849e-15,ELECTRODE_ATTACHMENT,CONFIRMED,6.4062869120294435e-05,21200874.446993519,8.0516635692761493,2781967053821925,1.4975540685909697e-05,6.6221121072943654e-12,5.9124328119456806e-07,89283.188145260166,0.026157214028746708,-2.9601746484905585e-13
712,6.7474026455031086e-12,6.3122579292686527e-15,ELECTRODE_ATTACHMENT,CONFIRMED,6.4064310994981722e-05,21229101.147048619,8.0623834993942562,2782203570162086.5,1.4974828999995748e-05,6.6068328824165273e-12,5.9127138031442732e-07,89493.921041659953,0.026250493245233947,-2.9672922169171815e-13
713,6.7537032233292297e-12,6.3005778261213436e-15,ELECTRODE_ATTACHMENT,CONFIRMED,6.4065751071916267e-05,21257275.616868962,8.073083593524963,2782438525050667.5,1.4974117503599232e-05,6.5916459205543624e-12,5.9129947462157803e-07,89704.374559586373,0.026343764779199544,-2.9744133024950769e-13
714,6.7599921840270404e-12,6.2889606978106122e-15,ELECTRODE_ATTACHMENT,CONFIRMED,6.4067189351538933e-05,21285398.138061155,8.0837639586167658,2782671912327029.5,1.4973406099471905e-05,6.5765503375694e-12,5.9132756795478073e-07,89914.550577792281,0.02643702842228958,-2.9815379919515601e-13
715,6.7662695900134442e-12,6.277405986404198e-15,ELECTRODE_ATTACHMENT,CONFIRMED,6.4068625834333897e-05,21313468.989736877,8.0944247006706398,2782903725874090.5,1.4972694691339813e-05,6.5615452608672563e-12,5.913556641157755e-07,90124.450964712916,0.026530283965930386,-2.9886663057262969e-13
716,6.7725355031542695e-12,6.2659131408252111e-15,ELECTRODE_ATTACHMENT,CONFIRMED,6.4070060520828178e-05,21341488.448543426,8.1050659247516368,2783133959617823,1.4971983183889696e-05,6.5466298292074258e-12,5.9138376686980071e-07,90334.077578569486,0.026623531201328265,-2.9957982622955382e-13
717,6.7787899847710145e-12,6.2544816167446719e-15,ELECTRODE_ATTACHMENT,CONFIRMED,6.4071493411590723e-05,21369456.788694285,8.1156877350004919,2783362607526757,1.4971271482755641e-05,6.5318031925165167e-12,5.9141187994610336e-07,90543.432267476092,0.02671676991947107,-3.0029338799507478e-13
718,6.7850330956474907e-12,6.2431108764760736e-15,ELECTRODE_ATTACHMENT,CONFIRMED,6.4072924507231437e-05,21397374.28199828,8.1262902346447081,2783589663611492.5,1.4970559494506039e-05,6.5170645117057122e-12,5.9144000703843765e-07,90752.516869537634,0.026809999911126436,-3.0100731768008213e-13
719,6.7912648960363628e-12,6.231800388871846e-15,ELECTRODE_ATTACHMENT,CONFIRMED,6.4074353808400434e-05,21425241.197889213,8.1368735260097917,2783815121924218.5,1.4969847126630669e-05,6.5024129584913414e-12,5.914681518055591e-07,90961.333212953716,0.02690322096684309,-3.0172161707742816e-13
720,6.797485445665585e-12,6.220549629221917e-15,ELECTRODE_ATTACHMENT,CONFIRMED,6.4075781315787146e-05,21453057.803454507,8.1474377105301503,2784038976558241,1.4969134287528089e-05,6.4878477152192411e-12,5.9149631787170824e-07,91169.883116117504,0.026996432876950562,-3.0243628796214551e-13
721,6.8036948037447391e-12,6.2093580791540389e-15,ELECTRODE_ATTACHMENT,CONFIRMED,6.4077207030119424e-05,21480824.363463473,8.1579828887598165,2784261221647516,1.4968420886493173e-05,6.4733679746925695e-12,5.9152450882708811e-07,91378.168387713289,0.027089635431558918,-3.0315133209165793e-13
722,6.8098930289712754e-12,6.1982252265361439e-15,ELECTRODE_ATTACHMENT,CONFIRMED,6.407863095216281e-05,21508541.140395485,8.1685091603831488,2784481851366192.5,1.496770683370493e-05,6.4589729400027432e-12,5.9155272822833205e-07,91586.190826816004,0.02718282842055994,-3.038667512059912e-13
723,6.8160801795366562e-12,6.187150565380456e-15,ELECTRODE_ATTACHMENT,CONFIRMED,6.4080053082719667e-05,21536208.394467205,8.1790166242251772,2784700859928160,1.4966992040214467e-05,6.4446618243640083e-12,5.9158097959896591e-07,91793.952222985128,0.027276011633626241,-3.0458254702797894e-13
724,6.8222563131324058e-12,6.1761335957492891e-15,ELECTRODE_ATTACHMENT,CONFIRMED,6.408147342262845e-05,21563826.383659564,8.1895053782618454,2784918241586604.5,1.4966276417933238e-05,6.4304338509510597e-12,5.9160926642986035e-07,92001.4543563591,0.027369184860211344,-3.052987212634629e-13
725,6.8284214869560683e-12,6.1651738236628406e-15,ELECTRODE_ATTACHMENT,CONFIRMED,6.4082891972762877e-05,21591395.363744762,8.1999755196302626,2785133990633571,1.4965559879621385e-05,6.416288252739636e-12,5.9163759217967885e-07,92208.698997751635,0.027462347889550865,-3.0601527560149641e-13
726,6.834575757717077e-12,6.154270761008406e-15,ELECTRODE_ATTACHMENT,CONFIRMED,6.4084308734031197e-05,21618915.588312149,8.2104271446385386,2785348101399532.5,1.4964842338876399e-05,6.4022242723505241e-12,5.9166596027531531e-07,92415.687908741442,0.027555500510661683,-3.0673221171453724e-13
727,6.8407191816425284e-12,6.1434239254515724e-15,ELECTRODE_ATTACHMENT,CONFIRMED,6.4085723707375488e-05,21646387.30879429,8.2208603487756804,2785560568252965.5,1.4964123710121851e-05,6.3882411618962742e-12,5.9169437411232833e-07,92622.422841765539,0.027648642512342666,-3.0744953125864324e-13
728,6.846851814482877e-12,6.132632840348734e-15,ELECTRODE_ATTACHMENT,CONFIRMED,6.408713689377088e-05,21673810.77449223,8.2312752267211859,2785771385599932,1.4963403908596418e-05,6.3743381828310592e-12,5.9172283705536433e-07,92828.905540207808,0.027741773683174396,-3.0816723587366084e-13
729,6.8529737115175386e-12,6.1218970346615259e-15,ELECTRODE_ATTACHMENT,CONFIRMED,6.408854829422491e-05,21701186.232600775,8.241671872354642,2785980547883668,1.4962682850343031e-05,6.36051460580319e-12,5.9175135243857769e-07,93035.137738490084,0.027834893811520059,-3.08885327183414e-13
730,6.8590849275604111e-12,6.1112160428725556e-15,ELECTRODE_ATTACHMENT,CONFIRMED,6.4089957909776703e-05,21728513.928233005,8.2520503787650465,2786188049584178.5,1.4961960452198228e-05,6.3467697105106422e-12,5.9177992356604132e-07,93241.121162158641,0.027928002685525078,-3.0960380679588684e-13
731,6.8651855169653136e-12,6.1005894049028606e-15,ELECTRODE_ATTACHMENT,CONFIRMED,6.4091365741496476e-05,21755794.104444597,8.2624108382600294,2786393885217837,1.496123663178165e-05,6.333102785559249e-12,5.9180855371215427e-07,93446.857527971457,0.028021100093117198,-3.1032267630340725e-13
732,6.8712755336313446e-12,6.0900166660307195e-15,ELECTRODE_ATTACHMENT,CONFIRMED,6.4092771790484694e-05,21783027.002257973,8.2727533423750366,2786598049336993.5,1.4960511307485798e-05,6.3195131283234225e-12,5.9183724612203775e-07,93652.348543985572,0.028114185822007712,-3.1104193728282284e-13
733,6.8773550310081566e-12,6.0794973768121357e-15,ELECTRODE_ATTACHMENT,CONFIRMED,6.4094176057871542e-05,21810212.860685579,8.2830779818821636,2786800536529587,1.4959784398465862e-05,6.3060000448098351e-12,5.9186600401192975e-07,93857.595909639451,0.028207259659690263,-3.1176159129567993e-13
734,6.8834240621011593e-12,6.0690310930024611e-15,ELECTRODE_ATTACHMENT,CONFIRMED,6.4095578544816196e-05,21837351.916753504,8.2933848467991265,2787001341418763,1.4959055824629741e-05,6.2925628495232617e-12,5.9189483056957268e-07,94062.601315840002,0.028300321393442501,-3.1248163988839449e-13
735,6.8894826794766394e-12,6.0586173754797666e-15,ELECTRODE_ATTACHMENT,CONFIRMED,6.4096979252506263e-05,21864444.405524097,8.3036740263978555,2787200458662498,1.4958325506628307e-05,6.2792008653352692e-12,5.9192372895459109e-07,94267.366445043022,0.028393370810325412,-3.1320208459242396e-13
736,6.8955309352668086e-12,6.0482557901692858e-15,ELECTRODE_ATTACHMENT,CONFIRMED,6.4098378182157135e-05,21891490.560118638,8.3139456092130981,2787397882953229.5,1.4957593365845717e-05,6.2659134233551847e-12,5.9195270229886855e-07,94471.892971335998,0.028486407697183816,-3.139229269244349e-13
737,6.9015688811747783e-12,6.0379459079694446e-15,ELECTRODE_ATTACHMENT,CONFIRMED,6.4099775335011374e-05,21918490.611739591,8.32419968305088,2787593609017491.5,1.4956859324389955e-05,6.2526998628034777e-12,5.9198175370691579e-07,94676.182560519257,0.028579431840646773,-3.1464416838646754e-13
738,6.907596568479457e-12,6.0276873046790776e-15,ELECTRODE_ATTACHMENT,CONFIRMED,6.410117071233812e-05,21945444.789692577,8.3344363349968393,2787787631615553,1.49561233050835e-05,6.2395595308874801e-12,5.9201088625623414e-07,94880.236870186549,0.028672443027128118,-3.1536581046610126e-13
739,6.9136140480403833e-12,6.0174795609259407e-15,ELECTRODE_ATTACHMENT,CONFIRMED,6.4102564315432576e-05,21972353.321407825,8.3446556514243788,2787979945541066.5,1.4955385231454155e-05,6.2264917826795204e-12,5.9204010299767331e-07,95084.057549802732,0.028765441042826086,-3.1608785463661208e-13
740,6.91962137030248e-12,6.0073222620965599e-15,ELECTRODE_ATTACHMENT,CONFIRMED,6.4103956145615353e-05,21999216.432461474,8.3548577180027586,2788170545620717.5,1.4954645027726052e-05,6.2134959809971732e-12,5.9206940695578223e-07,95287.646240782458,0.028858425673724028,-3.1681030235713286e-13
741,6.9256185853007474e-12,5.9972149982672656e-15,ELECTRODE_ATTACHMENT,CONFIRMED,6.4105346204231946e-05,22026034.34659674,8.3650426197051271,2788359426713880.5,1.4953902618810709e-05,6.2005714962856947e-12,5.9209880112915824e-07,95491.004576568623,0.028951396705590937,-3.175331550728075e-13
742,6.931605742664884e-12,5.987157364136485e-15,ELECTRODE_ATTACHMENT,CONFIRMED,6.4106734492652218e-05,22052807.285744317,8.3752104408162769,2788546583712280.5,1.4953157930298375e-05,6.1877177065027472e-12,5.9212828849078596e-07,95694.134182707014,0.029044353923981362,-3.1825641421494539e-13
743,6.937582891623842e-12,5.9771489589581631e-15,ELECTRODE_ATTACHMENT,CONFIRMED,6.4108121012269815e-05,22079535.470042918,8.3853612649404425,2788732011539660,1.4952410888449384e-05,6.1749339970050986e-12,5.9215787198837541e-07,95897.036676922799,0.029137297114235947,-3.1898008120117228e-13
744,6.9435500810103184e-12,5.9671893864763594e-15,ELECTRODE_ATTACHMENT,CONFIRMED,6.4109505764501696e-05,22106219.117859367,8.3954951750089286,2788915705151448.5,1.4951661420185709e-05,6.1622197604374084e-12,5.9218755454469256e-07,96099.713669195364,0.029230226061481939,-3.1970415743557824e-13
745,6.9495073592651798e-12,5.9572782548610792e-15,ELECTRODE_ATTACHMENT,CONFIRMED,6.4110888750787572e-05,22132858.445808183,8.4056122532875523,2789097659534439,1.4950909453082666e-05,6.1495743966231403e-12,5.9221733905788541e-07,96302.166761830595,0.029323140550632926,-3.2042864430886532e-13
746,6.9554547744418245e-12,5.9474151766450558e-15,ELECTRODE_ATTACHMENT,CONFIRMED,6.4112269972589408e-05,22159453.668771323,8.4157125813841347,2789277869706468,1.4950154915360709e-05,6.1369973124572619e-12,5.9224722840180493e-07,96504.397549535235,0.02941604036638984,-3.2115354319849114e-13
747,6.9613923742104862e-12,5.9375997686618175e-15,ELECTRODE_ATTACHMENT,CONFIRMED,6.4113649431390976e-05,22186004.999917384,8.4257962402558011,2789456330716101.5,1.4949397735877354e-05,6.1244879218009637e-12,5.9227722542632343e-07,96706.407619489386,0.029508925293241325,-3.2187885546881206e-13
748,6.9673202058624709e-12,5.9278316519846545e-15,ELECTRODE_ATTACHMENT,CONFIRMED,6.411502712869727e-05,22212512.650720373,8.4358633102161065,2789633037642323.5,1.4948637844119287e-05,6.1120456453783992e-12,5.9230733295764407e-07,96908.198551415451,0.029601795115463347,-3.2260458247122204e-13
749,6.9732383163143375e-12,5.9181104518667283e-15,ELECTRODE_ATTACHMENT,CONFIRMED,6.4116403066034184e-05,22238976.830978625,8.4459138709422152,2789807985594230,1.4947875170194535e-05,6.0996699106750012e-12,5.9233755379860922e-07,97109.771917651204,0.029694649617120504,-3.2333072554429303e-13
750,6.9791467521120198e-12,5.908435797682188e-15,ELECTRODE_ATTACHMENT,CONFIRMED,6.4117777244947896e-05,22265397.748833105,8.4559480014818593,2789981169710728.5,1.4947109644824801e-05,6.0873601518378569e-12,5.9236789072900274e-07,97311.129283217917,0.029787488582065914,-3.2405728601390812e-13
751,6.9850455594348886e-12,5.8988073228683477e-15,ELECTRODE_ATTACHMENT,CONFIRMED,6.4119149667004444e-05,22291775.610785637,8.4659657802602588,2790152585160239.5,1.4946341199337886e-05,6.0751158095777228e-12,5.9239834650584825e-07,97512.272205889923,0.029880311793941704,-3.2478426519339837e-13
752,6.9909347840997573e-12,5.8892246648687192e-15,ELECTRODE_ATTACHMENT,CONFIRMED,6.4120520333789418e-05,22318110.621716786,8.4759672850869094,2790322227140404,1.4945569765660252e-05,6.0629363310728312e-12,5.9242892386370311e-07,97713.202236262528,0.029973119036179441,-3.2551166438367326e-13
753,6.9968144715648341e-12,5.879687465077132e-15,ELECTRODE_ATTACHMENT,CONFIRMED,6.4121889246907302e-05,22344402.984903444,8.485952593162267,2790490090877794.5,1.4944795276309724e-05,6.0508211698744183e-12,5.924596255149465e-07,97913.920917818614,0.030065910092000263,-3.2623948487335157e-13
754,7.0026846669336171e-12,5.8701953687828175e-15,ELECTRODE_ATTACHMENT,CONFIRMED,6.4123256407981187e-05,22358647.788733751,8.4913624817184541,2790656171627630.5,1.4944779598019085e-05,6.0442758868746444e-12,5.9246024705333316e-07,98020.053707323517,0.030116282724680855,-3.268072302848829e-13
755,7.0085497319598443e-12,5.865065026227248e-15,ELECTRODE_ATTACHMENT,CONFIRMED,6.4124622285577097e-05,22358647.760493562,8.4913624709934012,2790819313931793.5,1.4945653274543038e-05,6.0442758998377359e-12,5.9242561366530276e-07,98014.323548864966,0.030116354508393155,-3.2718484834218833e-13
756,7.0144147970003427e-12,5.8650650404982412e-15,ELECTRODE_ATTACHMENT,CONFIRMED,6.4125987427669009e-05,22358647.732305404,8.4913624602881086,2790978152407597.5,1.4946503902804888e-05,6.0442759127769385e-12,5.9239189782290212e-07,98008.745194879404,0.030116382834312106,-3.2756246964797926e-13
757,7.0202798620551408e-12,5.8650650547981784e-15,ELECTRODE_ATTACHMENT,CONFIRMED,6.4127351824453852e-05,22358647.704169553,8.4913624496026809,2791132686805240,1.4947331481466837e-05,6.0442759256921311e-12,5.9235909926653385e-07,98003.318602418483,0.030116367701183883,-3.2794009349997983e-13
758,7.0261449271242683e-12,5.865065069127092e-15,ELECTRODE_ATTACHMENT,CONFIRMED,6.4128715466248021e-05,22358647.676086191,8.4913624389371893,2791282916887618,1.4948136009259097e-05,6.0442759385832328e-12,5.9232721774243865e-07,97998.04372949907,0.030116309107881215,-3.2831771919555682e-13
759,7.0320099922077535e-12,5.8650650834849545e-15,ELECTRODE_ATTACHMENT,CONFIRMED,6.4130078343485925e-05,22358647.648055434,8.4913624282916729,2791428842430330,1.494891748497993e-05,6.0442759514501888e-12,5.9229625300268943e-07,97992.920535102501,0.030116207053403506,-3.2869534603171834e-13
760,7.0378750573056255e-12,5.865065097871814e-15,ELECTRODE_ATTACHMENT,CONFIRMED,6.4131440446718891e-05,22358647.620077439,8.4913624176661973,2791570463221679,1.4949675907495621e-05,6.0442759642929223e-12,5.9226620480518893e-07,97987.948979175053,0.030116061536877271,-3.2907297330512109e-13
761,7.0437401224179134e-12,5.8650651122876633e-15,ELECTRODE_ATTACHMENT,CONFIRMED,6.4132801766613728e-05,22358647.592152417,8.4913624070608371,2791707779062675.5,1.4950411275740488e-05,6.0442759771113404e-12,5.9223707291366515e-07,97983.129022626963,0.030115872557556024,-3.2945060031206966e-13
762,7.0496051875446463e-12,5.8650651267324953e-15,ELECTRODE_ATTACHMENT,CONFIRMED,6.4134162293951572e-05,22358647.564280551,8.491362396475667,2791840789767039,1.4951123588716937e-05,6.0442759899053575e-12,5.9220885709766519e-07,97978.460627331166,0.030115640114820298,-3.2982822634851912e-13
763,7.0554702526858524e-12,5.8650651412063464e-15,ELECTRODE_ATTACHMENT,CONFIRMED,6.4135522019626603e-05,22358647.536462013,8.4913623859107474,2791969495161200,1.4951812845495417e-05,6.0442760026748976e-12,5.9218155713255413e-07,97973.943756122957,0.030115364208177425,-3.3020585071007841e-13
764,7.0613353178415616e-12,5.8650651557092117e-15,ELECTRODE_ATTACHMENT,CONFIRMED,6.4136880934644822e-05,22358647.508696947,8.4913623753661369,2792093895084303,1.4952479045214496e-05,6.0442760154198913e-12,5.9215517279950724e-07,97969.578372798831,0.030115044837261792,-3.3058347269201178e-13
765,7.0672003830118031e-12,5.8650651702411056e-15,ELECTRODE_ATTACHMENT,CONFIRMED,6.4138239030122791e-05,22358647.480985466,8.4913623648418763,2792213989388208,1.4953122187080821e-05,6.0442760281402885e-12,5.9212970388550897e-07,97965.364442116042,0.030114682001834661,-3.3096109158924143e-13
766,7.073065448196605e-12,5.8650651848020422e-15,ELECTRODE_ATTACHMENT,CONFIRMED,6.4139596297286495e-05,22358647.453327894,8.4913623543380901,2792329777937493,1.4953742270369139e-05,6.0442760408359381e-12,5.9210515018334818e-07,97961.30192979383,0.030114275701785109,-3.3133870669635082e-13
767,7.0789305133959973e-12,5.8650651993920175e-15,ELECTRODE_ATTACHMENT,CONFIRMED,6.4140952727470218e-05,22358647.425724301,8.4913623438548029,2792441260609456.5,1.4954339294422329e-05,6.0442760535068127e-12,5.9208151149161344e-07,97957.390802508962,0.030113825937128361,-3.3171631730758535e-13
768,7.0847955786100082e-12,5.8650652140110403e-15,ELECTRODE_ATTACHMENT,CONFIRMED,6.4142308312115161e-05,22358647.398174919,8.4913623333921056,2792548437294119,1.4954913258651407e-05,6.0442760661527984e-12,5.9205878761468971e-07,97953.631027898606,0.030113332708007468,-3.3209392271685514e-13
769,7.0906606438386676e-12,5.8650652286591508e-15,ELECTRODE_ATTACHMENT,CONFIRMED,6.4143663042768475e-05,22358647.370679855,8.4913623229500352,2792651307894224.5,1.495546416253551e-05,6.044276078773854e-12,5.9203697836275551e-07,97950.022574557268,0.030112796014692002,-3.3247152221773905e-13
770,7.0965257090820039e-12,5.8650652433363142e-15,ELECTRODE_ATTACHMENT,CONFIRMED,6.4145016911082035e-05,22358647.343239333,8.4913623125286808,2792749872325244,1.4955992005621948e-05,6.0442760913698744e-12,5.920160835517776e-07,97946.565412038137,0.030112215857579255,-3.3284911510348452e-13
771,7.1023907743400468e-12,5.8650652580425621e-15,ELECTRODE_ATTACHMENT,CONFIRMED,6.4146369908811365e-05,22358647.315853491,8.4913623021280902,2792844130515376.5,1.495649678752618e-05,6.0442761039407942e-12,5.919961030035091e-07,97943.259510851087,0.030111592237193292,-3.3322670066701166e-13
772,7.1082558396128247e-12,5.8650652727779032e-15,ELECTRODE_ATTACHMENT,CONFIRMED,6.4147722027814457e-05,22358647.288522497,8.4913622917483309,2792934082405550.5,1.4956978507931849e-05,6.0442761164865359e-12,5.9197703654548459e-07,97940.104842462693,0.030110925154185595,-3.3360427820091508e-13
773,7.1141209049003667e-12,5.8650652875423454e-15,ELECTRODE_ATTACHMENT,CONFIRMED,6.4149073260050626e-05,22358647.261246551,8.4913622813894793,2793019727949426.5,1.4957437166590767e-05,6.0442761290070082e-12,5.9195888401101846e-07,97937.101379296044,0.030110214609334898,-3.3398184699746631e-13
774,7.1199859702027026e-12,5.8650653023358879e-15,ELECTRODE_ATTACHMENT,CONFIRMED,6.415042359757958e-05,22358647.234025858,8.4913622710516101,2793101067113398.5,1.4957872763322949e-05,6.0442761415021183e-12,5.9194164523919965e-07,97934.249094729617,0.030109460603547248,-3.343594063486159e-13
775,7.1258510355198615e-12,5.8650653171585653e-15,ELECTRODE_ATTACHMENT,CONFIRMED,6.4151773032560181e-05,22358647.206860505,8.491362260734757,2793178099876596,1.4958285298016611e-05,6.0442761539718272e-12,5.9192532007488983e-07,97931.547963096062,0.030108663137855502,-3.347369555459962e-13
776,7.1317161008518716e-12,5.8650653320103486e-15,ELECTRODE_ATTACHMENT,CONFIRMED,6.4153121557249422e-05,22358647.179750733,8.491362250439014,2793250826230885.5,1.4958674770628168e-05,6.044276166416022e-12,5.9190990836871984e-07,97928.997959683766,0.03010782221342042,-3.3511449388092349e-13
777,7.137581166198763e-12,5.8650653468912843e-15,ELECTRODE_ATTACHMENT,CONFIRMED,6.4154469164001468e-05,22358647.15269671,8.4913622401644435,2793319246180872.5,1.4959041181182271e-05,6.0442761788346251e-12,5.9189540997708646e-07,97926.599060734457,0.030106937831529738,-3.3549202064440034e-13
778,7.1434462315605646e-12,5.8650653618013502e-15,ELECTRODE_ATTACHMENT,CONFIRMED,6.4155815845266424e-05,22358647.125698566,8.4913622299110934,2793383359743902.5,1.4959384529771789e-05,6.0442761912275808e-12,5.9188182476214979e-07,97924.35124344306,0.030106009993598418,-3.358695351271177e-13
779,7.1493112969373055e-12,5.8650653767405653e-15,ELECTRODE_ATTACHMENT,CONFIRMED,6.4157161593589478e-05,22358647.098756537,8.4913622196790559,2793443166950062.5,1.4959704816557823e-05,6.0442762035947759e-12,5.918691525918303e-07,97922.25448595843,0.030105038701169162,-3.3624703661945797e-13
780,7.1551763623290141e-12,5.8650653917089462e-15,ELECTRODE_ATTACHMENT,CONFIRMED,6.4158506401609805e-05,22358647.071870737,8.4913622094683721,2793498667842184,1.4960002041769737e-05,6.0442762159361612e-12,5.9185739333980519e-07,97920.308767380848,0.030104023955911569,-3.3662452441149666e-13
781,7.1610414277357209e-12,5.8650654067064944e-15,ELECTRODE_ATTACHMENT,CONFIRMED,6.4159850262059565e-05,22358647.045041356,8.4913621992791164,2793549862475843,1.4960276205705135e-05,6.0442762282516486e-12,5.9184654688550716e-07,97918.514067763434,0.030102965759622943,-3.3700199779300435e-13
782,7.1669064931574543e-12,5.8650654217332281e-15,ELECTRODE_ATTACHMENT,CONFIRMED,6.4161193167762897e-05,22358647.018268593,8.4913621891113618,2793596750919362,1.496052730872988e-05,6.0442762405411485e-12,5.9183661311412057e-07,97916.870368110933,0.030101864114227946,-3.3737945605345157e-13
783,7.1727715585942434e-12,5.8650654367891299e-15,ELECTRODE_ATTACHMENT,CONFIRMED,6.4162535111634962e-05,22358646.99155261,8.4913621789651721,2793639333253811.5,1.4960755351278115e-05,6.0442762528045801e-12,5.9182759191657903e-07,97915.377650379145,0.030100719021778619,-3.377568984820073e-13
784,7.178636624046118e-12,5.8650654518742433e-15,ELECTRODE_ATTACHMENT,CONFIRMED,6.4163876086681013e-05,22358646.964893498,8.4913621688405794,2793677609573010.5,1.4960960333852253e-05,6.0442762650419079e-12,5.9181948318956358e-07,97914.035897474023,0.030099530484454108,-3.381343243675441e-13
785,7.1845016895131065e-12,5.8650654669885469e-15,ELECTRODE_ATTACHMENT,CONFIRMED,6.4165216085995254e-05,22358646.938291598,8.491362158737715,2793711579983529.5,1.4961142257022974e-05,6.0442762772529759e-12,5.9181228683550005e-07,97912.845093253913,0.030098298504561902,-3.385117329986402e-13
786,7.1903667549952386e-12,5.8650654821320762e-15,ELECTRODE_ATTACHMENT,CONFIRMED,6.4166555102760126e-05,22358646.911746968,8.4913621486566022,2793741244604690.5,1.4961301121429279e-05,6.0442762894377559e-12,5.9180600276255545e-07,97911.805222524956,0.030097023084536004,-3.388891236635804e-13
787,7.1962318204925436e-12,5.865065497304813e-15,ELECTRODE_ATTACHMENT,CONFIRMED,6.4167893130245214e-05,22358646.885259807,8.4913621385973137,2793766603568569,1.4961436927778451e-05,6.0442763015961533e-12,5.9180063088463756e-07,97910.916271044189,0.030095704226938393,-3.3926649565035999e-13
788,7.2020968860050504e-12,5.8650655125067725e-15,ELECTRODE_ATTACHMENT,CONFIRMED,6.416923016180635e-05,22358646.858830251,8.4913621285599028,2793787657019994,1.4961549676846067e-05,6.0442763137281108e-12,5.9179617112139186e-07,97910.178225517273,0.030094341934458268,-3.3964384824668624e-13
789,7.2079619515327881e-12,5.8650655277379702e-15,ELECTRODE_ATTACHMENT,CONFIRMED,6.4170566190884708e-05,22358646.832458548,8.4913621185444619,2793804405116550,1.4961639369476022e-05,6.0442763258335089e-12,5.9179262339819963e-07,97909.591073599891,0.030092936209912796,-3.4002118073998093e-13
790,7.2138270170757867e-12,5.8650655429984127e-15,ELECTRODE_ATTACHMENT,CONFIRMED,6.4171901211005906e-05,22358646.806144793,8.49136210855103,2793816848028579,1.4961706006580527e-05,6.0442763379123088e-12,5.9178998764617559e-07,97909.15480389497,0.030091487056246091,-3.4039849241738283e-13
791,7.2196920826340752e-12,5.8650655582881068e-15,ELECTRODE_ATTACHMENT,CONFIRMED,6.4173235215779102e-05,22358646.779889159,8.4913620985796712,2793824985939179.5,1.4961749589140114e-05,6.0442763499644305e-12,5.9178826380216612e-07,97908.869405954392,0.030089994476530095,-3.4077578256575019e-13
792,7.2255571482076819e-12,5.8650655736070551e-15,ELECTRODE_ATTACHMENT,CONFIRMED,6.4174568198896041e-05,22358646.75369193,8.4913620886304937,2793828819044209.5,1.4961770118203637e-05,6.0442763619897399e-12,5.9178745180874801e-07,97908.734870279004,0.030088458473964703,-3.41153050471663e-13
793,7.2314222137966375e-12,5.8650655889552702e-15,ELECTRODE_ATTACHMENT,CONFIRMED,6.4175900154130259e-05,22358646.727553152,8.4913620787035136,2793828347552286.5,1.4961767594888279e-05,6.0442763739882225e-12,5.9178755161422599e-07,97908.751188315378,0.030086879051876514,-3.4153029542142448e-13
794,7.2372872794009702e-12,5.865065604332759e-15,ELECTRODE_ATTACHMENT,CONFIRMED,6.4177231075336239e-05,22358646.701473117,8.4913620687988427,2793823571684788,1.4961742020379576e-05,6.0442763859597353e-12,5.9178856317263062e-07,97908.918352459485,0.030085256213720619,-3.4190751670106513e-13
795,7.24315234502071e-12,5.8650656197395399e-15,ELECTRODE_ATTACHMENT,CONFIRMED,6.4178560956448455e-05,22358646.675451849,8.4913620589164918,2793814491675853.5,1.4961693395931389e-05,6.044276397904275e-12,5.917904864437181e-07,97909.236356052308,0.030083589963078701,-3.4228471359634372e-13
796,7.2490174106558859e-12,5.8650656351755914e-15,ELECTRODE_ATTACHMENT,CONFIRMED,6.4179889791480578e-05,22358646.649489641,8.4913620490565709,2793801107772385,1.4961621722865922e-05,6.044276409821706e-12,5.9179332139296782e-07,97909.705193383852,0.030081880303660997,-3.4266188539274992e-13
797,7.254882476306527e-12,5.8650656506409594e-15,ELECTRODE_ATTACHMENT,CONFIRMED,6.4181217574524628e-05,22358646.623586629,8.4913620392191298,2793783420234047.5,1.496152700257375e-05,6.044276421711962e-12,5.9179706799158022e-07,97910.324859689572,0.030080127239304862,-3.4303903137550756e-13
798,7.2607475419726624e-12,5.8650656661356162e-15,ELECTRODE_ATTACHMENT,CONFIRMED,6.4182544299750186e-05,22358646.597742986,8.491362029404236,2793761429333270,1.4961409236513791e-05,6.0442764335749679e-12,5.9180172621647675e-07,97911.095351151525,0.030078330773975342,-3.4341615082957578e-13
799,7.266612607654322e-12,5.8650656816595887e-15,ELECTRODE_ATTACHMENT,CONFIRMED,6.4183869961403472e-05,22358646.571958873,8.4913620196119517,2793735135355246,1.4961268426213317e-05,6.0442764454106454e-12,5.9180729605029797e-07,97912.016664898067,0.030076490911765119,-3.4379324303965097e-13
800,7.2724776733515349e-12,5.8650656972128902e-15,ELECTRODE_ATTACHMENT,CONFIRMED,6.4185194553806682e-05,22358646.546234492,8.4913620098423515,2793704538597934,1.4961104573267966e-05,6.0442764572189063e-12,5.9181377748140249e-07,97913.08879900373,0.030074607656894618,-3.4417030729017216e-13
801,7.2783427390643308e-12,5.865065712795516e-15,ELECTRODE_ATTACHMENT,CONFIRMED,6.4186518071357039e-05,22358646.520569973,8.4913620000954868,2793669639372059.5,1.4960917679341744e-05,6.0442764689996877e-12,5.9182117050386509e-07,97914.311752488386,0.030072681013711699,-3.4454734286531924e-13
802,7.2842078047927382e-12,5.8650657284074717e-15,ELECTRODE_ATTACHMENT,CONFIRMED,6.4187840508526074e-05,22358646.494965535,8.4913619903714377,2793630438001114,1.4960707746167024e-05,6.0442764807528927e-12,5.9182947511747688e-07,97915.685525318142,0.030070710986692183,-3.4492434904901871e-13
803,7.2900728705367878e-12,5.8650657440487612e-15,ELECTRODE_ATTACHMENT,CONFIRMED,6.4189161859858868e-05,22358646.469421357,8.4913619806702751,2793586934821356,1.4960474775544553e-05,6.0442764924784323e-12,5.9183869132774315e-07,97917.21011840443,0.030068697580439445,-3.4530132512494346e-13
804,7.2959379362965069e-12,5.8650657597194144e-15,ELECTRODE_ATTACHMENT,CONFIRMED,6.419048211997321e-05,22358646.443937529,8.4913619709920329,2793539130181812,1.4960218769343457e-05,6.0442765041762703e-12,5.9184881914588305e-07,97918.885533603127,0.030066640799684189,-3.4567827037651714e-13
805,7.3018030020719262e-12,5.8650657754194141e-15,ELECTRODE_ATTACHMENT,CONFIRMED,6.4191801283558882e-05,22358646.418514274,8.4913619613367946,2793487024444277,1.4959939729501223e-05,6.0442765158463048e-12,5.9185985858882911e-07,97920.711773716452,0.030064540649285307,-3.4605518408691556e-13
806,7.307668067863075e-12,5.8650657911487791e-15,ELECTRODE_ATTACHMENT,CONFIRMED,6.4193119345376884e-05,22358646.393151857,8.4913619517046612,2793430617983313.5,1.4959637658023724e-05,6.0442765274884131e-12,5.91871809679226e-07,97922.688842492018,0.030062397134229469,-3.4643206553906924e-13
807,7.3135331336699821e-12,5.8650658069075276e-15,ELECTRODE_ATTACHMENT,CONFIRMED,6.4194436300258646e-05,22358646.367850289,8.4913619420956366,2793369911186254.5,1.4959312556985236e-05,6.0442765391025911e-12,5.9188467244542909e-07,97924.816744620301,0.030060210259630245,-3.4680891401566564e-13
808,7.3193981994926784e-12,5.8650658226956352e-15,ELECTRODE_ATTACHMENT,CONFIRMED,6.4195752143105385e-05,22358646.342609823,8.4913619325098182,2793304904453201,1.4958964428528396e-05,6.0442765506887185e-12,5.9189844692150533e-07,97927.095485738668,0.03005798003072974,-3.4718572879915105e-13
809,7.3252632653311913e-12,5.865065838513138e-15,ELECTRODE_ATTACHMENT,CONFIRMED,6.4197066868887254e-05,22358646.317430664,8.4913619229472825,2793235598197024,1.4958593274864221e-05,6.0442765622467072e-12,5.9191313314723243e-07,97929.525072428762,0.030055706452897499,-3.4756250917173462e-13
810,7.3311283311855515e-12,5.865065854360026e-15,ELECTRODE_ATTACHMENT,CONFIRMED,6.4198380472642742e-05,22358646.292312969,8.49136191340809,2793161992843365,1.4958199098272137e-05,6.0442765737764789e-12,5.9192873116809711e-07,97932.105512216585,0.030053389531630777,-3.4793925441538909e-13
811,7.3369933970557881e-12,5.8650658702363124e-15,ELECTRODE_ATTACHMENT,CONFIRMED,6.41996929494778e-05,22358646.26725686,8.4913619038922867,2793084088830635,1.4957781901099939e-05,6.0442765852779835e-12,5.919452410352966e-07,97934.836813572518,0.030051029272554305,-3.4831596381185303e-13
812,7.3428584629419301e-12,5.8650658861419957e-15,ELECTRODE_ATTACHMENT,CONFIRMED,6.4201004294565318e-05,22358646.242262509,8.4913618943999367,2793001886610016,1.4957341685763827e-05,6.0442765967511369e-12,5.9196266280573658e-07,97937.718985911866,0.030048625681420797,-3.4869263664263407e-13
813,7.3487235288440067e-12,5.8650659020771114e-15,ELECTRODE_ATTACHMENT,CONFIRMED,6.4202314503144264e-05,22358646.217330184,8.491361884931143,2792915386645459.5,1.4956878454748371e-05,6.0442766081958229e-12,5.9198099654203279e-07,97940.752039595231,0.030046178764110955,-3.4906927218901256e-13
814,7.3545885947620485e-12,5.8650659180416366e-15,ELECTRODE_ATTACHMENT,CONFIRMED,6.4203623570519082e-05,22358646.19245993,8.4913618754859232,2792824589413688,1.4956392210606551e-05,6.0442766196120123e-12,5.9200024231250903e-07,97943.935985926146,0.030043688526632556,-3.4944586973204002e-13
815,7.3604536606960846e-12,5.8650659340355856e-15,ELECTRODE_ATTACHMENT,CONFIRMED,6.4204931492058967e-05,22358646.167652052,8.491361866064393,2792729495404194.5,1.4955882955959715e-05,6.0442766309995703e-12,5.9202040019119884e-07,97947.27083715453,0.030041154975121886,-3.4982242855254596e-13
816,7.3663187266461441e-12,5.8650659500589607e-15,ELECTRODE_ATTACHMENT,CONFIRMED,6.4206238263197246e-05,22358646.142906621,8.4913618566665789,2792630105119243,1.4955350693497632e-05,6.0442766423584613e-12,5.920414702578437e-07,97950.756606473034,0.03003857811584228,-3.5019894793113613e-13
817,7.372183792612256e-12,5.8650659661117815e-15,ELECTRODE_ATTACHMENT,CONFIRMED,6.4207543879430564e-05,22358646.118223879,8.4913618472925734,2792526419073867.5,1.4954795425978418e-05,6.0442766536885804e-12,5.9206345259789567e-07,97954.393308020241,0.030035957955185308,-3.505754271481989e-13
818,7.3780488585944496e-12,5.865065982194049e-15,ELECTRODE_ATTACHMENT,CONFIRMED,6.4208848336318435e-05,22358646.093603935,8.4913618379424154,2792418437795873,1.4954217156228628e-05,6.04427666498987e-12,5.9208634730251426e-07,97958.180956878248,0.030033294499669915,-3.5095186548390431e-13
819,7.3839139245927553e-12,5.8650659983057567e-15,ELECTRODE_ATTACHMENT,CONFIRMED,6.4210151629482391e-05,22358646.069047,8.4913618286161885,2792306161825835,1.4953615887143174e-05,6.0442766762622407e-12,5.9211015446856952e-07,97962.11956907445,0.030030587755943087,-3.5132826221820791e-13
820,7.3897789906072025e-12,5.8650660144469292e-15,ELECTRODE_ATTACHMENT,CONFIRMED,6.4211453754605449e-05,22358646.044553265,8.4913618193139619,2792189591717098,1.4952991621685362e-05,6.0442766875055987e-12,5.921348741986414e-07,97966.209161580991,0.030027837730779543,-3.5170461663085369e-13
821,7.39564405663782e-12,5.8650660306175657e-15,ELECTRODE_ATTACHMENT,CONFIRMED,6.4212754707431411e-05,22358646.020122856,8.4913618100357873,2792068728035778,1.4952344362886888e-05,6.0442766987198866e-12,5.9216050660101965e-07,97970.449752314104,0.030025044431081491,-3.5208092800137485e-13
822,7.401509122684637e-12,5.8650660468176661e-15,ELECTRODE_ATTACHMENT,CONFIRMED,6.4214054483764294e-05,22358645.995755937,8.4913618007817231,2791943571360760,1.4951674113847849e-05,6.0442767099050285e-12,5.9218705178970455e-07,97974.841360135106,0.03002220786387905,-3.524571956090971e-13
823,7.4073741887476842e-12,5.8650660630472557e-15,ELECTRODE_ATTACHMENT,CONFIRMED,6.4215353079467594e-05,22358645.97145272,8.4913617915518529,2791814122283698.5,1.4950980877736687e-05,6.0442767210609347e-12,5.9221450988440884e-07,97979.384004850639,0.030019328036330183,-3.5283341873314163e-13
824,7.4132392548269907e-12,5.8650660793063219e-15,ELECTRODE_ATTACHMENT,CONFIRMED,6.4216650490463763e-05,22358645.947213408,8.4913617823462513,2791680381409017.5,1.4950264657790255e-05,6.0442767321875059e-12,5.922428810105564e-07,97984.077707212404,0.030016404955720659,-3.532095966524266e-13
825,7.4191043209225855e-12,5.8650660955948693e-15,ELECTRODE_ATTACHMENT,CONFIRMED,6.421794671273361e-05,22358645.923038077,8.4913617731649502,2791542349353909.5,1.4949525457313798e-05,6.0442767432847066e-12,5.9227216529928328e-07,97988.922488916083,0.030013438629463544,-3.5358572864566902e-13
826,7.4249693870344977e-12,5.8650661119129115e-15,ELECTRODE_ATTACHMENT,CONFIRMED,6.4219241742315581e-05,22358645.898927048,8.4913617640080687,2791400026748335,1.4948763279680901e-05,6.0442767543523912e-12,5.9230236288744036e-07,97993.918372604705,0.030010429065100479,-3.5396181399138829e-13
827,7.4308344531627581e-12,5.8650661282604698e-15,ELECTRODE_ATTACHMENT,CONFIRMED,6.4220535575305247e-05,22358645.874880329,8.4913617548756104,2791253414235023.5,1.494797812833357e-05,6.0442767653905559e-12,5.9233347391759144e-07,97999.065381864144,0.03000737627029975,-3.5433785196790802e-13
828,7.4366995193073957e-12,5.8650661446375211e-15,ELECTRODE_ATTACHMENT,CONFIRMED,6.4221828207854695e-05,22358645.850898195,8.4913617457676818,2791102512469471,1.4947170006782148e-05,6.0442767763990746e-12,5.9236549853801694e-07,98004.363541228056,0.03000428025285836,-3.5471384185335807e-13
829,7.4425645854684395e-12,5.8650661610440948e-15,ELECTRODE_ATTACHMENT,CONFIRMED,6.4223119636171925e-05,22358645.826980796,8.4913617366843361,2790947322119940.5,1.4946338918605368e-05,6.0442767873778745e-12,5.9239843690271263e-07,98009.812876174823,0.030001141020700638,-3.5508978292567852e-13
830,7.4484296516459204e-12,5.8650661774801759e-15,ELECTRODE_ATTACHMENT,CONFIRMED,6.4224409856520278e-05,22358645.803128269,8.4913617276256286,2790787843867462,1.4945484867450325e-05,6.0442767983268983e-12,5.9243228917139242e-07,98015.413413128626,0.029997958581878509,-3.5546567446261894e-13
831,7.4542947178398657e-12,5.8650661939457887e-15,ELECTRODE_ATTACHMENT,CONFIRMED,6.4225698865217869e-05,22358645.779340833,8.4913617185916426,2790624078405830,1.4944607857032469e-05,6.0442768092460451e-12,5.9246705550948891e-07,98021.165179460484,0.029994732944571979,-3.5584151574174348e-13
832,7.4601597840503061e-12,5.8650662104409294e-15,ELECTRODE_ATTACHMENT,CONFIRMED,6.4226986658636986e-05,22358645.75561868,8.4913617095824474,2790456026441605,1.494370789113563e-05,6.0442768201352227e-12,5.9250273608815412e-07,98027.068203487521,0.029991464117088744,-3.5621730604043293e-13
833,7.4660248502772724e-12,5.8650662269656153e-15,ELECTRODE_ATTACHMENT,CONFIRMED,6.4228273233203569e-05,22358645.731961913,8.4913617005980857,2790283688694111.5,1.4942784973611974e-05,6.0442768309943892e-12,5.9253933108426198e-07,98033.122514472736,0.029988152107863802,-3.5659304463588548e-13
834,7.471889916520792e-12,5.8650662435198299e-15,ELECTRODE_ATTACHMENT,CONFIRMED,6.4229558585396644e-05,22358645.708370764,8.4913616916386445,2790107065895437.5,1.4941839108382038e-05,6.0442768418234323e-12,5.9257684068040854e-07,98039.328142626982,0.029984796925460449,-3.5696873080512114e-13
835,7.4777549827808956e-12,5.8650662601035904e-15,ELECTRODE_ATTACHMENT,CONFIRMED,6.4230842711747742e-05,22358645.684845377,8.4913616827041771,2789926158790434,1.4940870299434699e-05,6.0442768526222897e-12,5.9261526506491433e-07,98045.685119107366,0.029981398578569306,-3.5734436382498165e-13
836,7.4836200490576123e-12,5.8650662767169127e-15,ELECTRODE_ATTACHMENT,CONFIRMED,6.4232125608840336e-05,22358645.66138592,8.4913616737947493,2789740968136713.5,1.4939878550827173e-05,6.0442768633908816e-12,5.92654604431826e-07,98052.19347601867,0.029977957076008848,-3.5771994297213587e-13
837,7.4894851153509727e-12,5.8650662933597826e-15,ELECTRODE_ATTACHMENT,CONFIRMED,6.4233407273309458e-05,22358645.637992576,8.4913616649104302,2789551494704650,1.4938863866685015e-05,6.0442768741291278e-12,5.9269485898091756e-07,98058.853246413244,0.029974472426725223,-3.5809546752307923e-13
838,7.4953501816610044e-12,5.8650663100322269e-15,ELECTRODE_ATTACHMENT,CONFIRMED,6.4234687701840944e-05,22358645.614665512,8.4913616560512839,2789357739277377.5,1.4937826251202134e-05,6.044276884836951e-12,5.9273602891769158e-07,98065.664464291185,0.029970944639792316,-3.5847093675413827e-13
839,7.5012152479877381e-12,5.8650663267342345e-15,ELECTRODE_ATTACHMENT,CONFIRMED,6.4235966891171034e-05,22358645.591404915,8.4913616472173796,2789159702650789,1.493676570864074e-05,6.0442768955142621e-12,5.9277811445338252e-07,98072.627164601043,0.029967373724411748,-3.5884634994147192e-13
840,7.5070803143312043e-12,5.8650663434658189e-15,ELECTRODE_ATTACHMENT,CONFIRMED,6.4237244838085856e-05,22358645.568210937,8.4913616384087742,2788957385633535.5,1.4935682243331391e-05,6.044276906160991e-12,5.9282111580495712e-07,98079.741383239525,0.029963759689912706,-3.5922170636107362e-13
841,7.5129453806914307e-12,5.865066360226984e-15,ELECTRODE_ATTACHMENT,CONFIRMED,6.4238521539420866e-05,22358645.545083813,8.4913616296255601,2788750789047026,1.493457585967294e-05,6.0442769167770343e-12,5.9286503319511771e-07,98087.007157052751,0.029960102545752293,-3.5959700528877497e-13
842,7.5188104470684479e-12,5.8650663770177306e-15,ELECTRODE_ATTACHMENT,CONFIRMED,6.423979699206034e-05,22358645.52202357,8.491361620867746,2788539913725424.5,1.4933446562132581e-05,6.0442769273623765e-12,5.9290986685230231e-07,98094.424523834401,0.02995640230151464,-3.5997224600024652e-13
843,7.5246755134622865e-12,5.8650663938380642e-15,ELECTRODE_ATTACHMENT,CONFIRMED,6.4241071192936905e-05,22358645.499030549,8.4913616121354618,2788324760515651,1.4932294355245784e-05,6.0442769379168619e-12,5.9295561701068958e-07,98101.993522330158,0.029952658966912578,-3.6034742777100118e-13
844,7.5305405798729742e-12,5.8650664106879983e-15,ELECTRODE_ATTACHMENT,CONFIRMED,6.4242344139031019e-05,22358645.476104833,8.4913616034287376,2788105330277378.5,1.4931119243616341e-05,6.0442769484404524e-12,5.9300228391019821e-07,98109.714192233529,0.029948872551785716,-3.6072254987639659e-13
845,7.5364056463005414e-12,5.8650664275675335e-15,ELECTRODE_ATTACHMENT,CONFIRMED,6.4243615827370436e-05,22358645.453246605,8.4913615947476444,2787881623883032.5,1.4929921231916332e-05,6.0442769589330639e-12,5.9304986779649073e-07,98117.586574189001,0.029945043066101643,-3.6109761159163682e-13
846,7.5422707127450175e-12,5.8650664444766637e-15,ELECTRODE_ATTACHMENT,CONFIRMED,6.424488625502979e-05,22358645.430456065,8.4913615860922587,2787653642217790.5,1.4928700324886114e-05,6.0442769693946054e-12,5.9309836892097616e-07,98125.610709791959,0.029941170519955648,-3.6147261219177538e-13
847,7.5481357792064329e-12,5.8650664614154116e-15,ELECTRODE_ATTACHMENT,CONFIRMED,6.4246155419130088e-05,22358645.407733314,8.4913615774626177,2787421386179579.5,1.4927456527334341e-05,6.0442769798250306e-12,5.9314778754081085e-07,98133.786641587896,0.029937254923570317,-3.6184755095171635e-13
848,7.5540008456848169e-12,5.8650664783837718e-15,ELECTRODE_ATTACHMENT,CONFIRMED,6.4247423316838177e-05,22358645.385078579,8.4913615688588067,2787184856679075.5,1.4926189844137937e-05,6.0442769902242322e-12,5.9319812391890249e-07,98142.114413074887,0.029933296287296286,-3.6222242714621919e-13
849,7.5598659121801984e-12,5.8650664953817616e-15,ELECTRODE_ATTACHMENT,CONFIRMED,6.4248689945366327e-05,22358645.362492088,8.4913615602809145,2786944054639701,1.492490028024207e-05,6.0442770005921067e-12,5.9324937832391288e-07,98150.594068702878,0.029929294621611764,-3.6259724004990002e-13
850,7.5657309786926082e-12,5.8650665124093558e-15,ELECTRODE_ATTACHMENT,CONFIRMED,6.4249955301971752e-05,22358645.339973893,8.4913615517289589,2786698980997625.5,1.4923587840660192e-05,6.0442770109286348e-12,5.9330155103025868e-07,98159.225653872636,0.02992524993712193,-3.6297198893723056e-13
851,7.5715960452220754e-12,5.8650665294665986e-15,ELECTRODE_ATTACHMENT,CONFIRMED,6.4251219383956184e-05,22358645.317524221,8.4913615432030269,2786449636701762,1.4922252530473997e-05,6.0442770212337074e-12,5.9335464231811604e-07,98168.009214939229,0.029921162244560217,-3.6334667308254703e-13
852,7.5774611117686291e-12,5.8650665465534473e-15,ELECTRODE_ATTACHMENT,CONFIRMED,6.4252482188665306e-05,22358645.295143273,8.491361534703195,2786196022713767,1.4920894354833411e-05,6.0442770315072349e-12,5.9340865247342307e-07,98176.944799210731,0.029917031554787483,-3.6372129176004652e-13
853,7.5833261783322983e-12,5.8650665636699595e-15,ELECTRODE_ATTACHMENT,CONFIRMED,6.42537437134884e-05,22358645.272831202,8.4913615262295217,2785938140008038,1.4919513318956608e-05,6.0442770417491429e-12,5.9346358178788203e-07,98186.032454948596,0.029912857878792009,-3.6409584424379361e-13
854,7.5891912449131137e-12,5.8650665808161037e-15,ELECTRODE_ATTACHMENT,CONFIRMED,6.4255003955857845e-05,22358645.250588171,8.4913615177820692,2785675989571712.5,1.4918109428129981e-05,6.0442770519593611e-12,5.9351943055896285e-07,98195.272231368494,0.02990864122768961,-3.6447032980771973e-13
855,7.595056311511106e-12,5.8650665979919099e-15,ELECTRODE_ATTACHMENT,CONFIRMED,6.4256262913248711e-05,22358645.228414349,8.4913615093608996,2785409572404666.5,1.491668268770814e-05,6.0442770621378113e-12,5.9357619908990596e-07,98204.664178640902,0.029904381612723675,-3.6484474772562783e-13
856,7.6009213781263027e-12,5.8650666151973543e-15,ELECTRODE_ATTACHMENT,CONFIRMED,6.4257520583178268e-05,22358645.206309967,8.4913615009661019,2785138889519512,1.4915233103113904e-05,6.0442770722843843e-12,5.9363388768972582e-07,98214.208347892098,0.029900079045265329,-3.6521909727119292e-13
857,7.6067864447587345e-12,5.8650666324324639e-15,ELECTRODE_ATTACHMENT,CONFIRMED,6.4258776963205613e-05,22358645.184275113,8.4913614925977097,2784863941941595.5,1.4913760679838291e-05,6.0442770823990406e-12,5.9369249667321376e-07,98223.904791203022,0.029895733536812685,-3.6559337771796584e-13
858,7.6126515114084321e-12,5.8650666496972236e-15,ELECTRODE_ATTACHMENT,CONFIRMED,6.4260032050931202e-05,22358645.162309941,8.4913614842557816,2784584730708997,1.4912265423440502e-05,6.0442770924817147e-12,5.9375202636094146e-07,98233.753561611331,0.029891345098991544,-3.6596758833937403e-13
859,7.6185165780754246e-12,5.8650666669916477e-15,ELECTRODE_ATTACHMENT,CONFIRMED,6.4261285843996381e-05,22358645.140414719,8.491361475940419,2784301256872528,1.4910747339547919e-05,6.0442771025322807e-12,5.9381247707926437e-07,98243.754713112605,0.029886913743555624,-3.6634172840872615e-13
860,7.624381644759741e-12,5.86506668431574e-15,ELECTRODE_ATTACHMENT,CONFIRMED,6.4262538340083085e-05,22358645.118589576,8.4913614676516698,2784013521495729,1.4909206433856106e-05,6.0442771125506746e-12,5.9387384916032454e-07,98253.908300658761,0.029882439482385614,-3.6671579719921231e-13
861,7.6302467114614104e-12,5.8650667016695147e-15,ELECTRODE_ATTACHMENT,CONFIRMED,6.4263789536913324e-05,22358645.096834667,8.4913614593895961,2783721525654868,1.4907642712128774e-05,6.0442771225368312e-12,5.9393614294205508e-07,98264.214380159887,0.029877922327489682,-3.6708979398390752e-13
862,7.6361117781804635e-12,5.8650667190529649e-15,ELECTRODE_ATTACHMENT,CONFIRMED,6.4265039432248749e-05,22358645.075150207,8.4913614511542761,2783425270438939,1.4906056180197785e-05,6.0442771324906485e-12,5.9399935876818334e-07,98274.673008485246,0.02987336229100368,-3.6746371803577418e-13
863,7.6419768449169294e-12,5.8650667364661022e-15,ELECTRODE_ATTACHMENT,CONFIRMED,6.4266288023890367e-05,22358645.053536341,8.4913614429457667,2783124756949659,1.4904446843963144e-05,6.0442771424120587e-12,5.9406349698823449e-07,98285.28424346284,0.029868759385190565,-3.6783756862766394e-13
864,7.6478419116708388e-12,5.8650667539089086e-15,ELECTRODE_ATTACHMENT,CONFIRMED,6.4267535309678e-05,22358645.031993221,8.4913614347641246,2782819986301467,1.4902814709392977e-05,6.0442771523009989e-12,5.9412855795753569e-07,98296.048143880456,0.029864113622440725,-3.6821134503232005e-13
865,7.6537069784422208e-12,5.8650667713814069e-15,ELECTRODE_ATTACHMENT,CONFIRMED,6.4268781287489947e-05,22358645.010521051,8.4913614266094282,2782510959621522,1.4901159782523543e-05,6.0442771621573697e-12,5.9419454203721891e-07,98306.96476948692,0.029859425015272154,-3.685850465223796e-13
866,7.6595720452311045e-12,5.8650667888836146e-15,ELECTRODE_ATTACHMENT,CONFIRMED,6.4270025955242614e-05,22358644.989119995,8.4913614184817412,2782197678049700,1.4899482069459184e-05,6.0442771719810951e-12,5.9426144959422653e-07,98318.034180991934,0.029854693576329968,-3.689586723703777e-13
867,7.6654371120375205e-12,5.8650668064155094e-15,ELECTRODE_ATTACHMENT,CONFIRMED,6.4271269310890071e-05,22358644.967790224,8.4913614103811241,2781880142738592.5,1.4897781576372361e-05,6.0442771817721e-12,5.9432928100131352e-07,98329.256440066878,0.029849919318386729,-3.6933222184874663e-13
868,7.6713021788614979e-12,5.8650668239771072e-15,ELECTRODE_ATTACHMENT,CONFIRMED,6.4272511352423713e-05,22358644.946531877,8.4913614023076338,2781558354853504.5,1.4896058309503601e-05,6.044277191530319e-12,5.9439803663705311e-07,98340.631609345597,0.029845102254342101,-3.6970569422982124e-13
869,7.6771672457030658e-12,5.8650668415684032e-15,ELECTRODE_ATTACHMENT,CONFIRMED,6.4273752077871835e-05,22358644.925345205,8.4913613942613644,2781232315572451.5,1.4894312275161503e-05,6.0442772012556389e-12,5.9446771688584005e-07,98352.159752425854,0.029840242397223504,-3.7007908878583934e-13
870,7.683032312562255e-12,5.8650668591894038e-15,ELECTRODE_ATTACHMENT,CONFIRMED,6.4274991485299246e-05,22358644.904230308,8.4913613862423531,2780902026086158.5,1.489254347972274e-05,6.0442772109480082e-12,5.9453832213789461e-07,98363.84093386824,0.029835339760185126,-3.7045240478894456e-13
871,7.6888973794390944e-12,5.8650668768401256e-15,ELECTRODE_ATTACHMENT,CONFIRMED,6.4276229572806951e-05,22358644.883187357,8.4913613782506658,2780567487598056,1.4890751929632011e-05,6.0442772206073549e-12,5.946098527892681e-07,98375.675219198354,0.029830394356508572,-3.7082564151118989e-13
872,7.6947624463336149e-12,5.8650668945205582e-15,ELECTRODE_ATTACHMENT,CONFIRMED,6.4277466338531709e-05,22358644.862216577,8.4913613702863877,2780228701324279.5,1.4888937631402069e-05,6.0442772302335715e-12,5.9468230924184579e-07,98387.662674907653,0.029825406199602951,-3.7119879822453849e-13
873,7.7006275132458453e-12,5.8650669122307103e-15,ELECTRODE_ATTACHMENT,CONFIRMED,6.4278701780645718e-05,22358644.84131806,8.4913613623495525,2779885668493666,1.4887100591613679e-05,6.0442772398266169e-12,5.9475569190335238e-07,98399.803368452573,0.029820375303004083,-3.715718742008657e-13
874,7.7064925801758166e-12,5.8650669299706002e-15,ELECTRODE_ATTACHMENT,CONFIRMED,6.4279935897356262e-05,22358644.820492122,8.4913613544402828,2779538390347752,1.4885240816915607e-05,6.0442772493863481e-12,5.9483000118735669e-07,98412.097368258124,0.029815301680375723,-3.7194486871196566e-13
875,7.7123576471235561e-12,5.8650669477401946e-15,ELECTRODE_ATTACHMENT,CONFIRMED,6.4281168686905268e-05,22358644.79973878,8.4913613465585822,2779186868140770.5,1.4883358314024632e-05,6.0442772589127538e-12,5.9490523751327502e-07,98424.544743714607,0.029810185345507834,-3.7231778102954597e-13
876,7.7182227140890961e-12,5.8650669655395282e-15,ELECTRODE_ATTACHMENT,CONFIRMED,6.4282400147569029e-05,22358644.779058263,8.4913613387045412,2778831103139649.5,1.4881453089725507e-05,6.0442772684057329e-12,5.9498140130637732e-07,98437.145565182262,0.029805026312318204,-3.7269061042523741e-13
877,7.7240877810724641e-12,5.8650669833685988e-15,ELECTRODE_ATTACHMENT,CONFIRMED,6.4283630277657804e-05,22358644.758450773,8.4913613308782327,2778471096624008.5,1.4879525150870951e-05,6.0442772778651911e-12,5.9505849299779128e-07,98449.899903990343,0.02979982459485166,-3.7306335617059318e-13
878,7.7299528480736909e-12,5.8650670012273976e-15,ELECTRODE_ATTACHMENT,CONFIRMED,6.4284859075515541e-05,22358644.737916429,8.4913613230797029,2778106849886156,1.4877574504381645e-05,6.0442772872910725e-12,5.9513651302450702e-07,98462.807832437422,0.029794580207279875,-3.7343601753709069e-13
879,7.735817915092807e-12,5.8650670191159293e-15,ELECTRODE_ATTACHMENT,CONFIRMED,6.4286086539519407e-05,22358644.71745548,8.4913613153090495,2777738364231088,1.4875601157246203e-05,6.0442772966832592e-12,5.952154618293828e-07,98475.869423793934,0.029789293163902039,-3.7380859379613506e-13
880,7.7416829821298416e-12,5.8650670370342129e-15,ELECTRODE_ATTACHMENT,CONFIRMED,6.4287312668079595e-05,22358644.697067976,8.4913613075662866,2777365640976483.5,1.4873605116521169e-05,6.0442773060417359e-12,5.9529533986114946e-07,98489.08475230023,0.029783963479143662,-3.7418108421906105e-13
881,7.7475480491848237e-12,5.8650670549822358e-15,ELECTRODE_ATTACHMENT,CONFIRMED,6.4288537459638838e-05,22358644.676754169,8.4913612998515138,2776988681452703.5,1.4871586389331005e-05,6.0442773153663814e-12,5.9537614757441521e-07,98502.453893170808,0.029778591167558013,-3.7455348807713503e-13
882,7.7534131162577841e-12,5.8650670729600177e-15,ELECTRODE_ATTACHMENT,CONFIRMED,6.4289760912672179e-05,22358644.656514224,8.4913612921647914,2776607487002787.5,1.4869544982868053e-05,6.0442773246571262e-12,5.9545788542967214e-07,98515.976922592759,0.029773176243825059,-3.7492580464155977e-13
883,7.7592781833487519e-12,5.8650670909675436e-15,ELECTRODE_ATTACHMENT,CONFIRMED,6.4290983025686618e-05,22358644.636348367,8.4913612845062065,2776222058982450.5,1.4867480904392553e-05,6.0442773339138597e-12,5.9554055389329989e-07,98529.653917727934,0.029767718722751961,-3.7529803318347319e-13
884,7.765143250457756e-12,5.8650671090048167e-15,ELECTRODE_ATTACHMENT,CONFIRMED,6.4292203797220745e-05,22358644.616256643,8.4913612768757769,2775832398760080.5,1.4865394161232617e-05,6.044277343136564e-12,5.9562415343757183e-07,98543.484956711778,0.029762218619272234,-3.7567017297395246e-13
885,7.7710083175848273e-12,5.8650671270718645e-15,ELECTRODE_ATTACHMENT,CONFIRMED,6.4293423225844455e-05,22358644.596239295,8.4913612692735914,2775438507716735.5,1.4863284760784192e-05,6.0442773523251278e-12,5.9570868454066073e-07,98557.470118657278,0.029756675948446946,-3.7604222328401761e-13
886,7.7768733847299964e-12,5.8650671451686531e-15,ELECTRODE_ATTACHMENT,CONFIRMED,6.4294641310158588e-05,22358644.576296531,8.4913612616997334,2775040387246141.5,1.486115271051108e-05,6.0442773614794549e-12,5.9579414768664347e-07,98571.609483654014,0.029751090725463992,-3.7641418338463166e-13
887,7.7827384518932924e-12,5.8650671632952102e-15,ELECTRODE_ATTACHMENT,CONFIRMED,6.4295858048794689e-05,22358644.556428451,8.4913612541542385,2774638038754687.5,1.4858998017944877e-05,6.0442773705995016e-12,5.9588054336550808e-07,98585.903132768653,0.02974546296563774,-3.7678605254670391e-13
888,7.7886035190747443e-12,5.8650671814515413e-15,ELECTRODE_ATTACHMENT,CONFIRMED,6.4297073440414555e-05,22358644.536635242,8.4913612466371777,2774231463661424,1.4856820690685017e-05,6.0442773796851783e-12,5.9596787207315698e-07,98600.351148047164,0.029739792684409717,-3.7715783004109309e-13
889,7.7944685862743813e-12,5.865067199637633e-15,ELECTRODE_ATTACHMENT,CONFIRMED,6.4298287483710082e-05,22358644.516917154,8.491361239148647,2773820663398060.5,1.4854620736398689e-05,6.044277388736372e-12,5.9605613431141591e-07,98614.953612515877,0.029734079897348484,-3.7752951513860915e-13
890,7.800333653492234e-12,5.8650672178534994e-15,ELECTRODE_ATTACHMENT,CONFIRMED,6.4299500177402862e-05,22358644.497274257,8.4913612316886713,2773405639408961,1.4852398162820884e-05,6.0442773977530526e-12,5.9614533058803643e-07,98629.710610180162,0.029728324620148759,-3.7790110711001466e-13
891,7.8061987207283332e-12,5.8650672360991335e-15,ELECTRODE_ATTACHMENT,CONFIRMED,6.4300711520243892e-05,22358644.477706745,8.4913612242573251,2772986393151141.5,1.4850152977754333e-05,6.0442774067351282e-12,5.9623546141670431e-07,98644.622226028237,0.029722526868632478,-3.7827260522602891e-13
892,7.8120637879827079e-12,5.8650672543745415e-15,ELECTRODE_ATTACHMENT,CONFIRMED,6.4301921511013242e-05,22358644.458214805,8.4913612168546813,2772562926094266.5,1.4847885189069507e-05,6.0442774156825147e-12,5.9632652731704474e-07,98659.688546030782,0.02971668665874826,-3.7864400875732906e-13
893,7.8179288552553871e-12,5.8650672726797323e-15,ELECTRODE_ATTACHMENT,CONFIRMED,6.4303130148519834e-05,22358644.438798591,8.4913612094807949,2772135239720647,1.4845594804704593e-05,6.0442774245951386e-12,5.9641852881462822e-07,98674.909657141994,0.02971080400657132,-3.7901531697455285e-13
894,7.8237939225464017e-12,5.8650672910147033e-15,ELECTRODE_ATTACHMENT,CONFIRMED,6.4304337431601093e-05,22358644.41945833,8.4913612021357547,2771703335525236,1.484328183266549e-05,6.0442774334729022e-12,5.965114664409768e-07,98690.28564730112,0.029704878928303802,-3.7938652914830141e-13
895,7.8296589898557807e-12,5.8650673093794546e-15,ELECTRODE_ATTACHMENT,CONFIRMED,6.4305543359122658e-05,22358644.400194149,8.4913611948196088,2771267215015625,1.4840946281025782e-05,6.044277442315736e-12,5.9660534073357037e-07,98705.816605432614,0.029698911440274162,-3.7975764454914103e-13
896,7.8355240571835547e-12,5.8650673277739846e-15,ELECTRODE_ATTACHMENT,CONFIRMED,6.43067479299781e-05,22358644.381006189,8.4913611875324086,2770826879712042.5,1.4838588157926716e-05,6.0442774511235891e-12,5.9670015223585321e-07,98721.502621447464,0.029692901558937446,-3.801286624476051e-13
897,7.8413891245297529e-12,5.8650673461983185e-15,ELECTRODE_ATTACHMENT,CONFIRMED,6.4307951143088599e-05,22358644.361894682,8.4913611802742448,2770382331147348.5,1.483620747157719e-05,6.0442774598963435e-12,5.9679590149724021e-07,98737.343786245547,0.029686849300875708,-3.8049958211419907e-13
898,7.847254191894406e-12,5.8650673646524217e-15,ELECTRODE_ATTACHMENT,CONFIRMED,6.4309152997402735e-05,22358644.342859764,8.491361173045167,2769933570867033,1.4833804230253753e-05,6.0442774686339428e-12,5.9689258907312262e-07,98753.34019171448,0.029680754682797138,-3.8087040281939811e-13
899,7.853119259277543e-12,5.8650673831363431e-15,ELECTRODE_ATTACHMENT,CONFIRMED,6.4310353491896154e-05,22358644.323901612,8.4913611658452446,2769480600429210.5,1.483137844230054e-05,6.0442774773363037e-12,5.9699021552487608e-07,98769.491930732474,0.029674617721536598,-3.8124112383365554e-13
900,7.858984326679193e-12,5.8650674016500282e-15,ELECTRODE_ATTACHMENT,CONFIRMED,6.4311552625571268e-05,22358644.305020396,8.4913611586745414,2769023421404618,1.4828930116129294e-05,6.0442774860033495e-12,5.9708878141986654e-07,98785.799097168652,0.029668438434055425,-3.8161174442739915e-13
901,7.8648493940993867e-12,5.865067420193514e-15,ELECTRODE_ATTACHMENT,CONFIRMED,6.4312750397457039e-05,22358644.286216259,8.4913611515331091,2768562035376611.5,1.482645926021934e-05,6.0442774946350115e-12,5.9718828733145643e-07,98802.261785884155,0.029662216837441344,-3.8198226387103752e-13
902,7.8707144615381532e-12,5.8650674387668023e-15,ELECTRODE_ATTACHMENT,CONFIRMED,6.4313946806608652e-05,22358644.267489415,8.4913611444210328,2768096443941161.5,1.4823965883117549e-05,6.0442775032311976e-12,5.9728873383901258e-07,98818.880092733874,0.029655952948908666,-3.8235268143496147e-13
903,7.8765795289955232e-12,5.8650674573698921e-15,ELECTRODE_ATTACHMENT,CONFIRMED,6.4315141852107287e-05,22358644.248840056,8.4913611373383837,2767626648706850.5,1.4821449993438338e-05,6.0442775117918142e-12,5.9739012152791206e-07,98835.654114567107,0.029649646785798098,-3.8272299638954628e-13
904,7.8824445964715257e-12,5.8650674760027788e-15,ELECTRODE_ATTACHMENT,CONFIRMED,6.4316335533059845e-05,22358644.230268303,8.4913611302852079,2767152651294868.5,1.4818911599863639e-05,6.0442775203168062e-12,5.9749245098955008e-07,98852.583949228225,0.029643298365576401,-3.8309320800515293e-13
905,7.8883096639661915e-12,5.8650674946654773e-15,ELECTRODE_ATTACHMENT,CONFIRMED,6.4317527848598639e-05,22358644.211774319,8.4913611232615658,2766674453339009,1.4816350711142882e-05,6.0442775288060995e-12,5.9759572282134641e-07,98869.669695558623,0.029636907705836834,-3.8346331555213289e-13
906,7.8941747314795497e-12,5.8650675133579798e-15,ELECTRODE_ATTACHMENT,CONFIRMED,6.4318718797881178e-05,22358644.193358324,8.4913611162675426,2766192056485667,1.4813767336092982e-05,6.0442775372595953e-12,5.976999376267526e-07,98886.911453398076,0.029630474824299091,-3.8383331830082895e-13
907,7.9000397990116292e-12,5.8650675320802792e-15,ELECTRODE_ATTACHMENT,CONFIRMED,6.4319908380089863e-05,22358644.175020427,8.4913611093031811,2765705462393833.5,1.4811161483598301e-05,6.0442775456772413e-12,5.978050960152598e-07,98904.309323584792,0.029623999738808755,-3.8420321552157714e-13
908,7.9059048665624609e-12,5.8650675508323848e-15,ELECTRODE_ATTACHMENT,CONFIRMED,6.4321096594431844e-05,22358644.156760819,8.4913611023685505,2765214672735092,1.4808533162610655e-05,6.0442775540589486e-12,5.9791119860240506e-07,98921.863407957877,0.029617482467337943,-3.8457300648470989e-13
909,7.9117699341320755e-12,5.8650675696143079e-15,ELECTRODE_ATTACHMENT,CONFIRMED,6.4322283440138573e-05,22358644.138579696,8.4913610954637271,2764719689193615,1.4805882382149257e-05,6.0442775624046307e-12,5.9801824600977989e-07,98939.573809358073,0.029610923027984883,-3.8494269046055909e-13
910,7.9176350017205019e-12,5.8650675884260412e-15,ELECTRODE_ATTACHMENT,CONFIRMED,6.4323468916465743e-05,22358644.120477252,8.4913610885887856,2764220513466161,1.4803209151300727e-05,6.0442775707141987e-12,5.9812623886503698e-07,98957.440631628982,0.029604321438973985,-3.8531226671945729e-13
911,7.9235000693277693e-12,5.865067607267576e-15,ELECTRODE_ATTACHMENT,CONFIRMED,6.4324653022692903e-05,22358644.102453616,8.4913610817437721,2763717147262068.5,1.4800513479219079e-05,6.0442775789875889e-12,5.9823517780189717e-07,98975.463979617736,0.029597677718655575,-3.8568173453173994e-13
912,7.9293651369539083e-12,5.8650676261389307e-15,ELECTRODE_ATTACHMENT,CONFIRMED,6.4325835758123289e-05,22358644.084508948,8.4913610749287507,2763209592303253.5,1.4797795375125641e-05,6.0442775872247286e-12,5.9834506346015906e-07,98993.643959177149,0.029590991885506082,-3.8605109316774899e-13
913,7.9352302045989481e-12,5.8650676450401058e-15,ELECTRODE_ATTACHMENT,CONFIRMED,6.4327017122083559e-05,22358644.066643409,8.4913610681437799,2762697850324205,1.479505484830911e-05,6.0442775954255498e-12,5.9845589648570475e-07,99011.980677166473,0.029584263958127983,-3.8642034189783379e-13
914,7.9410952722629194e-12,5.8650676639710999e-15,ELECTRODE_ATTACHMENT,CONFIRMED,6.432819711392353e-05,22358644.048857193,8.4913610613889343,2762181923071981,1.4792291908125476e-05,6.0442776035899574e-12,5.9856767753050852e-07,99030.474241453325,0.029577493955249879,-3.8678947999235636e-13
915,7.9469603399458512e-12,5.8650676829318892e-15,ELECTRODE_ATTACHMENT,CONFIRMED,6.432937573301599e-05,22358644.031150516,8.4913610546642957,2761661812306205,1.4789506563998026e-05,6.0442776117178559e-12,5.9868040725264479e-07,99049.124760914594,0.029570681895726408,-3.8715850672168842e-13
916,7.9528254076477742e-12,5.8650677019225204e-15,ELECTRODE_ATTACHMENT,CONFIRMED,6.4330552978756334e-05,22358644.013523478,8.4913610479699031,2761137519799061,1.478669882541731e-05,6.0442776198091937e-12,5.9879408631629568e-07,99067.932345436915,0.029563827798537695,-3.8752742135621956e-13
917,7.9586904753687175e-12,5.8650677209429594e-15,ELECTRODE_ATTACHMENT,CONFIRMED,6.4331728850562523e-05,22358643.99597628,8.4913610413058329,2760609047335290,1.4783868701941118e-05,6.0442776278638875e-12,5.9890871539176e-07,99086.897105919459,0.029556931682790073,-3.8789622316635615e-13
918,7.9645555431087103e-12,5.8650677399932269e-15,ELECTRODE_ATTACHMENT,CONFIRMED,6.4332903347874727e-05,22358643.978509057,8.4913610346721349,2760076396712185,1.4781016203194475e-05,6.0442776358818679e-12,5.9902429515545981e-07,99106.01915427424,0.029549993567715534,-3.8826491142252537e-13
919,7.9704206108677831e-12,5.865067759073307e-15,ELECTRODE_ATTACHMENT,CONFIRMED,6.4334076470155089e-05,22358643.961122002,8.4913610280688818,2759539569739587,1.4778141338869597e-05,6.0442776438630477e-12,5.9914082628995016e-07,99125.298603428222,0.029543013472672026,-3.8863348539517524e-13
920,7.9762856786459666e-12,5.8650677781832077e-15,ELECTRODE_ATTACHMENT,CONFIRMED,6.4335248216887528e-05,22358643.943815295,8.4913610214961448,2758998568239881.5,1.4775244118725871e-05,6.044277651807346e-12,5.9925830948392696e-07,99144.735567324256,0.029535991417143213,-3.8900194435478007e-13
921,7.9821507464432901e-12,5.8650677973229462e-15,ELECTRODE_ATTACHMENT,CONFIRMED,6.4336418587577511e-05,22358643.926589135,8.4913610149539966,2758453394047993,1.4772324552589848e-05,6.0442776597146717e-12,5.9937674543223505e-07,99164.33016092272,0.029528927420738506,-3.8937028757184188e-13
922,7.9880158142597825e-12,5.8650678164924902e-15,ELECTRODE_ATTACHMENT,CONFIRMED,6.4337587581751867e-05,22358643.909443639,8.4913610084424853,2757904049011381.5,1.4769382650355199e-05,6.0442776675849705e-12,5.9949613483587688e-07,99184.082500202101,0.029521821503192758,-3.8973851431689041e-13
923,7.9938808820954745e-12,5.8650678356918689e-15,ELECTRODE_ATTACHMENT,CONFIRMED,6.4338755198958456e-05,22358643.892378982,8.491361001961673,2757350534990038,1.4766418421982718e-05,6.0442776754181584e-12,5.9961647840202068e-07,99203.9927021615,0.029514673684366648,-3.9010662386048884e-13
924,7.9997459499503952e-12,5.8650678549210706e-15,ELECTRODE_ATTACHMENT,CONFIRMED,6.4339921438766117e-05,22358643.875395373,8.4913609955116414,2756792853856479,1.4763431877500248e-05,6.0442776832141467e-12,5.9973777684401092e-07,99224.060884821927,0.029507483984246477,-3.9047461547323401e-13
925,8.0056110178245754e-12,5.8650678741801085e-15,ELECTRODE_ATTACHMENT,CONFIRMED,6.434108630076425e-05,22358643.858492918,8.4913609890924313,2756231007495744,1.4760423027002731e-05,6.0442776909728819e-12,5.9986003088137392e-07,99244.28716722659,0.029500252422943837,-3.9084248842576046e-13
926,8.011476085718044e-12,5.8650678934689686e-15,ELECTRODE_ATTACHMENT,CONFIRMED,6.4342249784562786e-05,22358643.841671836,8.4913609827041228,2755664997805388.5,1.4757391880652109e-05,6.0442776986942672e-12,5.9998324123982982e-07,99264.671669444127,0.029492979020696135,-3.9121024198874128e-13
927,8.0173411536308319e-12,5.8650679127876467e-15,ELECTRODE_ATTACHMENT,CONFIRMED,6.4343411889791904e-05,22358643.824932262,8.4913609763467726,2755094826695481.5,1.4754338448677358e-05,6.0442777063782322e-12,6.0010740865129926e-07,99285.214512568651,0.029485663797866053,-3.9157787543289048e-13
928,8.023206221562968e-12,5.8650679321361644e-15,ELECTRODE_ATTACHMENT,CONFIRMED,6.4344572616101717e-05,22358643.808274459,8.4913609700204749,2754520496088599.5,1.4751262741374406e-05,6.044277714024668e-12,6.0023253385391451e-07,99305.915818722555,0.029478306774941954,-3.9194538802896759e-13
929,8.029071289514483e-12,5.8650679515144939e-15,ELECTRODE_ATTACHMENT,CONFIRMED,6.4345731963162263e-05,22358643.79169846,8.4913609637252456,2753942007919823,1.4748164769106188e-05,6.0442777216335478e-12,6.0035861759202523e-07,99326.775711055539,0.029470907972536965,-3.9231277904777602e-13
930,8.0349363574854062e-12,5.8650679709226652e-15,ELECTRODE_ATTACHMENT,CONFIRMED,6.4346889930663148e-05,22358643.77520448,8.4913609574611648,2753359364136731,1.4745044542302527e-05,6.0442777292047829e-12,6.0048566061621179e-07,99347.794313749182,0.029463467411390026,-3.9268004776016997e-13
931,8.0408014254757664e-12,5.865067990360668e-15,ELECTRODE_ATTACHMENT,CONFIRMED,6.43480465183134e-05,22358643.758792739,8.4913609512283177,2752772566699396,1.4741902071460186e-05,6.0442777367382625e-12,6.0061366368329113e-07,99368.971752017242,0.029455985112365461,-3.9304719343705408e-13
932,8.0466664934855945e-12,5.8650680098285025e-15,ELECTRODE_ATTACHMENT,CONFIRMED,6.4349201725841235e-05,22358643.742463354,8.4913609450267469,2752181617580380,1.4738737367142788e-05,6.0442777442339413e-12,6.0074262755632845e-07,99390.308152106154,0.029448461096452421,-3.9341421534938613e-13
933,8.0525315615149211e-12,5.865068029326159e-15,ELECTRODE_ATTACHMENT,CONFIRMED,6.4350355552993899e-05,22358643.726216517,8.491360938856527,2751586518764729.5,1.4735550439980832e-05,6.0442777516917298e-12,6.0087255300464481e-07,99411.803641298073,0.029440895384765513,-3.9378111276818055e-13
934,8.0583966295637753e-12,5.8650680488536408e-15,ELECTRODE_ATTACHMENT,CONFIRMED,6.435150799953745e-05,22358643.710052419,8.4913609327177291,2750987272249970.5,1.4732341300671641e-05,6.0442777591115367e-12,6.0100344080382816e-07,99433.458347912048,0.029433287998544496,-3.9414788496450859e-13
935,8.0642616976321862e-12,5.8650680684109533e-15,ELECTRODE_ATTACHMENT,CONFIRMED,6.4352659065256549e-05,22358643.693971217,8.4913609266104135,2750383880046103.5,1.472910995997934e-05,6.0442777664932925e-12,6.0113529173574178e-07,99455.272401305003,0.029425638959154121,-3.9451453120950283e-13
936,8.0701267657201845e-12,5.8650680879981093e-15,ELECTRODE_ATTACHMENT,CONFIRMED,6.4353808749954266e-05,22358643.677973006,8.4913609205346177,2749776344175598,1.4725856428734842e-05,6.0442777738369535e-12,6.0126810658853469e-07,99477.24593187336,0.029417948288083959,-3.9488105077435847e-13
937,8.0759918338277992e-12,5.865068107615096e-15,ELECTRODE_ATTACHMENT,CONFIRMED,6.4354957053451938e-05,22358643.662058048,8.4913609144904374,2749164666673389,1.4722580717835802e-05,6.044277781142397e-12,6.0140188615665158e-07,99499.379071056494,0.029410216006949146,-3.9524744293033757e-13
938,8.0818569019550611e-12,5.8650681272618961e-15,ELECTRODE_ATTACHMENT,CONFIRMED,6.4356103975588873e-05,22358643.646226503,8.4913609084779367,2748548849586871,1.4719282838246601e-05,6.0442777884095526e-12,6.0153663124084205e-07,99521.671951335986,0.02940244213748942,-3.9561370694876808e-13
939,8.0877219701019992e-12,5.8650681469385373e-15,ELECTRODE_ATTACHMENT,CONFIRMED,6.4357249516222293e-05,22358643.63047849,8.4913609024971599,2747928894975893,1.4715962800998325e-05,6.0442777956383656e-12,6.0167234264817093e-07,99544.124706238028,0.029394626701569299,-3.9597984210104883e-13
940,8.0935870382686442e-12,5.8650681666449974e-15,ELECTRODE_ATTACHMENT,CONFIRMED,6.435839367522707e-05,22358643.614814196,8.4913608965481782,2747304804912753,1.4712620617188726e-05,6.044277802828747e-12,6.018090211920282e-07,99566.737470335836,0.029386769721178405,-3.9634584765865048e-13
941,8.0994521064550253e-12,5.8650681863812962e-15,ELECTRODE_ATTACHMENT,CONFIRMED,6.4359536452495488e-05,22358643.599233795,8.4913608906310571,2746676581482194,1.4709256297982199e-05,6.0442778099806176e-12,6.0194666769213952e-07,99589.510379250714,0.0293788712184311,-3.9671172289311945e-13
942,8.105317174661173e-12,5.8650682061474266e-15,ELECTRODE_ATTACHMENT,CONFIRMED,6.4360677847937191e-05,22358643.583737452,8.491360884745859,2746044226781397.5,1.4705869854609753e-05,6.0442778170939072e-12,6.020852829745761e-07,99612.443569653638,0.029370931215566429,-3.9707746707607918e-13
943,8.1111822428871166e-12,5.8650682259433798e-15,ELECTRODE_ATTACHMENT,CONFIRMED,6.4361817861478929e-05,22358643.568325337,8.4913608788926496,2745407742919979.5,1.4702461298368987e-05,6.0442778241685309e-12,6.0222486787176496e-07,99635.537179267369,0.029362949734948265,-3.9744307947923288e-13
944,8.117047311132885e-12,5.8650682457691599e-15,ELECTRODE_ATTACHMENT,CONFIRMED,6.4362956493064323e-05,22358643.552997667,8.4913608730715104,2744767132019984.5,1.4699030640624055e-05,6.0442778312043927e-12,6.0236542322249976e-07,99658.791346868224,0.029354926799065206,-3.978085593743652e-13
945,8.122912379398509e-12,5.8650682656247699e-15,ELECTRODE_ATTACHMENT,CONFIRMED,6.436409374265384e-05,22358643.537754513,8.4913608672824683,2744122396215880,1.469557789280565e-05,6.0442778382014602e-12,6.0250694987195071e-07,99682.206212286415,0.029346862430530005,-3.9817390603334597e-13
946,8.1287774476840193e-12,5.8650682855101989e-15,ELECTRODE_ATTACHMENT,CONFIRMED,6.4365229610224454e-05,22358643.522596106,8.491360861525612,2743473537654551.5,1.469210306641096e-05,6.0442778451596235e-12,6.0264944867167571e-07,99705.781916410284,0.029338756652080536,-3.9853911872813054e-13
947,8.1346425159894449e-12,5.8650683054254721e-15,ELECTRODE_ATTACHMENT,CONFIRMED,6.4366364095769552e-05,22358643.507522631,8.4913608558010107,2742820558495298,1.4688606173003647e-05,6.0442778520788036e-12,6.0279292047963073e-07,99729.518601186181,0.029330609486578934,-3.9890419673076507e-13
948,8.1405075843148149e-12,5.8650683253705611e-15,ELECTRODE_ATTACHMENT,CONFIRMED,6.4367497199298784e-05,22358643.492534216,8.4913608501087126,2742163460909824.5,1.4685087224213818e-05,6.0442778589589365e-12,6.0293736616018081e-07,99753.416409620593,0.02932242095701169,-3.9926913931338627e-13
949,8.14637265266016e-12,5.8650683453454887e-15,ELECTRODE_ATTACHMENT,CONFIRMED,6.436862892083783e-05,22358643.477631006,8.491360844448776,2741502247082238.5,1.4681546231737998e-05,6.0442778657999584e-12,6.0308278658411066e-07,99777.475485782095,0.029314191086489701,-3.996339457482253e-13
950,8.152237721025511e-12,5.8650683653502227e-15,ELECTRODE_ATTACHMENT,CONFIRMED,6.4369759260428245e-05,22358643.462813262,8.4913608388212953,2740836919209043.5,1.4677983207339091e-05,6.0442778726017499e-12,6.0322918262863575e-07,99801.695974804126,0.029305919898248597,-3.9999861530760899e-13
951,8.1581027894108952e-12,5.865068385384789e-15,ELECTRODE_ATTACHMENT,CONFIRMED,6.4370888218127367e-05,22358643.448081058,8.4913608332263024,2740167479499133.5,1.4674398162846368e-05,6.0442778793642737e-12,6.0337655517741305e-07,99826.07802288454,0.029297607415647728,-4.0036314726396333e-13
952,8.163967857816345e-12,5.8650684054491758e-15,ELECTRODE_ATTACHMENT,CONFIRMED,6.4372015794008015e-05,22358643.433434635,8.4913608276638861,2739493930173788,1.4670791110155405e-05,6.0442778860874225e-12,6.0352490512055349e-07,99850.621777290056,0.029289253662171159,-4.0072754088981578e-13
953,8.1698329262418879e-12,5.8650684255433831e-15,ELECTRODE_ATTACHMENT,CONFIRMED,6.4373141988158442e-05,22358643.418874107,8.4913608221340926,2738816273466665.5,1.4667162061228097e-05,6.0442778927711444e-12,6.0367423335463094e-07,99875.327386355828,0.029280858661426771,-4.0109179545779595e-13
954,8.1756979946875545e-12,5.865068445667422e-15,ELECTRODE_ATTACHMENT,CONFIRMED,6.4374266800682151e-05,22358643.404399611,8.4913608166369716,2738134511623798.5,1.4663511028092593e-05,6.0442778994153741e-12,6.0382454078269552e-07,99900.194999488653,0.029272422437146662,-4.0145591024064082e-13
955,8.1815630631533756e-12,5.8650684658212704e-15,ELECTRODE_ATTACHMENT,CONFIRMED,6.4375390231697629e-05,22358643.390011419,8.4913608111726262,2737448646903587.5,1.4659838022843273e-05,6.044277906019988e-12,6.03975828314284e-07,99925.224767169508,0.02926394501318743,-4.0181988451119484e-13
956,8.1874281316393802e-12,5.8650684860049441e-15,ELECTRODE_ATTACHMENT,CONFIRMED,6.437651228133837e-05,22358643.375709593,8.491360805741083,2736758681576796,1.4656143057640737e-05,6.0442779125849546e-12,6.0412809686543127e-07,99950.416840952967,0.029255426413529021,-4.0218371754241323e-13
957,8.1932932001455991e-12,5.8650685062184311e-15,ELECTRODE_ATTACHMENT,CONFIRMED,6.4377632949752557e-05,22358643.361494422,8.4913608003424486,2736064617926543,1.4652426144711737e-05,6.0442779191101471e-12,6.0428134735868296e-07,99975.771373472293,0.029246866662276064,-4.0254740860736453e-13
958,8.1991582686720612e-12,5.8650685264617426e-15,ELECTRODE_ATTACHMENT,CONFIRMED,6.437875223710297e-05,22358643.347365946,8.4913607949767389,2735366458248299,1.4648687296349178e-05,6.0442779255955436e-12,6.0443558072310598e-07,100001.28851843801,0.029238265783656299,-4.0291095697923155e-13
959,8.2050233372187958e-12,5.8650685467348723e-15,ELECTRODE_ATTACHMENT,CONFIRMED,6.4379870143566848e-05,22358643.333324403,8.4913607896440446,2734664204849879,1.4644926524912083e-05,6.0442779320410343e-12,6.0459079789430043e-07,100026.96843064296,0.02922962380202198,-4.0327436193131636e-13
960,8.2108884057858334e-12,5.8650685670378154e-15,ELECTRODE_ATTACHMENT,CONFIRMED,6.4380986669335688e-05,22358643.319369953,8.4913607843444261,2733957860051437.5,1.4641143842825539e-05,6.0442779384465456e-12,6.0474699981441236e-07,100052.81126596237,0.029220940741848892,-4.0363762273704057e-13
961,8.2167534743732032e-12,5.8650685873705601e-15,ELECTRODE_ATTACHMENT,CONFIRMED,6.4382101814615164e-05,22358643.305502739,8.4913607790779384,2733247426185461.5,1.4637339262580686e-05,6.0442779448120163e-12,6.0490418743214485e-07,100078.81718135615,0.029212216627736463,-4.0400073866994794e-13
962,8.2226185429809358e-12,5.8650686077331253e-15,ELECTRODE_ATTACHMENT,CONFIRMED,6.438321557962484e-05,22358643.291722946,8.4913607738446526,2732532905596765.5,1.4633512796734694e-05,6.0442779511373533e-12,6.0506236170276998e-07,100104.98633487152,0.029203451484408071,-4.0436370900370786e-13
963,8.228483611609062e-12,5.8650686281254952e-15,ELECTRODE_ATTACHMENT,CONFIRMED,6.4384327964598213e-05,22358643.278030779,8.4913607686446433,2731814300642484.5,1.4629664457910685e-05,6.0442779574224704e-12,6.0522152358814239e-07,100131.31888564466,0.029194645336710616,-4.0472653301211665e-13
964,8.2343486802576092e-12,5.8650686485476762e-15,ELECTRODE_ATTACHMENT,CONFIRMED,6.4385438969782413e-05,22358643.264426302,8.4913607634779389,2731091613692069,1.4625794258797749e-05,6.0442779636673358e-12,6.053816740567101e-07,100157.81499390173,0.029185798209614183,-4.050892099690999e-13
965,8.2402137489266082e-12,5.8650686689996628e-15,ELECTRODE_ATTACHMENT,CONFIRMED,6.4386548595438096e-05,22358643.250909775,8.4913607583446353,2730364847127278.5,1.4621902212150905e-05,6.0442779698718294e-12,6.055428140835265e-07,100184.47482096314,0.029176910128213034,-4.0545173914871581e-13
966,8.2460788176160895e-12,5.8650686894814643e-15,ELECTRODE_ATTACHMENT,CONFIRMED,6.4387656841839348e-05,22358643.237481367,8.4913607532447966,2729634003342174.5,1.4617988330791044e-05,6.0442779760358711e-12,6.0570494465026446e-07,100211.29852924385,0.029167981117724583,-4.0581411982515781e-13
967,8.2519438863260824e-12,5.8650687099930611e-15,ELECTRODE_ATTACHMENT,CONFIRMED,6.4388763709273496e-05,22358643.224141177,8.4913607481784616,2728899084743115.5,1.4614052627604895e-05,6.0442779821594221e-12,6.0586806674522825e-07,100238.28628225526,0.029159011203489273,-4.0617635127275435e-13
968,8.2578089550566174e-12,5.865068730534465e-15,ELECTRODE_ATTACHMENT,CONFIRMED,6.4389869198040931e-05,22358643.210889425,8.4913607431457141,2728160093748750,1.461009511554503e-05,6.0442779882423742e-12,6.0603218136336512e-07,100265.43824460897,0.029150000410971454,-4.0653843276597453e-13
969,8.2636740238077237e-12,5.8650687511056713e-15,ELECTRODE_ATTACHMENT,CONFIRMED,6.4390973308455057e-05,22358643.197726235,8.4913607381466001,2727417032790011,1.4606115807629791e-05,6.0442779942846758e-12,6.0619728950627946e-07,100292.75458201709,0.029140948765758297,-4.0690036357942861e-13
970,8.2695390925794304e-12,5.8650687717066721e-15,ELECTRODE_ATTACHMENT,CONFIRMED,6.4392076040842083e-05,22358643.184651852,8.4913607331812138,2726669904310109.5,1.4602114716943288e-05,6.0442780002862104e-12,6.0636339218224402e-07,100320.235461296,0.029131856293560663,-4.0726214298787151e-13
971,8.2754041613717681e-12,5.8650687923374657e-15,ELECTRODE_ATTACHMENT,CONFIRMED,6.4393177395540916e-05,22358643.17166632,8.4913607282495729,2725918710764527,1.4598091856635327e-05,6.0442780062469587e-12,6.0653049040621519e-07,100347.88105036633,0.029122723020211835,-4.0762377026620256e-13
972,8.2812692301847659e-12,5.8650688129980634e-15,ELECTRODE_ATTACHMENT,CONFIRMED,6.4394277372903001e-05,22358643.15876992,8.4913607233517805,2725163454621011,1.4594047239921399e-05,6.0442780121667963e-12,6.0669858519984398e-07,100375.691518258,0.02911354897166897,-4.0798524468947199e-13
973,8.2871342990184546e-12,5.8650688336884603e-15,ELECTRODE_ATTACHMENT,CONFIRMED,6.4395375973292222e-05,22358643.145962793,8.4913607184878916,2724404138359567.5,1.4589980880082663e-05,6.0442780180456537e-12,6.0686767759148938e-07,100403.66703510983,0.029104334174011835,-4.0834656553288135e-13
974,8.2929993678728632e-12,5.8650688544086287e-15,ELECTRODE_ATTACHMENT,CONFIRMED,6.4396473197084718e-05,22358643.133245081,8.4913607136579614,2723640764472454,1.4585892790465875e-05,6.044278023883468e-12,6.0703776861623274e-07,100431.80777217278,0.029095078653443095,-4.0870773207178312e-13
975,8.2988644367480223e-12,5.8650688751586051e-15,ELECTRODE_ATTACHMENT,CONFIRMED,6.4397569044668794e-05,22358643.120616935,8.4913607088620484,2722873335464174.5,1.4581782984483378e-05,6.0442780296801663e-12,6.0720885931588965e-07,100460.11390181206,0.029085782436288406,-4.0906874358168846e-13
976,8.3047295056439612e-12,5.8650688959383578e-15,ELECTRODE_ATTACHMENT,CONFIRMED,6.4398663516444752e-05,22358643.108078539,8.4913607041002184,2722101853851471.5,1.4577651475613049e-05,6.044278035435668e-12,6.0738095073902474e-07,100488.58559750968,0.029076445548996292,-4.0942959933826533e-13
977,8.3105945745607088e-12,5.8650689167478916e-15,ELECTRODE_ATTACHMENT,CONFIRMED,6.4399756612824833e-05,22358643.095630098,8.4913606993725512,2721326322163320.5,1.4573498277398291e-05,6.0442780411498778e-12,6.0755404394096378e-07,100517.22303386647,0.029067068018138194,-4.0979029861734316e-13
978,8.3164596434982958e-12,5.8650689375872112e-15,ELECTRODE_ATTACHMENT,CONFIRMED,6.4400848334232973e-05,22358643.083271705,8.4913606946790843,2720546742940923,1.456932340344797e-05,6.0442780468227527e-12,6.0772813998380815e-07,100546.02638660339,0.029057649870407841,-4.1015084069491373e-13
979,8.3223247124567515e-12,5.8650689584563087e-15,ELECTRODE_ATTACHMENT,CONFIRMED,6.4401938681104751e-05,22358643.071003605,8.4913606900199081,2719763118737699.5,1.4565126867436387e-05,6.0442780524541781e-12,6.0790323993644896e-07,100574.99583256598,0.029048191132622123,-4.1051122484713449e-13
980,8.3281897814361063e-12,5.8650689793551936e-15,ELECTRODE_ATTACHMENT,CONFIRMED,6.4403027653887304e-05,22358643.058825836,8.491360685395037,2718975452119283,1.4560908683103253e-05,6.0442780580441419e-12,6.0807934487457939e-07,100604.13154972337,0.029038691831719799,-4.1087145035033101e-13
981,8.3340548504363895e-12,5.8650690002838486e-15,ELECTRODE_ATTACHMENT,CONFIRMED,6.4404115253039062e-05,22358643.04673871,8.4913606808045916,2718183745663513,1.455666886425364e-05,6.0442780635924946e-12,6.082564558807101e-07,100633.43371717499,0.029029151994763087,-4.1123151648099958e-13
982,8.3399199194576316e-12,5.8650690212422712e-15,ELECTRODE_ATTACHMENT,CONFIRMED,6.440520147902978e-05,22358643.034742348,8.4913606762486147,2717388001960427.5,1.455240742475795e-05,6.044278069099187e-12,6.0843457404418243e-07,100662.90251514866,0.029019571648935968,-4.1159142251580838e-13
983,8.3457849884998619e-12,5.8650690422304607e-15,ELECTRODE_ATTACHMENT,CONFIRMED,6.4406286332340304e-05,22358643.022836879,8.4913606717271595,2716588223612257.5,1.4548124378551882e-05,6.0442780745641561e-12,6.0861370046118246e-07,100692.5381250049,0.029009950821544877,-4.1195116773159965e-13
984,8.3516500575631109e-12,5.8650690632484265e-15,ELECTRODE_ATTACHMENT,CONFIRMED,6.4407369813462509e-05,22358643.01102249,8.4913606672402917,2715784413233418.5,1.4543819739636386e-05,6.0442780799873186e-12,6.0879383623475569e-07,100722.34072923941,0.029000289540018719,-4.1231075140539492e-13
985,8.3575151266474079e-12,5.8650690842961545e-15,ELECTRODE_ATTACHMENT,CONFIRMED,6.4408451922899138e-05,22358642.999299347,8.4913606627880807,2714976573450505.5,1.4539493522077644e-05,6.0442780853685945e-12,6.0897498247482062e-07,100752.31051148499,0.02899058783190862,-4.1267017281439434e-13
986,8.3633801957527817e-12,5.865069105373643e-15,ELECTRODE_ATTACHMENT,CONFIRMED,6.4409532661163739e-05,22358642.98766762,8.491360658370585,2714164706902284.5,1.4535145740007008e-05,6.0442780907079065e-12,6.0915714029818406e-07,100782.44765651402,0.02898084572488788,-4.1302943123598093e-13
987,8.3692452648792633e-12,5.865069126480885e-15,ELECTRODE_ATTACHMENT,CONFIRMED,6.4410612028780454e-05,22358642.976127476,8.4913606539878721,2713348816239686,1.4530776407620978e-05,6.0442780960051792e-12,6.0934031082855496e-07,100812.75235024077,0.02897106324675185,-4.1338852594772121e-13
988,8.3751103340268815e-12,5.86506914761789e-15,ELECTRODE_ATTACHMENT,CONFIRMED,6.4411690026283999e-05,22358642.964679021,8.4913606496399794,2712528904125799,1.4526385539181163e-05,6.044278101260365e-12,6.0952449519655958e-07,100843.22477972353,0.02896124042541778,-4.1374745622736858e-13
989,8.3809754031956655e-12,5.8650691687846555e-15,ELECTRODE_ATTACHMENT,CONFIRMED,6.4412766654219525e-05,22358642.953322582,8.4913606453270329,2711704973235862,1.4521973149014239e-05,6.0442781064733138e-12,6.0970969453975531e-07,100873.86513316902,0.028951377288925623,-4.1410622135286812e-13
990,8.3868404723856461e-12,5.8650691899811658e-15,ELECTRODE_ATTACHMENT,CONFIRMED,6.4413841913142414e-05,22358642.942058153,8.491360641049031,2710877026257258,1.4517539251511929e-05,6.0442781116440263e-12,6.0989591000264609e-07,100904.67359993073,0.028941473865436131,-4.1446482060235359e-13
991,8.3927055415968539e-12,5.8650692112074201e-15,ELECTRODE_ATTACHMENT,CONFIRMED,6.4414915803618321e-05,22358642.930885956,8.491360636806057,2710045065889506.5,1.4513083861130927e-05,6.0442781167724023e-12,6.1008314273669752e-07,100935.65037051558,0.0289315301832326,-4.1482325325415377e-13
992,8.3985706108293179e-12,5.8650692324634262e-15,ELECTRODE_ATTACHMENT,CONFIRMED,6.441598832622289e-05,22358642.91980616,8.491360632598175,2709209094844255,1.4508606992392905e-05,6.0442781218583611e-12,6.1027139390035123e-07,100966.79563658439,0.02892154627072005,-4.1518151858679487e-13
993,8.4044356800830673e-12,5.8650692537491701e-15,ELECTRODE_ATTACHMENT,CONFIRMED,6.4417059481541793e-05,22358642.908818912,8.4913606284254399,2708369115845274,1.4504108659884434e-05,6.0442781269018388e-12,6.1046066465904082e-07,100998.10959095445,0.028911522156424965,-4.1553961587900074e-13
994,8.4103007493581327e-12,5.8650692750646485e-15,ELECTRODE_ATTACHMENT,CONFIRMED,6.4418129270170542e-05,22358642.897924434,8.4913606242879371,2707525131628449,1.4499588878256973e-05,6.044278131902732e-12,6.1065095618520609e-07,101029.59242760291,0.028901457868995797,-4.1589754440969726e-13
995,8.4161658186545433e-12,5.8650692964098694e-15,ELECTRODE_ATTACHMENT,CONFIRMED,6.4419197692714379e-05,22358642.88712284,8.4913606201857093,2706677144941772,1.4495047662226816e-05,6.0442781368609916e-12,6.1084226965830941e-07,101061.24434166783,0.028891353437202168,-4.1625530345801305e-13
996,8.4220308879723281e-12,5.8650693177848239e-15,ELECTRODE_ATTACHMENT,CONFIRMED,6.442026474978817e-05,22358642.876414306,8.4913606161188255,2705825158545336,1.4490485026575068e-05,6.0442781417765293e-12,6.1103460626484996e-07,101093.06552945216,0.028881208889935457,-4.1661289230328376e-13
997,8.4278959573115178e-12,5.8650693391894996e-15,ELECTRODE_ATTACHMENT,CONFIRMED,6.4421330442016345e-05,22358642.865799021,8.4913606120873553,2704969175211327,1.4485900986147575e-05,6.0442781466492661e-12,6.1122796719838071e-07,101125.05618842572,0.028871024256208373,-4.169703102250528e-13
998,8.4337610266721416e-12,5.8650693606238996e-15,ELECTRODE_ATTACHMENT,CONFIRMED,6.4422394770032718e-05,22358642.855277099,8.4913606080913411,2704109197724015.5,1.4481295555854917e-05,6.0442781514791463e-12,6.1142235365952279e-07,101157.21651722737,0.028860799565154829,-4.1732755650307355e-13
999,8.43962609605423e-12,5.8650693820880247e-15,ELECTRODE_ATTACHMENT,CONFIRMED,6.4423457734480422e-05,22358642.844848752,8.4913606041308665,2703245228879751,1.4476668750672361e-05,6.044278156266072e-12,6.116177668559815e-07,101189.54671566869,0.028850534846030292,-4.1768463041731406e-13
1000,8.4454911654578121e-12,5.8650694035818693e-15,ELECTRODE_ATTACHMENT,CONFIRMED,6.4424519336011809e-05,22358642.834514081,8.4913606002059669,2702377271486952.5,1.4472020585639806e-05,6.044278161009994e-12,6.1181420800256269e-07,101222.04698473524,0.028840230128211075,-4.1804153124795707e-13
1001,8.4513562348829172e-12,5.8650694251054247e-15,ELECTRODE_ATTACHMENT,CONFIRMED,6.442557957528835e-05,22358642.824273363,8.4913605963167491,2701505328366103,1.4467351075861735e-05,6.0442781657107968e-12,6.12011678321189e-07,101254.71752659111,0.028829885441195115,-4.1839825827540345e-13
1002,8.4572213043295757e-12,5.8650694466586926e-15,ELECTRODE_ATTACHMENT,CONFIRMED,6.4426638452980489e-05,22358642.814126618,8.4913605924632201,2700629402349740.5,1.4462660236507244e-05,6.0442781703684553e-12,6.1221017904091351e-07,101287.55854457863,0.028819500814600739,-4.1875481078027339e-13
1003,8.4630863737978169e-12,5.8650694682416698e-15,ELECTRODE_ATTACHMENT,CONFIRMED,6.4427695969767587e-05,22358642.804074179,8.4913605886455077,2699749496282450.5,1.4457948082809885e-05,6.0442781749828291e-12,6.1240971139793992e-07,101320.57024322507,0.028809076278168054,-4.1911118804341167e-13
1004,8.4689514432876715e-12,5.8650694898543453e-15,ELECTRODE_ATTACHMENT,CONFIRMED,6.4428752126337828e-05,22358642.794115968,8.49136058486358,2698865613020859.5,1.4453214630067739e-05,6.0442781795539487e-12,6.1261027663563478e-07,101353.7528282399,0.028798611861756862,-4.1946738934588548e-13
1005,8.4748165127991684e-12,5.8650695114967269e-15,ELECTRODE_ATTACHMENT,CONFIRMED,6.4429806923388069e-05,22358642.784252375,8.4913605811175863,2697977755433626,1.4448459893643292e-05,6.044278184081634e-12,6.1281187600454684e-07,101387.10650652445,0.028788107595349326,-4.1982341396899231e-13
1006,8.4806815823323368e-12,5.8650695331688012e-15,ELECTRODE_ATTACHMENT,CONFIRMED,6.443086036162376e-05,22358642.774483558,8.4913605774075869,2697085926401433.5,1.444368388896344e-05,6.0442781885658149e-12,6.1301451076242199e-07,101420.6314861689,0.028777563509047536,-4.2017926119425755e-13
1007,8.4865466518872074e-12,5.8650695548705761e-15,ELECTRODE_ATTACHMENT,CONFIRMED,6.4431912441758888e-05,22358642.764809534,8.4913605737335889,2696190128816983,1.4438886631519446e-05,6.0442781930064847e-12,6.1321818217421996e-07,101454.32797645587,0.028766979633073817,-4.2053493030343916e-13
1008,8.4924117214638093e-12,5.8650695766020279e-15,ELECTRODE_ATTACHMENT,CONFIRMED,6.4432963164515818e-05,22358642.755230557,8.4913605700956865,2695290365584984,1.4434068136866864e-05,6.0442781974035216e-12,6.1342289151213184e-07,101488.19618786636,0.028756355997771915,-4.2089042057852967e-13
1009,8.4982767910621731e-12,5.8650695983631725e-15,ELECTRODE_ATTACHMENT,CONFIRMED,6.4434012530625287e-05,22358642.745746717,8.4913605664939169,2694386639622148.5,1.4429228420625537e-05,6.04427820175689e-12,6.1362864005559581e-07,101522.23633207889,0.028745692633605508,-4.2124573130175867e-13
1010,8.5041418606823264e-12,5.8650696201539964e-15,ELECTRODE_ATTACHMENT,CONFIRMED,6.4435060540826166e-05,22358642.736358341,8.491360562928401,2693478953857181,1.4424367498479516e-05,6.0442782060664412e-12,6.1383542909131559e-07,101556.44862197597,0.028734989571159494,-4.216008617555961e-13
1011,8.5100069303243013e-12,5.8650696419744862e-15,ELECTRODE_ATTACHMENT,CONFIRMED,6.4436107195865497e-05,22358642.727065392,8.4913605593991264,2692567311230772.5,1.4419485386177076e-05,6.0442782103321833e-12,6.1404325991327492e-07,101590.8332716419,0.028724246841138053,-4.2195581122275065e-13
1012,8.5158719999881255e-12,5.8650696638246656e-15,ELECTRODE_ATTACHMENT,CONFIRMED,6.4437152496498332e-05,22358642.717868172,8.4913605559062084,2691651714695591.5,1.4414582099530596e-05,6.0442782145539839e-12,6.1425213382275803e-07,101625.39049637121,0.028713464474366623,-4.2231057898617895e-13
1013,8.5217370696738296e-12,5.865069685704492e-15,ELECTRODE_ATTACHMENT,CONFIRMED,6.4438196443487693e-05,22358642.708766785,8.4913605524496845,2690732167216276.5,1.4409657654416582e-05,6.0442782187317945e-12,6.1446205212836392e-07,101660.12051266724,0.028702642501790318,-4.2266516432908035e-13
1014,8.5276021393814443e-12,5.8650697076140039e-15,ELECTRODE_ATTACHMENT,CONFIRMED,6.4439239037604405e-05,22358642.69976142,8.4913605490296309,2689808671769428,1.4404712066775594e-05,6.044278222865527e-12,6.1467301614602538e-07,101695.0235382473,0.028691780954474635,-4.230195665349062e-13
1015,8.533467209110997e-12,5.86506972955317e-15,ELECTRODE_ATTACHMENT,CONFIRMED,6.4440280279627076e-05,22358642.690852217,8.4913605456460957,2688881231343599.5,1.4399745352612198e-05,6.0442782269551225e-12,6.148850271990261e-07,101730.09979204445,0.028680879863604895,-4.2337378488735777e-13
1016,8.5393322788625185e-12,5.8650697515219767e-15,ELECTRODE_ATTACHMENT,CONFIRMED,6.4441320170341982e-05,22358642.682039347,8.4913605422991445,2687949848939291,1.4394757527994954e-05,6.0442782310004953e-12,6.1509808661801757e-07,101765.34949421113,0.028669939260486645,-4.2372781867038907e-13
1017,8.5451973486360394e-12,5.8650697735204422e-15,ELECTRODE_ATTACHMENT,CONFIRMED,6.4442358710542936e-05,22358642.673322976,8.4913605389888431,2687014527568939,1.4389748609056325e-05,6.0442782350015712e-12,6.1531219574103836e-07,101800.77286612177,0.02865895917654521,-4.2408166716821145e-13
1018,8.5510624184315873e-12,5.8650697955485523e-15,ELECTRODE_ATTACHMENT,CONFIRMED,6.4443395901031298e-05,22358642.664703272,8.4913605357152537,2686075270256910.5,1.4384718611992677e-05,6.0442782389582782e-12,6.1552735591353032e-07,101836.37013037565,0.028647939643325748,-4.2443532966529425e-13
1019,8.5569274882491943e-12,5.8650698176063062e-15,ELECTRODE_ATTACHMENT,CONFIRMED,6.4444431742615774e-05,22358642.656180359,8.4913605324784243,2685132080039493,1.4379667553064214e-05,6.0442782428705509e-12,6.1574356848835712e-07,101872.1415107998,0.028636880692493077,-4.2478880544636664e-13
1020,8.5627925580888881e-12,5.8650698396936968e-15,ELECTRODE_ATTACHMENT,CONFIRMED,6.4445466236112418e-05,22358642.647754535,8.4913605292784666,2684184959964886.5,1.4374595448594931e-05,6.0442782467382568e-12,6.1596083482582242e-07,101908.08723245334,0.028625782355832203,-4.2514209379642293e-13
1021,8.5686576279506993e-12,5.8650698618107266e-15,ELECTRODE_ATTACHMENT,CONFIRMED,6.4446499382344517e-05,22358642.639425732,8.491360526115356,2683233913093196.5,1.4369502314972578e-05,6.0442782505614282e-12,6.1617915629368804e-07,101944.20752162654,0.028614644665246471,-4.2549519400072075e-13
1022,8.5745226978346569e-12,5.865069883957382e-15,ELECTRODE_ATTACHMENT,CONFIRMED,6.4447531182142462e-05,22358642.631194305,8.4913605229892255,2682278942496424,1.436438816864862e-05,6.0442782543399012e-12,6.1639853426719179e-07,101980.50260584983,0.028603467652760166,-4.2584810534478725e-13
1023,8.5803877677407901e-12,5.8650699061336528e-15,ELECTRODE_ATTACHMENT,CONFIRMED,6.4448561636343746e-05,22358642.623060334,8.4913605199001072,2681320051258458.5,1.4359253026138173e-05,6.0442782580736386e-12,6.1661897012906648e-07,102016.97271389158,0.028592251350516087,-4.2620082711441901e-13
1024,8.5862528376691295e-12,5.8650699283395398e-15,ELECTRODE_ATTACHMENT,CONFIRMED,6.4449590745792811e-05,22358642.615024038,8.4913605168480846,2680357242475068.5,1.4354096904019978e-05,6.0442782617625426e-12,6.1684046526955765e-07,102053.61807576407,0.028580995790776768,-4.265533585956856e-13
1025,8.5921179076197042e-12,5.8650699505750485e-15,ELECTRODE_ATTACHMENT,CONFIRMED,6.4450618511341002e-05,22358642.607085507,8.4913605138331913,2679390519253893.5,1.4348919818936362e-05,6.0442782654065656e-12,6.1706302108644246e-07,102090.43892272488,0.028569701005923678,-4.269056990749306e-13
1026,8.597982977592545e-12,5.8650699728401664e-15,ELECTRODE_ATTACHMENT,CONFIRMED,6.4451644933846477e-05,22358642.599244952,8.4913605108555075,2678419884714436.5,1.4343721787593151e-05,6.0442782690056164e-12,6.1728663898504937e-07,102127.43548728163,0.02855836702845771,-4.2725784783877715e-13
1027,8.6038480475876792e-12,5.865069995134876e-15,ELECTRODE_ATTACHMENT,CONFIRMED,6.4452670014174146e-05,22358642.591502506,8.4913605079150827,2677445341988053.5,1.4338502826759682e-05,6.0442782725596334e-12,6.1751132037827507e-07,102164.6080031936,0.028546993890998695,-4.2760980417412595e-13
1028,8.6097131176051377e-12,5.865070017459197e-15,ELECTRODE_ATTACHMENT,CONFIRMED,6.4453693753195531e-05,22358642.583858304,8.4913605050119685,2676466894217946.5,1.4333262953268707e-05,6.0442782760685529e-12,6.1773706668660535e-07,102201.95670547566,0.028535581626285424,-4.2796156736816103e-13
1029,8.615578187644951e-12,5.8650700398131067e-15,ELECTRODE_ATTACHMENT,CONFIRMED,6.4454716151788753e-05,22358642.576312568,8.4913605021462519,2675484544559154,1.4328002184016376e-05,6.0442782795322724e-12,6.179638793381329e-07,102239.48183040194,0.028524130267175894,-4.2831313670835101e-13
1030,8.6214432577071482e-12,5.8650700621965971e-15,ELECTRODE_ATTACHMENT,CONFIRMED,6.4455737210838401e-05,22358642.568865482,8.4913604993179987,2674498296178543.5,1.432272053596218e-05,6.044278282950711e-12,6.181917597685773e-07,102277.18361550799,0.028512639846646804,-4.2866451148245106e-13
1031,8.6273083277917586e-12,5.865070084609676e-15,ELECTRODE_ATTACHMENT,CONFIRMED,6.4456756931235499e-05,22358642.561517149,8.4913604965272498,2673508152254802,1.4317418026128922e-05,6.0442782863238186e-12,6.184207094213031e-07,102315.06229959373,0.028501110397793367,-4.2901569097850542e-13
1032,8.633173397898811e-12,5.8650701070523412e-15,ELECTRODE_ATTACHMENT,CONFIRMED,6.4457775313877413e-05,22358642.554267764,8.4913604937740796,2672514115978426.5,1.4312094671602637e-05,6.0442782896515048e-12,6.1865072974734087e-07,102353.118122728,0.028489541953829731,-4.2936667448485057e-13
1033,8.6390384680283362e-12,5.8650701295245753e-15,ELECTRODE_ATTACHMENT,CONFIRMED,6.4458792359667759e-05,22358642.547117379,8.4913604910585079,2671516190551717.5,1.4306750489532583e-05,6.0442782929337462e-12,6.1888182220540542e-07,102391.35132624993,0.028477934548088168,-4.2971746129011685e-13
1034,8.6449035381803634e-12,5.8650701520263632e-15,ELECTRODE_ATTACHMENT,CONFIRMED,6.4459808069516344e-05,22358642.540066306,8.4913604883806535,2670514379188767.5,1.4301385497131149e-05,6.0442782961704022e-12,6.1911398826191673e-07,102429.76215277538,0.028466288214020263,-4.3006805068323123e-13
1035,8.6507686083549215e-12,5.8650701745577185e-15,ELECTRODE_ATTACHMENT,CONFIRMED,6.4460822444339062e-05,22358642.533114664,8.4913604857405609,2669508685115454.5,1.4295999711673852e-05,6.0442782993614137e-12,6.1934722939101852e-07,102468.35084619671,0.02845460298519541,-4.304184419534184e-13
1036,8.6566336785520397e-12,5.8650701971186355e-15,ELECTRODE_ATTACHMENT,CONFIRMED,6.4461835485057892e-05,22358642.5262626,8.4913604831382852,2668499111569432,1.4290593150499272e-05,6.0442783025067204e-12,6.1958154707459856e-07,102507.11765168753,0.028442878895301355,-4.3076863439020602e-13
1037,8.6624987487717486e-12,5.8650702197090938e-15,ELECTRODE_ATTACHMENT,CONFIRMED,6.4462847192600734e-05,22358642.519510191,8.4913604805738565,2667485661800120.5,1.4285165831009004e-05,6.0442783056062776e-12,6.1981694280230857e-07,102546.06281570571,0.028431115978143934,-4.3111862728342284e-13
1038,8.6683638190140774e-12,5.8650702423291059e-15,ELECTRODE_ATTACHMENT,CONFIRMED,6.4463857567901385e-05,22358642.512857765,8.4913604780473992,2666468339068698,1.4279717770667597e-05,6.0442783086599433e-12,6.200534180715852e-07,102585.18658599874,0.02841931426764787,-4.3146841992320669e-13
1039,8.6742288892790567e-12,5.8650702649786578e-15,ELECTRODE_ATTACHMENT,CONFIRMED,6.4464866611899468e-05,22358642.50630533,8.4913604755589169,2665447146648091,1.4274248987002539e-05,6.0442783116677061e-12,6.2029097438766887e-07,102624.48921160307,0.028407473797854948,-4.3181801160000128e-13
1040,8.680093959566714e-12,5.8650702876577414e-15,ELECTRODE_ATTACHMENT,CONFIRMED,6.4465874325540353e-05,22358642.49985316,8.4913604731085144,2664422087822967,1.4268759497604164e-05,6.0442783146294481e-12,6.2052961326362586e-07,102663.97094285162,0.028395594602925702,-4.321674016045624e-13
1041,8.68595902987708e-12,5.8650703103663458e-15,ELECTRODE_ATTACHMENT,CONFIRMED,6.4466880709775076e-05,22358642.493501376,8.4913604706962342,2663393165889723.5,1.4263249320125647e-05,6.0442783175451095e-12,6.2076933622036715e-07,102703.63203137432,0.028383676717138137,-4.3251658922795729e-13
1042,8.6918241002101838e-12,5.8650703331044828e-15,ELECTRODE_ATTACHMENT,CONFIRMED,6.4467885765560269e-05,22358642.487250119,8.4913604683221333,2662360384156480,1.4257718472282937e-05,6.0442783204146232e-12,6.2101014478666959e-07,102743.4727301025,0.028371720174888086,-4.328655737615708e-13
1043,8.697689170566056e-12,5.8650703558721177e-15,ELECTRODE_ATTACHMENT,CONFIRMED,6.446888949385812e-05,22358642.481099505,8.4913604659862543,2661323745943068,1.4252166971854691e-05,6.0442783232379409e-12,6.2125204049919788e-07,102783.49329327227,0.02835972501068898,-4.3321435449710252e-13
1044,8.7035542409447258e-12,5.8650703786692907e-15,ELECTRODE_ATTACHMENT,CONFIRMED,6.446989189563628e-05,22358642.47504982,8.4913604636887072,2660283254581023.5,1.4246594836682256e-05,6.0442783260149292e-12,6.214950249025234e-07,102823.69397642929,0.028347691259172414,-4.3356293072657592e-13
1045,8.7094193113462223e-12,5.8650704014959591e-15,ELECTRODE_ATTACHMENT,CONFIRMED,6.447089297186778e-05,22358642.469101127,8.4913604614295135,2659238913413576,1.4241002084669602e-05,6.0442783287455582e-12,6.2173909954914678e-07,102864.07503642933,0.028335618955086773,-4.3391130174233485e-13
1046,8.7152843817705744e-12,5.8650704243521184e-15,ELECTRODE_ATTACHMENT,CONFIRMED,6.447189272353099e-05,22358642.463253606,8.4913604592087424,2658190725795640.5,1.4235388733783275e-05,6.0442783314297464e-12,6.2198426599951818e-07,102904.63673144428,0.028323508133298286,-4.3425946683704821e-13
1047,8.7211494522178129e-12,5.8650704472377692e-15,ELECTRODE_ATTACHMENT,CONFIRMED,6.4472891151609539e-05,22358642.457507402,8.4913604570264507,2657138695093807.5,1.4229754802052345e-05,6.0442783340674283e-12,6.2223052582205906e-07,102945.37932096455,0.028311358828790351,-4.3460742530371239e-13
1048,8.7270145226879653e-12,5.8650704701529029e-15,ELECTRODE_ATTACHMENT,CONFIRMED,6.4473888257092274e-05,22358642.45186273,8.4913604548827184,2656082824686333.5,1.4224100307568359e-05,6.0442783366585029e-12,6.2247788059318341e-07,102986.30306580353,0.028299171076663882,-4.3495517643565317e-13
1049,8.7328795931810623e-12,5.8650704930975345e-15,ELECTRODE_ATTACHMENT,CONFIRMED,6.447488404097315e-05,22358642.44631971,8.4913604527775917,2655023117963133,1.4218425268485301e-05,6.0442783392029153e-12,6.2272633189731875e-07,103027.40822809962,0.028286944912136621,-4.3530271952653012e-13
1050,8.7387446636971346e-12,5.8650705160716127e-15,ELECTRODE_ATTACHMENT,CONFIRMED,6.4475878504251179e-05,22358642.440878473,8.4913604507111202,2653959578325767,1.4212729703019524e-05,6.0442783417006065e-12,6.2297588132692833e-07,103068.69507132079,0.028274680370543398,-4.3565005387033411e-13
1051,8.7446097342362095e-12,5.8650705390751777e-15,ELECTRODE_ATTACHMENT,CONFIRMED,6.4476871647930372e-05,22358642.435539201,8.4913604486833716,2652892209187436,1.4207013629449707e-05,6.044278344151495e-12,6.2322653048253309e-07,103110.16386026851,0.02826237748733619,-4.3599717876139532e-13
1052,8.7504748047983179e-12,5.8650705621082019e-15,ELECTRODE_ATTACHMENT,CONFIRMED,6.4477863473019729e-05,22358642.430302158,8.4913604466944488,2651821013972968,1.4201277066116789e-05,6.0442783465554564e-12,6.2347828097273351e-07,103151.81486108172,0.028250036298084105,-4.3634409349438244e-13
1053,8.7563398753834888e-12,5.8650705851706854e-15,ELECTRODE_ATTACHMENT,CONFIRMED,6.4478853980533073e-05,22358642.425167337,8.4913604447443483,2650745996118811.5,1.419552003142398e-05,6.044278348912493e-12,6.2373113441422973e-07,103193.64834123722,0.028237656838472184,-4.3669079736430564e-13
1054,8.7622049459917513e-12,5.8650706082626044e-15,ELECTRODE_ATTACHMENT,CONFIRMED,6.4479843171489054e-05,22358642.420134984,8.4913604428331624,2649667159073024,1.4189742543836613e-05,6.0442783512224966e-12,6.2398509243184694e-07,103235.66456955804,0.028225239144302926,-4.3703728966651898e-13
1055,8.7680700166231345e-12,5.8650706313839677e-15,ELECTRODE_ATTACHMENT,CONFIRMED,6.4480831046911035e-05,22358642.415205225,8.4913604409609391,2648584506295263,1.4183944621882168e-05,6.0442783534854051e-12,6.2424015665855548e-07,103277.86381621394,0.02821278325149508,-4.3738356969672188e-13
1056,8.773935087277669e-12,5.8650706545347799e-15,ELECTRODE_ATTACHMENT,CONFIRMED,6.4481817607827139e-05,22358642.410378214,8.4913604391277371,2647498041256777,1.4178126284150201e-05,6.0442783557011457e-12,6.2449632873549325e-07,103320.2463527262,0.028200289196083979,-4.3772963675096401e-13
1057,8.779800157955384e-12,5.8650706777150127e-15,ELECTRODE_ATTACHMENT,CONFIRMED,6.4482802855270055e-05,22358642.405654263,8.4913604373336771,2646407767440395.5,1.4172287549292258e-05,6.0442783578695835e-12,6.2475361031198987e-07,103362.81245197247,0.028187757014221812,-4.3807549012564631e-13
1058,8.7856652286563085e-12,5.8650707009246573e-15,ELECTRODE_ATTACHMENT,CONFIRMED,6.448378679027704e-05,22358642.40103329,8.4913604355787236,2645313688340519,1.4166428436021896e-05,6.0442783599907485e-12,6.2501200304558654e-07,103405.56238818611,0.028175186742175912,-4.3842112911752062e-13
1059,8.7915302993804716e-12,5.8650707241637249e-15,ELECTRODE_ATTACHMENT,CONFIRMED,6.4484769413889888e-05,22358642.396515567,8.4913604338629849,2644215807463109,1.4160548963114546e-05,6.0442783620645185e-12,6.2527150860206229e-07,103448.49643696604,0.028162578416330891,-4.3876655302369646e-13
1060,8.797395370127904e-12,5.8650707474322084e-15,ELECTRODE_ATTACHMENT,CONFIRMED,6.4485750727154829e-05,22358642.39210128,8.4913604321865286,2643114128325679.5,1.4154649149407526e-05,6.0442783640908105e-12,6.2553212865545395e-07,103491.61487527675,0.028149932073187185,-4.3911176114164184e-13
1061,8.8032604408986348e-12,5.8650707707300753e-15,ELECTRODE_ATTACHMENT,CONFIRMED,6.4486730731122454e-05,22358642.38779052,8.4913604305493884,2642008654457285.5,1.4148729013799954e-05,6.0442783660695808e-12,6.257938648880811e-07,103534.91798145238,0.028137247749361015,-4.3945675276918357e-13
1062,8.8091255116926914e-12,5.8650707940573549e-15,ELECTRODE_ATTACHMENT,CONFIRMED,6.4487709426847706e-05,22358642.383583557,8.4913604289516691,2640899389398515,1.4142788575252712e-05,6.0442783680007034e-12,6.260567189905678e-07,103578.40603520247,0.028124525481585071,-4.3980152720451295e-13
1063,8.8149905825101062e-12,5.8650708174140133e-15,ELECTRODE_ATTACHMENT,CONFIRMED,6.4488686815389809e-05,22358642.379480436,8.4913604273933867,2639786336701478,1.4136827852788387e-05,6.044278369884159e-12,6.2632069266186724e-07,103622.07931761272,0.028111765306707146,-4.4014608374618583e-13
1064,8.8208556533509066e-12,5.8650708408000599e-15,ELECTRODE_ATTACHMENT,CONFIRMED,6.4489662897812176e-05,22358642.375481326,8.4913604258746052,2638669499929796,1.4130846865491214e-05,6.0442783717198698e-12,6.2658578760928442e-07,103665.93811115164,0.02809896726169115,-4.4049042169312555e-13
1065,8.8267207242151217e-12,5.8650708642154726e-15,ELECTRODE_ATTACHMENT,CONFIRMED,6.4490637675182393e-05,22358642.371586408,8.4913604243953937,2637548882658593.5,1.4124845632507019e-05,6.0442783735077553e-12,6.2685200554850037e-07,103709.98269967356,0.028086131383616667,-4.4083454034462565e-13
1066,8.8325857951027822e-12,5.8650708876602507e-15,ELECTRODE_ATTACHMENT,CONFIRMED,6.4491611148572141e-05,22358642.367795855,8.4913604229558182,2636424488474487.5,1.4118824173043188e-05,6.0442783752477354e-12,6.2711934820359462e-07,103754.21336842234,0.028073257709678796,-4.411784390003524e-13
1067,8.8384508660139172e-12,5.8650709111343846e-15,ELECTRODE_ATTACHMENT,CONFIRMED,6.4492583319057152e-05,22358642.36410984,8.4913604215559442,2635296320975576.5,1.4112782506368583e-05,6.0442783769397269e-12,6.2738781730707102e-07,103798.63040403562,0.028060346277188092,-4.415221169603452e-13
1068,8.8443159369485558e-12,5.8650709346378895e-15,ELECTRODE_ATTACHMENT,CONFIRMED,6.4493554187717127e-05,22358642.360528484,8.4913604201958179,2634164383771432,1.4106720651813526e-05,6.0442783785836756e-12,6.2765741459987915e-07,103843.23409454792,0.028047397123570263,-4.4186557352502315e-13
1069,8.850181007906727e-12,5.865070958170721e-15,ELECTRODE_ATTACHMENT,CONFIRMED,6.4494523755635755e-05,22358642.357051894,8.4913604188754785,2633028680483087,1.4100638628769696e-05,6.0442783801795356e-12,6.2792814183144147e-07,103888.02472939539,0.028034410286366163,-4.4220880799518268e-13
1070,8.8560460788884599e-12,5.8650709817328902e-15,ELECTRODE_ATTACHMENT,CONFIRMED,6.4495492023900543e-05,22358642.353680387,8.4913604175950486,2631889214743027.5,1.409453645669011e-05,6.0442783817271607e-12,6.2820000075967545e-07,103933.00259942138,0.028021385803232528,-4.4255181967200205e-13
1071,8.8619111498937836e-12,5.8650710053244028e-15,ELECTRODE_ATTACHMENT,CONFIRMED,6.4496458993602878e-05,22358642.350414,8.4913604163545422,2630745990195180,1.4088414155089067e-05,6.0442783832265273e-12,6.2847299315101832e-07,103978.16799687673,0.02800832371194021,-4.4289460785704535e-13
1072,8.8677762209227289e-12,5.8650710289452388e-15,ELECTRODE_ATTACHMENT,CONFIRMED,6.4497424665837884e-05,22358642.347252905,8.4913604151540216,2629599010494903.5,1.4082271743542077e-05,6.0442783846775669e-12,6.2874712078045229e-07,104023.52121542676,0.027995224050375394,-4.4323717185226194e-13
1073,8.8736412919753247e-12,5.8650710525953834e-15,ELECTRODE_ATTACHMENT,CONFIRMED,6.4498389041704428e-05,22358642.34419721,8.4913604139935295,2628448279308978,1.4076109241685824e-05,6.0442783860802245e-12,6.2902238543152848e-07,104069.06255015428,0.027982086856538916,-4.4357951095999007e-13
1074,8.8795063630516001e-12,5.8650710762748255e-15,ELECTRODE_ATTACHMENT,CONFIRMED,6.4499352122305062e-05,22358642.341247171,8.4913604128731652,2627293800315594.5,1.4069926669218085e-05,6.0442783874343797e-12,6.2929878889639295e-07,104114.79229756523,0.027968912168546863,-4.4392162448296014e-13
1075,8.8853714341515843e-12,5.8650710999835691e-15,ELECTRODE_ATTACHMENT,CONFIRMED,6.4500313908745944e-05,22358642.338402912,8.4913604117929733,2626135577204345.5,1.4063724045897708e-05,6.0442783887399801e-12,6.2957633297581e-07,104160.71075559022,0.027955700024629451,-4.442635117242948e-13
1076,8.8912365052753064e-12,5.8650711237216141e-15,ELECTRODE_ATTACHMENT,CONFIRMED,6.4501274402136753e-05,22358642.335664563,8.4913604107530034,2624973613676212.5,1.4057501391544536e-05,6.0442783899969659e-12,6.2985501947918834e-07,104206.81822359021,0.027942450463131527,-4.4460517198751383e-13
1077,8.8971015764227953e-12,5.8650711474889432e-15,ELECTRODE_ATTACHMENT,CONFIRMED,6.450223360359079e-05,22358642.333032314,8.4913604097533284,2623807913443558.5,1.4051258726039345e-05,6.0442783912052498e-12,6.3013485022460668e-07,104253.11500236104,0.027929163522512481,-4.4494660457653521e-13
1078,8.9029666475940802e-12,5.8650711712855469e-15,ELECTRODE_ATTACHMENT,CONFIRMED,6.4503191514224729e-05,22358642.330506321,8.4913604087940069,2622638480230115,1.4044996069323815e-05,6.0442783923647559e-12,6.304158270388379e-07,104299.60139413679,0.027915839241345983,-4.4528780879567768e-13
1079,8.9088317187891918e-12,5.8650711951114174e-15,ELECTRODE_ATTACHMENT,CONFIRMED,6.4504148135158699e-05,22358642.328086689,8.4913604078750797,2621465317770973,1.4038713441400448e-05,6.0442783934754405e-12,6.306979517573756e-07,104346.27770259377,0.027902477658319731,-4.456287839496618e-13
1080,8.9146967900081592e-12,5.8650712189665562e-15,ELECTRODE_ATTACHMENT,CONFIRMED,6.4505103467516205e-05,22358642.325773578,8.4913604069966073,2620288429812571.5,1.4032410862332521e-05,6.0442783945372286e-12,6.3098122622445955e-07,104393.14423285589,0.027889078812235728,-4.4596952934361576e-13
1081,8.9205618612510098e-12,5.8650712428509443e-15,ELECTRODE_ATTACHMENT,CONFIRMED,6.4506057512424058e-05,22358642.323567182,8.4913604061586625,2619107820112688.5,1.402608835224403e-05,6.0442783955500281e-12,6.3126565229310148e-07,104440.20129149866,0.027875642742010071,-4.463100442830741e-13
1082,8.9264269325177743e-12,5.8650712667645787e-15,ELECTRODE_ATTACHMENT,CONFIRMED,6.450701027101235e-05,22358642.321467701,8.4913604053613216,2617923492440429,1.4019745931319628e-05,6.0442783965137533e-12,6.3155123182511113e-07,104487.44918655304,0.027862169486672816,-4.4665032807398249e-13
1083,8.9322920038084818e-12,5.8650712907074475e-15,ELECTRODE_ATTACHMENT,CONFIRMED,6.4507961744414384e-05,22358642.319475211,8.4913604046046149,2616735450576214.5,1.4013383619804579e-05,6.044278397428367e-12,6.3183796669112203e-07,104534.88822750907,0.027848659085367385,-4.4699038002269719e-13
1084,8.9381570751231613e-12,5.8650713146795547e-15,ELECTRODE_ATTACHMENT,CONFIRMED,6.4508911933766646e-05,22358642.317589916,8.491360403888617,2615543698311773,1.4007001438004695e-05,6.0442783982937765e-12,6.3212585877061813e-07,104582.51872532199,0.02783511157735136,-4.4733019943599221e-13
1085,8.9440221464618421e-12,5.8650713386808694e-15,ELECTRODE_ATTACHMENT,CONFIRMED,6.4509860840208783e-05,22358642.315811913,8.4913604032133687,2614348239450128,1.4000599406286284e-05,6.0442783991099323e-12,6.3241490995195974e-07,104630.34099241489,0.027821527001995579,-4.4766978562105604e-13
1086,8.9498872178245531e-12,5.8650713627114106e-15,ELECTRODE_ATTACHMENT,CONFIRMED,6.451080846488345e-05,22358642.314141456,8.4913604025789624,2613149077805587.5,1.3994177545076072e-05,6.0442783998767215e-12,6.3270512213241109e-07,104678.35534268503,0.027807905398784832,-4.4800913788549932e-13
1087,8.955752289211325e-12,5.8650713867711468e-15,ELECTRODE_ATTACHMENT,CONFIRMED,6.4511754808936402e-05,22358642.312578585,8.4913604019854159,2611946217203733.5,1.3987735874861175e-05,6.0442784005941245e-12,6.3299649721816584e-07,104726.56209150545,0.027794246807316614,-4.483482555373524e-13
1088,8.9616173606221853e-12,5.8650714108600787e-15,ELECTRODE_ATTACHMENT,CONFIRMED,6.4512699873516381e-05,22358642.311123509,8.4913604014328072,2610739661481411,1.3981274416189012e-05,6.0442784012620503e-12,6.3328903712437522e-07,104774.96155573243,0.027780551267302212,-4.4868713788507125e-13
1089,8.9674824320571631e-12,5.8650714349782079e-15,ELECTRODE_ATTACHMENT,CONFIRMED,6.451364365977504e-05,22358642.309776437,8.4913604009212165,2609529414486718,1.3974793189667273e-05,6.0442784018803993e-12,6.3358274377517357e-07,104823.55405370862,0.02776681881856612,-4.4902578423753938e-13
1090,8.9733475035162891e-12,5.8650714591254958e-15,ELECTRODE_ATTACHMENT,CONFIRMED,6.4514586168866984e-05,22358642.308537379,8.4913604004506471,2608315480078993.5,1.396829221596386e-05,6.0442784024491635e-12,6.3387761910370595e-07,104872.33990526585,0.027753049501045311,-4.4936419390406619e-13
1091,8.9792125749995908e-12,5.8650714833019795e-15,ELECTRODE_ATTACHMENT,CONFIRMED,6.4515527401949615e-05,22358642.307406664,8.4913604000212253,2607097862128807,1.3961771515806793e-05,6.0442784029681943e-12,6.3417366505215677e-07,104921.31943173397,0.027739243354790624,-4.4970236619439656e-13
1092,8.9850776465070988e-12,5.865071507507617e-15,ELECTRODE_ATTACHMENT,CONFIRMED,6.4516467360183205e-05,22358642.30638434,8.491360399632967,2605876564517948,1.3955231109984185e-05,6.0442784034374731e-12,6.344708835717759e-07,104970.4929559404,0.02772540041996488,-4.5004030041870545e-13
1093,8.9909427180388406e-12,5.8650715317424125e-15,ELECTRODE_ATTACHMENT,CONFIRMED,6.4517406044730776e-05,22358642.305470616,8.4913603992859521,2604651591139414,1.3948671019344181e-05,6.0442784038569013e-12,6.347692766229061e-07,105019.86080221832,0.027711520736844141,-4.5037799588760706e-13
1094,8.9968077895948469e-12,5.86507155600635e-15,ELECTRODE_ATTACHMENT,CONFIRMED,6.4518343456758037e-05,22358642.304665592,8.4913603989802198,2603422945897400.5,1.3942091264794893e-05,6.0442784042264297e-12,6.3506884617501154e-07,105069.42329640921,0.027697604345816834,-4.5071545191215236e-13
1095,9.0026728611751467e-12,5.86507158029941e-15,ELECTRODE_ATTACHMENT,CONFIRMED,6.4519279597433405e-05,22358642.303969417,8.4913603987158268,2602190632707289.5,1.3935491867304332e-05,6.0442784045459953e-12,6.353695942067057e-07,105119.1807658685,0.027683651287383936,-4.5105266780383206e-13
1096,9.0085379327797677e-12,5.8650716046216199e-15,ELECTRODE_ATTACHMENT,CONFIRMED,6.4520214467928008e-05,22358642.303382315,8.4913603984928585,2600954655495638,1.3928872847900365e-05,6.0442784048154922e-12,6.356715227057787e-07,105169.13353947058,0.027669661602159158,-4.5138964287458306e-13
1097,9.0144030044087403e-12,5.865071628972938e-15,ELECTRODE_ATTACHMENT,CONFIRMED,6.452114806941544e-05,22358642.302904394,8.4913603983113539,2599715018200168,1.3922234227670637e-05,6.0442784050348727e-12,6.3597463366922656e-07,105219.28194761195,0.027655635330868091,-4.5172637643678568e-13
1098,9.0202680760620938e-12,5.8650716533533658e-15,ELECTRODE_ATTACHMENT,CONFIRMED,6.4522080403071994e-05,22358642.302535843,8.4913603981713859,2598471724769754,1.391557602776252e-05,6.044278405204049e-12,6.3627892910327921e-07,105269.62632221755,0.027641572514348796,-4.520628678032682e-13
1099,9.0261331477398572e-12,5.8650716777629011e-15,ELECTRODE_ATTACHMENT,CONFIRMED,6.4523011470076373e-05,22358642.302276738,8.4913603980729828,2597224779164413,1.3908898269383085e-05,6.0442784053229836e-12,6.3658441102342741e-07,105320.16699674354,0.027627473193551095,-4.5239911628731031e-13
1100,9.031998219442058e-12,5.8650717022015263e-15,ELECTRODE_ATTACHMENT,CONFIRMED,6.4523941271609774e-05,22358642.302127313,8.4913603980162335,2595974185355292,1.3902200973798967e-05,6.044278405391575e-12,6.3689108145445492e-07,105370.90430618481,0.027613337409537187,-4.5273512120264318e-13
1101,9.0378632911687269e-12,5.865071726669233e-15,ELECTRODE_ATTACHMENT,CONFIRMED,6.4524869808855903e-05,22358642.302087676,8.4913603980011807,2594719947324658,1.3895484162336376e-05,6.0442784054097706e-12,6.3719894243046404e-07,105421.83858707701,0.027599165203480783,-4.5307088186345314e-13
1102,9.0437283629198929e-12,5.8650717511660154e-15,ELECTRODE_ATTACHMENT,CONFIRMED,6.4525797083000741e-05,22358642.302157976,8.4913603980278793,2593462069065886,1.3888747856381006e-05,6.0442784053775016e-12,6.3750799599490587e-07,105472.97017750288,0.027584956616667471,-4.5340639758438454e-13
1103,9.0495934346955851e-12,5.8650717756918667e-15,ELECTRODE_ATTACHMENT,CONFIRMED,6.4526723095232751e-05,22358642.302338392,8.491360398096397,2592200554583447,1.3881992077377969e-05,6.0442784052946842e-12,6.378182442006104e-07,105524.29941709709,0.027570711690494548,-4.5374166768054079e-13
1104,9.0554585064958326e-12,5.8650718002467637e-15,ELECTRODE_ATTACHMENT,CONFIRMED,6.4527647846742615e-05,22358642.302629132,8.4913603982068135,2590935407892898.5,1.3875216846831749e-05,6.0442784051612254e-12,6.3812968910981422e-07,105575.8266470508,0.027556430466470938,-4.5407669146748712e-13
1105,9.0613235783206629e-12,5.8650718248307232e-15,ELECTRODE_ATTACHMENT,CONFIRMED,6.4528571338723351e-05,22358642.303030197,8.4913603983591308,2589666633020871,1.3868422186306136e-05,6.0442784049771236e-12,6.3844233279419072e-07,105627.55221011484,0.027542112986216286,-4.5441146826125422e-13
1106,9.0671886501701067e-12,5.8650718494436994e-15,ELECTRODE_ATTACHMENT,CONFIRMED,6.4529493572370195e-05,22358642.303541925,8.4913603985534749,2588394234005058,1.3861608117424145e-05,6.0442784047422269e-12,6.3875617733488081e-07,105679.47645060901,0.027527759291462613,-4.5474599737833745e-13
1107,9.073053722044193e-12,5.8650718740857277e-15,ELECTRODE_ATTACHMENT,CONFIRMED,6.4530414548880555e-05,22358642.304164361,8.4913603987898636,2587118214894204,1.3854774661868003e-05,6.0442784044565087e-12,6.3907122482251998e-07,105731.59971442186,0.027513369424052223,-4.5508027813570415e-13
1108,9.0789187939429493e-12,5.8650718987567506e-15,ELECTRODE_ATTACHMENT,CONFIRMED,6.4531334269454045e-05,22358642.30489761,8.491360399068336,2585838579748093,1.3847921841379042e-05,6.044278404119927e-12,6.3938747735727094e-07,105783.92234901835,0.027498943425938633,-4.5541430985078934e-13
1109,9.0847838658664064e-12,5.8650719234568004e-15,ELECTRODE_ATTACHMENT,CONFIRMED,6.4532252735292409e-05,22358642.30574194,8.491360399388995,2584555332637536,1.3841049677757635e-05,6.0442784037323549e-12,6.3970493704885337e-07,105836.44470344619,0.027484481339186833,-4.5574809184150547e-13
1110,9.0906489378145916e-12,5.8650719481858496e-15,ELECTRODE_ATTACHMENT,CONFIRMED,6.4533169947599437e-05,22358642.306697428,8.491360399751871,2583268477644361.5,1.3834158192863174e-05,6.0442784032937569e-12,6.4002360601657261e-07,105889.16712833734,0.027469983205972048,-4.5608162342623925e-13
1111,9.0965140097875357e-12,5.8650719729438815e-15,ELECTRODE_ATTACHMENT,CONFIRMED,6.4534085907581005e-05,22358642.30776424,8.4913604001570242,2581978018861401.5,1.382724740861398e-05,6.0442784028040555e-12,6.4034348638935142e-07,105942.08997591572,0.027455449068580544,-4.5641490392385551e-13
1112,9.1023790817852661e-12,5.8650719977309009e-15,ELECTRODE_ATTACHMENT,CONFIRMED,6.4535000616444997e-05,22358642.30894253,8.4913604006045151,2580683960392482,1.382031734698723e-05,6.0442784022631868e-12,6.4066458030576091e-07,105995.21360000127,0.027440878969409069,-4.5674793265370113e-13
1113,9.1082441538078136e-12,5.8650720225468896e-15,ELECTRODE_ATTACHMENT,CONFIRMED,6.4535914075401245e-05,22358642.310232479,8.4913604010944113,2579386306352409.5,1.3813368030018927e-05,6.0442784016710604e-12,6.4098688991405005e-07,106048.53835601559,0.027426272950965024,-4.5708070893560545e-13
1114,9.1141092258552056e-12,5.8650720473918358e-15,ELECTRODE_ATTACHMENT,CONFIRMED,6.4536826285661604e-05,22358642.311634224,8.4913604016267659,2578085060866960.5,1.3806399479803801e-05,6.0442784010276181e-12,6.4131041737217822e-07,106102.06460098625,0.027411631055866002,-4.5741323208988328e-13
1115,9.1199742979274711e-12,5.8650720722657309e-15,ELECTRODE_ATTACHMENT,CONFIRMED,6.4537737248439729e-05,22358642.313147869,8.491360402201618,2576780228072869,1.3799411718495283e-05,6.0442784003328114e-12,6.4163516484784472e-07,106155.79269355211,0.027396953326839776,-4.5774550143733635e-13
1116,9.1258393700246393e-12,5.8650720971685874e-15,ELECTRODE_ATTACHMENT,CONFIRMED,6.4538646964951255e-05,22358642.314773649,8.4913604028190566,2575471812117815,1.3792404768305419e-05,6.0442783995865249e-12,6.4196113451852064e-07,106209.72299396992,0.02738223980672469,-4.5807751629925942e-13
1117,9.1317044421467393e-12,5.8650721221003572e-15,ELECTRODE_ATTACHMENT,CONFIRMED,6.4539555436413551e-05,22358642.316511638,8.4913604034791099,2574159817160412.5,1.378537865150479e-05,6.0442783987887374e-12,6.4228832857148189e-07,106263.85586411694,0.02736749053846849,-4.5840927599743719e-13
1118,9.1375695142938001e-12,5.865072147061042e-15,ELECTRODE_ATTACHMENT,CONFIRMED,6.4540462664045885e-05,22358642.318362113,8.4913604041818829,2572844247370197.5,1.3778333390422487e-05,6.0442783979393126e-12,6.4261674920383846e-07,106318.19166749947,0.027352705565129618,-4.5874077985414955e-13
1119,9.1434345864658507e-12,5.8650721720506566e-15,ELECTRODE_ATTACHMENT,CONFIRMED,6.4541368649069229e-05,22358642.320325069,8.4913604049273737,2571525106927616,1.3771269007446026e-05,6.0442783970382585e-12,6.429463986225674e-07,106372.73076925377,0.027337884929875302,-4.5907202719217457e-13
1120,9.1492996586629204e-12,5.8650721970691641e-15,ELECTRODE_ATTACHMENT,CONFIRMED,6.4542273392706334e-05,22358642.322400708,8.4913604057156586,2570202400024013,1.376418552502129e-05,6.0442783960854756e-12,6.4327727904454451e-07,106427.4735361557,0.027323028675983154,-4.5940301733478865e-13
1121,9.1551647308850365e-12,5.8650722221165691e-15,ELECTRODE_ATTACHMENT,CONFIRMED,6.454317689618159e-05,22358642.3245892,8.4913604065468036,2568876130861619.5,1.3757082965652451e-05,6.0442783950808939e-12,6.4360939269657718e-07,106482.42033662372,0.027308136846840206,-4.5973374960577144e-13
1122,9.1610298031322297e-12,5.8650722471928543e-15,ELECTRODE_ATTACHMENT,CONFIRMED,6.4544079160721161e-05,22358642.326890673,8.4913604074208582,2567546303653540.5,1.3749961351901927e-05,6.0442783940244461e-12,6.4394274181543557e-07,106537.57154072463,0.027293209485942809,-4.6006422332940584e-13
1123,9.1668948754045276e-12,5.8650722722980237e-15,ELECTRODE_ATTACHMENT,CONFIRMED,6.4544980187552717e-05,22358642.329305332,8.4913604083378953,2566212922623743,1.3742820706390294e-05,6.0442783929160435e-12,6.4427732864788665e-07,106592.92752017947,0.027278246636896833,-4.6039443783048254e-13
1124,9.1727599477019591e-12,5.8650722974320385e-15,ELECTRODE_ATTACHMENT,CONFIRMED,6.4545879977905661e-05,22358642.331833277,8.4913604092979575,2564875992007044.5,1.3735661051796232e-05,6.0442783917556432e-12,6.4461315545072551e-07,106648.48864836764,0.027263248343416993,-4.6072439243429976e-13
1125,9.1786250200245534e-12,5.8650723225949012e-15,ELECTRODE_ATTACHMENT,CONFIRMED,6.4546778533010888e-05,22358642.334474694,8.4913604103011142,2563535516049100.5,1.372848241085648e-05,6.0442783905431515e-12,6.449502244908083e-07,106704.255300334,0.027248214649327446,-4.6105408646666731e-13
1126,9.1844900923723396e-12,5.8650723477866149e-15,ELECTRODE_ATTACHMENT,CONFIRMED,6.4547675854100824e-05,22358642.337229691,8.4913604113474079,2562191499006392,1.3721284806365743e-05,6.0442783892785248e-12,6.4528853804508589e-07,106760.22785279265,0.027233145598560961,-4.6138351925390921e-13
1127,9.1903551647453467e-12,5.865072373007152e-15,ELECTRODE_ATTACHMENT,CONFIRMED,6.4548571942409455e-05,22358642.340098437,8.4913604124368991,2560843945146213,1.3714068261176626e-05,6.0442783879616848e-12,6.4562809840063735e-07,106816.40668413402,0.027218041235159335,-4.6171269012286431e-13
1128,9.1962202371436038e-12,5.8650723982565196e-15,ELECTRODE_ATTACHMENT,CONFIRMED,6.4549466799172228e-05,22358642.34308115,8.491360413569673,2559492858746660,1.3706832798199585e-05,6.0442783865925304e-12,6.4596890785470242e-07,106872.79217442998,0.02720290160327327,-4.6204159840089199e-13
1129,9.2020853095671384e-12,5.8650724235346854e-15,ELECTRODE_ATTACHMENT,CONFIRMED,6.4550360425626028e-05,22358642.346177831,8.4913604147457296,2558138244096617.5,1.3699578440402873e-05,6.0442783851710577e-12,6.4631096871471469e-07,106929.38470543719,0.027187726747161349,-4.6237024341586923e-13
1130,9.2079503820159795e-12,5.8650724488416588e-15,ELECTRODE_ATTACHMENT,CONFIRMED,6.4551252823009123e-05,22358642.34938873,8.4913604159651648,2556780105495747.5,1.3692305210812412e-05,6.0442783836971592e-12,6.4665428329833809e-07,106986.18466060677,0.027172516711191377,-4.6269862449619809e-13
1131,9.2138154544901563e-12,5.8650724741774161e-15,ELECTRODE_ATTACHMENT,CONFIRMED,6.4552143992561203e-05,22358642.352714006,8.4913604172280372,2555418447254475.5,1.368501313251181e-05,6.0442783821707557e-12,6.4699885393349731e-07,107043.19242508693,0.027157271539839243,-4.6302674097080576e-13
1132,9.2196805269896978e-12,5.8650724995419448e-15,ELECTRODE_ATTACHMENT,CONFIRMED,6.455303393552334e-05,22358642.356153782,8.4913604185343949,2554053273693979,1.3677702228642238e-05,6.0442783805917987e-12,6.4734468295841388e-07,107100.40838572892,0.027141991277688928,-4.6335459216914573e-13
1133,9.2255455995146331e-12,5.8650725249352574e-15,ELECTRODE_ATTACHMENT,CONFIRMED,6.4553922653137868e-05,22358642.35970819,8.4913604198842876,2552684589146175.5,1.367037252240238e-05,6.0442783789602189e-12,6.4769177272164038e-07,107157.8329310936,0.027126675969432548,-4.6368217742120334e-13
1134,9.2314106720649896e-12,5.8650725503573059e-15,ELECTRODE_ATTACHMENT,CONFIRMED,6.4554810146648449e-05,22358642.363377385,8.491360421277772,2551312397953709.5,1.3663024037048379e-05,6.0442783772759443e-12,6.4804012558209401e-07,107215.46645145668,0.027111325659870289,-4.640094960574942e-13
1135,9.2372757446407982e-12,5.8650725758081115e-15,ELECTRODE_ATTACHMENT,CONFIRMED,6.4555696417300002e-05,22358642.36716155,8.4913604227149229,2549936704469940,1.3655656795893738e-05,6.0442783755388997e-12,6.4838974390909258e-07,107273.30933881467,0.027095940393910209,-4.6433654740906963e-13
1136,9.2431408172420861e-12,5.8650726012876616e-15,ELECTRODE_ATTACHMENT,CONFIRMED,6.4556581466338684e-05,22358642.371060818,8.4913604241957863,2548557513058928,1.3648270822309286e-05,6.0442783737490198e-12,6.4874063008238817e-07,107331.36198689022,0.027080520216567955,-4.6466333080751933e-13
1137,9.2490058898688825e-12,5.8650726267959152e-15,ELECTRODE_ATTACHMENT,CONFIRMED,6.4557465295011896e-05,22358642.375075337,8.4913604257204192,2547174828095424,1.3640866139723093e-05,6.0442783719062343e-12,6.4909278649220284e-07,107389.62479113831,0.027065065172966862,-4.6498984558496885e-13
1138,9.254870962521215e-12,5.8650726523328968e-15,ELECTRODE_ATTACHMENT,CONFIRMED,6.4558347904568138e-05,22358642.379205238,8.4913604272888712,2545788653964855,1.3633442771620417e-05,6.0442783700104841e-12,6.4944621553926301e-07,107448.09814875163,0.027049575308337671,-4.6531609107408823e-13
1139,9.260736035199114e-12,5.8650726778985723e-15,ELECTRODE_ATTACHMENT,CONFIRMED,6.4559229296257115e-05,22358642.383450661,8.4913604289011975,2544398995063313,1.3626000741543608e-05,6.0442783680617064e-12,6.4980091963483654e-07,107506.78245866697,0.027034050668018429,-4.6564206660809093e-13
1140,9.2666011079026073e-12,5.8650727034929388e-15,ELECTRODE_ATTACHMENT,CONFIRMED,6.4560109471329698e-05,22358642.387811817,8.4913604305574761,2543005855797541,1.361854007309207e-05,6.0442783660598025e-12,6.5015690120076648e-07,107565.67812157144,0.02701849129745474,-4.6596777152073598e-13
1141,9.2724661806317237e-12,5.8650727291159851e-15,ELECTRODE_ATTACHMENT,CONFIRMED,6.4560988431037734e-05,22358642.392288797,8.4913604322577427,2541609240584920.5,1.3611060789922174e-05,6.0442783640047377e-12,6.5051416266950837e-07,107624.78553990676,0.027002897242198811,-4.662932051463314e-13
1142,9.2783312533864908e-12,5.8650727547676923e-15,ELECTRODE_ATTACHMENT,CONFIRMED,6.4561866176634237e-05,22358642.396881785,8.4913604340020665,2540209153853460,1.360356291574721e-05,6.0442783618964159e-12,6.5087270648416464e-07,107684.10511787726,0.026987268547910236,-4.6661836681973582e-13
1143,9.2841963261669393e-12,5.8650727804480643e-15,ELECTRODE_ATTACHMENT,CONFIRMED,6.4562742709373247e-05,22358642.40159091,8.4913604357904973,2538805600041781,1.3596046474337291e-05,6.0442783597347869e-12,6.5123253509852229e-07,107743.63726145421,0.026971605260355178,-4.6694325587636154e-13
1144,9.2900613989730966e-12,5.8650728061570854e-15,ELECTRODE_ATTACHMENT,CONFIRMED,6.4563618030509783e-05,22358642.406416263,8.4913604376230687,2537398583599105,1.3588511489519313e-05,6.0442783575198024e-12,6.5159365097708827e-07,107803.38237838238,0.026955907425406472,-4.6726787165217658e-13
1145,9.2959264718049918e-12,5.8650728318947429e-15,ELECTRODE_ATTACHMENT,CONFIRMED,6.4564492141299854e-05,22358642.411358126,8.4913604394998892,2535988108985242,1.3580957985176857e-05,6.0442783552513372e-12,6.5195605659512673e-07,107863.34087818771,0.026940175089044081,-4.6759221348370677e-13
1146,9.3017915446626524e-12,5.8650728576610132e-15,ELECTRODE_ATTACHMENT,CONFIRMED,6.4565365043000483e-05,22358642.416416485,8.4913604414209516,2534574180670576,1.3573385985250147e-05,6.0442783529293976e-12,6.5231975443869505e-07,107923.51317217946,0.026924408297353531,-4.6791628070803803e-13
1147,9.3076566175461091e-12,5.8650728834558939e-15,ELECTRODE_ATTACHMENT,CONFIRMED,6.4566236736869574e-05,22358642.421591613,8.4913604433863608,2533156803136053.5,1.356579551373596e-05,6.0442783505538584e-12,6.5268474700468172e-07,107983.89967346126,0.026908607096527589,-4.6824007266281862e-13
1148,9.3135216904553877e-12,5.8650729092793818e-15,ELECTRODE_ATTACHMENT,CONFIRMED,6.4567107224165968e-05,22358642.426883623,8.4913604453961593,2531735980873169.5,1.3558186594687572e-05,6.0442783481246649e-12,6.5305103680084232e-07,108044.50079693335,0.026892771532864703,-4.6856358868626204e-13
1149,9.319386763390519e-12,5.8650729351314636e-15,ELECTRODE_ATTACHMENT,CONFIRMED,6.4567976506149359e-05,22358642.43229264,8.4913604474503934,2530311718383955.5,1.3550559252214685e-05,6.0442783456417635e-12,6.5341862634583771e-07,108105.31695930024,0.026876901652769437,-4.6888682811714948e-13
1150,9.3252518363515303e-12,5.8650729610121203e-15,ELECTRODE_ATTACHMENT,CONFIRMED,6.4568844584080308e-05,22358642.437818889,8.4913604495491519,2528884020180965,1.3542913510483334e-05,6.0442783431050494e-12,6.5378751816927183e-07,108166.34857907784,0.026860997502752632,-4.692097902948314e-13
1151,9.3311169093384525e-12,5.8650729869213219e-15,ELECTRODE_ATTACHMENT,CONFIRMED,6.4569711459220257e-05,22358642.443462379,8.4913604516924348,2527452890787262.5,1.3535249393715884e-05,6.0442783405145152e-12,6.5415771481172739e-07,108227.59607659673,0.026845059129430287,-4.6953247455922889e-13
1152,9.3369819823513112e-12,5.8650730128590937e-15,ELECTRODE_ATTACHMENT,CONFIRMED,6.4570577132831394e-05,22358642.449223354,8.4913604538803362,2526018334736408.5,1.3527566926190856e-05,6.0442783378700543e-12,6.5452921882480727e-07,108289.05987401253,0.026829086579524764,-4.6985488025083888e-13
1153,9.3428470553901373e-12,5.8650730388254034e-15,ELECTRODE_ATTACHMENT,CONFIRMED,6.4571441606176732e-05,22358642.455101881,8.4913604561128828,2524580356572447,1.3519866132242949e-05,6.0442783351716336e-12,6.5490203277116985e-07,108350.74039530862,0.026813079899863479,-4.7017700671073396e-13
1154,9.3487121284549582e-12,5.8650730648202477e-15,ELECTRODE_ATTACHMENT,CONFIRMED,6.4572304880520005e-05,22358642.461098239,8.4913604583901776,2523138960849893.5,1.3512147036262921e-05,6.0442783324191279e-12,6.5527615922456825e-07,108412.63806630563,0.026797039137379901,-4.70498853280566e-13
1155,9.3545772015458014e-12,5.8650730908436117e-15,ELECTRODE_ATTACHMENT,CONFIRMED,6.4573166957125689e-05,22358642.46721248,8.4913604607122437,2521694152133719.5,1.350440966269755e-05,6.0442783296125041e-12,6.5565160076988869e-07,108474.75331466449,0.026780964339112163,-4.7082041930256841e-13
1156,9.3604422746626975e-12,5.8650731168954733e-15,ELECTRODE_ATTACHMENT,CONFIRMED,6.4574027837258996e-05,22358642.473444752,8.4913604630791344,2520245934999341.5,1.3496654036049527e-05,6.0442783267517024e-12,6.5602836000318951e-07,108537.08656989498,0.026764855552203738,-4.7114170411955668e-13
1157,9.366307347805674e-12,5.8650731429758278e-15,ELECTRODE_ATTACHMENT,CONFIRMED,6.4574887522185812e-05,22358642.479795229,8.4913604654909172,2518794314032606,1.3488880180877402e-05,6.044278323836642e-12,6.5640643953174085e-07,108599.63826336226,0.026748712823903311,-4.7146270707493307e-13
1158,9.3721724209747584e-12,5.8650731690846704e-15,ELECTRODE_ATTACHMENT,CONFIRMED,6.4575746013172689e-05,22358642.486264057,8.4913604679476471,2517339293829778,1.3481088121795521e-05,6.0442783208672582e-12,6.5678584197406226e-07,108662.40882829232,0.026732536201564298,-4.7178342751268793e-13
1159,9.3780374941699798e-12,5.8650731952219751e-15,ELECTRODE_ATTACHMENT,CONFIRMED,6.4576603311486801e-05,22358642.492851369,8.4913604704493757,2515880878997526,1.3473277883473959e-05,6.0442783178434817e-12,6.5716656995996223e-07,108725.39869977902,0.026716325732644972,-4.7210386477740169e-13
1160,9.3839025673913673e-12,5.8650732213877474e-15,ELECTRODE_ATTACHMENT,CONFIRMED,6.4577459418395947e-05,22358642.499557287,8.4913604729961474,2514419074152909,1.3465449490638409e-05,6.044278314765264e-12,6.5754862613057971e-07,108788.6083147904,0.026700081464708043,-4.724240182142478e-13
1161,9.3897676406389498e-12,5.86507324758197e-15,ELECTRODE_ATTACHMENT,CONFIRMED,6.4578314335168535e-05,22358642.506382003,8.4913604755880367,2512953883923364.5,1.3457602968070163e-05,6.0442783116325105e-12,6.5793201313842166e-07,108852.03811217613,0.026683803445421091,-4.7274388716899526e-13
1162,9.395632713912755e-12,5.8650732738046129e-15,ELECTRODE_ATTACHMENT,CONFIRMED,6.4579168063073542e-05,22358642.513325598,8.491360478225074,2511485312946693,1.3449738340606004e-05,6.0442783084451921e-12,6.5831673364740405e-07,108915.68853267231,0.026667491722555586,-4.7306347098800893e-13
1163,9.4014977872128102e-12,5.8650733000556785e-15,ELECTRODE_ATTACHMENT,CONFIRMED,6.4580020603380447e-05,22358642.52038829,8.4913604809073409,2510013365871045.5,1.3441855633138144e-05,6.0442783052032039e-12,6.5870279033289221e-07,108979.56001891066,0.026651146343987762,-4.7338276901825525e-13
1164,9.4073628605391446e-12,5.8650733263351572e-15,ELECTRODE_ATTACHMENT,CONFIRMED,6.4580871957359325e-05,22358642.527570225,8.4913604836348942,2508538047354910.5,1.3433954870614154e-05,6.0442783019064805e-12,6.590901858817408e-07,109043.65301542307,0.026634767357697656,-4.7370178060730097e-13
1165,9.4132279338917872e-12,5.8650733526430334e-15,ELECTRODE_ATTACHMENT,CONFIRMED,6.4581722126280726e-05,22358642.534871478,8.4913604864077623,2507059362067099.5,1.34260360780369e-05,6.0442782985549853e-12,6.5947892299233444e-07,109107.96796864847,0.026618354811769121,-4.7402050510331898e-13
1166,9.4190930072707671e-12,5.8650733789792848e-15,ELECTRODE_ATTACHMENT,CONFIRMED,6.4582571111415646e-05,22358642.54229223,8.4913604892260146,2505577314686734,1.3418099280464445e-05,6.0442782951486354e-12,6.5986900437462905e-07,109172.50532694113,0.02660190875439011,-4.7433894185508681e-13
1167,9.4249580806761117e-12,5.8650734053439061e-15,ELECTRODE_ATTACHMENT,CONFIRMED,6.4583418914035623e-05,22358642.549832616,8.4913604920897008,2504091909903231.5,1.3410144503009992e-05,6.04427829168737e-12,6.6026043275019314e-07,109237.26554057613,0.026585429233852129,-4.7465709021199166e-13
1168,9.4308231541078486e-12,5.8650734317369012e-15,ELECTRODE_ATTACHMENT,CONFIRMED,6.4584265535412537e-05,22358642.557492815,8.4913604949988901,2502603152416293,1.3402171770841825e-05,6.0442782881711068e-12,6.6065321085224726e-07,109302.24906175678,0.026568916298550429,-4.7497494952403276e-13
1169,9.4366882275660068e-12,5.8650734581582329e-15,ELECTRODE_ATTACHMENT,CONFIRMED,6.4585110976818751e-05,22358642.565272935,8.4913604979536217,2501111046935887.5,1.3394181109183215e-05,6.0442782845997989e-12,6.6104734142570764e-07,109367.45634462073,0.026552369996983426,-4.7529251914182222e-13
1170,9.4425533010506154e-12,5.8650734846078973e-15,ELECTRODE_ATTACHMENT,CONFIRMED,6.4585955239527038e-05,22358642.573173113,8.4913605009539506,2499615598182239.5,1.3386172543312341e-05,6.0442782809733802e-12,6.6144282722722745e-07,109432.88784524787,0.026535790377752898,-4.7560979841658851e-13
1171,9.4484183745617018e-12,5.8650735110858771e-15,ELECTRODE_ATTACHMENT,CONFIRMED,6.4586798324810509e-05,22358642.581193574,8.4913605039999585,2498116810885815,1.3378146098562245e-05,6.0442782772917463e-12,6.6183967102523743e-07,109498.54402166726,0.026519177489564113,-4.7592678670017687e-13
1172,9.4542834480992936e-12,5.8650735375921865e-15,ELECTRODE_ATTACHMENT,CONFIRMED,6.4587640233942627e-05,22358642.589334324,8.4913605070916507,2496614689787308,1.3370101800320739e-05,6.0442782735548973e-12,6.6223787559998949e-07,109564.42533386195,0.026502531381224607,-4.7624348334505522e-13
1173,9.4601485216634198e-12,5.8650735641267639e-15,ELECTRODE_ATTACHMENT,CONFIRMED,6.4588480968197221e-05,22358642.597595669,8.4913605102291427,2495109239637625.5,1.3362039674030312e-05,6.0442782697626878e-12,6.6263744374359911e-07,109630.53224378033,0.026485852101645755,-4.7655988770431217e-13
1174,9.4660135952541094e-12,5.865073590689641e-15,ELECTRODE_ATTACHMENT,CONFIRMED,6.4589320528848419e-05,22358642.605977576,8.4913605134124222,2493600465197875.5,1.335395974518811e-05,6.044278265915142e-12,6.6303837826008637e-07,109696.86521533737,0.02646913969984058,-4.768759991316619e-13
1175,9.47187866887139e-12,5.8650736172807821e-15,ELECTRODE_ATTACHMENT,CONFIRMED,6.4590158917170645e-05,22358642.614480328,8.4913605166415955,2492088371239352,1.3345862039345807e-05,6.0442782620121217e-12,6.6344068196542057e-07,109763.42471442789,0.026452394224925752,-4.7719181698144761e-13
1176,9.4777437425152907e-12,5.8650736439001841e-15,ELECTRODE_ATTACHMENT,CONFIRMED,6.4590996134438597e-05,22358642.623103984,8.4913605199166859,2490572962543520.5,1.3337746582109554e-05,6.0442782580536045e-12,6.6384435768756255e-07,109830.21120892862,0.02643561572611965,-4.775073406086408e-13
1177,9.4836088161858388e-12,5.8650736705478164e-15,ELECTRODE_ATTACHMENT,CONFIRMED,6.4591832181927242e-05,22358642.631848782,8.4913605232377822,2489054243902005.5,1.3329613399139911e-05,6.0442782540394763e-12,6.642494082665078e-07,109897.22516870903,0.026418804252743573,-4.7782256936884484e-13
1178,9.4894738898830619e-12,5.8650736972236867e-15,ELECTRODE_ATTACHMENT,CONFIRMED,6.4592667060911764e-05,22358642.640714724,8.4913605266048879,2487532220116575.5,1.3321462516151763e-05,6.0442782499697412e-12,6.6465583655433008e-07,109964.46706563476,0.026401959854220232,-4.7813750261829744e-13
1179,9.495338963606989e-12,5.8650737239277745e-15,ELECTRODE_ATTACHMENT,CONFIRMED,6.4593500772667592e-05,22358642.649702087,8.4913605300181079,2486006895999129.5,1.3313293958914232e-05,6.0442782458442724e-12,6.6506364541522565e-07,110031.93737357945,0.026385082580075249,-4.7845213971387365e-13
1180,9.5012040373576493e-12,5.8650737506600713e-15,ELECTRODE_ATTACHMENT,CONFIRMED,6.4594333318470344e-05,22358642.658810955,8.4913605334774704,2484478276371682.5,1.330510775325063e-05,6.0442782416630295e-12,6.6547283772555652e-07,110099.63656842799,0.026368172479935569,-4.7876648001308627e-13
1181,9.5070691111350701e-12,5.8650737774205635e-15,ELECTRODE_ATTACHMENT,CONFIRMED,6.45951646995958e-05,22358642.668041412,8.4913605369830112,2482946366066351.5,1.3296903925038379e-05,6.0442782374259681e-12,6.6588341637389435e-07,110167.56512808536,0.026351229603529921,-4.7908052287409101e-13
1182,9.512934184939279e-12,5.8650738042092219e-15,ELECTRODE_ATTACHMENT,CONFIRMED,6.4595994917319877e-05,22358642.677393753,8.491360540534842,2481411169925342,1.3288682500208881e-05,6.0442782331329629e-12,6.6629538426106759e-07,110235.72353248589,0.026334254000689221,-4.7939426765568587e-13
1183,9.518799258770305e-12,5.8650738310260459e-15,ELECTRODE_ATTACHMENT,CONFIRMED,6.459682397291872e-05,22358642.68686799,8.4913605441329665,2479872692800932.5,1.3280443504747538e-05,6.0442782287840035e-12,6.6670874430020167e-07,110304.1122635963,0.026317245721345094,-4.7970771371731489e-13
1184,9.5246643326281756e-12,5.8650738578710235e-15,ELECTRODE_ATTACHMENT,CONFIRMED,6.4597651867668546e-05,22358642.696464282,8.4913605477774432,2478330939555462.5,1.3272186964693601e-05,6.0442782243790139e-12,6.6712349941676747e-07,110372.73180542701,0.026300204815530932,-4.8002086041906985e-13
1185,9.5305294065129199e-12,5.8650738847441406e-15,ELECTRODE_ATTACHMENT,CONFIRMED,6.4598478602845662e-05,22358642.706182778,8.4913605514683326,2476785915061315.5,1.3263912906140112e-05,6.0442782199179327e-12,6.6753965254862558e-07,110441.58264403805,0.02628313133338123,-4.8033370712169373e-13
1186,9.5363944804245653e-12,5.8650739116453688e-15,ELECTRODE_ATTACHMENT,CONFIRMED,6.4599304179726487e-05,22358642.716023695,8.4913605552057128,2475237624200907.5,1.3255621355233844e-05,6.0442782154006542e-12,6.6795720664607066e-07,110510.66526754743,0.026266025325131847,-4.8064625318658117e-13
1187,9.5422595543631393e-12,5.8650739385747261e-15,ELECTRODE_ATTACHMENT,CONFIRMED,6.460012859958752e-05,22358642.725987077,8.4913605589896051,2473686071866670.5,1.3247312338175211e-05,6.0442782108271604e-12,6.6837616467187835e-07,110579.98016613649,0.026248886841118976,-4.8095849797578286e-13
1188,9.5481246283286711e-12,5.8650739655321669e-15,ELECTRODE_ATTACHMENT,CONFIRMED,6.4600951863705286e-05,22358642.73607311,8.4913605628200752,2472131262961039.5,1.3238985881218188e-05,6.0442782061973675e-12,6.6879652960135047e-07,110649.52783206019,0.02623171593178002,-4.8127044085200613e-13
1189,9.5539897023211896e-12,5.865073992517699e-15,ELECTRODE_ATTACHMENT,CONFIRMED,6.4601773973356339e-05,22358642.746281914,8.491360566697173,2470573202396438,1.3230642010670257e-05,6.0442782015112205e-12,6.6921830442236059e-07,110719.30875965294,0.026214512647652826,-4.8158208117861805e-13
1190,9.5598547763407207e-12,5.8650740195313028e-15,ELECTRODE_ATTACHMENT,CONFIRMED,6.460259492981734e-05,22358642.756613653,8.4913605706209587,2469011895095262.5,1.3222280752892292e-05,6.0442781967686387e-12,6.6964149213540199e-07,110789.3234453375,0.026197277039375876,-4.8189341831964821e-13
1191,9.5657198503872935e-12,5.8650740465729474e-15,ELECTRODE_ATTACHMENT,CONFIRMED,6.4603414734364803e-05,22358642.767068423,8.4913605745914698,2467447345989869.5,1.3213902134298506e-05,6.044278191969588e-12,6.7006609575363315e-07,110859.5723876312,0.026180009157687707,-4.8220445163978848e-13
1192,9.5715849244609354e-12,5.865074073642647e-15,ELECTRODE_ATTACHMENT,CONFIRMED,6.460423338827536e-05,22358642.777646448,8.4913605786087896,2465879560022560.5,1.3205506181356389e-05,6.0442781871139538e-12,6.7049211830292394e-07,110930.05608715591,0.026162709053427578,-4.8251518050439956e-13
1193,9.5774499985616756e-12,5.8650741007403575e-15,ELECTRODE_ATTACHMENT,CONFIRMED,6.460505089282554e-05,22358642.788347799,8.4913605826729466,2464308542145567,1.3197092920586589e-05,6.0442781822017102e-12,6.7091956282190415e-07,111000.77504664297,0.026145376777534233,-4.8282560427950893e-13
1194,9.5833150726895416e-12,5.865074127866101e-15,ELECTRODE_ATTACHMENT,CONFIRMED,6.4605867249291839e-05,22358642.799172603,8.491360586783987,2462734297321037,1.3188662378562869e-05,6.0442781772327999e-12,6.7134843236201009e-07,111071.7297709431,0.026128012381046523,-4.831357223318158e-13
1195,9.5891801468445606e-12,5.8650741550198459e-15,ELECTRODE_ATTACHMENT,CONFIRMED,6.4606682458950677e-05,22358642.810121067,8.4913605909419925,2461156830521019.5,1.3180214581912009e-05,6.044278172207126e-12,6.7177872998753209e-07,111142.9207670344,0.026110615915103316,-4.8344553402869402e-13
1196,9.595045221026762e-12,5.865074182201559e-15,ELECTRODE_ATTACHMENT,CONFIRMED,6.4607496523078444e-05,22358642.821193311,8.4913605951470075,2459576146727451,1.3171749557313754e-05,6.0442781671246302e-12,6.7221045877566187e-07,111214.34854402875,0.026093187430942882,-4.8375503873819013e-13
1197,9.6009102952361731e-12,5.8650742094112602e-15,ELECTRODE_ATTACHMENT,CONFIRMED,6.460830944295134e-05,22358642.832389433,8.4913605993990675,2457992250932139,1.3163267331500689e-05,6.044278161985273e-12,6.726436218165427e-07,111286.0136131805,0.026075726979902784,-4.8406423582903163e-13
1198,9.6067753694728213e-12,5.8650742366489107e-15,ELECTRODE_ATTACHMENT,CONFIRMED,6.4609121219845553e-05,22358642.843709607,8.4913606036982419,2456405148136749.5,1.3154767931258212e-05,6.0442781567889721e-12,6.7307822221331471e-07,111357.91648789507,0.026058234613420248,-4.8437312467062426e-13
1199,9.6126404437367358e-12,5.8650742639145129e-15,ELECTRODE_ATTACHMENT,CONFIRMED,6.4609931855037067e-05,22358642.85515397,8.4913606080445803,2454814843352791,1.3146251383424426e-05,6.0442781515356635e-12,6.7351426308216543e-07,111430.0576837362,0.026040710383031553,-4.8468170463305687e-13
1200,9.618505518027944e-12,5.8650742912080337e-15,ELECTRODE_ATTACHMENT,CONFIRMED,6.4610741349801758e-05,22358642.86672261,8.4913606124381147,2453221341601600,1.3137717714890069e-05,6.0442781462253094e-12,6.7395174755237836e-07,111502.43771843385,0.026023154340371835,-4.8498997508710198e-13
1201,9.6243705923464735e-12,5.8650743185294841e-15,ELECTRODE_ATTACHMENT,CONFIRMED,6.461154970541531e-05,22358642.878415782,8.4913606168789446,2451624647914326.5,1.3129166952598413e-05,6.0442781408577918e-12,6.743906787663824e-07,111575.0571118943,0.026005566537175607,-4.8529793540422188e-13
1202,9.6302356666923516e-12,5.8650743458788294e-15,ELECTRODE_ATTACHMENT,CONFIRMED,6.4612356923153289e-05,22358642.890233532,8.4913606213670878,2450024767331919,1.3120599123545237e-05,6.0442781354330888e-12,6.7483105987979946e-07,111647.91638620482,0.025987947025275567,-4.8560558495656529e-13
1203,9.6361007410656074e-12,5.8650743732560546e-15,ELECTRODE_ATTACHMENT,CONFIRMED,6.4613163004291e-05,22358642.902176,8.4913606259025958,2448421704905109.5,1.3112014254778687e-05,6.0442781299511351e-12,6.7527289406149655e-07,111721.01606564484,0.025970295856603227,-4.8591292311697369e-13
1204,9.6419658154662684e-12,5.865074400661155e-15,ELECTRODE_ATTACHMENT,CONFIRMED,6.4613967950103574e-05,22358642.914243393,8.4913606304855485,2446815465694399.5,1.3103412373399238e-05,6.0442781244118393e-12,6.7571618449363354e-07,111794.35667669355,0.025952613083188761,-4.8621994925898248e-13
1205,9.6478308898943621e-12,5.8650744280941204e-15,ELECTRODE_ATTACHMENT,CONFIRMED,6.461477176186595e-05,22358642.926435769,8.4913606351159654,2445206054770044,1.30947935065596e-05,6.0442781188151733e-12,6.7616093437171463e-07,111867.93874803676,0.0259348987571602,-4.8652666275682276e-13
1206,9.6536959643499176e-12,5.8650744555549349e-15,ELECTRODE_ATTACHMENT,CONFIRMED,6.4615574440852799e-05,22358642.938753292,8.4913606397939123,2443593477212037,1.3086157681464633e-05,6.0442781131610569e-12,6.7660714690463827e-07,111941.76281057722,0.025917152930744043,-4.8683306298542507e-13
1207,9.6595610388329606e-12,5.8650744830435544e-15,ELECTRODE_ATTACHMENT,CONFIRMED,6.4616375988338546e-05,22358642.951196119,8.4913606445194461,2441977738110097,1.3077504925371276e-05,6.0442781074494249e-12,6.7705482531474757e-07,112015.82939744186,0.025899375656264764,-4.8713914932041841e-13
1208,9.6654261133435204e-12,5.865074510560012e-15,ELECTRODE_ATTACHMENT,CONFIRMED,6.4617176405597332e-05,22358642.963764388,8.4913606492926199,2440358842563651,1.3068835265588463e-05,6.0442781016802093e-12,6.7750397283788201e-07,112090.13904399057,0.025881566986144629,-4.8744492113813798e-13
1209,9.6712911878816243e-12,5.8650745381042635e-15,ELECTRODE_ATTACHMENT,CONFIRMED,6.4617975693903067e-05,22358642.976458192,8.4913606541134712,2438736795681821,1.3060148729477044e-05,6.044278095853373e-12,6.7795459272342759e-07,112164.69228782387,0.025863726972903438,-4.8775037781562186e-13
1210,9.6771562624472997e-12,5.8650745656762901e-15,ELECTRODE_ATTACHMENT,CONFIRMED,6.4618773854529282e-05,22358642.989277754,8.4913606589820816,2437111602583407,1.3051445344449702e-05,6.0442780899688052e-12,6.7840668823436941e-07,112239.48966879363,0.025845855669159021,-4.8805551873061687e-13
1211,9.6830213370405759e-12,5.8650745932760853e-15,ELECTRODE_ATTACHMENT,CONFIRMED,6.4619570888749359e-05,22358643.002223108,8.4913606638984653,2435483268396874,1.3042725137970869e-05,6.0442780840265005e-12,6.7886026264734252e-07,112314.53172900807,0.0258279531276259,-4.8836034326157696e-13
1212,9.6888864116614803e-12,5.8650746209036516e-15,ELECTRODE_ATTACHMENT,CONFIRMED,6.4620366797836192e-05,22358643.015294503,8.4913606688627166,2433851798260335,1.3033988137556655e-05,6.0442780780263359e-12,6.7931531925268442e-07,112389.81901284466,0.025810019401116654,-4.8866485078767288e-13
1213,9.6947514863100386e-12,5.8650746485589503e-15,ELECTRODE_ATTACHMENT,CONFIRMED,6.4621161583062431e-05,22358643.028491944,8.4913606738748388,2432217197321537.5,1.3025234370774768e-05,6.044278071968313e-12,6.7977186135448671e-07,112465.35206695407,0.025792054542540112,-4.8896904068878554e-13
1214,9.70061656098628e-12,5.8650746762419751e-15,ELECTRODE_ATTACHMENT,CONFIRMED,6.4621955245700361e-05,22358643.041815676,8.4913606789349227,2430579470737846.5,1.301646386524441e-05,6.0442780658523173e-12,6.8022989227064903e-07,112541.13144027372,0.025774058604902804,-4.8927291234551439e-13
1215,9.706481635690232e-12,5.8650747039527024e-15,ELECTRODE_ATTACHMENT,CONFIRMED,6.4622747787021899e-05,22358643.055265829,8.491360684043018,2428938623676231,1.3007676648636217e-05,6.0442780596782921e-12,6.8068941533293057e-07,112617.15768403289,0.025756031641307693,-4.895764651391775e-13
1216,9.7123467104219236e-12,5.8650747316911423e-15,ELECTRODE_ATTACHMENT,CONFIRMED,6.462353920829857e-05,22358643.068842471,8.4913606891991531,2427294661313248,1.299887274867218e-05,6.0442780534462043e-12,6.811504338870035e-07,112693.43135176234,0.025737973704954249,-4.8987969845181401e-13
1217,9.7182117851813807e-12,5.8650747594572538e-15,ELECTRODE_ATTACHMENT,CONFIRMED,6.4624329510801562e-05,22358643.082545783,8.4913606944033937,2425647588835026.5,1.2990052193125546e-05,6.0442780471559707e-12,6.8161295129250656e-07,112769.95299930446,0.025719884849138699,-4.9018261166618622e-13
1218,9.7240768599686324e-12,5.8650747872510197e-15,ELECTRODE_ATTACHMENT,CONFIRMED,6.4625118695801613e-05,22358643.096375879,8.4913606996557842,2423997411437254,1.2981215009820752e-05,6.0442780408075397e-12,6.8207697092309862e-07,112846.72318482067,0.02570176512725347,-4.9048520416578226e-13
1219,9.7299419347837044e-12,5.8650748150724462e-15,ELECTRODE_ATTACHMENT,CONFIRMED,6.4625906764569083e-05,22358643.110332906,8.4913607049563815,2422344134325159.5,1.2972361226633326e-05,6.0442780344008441e-12,6.8254249616651315e-07,112923.74246880125,0.025683614592787233,-4.9078747533481835e-13
1220,9.735807009626626e-12,5.8650748429215128e-15,ELECTRODE_ATTACHMENT,CONFIRMED,6.462669371837387e-05,22358643.124417026,8.4913607103052442,2420687762713499,1.2963490871489829e-05,6.0442780279358088e-12,6.8300953042461107e-07,113001.011414074,0.025665433299324757,-4.9108942455824067e-13
1221,9.7416720844974245e-12,5.865074870798199e-15,ELECTRODE_ATTACHMENT,CONFIRMED,6.4627479558485468e-05,22358643.138628375,8.4913607157024291,2419028301826539.5,1.2954603972367736e-05,6.0442780214123725e-12,6.8347807711343761e-07,113078.53058581322,0.025647221300546582,-4.9139105122172849e-13
1222,9.7475371593961274e-12,5.8650748987024796e-15,ELECTRODE_ATTACHMENT,CONFIRMED,6.4628264286172894e-05,22358643.152967069,8.4913607211479754,2417365756898043.5,1.2945700557295392e-05,6.0442780148304818e-12,6.8394813966327461e-07,113156.30055154844,0.02562897865022893,-4.9169235471169533e-13
1223,9.7534022343227622e-12,5.8650749266343569e-15,ELECTRODE_ATTACHMENT,CONFIRMED,6.4629047902704719e-05,22358643.167433213,8.4913607266419238,2415700133171255,1.2936780654351918e-05,6.0442780081900859e-12,6.8441972151869654e-07,113234.32188117385,0.025610705402243594,-4.9199333441529124e-13
1224,9.7592673092773564e-12,5.8650749545937985e-15,ELECTRODE_ATTACHMENT,CONFIRMED,6.4629830409348998e-05,22358643.182026953,8.4913607321843312,2414031435898881.5,1.2927844291667107e-05,6.0442780014911177e-12,6.8489282613862692e-07,113312.59514695792,0.025592401610557845,-4.922939897204055e-13
1225,9.7651323842599374e-12,5.8650749825808203e-15,ELECTRODE_ATTACHMENT,CONFIRMED,6.4630611807373368e-05,22358643.196748469,8.4913607377752651,2412359670343080.5,1.2918891497421357e-05,6.044277994733498e-12,6.8536745699639316e-07,113391.12092355244,0.025574067329234316,-4.9259432001567115e-13
1226,9.7709974592705326e-12,5.8650750105953655e-15,ELECTRODE_ATTACHMENT,CONFIRMED,6.4631392098044922e-05,22358643.211597897,8.4913607434147771,2410684841775443.5,1.2909922299845591e-05,6.0442779879171654e-12,6.8584361757978209e-07,113469.89978800116,0.025555702612430637,-4.928943246904628e-13
1227,9.7768625343091696e-12,5.8650750386374317e-15,ELECTRODE_ATTACHMENT,CONFIRMED,6.4632171282630224e-05,22358643.226575349,8.4913607491029115,2409006955476979.5,1.2900936727221167e-05,6.0442779810420643e-12,6.8632131139109715e-07,113548.93231974944,0.02553730751439932,-4.9319400313490045e-13
1228,9.7827276093758758e-12,5.8650750667070236e-15,ELECTRODE_ATTACHMENT,CONFIRMED,6.4632949362395365e-05,22358643.24168089,8.4913607548396914,2407326016738100.5,1.2891934807879807e-05,6.0442779741081646e-12,6.8680054194721374e-07,113628.21910065303,0.025518882089487521,-4.9349335473985373e-13
1229,9.7885926844706804e-12,5.8650750948041151e-15,ELECTRODE_ATTACHMENT,CONFIRMED,6.4633726338605841e-05,22358643.256914727,8.4913607606251933,2405642030858605,1.2882916570203485e-05,6.0442779671153752e-12,6.8728131277963786e-07,113707.76071498943,0.025500426392137437,-4.937923788969434e-13
1230,9.794457759593609e-12,5.8650751229286748e-15,ELECTRODE_ATTACHMENT,CONFIRMED,6.4634502212526656e-05,22358643.272277031,8.4913607664594863,2403955003147662.5,1.287388204262437e-05,6.044277960063616e-12,6.8776362743456166e-07,113787.55774946573,0.025481940476885644,-4.9409107499854222e-13
1231,9.8003228347446893e-12,5.8650751510807074e-15,ELECTRODE_ATTACHMENT,CONFIRMED,6.4635276985422195e-05,22358643.287767895,8.4913607723426026,2402264938923798,1.2864831253624725e-05,6.0442779529528419e-12,6.8824748947292204e-07,113867.61079322782,0.02546342439836281,-4.9438944243777778e-13
1232,9.8061879099239502e-12,5.8650751792601821e-15,ELECTRODE_ATTACHMENT,CONFIRMED,6.4636050658556352e-05,22358643.303387381,8.4913607782745686,2400571843514876,1.2855764231736842e-05,6.0442779457830286e-12,6.8873290247045702e-07,113947.92043787002,0.025444878211293657,-4.9468748060853461e-13
1233,9.8120529851314177e-12,5.8650752074670934e-15,ELECTRODE_ATTACHMENT,CONFIRMED,6.4636823233192386e-05,22358643.319135733,8.491360784255475,2398875722258085.5,1.2846681005542928e-05,6.0442779385540605e-12,6.8921987001776607e-07,114028.48727744713,0.025426301970497504,-4.9498518890545796e-13
1234,9.8179180603671192e-12,5.8650752357014239e-15,ELECTRODE_ATTACHMENT,CONFIRMED,6.4637594710592971e-05,22358643.335013047,8.4913607902853574,2397176580499922.5,1.2837581603675051e-05,6.0442779312658949e-12,6.8970839572036584e-07,114109.31190848059,0.025407695730887022,-4.9528256672395423e-13
1235,9.8237831356310821e-12,5.8650752639631547e-15,ELECTRODE_ATTACHMENT,CONFIRMED,6.463836509202016e-05,22358643.351019435,8.4913607963642601,2395474423596175,1.2828466054815029e-05,6.0442779239184825e-12,6.9019848319875117e-07,114190.39492997008,0.025389059547468618,-4.955796134601943e-13
1236,9.829648210923334e-12,5.8650752922522644e-15,ELECTRODE_ATTACHMENT,CONFIRMED,6.4639134378735463e-05,22358643.367155012,8.4913608024922258,2393769256911908,1.2819334387694375e-05,6.044277916511766e-12,6.9069013608845196e-07,114271.73694340291,0.025370393475342295,-4.9587632851111453e-13
1237,9.8355132862439022e-12,5.8650753205687422e-15,ELECTRODE_ATTACHMENT,CONFIRMED,6.4639902571999672e-05,22358643.383420002,8.4913608086693397,2392061085821446.5,1.2810186631094166e-05,6.0442779090456451e-12,6.9118335804009529e-07,114353.33855276501,0.025351697569701691,-4.9617271127442029e-13
1238,9.8413783615928144e-12,5.8650753489125831e-15,ELECTRODE_ATTACHMENT,CONFIRMED,6.4640669673073022e-05,22358643.399814483,8.4913608148956321,2390349915708360,1.2801022813845014e-05,6.0442779015200851e-12,6.9167815271946135e-07,114435.20036454812,0.02533297188583325,-4.9646876114858892e-13
1239,9.8472434369700978e-12,5.8650753772837455e-15,ELECTRODE_ATTACHMENT,CONFIRMED,6.4641435683215044e-05,22358643.416338556,8.491360821171142,2388635751965445.5,1.2791842964826936e-05,6.0442778939350368e-12,6.9217452380754674e-07,114517.32298776171,0.025314216479116552,-4.9676447753286778e-13
1240,9.8531085123757801e-12,5.8650754056822451e-15,ELECTRODE_ATTACHMENT,CONFIRMED,6.464220060368466e-05,22358643.432992328,8.4913608274959067,2386918599994713,1.2782647112969281e-05,6.0442778862904525e-12,6.9267247500062305e-07,114599.7070339425,0.025295431405024042,-4.9705985982728243e-13
1241,9.8589735878098886e-12,5.86507543410804e-15,ELECTRODE_ATTACHMENT,CONFIRMED,6.4642964435740114e-05,22358643.449776035,8.4913608338700204,2385198465207368.5,1.2773435287250646e-05,6.0442778785862296e-12,6.9317201001029822e-07,114682.35311716555,0.025276616719121264,-4.9735490743263503e-13
1242,9.8648386632724492e-12,5.8650754625611255e-15,ELECTRODE_ATTACHMENT,CONFIRMED,6.4643727180638957e-05,22358643.466689829,8.4913608402935363,2383475353023798,1.2764207516698802e-05,6.0442778708222889e-12,6.9367313256357599e-07,114765.26185405267,0.025257772477066186,-4.9764961975050745e-13
1243,9.870703738763491e-12,5.865075491041482e-15,ELECTRODE_ATTACHMENT,CONFIRMED,6.4644488839638053e-05,22358643.483733676,8.4913608467664456,2381749268873552,1.2754963830390596e-05,6.0442778629986507e-12,6.9417584640291833e-07,114848.43386378136,0.02523889873460855,-4.9794399618326313e-13
1244,9.8765688142830398e-12,5.8650755195490921e-15,ELECTRODE_ATTACHMENT,CONFIRMED,6.5256941891443678e-05,41710457.946555592,15.840788810186625,3498330354645121.5,1.790880875400696e-05,2.3460302192335781e-12,4.9440406307420888e-07,210740.70530759197,0.19193576343825491,-4.9823803613405055e-13
1245,9.8824338898311232e-12,5.8650755480839455e-15,ELECTRODE_ATTACHMENT,CONFIRMED,6.5261131709420128e-05,41710457.798486665,15.84078875395304,3503069018193827,1.7933067135150194e-05,2.3460302306584069e-12,4.9373527384198037e-07,210455.63155570035,0.19214265433991917,-4.9853173900680358e-13
1246,9.8882989654077684e-12,5.8650755766460177e-15,ELECTRODE_ATTACHMENT,CONFIRMED,6.5265315416740787e-05,41710457.65027675,15.840788697665911,3507808508970137.5,1.7957329751086284e-05,2.3460302420941143e-12,4.9306817525386197e-07,210171.27844598427,0.19234955532615866,-4.9882510420624714e-13
1247,9.8941640410130032e-12,5.8650756052352859e-15,ELECTRODE_ATTACHMENT,CONFIRMED,6.5269493025941946e-05,41710457.501925826,15.840788641325227,3512548819240932.5,1.7981596562227507e-05,2.3460302535407026e-12,4.9240276202165948e-07,209887.64372433382,0.19255646608455665,-4.9911813113789363e-13
1248,9.9000291166468548e-12,5.8650756338517572e-15,ELECTRODE_ATTACHMENT,CONFIRMED,6.5273664549531123e-05,41710457.353434049,15.840788584931053,3517289941269847,1.8005867528969541e-05,2.346030264998159e-12,4.9173902887792255e-07,209604.72514548249,0.19276338630263601,-4.9941081920805193e-13
1249,9.9058941923093508e-12,5.8650756624953976e-15,ELECTRODE_ATTACHMENT,CONFIRMED,6.5277829999987067e-05,41710457.20480153,15.840788528483426,3522031867317293.5,1.8030142611691545e-05,2.3460302764664737e-12,4.9107697057584851e-07,209322.52047296471,0.19297031566785611,-4.9970316782382488e-13
1250,9.911759268000517e-12,5.8650756911661851e-15,ELECTRODE_ATTACHMENT,CONFIRMED,6.5281989389759777e-05,41710457.056028284,15.840788471982355,3526774589640484,1.8054421770756308e-05,2.346030287945648e-12,4.9041658188918534e-07,209041.02747907367,0.19317725386761458,-4.9999517639311173e-13
1251,9.9176243437203808e-12,5.8650757198641205e-15,ELECTRODE_ATTACHMENT,CONFIRMED,6.5286142731270648e-05,41710456.907114424,15.84078841542788,3531518100493451,1.8078704966510347e-05,2.3460302994356714e-12,4.897578576121366e-07,208760.24394482287,0.19338420058924963,-5.0028684432461424e-13
1252,9.9234894194689698e-12,5.8650757485891785e-15,ELECTRODE_ATTACHMENT,CONFIRMED,6.5290290036912395e-05,41710456.758060083,15.840788358820054,3536262392127069.5,1.8102992159284011e-05,2.346030310936535e-12,4.8910079255926665e-07,208480.16765990449,0.19359115552004014,-5.005781710278347e-13
1253,9.9293544952463114e-12,5.8650757773413378e-15,ELECTRODE_ATTACHMENT,CONFIRMED,6.5294431319049286e-05,41710456.608865343,15.840788302158908,3541007456789078,1.8127283309391583e-05,2.3460303224482306e-12,4.884453815654067e-07,208200.79642264944,0.19379811834720595,-5.008691559130806e-13
1254,9.9352195710524315e-12,5.8650758061205771e-15,ELECTRODE_ATTACHMENT,CONFIRMED,6.5298566590016939e-05,41710456.459530182,15.840788245444433,3545753286724101.5,1.8151578377131422e-05,2.3460303339707613e-12,4.8779161948555952e-07,207922.1280399859,0.1940050887579079,-5.0115979839146444e-13
1255,9.9410846468873591e-12,5.8650758349269036e-15,ELECTRODE_ATTACHMENT,CONFIRMED,6.530269586212265e-05,41710456.310054801,15.840788188676704,3550499874173671.5,1.8175877322786039e-05,2.3460303455041111e-12,4.871395011948073e-07,207644.16032740258,0.19421206643925201,-5.014500978749097e-13
1256,9.9469497227511201e-12,5.8650758637602785e-15,ELECTRODE_ATTACHMENT,CONFIRMED,6.530681914764521e-05,41710456.160439298,15.84078813185576,3555247211376249,1.8200180106622228e-05,2.3460303570482748e-12,4.8648902158821822e-07,207366.89110890633,0.19441905107828719,-5.0174005377614954e-13
1257,9.9528147986437403e-12,5.8650758926206876e-15,ELECTRODE_ATTACHMENT,CONFIRMED,6.5310936458835156e-05,41710456.010683641,15.840788074981589,3559995290567245.5,1.8224486688891181e-05,2.3460303686032504e-12,4.8584017558075375e-07,207090.31821698329,0.19462604236200651,-5.0202966550872967e-13
1258,9.9586798745652488e-12,5.8650759215081263e-15,ELECTRODE_ATTACHMENT,CONFIRMED,6.531504780791463e-05,41710455.860788062,15.840788018054278,3564744103979045.5,1.8248797029828579e-05,2.3460303801690238e-12,4.8519295810717741e-07,206814.43949256142,0.19483303997735077,-5.0231893248701399e-13
1259,9.9645449505156715e-12,5.8650759504225598e-15,ELECTRODE_ATTACHMENT,CONFIRMED,6.5319153207077615e-05,41710455.710752524,15.840787961073813,3569493643841027.5,1.8273111089654737e-05,2.346030391745595e-12,4.8454736412196221e-07,206539.25278496853,0.19504004361120472,-5.0260785412618085e-13
1260,9.9704100264950358e-12,5.8650759793639882e-15,ELECTRODE_ATTACHMENT,CONFIRMED,6.5323252668489861e-05,41710455.560577273,15.840787904040289,3574243902379586.5,1.8297428828574668e-05,2.346030403332947e-12,4.8390338859920153e-07,206264.7559518973,0.19524705295040351,-5.0289642984223217e-13
1261,9.9762751025033676e-12,5.8650760083323679e-15,ELECTRODE_ATTACHMENT,CONFIRMED,6.5327346204288971e-05,41710455.410262227,15.840787846953672,3578994871818154.5,1.8321750206778233e-05,2.3460304149310867e-12,4.8326102653251677e-07,205990.94685936213,0.19545406768172738,-5.0318465905198814e-13
1262,9.9821401785406959e-12,5.8650760373277165e-15,ELECTRODE_ATTACHMENT,CONFIRMED,6.5331433826584521e-05,41710455.259807639,15.840787789814062,3583746544377224,1.8346075184440254e-05,2.3460304265399915e-12,4.8262027293496809e-07,205717.82338166583,0.19566108749190886,-5.0347254117309665e-13
1263,9.9880052546070467e-12,5.8650760663499786e-15,ELECTRODE_ATTACHMENT,CONFIRMED,6.5335515547457952e-05,41710455.109213412,15.840787732621418,3588498912274369,1.837040372172059e-05,2.3460304381596714e-12,4.8198112283896551e-07,205445.38340135626,0.195868112067627,-5.0376007562402862e-13
1264,9.9938703307024457e-12,5.865076095399178e-15,ELECTRODE_ATTACHMENT,CONFIRMED,6.5339591378962841e-05,41710454.958479777,15.840787675375831,3593251967724266,1.8394735778764281e-05,2.3460304497901087e-12,4.8134357129617908e-07,205173.62480919342,0.19607514109551552,-5.0404726182408802e-13
1265,9.9997354068269204e-12,5.865076124475272e-15,ELECTRODE_ATTACHMENT,CONFIRMED,6.5343661333124739e-05,41710454.807606764,15.840787618077309,3598005702938717.5,1.8419071315701656e-05,2.3460304614312997e-12,4.8070761337745047e-07,204902.54550410804,0.19628217426215744,-5.0433409919340679e-13
1266,1.0005600482980498e-11,5.8650761535782495e-15,ELECTRODE_ATTACHMENT,CONFIRMED,6.5347725421941398e-05,41710454.656594522,15.840787560725913,3602760110126672.5,1.8443410292648434e-05,2.346030473083234e-12,4.8007324417270546e-07,204632.14339316601,0.19648921125408975,-5.0462058715295124e-13
1267,1.0011465559163207e-11,5.8650761827080855e-15,ELECTRODE_ATTACHMENT,CONFIRMED,6.5351783657382711e-05,41710454.505443081,15.840787503321652,3607515181494249.5,1.8467752669705836e-05,2.3460304847459079e-12,4.7944045879086569e-07,204362.41639152978,0.19669625175780217,-5.0490672512452334e-13
1268,1.0017330635375072e-11,5.8650762118647711e-15,ELECTRODE_ATTACHMENT,CONFIRMED,6.5355836051390838e-05,41710454.35415256,15.840787445864569,3612270909244757,1.8492098406960696e-05,2.3460304964193142e-12,4.7880925235976218e-07,204093.36242242221,0.196903295459739,-5.0519251253076172e-13
1269,1.0023195711616121e-11,5.8650762410482866e-15,ELECTRODE_ATTACHMENT,CONFIRMED,6.5359882615880144e-05,41710454.202722996,15.840787388354682,3617027285578717.5,1.8516447464485614e-05,2.3460305081034492e-12,4.7817962002604744e-07,203824.97941708859,0.19711034204629974,-5.0547794879514582e-13
1270,1.002906078788638e-11,5.8650762702586242e-15,ELECTRODE_ATTACHMENT,CONFIRMED,6.536392336273743e-05,41710454.051154621,15.840787330792077,3621784302693887,1.8540799802338997e-05,2.3460305197982939e-12,4.7755155695511087e-07,203557.26531476225,0.19731739120384156,-5.0576303334199742e-13
1271,1.0034925864185876e-11,5.8650762994957358e-15,ELECTRODE_ATTACHMENT,CONFIRMED,6.5367958303821848e-05,41710453.899447419,15.840787273176748,3626541952785279,1.8565155380565215e-05,2.3460305315038515e-12,4.769250583309923e-07,203290.21806262428,0.19752444261867644,-5.0604776559648213e-13
1272,1.0040790940514635e-11,5.8650763287596291e-15,ELECTRODE_ATTACHMENT,CONFIRMED,6.5371987450964998e-05,41710453.747601494,15.840787215508735,3631300228045185.5,1.8589514159194723e-05,2.346030543220112e-12,4.7630011935629594e-07,203023.83561577013,0.19773149597707521,-5.0633214498461094e-13
1273,1.0046656016872685e-11,5.8650763580502807e-15,ELECTRODE_ATTACHMENT,CONFIRMED,6.5376010815970995e-05,41710453.595616914,15.840787157788064,3636059120663198.5,1.8613876098244139e-05,2.3460305549470714e-12,4.7567673525210707e-07,202758.11593717235,0.19793855096526755,-5.0661617093324551e-13
1274,1.0052521093260053e-11,5.8650763873676785e-15,ELECTRODE_ATTACHMENT,CONFIRMED,6.5380028410616484e-05,41710453.443493806,15.840787100014781,3640818622826233.5,1.8638241157716396e-05,2.346030566684719e-12,4.7505490125790591e-07,202493.05699764489,0.19814560726944319,-5.0689984287009793e-13
1275,1.0058386169676765e-11,5.8650764167117975e-15,ELECTRODE_ATTACHMENT,CONFIRMED,6.5384040246650748e-05,41710453.291232303,15.840787042188941,3645578726718550,1.8662609297600802e-05,2.3460305784330457e-12,4.7443461263148572e-07,202228.65677580758,0.19835266457575218,-5.0718316022373272e-13
1276,1.0064251246122848e-11,5.8650764460826147e-15,ELECTRODE_ATTACHMENT,CONFIRMED,6.5388046335795706e-05,41710453.138832413,15.840786984310544,3650339424521774,1.8686980477873212e-05,2.346030590192051e-12,4.7381586464886739e-07,201964.91325804914,0.19855972257030532,-5.0746612242357003e-13
1277,1.0070116322598329e-11,5.8650764754801284e-15,ELECTRODE_ATTACHMENT,CONFIRMED,6.5392046689746023e-05,41710452.986294299,15.840786926379652,3655100708414921,1.8711354658496098e-05,2.3460306019617204e-12,4.7319865260421746e-07,201701.82443849405,0.19876678093917671,-5.07748728899888e-13
1278,1.0075981399103232e-11,5.8650765049043018e-15,ELECTRODE_ATTACHMENT,CONFIRMED,6.5396041320169097e-05,41710452.833618008,15.840786868396281,3659862570574416.5,1.8735731799418693e-05,2.3460306137420515e-12,4.7258297180976492e-07,201439.38831896501,0.19897383936840307,-5.0803097908382387e-13
1279,1.0081846475637588e-11,5.8650765343551299e-15,ELECTRODE_ATTACHMENT,CONFIRMED,6.5400030238705207e-05,41710452.680803709,15.8407868103605,3664625003174119,1.8760111860577062e-05,2.3460306255330321e-12,4.7196881759572008e-07,201177.60290895007,0.19918089754398599,-5.0831287240737799e-13
1280,1.008771155220142e-11,5.8650765638325806e-15,ELECTRODE_ATTACHMENT,CONFIRMED,6.5404013456967433e-05,41710452.527851351,15.840786752272287,3669387998385342,1.8784494801894266e-05,2.3460306373346643e-12,4.7135618531019139e-07,200916.46622556524,0.19938795515188978,-5.0859440830341223e-13
1281,1.0093576628794756e-11,5.8650765933366608e-15,ELECTRODE_ATTACHMENT,CONFIRMED,6.5407990986541856e-05,41710452.374761179,15.840786694131733,3674151548376876.5,1.8808880583280437e-05,2.346030649146931e-12,4.7074507031910512e-07,200655.97629352307,0.19959501187804782,-5.0887558620565876e-13
1282,1.0099441705417623e-11,5.865076622867328e-15,ELECTRODE_ATTACHMENT,CONFIRMED,6.5411962838987509e-05,41710452.221533209,15.840786635938848,3678915645315012,1.8833269164632912e-05,2.3460306609698304e-12,4.7013546800612413e-07,200396.13114509505,0.19980206740835765,-5.0915640554871459e-13
1283,1.0105306782070047e-11,5.8650766524245767e-15,ELECTRODE_ATTACHMENT,CONFIRMED,6.5415929025836495e-05,41710452.068167493,15.840786577693649,3683680281363560,1.8857660505836341e-05,2.3460306728033579e-12,4.6952737377256731e-07,200136.92882007884,0.20000912142868521,-5.0943686576804904e-13
1284,1.0111171858752056e-11,5.8650766820083957e-15,ELECTRODE_ATTACHMENT,CONFIRMED,6.5419889558593946e-05,41710451.914664298,15.840786519396238,3688445448683874.5,1.8882054566762773e-05,2.3460306846474925e-12,4.6892078303733041e-07,199878.36736576573,0.20021617362486652,-5.0971696630000597e-13
1285,1.0117036935463676e-11,5.8650767116187316e-15,ELECTRODE_ATTACHMENT,CONFIRMED,6.5423844448738258e-05,41710451.761023514,15.840786461046575,3693211139434876,1.8906451307271829e-05,2.3460306965022444e-12,4.6831569123680494e-07,199620.44483690194,0.20042322368270313,-5.0999670658179986e-13
1286,1.0122902012204932e-11,5.8650767412556118e-15,ELECTRODE_ATTACHMENT,CONFIRMED,6.5427793707720922e-05,41710451.607245393,15.840786402644753,3697977345773072,1.8930850687210761e-05,2.3460307083675933e-12,4.677120938248001e-07,199363.15929566065,0.20063027128797112,-5.1027608605152828e-13
1287,1.0128767088975851e-11,5.8650767709189835e-15,ELECTRODE_ATTACHMENT,CONFIRMED,6.5431737346966745e-05,41710451.453330003,15.840786344190798,3702744059852581,1.8955252666414593e-05,2.3460307202435332e-12,4.6710998627246367e-07,199106.50881160441,0.20083731612641562,-5.1055510414816415e-13
1288,1.013463216577646e-11,5.8650768006088342e-15,ELECTRODE_ATTACHMENT,CONFIRMED,6.5435675377873825e-05,41710451.299277276,15.840786285684686,3707511273825153,1.897965720470623e-05,2.3460307321300706e-12,4.6650936406820355e-07,198850.49146165189,0.20104435788375191,-5.1083376031156203e-13
1289,1.0140497242606785e-11,5.8650768303251764e-15,ELECTRODE_ATTACHMENT,CONFIRMED,6.5439607811813624e-05,41710451.145087503,15.840786227126527,3712278979840192.5,1.9004064261896565e-05,2.3460307440271811e-12,4.6591022271761e-07,198595.10533004845,0.20125139624567215,-5.1111205398246338e-13
1290,1.0146362319466853e-11,5.8650768600679533e-15,ELECTRODE_ATTACHMENT,CONFIRMED,6.5443534660131046e-05,41710450.990760833,15.840786168516377,3717047170044781,1.902847379778459e-05,2.346030755934856e-12,4.6531255774337818e-07,198340.34850832913,0.20145843089784082,-5.1138998460249476e-13
1291,1.0152227396356689e-11,5.8650768898371405e-15,ELECTRODE_ATTACHMENT,CONFIRMED,6.5447455934144482e-05,41710450.836297162,15.840786109854198,3721815836583698.5,1.9052885772157533e-05,2.3460307678531012e-12,4.6471636468523058e-07,198086.21909528563,0.20166546152589465,-5.1166755161416802e-13
1292,1.0158092473276322e-11,5.8650769196327545e-15,ELECTRODE_ATTACHMENT,CONFIRMED,6.5451371645145791e-05,41710450.681696631,15.840786051140041,3726584971599447,1.9077300144790956e-05,2.346030779781906e-12,4.6412163909984037e-07,197832.71519693639,0.201872487815448,-5.1194475446088816e-13
1293,1.0163957550225777e-11,5.8650769494547662e-15,ELECTRODE_ATTACHMENT,CONFIRMED,6.5455281804400523e-05,41710450.526959389,15.840785992373965,3731354567232271,1.9101716875448844e-05,2.3460307917212601e-12,4.6352837656075609e-07,197579.83492649294,0.20207950945209199,-5.1222159258695278e-13
1294,1.016982262720508e-11,5.865076979303151e-15,ELECTRODE_ATTACHMENT,CONFIRMED,6.5459186423147737e-05,41710450.372085519,15.840785933555999,3736124615620182,1.9126135923883774e-05,2.3460308036711567e-12,4.6293657265832395e-07,197327.57640432662,0.20228652612139431,-5.1249806543755371e-13
1295,1.0175687704214258e-11,5.8650770091778925e-15,ELECTRODE_ATTACHMENT,CONFIRMED,6.5463085512600276e-05,41710450.217075154,15.840785874686196,3740895108898978.5,1.9150557249836984e-05,2.3460308156315845e-12,4.6234622299961377e-07,197075.93775793762,0.20249353750890167,-5.1277417245877972e-13
1296,1.0181552781253338e-11,5.8650770390789615e-15,ELECTRODE_ATTACHMENT,CONFIRMED,6.5466979083944737e-05,41710450.061928347,15.840785815764574,3745666039202270.5,1.9174980813038517e-05,2.3460308276025408e-12,4.617573232083429e-07,196824.91712192146,0.20270054330013859,-5.1304991309761948e-13
1297,1.0187417858322345e-11,5.8650770690063524e-15,ELECTRODE_ATTACHMENT,CONFIRMED,6.5470867148341463e-05,41710449.906645238,15.840785756791188,3750437398661500,1.9199406573207312e-05,2.346030839584014e-12,4.6116986892480216e-07,196574.5126379389,0.20290754318061074,-5.1332528680196195e-13
1298,1.0193282935421304e-11,5.865077098960036e-15,ELECTRODE_ATTACHMENT,CONFIRMED,6.5474749716924694e-05,41710449.751225851,15.840785697766046,3755209179405964.5,1.9223834490051325e-05,2.3460308515760016e-12,4.6058385580578109e-07,196324.72245468257,0.20311453683580344,-5.1360029302059979e-13
1299,1.0199148012550245e-11,5.8650771289400036e-15,ELECTRODE_ATTACHMENT,CONFIRMED,6.5478626800802571e-05,41710449.59567035,15.840785638689212,3759981373562839,1.9248264523267649e-05,2.346030863578492e-12,4.599992795244942e-07,196075.54472784704,0.20332152395118494,-5.1387493120323191e-13
1300,1.0205013089709191e-11,5.8650771589462309e-15,ELECTRODE_ATTACHMENT,CONFIRMED,6.5482498411057225e-05,41710449.439978823,15.840785579560716,3764753973257198.5,1.9272696632542628e-05,2.3460308755914789e-12,4.594161357705072e-07,195826.97762009618,0.20352850421220539,-5.1414920080046479e-13
1301,1.021087816689817e-11,5.865077188978698e-15,ELECTRODE_ATTACHMENT,CONFIRMED,6.548636455874474e-05,41710449.284151405,15.840785520380614,3769526970612040.5,1.929713077755197e-05,2.3460308876149502e-12,4.5883442024966373e-07,195579.01930103291,0.20373547730429936,-5.1442310126381527e-13
1302,1.0216743244117206e-11,5.8650772190373767e-15,ELECTRODE_ATTACHMENT,CONFIRMED,6.5490225254895396e-05,41710449.128188096,15.840785461148901,3774300357748307.5,1.9321566917960866e-05,2.3460308996489082e-12,4.5825412868401268e-07,195331.66794716642,0.20394244291288416,-5.1469663204571149e-13
1303,1.0222608321366328e-11,5.8650772491222715e-15,ELECTRODE_ATTACHMENT,CONFIRMED,6.5494080510513465e-05,41710448.972089045,15.840785401865636,3779074126784908,1.9346005013424098e-05,2.3460309116933381e-12,4.5767525681173571e-07,195084.92174188403,0.20414940072336413,-5.1496979259949674e-13
1304,1.0228473398645562e-11,5.8650772792333455e-15,ELECTRODE_ATTACHMENT,CONFIRMED,6.5497930336577524e-05,41710448.815854445,15.840785342530895,3783848269838741.5,1.9370445023586144e-05,2.3460309237482285e-12,4.5709780038707558e-07,194838.77887541879,0.20435635042112946,-5.1524258237943143e-13
1305,1.0234338475954932e-11,5.8650773093705726e-15,ELECTRODE_ATTACHMENT,CONFIRMED,6.550177474404032e-05,41710448.65948426,15.840785283144658,3788622779024719.5,1.9394886908081324e-05,2.3460309358135795e-12,4.5652175518026357e-07,194593.23754481802,0.20456329169155626,-5.1551500084069303e-13
1306,1.0240203553294466e-11,5.8650773395339488e-15,ELECTRODE_ATTACHMENT,CONFIRMED,6.5505613743828929e-05,41710448.502978623,15.84078522370698,3793397646455787,1.941933062653389e-05,2.3460309478893824e-12,4.5594711697744873e-07,194348.2959539147,0.20477022422000965,-5.1578704743938141e-13
1307,1.024606863066419e-11,5.8650773697234561e-15,ELECTRODE_ATTACHMENT,CONFIRMED,6.5509447346844747e-05,41710448.346337669,15.840785164217912,3798172864242947,1.9443776138558137e-05,2.3460309599756269e-12,4.5537388158062735e-07,194103.95231329696,0.2049771476918433,-5.1605872163251824e-13
1308,1.0251933708064129e-11,5.8650773999390683e-15,ELECTRODE_ATTACHMENT,CONFIRMED,6.5513275563963596e-05,41710448.189561442,15.840785104677471,3802948424495282,1.9468223403758553e-05,2.3460309720723085e-12,4.5480204480757103e-07,193860.20484027662,0.20518406179240084,-5.163300228780516e-13
1309,1.025779878549431e-11,5.8650774301807713e-15,ELECTRODE_ATTACHMENT,CONFIRMED,6.5517098406035751e-05,41710448.032650173,15.840785045085743,3807724319319976.5,1.9492672381729883e-05,2.3460309841794103e-12,4.5423160249175816e-07,193617.05175886172,0.2053909662070173,-5.1660095063485717e-13
1310,1.0263663862954759e-11,5.8650774604485265e-15,ELECTRODE_ATTACHMENT,CONFIRMED,6.5520915883886022e-05,41710447.87560378,15.840784985442697,3812500540822339.5,1.9517123032057296e-05,2.3460309962969374e-12,4.5366255048230245e-07,193374.49129972293,0.20559786062101676,-5.1687150436273822e-13
1311,1.0269528940445502e-11,5.865077490742344e-15,ELECTRODE_ATTACHMENT,CONFIRMED,6.5524728008313726e-05,41710447.718422525,15.840784925748434,3817277081105827.5,1.9541575314316455e-05,2.3460310084248701e-12,4.5309488464388477e-07,193132.52170016864,0.20580474471971891,-5.1714168352243167e-13
1312,1.0275394017966564e-11,5.8650775210621766e-15,ELECTRODE_ATTACHMENT,CONFIRMED,6.5528534790092879e-05,41710447.561106443,15.840784866002966,3822053932272066.5,1.9566029188073662e-05,2.3460310205632072e-12,4.5252860085668324e-07,192891.14120411142,0.20601161818843428,-5.1741148757560762e-13
1313,1.0281259095517972e-11,5.8650775514080196e-15,ELECTRODE_ATTACHMENT,CONFIRMED,6.5532336239972099e-05,41710447.403655648,15.840784806206337,3826831086420875,1.9590484612885971e-05,2.3460310327119382e-12,4.5196369501630447e-07,192650.34806204104,0.20621848071246912,-5.1768091598487203e-13
1314,1.0287124173099752e-11,5.865077581779846e-15,ELECTRODE_ATTACHMENT,CONFIRMED,6.5536132368674836e-05,41710447.246070221,15.840784746358576,3831608535650286,1.9614941548301282e-05,2.3460310448710574e-12,4.514001630337156e-07,192410.14053099434,0.20642533197712343,-5.1794996821376867e-13
1315,1.0292989250711929e-11,5.8650776121776441e-15,ELECTRODE_ATTACHMENT,CONFIRMED,6.5539923186899225e-05,41710447.088350222,15.84078468645971,3836386272056570.5,1.9639399953858497e-05,2.3460310570405604e-12,4.5083800083517536e-07,192170.51687452613,0.20663217166769415,-5.1821864372678241e-13
1316,1.029885432835453e-11,5.865077642601402e-15,ELECTRODE_ATTACHMENT,CONFIRMED,6.5543708705318273e-05,41710446.930495925,15.840784626509837,3841164287734259,1.9663859789087584e-05,2.3460310692204261e-12,4.5027720436216763e-07,191931.47536268239,0.20683899946947637,-5.1848694198934142e-13
1317,1.0304719406027581e-11,5.8650776730510669e-15,ELECTRODE_ATTACHMENT,CONFIRMED,6.5547488934579931e-05,41710446.772507183,15.840784566508907,3845942574776165.5,1.9688321013509742e-05,2.3460310814106644e-12,4.4971776957133266e-07,191693.014271967,0.20704581506775893,-5.1875486246781525e-13
1318,1.0310584483731108e-11,5.8650777035266617e-15,ELECTRODE_ATTACHMENT,CONFIRMED,6.5551263885307021e-05,41710446.614384316,15.840784506457039,3850721125273409,1.9712783586637478e-05,2.3460310936112524e-12,4.4915969243440114e-07,191455.13188531884,0.20725261814783449,-5.1902240462952462e-13
1319,1.0316449561465136e-11,5.8650777340281327e-15,ELECTRODE_ATTACHMENT,CONFIRMED,6.5555033568097444e-05,41710446.456127375,15.840784446354251,3855499931315436.5,1.9737247467974746e-05,2.3460311058221859e-12,4.48602968938127e-07,191217.82649207901,0.20745940839499219,-5.192895679427367e-13
1320,1.0322314639229691e-11,5.8650777645554657e-15,ELECTRODE_ATTACHMENT,CONFIRMED,6.5558797993524109e-05,41710446.297736369,15.840784386200548,3860278984990046,1.9761712617017055e-05,2.3460311180434641e-12,4.4804759508422112e-07,190981.09638796374,0.20766618549452098,-5.1955635187666821e-13
1321,1.0328179717024799e-11,5.8650777951086607e-15,ELECTRODE_ATTACHMENT,CONFIRMED,6.5562557172135056e-05,41710446.139211506,15.84078432599601,3865058278383408.5,1.9786178993251603e-05,2.3460311302750702e-12,4.4749356688928492e-07,190744.93987503767,0.20787294913171378,-5.1982275590149309e-13
1322,1.0334044794850487e-11,5.8650778256876759e-15,ELECTRODE_ATTACHMENT,CONFIRMED,6.556631111445351e-05,41710445.980552793,15.840784265740638,3869837803580091.5,1.9810646556157363e-05,2.3460311425170032e-12,4.4694088038474562e-07,190509.35526168376,0.20807969899186329,-5.2008877948833649e-13
1323,1.033990987270678e-11,5.865077856292509e-15,ELECTRODE_ATTACHMENT,CONFIRMED,6.557005983097787e-05,41710445.821760468,15.840784205434522,3874617552663080.5,1.9835115265205196e-05,2.3460311547692473e-12,4.4638953161679061e-07,190274.34086257772,0.20828643476026787,-5.203544221092851e-13
1324,1.0345774950593703e-11,5.8650778869231189e-15,ELECTRODE_ATTACHMENT,CONFIRMED,6.557380333218188e-05,41710445.662834533,15.840784145077665,3879397517713803.5,1.985958507985802e-05,2.3460311670317996e-12,4.4583951664630151e-07,190039.89499865766,0.20849315612222769,-5.2061968323738218e-13
1325,1.0351640028511282e-11,5.8650779175794993e-15,ELECTRODE_ATTACHMENT,CONFIRMED,6.557754162851454e-05,41710445.50377512,15.840784084670116,3884177690812152,1.9884055959570865e-05,2.3460311793046509e-12,4.4529083154879083e-07,189806.01599709867,0.20869986276304892,-5.2088456234663414e-13
1326,1.0357505106459543e-11,5.8650779482616281e-15,ELECTRODE_ATTACHMENT,CONFIRMED,6.5581274730400302e-05,41710445.344582364,15.840784024211924,3888958064036505,1.9908527863791031e-05,2.3460311915877918e-12,4.4474347241433675e-07,189572.70219128448,0.20890655436804356,-5.2114905891201122e-13
1327,1.0363370184438513e-11,5.86507797896948e-15,ELECTRODE_ATTACHMENT,CONFIRMED,6.5585002648239012e-05,41710445.185256243,15.840783963703084,3893738629463751,1.9933000751958178e-05,2.3460312038812224e-12,4.4419743534751949e-07,189339.95192077965,0.20911323062252912,-5.2141317240944865e-13
1328,1.0369235262448217e-11,5.8650780097030568e-15,ELECTRODE_ATTACHMENT,CONFIRMED,6.5588725392406024e-05,41710445.025797039,15.840783903143702,3898519379169311.5,1.9957474583504455e-05,2.3460312161849226e-12,4.4365271646735772e-07,189107.76353130478,0.2093198912118337,-5.2167690231585255e-13
1329,1.0375100340488679e-11,5.8650780404623078e-15,ELECTRODE_ATTACHMENT,CONFIRMED,6.5592442973252255e-05,41710444.866204776,15.840783842533787,3903300305227162.5,1.9981949317854619e-05,2.3460312284988897e-12,4.4310931190724486e-07,188876.13537470633,0.20952653582129099,-5.2194024810909686e-13
1330,1.0380965418559927e-11,5.8650780712472244e-15,ELECTRODE_ATTACHMENT,CONFIRMED,6.5596155401104203e-05,41710444.706479564,15.840783781873379,3908081399709858.5,2.0006424914426152e-05,2.3460312408231143e-12,4.4256721781488597e-07,188645.06580893166,0.2097331641362456,-5.2220320926802872e-13
1331,1.0386830496661985e-11,5.8650781020577861e-15,ELECTRODE_ATTACHMENT,CONFIRMED,6.5599862686264011e-05,41710444.546621524,15.840783721162527,3912862654688555,2.0030901332629375e-05,2.3460312531575877e-12,4.4202643035223554e-07,188414.55319800199,0.20993977584205226,-5.2246578527247085e-13
1332,1.0392695574794879e-11,5.8650781328939691e-15,ELECTRODE_ATTACHMENT,CONFIRMED,6.5603564839009605e-05,41710444.386630721,15.840783660401254,3917644062233031,2.0055378531867547e-05,2.3460312655023047e-12,4.4148694569543501e-07,188184.59591198544,0.21014637062407612,-5.2272797560322093e-13
1333,1.0398560652958635e-11,5.8650781637557626e-15,ELECTRODE_ATTACHMENT,CONFIRMED,6.5607261869594555e-05,41710444.226507343,15.840783599589631,3922425614411712.5,2.0079856471537001e-05,2.3460312778572529e-12,4.4094876003475047e-07,187955.19232697142,0.21035294816769584,-5.2298977974205747e-13
1334,1.0404425731153278e-11,5.8650781946431333e-15,ELECTRODE_ATTACHMENT,CONFIRMED,6.5610953788248363e-05,41710444.066251315,15.840783538727631,3927207303291694.5,2.0104335111027285e-05,2.346031290222435e-12,4.4041186957451049e-07,187726.34082504228,0.21055950815830105,-5.2325119717173792e-13
1335,1.0410290809378833e-11,5.8650782255560875e-15,ELECTRODE_ATTACHMENT,CONFIRMED,6.5614640605176312e-05,41710443.905862972,15.84078347781538,3931989120938765,2.0128814409721225e-05,2.3460313025978267e-12,4.3987627053304563e-07,187498.03979425092,0.21076605028129858,-5.2351222737600556e-13
1336,1.0416155887635327e-11,5.8650782564945677e-15,ELECTRODE_ATTACHMENT,CONFIRMED,6.5618322330559726e-05,41710443.745342359,15.840783416852897,3936771059417426,2.0153294326995083e-05,2.3460313149834242e-12,4.3934195914262651e-07,187270.28762859062,0.21097257422210797,-5.2377286983958744e-13
1337,1.0422020965922786e-11,5.8650782874585605e-15,ELECTRODE_ATTACHMENT,CONFIRMED,6.5621998974555774e-05,41710443.584689453,15.84078335584017,3941553110790919,2.017777482221865e-05,2.3460313273792293e-12,4.3880893164940363e-07,187043.0827279705,0.21117907966616303,-5.2403312404819625e-13
1338,1.0427886044241234e-11,5.8650783184480745e-15,ELECTRODE_ATTACHMENT,CONFIRMED,6.5625670547297764e-05,41710443.423904516,15.840783294777301,3946335267121245,2.0202255854755386e-05,2.3460313397852232e-12,4.3827718431334605e-07,186816.42349819158,0.21138556629891755,-5.2429298948853764e-13
1339,1.0433751122590697e-11,5.8650783494630584e-15,ELECTRODE_ATTACHMENT,CONFIRMED,6.5629337058895027e-05,41710443.262987606,15.840783233664311,3951117520469190,2.0226737383962507e-05,2.3460313522013993e-12,4.3774671340818221e-07,186590.30835091887,0.21159203380584091,-5.245524656483074e-13
1340,1.04396162009712e-11,5.8650783805034981e-15,ELECTRODE_ATTACHMENT,CONFIRMED,6.5632998519433069e-05,41710443.101938792,15.840783172501228,3955899862894346,2.025121936919115e-05,2.3460313646277527e-12,4.3721751522133869e-07,186364.73570365604,0.21179848187242073,-5.2481155201619372e-13
1341,1.044548127938277e-11,5.8650784115693817e-15,ELECTRODE_ATTACHMENT,CONFIRMED,6.5636654938973599e-05,41710442.940758243,15.840783111288113,3960682286455135.5,2.0275701769786435e-05,2.3460313770642715e-12,4.36689586053882e-07,186139.70397972155,0.21200491018416517,-5.2507024808188362e-13
1342,1.0451346357825431e-11,5.8650784426606785e-15,ELECTRODE_ATTACHMENT,CONFIRMED,6.5640306327554511e-05,41710442.779446021,15.840783050024992,3965464783208833,2.0300184545087625e-05,2.3460313895109498e-12,4.3616292222045819e-07,185915.21160822152,0.21221131842660121,-5.2532855333605881e-13
1343,1.0457211436299208e-11,5.865078473777375e-15,ELECTRODE_ATTACHMENT,CONFIRMED,6.5643952695190107e-05,41710442.618002236,15.840782988711906,3970247345211589,2.0324667654428211e-05,2.3460314019677789e-12,4.3563752004923464e-07,185691.25702402589,0.21241770628527809,-5.2558646727040367e-13
1344,1.0463076514804128e-11,5.8650785049194476e-15,ELECTRODE_ATTACHMENT,CONFIRMED,6.5647594051870958e-05,41710442.456427015,15.840782927348902,3975029964518452.5,2.0349151057136056e-05,2.3460314144347507e-12,4.3511337588184086e-07,185467.83866774282,0.21262407344576684,-5.2584398937760405e-13
1345,1.0468941593340216e-11,5.8650785360868781e-15,ELECTRODE_ATTACHMENT,CONFIRMED,6.565123040756408e-05,41710442.294720508,15.84078286593604,3979812633183394.5,2.0373634712533508e-05,2.3460314269118513e-12,4.3459048607331011e-07,185244.95498569432,0.21283041959366167,-5.261011191513501e-13
1346,1.0474806671907495e-11,5.8650785672796294e-15,ELECTRODE_ATTACHMENT,CONFIRMED,6.5654861772212949e-05,41710442.132882781,15.840782804473342,3984595343259330,2.0398118579937502e-05,2.3460314393990777e-12,4.3406884699202139e-07,185022.60442989017,0.21303674441457993,-5.2635785608633816e-13
1347,1.0480671750505993e-11,5.8650785984976954e-15,ELECTRODE_ATTACHMENT,CONFIRMED,6.5658488155737567e-05,41710441.970913887,15.840782742960831,3989378086798141.5,2.0422602618659687e-05,2.3460314518964249e-12,4.3354845501964192e-07,184800.78545800445,0.21324304759416357,-5.2661419967827361e-13
1348,1.0486536829135734e-11,5.8650786297410632e-15,ELECTRODE_ATTACHMENT,CONFIRMED,6.5662109568034491e-05,41710441.808814034,15.840782681398583,3994160855850703,2.0447086788006556e-05,2.3460314644038768e-12,4.3302930655106887e-07,184579.49653335148,0.21344932881808146,-5.2687014942387167e-13
1349,1.0492401907796744e-11,5.8650786610096927e-15,ELECTRODE_ATTACHMENT,CONFIRMED,6.5665726018976887e-05,41710441.646583289,15.840782619786625,3998943642466901.5,2.0471571047279539e-05,2.3460314769214278e-12,4.3251139799437283e-07,184358.73612485989,0.21365558777202831,-5.2712570482086247e-13
1350,1.0498266986489047e-11,5.8650786923035706e-15,ELECTRODE_ATTACHMENT,CONFIRMED,6.5669337518414636e-05,41710441.484221809,15.840782558125017,4003726438695660.5,2.0496055355775138e-05,2.3460314894490668e-12,4.3199472577074062e-07,184138.5027070496,0.2138618241417265,-5.2738086536798807e-13
1351,1.0504132065212671e-11,5.8650787236226675e-15,ELECTRODE_ATTACHMENT,CONFIRMED,6.567294407617431e-05,41710441.321729623,15.84078249641377,4008509236584964,2.0520539672785054e-05,2.3460315019867912e-12,4.3147928631441826e-07,183918.79476000642,0.21406803761292592,-5.276356305650102e-13
1352,1.0509997143967638e-11,5.8650787549669787e-15,ELECTRODE_ATTACHMENT,CONFIRMED,6.5676545702059318e-05,41710441.159106866,15.840782434652933,4013292028181878.5,2.0545023957596283e-05,2.34603151453459e-12,4.3096507607265492e-07,183699.61076935939,0.21427422787140671,-5.278899999127083e-13
1353,1.0515862222753975e-11,5.8650787863364752e-15,ELECTRODE_ATTACHMENT,CONFIRMED,6.5680142405849843e-05,41710440.996353723,15.840782372842581,4018074805532576,2.0569508169491234e-05,2.3460315270924498e-12,4.3045209150564734e-07,183480.94922625672,0.21448039460297949,-5.2814397291288355e-13
1354,1.0521727301571706e-11,5.8650788177311253e-15,ELECTRODE_ATTACHMENT,CONFIRMED,6.5683734197302999e-05,41710440.833470173,15.8407823109827,4022857560682358.5,2.0593992267747878e-05,2.3460315396603711e-12,4.2994032908648257e-07,183262.80862734007,0.21468653749348438,-5.2839754906835992e-13
1355,1.0527592380420857e-11,5.8650788491509289e-15,ELECTRODE_ATTACHMENT,CONFIRMED,6.5687321086152806e-05,41710440.670456499,15.840782249073401,4027640285675679,2.0618476211639832e-05,2.3460315522383333e-12,4.2942978530108396e-07,183045.1874747242,0.21489265622879591,-5.2865072788298797e-13
1356,1.0533457459301452e-11,5.8650788805958334e-15,ELECTRODE_ATTACHMENT,CONFIRMED,6.569090308211033e-05,41710440.507312596,15.840782187114645,4032422972556166,2.0642959960436486e-05,2.346031564826344e-12,4.2892045664815514e-07,182828.08427596936,0.2150987504948178,-5.2890350886164285e-13
1357,1.0539322538213518e-11,5.8650789120658599e-15,ELECTRODE_ATTACHMENT,CONFIRMED,6.5694480194863634e-05,41710440.344038799,15.840782125106557,4037205613366647,2.0667443473403142e-05,2.3460315774243771e-12,4.2841233963912482e-07,182611.49754406256,0.21530481997749271,-5.291558915102345e-13
1358,1.0545187617157079e-11,5.8650789435609438e-15,ELECTRODE_ATTACHMENT,CONFIRMED,6.5698052434077933e-05,41710440.18063508,15.840782063049128,4041988200149170.5,2.0691926709801106e-05,2.3460315900324352e-12,4.2790543079809257e-07,182395.42579738941,0.21551086436279329,-5.2940787533569967e-13
1359,1.055105269613216e-11,5.865078975081089e-15,ELECTRODE_ATTACHMENT,CONFIRMED,6.5701619809395553e-05,41710440.017101638,15.840782000942433,4046770724945029.5,2.071640962888783e-05,2.3460316026505023e-12,4.2739972666177397e-07,182179.8675597148,0.21571688333673106,-5.2965945984601239e-13
1360,1.0556917775138786e-11,5.8650790066262569e-15,ELECTRODE_ATTACHMENT,CONFIRMED,6.5705182330436036e-05,41710439.853438497,15.840781938786479,4051553179794785.5,2.0740892189916989e-05,2.3460316152785776e-12,4.2689522377944716e-07,181964.82136015708,0.21592287658535131,-5.2991064455017888e-13
1361,1.0562782854176982e-11,5.8650790381964435e-15,ELECTRODE_ATTACHMENT,CONFIRMED,6.5708740006796172e-05,41710439.689645819,15.840781876581332,4056335556738290,2.0765374352138649e-05,2.3460316279166473e-12,4.2639191871289804e-07,181750.2857331672,0.21612884379473893,-5.3016142895824719e-13
1362,1.0568647933246774e-11,5.8650790697916196e-15,ELECTRODE_ATTACHMENT,CONFIRMED,6.5712292848050128e-05,41710439.525723681,15.840781814327016,4061117847814709,2.0789856074799374e-05,2.346031640564707e-12,4.2588980803636683e-07,181536.25921850398,0.21633478465101599,-5.304118125813029e-13
1363,1.0574513012348186e-11,5.865079101411768e-15,ELECTRODE_ATTACHMENT,CONFIRMED,6.5715840863749334e-05,41710439.361672297,15.840781752023616,4065900045062546.5,2.0814337317142315e-05,2.3460316532227393e-12,4.2538888833649534e-07,181322.74036121354,0.21654069884034541,-5.3066179493147585e-13
1364,1.0580378091481242e-11,5.865079133056849e-15,ELECTRODE_ATTACHMENT,CONFIRMED,6.5719384063422719e-05,41710439.197491661,15.840781689671131,4070682140519666,2.0838818038407354e-05,2.3460316658907442e-12,4.2488915621227328e-07,181109.72771160395,0.21674658604892769,-5.3091137552193814e-13
1365,1.0586243170645969e-11,5.8650791647268605e-15,ELECTRODE_ATTACHMENT,CONFIRMED,6.5722922456576624e-05,41710439.033181973,15.840781627269632,4075464126223315.5,2.0863298197831231e-05,2.3460316785687068e-12,4.2439060827498526e-07,180897.21982522513,0.21695244596300689,-5.3116055386690987e-13
1366,1.0592108249842391e-11,5.8650791964217683e-15,ELECTRODE_ATTACHMENT,CONFIRMED,6.5726456052694971e-05,41710438.868743293,15.840781564819146,4080245994210150,2.0887777754647644e-05,2.3460316912566226e-12,4.2389324114815879e-07,180685.21526284484,0.21715827826886713,-5.3140932948165786e-13
1367,1.0597973329070533e-11,5.8650792281415569e-15,ELECTRODE_ATTACHMENT,CONFIRMED,6.57299848612392e-05,41710438.704175763,15.840781502319723,4085027736516254,2.0912256668087363e-05,2.3460317039544799e-12,4.2339705146751172e-07,180473.71259042752,0.21736408265283683,-5.3165770188250107e-13
1368,1.060383840833042e-11,5.8650792598862009e-15,ELECTRODE_ATTACHMENT,CONFIRMED,6.5733508891648401e-05,41710438.539479479,15.840781439771405,4089809345177166.5,2.0936734897378382e-05,2.3460317166622715e-12,4.2290203588089984e-07,180262.71037911109,0.21756985880128715,-5.3190567058680991e-13
1369,1.0609703487622075e-11,5.865079291655679e-15,ELECTRODE_ATTACHMENT,CONFIRMED,6.5737028153339344e-05,41710438.374654539,15.840781377174224,4094590812227902.5,2.0961212401745983e-05,2.3460317293799913e-12,4.2240819104826604e-07,180052.20720518558,0.21777560640063423,-5.3215323511301046e-13
1370,1.0615568566945526e-11,5.8650793234499786e-15,ELECTRODE_ATTACHMENT,CONFIRMED,6.5740542655706521e-05,41710438.209701195,15.840781314528279,4099372129702977.5,2.0985689140412927e-05,2.3460317421076182e-12,4.2191551364158726e-07,179842.20165007169,0.21798132513734164,-5.3240039498058561e-13
1371,1.0621433646300795e-11,5.8650793552690469e-15,ELECTRODE_ATTACHMENT,CONFIRMED,6.574405240812218e-05,41710438.044619374,15.840781251833539,4104153289636430,2.1010165072599507e-05,2.3460317548451584e-12,4.2142400034482481e-07,179632.69230029645,0.21818701469791552,-5.3264714971007524e-13
1372,1.0627298725687908e-11,5.8650793871128964e-15,ELECTRODE_ATTACHMENT,CONFIRMED,6.5747557419936468e-05,41710437.879409209,15.840781189090057,4108934284061845,2.1034640157523716e-05,2.3460317675926017e-12,4.2093364785387188e-07,179423.67774747405,0.21839267476891241,-5.328934988230821e-13
1373,1.0633163805106889e-11,5.8650794189815052e-15,ELECTRODE_ATTACHMENT,CONFIRMED,6.5751057700477373e-05,41710437.714070953,15.84078112629793,4113715105012377.5,2.1059114354401321e-05,2.3460317803499288e-12,4.2044445287650427e-07,179215.15658828447,0.21859830503693764,-5.3313944184227237e-13
1374,1.0639028884557764e-11,5.8650794508748218e-15,ELECTRODE_ATTACHMENT,CONFIRMED,6.5754553259050817e-05,41710437.54860466,15.840781063457177,4118495744520776,2.1083587622446017e-05,2.3460317931171348e-12,4.1995641213232853e-07,179007.12742444943,0.21880390518864412,-5.3338497829137522e-13
1375,1.0644893964040557e-11,5.8650794827928385e-15,ELECTRODE_ATTACHMENT,CONFIRMED,6.5758044104940731e-05,41710437.383010454,15.840781000567844,4123276194619405.5,2.1108059920869551e-05,2.3460318058942104e-12,4.194695223527322e-07,178799.5888627127,0.21900947491073564,-5.3363010769518892e-13
1376,1.0650759043555292e-11,5.8650795147355268e-15,ELECTRODE_ATTACHMENT,CONFIRMED,6.576153024740906e-05,41710437.217288345,15.840780937629937,4128056447340270.5,2.1132531208881807e-05,2.3460318186811553e-12,4.1898378028083389e-07,178592.5395148177,0.21921501388996542,-5.3387482957957821e-13
1377,1.0656624123101996e-11,5.8650795467028891e-15,ELECTRODE_ATTACHMENT,CONFIRMED,6.5765011695695862e-05,41710437.051438645,15.840780874643574,4132836494715038.5,2.1157001445690939e-05,2.3460318314779459e-12,4.1849918267143375e-07,178385.97799748904,0.21942052181314242,-5.3411914347148314e-13
1378,1.0662489202680691e-11,5.8650795786948654e-15,ELECTRODE_ATTACHMENT,CONFIRMED,6.5768488459019351e-05,41710436.885461286,15.840780811608727,4137616328775064.5,2.1181470590503532e-05,2.3460318442845848e-12,4.1801572629096269e-07,178179.90293240684,0.21962599836712471,-5.3436304889891376e-13
1379,1.0668354282291403e-11,5.8650796107114629e-15,ELECTRODE_ATTACHMENT,CONFIRMED,6.5771960546575904e-05,41710436.719356447,15.840780748525468,4142395941551412.5,2.1205938602524646e-05,2.3460318571010621e-12,4.1753340791743481e-07,177974.3129461896,0.21983144323882556,-5.3460654539095691e-13
1380,1.0674219361934156e-11,5.8650796427526555e-15,ELECTRODE_ATTACHMENT,CONFIRMED,6.5775427967540136e-05,41710436.553124249,15.84078068539384,4147175325074880.5,2.1230405440957996e-05,2.3460318699273647e-12,4.1705222434039704e-07,177769.20667037202,0.22003685611521359,-5.3484963247777643e-13
1381,1.0680084441608974e-11,5.8650796748184124e-15,ELECTRODE_ATTACHMENT,CONFIRMED,6.5778890731065044e-05,41710436.386764862,15.840780622213906,4151954471376023,2.1254871065006048e-05,2.3460318827634824e-12,4.1657217236088095e-07,177564.58274138387,0.22024223668331291,-5.3509230969061688e-13
1382,1.0685949521315882e-11,5.8650797069087076e-15,ELECTRODE_ATTACHMENT,CONFIRMED,6.5782348846281832e-05,41710436.220278338,15.84078055898569,4156733372485174,2.1279335433870141e-05,2.3460318956094095e-12,4.1609324879135386e-07,177360.4398005291,0.2204475846302032,-5.3533457656180304e-13
1383,1.0691814601054905e-11,5.8650797390235238e-15,ELECTRODE_ATTACHMENT,CONFIRMED,6.5785802322300239e-05,41710436.053664848,15.840780495709256,4161512020432472,2.1303798506750612e-05,2.3460319084651339e-12,4.1561545045567072e-07,177156.7764939662,0.22065289964302254,-5.3557643262474407e-13
1384,1.0697679680826069e-11,5.8650797711628357e-15,ELECTRODE_ATTACHMENT,CONFIRMED,6.5789251168208387e-05,41710435.88692449,15.840780432384637,4166290407247881.5,2.1328260242846902e-05,2.3460319213306467e-12,4.1513877418902599e-07,176953.59147268691,0.2208581814089669,-5.3581787741393428e-13
1385,1.0703544760629395e-11,5.8650798033266172e-15,ELECTRODE_ATTACHMENT,CONFIRMED,6.5792695393072901e-05,41710435.720057331,15.840780369011863,4171068524961218,2.1352720601357696e-05,2.3460319342059436e-12,4.1466321683790559e-07,176750.88339249557,0.22106342961529116,-5.3605891046495638e-13
1386,1.0709409840464911e-11,5.865079835514859e-15,ELECTRODE_ATTACHMENT,CONFIRMED,6.5796135005938983e-05,41710435.553063549,15.840780305591,4175846365602170.5,2.1377179541481033e-05,2.3460319470910111e-12,4.1418877526003947e-07,176548.65091399013,0.22126864394931126,-5.3629953131448281e-13
1387,1.0715274920332638e-11,5.8650798677275287e-15,ELECTRODE_ATTACHMENT,CONFIRMED,6.5799570015830379e-05,41710435.385943241,15.840780242122085,4180623921200325.5,2.1401637022414419e-05,2.3460319599858408e-12,4.1371544632435403e-07,176346.89270254059,0.22147382409840397,-5.3653973950027732e-13
1388,1.0721140000232603e-11,5.8650798999646025e-15,ELECTRODE_ATTACHMENT,CONFIRMED,6.5803000431749586e-05,41710435.218696572,15.840780178605181,4185401183785189.5,2.1426093003354954e-05,2.3460319728904206e-12,4.1324322691092529e-07,176145.60742826978,0.22167896975000806,-5.3677953456119873e-13
1389,1.0727005080164829e-11,5.8650799322260521e-15,ELECTRODE_ATTACHMENT,CONFIRMED,6.5806426262677743e-05,41710435.051323526,15.840780115040282,4190178145386214,2.1450547443499467e-05,2.3460319858047521e-12,4.1277211391093142e-07,175944.79376603191,0.22188408059162379,-5.3701891603720004e-13
1390,1.0732870160129341e-11,5.8650799645118807e-15,ELECTRODE_ATTACHMENT,CONFIRMED,6.5809847517574736e-05,41710434.883824408,15.840780051427503,4194954798032817.5,2.1475000302044594e-05,2.3460319987288106e-12,4.1230210422660669e-07,175744.45039539578,0.22208915631081874,-5.3725788346933494e-13
1391,1.0738735240126163e-11,5.8650799968220267e-15,ELECTRODE_ATTACHMENT,CONFIRMED,6.5813264205379269e-05,41710434.716199279,15.840779987766867,4199731133754410,2.1499451538186949e-05,2.3460320116625929e-12,4.1183319477119438e-07,175544.57600062125,0.22229419659522226,-5.3749643639975552e-13
1392,1.074460032015532e-11,5.8650800291564823e-15,ELECTRODE_ATTACHMENT,CONFIRMED,6.5816676335008934e-05,41710434.548448116,15.840779924058365,4204507144580416,2.1523901111123206e-05,2.3460320246060999e-12,4.1136538246890096e-07,175345.16927064091,0.22249920113252861,-5.37734574371714e-13
1393,1.0750465400216835e-11,5.8650800615152506e-15,ELECTRODE_ATTACHMENT,CONFIRMED,6.5820083915360178e-05,41710434.380571231,15.840779860302119,4209282822540298,2.1548348980050256e-05,2.3460320375593076e-12,4.1089866425484959e-07,175146.2288990425,0.22270416961050249,-5.379722969295718e-13
1394,1.0756330480310733e-11,5.8650800938982708e-15,ELECTRODE_ATTACHMENT,CONFIRMED,6.5823486955308416e-05,41710434.212568618,15.840779796498122,4214058159663580.5,2.1572795104165273e-05,2.3460320505222166e-12,4.1043303707503506e-07,174947.75358404606,0.22290910171697237,-5.3820960361879185e-13
1395,1.0762195560437038e-11,5.8650801263055413e-15,ELECTRODE_ATTACHMENT,CONFIRMED,6.5826885463708123e-05,41710434.0444405,15.84077973264646,4218833147979872.5,2.159723944266589e-05,2.3460320634948085e-12,4.0996849788627753e-07,174749.74202848729,0.22311399713983782,-5.3844649398594892e-13
1396,1.0768060640595774e-11,5.8650801587370213e-15,ELECTRODE_ATTACHMENT,CONFIRMED,6.5830279449392756e-05,41710433.876186885,15.840779668747139,4223607779518892.5,2.1621681954750295e-05,2.3460320764770851e-12,4.095050436561773e-07,174552.19293979552,0.22331885556706477,-5.3868296757872435e-13
1397,1.0773925720786968e-11,5.8650801911927129e-15,ELECTRODE_ATTACHMENT,CONFIRMED,6.5833668921174926e-05,41710433.707807995,15.84077960480024,4228382046310490.5,2.164612259961735e-05,2.3460320894690274e-12,4.0904267136306994e-07,174355.10502997754,0.22352367668669282,-5.3891902394591556e-13
1398,1.0779790801010641e-11,5.865080223672569e-15,ELECTRODE_ATTACHMENT,CONFIRMED,6.5837053887846388e-05,41710433.539303795,15.84077954080575,4233155940384672.5,2.1670561336466697e-05,2.3460321024706385e-12,4.0858137799598146e-07,174158.47701559533,0.22372846018682896,-5.3915466263743138e-13
1399,1.0785655881266818e-11,5.8650802561765965e-15,ELECTRODE_ATTACHMENT,CONFIRMED,6.584043435817808e-05,41710433.37067461,15.840779476763796,4237929453771624.5,2.1694998124498928e-05,2.3460321154818931e-12,4.0812116055458286e-07,173962.30761775043,0.22393320575565681,-5.3938988320429974e-13
1400,1.0791520961555524e-11,5.8650802887047332e-15,ELECTRODE_ATTACHMENT,CONFIRMED,6.584381034092026e-05,41710433.20192048,15.840779412674387,4242702578501734.5,2.1719432922915653e-05,2.3460321285027895e-12,4.0766201604914643e-07,173766.59556206147,0.22413791308142944,-5.3962468519866515e-13
1401,1.079738604187678e-11,5.8650803212569743e-15,ELECTRODE_ATTACHMENT,CONFIRMED,6.5847181844802381e-05,41710433.03304147,15.840779348537554,4247475306605617.5,2.1743865690919643e-05,2.3460321415333212e-12,4.0720394150050134e-07,173571.33957864734,0.22434258185247422,-5.3985906817379282e-13
1402,1.0803251122230613e-11,5.8650803538333033e-15,ELECTRODE_ATTACHMENT,CONFIRMED,6.5850548878533392e-05,41710432.864037812,15.840779284353379,4252247630114138.5,2.1768296387714965e-05,2.3460321545734702e-12,4.0674693393998905e-07,173376.53840210868,0.2245472117571953,-5.4009303168407141e-13
1403,1.0809116202617047e-11,5.8650803864336752e-15,ELECTRODE_ATTACHMENT,CONFIRMED,6.5853911450801532e-05,41710432.694909528,15.840779220121876,4257019541058436,2.1792724972507046e-05,2.3460321676232359e-12,4.0629099040942059e-07,173182.19077150754,0.22475180248406987,-5.4032657528501262e-13
1404,1.0814981283036105e-11,5.8650804190580908e-15,ELECTRODE_ATTACHMENT,CONFIRMED,6.5857269570274526e-05,41710432.52565676,15.840779155843096,4261791031469946.5,2.1817151404502899e-05,2.3460321806826063e-12,4.0583610796103114e-07,172988.29543035009,0.22495635372165371,-5.405596985332562e-13
1405,1.0820846363487812e-11,5.8650804517065169e-15,ELECTRODE_ATTACHMENT,CONFIRMED,6.5860623245599629e-05,41710432.356279612,15.84077909151708,4266562093380426.5,2.1841575642911115e-05,2.3460321937515745e-12,4.0538228365743883e-07,172794.8511265679,0.22516086515857917,-5.4079240098656963e-13
1406,1.0826711443972191e-11,5.8650804843789371e-15,ELECTRODE_ATTACHMENT,CONFIRMED,6.5863972485403623e-05,41710432.186778314,15.840779027143913,4271332718821978,2.18659976469421e-05,2.3460322068301215e-12,4.0492951457159948e-07,172601.85661249995,0.22536533648355875,-5.4102468220385176e-13
1407,1.0832576524489266e-11,5.8650805170753046e-15,ELECTRODE_ATTACHMENT,CONFIRMED,6.5867317298292917e-05,41710432.017152876,15.840778962723601,4276102899827070,2.1890417375808111e-05,2.3460322199182477e-12,4.04477797786765e-07,172409.31064487249,0.22556976738538193,-5.412565417451339e-13
1408,1.0838441605039062e-11,5.8650805497956205e-15,ELECTRODE_ATTACHMENT,CONFIRMED,6.5870657692853552e-05,41710431.847403504,15.84077889825622,4280872628428564.5,2.1914834788723421e-05,2.3460322330159362e-12,4.0402713039644013e-07,172217.21198478335,0.22577415755292052,-5.4148797917158107e-13
1409,1.0844306685621602e-11,5.8650805825398404e-15,ELECTRODE_ATTACHMENT,CONFIRMED,6.5873993677651241e-05,41710431.677530259,15.840778833741796,4285641896659738.5,2.1939249844904437e-05,2.3460322461231837e-12,4.0357750950433954e-07,172025.55939768135,0.22597850667512584,-5.417189940454961e-13
1410,1.085017176623691e-11,5.8650806153079596e-15,ELECTRODE_ATTACHMENT,CONFIRMED,6.5877325261231461e-05,41710431.507533252,15.840778769180368,4290410696554308,2.1963662503569809e-05,2.3460322592399794e-12,4.0312893222434592e-07,171834.35165335005,0.22618281444103255,-5.4194958593031967e-13
1411,1.0856036846885009e-11,5.8650806480999482e-15,ELECTRODE_ATTACHMENT,CONFIRMED,6.5880652452119566e-05,41710431.337412715,15.840778704572028,4295179020146452,2.1988072723940555e-05,2.3460322723663078e-12,4.0268139568046745e-07,171643.58752588936,0.22638708053975887,-5.4217975439063529e-13
1412,1.0861901927565924e-11,5.8650806809157706e-15,ELECTRODE_ATTACHMENT,CONFIRMED,6.5883975258820647e-05,41710431.167168647,15.84077863991677,4299946859470835.5,2.201248046524018e-05,2.3460322855021673e-12,4.0223489700679638e-07,171453.26579369651,0.22659130466050492,-5.4240949899216547e-13
1413,1.0867767008279679e-11,5.865080713755419e-15,ELECTRODE_ATTACHMENT,CONFIRMED,6.5887293689819725e-05,41710430.99680122,15.840778575214665,4304714206562635,2.2036885686694806e-05,2.3460322986475455e-12,4.0178943334746648e-07,171263.38523944977,0.22679548649255768,-5.4263881930178119e-13
1414,1.0873632089026299e-11,5.865080746618865e-15,ELECTRODE_ATTACHMENT,CONFIRMED,6.5890607753581762e-05,41710430.826310582,15.840778510465768,4309481053457559.5,2.2061288347533294e-05,2.3460323118024302e-12,4.0134500185661194e-07,171073.94465009012,0.22699962572528926,-5.4286771488749799e-13
1415,1.0879497169805805e-11,5.8650807795060769e-15,ELECTRODE_ATTACHMENT,CONFIRMED,6.5893917458551758e-05,41710430.655696876,15.84077844567013,4314247392191876,2.2085688406987345e-05,2.346032324966811e-12,4.0090159969832602e-07,170884.94281680349,0.22720372204815892,-5.4309618531848178e-13
1416,1.0885362250618223e-11,5.8650808124170281e-15,ELECTRODE_ATTACHMENT,CONFIRMED,6.5897222813154696e-05,41710430.484960064,15.840778380827741,4319013214802433.5,2.211008582429165e-05,2.3460323381406905e-12,4.0045922404661971e-07,170696.37853500224,0.22740777515071117,-5.4332423016504657e-13
1417,1.0891227331463574e-11,5.8650808453517271e-15,ELECTRODE_ATTACHMENT,CONFIRMED,6.5900523825795636e-05,41710430.314100496,15.840778315938731,4323778513326685,2.2134480558683987e-05,2.3460323513240423e-12,4.0001787208538088e-07,170508.25060431103,0.22761178472258375,-5.4355184899866293e-13
1418,1.0897092412341885e-11,5.8650808783101062e-15,ELECTRODE_ATTACHMENT,CONFIRMED,6.5903820504859838e-05,41710430.14311821,15.840778251003115,4328543279802713,2.2158872569405358e-05,2.3460323645168626e-12,3.9957754100833328e-07,170320.55782854534,0.22781575045350008,-5.4377904139195373e-13
1419,1.0902957493253176e-11,5.8650809112921574e-15,ELECTRODE_ATTACHMENT,CONFIRMED,6.5907112858712682e-05,41710429.972013265,15.840778186020914,4333307506269252,2.2183261815700092e-05,2.3460323777191479e-12,3.9913822801899645e-07,170133.29901569616,0.2280196720332745,-5.4400580691869851e-13
1420,1.0908822574197474e-11,5.8650809442978705e-15,ELECTRODE_ATTACHMENT,CONFIRMED,6.5910400895699867e-05,41710429.800785862,15.840778120992208,4338071184765713,2.2207648256816007e-05,2.3460323909308827e-12,3.986999303306445e-07,169946.47297791328,0.22822354915181389,-5.442321451538371e-13
1421,1.0914687655174801e-11,5.8650809773272076e-15,ELECTRODE_ATTACHMENT,CONFIRMED,6.591368462414724e-05,41710429.629436083,15.840778055917026,4342834307332207,2.2232031852004476e-05,2.346032404152059e-12,3.9826264516626683e-07,169760.07853148703,0.22842738149911657,-5.4445805567346953e-13
1422,1.0920552736185181e-11,5.8650810103801474e-15,ELECTRODE_ATTACHMENT,CONFIRMED,6.5916964052361118e-05,41710429.457964078,15.840777990795425,4347596866009569,2.2256412560520606e-05,2.3460324173826658e-12,3.9782636975852724e-07,169574.11449683178,0.22863116876527445,-5.4468353805485793e-13
1423,1.0926417817228637e-11,5.8650810434566655e-15,ELECTRODE_ATTACHMENT,CONFIRMED,6.592023918862807e-05,41710429.286370017,15.840777925627469,4352358852839381,2.22807903416233e-05,2.3460324306226912e-12,3.9739110134972509e-07,169388.57969846917,0.22883491064047393,-5.4490859187643101e-13
1424,1.0932282898305193e-11,5.8650810765567287e-15,ELECTRODE_ATTACHMENT,CONFIRMED,6.5923510041215194e-05,41710429.114653982,15.840777860413191,4357120259863996.5,2.2305165154575424e-05,2.3460324438721281e-12,3.9695683719175486e-07,169203.47296501038,0.22903860681499491,-5.4513321671778269e-13
1425,1.0938147979414874e-11,5.8650811096803213e-15,ELECTRODE_ATTACHMENT,CONFIRMED,6.592677661836996e-05,41710428.942816071,15.840777795152626,4361881079126564.5,2.232953695864393e-05,2.3460324571309686e-12,3.9652357454606684e-07,169018.79312913984,0.22924225697921399,-5.453574121596759e-13
1426,1.0944013060557702e-11,5.8650811428274227e-15,ELECTRODE_ATTACHMENT,CONFIRMED,6.5930038928320447e-05,41710428.770856455,15.840777729845838,4366641302671052.5,2.2353905713099925e-05,2.3460324703992005e-12,3.9609131068362852e-07,168834.53902759909,0.22944586082360505,-5.4558117778404524e-13
1427,1.0949878141733699e-11,5.8650811759980022e-15,ELECTRODE_ATTACHMENT,CONFIRMED,6.5933296979275231e-05,41710428.598775253,15.840777664492876,4371400922542270.5,2.2378271377218869e-05,2.3460324836768133e-12,3.956600428848845e-07,168650.7095011691,0.22964941803873953,-5.4580451317399754e-13
1428,1.0955743222942892e-11,5.8650812091920337e-15,ELECTRODE_ATTACHMENT,CONFIRMED,6.5936550779423534e-05,41710428.426572524,15.84077759909376,4376159930785895.5,2.2402633910280625e-05,2.3460324969638042e-12,3.9522976843971866e-07,168467.30339465389,0.22985292831528606,-5.4602741791381337e-13
1429,1.0961608304185301e-11,5.865081242409511e-15,ELECTRODE_ATTACHMENT,CONFIRMED,6.5939800336935227e-05,41710428.2542485,15.840777533648581,4380918319448495,2.2426993271569644e-05,2.3460325102601525e-12,3.9480048464741457e-07,168284.31955686538,0.23005639134401609,-5.4624989158895325e-13
1430,1.0967473385460951e-11,5.8650812756503819e-15,ELECTRODE_ATTACHMENT,CONFIRMED,6.5943045659960935e-05,41710428.081803218,15.840777468157347,4385676080577550.5,2.2451349420375032e-05,2.3460325235658591e-12,3.9437218881661763e-07,168101.75684060442,0.23025980681579811,-5.4647193378605296e-13
1431,1.0973338466769866e-11,5.8650813089146481e-15,ELECTRODE_ATTACHMENT,CONFIRMED,6.5946286756631917e-05,41710427.909236945,15.840777402620166,4390433206221481,2.2475702315990718e-05,2.3460325368808998e-12,3.9394487826529628e-07,167919.6141026477,0.23046317442160555,-5.4669354409293219e-13
1432,1.0979203548112068e-11,5.8650813422022504e-15,ELECTRODE_ATTACHMENT,CONFIRMED,6.5949523635060376e-05,41710427.736549631,15.840777337037014,4395189688429667.5,2.250005191771553e-05,2.3460325502052807e-12,3.9351855032070444e-07,167737.89020372761,0.23066649385250992,-5.4691472209858942e-13
1433,1.0985068629487581e-11,5.8650813755132021e-15,ELECTRODE_ATTACHMENT,CONFIRMED,6.5952756303339273e-05,41710427.563741527,15.840777271407989,4399945519252477.5,2.2524398184853362e-05,2.3460325635389814e-12,3.9309320231934281e-07,167556.58400851997,0.23086976479968996,-5.471354673932125e-13
1434,1.0990933710896428e-11,5.8650814088474537e-15,ELECTRODE_ATTACHMENT,CONFIRMED,6.595598476954247e-05,41710427.390812762,15.84077720573314,4404700690741287,2.2548741076713262e-05,2.3460325768819935e-12,3.9266883160692179e-07,167375.69438562542,0.2310729869544268,-5.4735577956817308e-13
1435,1.0996798792338633e-11,5.8650814422049853e-15,ELECTRODE_ATTACHMENT,CONFIRMED,6.5959209041724817e-05,41710427.217763372,15.840777140012479,4409455194948506.5,2.2573080552609592e-05,2.3460325902343127e-12,3.922454355383231e-07,167195.22020755353,0.231276160008106,-5.475756582160312e-13
1436,1.1002663873814219e-11,5.865081475585782e-15,ELECTRODE_ATTACHMENT,CONFIRMED,6.5962429127922097e-05,41710427.04459358,15.840777074246093,4414209023927602.5,2.2597416571862102e-05,2.3460326035959207e-12,3.9182301147756315e-07,167015.16035070864,0.23147928365222104,-5.4779510293054011e-13
1437,1.1008528955323208e-11,5.865081508989802e-15,ELECTRODE_ATTACHMENT,CONFIRMED,6.5965645036151184e-05,41710426.871303454,15.840777008434005,4418962169733124,2.2621749093796093e-05,2.346032616966815e-12,3.9140155679775527e-07,166835.51369537148,0.23168235757837052,-5.4801411330664272e-13
1438,1.1014394036865625e-11,5.8650815424170382e-15,ELECTRODE_ATTACHMENT,CONFIRMED,6.5968856774409966e-05,41710426.697893158,15.84077694257628,4423714624420724.5,2.2646078077742496e-05,2.3460326303469817e-12,3.9098106888107317e-07,166656.27912568569,0.23188538147826224,-5.4823268894047901e-13
1439,1.1020259118441493e-11,5.8650815758674551e-15,ELECTRODE_ATTACHMENT,CONFIRMED,6.5972064350677494e-05,41710426.524362795,15.840776876672956,4428466380047186,2.2670403483038059e-05,2.3460326437364117e-12,3.9056154511871317e-07,166477.4555296404,0.23208835504371189,-5.4845082942938398e-13
1440,1.1026124200050834e-11,5.8650816093410297e-15,ELECTRODE_ATTACHMENT,CONFIRMED,6.5975267772914022e-05,41710426.350712538,15.840776810724099,4433217428670444.5,2.2694725269025416e-05,2.3460326571350937e-12,3.9014298291085803e-07,166299.04179905544,0.23229127796664589,-5.486685343718925e-13
1441,1.1031989281693672e-11,5.8650816428377346e-15,ELECTRODE_ATTACHMENT,CONFIRMED,6.5978467049060936e-05,41710426.17694243,15.840776744729725,4437967762349611.5,2.2719043395053203e-05,2.3460326705430234e-12,3.8972537966664093e-07,166121.03682956524,0.2324941499390995,-5.4888580336773833e-13
1442,1.1037854363370029e-11,5.8650816763575593e-15,ELECTRODE_ATTACHMENT,CONFIRMED,6.5981662187041004e-05,41710426.003052741,15.840776678689936,4442717373145000.5,2.2743357820476244e-05,2.3460326839601793e-12,3.8930873280410774e-07,165943.43952060462,0.23269697065322248,-5.4910263601786002e-13
1443,1.104371944507993e-11,5.8650817099004488e-15,ELECTRODE_ATTACHMENT,CONFIRMED,6.5984853194758181e-05,41710425.829043433,15.840776612604717,4447466253118148.5,2.2767668504655597e-05,2.3460326973865663e-12,3.8889303975018219e-07,165766.24877539059,0.23289973980127304,-5.4931903192439804e-13
1444,1.1049584526823395e-11,5.8650817434664157e-15,ELECTRODE_ATTACHMENT,CONFIRMED,6.598804008009787e-05,41710425.654914796,15.840776546474181,4452214394331841.5,2.2791975406958744e-05,2.3460327108221597e-12,3.8847829794062867e-07,165589.46350091073,0.23310245707562749,-5.4953499069070253e-13
1445,1.1055449608600451e-11,5.8650817770553991e-15,ELECTRODE_ATTACHMENT,CONFIRMED,6.5991222850926839e-05,41710425.480666839,15.840776480298329,4456961788850138.5,2.281627848675964e-05,2.3460327242669599e-12,3.880645048200176e-07,165413.08260790439,0.23330512216877197,-5.4975051192132794e-13
1446,1.1061314690411119e-11,5.8650818106673999e-15,ELECTRODE_ATTACHMENT,CONFIRMED,6.5994401515093314e-05,41710425.306299821,15.84077641407726,4461708428738394.5,2.2840577703438914e-05,2.3460327377209475e-12,3.8765165784168847e-07,165237.10501085015,0.23350773477331174,-5.4996559522204303e-13
1447,1.1067179772255421e-11,5.8650818443023692e-15,ELECTRODE_ATTACHMENT,CONFIRMED,6.5997576080427012e-05,41710425.13181369,15.840776347810955,4466454306063284.5,2.2864873016383936e-05,2.346032751184125e-12,3.8723975446771516e-07,165061.52962794816,0.23371029458196421,-5.5018024019982586e-13
1448,1.1073044854133381e-11,5.8650818779603125e-15,ELECTRODE_ATTACHMENT,CONFIRMED,6.6000746554739135e-05,41710424.957208775,15.840776281499537,4471199412892828.5,2.2889164384988952e-05,2.346032764656469e-12,3.8682879216887035e-07,164886.35538110821,0.23391280128756814,-5.5039444646287148e-13
1449,1.1078909936045023e-11,5.8650819116411729e-15,ELECTRODE_ATTACHMENT,CONFIRMED,6.6003912945822589e-05,41710424.782485008,15.840776215142983,4475943741296414.5,2.2913451768655243e-05,2.3460327781379826e-12,3.864187684245899e-07,164711.58119593101,0.23411525458307608,-5.5060821362058849e-13
1450,1.1084775017990368e-11,5.8650819453449577e-15,ELECTRODE_ATTACHMENT,CONFIRMED,6.6007075261451781e-05,41710424.607642688,15.840776148741403,4480687283344823.5,2.2937735126791184e-05,2.3460327916286445e-12,3.8600968072293871e-07,164537.20600169705,0.23431765416156347,-5.5082154128360626e-13
1451,1.109064009996944e-11,5.8650819790716116e-15,ELECTRODE_ATTACHMENT,CONFIRMED,6.6010233509382877e-05,41710424.432681918,15.840776082294839,4485430031110252,2.2962014418812422e-05,2.3460328051284461e-12,3.8560152656057486e-07,164363.22873134891,0.23451999971622339,-5.5103442906377311e-13
1452,1.1096505181982261e-11,5.8650820128211156e-15,ELECTRODE_ATTACHMENT,CONFIRMED,6.601338769735376e-05,41710424.257602744,15.840776015803309,4490171976666336.5,2.2986289604141957e-05,2.3460328186373839e-12,3.8519430344271581e-07,164189.64832147714,0.23472229094036909,-5.5124687657415915e-13
1453,1.1102370264028855e-11,5.8650820465934602e-15,ELECTRODE_ATTACHMENT,CONFIRMED,6.601653783308399e-05,41710424.082405329,15.840775949266872,4494913112088179,2.3010560642210318e-05,2.3460328321554438e-12,3.8478800888310286e-07,164016.46371230643,0.234924527527437,-5.5145888342905881e-13
1454,1.1108235346109243e-11,5.8650820803886109e-15,ELECTRODE_ATTACHMENT,CONFIRMED,6.6019683924275048e-05,41710423.907089911,15.84077588268562,4499653429452369,2.3034827492455607e-05,2.3460328456826102e-12,3.8438264040396806e-07,163843.6738476808,0.23512670917098649,-5.5167044924399415e-13
1455,1.1114100428223449e-11,5.8650821142065265e-15,ELECTRODE_ATTACHMENT,CONFIRMED,6.6022825978610174e-05,41710423.731656477,15.840775816059548,4504392920837008,2.3059090114323708e-05,2.3460328592188818e-12,3.8397819553599858e-07,163671.27767504723,0.23532883556469816,-5.5188157363571226e-13
1456,1.1119965510371496e-11,5.8650821480472047e-15,ELECTRODE_ATTACHMENT,CONFIRMED,6.6025964003754595e-05,41710423.556105271,15.840775749388747,4509131578321735,2.3083348467268342e-05,2.3460328727642422e-12,3.835746718183038e-07,163499.27414544375,0.23553090640237939,-5.5209225622219233e-13
1457,1.1125830592553407e-11,5.8650821819106068e-15,ELECTRODE_ATTACHMENT,CONFIRMED,6.6029098007355379e-05,41710423.380436316,15.840775682673229,4513869393987748,2.3107602510751253e-05,2.346032886318687e-12,3.8317206679838037e-07,163327.66221348269,0.23573292137796134,-5.5230249662264509e-13
1458,1.1131695674769204e-11,5.8650822157967178e-15,ELECTRODE_ATTACHMENT,CONFIRMED,6.6032227997041691e-05,41710423.204649881,15.840775615913095,4518606359917830,2.3131852204242246e-05,2.3460328998821974e-12,3.8277037803207971e-07,163156.44083733862,0.23593488018550338,-5.5251229445751523e-13
1459,1.1137560757018909e-11,5.8650822497054936e-15,ELECTRODE_ATTACHMENT,CONFIRMED,6.6035353980424671e-05,41710423.028745942,15.840775549108335,4523342468196372,2.3156097507219401e-05,2.3460329134547731e-12,3.8236960308357319e-07,162985.60897873121,0.23613678251918918,-5.527216493484813e-13
1460,1.1143425839302546e-11,5.8650822836369342e-15,ELECTRODE_ATTACHMENT,CONFIRMED,6.6038475965097488e-05,41710422.852724813,15.840775482259067,4528077710909398,2.3180338379169138e-05,2.3460329270363918e-12,3.8196973952531944e-07,162815.16560291412,0.23633862807333442,-5.5293056091846325e-13
1461,1.1149290921620137e-11,5.8650823175909795e-15,ELECTRODE_ATTACHMENT,CONFIRMED,6.6041593958635517e-05,41710422.676586412,15.840775415365263,4532812080144588,2.3204574779586353e-05,2.3460329406270593e-12,3.8157078493803089e-07,162645.10967865726,0.23654041654237878,-5.5313902879161644e-13
1462,1.1155156003971705e-11,5.8650823515676487e-15,ELECTRODE_ATTACHMENT,CONFIRMED,6.6044707968596257e-05,41710422.500331111,15.840775348427062,4537545567991303,2.3228806667974556e-05,2.3460329542267475e-12,3.8117273691064066e-07,162475.44017823707,0.2367421476208981,-5.5334705259334246e-13
1463,1.1161021086357271e-11,5.8650823855668697e-15,ELECTRODE_ATTACHMENT,CONFIRMED,6.6047818002519412e-05,41710422.323958859,15.840775281444447,4542278166540608,2.3253034003845965e-05,2.3460329678354603e-12,3.8077559304026953e-07,162306.15607741763,0.23694382100359318,-5.5355463195028114e-13
1464,1.116688616877686e-11,5.8650824195886522e-15,ELECTRODE_ATTACHMENT,CONFIRMED,6.6050924067926947e-05,41710422.147469871,15.840775214417496,4547009867885298,2.3277256746721689e-05,2.3460329814531788e-12,3.8037935093219273e-07,162137.25635544062,0.23714543638530083,-5.5376176649032247e-13
1465,1.1172751251230493e-11,5.865082453632948e-15,ELECTRODE_ATTACHMENT,CONFIRMED,6.6054026172323099e-05,41710421.970864244,15.84077514734625,4551740664119919,2.3301474856131764e-05,2.3460329950798974e-12,3.7998400819980837e-07,161968.73999500912,0.2373469934609885,-5.5396845584260126e-13
1466,1.1178616333718193e-11,5.8650824876997445e-15,ELECTRODE_ATTACHMENT,CONFIRMED,6.6057124323194488e-05,41710421.794142172,15.840775080230777,4556470547340794,2.3325688291615327e-05,2.3460330087156018e-12,3.7958956246460411e-07,161800.60598227495,0.23754849192575822,-5.5417469963750278e-13
1467,1.1184481416239983e-11,5.8650825217890054e-15,ELECTRODE_ATTACHMENT,CONFIRMED,6.6060218528010087e-05,41710421.617303714,15.840775013071106,4561199509646048,2.3349897012720771e-05,2.3460330223602853e-12,3.791960113561244e-07,161632.85330682376,0.23774993147484591,-5.5438049750666215e-13
1468,1.1190346498795884e-11,5.8650825559007141e-15,ELECTRODE_ATTACHMENT,CONFIRMED,6.606330879422128e-05,41710421.440349057,15.840774945867304,4565927543135631,2.337410097900579e-05,2.3460330360139357e-12,3.7880335251193953e-07,161465.48096166254,0.23795131180362369,-5.5458584908296931e-13
1469,1.1196211581385919e-11,5.8650825900348406e-15,ELECTRODE_ATTACHMENT,CONFIRMED,6.6066395129261993e-05,41710421.263278291,15.840774878619406,4570654639911341,2.3398300150037568e-05,2.3460330496765453e-12,3.7841158357761234e-07,161298.48794320485,0.23815263260759953,-5.5479075400056879e-13
1470,1.1202076664010111e-11,5.8650826241913637e-15,ELECTRODE_ATTACHMENT,CONFIRMED,6.6069477540548548e-05,41710421.08609169,15.840774811327517,4575380792076850,2.3422494485392862e-05,2.346033063348092e-12,3.7802070220666725e-07,161131.87325125883,0.23835389358242071,-5.5499521189486227e-13
1471,1.120794174666848e-11,5.8650826583702305e-15,ELECTRODE_ATTACHMENT,CONFIRMED,6.6072556035479948e-05,41710420.908789173,15.840774743991606,4580105991737727,2.3446683944658157e-05,2.3460330770285833e-12,3.7763070606055766e-07,160965.63588901042,0.23855509442386832,-5.5519922240250854e-13
1472,1.1213806829361052e-11,5.8650826925714591e-15,ELECTRODE_ATTACHMENT,CONFIRMED,6.6075630621437672e-05,41710420.731371,15.840774676611769,4584830231001462,2.3470868487429773e-05,2.3460330907179992e-12,3.7724159280863479e-07,160799.77486301385,0.23875623482786712,-5.5540278516143018e-13
1473,1.1219671912087846e-11,5.8650827267949983e-15,ELECTRODE_ATTACHMENT,CONFIRMED,6.6078701305785959e-05,41710420.553837381,15.84077460918809,4589553501977492,2.3495048073313974e-05,2.3460331044163214e-12,3.7685336012811649e-07,160634.28918317641,0.23895731449048166,-5.5560589981081227e-13
1474,1.1225536994848886e-11,5.8650827610408039e-15,ELECTRODE_ATTACHMENT,CONFIRMED,6.6081768095871662e-05,41710420.376188233,15.840774541720535,4594275796777222,2.3519222661927124e-05,2.3460331181235596e-12,3.7646600570405516e-07,160469.17786274306,0.23915833310791279,-5.5580856599110094e-13
1475,1.1231402077644195e-11,5.8650827953088995e-15,ELECTRODE_ATTACHMENT,CONFIRMED,6.608483099902438e-05,41710420.198423907,15.840774474209237,4598997107514052,2.3543392212895786e-05,2.3460331318396847e-12,3.7607952722930722e-07,160304.43991828777,0.23935929037651013,-5.560107833440138e-13
1476,1.1237267160473794e-11,5.8650828295992126e-15,ELECTRODE_ATTACHMENT,CONFIRMED,6.6087890022556474e-05,41710420.020544417,15.840774406654202,4603717426303399,2.3567556685856852e-05,2.3460331455646948e-12,3.7569392240450173e-07,160140.07436969585,0.23956018599276127,-5.5621255151253415e-13
1477,1.1243132243337705e-11,5.8650828639117369e-15,ELECTRODE_ATTACHMENT,CONFIRMED,6.6090945173763135e-05,41710419.842549965,15.840774339055507,4608436745262722,2.3591716040457675e-05,2.3460331592985756e-12,3.7530918893800959e-07,159976.08024015342,0.23976101965329985,-5.5641387014091668e-13
1478,1.1248997326235952e-11,5.86508289824644e-15,ELECTRODE_ATTACHMENT,CONFIRMED,6.609399645992238e-05,41710419.664440647,15.840774271413189,4613155056511548,2.3615870236356175e-05,2.3460331730413204e-12,3.7492532454591275e-07,159812.45655613294,0.23996179105490323,-5.5661473887468855e-13
1479,1.1254862409168554e-11,5.8650829326033014e-15,ELECTRODE_ATTACHMENT,CONFIRMED,6.609704388829518e-05,41710419.486216605,15.8407742037273,4617872352171492,2.3640019233220987e-05,2.3460331867929166e-12,3.7454232695197364e-07,159649.2023473811,0.24016249989449479,-5.5681515736065019e-13
1480,1.1260727492135537e-11,5.8650829669822912e-15,ELECTRODE_ATTACHMENT,CONFIRMED,6.6100087466125387e-05,41710419.30787804,15.840774135997917,4622588624366285,2.3664162990731547e-05,2.34603320055335e-12,3.7416019388760495e-07,159486.31664690559,0.24036314586914537,-5.5701512524687999e-13
1481,1.126659257513692e-11,5.8650830013833754e-15,ELECTRODE_ATTACHMENT,CONFIRMED,6.610312720063986e-05,41710419.129424922,15.840774068225031,4627303865221796,2.3688301468578272e-05,2.3460332143226227e-12,3.737789230918384e-07,159323.7984909607,0.24056372867607045,-5.5721464218273191e-13
1482,1.1272457658172726e-11,5.8650830358065571e-15,ELECTRODE_ATTACHMENT,CONFIRMED,6.6106163099048488e-05,41710418.950857595,15.84077400040877,4632018066866058,2.371243462646263e-05,2.3460332281007056e-12,3.7339851231129567e-07,159161.64691903809,0.24076424801263877,-5.5741370781884342e-13
1483,1.1278322741242978e-11,5.8650830702517646e-15,ELECTRODE_ATTACHMENT,CONFIRMED,6.6109195168544249e-05,41710418.772176094,15.840773932549148,4636731221429290,2.3736562424097286e-05,2.3460332418876003e-12,3.7301895930015779e-07,158999.86097384946,0.24096470357636396,-5.5761232180713182e-13
1484,1.1284187824347697e-11,5.8650831047190019e-15,ELECTRODE_ATTACHMENT,CONFIRMED,6.6112223416303138e-05,41710418.59338057,15.840773864646222,4641443321043922,2.3760684821206222e-05,2.3460332556832923e-12,3.7264026182013528e-07,158838.43970131711,0.24116509506491193,-5.5781048380079701e-13
1485,1.1290052907486906e-11,5.8650831392082318e-15,ELECTRODE_ATTACHMENT,CONFIRMED,6.6115247849484452e-05,41710418.414471135,15.840773796700034,4646154357844621,2.3784801777524884e-05,2.3460332694877739e-12,3.7226241764043802e-07,158677.38215055948,0.24136542217609941,-5.5800819345432729e-13
1486,1.1295917990660625e-11,5.8650831737194362e-15,ELECTRODE_ATTACHMENT,CONFIRMED,6.6118268475230525e-05,41710418.235447921,15.840773728710635,4650864323968312,2.3808913252800263e-05,2.3460332833010355e-12,3.7188542453774633e-07,158516.68737387951,0.24156568460789471,-5.5820545042349638e-13
1487,1.1301783073868877e-11,5.8650832082525891e-15,ELECTRODE_ATTACHMENT,CONFIRMED,6.6121285300667029e-05,41710418.056311086,15.840773660678087,4655573211554204,2.3833019206791058e-05,2.3460332971230631e-12,3.7150928029618085e-07,158356.35442675179,0.24176588205842073,-5.5840225436536905e-13
1488,1.1307648157111686e-11,5.8650832428076582e-15,ELECTRODE_ATTACHMENT,CONFIRMED,6.6124298332902862e-05,41710417.877060898,15.840773592602488,4660281012743815,2.3857119599267754e-05,2.3460333109538376e-12,3.7113398270727374e-07,158196.3823678105,0.24196601422595446,-5.5859860493830255e-13
1489,1.1313513240389071e-11,5.8650832773845952e-15,ELECTRODE_ATTACHMENT,CONFIRMED,6.6127307579030251e-05,41710417.697697245,15.840773524483799,4664987719680994,2.3881214390012817e-05,2.3460333247933674e-12,3.7075952956993862e-07,158036.77025883432,0.24216608080892385,-5.5879450180194305e-13
1490,1.1319378323701053e-11,5.8650833119834184e-15,ELECTRODE_ATTACHMENT,CONFIRMED,6.6130313046124835e-05,41710417.518220447,15.84077345632214,4669693324511947,2.3905303538820746e-05,2.3460333386416269e-12,3.7038591869044216e-07,157877.51716473847,0.24236608150591776,-5.5898994461723707e-13
1491,1.1325243407047658e-11,5.8650833466040678e-15,ELECTRODE_ATTACHMENT,CONFIRMED,6.6133314741245529e-05,41710417.338630617,15.840773388117551,4674397819385262,2.3929387005498243e-05,2.3460333524986079e-12,3.7001314788237486e-07,157718.62215355886,0.2425660160156794,-5.5918493304642502e-13
1492,1.1331108490428904e-11,5.8650833812465206e-15,ELECTRODE_ATTACHMENT,CONFIRMED,6.6136312671434823e-05,41710417.158927836,15.840773319870067,4679101196451929,2.3953464749864308e-05,2.3460333663643045e-12,3.6964121496662222e-07,157560.08429644065,0.24276588403710875,-5.5937946675304694e-13
1493,1.1336973573844815e-11,5.8650834159107616e-15,ELECTRODE_ATTACHMENT,CONFIRMED,6.6139306843718591e-05,41710416.979112253,15.840773251579744,4683803447865370,2.3977536731750381e-05,2.346033380238705e-12,3.6927011777133613e-07,157401.9026676268,0.24296568526926582,-5.5957354540194444e-13
1494,1.1342838657295412e-11,5.8650834505967634e-15,ELECTRODE_ATTACHMENT,CONFIRMED,6.614229726510632e-05,41710416.799184032,15.840773183246643,4688504565781458,2.4001602911000468e-05,2.3460333941217967e-12,3.6889985413190587e-07,157244.07634444529,0.24316541941137015,-5.5976716865926179e-13
1495,1.1348703740780716e-11,5.8650834853044928e-15,ELECTRODE_ATTACHMENT,CONFIRMED,6.6145283942590968e-05,41710416.619143382,15.840773114870842,4693204542358545,2.4025663247471245e-05,2.3460334080135636e-12,3.6853042189093045e-07,157086.60440729742,0.24336508616280175,-5.5996033619244824e-13
1496,1.135456882430075e-11,5.8650835200339096e-15,ELECTRODE_ATTACHMENT,CONFIRMED,6.6148266883149116e-05,41710416.43899034,15.840773046452359,4697903369757485,2.404971770103221e-05,2.3460334219140026e-12,3.6816181889818941e-07,156929.48593964445,0.24356468522310082,-5.6015304767025836e-13
1497,1.1360433907855534e-11,5.8650835547850074e-15,ELECTRODE_ATTACHMENT,CONFIRMED,6.6151246093741099e-05,41710416.258724988,15.840772977991222,4702601040141657,2.4073766231565797e-05,2.3460334358231076e-12,3.6779404301061495e-07,156772.72002799658,0.24376421629196934,-5.6034530276275552e-13
1498,1.1366298991445092e-11,5.8650835895577697e-15,ELECTRODE_ATTACHMENT,CONFIRMED,6.6154221581310772e-05,41710416.078347661,15.84077290948756,4707297545676990,2.4097808798967456e-05,2.3460334497408524e-12,3.6742709209226464e-07,156616.30576190265,0.24396367906927638,-5.6053710114131446e-13
1499,1.1372164075069444e-11,5.865083624352131e-15,ELECTRODE_ATTACHMENT,CONFIRMED,6.6157193352785846e-05,41710415.897858396,15.840772840941385,4711992878531989,2.4121845363145867e-05,2.3460334636672337e-12,3.6706096401429194e-07,156460.24223393458,0.24416307325505107,-5.6072844247862126e-13
1500,1.1378029158728612e-11,5.8650836591680858e-15,ELECTRODE_ATTACHMENT,CONFIRMED,6.6160161415077773e-05,41710415.717257276,15.840772772352731,4716687030877758,2.4145875884022988e-05,2.3460334776022466e-12,3.6669565665491977e-07,156304.52853967773,0.24436239854948838,-5.6091932644867599e-13
1501,1.1383894242422618e-11,5.8650836940056167e-15,ELECTRODE_ATTACHMENT,CONFIRMED,6.6163125775081725e-05,41710415.536544561,15.840772703721694,4721379994888022,2.4169900321534202e-05,2.3460334915458699e-12,3.6633116789941211e-07,156149.16377771992,0.2445616546529511,-5.6110975272679572e-13
1502,1.1389759326151482e-11,5.8650837288646757e-15,ELECTRODE_ATTACHMENT,CONFIRMED,6.6166086439676831e-05,41710415.355720274,15.840772635048285,4726071762739156,2.4193918635628453e-05,2.3460335054981034e-12,3.6596749564004669e-07,155994.14704963707,0.24476084126596623,-5.612997209896132e-13
1503,1.1395624409915227e-11,5.8650837637452587e-15,ELECTRODE_ATTACHMENT,CONFIRMED,6.6169043415726089e-05,41710415.174784668,15.8407725663326,4730762326610204,2.4217930786268365e-05,2.3460335194589254e-12,3.656046377760874e-07,155839.47745998454,0.24495995808923135,-5.6148923091508376e-13
1504,1.1401489493713874e-11,5.8650837986473145e-15,ELECTRODE_ATTACHMENT,CONFIRMED,6.6171996710076344e-05,41710414.99373778,15.840772497574651,4735451678682908,2.4241936733430363e-05,2.3460335334283334e-12,3.652425922137569e-07,155685.1541162825,0.24515900482361025,-5.6167828218248125e-13
1505,1.1407354577547445e-11,5.8650838335708337e-15,ELECTRODE_ATTACHMENT,CONFIRMED,6.6174946329558505e-05,41710414.812579885,15.840772428774544,4740139811141729,2.4265936437104779e-05,2.346033547406308e-12,3.6488135686621016e-07,155531.17612900725,0.2453579811701391,-5.6186687447240621e-13
1506,1.141321966141596e-11,5.8650838685157704e-15,ELECTRODE_ATTACHMENT,CONFIRMED,6.617789228098746e-05,41710414.63131094,15.840772359932263,4744826716173873,2.4289929857296021e-05,2.3460335613928501e-12,3.6452092965350611e-07,155377.54261157647,0.24555688683002083,-5.6205500746678114e-13
1507,1.1419084745319441e-11,5.8650839034821262e-15,ELECTRODE_ATTACHMENT,CONFIRMED,6.6180834571162104e-05,41710414.449931256,15.840772291047925,4749512385969315,2.4313916954022653e-05,2.3460335753879379e-12,3.6416130850258195e-07,155224.25268034136,0.24575572150463426,-5.6224268084885877e-13
1508,1.1424949829257912e-11,5.8650839384698452e-15,ELECTRODE_ATTACHMENT,CONFIRMED,6.6183773206865504e-05,41710414.268440843,15.840772222121535,4754196812720823,2.4337897687317551e-05,2.3460335893915689e-12,3.6380249134722543e-07,155071.30545457179,0.24595448489552674,-5.6242989430321793e-13
1509,1.143081491323139e-11,5.8650839734789227e-15,ELECTRODE_ATTACHMENT,CONFIRMED,6.6186708194864723e-05,41710414.086839929,15.840772153153178,4758879988623982,2.4361872017227998e-05,2.3460336034037262e-12,3.6344447612804879e-07,154918.70005644759,0.24615317670442177,-5.6261664751577151e-13
1510,1.14366799972399e-11,5.8650840085093159e-15,ELECTRODE_ATTACHMENT,CONFIRMED,6.6189639541911114e-05,41710413.90512865,15.840772084142907,4763561905877218,2.438583990381582e-05,2.3460336174243996e-12,3.6308726079246197e-07,154766.43561104572,0.24635179663321599,-5.6280294017376224e-13
1511,1.1442545081283461e-11,5.8650840435609997e-15,ELECTRODE_ATTACHMENT,CONFIRMED,6.6192567254740189e-05,41710413.723307163,15.840772015090781,4768242556681825,2.4409801307157553e-05,2.3460336314535762e-12,3.6273084329464555e-07,154614.51124632923,0.24655034438398166,-5.6298877196577056e-13
1512,1.1448410165362094e-11,5.8650840786339417e-15,ELECTRODE_ATTACHMENT,CONFIRMED,6.6195491340071696e-05,41710413.541375548,15.840771945996833,4772921933241985,2.4433756187344473e-05,2.3460336454912513e-12,3.623752215955257e-07,154462.92609313605,0.24674881965896575,-5.6317414258170945e-13
1513,1.1454275249475822e-11,5.8650841137281277e-15,ELECTRODE_ATTACHMENT,CONFIRMED,6.6198411804609678e-05,41710413.359334022,15.84077187686114,4777600027764796,2.4457704504482824e-05,2.3460336595374061e-12,3.6202039366274653e-07,154311.67928516856,0.24694722216059442,-5.6335905171283446e-13
1514,1.1460140333624666e-11,5.865084148843516e-15,ELECTRODE_ATTACHMENT,CONFIRMED,6.6201328655042524e-05,41710413.177182592,15.84077180768371,4782276832460295,2.448164621869388e-05,2.3460336735920416e-12,3.6166635747064481e-07,154160.76995898056,0.24714555159146886,-5.6354349905173743e-13
1515,1.1466005417808646e-11,5.8650841839801057e-15,ELECTRODE_ATTACHMENT,CONFIRMED,6.6204241898042943e-05,41710412.994921565,15.840771738464655,4786952339541482,2.4505581290114069e-05,2.3460336876551347e-12,3.6131311100022415e-07,154010.19725396924,0.247343807654373,-5.6372748429235567e-13
1516,1.1471870502027784e-11,5.8650842191378376e-15,ELECTRODE_ATTACHMENT,CONFIRMED,6.6207151540268044e-05,41710412.812551029,15.840771669204013,4791626541224345,2.4529509678895143e-05,2.3460337017266757e-12,3.6096065223912826e-07,153859.96031236125,0.24754199005226807,-5.6391100712996865e-13
1517,1.14777355862821e-11,5.8650842543166905e-15,ELECTRODE_ATTACHMENT,CONFIRMED,6.621005758835942e-05,41710412.630071037,15.8407715999018,4796299429727883,2.4553431345204242e-05,2.3460337158066634e-12,3.6060897918161625e-07,153710.05827920252,0.24774009848829492,-5.6409406726120061e-13
1518,1.1483600670571616e-11,5.8650842895166589e-15,ELECTRODE_ATTACHMENT,CONFIRMED,6.6212960048943104e-05,41710412.447481878,15.840771530558127,4800970997274131,2.4577346249224054e-05,2.3460337298950751e-12,3.6025808982853637e-07,153560.490302349,0.2479381326657796,-5.6427666438402621e-13
1519,1.1489465754896354e-11,5.8650843247376874e-15,ELECTRODE_ATTACHMENT,CONFIRMED,6.6215858928629666e-05,41710412.264783598,15.840771461173015,4805641236088186,2.460125435115297e-05,2.3460337439919061e-12,3.5990798218730004e-07,153411.25553245313,0.24813609228822769,-5.6445879819776783e-13
1520,1.1495330839256334e-11,5.865084359979766e-15,ELECTRODE_ATTACHMENT,CONFIRMED,6.6218754234014229e-05,41710412.081976376,15.840771391746527,4810310138398229,2.4625155611205127e-05,2.3460337580971426e-12,3.5955865427185767e-07,153262.3531229551,0.24833397705932947,-5.6464046840309848e-13
1521,1.1501195923651578e-11,5.8650843952428582e-15,ELECTRODE_ATTACHMENT,CONFIRMED,6.6221645971676501e-05,41710411.899060301,15.840771322278698,4814977696435551,2.4649049989610613e-05,2.3460337722107781e-12,3.5921010410267226e-07,153113.78223007065,0.24853178668295892,-5.6482167470204541e-13
1522,1.1507061008082105e-11,5.8650844305269467e-15,ELECTRODE_ATTACHMENT,CONFIRMED,6.6224534148180841e-05,41710411.716035619,15.840771252769624,4819643902434576,2.4672937446615523e-05,2.3460337863327949e-12,3.58862329706695e-07,152965.54201278192,0.24872952086317687,-5.6500241679799108e-13
1523,1.1512926092547936e-11,5.8650844658319882e-15,ELECTRODE_ATTACHMENT,CONFIRMED,6.6227418770076275e-05,41710411.532902449,15.840771183219347,4824308748632886,2.469681794248217e-05,2.3460338004631816e-12,3.5851532911733911e-07,152817.63163282507,0.24892717930422945,-5.6518269439567481e-13
1524,1.1518791177049095e-11,5.8650845011579549e-15,ELECTRODE_ATTACHMENT,CONFIRMED,6.6230299843896478e-05,41710411.349660903,15.840771113627913,4828972227271246,2.4720691437489099e-05,2.3460338146019322e-12,3.5816910037445649e-07,152670.05025468036,0.24912476171054926,-5.6536250720119334e-13
1525,1.1524656261585599e-11,5.8650845365048313e-15,ELECTRODE_ATTACHMENT,CONFIRMED,6.6233177376159971e-05,41710411.166311041,15.840771043995341,4833634330593627,2.4744557891931324e-05,2.3460338287490386e-12,3.5782364152431126e-07,152522.79704556151,0.24932226778675684,-5.6554185492200423e-13
1526,1.1530521346157471e-11,5.8650845718725974e-15,ELECTRODE_ATTACHMENT,CONFIRMED,6.6236051373370016e-05,41710410.982853167,15.84077097432175,4838295050847231,2.4768417266120359e-05,2.3460338429044799e-12,3.5747895061955611e-07,152375.87117540618,0.2495196972376644,-5.657207372669296e-13
1527,1.1536386430764733e-11,5.8650846072612006e-15,ELECTRODE_ATTACHMENT,CONFIRMED,6.6238921842014668e-05,41710410.799287356,15.840770904607165,4842954380282516,2.4792269520384407e-05,2.3460338570682499e-12,3.5713502571920714e-07,152229.27181686342,0.24971704976827136,-5.6589915394615292e-13
1528,1.1542251515407404e-11,5.8650846426706257e-15,ELECTRODE_ATTACHMENT,CONFIRMED,6.6241788788566898e-05,41710410.615613803,15.840770834851662,4847612311153220,2.4816114615068448e-05,2.3460338712403341e-12,3.5679186488861961e-07,152082.99814528503,0.2499143250837694,-5.6607710467122543e-13
1529,1.1548116600085505e-11,5.8650846781008357e-15,ELECTRODE_ATTACHMENT,CONFIRMED,6.6244652219484514e-05,41710410.431832545,15.840770765055256,4852268835716385,2.4839952510534389e-05,2.3460338854207281e-12,3.5644946619946325e-07,151937.04933871364,0.25011152288954031,-5.6625458915506487e-13
1530,1.1553981684799056e-11,5.865084713551822e-15,ELECTRODE_ATTACHMENT,CONFIRMED,6.6247512141210331e-05,41710410.247943781,15.840770695218019,4856923946232381,2.4863783167161174e-05,2.3460338996094169e-12,3.5610782772969817e-07,151791.4245778739,0.2503086428911605,-5.6643160711195992e-13
1531,1.155984676954808e-11,5.8650847490235426e-15,ELECTRODE_ATTACHMENT,CONFIRMED,6.6250368560172085e-05,41710410.063947685,15.840770625340021,4861577634964931,2.4887606545344896e-05,2.3460339138063885e-12,3.5576694756355077e-07,151646.12304616123,0.25050568479439927,-5.6660815825757057e-13
1532,1.1565711854332596e-11,5.8650847845159717e-15,ELECTRODE_ATTACHMENT,CONFIRMED,6.6253221482782517e-05,41710409.879844397,15.840770555421313,4866229894181137,2.4911422605498965e-05,2.3460339280116314e-12,3.5542682379148915e-07,151501.14392963159,0.25070264830522054,-5.6678424230892946e-13
1533,1.1571576939152624e-11,5.8650848200290799e-15,ELECTRODE_ATTACHMENT,CONFIRMED,6.6256070915439452e-05,41710409.695634007,15.840770485461931,4870880716151500,2.493523130805418e-05,2.3460339422251369e-12,3.5508745451019988e-07,151356.48641699148,0.25089953312978314,-5.669598589844452e-13
1534,1.1577442024008187e-11,5.8650848555628429e-15,ELECTRODE_ATTACHMENT,CONFIRMED,6.6258916864525805e-05,41710409.511316739,15.840770415461959,4875530093149950,2.4959032613458903e-05,2.3460339564468891e-12,3.5474883782256332e-07,151212.14969958784,0.25109633897444367,-5.6713500800390329e-13
1535,1.1583307108899305e-11,5.8650848911172236e-15,ELECTRODE_ATTACHMENT,CONFIRMED,6.6261759336409554e-05,41710409.326892629,15.84077034542141,4880178017453865,2.4982826482179128e-05,2.3460339706768865e-12,3.5441097183763065e-07,151068.13297139711,0.25129306554575337,-5.6730968908846653e-13
1536,1.1589172193825997e-11,5.8650849266922172e-15,ELECTRODE_ATTACHMENT,CONFIRMED,6.6264598337443923e-05,41710409.142362006,15.840770275340409,4884824481344099,2.5006612874698658e-05,2.3460339849151027e-12,3.5407385467059974e-07,150924.43542901738,0.25148971255046576,-5.6748390196068154e-13
1537,1.1595037278788285e-11,5.8650849622877567e-15,ELECTRODE_ATTACHMENT,CONFIRMED,6.6267433873967266e-05,41710408.957724839,15.840770205218945,4889469477105006,2.5030391751519214e-05,2.3460339991615391e-12,3.5373748444279137e-07,150781.05627165479,0.25168627969552931,-5.6765764634447408e-13
1538,1.1600902363786189e-11,5.8650849979038484e-15,ELECTRODE_ATTACHMENT,CONFIRMED,6.627026595230319e-05,41710408.772981323,15.840770135057092,4894112997024463,2.5054163073160557e-05,2.3460340134161814e-12,3.5340185928162612e-07,150637.99470111664,0.25188276668809506,-5.6783092196515627e-13
1539,1.160676744881973e-11,5.8650850335404544e-15,ELECTRODE_ATTACHMENT,CONFIRMED,6.6273094578760561e-05,41710408.588131703,15.840770064854944,4898755033393895,2.5077926800160591e-05,2.3460340276790112e-12,3.5306697732060135e-07,150495.24992180066,0.25207917323551543,-5.6800372854942629e-13
1540,1.1612632533888928e-11,5.865085069197529e-15,ELECTRODE_ATTACHMENT,CONFIRMED,6.6275919759633579e-05,41710408.403176039,15.84076999461252,4903395578508299,2.5101682893075518e-05,2.346034041950023e-12,3.5273283669926739e-07,150352.82114068384,0.2522754990453428,-5.6817606582536881e-13
1541,1.1618497618993803e-11,5.8650851048750587e-15,ELECTRODE_ATTACHMENT,CONFIRMED,6.6278741501201794e-05,41710408.218114451,15.840769924329869,4908034624666271,2.5125431312479981e-05,2.3460340562292082e-12,3.5239943556320414e-07,150210.7075673136,0.25247174382533272,-5.6834793352245852e-13
1542,1.1624362704134377e-11,5.8650851405730216e-15,ELECTRODE_ATTACHMENT,CONFIRMED,6.6281559809730064e-05,41710408.032947116,15.840769854007059,4912672164170026,2.5149172018967114e-05,2.3460340705165528e-12,3.5206677206399915e-07,150068.90841379837,0.25266790728344585,-5.6851933137156344e-13
1543,1.1630227789310668e-11,5.8650851762913835e-15,ELECTRODE_ATTACHMENT,CONFIRMED,6.6284374691468774e-05,41710407.847674213,15.840769783644156,4917308189325427,2.5172904973148755e-05,2.3460340848120429e-12,3.5173484435922348e-07,149927.42289479711,0.25286398912784702,-5.6869025910494363e-13
1544,1.1636092874522698e-11,5.8650852120301084e-15,ELECTRODE_ATTACHMENT,CONFIRMED,6.628718615265366e-05,41710407.662295915,15.840769713241226,4921942692442005,2.5196630135655495e-05,2.346034099115667e-12,3.5140365061240984e-07,149786.25022750979,0.25305998906690652,-5.6886071645625418e-13
1545,1.1641957959770487e-11,5.8650852477891677e-15,ELECTRODE_ATTACHMENT,CONFIRMED,6.6289994199505994e-05,41710407.476812191,15.840769642798255,4926575665832987,2.5220347467136887e-05,2.3460341134274236e-12,3.5107318899302871e-07,149645.38963166677,0.25325590680919918,-5.690307031605465e-13
1546,1.1647823045054055e-11,5.8650852835685591e-15,ELECTRODE_ATTACHMENT,CONFIRMED,6.6292798838232591e-05,41710407.29122337,15.840769572315374,4931207101815319,2.5244056928261466e-05,2.3460341277472904e-12,3.5074345767646706e-07,149504.84032952157,0.25345174206351112,-5.6920021895427228e-13
1547,1.1653688130373422e-11,5.8650853193682266e-15,ELECTRODE_ATTACHMENT,CONFIRMED,6.6295600075025804e-05,41710407.105529614,15.840769501792638,4935836992709690,2.5267758479716978e-05,2.3460341420752541e-12,3.5041445484400463e-07,149364.60154583902,0.25364749453883506,-5.6936926357528462e-13
1548,1.1659553215728611e-11,5.8650853551881347e-15,ELECTRODE_ATTACHMENT,CONFIRMED,6.6298397916063565e-05,41710406.919730939,15.840769431230058,4940465330840557,2.5291452082210428e-05,2.3460341564113132e-12,3.5008617868279235e-07,149224.67250788581,0.25384316394437106,-5.6953783676283554e-13
1549,1.1665418301119639e-11,5.8650853910282842e-15,ELECTRODE_ATTACHMENT,CONFIRMED,6.6301192367509442e-05,41710406.733827591,15.840769360627723,4945092108536170,2.5315137696468249e-05,2.3460341707554498e-12,3.4975862738582936e-07,149085.05244542242,0.25403874998953219,-5.6970593825758423e-13
1550,1.1671283386546527e-11,5.8650854268886254e-15,ELECTRODE_ATTACHMENT,CONFIRMED,6.6303983435512731e-05,41710406.547819704,15.840769289985687,4949717318128595,2.5338815283236403e-05,2.3460341851076517e-12,3.4943179915194118e-07,148945.74059069259,0.25423425238394137,-5.6987356780159524e-13
1551,1.1677148472009296e-11,5.8650854627691306e-15,ELECTRODE_ATTACHMENT,CONFIRMED,6.6306771126208364e-05,41710406.361707352,15.840769219303979,4954340951953740,2.5362484803280534e-05,2.3460341994679139e-12,3.4910569218575726e-07,148806.73617841344,0.25442967083743279,-5.7004072513833907e-13
1552,1.1683013557507966e-11,5.8650854986697865e-15,ELECTRODE_ATTACHMENT,CONFIRMED,6.6309555445717054e-05,41710406.175490841,15.840769148582712,4958963002351378,2.5386146217386052e-05,2.346034213836214e-12,3.4878030469768931e-07,148668.03844576798,0.25462500506005653,-5.7020741001269988e-13
1553,1.1688878643042557e-11,5.8650855345905363e-15,ELECTRODE_ATTACHMENT,CONFIRMED,6.6312336400145273e-05,41710405.989170127,15.840769077821871,4963583461665172,2.5409799486358298e-05,2.3460342282125553e-12,3.4845563490390896e-07,148529.64663239269,0.2548202547620716,-5.7037362217096849e-13
1554,1.1694743728613089e-11,5.8650855705313886e-15,ELECTRODE_ATTACHMENT,CONFIRMED,6.6315113995585274e-05,41710405.802745543,15.840769007021581,4968202322242701,2.5433444571022657e-05,2.3460342425969095e-12,3.4813168102632593e-07,148391.55998037203,0.25501541965395741,-5.7053936136085218e-13
1555,1.1700608814219582e-11,5.865085606492274e-15,ELECTRODE_ATTACHMENT,CONFIRMED,6.631788823811523e-05,41710405.616217077,15.84076893618184,4972819576435481,2.5457081432224669e-05,2.3460342569892798e-12,3.4780844129256661e-07,148253.77773422509,0.25521049944640428,-5.7070462733147189e-13
1556,1.1706473899862056e-11,5.8650856424731996e-15,ELECTRODE_ATTACHMENT,CONFIRMED,6.6320659133799138e-05,41710405.429584958,15.840768865302735,4977435216598992,2.5480710030830141e-05,2.3460342713896485e-12,3.4748591393595234e-07,148116.29914089991,0.25540549385032196,-5.7086941983336531e-13
1557,1.1712338985540529e-11,5.8650856784741213e-15,ELECTRODE_ATTACHMENT,CONFIRMED,6.6323426688686914e-05,41710405.242849417,15.840768794384351,4982049235092703,2.5504330327725339e-05,2.3460342857979978e-12,3.4716409719547734e-07,147979.1234497625,0.25560040257683797,-5.7103373861848963e-13
1558,1.1718204071255024e-11,5.8650857144949965e-15,ELECTRODE_ATTACHMENT,CONFIRMED,6.6326190908814434e-05,41710405.056010403,15.84076872342667,4986661624280094,2.5527942283817042e-05,2.3460343002143294e-12,3.4684298931578774e-07,147842.24991258688,0.25579522533729526,-5.7119758344021992e-13
1559,1.172406915700556e-11,5.8650857505358243e-15,ELECTRODE_ATTACHMENT,CONFIRMED,6.63289518002036e-05,41710404.869068205,15.840768652429801,4991272376528683,2.5551545860032701e-05,2.3460343146386241e-12,3.4652258854715996e-07,147705.67778354822,0.25598996184325934,-5.713609540533568e-13
1560,1.1729934242792157e-11,5.8650857865965614e-15,ELECTRODE_ATTACHMENT,CONFIRMED,6.6331709368862261e-05,41710404.682022952,15.840768581393796,4995881484210049,2.5575141017320567e-05,2.3460343290708704e-12,3.4620289314547942e-07,147569.40631921211,0.25618461180651497,-5.7152385021412282e-13
1561,1.1735799328614835e-11,5.865085822677177e-15,ELECTRODE_ATTACHMENT,CONFIRMED,6.6334463620784374e-05,41710404.49487485,15.84076851031873,5000488939699856,2.5598727716649782e-05,2.3460343435110528e-12,3.4588390137221972e-07,147433.43477852637,0.2563791749390687,-5.7168627168016668e-13
1562,1.1741664414473613e-11,5.8650858587776332e-15,ELECTRODE_ATTACHMENT,CONFIRMED,6.6337214561950006e-05,41710404.30762396,15.840768439204627,5005094735377880,2.5622305919010559e-05,2.3460343579591657e-12,3.4556561149442076e-07,147297.76242281083,0.25657365095314755,-5.7184821821056446e-13
1563,1.1747529500368511e-11,5.8650858948979143e-15,ELECTRODE_ATTACHMENT,CONFIRMED,6.6339962198325264e-05,41710404.120270476,15.84076836805156,5009698863628029,2.5645875585414254e-05,2.3460343724151958e-12,3.4524802178466858e-07,147162.38851574992,0.25676803956120264,-5.72009689565821e-13
1564,1.1753394586299549e-11,5.8650859310379902e-15,ELECTRODE_ATTACHMENT,CONFIRMED,6.6342706535862513e-05,41710403.932814442,15.840768296859547,5014301316838372,2.5669436676893529e-05,2.3460343868791375e-12,3.4493113052107379e-07,147027.31232338236,0.25696234047590816,-5.7217068550787188e-13
1565,1.1759259672266748e-11,5.8650859671978437e-15,ELECTRODE_ATTACHMENT,CONFIRMED,6.6345447580500253e-05,41710403.745256208,15.840768225628722,5018902087401162,2.5692989154502458e-05,2.3460344013509664e-12,3.4461493598725107e-07,146892.53311409423,0.25715655341016641,-5.723312058000884e-13
1566,1.1765124758270126e-11,5.8650860033774156e-15,ELECTRODE_ATTACHMENT,CONFIRMED,6.6348185338163215e-05,41710403.557595775,15.840768154359083,5023501167712859,2.5716532979316652e-05,2.3460344158306807e-12,3.4429943647229842e-07,146758.05015860748,0.25735067807710127,-5.72491250207273e-13
1567,1.1770989844309703e-11,5.8650860395767019e-15,ELECTRODE_ATTACHMENT,CONFIRMED,6.6350919814762443e-05,41710403.369833373,15.840768083050717,5028098550174155,2.5740068112433399e-05,2.346034430318262e-12,3.4398463027077626e-07,146623.86272997342,0.25754471419006625,-5.7265081849566615e-13
1568,1.1776854930385498e-11,5.8650860757956561e-15,ELECTRODE_ATTACHMENT,CONFIRMED,6.6353651016195196e-05,41710403.181969084,15.840768011703657,5032694227190001,2.5763594514971775e-05,2.3460344448137056e-12,3.4367051568268719e-07,146489.97010356234,0.25773866146264018,-5.7280991043294523e-13
1569,1.1782720016497533e-11,5.8650861120342647e-15,ELECTRODE_ATTACHMENT,CONFIRMED,6.6356378948345156e-05,41710402.994003125,15.840767940317987,5037288191169628,2.5787112148072772e-05,2.3460344593169941e-12,3.4335709101345523e-07,146356.37155705612,0.25793251960863295,-5.729685257882298e-13
1570,1.1788585102645826e-11,5.865086148292486e-15,ELECTRODE_ATTACHMENT,CONFIRMED,6.6359103617082287e-05,41710402.805935562,15.840767868893728,5041880434526574,2.5810620972899429e-05,2.3460344738281234e-12,3.430443545739058e-07,146223.06637043823,0.25812628834208123,-5.7312666433207843e-13
1571,1.1794450188830397e-11,5.865086184570309e-15,ELECTRODE_ATTACHMENT,CONFIRMED,6.6361825028263003e-05,41710402.617766641,15.840767797430974,5046470949678706,2.5834120950636957e-05,2.3460344883470717e-12,3.4273230468024479e-07,146090.05382598666,0.25831996737725527,-5.7328432583649581e-13
1572,1.1800315275051265e-11,5.8650862208676798e-15,ELECTRODE_ATTACHMENT,CONFIRMED,6.6364543187730178e-05,41710402.429496415,15.840767725929748,5051059729048248,2.5857612042492848e-05,2.3460345028738383e-12,3.4242093965403917e-07,145957.3332082633,0.25851355642865315,-5.7344151007492919e-13
1573,1.180618036130845e-11,5.8650862571845971e-15,ELECTRODE_ATTACHMENT,CONFIRMED,6.6367258101313037e-05,41710402.241125196,15.840767654390168,5055646765061801,2.5881094209697032e-05,2.3460345174083969e-12,3.4211025782219621e-07,145824.90380410792,0.25870705521100912,-5.7359821682227525e-13
1574,1.1812045447601972e-11,5.8650862935209922e-15,ELECTRODE_ATTACHMENT,CONFIRMED,6.6369969774827446e-05,41710402.05265297,15.840767582812227,5060232050150372,2.5904567413501958e-05,2.3460345319507499e-12,3.4180025751694382e-07,145692.76490262643,0.25890046343928613,-5.7375444585487749e-13
1575,1.1817910533931849e-11,5.8650863298768753e-15,ELECTRODE_ATTACHMENT,CONFIRMED,6.6372678214075714e-05,41710401.864079945,15.840767511196002,5064815576749396,2.5928031615182775e-05,2.3460345465008807e-12,3.4149093707581028e-07,145560.91579518522,0.25909378082868439,-5.7391019695053106e-13
1576,1.18237756202981e-11,5.8650863662522014e-15,ELECTRODE_ATTACHMENT,CONFIRMED,6.6375383424846764e-05,41710401.675406329,15.840767439541578,5069397337298761,2.5951486776037423e-05,2.3460345610587711e-12,3.4118229484160452e-07,145429.35577540175,0.25928700709463881,-5.7406546988848346e-13
1577,1.1829640706700747e-11,5.865086402646928e-15,ELECTRODE_ATTACHMENT,CONFIRMED,6.6378085412916073e-05,41710401.486632191,15.840767367848976,5073977324242831,2.5974932857386717e-05,2.3460345756244213e-12,3.4087432916239696e-07,145298.08413913497,0.25948014195281788,-5.7422026444943469e-13
1578,1.1835505793139808e-11,5.8650864390610542e-15,ELECTRODE_ATTACHMENT,CONFIRMED,6.6380784184045781e-05,41710401.297757775,15.84076729611829,5078555530030474,2.5998369820574593e-05,2.3460345901978068e-12,3.405670383914984e-07,145167.10018447912,0.25967318511913046,-5.7437458041554321e-13
1579,1.1841370879615303e-11,5.8650864754945178e-15,ELECTRODE_ATTACHMENT,CONFIRMED,6.6383479743984696e-05,41710401.108783118,15.840767224349536,5083131947115083,2.6021797626968103e-05,2.3460346047789274e-12,3.4026042088744181e-07,145036.40321175288,0.25986613630971922,-5.7452841757042214e-13
1580,1.184723596612725e-11,5.8650865119473188e-15,ELECTRODE_ATTACHMENT,CONFIRMED,6.6386172098468368e-05,41710400.919708475,15.840767152542808,5087706567954602,2.6045216237957619e-05,2.3460346193677624e-12,3.3995447501396197e-07,144905.99252349354,0.26005899524096898,-5.7468177569914659e-13
1581,1.1853101052675669e-11,5.8650865484194066e-15,ELECTRODE_ATTACHMENT,CONFIRMED,6.6388861253218959e-05,41710400.730533928,15.840767080698138,5092279385011550,2.6068625614956916e-05,2.346034633964307e-12,3.3964919913997675e-07,144775.86742444665,0.26025176162950125,-5.7483465458825004e-13
1582,1.1858966139260579e-11,5.8650865849107678e-15,ELECTRODE_ATTACHMENT,CONFIRMED,6.6391547213945552e-05,41710400.541259639,15.84076700881559,5096850390753047,2.6092025719403346e-05,2.3460346485685475e-12,3.3934459163956673e-07,144646.02722155899,0.2604444351921798,-5.74987054025731e-13
1583,1.1864831225882e-11,5.8650866214213694e-15,ELECTRODE_ATTACHMENT,CONFIRMED,6.6394229986343881e-05,41710400.351885892,15.840766936895267,5101419577650837,2.6115416512757901e-05,2.3460346631804632e-12,3.3904065089195701e-07,144516.47122397061,0.26063701564611058,-5.7513897380105211e-13
1584,1.1870696312539951e-11,5.8650866579511592e-15,ELECTRODE_ATTACHMENT,CONFIRMED,6.6396909576096644e-05,41710400.162412636,15.840766864937155,5105986938181313,2.6138797956505413e-05,2.3460346778000554e-12,3.3873737528149698e-07,144387.19874300444,0.26082950270863853,-5.7529041370514106e-13
1585,1.1876561399234452e-11,5.8650866945001389e-15,ELECTRODE_ATTACHMENT,CONFIRMED,6.639958598887331e-05,41710399.972840175,15.840766792941366,5110552464825541,2.6162170012154607e-05,2.346034692427303e-12,3.3843476319764218e-07,144258.2090921613,0.26102189609735538,-5.7544137353039541e-13
1586,1.1882426485965519e-11,5.8650867310682579e-15,ELECTRODE_ATTACHMENT,CONFIRMED,6.6402259230330295e-05,41710399.783168562,15.840766720907922,5115116150069284,2.6185532641238249e-05,2.3460347070622012e-12,3.3813281303493498e-07,144129.50158710929,0.26121419553009395,-5.7559185307068036e-13
1587,1.1888291572733175e-11,5.8650867676555028e-15,ELECTRODE_ATTACHMENT,CONFIRMED,6.6404929306110915e-05,41710399.593398012,15.840766648836903,5119677986403029,2.6208885805313306e-05,2.3460347217047343e-12,3.378315231929851e-07,144001.07554567713,0.26140640072493443,-5.7574185212133486e-13
1588,1.1894156659537437e-11,5.8650868042618358e-15,ELECTRODE_ATTACHMENT,CONFIRMED,6.6407596221845484e-05,41710399.403528683,15.84076657672837,5124237966322010,2.6232229465961039e-05,2.3460347363548878e-12,3.3753089207645127e-07,143872.93028784572,0.26159851140020263,-5.7589137047917065e-13
1589,1.1900021746378324e-11,5.8650868408872206e-15,ELECTRODE_ATTACHMENT,CONFIRMED,6.6410259983151241e-05,41710399.2135607,15.840766504582369,5128796082326231,2.6255563584787137e-05,2.3460347510126542e-12,3.3723091809502228e-07,143745.06513573945,0.26179052727446978,-5.760404079424732e-13
1590,1.1905886833255856e-11,5.8650868775316359e-15,ELECTRODE_ATTACHMENT,CONFIRMED,6.6412920595632563e-05,41710399.023494206,15.840766432398958,5133352326920493,2.6278888123421822e-05,2.3460347656780224e-12,3.3693159966339855e-07,143617.47941361929,0.26198244806655585,-5.7618896431100593e-13
1591,1.191175192017005e-11,5.8650869141950572e-15,ELECTRODE_ATTACHMENT,CONFIRMED,6.6415578064880774e-05,41710398.833329432,15.84076636017822,5137906692614416,2.6302203043520006e-05,2.3460347803509738e-12,3.3663293520127321e-07,143490.17244787476,0.26217427349553057,-5.7633703938601143e-13
1592,1.1917617007120928e-11,5.8650869508774348e-15,ELECTRODE_ATTACHMENT,CONFIRMED,6.6418232396474338e-05,41710398.643066384,15.840766287920161,5142459171922467,2.6325508306761407e-05,2.3460347950315083e-12,3.3633492313331336e-07,143363.14356701443,0.26236600328071014,-5.7648463297021016e-13
1593,1.1923482094108507e-11,5.8650869875787711e-15,ELECTRODE_ATTACHMENT,CONFIRMED,6.6420883595978887e-05,41710398.452705413,15.840766215624912,5147009757363980,2.6348803874850667e-05,2.3460348097195978e-12,3.3603756188914221e-07,143236.3921016611,0.26255763714166602,-5.7663174486780761e-13
1594,1.1929347181132806e-11,5.8650870242989951e-15,ELECTRODE_ATTACHMENT,CONFIRMED,6.642353166894712e-05,41710398.262246534,15.840766143292479,5151558441463185,2.6372089709517481e-05,2.3460348244152421e-12,3.3574084990332006e-07,143109.9173845404,0.26274917479821652,-5.7677837488449104e-13
1595,1.1935212268193844e-11,5.8650870610381068e-15,ELECTRODE_ATTACHMENT,CONFIRMED,6.6426176620918985e-05,41710398.071689948,15.840766070922939,5156105216749230,2.6395365772516717e-05,2.3460348391184259e-12,3.3544478561532665e-07,142983.71875047576,0.26294061597043489,-5.7692452282743377e-13
1596,1.194107735529164e-11,5.8650870977960667e-15,ELECTRODE_ATTACHMENT,CONFIRMED,6.6428818457421623e-05,41710397.881035775,15.840765998516339,5160650075756206,2.6418632025628563e-05,2.3460348538291392e-12,3.3514936746954209e-07,142857.79553637904,0.26313196037864628,-5.7707018850529515e-13
1597,1.1946942442426214e-11,5.8650871345728489e-15,ELECTRODE_ATTACHMENT,CONFIRMED,6.6431457183969449e-05,41710397.690284193,15.840765926072743,5165193011023170,2.6441888430658617e-05,2.3460348685473699e-12,3.3485459391522968e-07,142732.14708124381,0.26332320774343121,-5.7721537172822622e-13
1598,1.1952807529597582e-11,5.8650871713684249e-15,ELECTRODE_ATTACHMENT,CONFIRMED,6.6434092806064138e-05,41710397.49943535,15.840765853592211,5169734015094173,2.6465134949438039e-05,2.3460348832731045e-12,3.3456046340651704e-07,142606.77272613705,0.26351435778562443,-5.7736007230786579e-13
1599,1.1958672616805765e-11,5.8650872081827616e-15,ELECTRODE_ATTACHMENT,CONFIRMED,6.6436725329194654e-05,41710397.308489524,15.840765781074845,5174273080518281,2.6488371543823673e-05,2.3460348980063221e-12,3.3426697440237858e-07,142481.67181419217,0.26370541022631888,-5.7750429005734818e-13
1600,1.1964537704050782e-11,5.8650872450158053e-15,ELECTRODE_ATTACHMENT,CONFIRMED,6.643935475883737e-05,41710397.117446616,15.84076570852061,5178810199849602,2.6511598175698177e-05,2.3460349127470312e-12,3.3397412536661709e-07,142356.84369059897,0.26389636478685918,-5.7764802479129738e-13
1601,1.197040279133265e-11,5.865087281867579e-15,ELECTRODE_ATTACHMENT,CONFIRMED,6.6441981100455986e-05,41710396.926307008,15.840765635929651,5183345365647310,2.6534814806970143e-05,2.3460349274952003e-12,3.3368191476784645e-07,142232.28770260033,0.2640872211888543,-5.7779127632583818e-13
1602,1.1976267878651387e-11,5.8650873187380013e-15,ELECTRODE_ATTACHMENT,CONFIRMED,6.6444604359501628e-05,41710396.735070735,15.84076556330198,5187878570475667,2.6558021399574165e-05,2.3460349422508305e-12,3.3339034107947399e-07,142108.00319948047,0.26427797915416651,-5.7793404447858876e-13
1603,1.1982132966007015e-11,5.8650873556270771e-15,ELECTRODE_ATTACHMENT,CONFIRMED,6.6447224541412884e-05,41710396.543738015,15.840765490637681,5192409806904052,2.6581217915471111e-05,2.3460349570139014e-12,3.3309940277968164e-07,141983.98953255999,0.26446863840492174,-5.780763290686704e-13
1604,1.1987998053399549e-11,5.8650873925347534e-15,ELECTRODE_ATTACHMENT,CONFIRMED,6.6449841651615752e-05,41710396.352308951,15.840765417936792,5196939067506981,2.6604404316648088e-05,2.3460349717844059e-12,3.3280909835140965e-07,141860.24605518705,0.26465919866350363,-5.7821812991670195e-13
1605,1.1993863140829011e-11,5.865087429461016e-15,ELECTRODE_ATTACHMENT,CONFIRMED,6.6452455695523762e-05,41710396.160783738,15.840765345199387,5201466344864135,2.6627580565118659e-05,2.3460349865623301e-12,3.3251942628233842e-07,141736.77212273065,0.26484965965255886,-5.7835944684480766e-13
1606,1.1999728228295416e-11,5.8650874664058255e-15,ELECTRODE_ATTACHMENT,CONFIRMED,6.6455066678537989e-05,41710395.969162576,15.840765272425543,5205991631560382,2.6650746622922935e-05,2.3460350013476573e-12,3.3223038506487115e-07,141613.56709257304,0.26504002109499686,-5.78500279676615e-13
1607,1.2005593315798784e-11,5.8650875033691441e-15,ELECTRODE_ATTACHMENT,CONFIRMED,6.6457674606047094e-05,41710395.777445495,15.840765199615271,5210514920185804,2.667390245212775e-05,2.3460350161403862e-12,3.3194197319611592e-07,141490.63032410108,0.26523028271398785,-5.7864062823725706e-13
1608,1.2011458403339135e-11,5.8650875403509663e-15,ELECTRODE_ATTACHMENT,CONFIRMED,6.646027948342723e-05,41710395.585632749,15.840765126768668,5215036203335720,2.6697048014826705e-05,2.346035030940496e-12,3.3165418917786949e-07,141367.96117870137,0.26542044423296918,-5.7878049235337618e-13
1609,1.2017323490916486e-11,5.8650875773512406e-15,ELECTRODE_ATTACHMENT,CONFIRMED,6.6462881316042282e-05,41710395.393724486,15.840765053885788,5219555473610709,2.6720183273140345e-05,2.3460350457479774e-12,3.3136703151659911e-07,141245.55901975054,0.26561050537564179,-5.7891987185312369e-13
1610,1.2023188578530857e-11,5.8650876143699436e-15,ELECTRODE_ATTACHMENT,CONFIRMED,6.6465480109243778e-05,41710395.201720834,15.840764980966682,5224072723616638,2.6743308189216299e-05,2.3460350605628173e-12,3.3108049872342546e-07,141123.42321260908,0.26580046586597306,-5.7905876656616226e-13
1611,1.2029053666182264e-11,5.8650876514070443e-15,ELECTRODE_ATTACHMENT,CONFIRMED,6.6468075868370832e-05,41710395.009621948,15.840764908011408,5228587945964684,2.6766422725229361e-05,2.3460350753850073e-12,3.3079458931410601e-07,141001.55312461362,0.26599032542819662,-5.7919717632366728e-13
1612,1.2034918753870727e-11,5.8650876884625192e-15,ELECTRODE_ATTACHMENT,CONFIRMED,6.6470668598750412e-05,41710394.817428052,15.840764835020051,5233101133271360,2.6789526843381645e-05,2.3460350902145272e-12,3.3050930180901754e-07,140879.94812507043,0.2661800837868159,-5.7933510095833037e-13
1613,1.2040783841596263e-11,5.8650877255363186e-15,ELECTRODE_ATTACHMENT,CONFIRMED,6.6473258305697116e-05,41710394.625139214,15.840764761992638,5237612278158538,2.6812620505902696e-05,2.3460351050513739e-12,3.3022463473313939e-07,140758.6075852467,0.26636974066660019,-5.7947254030435736e-13
1614,1.2046648929358891e-11,5.8650877626284345e-15,ELECTRODE_ATTACHMENT,CONFIRMED,6.6475844994513383e-05,41710394.432755582,15.840764688929223,5242121373253474,2.6835703675049649e-05,2.3460351198955334e-12,3.2994058661603622e-07,140637.53087836475,0.26655929579259025,-5.7960949419747371e-13
1615,1.2052514017158629e-11,5.8650877997388346e-15,ELECTRODE_ATTACHMENT,CONFIRMED,6.6478428670489455e-05,41710394.240277424,15.84076461582991,5246628411188833,2.685877631310729e-05,2.3460351347469882e-12,3.2965715599184197e-07,140516.71737959472,0.26674874889009814,-5.79745962474925e-13
1616,1.2058379104995497e-11,5.86508783686747e-15,ELECTRODE_ATTACHMENT,CONFIRMED,6.6481009338903405e-05,41710394.047704801,15.840764542694719,5251133384602714,2.6881838382388235e-05,2.3460351496057317e-12,3.2937434139924243e-07,140396.16646604642,0.26693809968470528,-5.7988194497547743e-13
1617,1.2064244192869512e-11,5.8650878740143297e-15,ELECTRODE_ATTACHMENT,CONFIRMED,6.6483587005021123e-05,41710393.855037957,15.840764469523748,5255636286138673,2.6904889845233047e-05,2.3460351644717441e-12,3.2909214138145851e-07,140275.87751676352,0.26712734790226805,-5.8001744153942174e-13
1618,1.2070109280780691e-11,5.8650879111793601e-15,ELECTRODE_ATTACHMENT,CONFIRMED,6.648616167409646e-05,41710393.662276916,15.840764396317001,5260137108445750,2.6927930664010363e-05,2.3460351793450259e-12,3.2881055448622993e-07,140155.84991271459,0.26731649326891249,-5.8015245200857164e-13
1619,1.2075974368729054e-11,5.865087948362565e-15,ELECTRODE_ATTACHMENT,CONFIRMED,6.6488733351371184e-05,41710393.469421938,15.840764323074577,5264635844178490,2.6950960801116965e-05,2.3460351942255568e-12,3.285295792657991e-07,140036.08303678883,0.26750553551104228,-5.8028697622626922e-13
1620,1.2081839456714618e-11,5.8650879855638924e-15,ELECTRODE_ATTACHMENT,CONFIRMED,6.6491302042075024e-05,41710393.276473165,15.840764249796534,5269132485996970,2.6973980218978022e-05,2.3460352091133239e-12,3.2824921427689338e-07,139916.57627378663,0.26769447435533533,-5.8042101403738519e-13
1621,1.2087704544737401e-11,5.8650880227833107e-15,ELECTRODE_ATTACHMENT,CONFIRMED,6.6493867751425621e-05,41710393.083430775,15.840764176482937,5273627026566823,2.6996988880047089e-05,2.3460352240083147e-12,3.279694580807101e-07,139797.32901041376,0.26788330952874523,-5.8055456528831992e-13
1622,1.2093569632797422e-11,5.8650880600207876e-15,ELECTRODE_ATTACHMENT,CONFIRMED,6.6496430484628733e-05,41710392.89029488,15.840764103133827,5278119458559263,2.7019986746806311e-05,2.3460352389105203e-12,3.276903092428993e-07,139678.34063527366,0.26807204075850188,-5.8068762982700486e-13
1623,1.2099434720894698e-11,5.8650880972763019e-15,ELECTRODE_ATTACHMENT,CONFIRMED,6.6498990246878094e-05,41710392.697065689,15.840764029749286,5282609774651109,2.7042973781766512e-05,2.346035253819925e-12,3.2741176633354796e-07,139559.61053886157,0.26826066777211427,-5.8082020750290576e-13
1624,1.2105299809029247e-11,5.8650881345498124e-15,ELECTRODE_ATTACHMENT,CONFIRMED,6.650154704335558e-05,41710392.503743291,15.840763956329347,5287097967524809,2.706594994746737e-05,2.3460352687365218e-12,3.2713382792716312e-07,139441.13811355614,0.26844919029736863,-5.8095229816702297e-13
1625,1.2111164897201088e-11,5.865088171841305e-15,ELECTRODE_ATTACHMENT,CONFIRMED,6.6504100879231074e-05,41710392.310327902,15.840763882874093,5291584029868465,2.7088915206477463e-05,2.3460352836602939e-12,3.2685649260265688e-07,139322.92275361437,0.26863760806233256,-5.810839016718946e-13
1626,1.2117029985410239e-11,5.8650882091507348e-15,ELECTRODE_ATTACHMENT,CONFIRMED,6.6506651759662682e-05,41710392.11681959,15.840763809383548,5296067954375858,2.7111869521394467e-05,2.346035298591236e-12,3.2657975894332924e-07,139204.96385516287,0.26882592079535206,-5.8121501787159606e-13
1627,1.2122895073656718e-11,5.8650882464780906e-15,ELECTRODE_ATTACHMENT,CONFIRMED,6.6509199689796636e-05,41710391.923218697,15.840763735857841,5300549733746472,2.7134812854845253e-05,2.3460353135293213e-12,3.2630362553685263e-07,139087.26081619333,0.26901412822505882,-5.8134564662174617e-13
1628,1.2128760161940541e-11,5.8650882838233038e-15,ELECTRODE_ATTACHMENT,CONFIRMED,6.651174467476734e-05,41710391.729525194,15.840763662296963,5305029360685518,2.7157745169485982e-05,2.3460353284745533e-12,3.2602809097525618e-07,138969.81303655272,0.26920223008036087,-5.8147578777950047e-13
1629,1.2134625250261727e-11,5.865088321186384e-15,ELECTRODE_ATTACHMENT,CONFIRMED,6.6514286719697457e-05,41710391.535739332,15.840763588701011,5309506827903960,2.7180666428002319e-05,2.3460353434269116e-12,3.2575315385490905e-07,138852.61991793927,0.26939022609045438,-5.8160544120356263e-13
1630,1.2140490338620295e-11,5.8650883585672798e-15,ELECTRODE_ATTACHMENT,CONFIRMED,6.6516825829697891e-05,41710391.341861241,15.84076351507003,5313982128118538,2.720357659310944e-05,2.3460353583863857e-12,3.2547881277650571e-07,138735.68086389438,0.26957811598481762,-5.8173460675418034e-13
1631,1.2146355427016261e-11,5.8650883959659652e-15,ELECTRODE_ATTACHMENT,CONFIRMED,6.6519362009867807e-05,41710391.147891141,15.840763441404107,5318455254051794,2.7226475627552259e-05,2.3460353733529599e-12,3.2520506634504933e-07,138618.99527979639,0.269765899493215,-5.8186328429314828e-13
1632,1.2152220515449644e-11,5.8650884333824e-15,ELECTRODE_ATTACHMENT,CONFIRMED,6.6521895265294701e-05,41710390.953829147,15.840763367703286,5322926198432095,2.7249363494105485e-05,2.3460353883266254e-12,3.2493191316983666e-07,138502.56257285332,0.26995357634569572,-5.819914736838094e-13
1633,1.215808560392046e-11,5.8650884708165636e-15,ELECTRODE_ATTACHMENT,CONFIRMED,6.652442560105436e-05,41710390.759675391,15.840763293967612,5327394953993658,2.7272240155573812e-05,2.3460354033073707e-12,3.2465935186444193e-07,138386.38215209663,0.27014114627259611,-5.82119174791057e-13
1634,1.2163950692428728e-11,5.8650885082684269e-15,ELECTRODE_ATTACHMENT,CONFIRMED,6.6526953022211027e-05,41710390.56543006,15.840763220197163,5331861513476575,2.7295105574791977e-05,2.3460354182951811e-12,3.2438738104670183e-07,138270.45342837489,0.27032860900454136,-5.8224638748133755e-13
1635,1.2169815780974467e-11,5.8650885457379528e-15,ELECTRODE_ATTACHMENT,CONFIRMED,6.6529477533817203e-05,41710390.371093258,15.840763146391973,5336325869626838,2.7317959714624926e-05,2.3460354332900503e-12,3.2411599933869979e-07,138154.77581434636,0.27051596427244334,-5.823731116226492e-13
1636,1.2175680869557692e-11,5.8650885832251271e-15,ELECTRODE_ATTACHMENT,CONFIRMED,6.6531999140913956e-05,41710390.176665306,15.840763072552168,5340788015196362,2.7340802537967931e-05,2.346035448291953e-12,3.238452053667506e-07,138039.348724474,0.27070321180750767,-5.8249934708455015e-13
1637,1.2181545958178421e-11,5.8650886207298828e-15,ELECTRODE_ATTACHMENT,CONFIRMED,6.6534517848530709e-05,41710389.982146166,15.840762998677731,5345247942943011,2.7363634007746719e-05,2.3460354633008911e-12,3.2357499776138489e-07,137924.17157501625,0.2708903513412248,-5.8262509373814927e-13
1638,1.2187411046836674e-11,5.8650886582522284e-15,ELECTRODE_ATTACHMENT,CONFIRMED,6.6537033661685408e-05,41710389.787536129,15.840762924768772,5349705645630620,2.7386454086917575e-05,2.3460354783168442e-12,3.2330537515733442e-07,137809.24378402362,0.27107738260538089,-5.8275035145611931e-13
1639,1.2193276135532467e-11,5.8650886957921121e-15,ELECTRODE_ATTACHMENT,CONFIRMED,6.6539546585384464e-05,41710389.592835307,15.840762850825335,5354161116029024,2.7409262738467513e-05,2.3460354933398024e-12,3.2303633619351591e-07,137694.56477132972,0.27126430533205304,-5.8287512011269145e-13
1640,1.2199141224265816e-11,5.8650887333495068e-15,ELECTRODE_ATTACHMENT,CONFIRMED,6.6542056624622879e-05,41710389.398043886,15.840762776847491,5358614346914078,2.7432059925414353e-05,2.3460355083697505e-12,3.2276787951301695e-07,137580.13395854647,0.27145111925361176,-5.8299939958365976e-13
1641,1.220500631303674e-11,5.8650887709243772e-15,ELECTRODE_ATTACHMENT,CONFIRMED,6.6544563784384187e-05,41710389.203161955,15.840762702835272,5363065331067684,2.74548456108069e-05,2.3460355234066819e-12,3.225000037630798e-07,137465.95076905613,0.27163782410272086,-5.8312318974638078e-13
1642,1.2210871401845257e-11,5.8650888085167051e-15,ELECTRODE_ATTACHMENT,CONFIRMED,6.6547068069640526e-05,41710389.00818973,15.840762628788763,5367514061277815,2.7477619757724986e-05,2.346035538450581e-12,3.2223270759508773e-07,137352.01462800667,0.27182441961234027,-5.8324649047977816e-13
1643,1.2216736490691383e-11,5.8650888461264534e-15,ELECTRODE_ATTACHMENT,CONFIRMED,6.6549569485352622e-05,41710388.813127413,15.840762554708038,5371960530338539,2.7500382329279673e-05,2.3460355535014323e-12,3.2196598966454883e-07,137238.32496230424,0.27201090551572621,-5.8336930166434279e-13
1644,1.2222601579575137e-11,5.8650888837535811e-15,ELECTRODE_ATTACHMENT,CONFIRMED,6.6552068036469886e-05,41710388.617975131,15.840762480593146,5376404731050044,2.7523133288613366e-05,2.3460355685592246e-12,3.2169984863108153e-07,137124.88120060673,0.27219728154643097,-5.8349162318213368e-13
1645,1.2228466668496535e-11,5.8650889213980621e-15,ELECTRODE_ATTACHMENT,CONFIRMED,6.6554563727930384e-05,41710388.422732964,15.840762406444117,5380846656218663,2.7545872598899914e-05,2.3460355836239527e-12,3.2143428315839978e-07,137011.6827733175,0.2723835474383029,-5.8361345491677898e-13
1646,1.2234331757455594e-11,5.8650889590598823e-15,ELECTRODE_ATTACHMENT,CONFIRMED,6.6557056564660921e-05,41710388.22740119,15.840762332261058,5385286298656897,2.7568600223344728e-05,2.3460355986955962e-12,3.2116929191429862e-07,136898.72911258033,0.2725697029254931,-5.8373479675348262e-13
1647,1.2240196846452334e-11,5.8650889967389904e-15,ELECTRODE_ATTACHMENT,CONFIRMED,6.6559546551576984e-05,41710388.031979896,15.840762258044,5389723651183442,2.7591316125184966e-05,2.346035613774146e-12,3.2090487357063849e-07,136786.01965227121,0.27275574774244848,-5.8385564857901903e-13
1648,1.224606193548677e-11,5.8650890344353667e-15,ELECTRODE_ATTACHMENT,CONFIRMED,6.656203369358284e-05,41710387.83646933,15.840762183793039,5394158706623210,2.7614020267689576e-05,2.3460356288595842e-12,3.2064102680333177e-07,136673.55382799383,0.27294168162391946,-5.8397601028174093e-13
1649,1.2251927024558919e-11,5.8650890721489614e-15,ELECTRODE_ATTACHMENT,CONFIRMED,6.6564517995571561e-05,41710387.640869558,15.8407621095082,5398591457807357,2.7636712614159486e-05,2.3460356439519061e-12,3.2037775029232733e-07,136561.33107707169,0.27312750430495469,-5.8409588175157543e-13
1650,1.2257792113668798e-11,5.8650891098797652e-15,ELECTRODE_ATTACHMENT,CONFIRMED,6.6566999462424999e-05,41710387.445180744,15.840762035189544,5403021897573306,2.7659393127927693e-05,2.3460356590510986e-12,3.2011504272159631e-07,136449.35083854321,0.27331321552090682,-5.8421526288003083e-13
1651,1.2263657202816425e-11,5.8650891476277471e-15,ELECTRODE_ATTACHMENT,CONFIRMED,6.6569478099013876e-05,41710387.249403097,15.840761960837151,5407450018764770,2.7682061772359418e-05,2.3460356741571453e-12,3.1985290277911746e-07,136337.61255315534,0.27349881500743201,-5.8433415356019441e-13
1652,1.2269522292001818e-11,5.8650891853928631e-15,ELECTRODE_ATTACHMENT,CONFIRMED,6.6571953910197763e-05,41710387.053536758,15.840761886451075,5411875814231780,2.7704718510852199e-05,2.3460356892700355e-12,3.1959132915686301e-07,136226.11566335688,0.27368430250048981,-5.8445255368673738e-13
1653,1.2275387381224994e-11,5.8650892231750904e-15,ELECTRODE_ATTACHMENT,CONFIRMED,6.6574426900825132e-05,41710386.857581913,15.840761812031385,5416299276830706,2.7727363306836049e-05,2.3460357043897549e-12,3.1933032055078395e-07,136114.85961329279,0.2738696777363453,-5.845704631559135e-13
1654,1.2281252470485967e-11,5.8650892609743877e-15,ELECTRODE_ATTACHMENT,CONFIRMED,6.657689707573338e-05,41710386.661538705,15.840761737578138,5420720399424284,2.7749996123773539e-05,2.3460357195162921e-12,3.1906987566079622e-07,136003.84384879799,0.27405494045156881,-5.8468788186556182e-13
1655,1.2287117559784759e-11,5.86508929879073e-15,ELECTRODE_ATTACHMENT,CONFIRMED,6.6579364439748833e-05,41710386.465407297,15.840761663091394,5425139174881640,2.7772616925159983e-05,2.3460357346496357e-12,3.188099931907658e-07,135893.06781739107,0.27424009038303743,-5.8480480971510961e-13
1656,1.2292982649121382e-11,5.8650893366240904e-15,ELECTRODE_ATTACHMENT,CONFIRMED,6.6581828997686895e-05,41710386.269187845,15.840761588571212,5429555596078312,2.7795225674523503e-05,2.3460357497897733e-12,3.1855067184849503e-07,135782.53096826855,0.27442512726793639,-5.8492124660557278e-13
1657,1.2298847738495857e-11,5.8650893744744342e-15,ELECTRODE_ATTACHMENT,CONFIRMED,6.6584290754351827e-05,41710386.072880469,15.840761514017638,5433969655896279,2.781782233542521e-05,2.3460357649366935e-12,3.1829191034570821e-07,135672.2327522987,0.27461005084375895,-5.8503719243955648e-13
1658,1.2304712827908199e-11,5.8650894123417337e-15,ELECTRODE_ATTACHMENT,CONFIRMED,6.6586749714536996e-05,41710385.876485452,15.84076143943078,5438381347223981,2.7840406871459258e-05,2.3460357800903782e-12,3.1803370739803804e-07,135562.17262201611,0.27479486084830895,-5.851526471212596e-13
1659,1.2310577917358424e-11,5.8650894502259457e-15,ELECTRODE_ATTACHMENT,CONFIRMED,6.6589205883024857e-05,41710385.680002853,15.84076136481066,5442790662956347,2.786297924625304e-05,2.34603579525082e-12,3.1777606172501079e-07,135452.35003161433,0.27497955701969928,-5.8526761055647516e-13
1660,1.2316443006846551e-11,5.865089488127051e-15,ELECTRODE_ATTACHMENT,CONFIRMED,6.6591659264586864e-05,41710385.483432829,15.84076129015734,5447197595994818,2.7885539423467311e-05,2.3460358104180074e-12,3.1751897205003263e-07,135342.76443694113,0.2751641390963544,-5.853820826525889e-13
1661,1.2322308096372595e-11,5.8650895260450183e-15,ELECTRODE_ATTACHMENT,CONFIRMED,6.6594109863983667e-05,41710385.286775604,15.8407612154709,5451602139247371,2.7908087366796253e-05,2.3460358255919228e-12,3.1726243710037623e-07,135233.41529549254,0.27534860681701212,-5.8549606331858764e-13
1662,1.2328173185936576e-11,5.8650895639798073e-15,ELECTRODE_ATTACHMENT,CONFIRMED,6.6596557685964992e-05,41710385.090031274,15.840761140751381,5456004285628544,2.7930623039967612e-05,2.3460358407725612e-12,3.1700645560716673e-07,135124.30206640618,0.27553295992072097,-5.8560955246505296e-13
1663,1.2334038275538508e-11,5.865089601931403e-15,ELECTRODE_ATTACHMENT,CONFIRMED,6.6599002735269792e-05,41710384.893200077,15.840761065998871,5460404028059461,2.7953146406742905e-05,2.3460358559599013e-12,3.1675102630536712e-07,135015.42421045635,0.27571719814684637,-5.8572255000417014e-13
1664,1.2339903365178407e-11,5.865089639899754e-15,ELECTRODE_ATTACHMENT,CONFIRMED,6.6601445016626137e-05,41710384.696282141,15.840760991213418,5464801359467856,2.7975657430917468e-05,2.3460358711539341e-12,3.1649614793376548e-07,134906.78119004716,0.27590132123506655,-5.8583505584972519e-13
1665,1.2345768454856293e-11,5.8650896778848352e-15,ELECTRODE_ATTACHMENT,CONFIRMED,6.6603884534751365e-05,41710384.499277614,15.840760916395082,5469196272788097,2.7998156076320574e-05,2.3460358863546481e-12,3.1624181923496118e-07,134798.37246920748,0.27608532892537602,-5.8594706991710768e-13
1666,1.2351633544572179e-11,5.8650897158866206e-15,ELECTRODE_ATTACHMENT,CONFIRMED,6.6606321294352051e-05,41710384.302186698,15.840760841543936,5473588760961212,2.8020642306815607e-05,2.3460359015620288e-12,3.1598803895535082e-07,134690.19751358486,0.27626922095808637,-5.860585921233126e-13
1667,1.2357498634326084e-11,5.865089753905073e-15,ELECTRODE_ATTACHMENT,CONFIRMED,6.660875530012405e-05,41710384.105009489,15.840760766660019,5477978816934913,2.8043116086300189e-05,2.3460359167760674e-12,3.1573480584511462e-07,134582.25579043938,0.27645299707382548,-5.8616962238694139e-13
1668,1.2363363724118024e-11,5.8650897919401687e-15,ELECTRODE_ATTACHMENT,CONFIRMED,6.6611186556752485e-05,41710383.907746188,15.840760691743403,5482366433663618,2.8065577378706237e-05,2.3460359319967493e-12,3.1548211865820376e-07,134474.54676863871,0.27663665701354107,-5.8628016062820588e-13
1669,1.2369228813948016e-11,5.8650898299918732e-15,ELECTRODE_ATTACHMENT,CONFIRMED,6.6613615068911785e-05,41710383.71039696,15.840760616794157,5486751604108479,2.8088026148000153e-05,2.3460359472240607e-12,3.1522997615232613e-07,134367.06991865192,0.27682020051849987,-5.863902067689272e-13
1670,1.2375093903816075e-11,5.8650898680601524e-15,ELECTRODE_ATTACHMENT,CONFIRMED,6.6616040841265781e-05,41710383.512961939,15.840760541812326,5491134321237406,2.8110462358182936e-05,2.3460359624579932e-12,3.1497837708893297e-07,134259.82471254331,0.27700362733028816,-5.8649976073253792e-13
1671,1.2380958993722221e-11,5.8650899061449835e-15,ELECTRODE_ATTACHMENT,CONFIRMED,6.6618463878467653e-05,41710383.315441415,15.840760466798024,5495514578025088,2.8132885973290298e-05,2.3460359776985229e-12,3.1472732023320583e-07,134152.81062396811,0.27718693719081605,-5.8660882244408642e-13
1672,1.2386824083666466e-11,5.8650899442463089e-15,ELECTRODE_ATTACHMENT,CONFIRMED,6.6620884185159966e-05,41710383.117835395,15.840760391751251,5499892367453022,2.8155296957392786e-05,2.3460359929456499e-12,3.1447680435404325e-07,134046.02712816463,0.27737012984231096,-5.867173918302327e-13
1673,1.239268917364883e-11,5.8650899823641262e-15,ELECTRODE_ATTACHMENT,CONFIRMED,6.6623301765974746e-05,41710382.920144103,15.840760316672094,5504267682509535,2.8177695274595931e-05,2.3460360081993552e-12,3.1422682822404716e-07,133939.4737019508,0.27755320502732728,-5.8682546881925653e-13
1674,1.2398554263669329e-11,5.8650900204983889e-15,ELECTRODE_ATTACHMENT,CONFIRMED,6.662571662553343e-05,41710382.722367696,15.840760241560613,5508640516189809,2.8200080889040337e-05,2.3460360234596286e-12,3.1397739061951012e-07,133833.14982371716,0.27773616248874128,-5.8693305334105514e-13
1675,1.2404419353727978e-11,5.8650900586490718e-15,ELECTRODE_ATTACHMENT,CONFIRMED,6.6628128768446955e-05,41710382.52450636,15.840760166416878,5513010861495906,2.8222453764901822e-05,2.3460360387264561e-12,3.1372849032040225e-07,133727.05497342211,0.27791900196975494,-5.8704014532714653e-13
1676,1.2410284443824793e-11,5.86509009681614e-15,ELECTRODE_ATTACHMENT,CONFIRMED,6.6630538199315752e-05,41710382.326560222,15.840760091240934,5517378711436791,2.8244813866391577e-05,2.3460360539998263e-12,3.1348012611035733e-07,133621.18863258549,0.27810172321389487,-5.8714674471066963e-13
1677,1.2416149533959793e-11,5.8650901349995669e-15,ELECTRODE_ATTACHMENT,CONFIRMED,6.6632944922729792e-05,41710382.1285294,15.840760016032831,5521744059028357,2.826716115775623e-05,2.346036069279732e-12,3.1323229677666089e-07,133515.55028428353,0.27828432596501407,-5.8725285142638641e-13
1678,1.2422014624132992e-11,5.8650901731993303e-15,ELECTRODE_ATTACHMENT,CONFIRMED,6.6635348943268582e-05,41710381.930414237,15.840759940792697,5526106897293452,2.8289495603278028e-05,2.3460360845661444e-12,3.1298500111023639e-07,133410.13941314424,0.2784668099672965,-5.8735846541068727e-13
1679,1.2427879714344407e-11,5.8650902114153616e-15,ELECTRODE_ATTACHMENT,CONFIRMED,6.6637750265501262e-05,41710381.732214719,15.840759865520527,5530467219261899,2.8311817167274911e-05,2.346036099859066e-12,3.1273823790563279e-07,133304.9555053394,0.27864917496524871,-5.8746358660158477e-13
1680,1.2433744804594056e-11,5.8650902496476655e-15,ELECTRODE_ATTACHMENT,CONFIRMED,6.6640148893986467e-05,41710381.533931121,15.840759790216424,5534825017970525,2.8334125814100674e-05,2.346036115158475e-12,3.1249200596101159e-07,133199.99804858191,0.27883142070371103,-5.8756821493872289e-13
1681,1.2439609894881951e-11,5.8650902878961884e-15,ELECTRODE_ATTACHMENT,CONFIRMED,6.6642544833272577e-05,41710381.335563518,15.840759714880418,5539180286463182,2.83564215081451e-05,2.3460361304643666e-12,3.1224630407813354e-07,133095.26653211797,0.27901354692785102,-5.8767235036337473e-13
1682,1.2445474985208112e-11,5.8650903261609169e-15,ELECTRODE_ATTACHMENT,CONFIRMED,6.6644938087897558e-05,41710381.137112126,15.840759639512591,5543533017790774,2.8378704213834044e-05,2.3460361457767229e-12,3.1200113106234651e-07,132990.76044672343,0.27919555338316887,-5.8777599281844353e-13
1683,1.2451340075572555e-11,5.8650903644418083e-15,ELECTRODE_ATTACHMENT,CONFIRMED,6.664732866238908e-05,41710380.938577086,15.840759564112997,5547883205011279,2.840097389562959e-05,2.3460361610955339e-12,3.1175648572257251e-07,132886.47928469733,0.27937743981549606,-5.878791422484686e-13
1684,1.2457205165975293e-11,5.8650904027388351e-15,ELECTRODE_ATTACHMENT,CONFIRMED,6.6649716561264512e-05,41710380.739958555,15.840759488681693,5552230841189775,2.8423230518030156e-05,2.3460361764207871e-12,3.1151236687129506e-07,132782.42253985684,0.27955920597099659,-5.8798179859962151e-13
1685,1.2463070256416345e-11,5.8650904410519696e-15,ELECTRODE_ATTACHMENT,CONFIRMED,6.6652101789030938e-05,41710380.541256793,15.84075941321878,5556575919398466,2.8445474045570647e-05,2.3460361917524634e-12,3.112687733245465e-07,132678.58970753223,0.27974085159617013,-5.8808396181971374e-13
1686,1.2468935346895726e-11,5.8650904793811591e-15,ELECTRODE_ATTACHMENT,CONFIRMED,6.6654484350185233e-05,41710380.342471823,15.840759337724267,5560918432716702,2.8467704442822563e-05,2.3460362070905597e-12,3.1102570390189535e-07,132574.98028456021,0.27992237643784701,-5.8818563185819004e-13
1687,1.2474800437413452e-11,5.8650905177264002e-15,ELECTRODE_ATTACHMENT,CONFIRMED,6.6656864249214044e-05,41710380.143603846,15.84075926219823,5565258374231009,2.8489921674394118e-05,2.3460362224350606e-12,3.1078315742643397e-07,132471.59376928018,0.28010378024319604,-5.8828680866613861e-13
1688,1.248066552796954e-11,5.8650905560876514e-15,ELECTRODE_ATTACHMENT,CONFIRMED,6.6659241490593784e-05,41710379.944653146,15.840759186640774,5569595737035108,2.8512125704930376e-05,2.3460362377859442e-12,3.1054113272476613e-07,132368.42966152867,0.28028506275972326,-5.883874921962893e-13
1689,1.2486530618564005e-11,5.8650905944648619e-15,ELECTRODE_ATTACHMENT,CONFIRMED,6.6661616078790716e-05,41710379.745619789,15.840759111051929,5573930514229944,2.853431649911335e-05,2.346036253143207e-12,3.1029962862699469e-07,132265.48746263274,0.28046622373526858,-5.8848768240301255e-13
1690,1.2492395709196863e-11,5.8650906328580177e-15,ELECTRODE_ATTACHMENT,CONFIRMED,6.6663988018260991e-05,41710379.546503894,15.840759035431736,5578262698923708,2.8556494021662214e-05,2.3460362685068372e-12,3.1005864396670839e-07,132162.76667540564,0.28064726291801168,-5.8858737924232443e-13
1691,1.2498260799868129e-11,5.8650906712670927e-15,ELECTRODE_ATTACHMENT,CONFIRMED,6.6666357313450598e-05,41710379.347305663,15.840758959780274,5582592284231862,2.8578658237333278e-05,2.3460362838768211e-12,3.0981817758097096e-07,132060.26680414207,0.28082818005647137,-5.8868658267188746e-13
1692,1.2504125890577821e-11,5.8650907096920538e-15,ELECTRODE_ATTACHMENT,CONFIRMED,6.6668723968795428e-05,41710379.148025364,15.840758884097646,5586919263277163,2.8600809110920266e-05,2.3460362992531377e-12,3.0957822831030764e-07,131957.98735461259,0.28100897489950794,-5.8878529265101348e-13
1693,1.2509990981325954e-11,5.865090748132845e-15,ELECTRODE_ATTACHMENT,CONFIRMED,6.6671087988721316e-05,41710378.948663048,15.840758808383868,5591243629189689,2.8622946607254348e-05,2.346036314635783e-12,3.0933879499869341e-07,131855.92783405725,0.28118964719631934,-5.8888350914066143e-13
1694,1.2515856072112542e-11,5.8650907865894576e-15,ELECTRODE_ATTACHMENT,CONFIRMED,6.6673449377644041e-05,41710378.749218896,15.84075873263901,5595565375106861,2.8645070691204292e-05,2.3460363300247424e-12,3.0909987649354112e-07,131754.08775118209,0.28137019669644681,-5.8898123210344237e-13
1695,1.2521721162937605e-11,5.8650908250618568e-15,ELECTRODE_ATTACHMENT,CONFIRMED,6.6675808139969367e-05,41710378.549693055,15.840758656863128,5599884494173471,2.8667181327676583e-05,2.3460363454200058e-12,3.0886147164568879e-07,131652.46661615296,0.28155062314977375,-5.8907846150361983e-13
1696,1.2527586253801155e-11,5.8650908635500159e-15,ELECTRODE_ATTACHMENT,CONFIRMED,6.6678164280093043e-05,41710378.350085743,15.840758581056306,5604200979541703,2.8689278481615602e-05,2.3460363608215539e-12,3.0862357930938766e-07,131551.063940591,0.28173092630652879,-5.8917519730711379e-13
1697,1.2533451344703208e-11,5.8650909020538852e-15,ELECTRODE_ATTACHMENT,CONFIRMED,6.6680517802400856e-05,41710378.150397159,15.840758505218618,5608514824371158,2.8711362118003619e-05,2.3460363762293749e-12,3.0838619834229088e-07,131449.8792375671,0.28191110591728308,-5.8927143948149782e-13
1698,1.2539316435643782e-11,5.8650909405734378e-15,ELECTRODE_ATTACHMENT,CONFIRMED,6.6682868711268647e-05,41710377.950627357,15.840758429350085,5612826021828881,2.8733432201861073e-05,2.3460363916434623e-12,3.0814932760544047e-07,131348.91202159633,0.28209116173295234,-5.8936718799600316e-13
1699,1.2545181526622891e-11,5.8650909791086572e-15,ELECTRODE_ATTACHMENT,CONFIRMED,6.668521701106228e-05,41710377.750776574,15.840758353450799,5617134565089382,2.8755488698246596e-05,2.346036407063798e-12,3.0791296596325616e-07,131248.16180863421,0.28227109350480045,-5.8946244282152196e-13
1700,1.255104661764055e-11,5.8650910176594953e-15,ELECTRODE_ATTACHMENT,CONFIRMED,6.6687562706137796e-05,41710377.550844997,15.840758277520827,5621440447334663,2.8777531572257165e-05,2.3460364224903683e-12,3.0767711228352317e-07,131147.62811607047,0.28245090098443781,-5.8955720393060643e-13
1701,1.2556911708696776e-11,5.8650910562259204e-15,ELECTRODE_ATTACHMENT,CONFIRMED,6.6689905800841273e-05,41710377.350832686,15.840758201560194,5625743661754242,2.8799560789028258e-05,2.3460364379231682e-12,3.0744176543738029e-07,131047.31046272389,0.28263058392382057,-5.8965147129747017e-13
1702,1.2562776799791583e-11,5.8650910948079209e-15,ELECTRODE_ATTACHMENT,CONFIRMED,6.6692246299509004e-05,41710377.150739878,15.840758125568991,5630044201545176,2.8821576313733929e-05,2.3460364533621789e-12,3.0720692429930843e-07,130947.20836883863,0.28281014207525668,-5.8974524489799256e-13
1703,1.2568641890924988e-11,5.8650911334054477e-15,ELECTRODE_ATTACHMENT,CONFIRMED,6.6694584206467418e-05,41710376.950566843,15.840758049547318,5634342059912087,2.8843578111586951e-05,2.3460364688073802e-12,3.0697258774711881e-07,130847.32135607846,0.28298957519140394,-5.8983852470971918e-13
1704,1.2574506982097006e-11,5.8650911720184511e-15,ELECTRODE_ATTACHMENT,CONFIRMED,6.6696919526033129e-05,41710376.750313506,15.840757973495148,5638637230067185,2.8865566147838966e-05,2.3460364842587784e-12,3.0673875466194083e-07,130747.64894752002,0.28316888302526561,-5.8993131071185962e-13
1705,1.2580372073307652e-11,5.8650912106469462e-15,ELECTRODE_ATTACHMENT,CONFIRMED,6.6699252262512941e-05,41710376.549980238,15.840757897412622,5642929705230295,2.8887540387780587e-05,2.3460364997163433e-12,3.0650542392821081e-07,130648.19066765161,0.28334806533020351,-5.9002360288529665e-13
1706,1.2586237164556944e-11,5.8650912492908588e-15,ELECTRODE_ATTACHMENT,CONFIRMED,6.6701582420203954e-05,41710376.34956716,15.840757821299787,5647219478628879,2.8909500796741513e-05,2.3460365151800668e-12,3.0627259443366058e-07,130548.94604236502,0.28352712185992729,-5.9011540121258072e-13
1707,1.2592102255844894e-11,5.8650912879501676e-15,ELECTRODE_ATTACHMENT,CONFIRMED,6.6703910003393523e-05,41710376.149074346,15.840757745156669,5651506543498061,2.8931447340090685e-05,2.3460365306499424e-12,3.0604026506930531e-07,130449.91459895144,0.28370605236850011,-5.9020670567793542e-13
1708,1.2597967347171519e-11,5.865091326624856e-15,ELECTRODE_ATTACHMENT,CONFIRMED,6.6706235016359233e-05,41710375.948502086,15.840757668983379,5655790893080651,2.8953379983236369e-05,2.3460365461259493e-12,3.0580843472943263e-07,130351.09586609782,0.2838848566103413,-5.9029751626725879e-13
1709,1.2603832438536834e-11,5.8650913653148736e-15,ELECTRODE_ATTACHMENT,CONFIRMED,6.6708557463369044e-05,41710375.74785047,15.840757592779951,5660072520627171,2.8975298691626333e-05,2.3460365616080792e-12,3.0557710231159074e-07,130252.48937388019,0.28406353434022336,-5.9038783296812273e-13
1710,1.2609697529940854e-11,5.8650914040201974e-15,ELECTRODE_ATTACHMENT,CONFIRMED,6.6710877348681203e-05,41710375.547119655,15.840757516546445,5664351419395878,2.8997203430747932e-05,2.3460365770963196e-12,3.0534626671657703e-07,130154.09465375979,0.28424208531327494,-5.9047765576977711e-13
1711,1.2615562621383595e-11,5.8650914427407992e-15,ELECTRODE_ATTACHMENT,CONFIRMED,6.6713194676544331e-05,41710375.3463099,15.840757440282959,5668627582652789,2.9019094166128231e-05,2.3460365925906513e-12,3.0511592684842718e-07,130055.91123857863,0.28442050928498314,-5.9056698466315113e-13
1712,1.2621427712865072e-11,5.865091481476629e-15,ELECTRODE_ATTACHMENT,CONFIRMED,6.6715509451197402e-05,41710375.145421281,15.840757363989521,5672901003671705,2.9040970863334181e-05,2.3460366080910688e-12,3.0488608161440286e-07,129957.93866255294,0.28459880601119025,-5.9065581964085266e-13
1713,1.2627292804385298e-11,5.8650915202276729e-15,ELECTRODE_ATTACHMENT,CONFIRMED,6.671782167686986e-05,41710374.944453947,15.840757287666191,5677171675734237,2.9062833487972675e-05,2.3460366235975593e-12,3.0465672992498155e-07,129860.17646127018,0.28477697524809797,-5.9074416069717222e-13
1714,1.2633157895944293e-11,5.8650915589938992e-15,ELECTRODE_ATTACHMENT,CONFIRMED,6.6720131357781489e-05,41710374.743408203,15.840757211313081,5681439592129827,2.908468200569071e-05,2.3460366391101002e-12,3.0442787069384459e-07,129762.624171684,0.28495501675226986,-5.9083200782808508e-13
1715,1.2639022987542068e-11,5.8650915977752518e-15,ELECTRODE_ATTACHMENT,CONFIRMED,6.6722438498142557e-05,41710374.542284064,15.840757134930199,5685704746155777,2.910651638217553e-05,2.3460366546286907e-12,3.0419950283786607e-07,129665.28133210774,0.28513293028062514,-5.9091936103124884e-13
1716,1.264488807917864e-11,5.8650916365717262e-15,ELECTRODE_ATTACHMENT,CONFIRMED,6.6724743102153819e-05,41710374.341081724,15.840757058517616,5689967131117269,2.9128336583154712e-05,2.346036670153315e-12,3.0397162527710181e-07,129568.1474822118,0.28531071559044729,-5.9100622030600959e-13
1717,1.2650753170854023e-11,5.8650916753832875e-15,ELECTRODE_ATTACHMENT,CONFIRMED,6.672704517400653e-05,41710374.13980142,15.840756982075426,5694226740327392,2.9150142574396303e-05,2.3460366856839549e-12,3.0374423693477837e-07,129471.22216301826,0.28548837243938247,-5.9109258565340192e-13
1718,1.2656618262568233e-11,5.8650917142098885e-15,ELECTRODE_ATTACHMENT,CONFIRMED,6.672934471788239e-05,41710373.938443258,15.840756905603666,5698483567107166,2.9171934321708952e-05,2.3460367012206028e-12,3.0351733673728165e-07,129374.50491689527,0.28566590058543762,-5.9117845707614939e-13
1719,1.2662483354321284e-11,5.865091753051507e-15,ELECTRODE_ATTACHMENT,CONFIRMED,6.6731641737953707e-05,41710373.737007543,15.840756829102453,5702737604785567,2.9193711790942054e-05,2.3460367167632352e-12,3.0329092361414603e-07,129277.99528755393,0.28584329978698692,-5.9126383457866933e-13
1720,1.2668348446113193e-11,5.8650917919080894e-15,ELECTRODE_ATTACHMENT,CONFIRMED,6.6733936238383328e-05,41710373.535494164,15.840756752571744,5706988846699549,2.9215474947985814e-05,2.3460367323118599e-12,3.030649964980436e-07,129181.69282004106,0.2860205698027623,-5.9134871816706634e-13
1721,1.2674213537943973e-11,5.8650918307796499e-15,ELECTRODE_ATTACHMENT,CONFIRMED,6.6736228223324712e-05,41710373.333903544,15.840756676011702,5711237286194071,2.9237223758771452e-05,2.3460367478664448e-12,3.0283955432477266e-07,129085.59706073825,0.28619771039187014,-5.9143310784914723e-13
1722,1.2680078629813638e-11,5.8650918696661127e-15,ELECTRODE_ATTACHMENT,CONFIRMED,6.6738517696921854e-05,41710373.132235691,15.840756599422328,5715482916622120,2.9258958189271258e-05,2.3460367634269893e-12,3.026145960332475e-07,128989.70755735351,0.28637472131377661,-5.9151700363440954e-13
1723,1.2685943721722205e-11,5.8650919085674724e-15,ELECTRODE_ATTACHMENT,CONFIRMED,6.6740804663309455e-05,41710372.930490904,15.840756522803737,5719725731344737,2.9280678205498764e-05,2.3460367789934698e-12,3.0239012056548704e-07,128894.02385891954,0.28655160232831978,-5.9160040553405302e-13
1724,1.2691808813669689e-11,5.8650919474836754e-15,ELECTRODE_ATTACHMENT,CONFIRMED,6.6743089126612823e-05,41710372.728669256,15.840756446155954,5723965723731038,2.9302383773508844e-05,2.3460367945658815e-12,3.0216612686660432e-07,128798.54551578683,0.2867283531957025,-5.9168331356097319e-13
1725,1.2697673905656103e-11,5.8650919864147042e-15,ELECTRODE_ATTACHMENT,CONFIRMED,6.6745371090947968e-05,41710372.52677092,15.840756369479047,5728202887158243,2.9324074859397851e-05,2.34603681014421e-12,3.0194261388479539e-07,128703.27207962057,0.28690497367649842,-5.9176572772976788e-13
1726,1.2703538997681464e-11,5.8650920253605257e-15,ELECTRODE_ATTACHMENT,CONFIRMED,6.6747650560421522e-05,41710372.324796118,15.840756292773099,5732437215011696,2.934575142930372e-05,2.3460368257284389e-12,3.0171958057132911e-07,128608.20310339583,0.28708146353165154,-5.9184764805673959e-13
1727,1.2709404089745785e-11,5.8650920643210973e-15,ELECTRODE_ATTACHMENT,CONFIRMED,6.6749927539130972e-05,41710372.122744985,15.840756216038164,5736668700684893,2.9367413449406146e-05,2.3460368413185571e-12,3.014970258805358e-07,128513.33814139236,0.28725782252247617,-5.9192907455989281e-13
1728,1.2715269181849082e-11,5.8650921032963938e-15,ELECTRODE_ATTACHMENT,CONFIRMED,6.6752202031164422e-05,41710371.9206177,15.840756139274307,5740897337579504,2.938906088592662e-05,2.3460368569145528e-12,3.0127494876979747e-07,128418.67674919077,0.287434050410658,-5.9201000725893873e-13
1729,1.2721134273991368e-11,5.865092142286382e-15,ELECTRODE_ATTACHMENT,CONFIRMED,6.6754474040600778e-05,41710371.718414381,15.840756062481573,5745123119105398,2.9410693705128651e-05,2.3460368725164138e-12,3.0105334819953611e-07,128324.21848366743,0.28761014695825565,-5.9209044617529579e-13
1730,1.272699936617266e-11,5.865092181291036e-15,ELECTRODE_ATTACHMENT,CONFIRMED,6.6756743571509753e-05,41710371.51613526,15.840755985660053,5749346038680668,2.9432311873317839e-05,2.3460368881241249e-12,3.0083222313320397e-07,128229.96290299056,0.28778611192770209,-5.9217039133209333e-13
1731,1.273286445839297e-11,5.865092220310313e-15,ELECTRODE_ATTACHMENT,CONFIRMED,6.6759010627951849e-05,41710371.313780464,15.840755908809792,5753566089731654,2.9453915356841977e-05,2.3460369037376752e-12,3.0061157253727297e-07,128135.90956661533,0.28796194508180345,-5.9224984275416838e-13
1732,1.2738729550652314e-11,5.8650922593441896e-15,ELECTRODE_ATTACHMENT,CONFIRMED,6.6761275213978377e-05,41710371.111350171,15.840755831930858,5757783265692970,2.9475504122091255e-05,2.3460369193570508e-12,3.0039139538122363e-07,128042.05803527941,0.28813764618374221,-5.9232880046807313e-13
1733,1.2744594642950706e-11,5.8650922983926277e-15,ELECTRODE_ATTACHMENT,CONFIRMED,6.6763537333631526e-05,41710370.90884459,15.840755755023331,5761997560007526,2.9497078135498287e-05,2.3460369349822353e-12,3.0017169063753535e-07,127948.40787099897,0.28831321499707702,-5.9240726450207246e-13
1734,1.2750459735288161e-11,5.8650923374555879e-15,ELECTRODE_ATTACHMENT,CONFIRMED,6.6765796990944353e-05,41710370.706263788,15.840755678087238,5766208966126553,2.9518637363538318e-05,2.3460369506132246e-12,2.9995245728167562e-07,127854.95863706316,0.28848865128574147,-5.9248523488614593e-13
1735,1.2756324827664695e-11,5.8650923765330616e-15,ELECTRODE_ATTACHMENT,CONFIRMED,6.6768054189940805e-05,41710370.503608085,15.840755601122698,5770417477509627,2.9540181772729303e-05,2.3460369662499932e-12,2.9973369429208952e-07,127761.70989803149,0.28866395481405144,-5.9256271165199296e-13
1736,1.276218992008032e-11,5.8650924156249841e-15,ELECTRODE_ATTACHMENT,CONFIRMED,6.6770308934635726e-05,41710370.300877497,15.840755524129719,5774623087624694,2.9561711329632055e-05,2.3460369818925405e-12,2.9951540065018981e-07,127668.6612197271,0.28883912534669637,-5.9263969483302884e-13
1737,1.2768055012535051e-11,5.8650924547313522e-15,ELECTRODE_ATTACHMENT,CONFIRMED,6.6772561229034929e-05,41710370.098072231,15.840755447108378,5778825789948094,2.9583226000850343e-05,2.3460369975408488e-12,2.9929757534034645e-07,127575.8121692346,0.28901416264874868,-5.9271618446439007e-13
1738,1.2773920105028904e-11,5.8650924938521233e-15,ELECTRODE_ATTACHMENT,CONFIRMED,6.6774811077135164e-05,41710369.895192571,15.840755370058783,5783025577964587,2.9604725753031023e-05,2.3460370131948986e-12,2.9908021734987638e-07,127483.16231489486,0.28918906648566223,-5.9279218058293699e-13
1739,1.277978519756189e-11,5.8650925329872478e-15,ELECTRODE_ATTACHMENT,CONFIRMED,6.6777058482924152e-05,41710369.692238502,15.840755292980932,5787222445167374,2.9626210552864204e-05,2.3460370288546898e-12,2.9886332566903311e-07,127390.71122629935,0.28936383662326803,-5.9286768322724959e-13
1740,1.2785650290134028e-11,5.8650925721367256e-15,ELECTRODE_ATTACHMENT,CONFIRMED,6.6779303450380673e-05,41710369.489210427,15.840755215874971,5791416385058125,2.9647680367083326e-05,2.3460370445201905e-12,2.9864689929099692e-07,127298.4584742889,0.28953847282778589,-5.9294269243763861e-13
1741,1.2791515382745328e-11,5.8650926113004778e-15,ELECTRODE_ATTACHMENT,CONFIRMED,6.6781545983474425e-05,41710369.286108226,15.84075513874086,5795607391147000,2.9669135162465289e-05,2.3460370601914131e-12,2.984309372118645e-07,127206.403630945,0.28971297486580988,-5.9301720825613385e-13
1742,1.2797380475395807e-11,5.8650926504785336e-15,ELECTRODE_ATTACHMENT,CONFIRMED,6.6783786086166267e-05,41710369.082932234,15.840755061578726,5799795456952676,2.9690574905830616e-05,2.3460370758683275e-12,2.9821543843063886e-07,127114.54626959031,0.28988734250432674,-5.9309123072650105e-13
1743,1.2803245568085478e-11,5.8650926896708197e-15,ELECTRODE_ATTACHMENT,CONFIRMED,6.6786023762408051e-05,41710368.879682638,15.840754984388639,5803980576002371,2.9711999564043519e-05,2.3460370915509219e-12,2.9800040194921939e-07,127022.88596478108,0.29006157551070449,-5.9316475989423223e-13
1744,1.2809110660814355e-11,5.8650927288773061e-15,ELECTRODE_ATTACHMENT,CONFIRMED,6.678825901614272e-05,41710368.676359572,15.840754907170647,5808162741831866,2.9733409104012058e-05,2.3460371072391853e-12,2.9778582677239211e-07,126931.42229230391,0.29023567365269648,-5.9323779580655028e-13
1745,1.2814975753582453e-11,5.8650927680979644e-15,ELECTRODE_ATTACHMENT,CONFIRMED,6.6790491851304344e-05,41710368.472963214,15.840754829924823,5812341947985533,2.9754803492688308e-05,2.346037122933105e-12,2.9757171190781862e-07,126840.1548291713,0.29040963669844394,-5.9331033851241345e-13
1746,1.2820840846389786e-11,5.865092807332763e-15,ELECTRODE_ATTACHMENT,CONFIRMED,6.6792722271818113e-05,41710368.269493662,15.840754752651199,5816518188016355,2.9776182697068372e-05,2.3460371386326719e-12,2.9735805636602787e-07,126749.0831536177,0.29058346441647392,-5.9338238806251281e-13
1747,1.2826705939236368e-11,5.8650928465816806e-15,ELECTRODE_ATTACHMENT,CONFIRMED,6.6794950281600355e-05,41710368.065951191,15.840754675349883,5820691455485956,2.9797546684192618e-05,2.3460371543378659e-12,2.9714485916040472e-07,126658.20684509553,0.29075715657570472,-5.9345394450927669e-13
1748,1.2832571032122212e-11,5.8650928858446652e-15,ELECTRODE_ATTACHMENT,CONFIRMED,6.6797175884558617e-05,41710367.862335883,15.840754598020904,5824861743964619,2.981889542114574e-05,2.346037170048679e-12,2.9693211930718101e-07,126567.52548427007,0.29093071294544132,-5.9352500790687138e-13
1749,1.2838436125047334e-11,5.8650929251216986e-15,ELECTRODE_ATTACHMENT,CONFIRMED,6.6799399084591568e-05,41710367.658647947,15.840754520664344,5829029047031315,2.9840228875056899e-05,2.3460371857650961e-12,2.9671983582542536e-07,126477.03865301618,0.29110413329538048,-5.9359557831120206e-13
1750,1.2844301218011747e-11,5.8650929644127407e-15,ELECTRODE_ATTACHMENT,CONFIRMED,6.6801619885589134e-05,41710367.454887547,15.840754443280263,5833193358273726,2.9861547013099853e-05,2.3460372014871063e-12,2.9650800773703351e-07,126386.74593441357,0.29127741739560897,-5.9366565577991559e-13
1751,1.2850166311015464e-11,5.865093003717766e-15,ELECTRODE_ATTACHMENT,CONFIRMED,6.6803838291432449e-05,41710367.251054876,15.840754365868735,5837354671288268,2.9882849802493084e-05,2.346037217214692e-12,2.962966340667184e-07,126296.64691274312,0.29145056501660688,-5.9373524037240167e-13
1752,1.2856031404058502e-11,5.8650930430367306e-15,ELECTRODE_ATTACHMENT,CONFIRMED,6.6806054305993944e-05,41710367.047150083,15.840754288429816,5841512979680118,2.9904137210499893e-05,2.3460372329478429e-12,2.9608571384200084e-07,126206.74117348222,0.29162357592924587,-5.9380433214979371e-13
1753,1.2861896497140872e-11,5.8650930823696075e-15,ELECTRODE_ATTACHMENT,CONFIRMED,6.680826793313728e-05,41710366.843173303,15.840754210963558,5845668277063236,2.9925409204428591e-05,2.3460372486865487e-12,2.9587524609319929e-07,126117.02830330076,0.29179644990479109,-5.9387293117497107e-13
1754,1.2867761590262588e-11,5.865093121716373e-15,ELECTRODE_ATTACHMENT,CONFIRMED,6.6810479176717435e-05,41710366.639124759,15.840754133470046,5849820557060389,2.9946665751632518e-05,2.3460372644307918e-12,2.9566522985342106e-07,126027.50789005772,0.29196918671490363,-5.9394103751256107e-13
1755,1.2873626683423665e-11,5.86509316107698e-15,ELECTRODE_ATTACHMENT,CONFIRMED,6.6812688040580656e-05,41710366.435004577,15.840754055949326,5853969813303179,2.9967906819510287e-05,2.3460372801805627e-12,2.9545566415855162e-07,125938.17952279594,0.29214178613163849,-5.9400865122893981e-13
1756,1.2879491776624117e-11,5.8650932004514069e-15,ELECTRODE_ATTACHMENT,CONFIRMED,6.6814894528564598e-05,41710366.230812922,15.840753978401464,5858116039432062,2.9989132375505814e-05,2.346037295935848e-12,2.9524654804724609e-07,125849.04279173896,0.29231424792744781,-5.9407577239223387e-13
1757,1.2885356869863957e-11,5.8650932398396209e-15,ELECTRODE_ATTACHMENT,CONFIRMED,6.6817098644498244e-05,41710366.026550017,15.840753900826542,5862259229096378,3.0010342387108502e-05,2.3460373116966316e-12,2.9503788056091894e-07,125760.09728828669,0.29248657187518118,-5.9414240107232294e-13
1758,1.2891221963143198e-11,5.8650932792415799e-15,ELECTRODE_ATTACHMENT,CONFIRMED,6.6819300392201929e-05,41710365.822215982,15.840753823224604,5866399375954370,3.0031536821853328e-05,2.3460373274629049e-12,2.9482966074373493e-07,125671.34260501093,0.29265875774808536,-5.9420853734083964e-13
1759,1.2897087056461855e-11,5.8650933186572619e-15,ELECTRODE_ATTACHMENT,CONFIRMED,6.6821499775487423e-05,41710365.617811009,15.840753745595729,5870536473673212,3.0052715647321002e-05,2.3460373432346498e-12,2.9462188764259952e-07,125582.77833565224,0.29283080531980693,-5.9427418127117221e-13
1760,1.2902952149819941e-11,5.8650933580866252e-15,ELECTRODE_ATTACHMENT,CONFIRMED,6.682369679815789e-05,41710365.413335338,15.840753667940001,5874670515929031,3.0073878831138028e-05,2.3460373590118513e-12,2.9441456030714974e-07,125494.40407511535,0.29300271436439218,-5.9433933293846696e-13
1761,1.2908817243217471e-11,5.8650933975296294e-15,ELECTRODE_ATTACHMENT,CONFIRMED,6.6825891464007903e-05,41710365.208788969,15.840753590257425,5878801496406934,3.0095026340976935e-05,2.3460373747945071e-12,2.9420767778974401e-07,125406.21941946432,0.29317448465628582,-5.9440399241962665e-13
1762,1.2914682336654458e-11,5.8650934369862683e-15,ELECTRODE_ATTACHMENT,CONFIRMED,6.6828083776823577e-05,41710365.004172243,15.840753512548128,5882929408801030,3.0116158144556286e-05,2.3460373905825924e-12,2.9400123914545388e-07,125318.22396592086,0.29334611597033811,-5.9446815979331765e-13
1763,1.2920547430130913e-11,5.865093476456482e-15,ELECTRODE_ATTACHMENT,CONFIRMED,6.6830273740382435e-05,41710364.799485192,15.840753434812124,5887054246814454,3.0137274209640884e-05,2.3460374063761041e-12,2.9379524343205382e-07,125230.41731285769,0.29351760808179728,-5.9453183513996359e-13
1764,1.2926412523646854e-11,5.8650935159402608e-15,ELECTRODE_ATTACHMENT,CONFIRMED,6.6832461358453489e-05,41710364.594728045,15.840753357049499,5891176004159394,3.0158374504041861e-05,2.3460374221750248e-12,2.9358968971001246e-07,125142.79905979666,0.29368896076631801,-5.9459501854175522e-13
1765,1.2932277617202291e-11,5.8650935554375624e-15,ELECTRODE_ATTACHMENT,CONFIRMED,6.6834646634797321e-05,41710364.389900945,15.840753279260307,5895294674557113,3.017945899561681e-05,2.3460374379793428e-12,2.9338457704248313e-07,125055.36880740368,0.29386017379995782,-5.9465771008264746e-13
1766,1.2938142710797239e-11,5.8650935949483574e-15,ELECTRODE_ATTACHMENT,CONFIRMED,6.6836829573166029e-05,41710364.185004145,15.840753201444643,5899410251737973,3.0200527652269912e-05,2.3460374537890398e-12,2.9317990449529474e-07,124968.12615748547,0.29403124695918093,-5.9471990984836255e-13
1767,1.2944007804431712e-11,5.8650936344726001e-15,ELECTRODE_ATTACHMENT,CONFIRMED,6.6839010177303243e-05,41710363.980037726,15.840753123602541,5903522729441461,3.0221580441952038e-05,2.3460374696041075e-12,2.9297567113694272e-07,124881.0707129849,0.29420218002085424,-5.9478161792638846e-13
1768,1.2949872898105721e-11,5.8650936740102692e-15,ELECTRODE_ATTACHMENT,CONFIRMED,6.68411884509442e-05,41710363.775001921,15.840753045734086,5907632101416213,3.0242617332660918e-05,2.3460374854245293e-12,2.9277187603857957e-07,124794.20207797778,0.29437297276225433,-5.9484283440598538e-13
1769,1.2955737991819282e-11,5.8650937135613245e-15,ELECTRODE_ATTACHMENT,CONFIRMED,6.6843364397815738e-05,41710363.569896795,15.840752967839304,5911738361420038,3.0263638292441225e-05,2.3460375012503014e-12,2.9256851827400606e-07,124707.51985766811,0.29454362496106229,-5.9490355937818306e-13
1770,1.2961603085572407e-11,5.8650937531257542e-15,ELECTRODE_ATTACHMENT,CONFIRMED,6.684553802163625e-05,41710363.364722677,15.840752889918322,5915841503219940,3.0284643289384726e-05,2.3460375170813957e-12,2.9236559691966198e-07,124621.0236583861,0.29471413639537264,-5.9496379293578719e-13
1771,1.2967468179365111e-11,5.8650937927034903e-15,ELECTRODE_ATTACHMENT,CONFIRMED,6.6847709326115875e-05,41710363.159479588,15.840752811971146,5919941520592147,3.0305632291630372e-05,2.3460375329178134e-12,2.9216311105461732e-07,124534.71308758145,0.29488450684368306,-5.9502353517337413e-13
1772,1.2973333273197406e-11,5.8650938322945346e-15,ELECTRODE_ATTACHMENT,CONFIRMED,6.6849878314956311e-05,41710362.954167746,15.840752733997858,5924038407322131,3.0326605267364472e-05,2.3460375487595346e-12,2.9196105976056291e-07,124448.58775382221,0.29505473608490579,-5.9508278618729862e-13
1773,1.2979198367069304e-11,5.8650938718988372e-15,ELECTRODE_ATTACHMENT,CONFIRMED,6.6852044991850973e-05,41710362.748787381,15.840752655998546,5928132157204635,3.034756218482077e-05,2.3460375646065449e-12,2.9175944212180196e-07,124362.64726678965,0.29522482389836352,-5.9514154607569464e-13
1774,1.2985063460980821e-11,5.8650939115163619e-15,ELECTRODE_ATTACHMENT,CONFIRMED,6.6854209360484943e-05,41710362.543338604,15.840752577973255,5932222764043696,3.0368503012280606e-05,2.3460375804588328e-12,2.9155825722524054e-07,124276.89123727431,0.29539477006378939,-5.9519981493847212e-13
1775,1.2990928554931969e-11,5.8650939511470827e-15,ELECTRODE_ATTACHMENT,CONFIRMED,6.6856371424535088e-05,41710362.337821633,15.840752499922063,5936310221652669,3.0389427718073006e-05,2.3460375963163836e-12,2.9135750416037926e-07,124191.31927717291,0.29556457436133077,-5.9525759287732542e-13
1776,1.299679364892276e-11,5.8650939907909594e-15,ELECTRODE_ATTACHMENT,CONFIRMED,6.6858531187669889e-05,41710362.132236533,15.840752421844998,5940394523854252,3.0410336270574854e-05,2.346037612179189e-12,2.9115718201930384e-07,124105.93099948367,0.29573423657154674,-5.9531487999572783e-13
1777,1.3002658742953208e-11,5.8650940304479729e-15,ELECTRODE_ATTACHMENT,CONFIRMED,6.6860688653549692e-05,41710361.926583588,15.840752343742166,5944475664480511,3.0431228638210931e-05,2.3460376280472322e-12,2.9095728989667714e-07,124020.72601830382,0.29590375647541334,-5.9537167639894e-13
1778,1.3008523837023326e-11,5.8650940701180799e-15,ELECTRODE_ATTACHMENT,CONFIRMED,6.6862843825826567e-05,41710361.720862843,15.840752265613586,5948553637372902,3.0452104789454158e-05,2.3460376439205055e-12,2.9075782688972901e-07,123935.70394882429,0.29607313385431955,-5.9542798219400631e-13
1779,1.3014388931133127e-11,5.8650941098012647e-15,ELECTRODE_ATTACHMENT,CONFIRMED,6.6864996708144352e-05,41710361.515074663,15.840752187459394,5952628436382298,3.0472964692825611e-05,2.3460376597989837e-12,2.9055879209824903e-07,123850.864407328,0.29624236849007424,-5.9548379748976107e-13
1780,1.3020254025282625e-11,5.8650941494974602e-15,ELECTRODE_ATTACHMENT,CONFIRMED,6.6867147304138785e-05,41710361.309219018,15.840752109279581,5956700055369012,3.0493808316894732e-05,2.3460376756826666e-12,2.9036018462457652e-07,123766.20701118343,0.29641146016489861,-5.9553912239682354e-13
1781,1.3026119119471831e-11,5.8650941892066671e-15,ELECTRODE_ATTACHMENT,CONFIRMED,6.6869295617437281e-05,41710361.103296213,15.840752031074263,5960768488202820,3.0514635630279378e-05,2.3460376915715323e-12,2.9016200357359257e-07,123681.73137884359,0.2965804086614362,-5.9559395702760819e-13
1782,1.303198421370076e-11,5.8650942289288311e-15,ELECTRODE_ATTACHMENT,CONFIRMED,6.6871441651659245e-05,41710360.897306301,15.840751952843458,5964833728762987,3.053544660164599e-05,2.3460377074655755e-12,2.8996424805271138e-07,123597.4371298404,0.29674921376274555,-5.9564830149631684e-13
1783,1.3037849307969423e-11,5.8650942686639395e-15,ELECTRODE_ATTACHMENT,CONFIRMED,6.6873585410415912e-05,41710360.691249527,15.84075187458726,5968895770938291,3.0556241199709718e-05,2.3460377233647781e-12,2.897669171718711e-07,123513.32388478228,0.29691787525230795,-5.9570215591894823e-13
1784,1.3043714402277835e-11,5.8650943084119457e-15,ELECTRODE_ATTACHMENT,CONFIRMED,6.6875726897310328e-05,41710360.485126086,15.840751796305744,5972954608627047,3.0577019393234504e-05,2.3460377392691251e-12,2.8957001004352585e-07,123429.39126534993,0.2970863929140245,-5.9575552041329705e-13
1785,1.3049579496626009e-11,5.8650943481728136e-15,ELECTRODE_ATTACHMENT,CONFIRMED,6.6877866115937573e-05,41710360.278936058,15.840751717998939,5977010235737131,3.0597781151033288e-05,2.3460377551786106e-12,2.893735257826365e-07,123345.63889429207,0.29725476653221616,-5.9580839509895219e-13
1786,1.3055444591013954e-11,5.8650943879465264e-15,ELECTRODE_ATTACHMENT,CONFIRMED,6.688000306988454e-05,41710360.072679758,15.840751639666966,5981062646186004,3.0618526441968032e-05,2.3460377710932081e-12,2.8917746350666282e-07,123262.0663954237,0.29742299589162963,-5.9586078009730402e-13
1787,1.3061309685441687e-11,5.8650944277330212e-15,ELECTRODE_ATTACHMENT,CONFIRMED,6.6882137762730085e-05,41710359.866357155,15.840751561309812,5985111833900739,3.0639255234949911e-05,2.3460377870129226e-12,2.8898182233555441e-07,123178.67339361939,0.29759108077742918,-5.9591267553153883e-13
1788,1.306717477990922e-11,5.8650944675323074e-15,ELECTRODE_ATTACHMENT,CONFIRMED,6.6884270198045096e-05,41710359.659968592,15.840751482927606,5989157792818040,3.0659967498939415e-05,2.3460378029377274e-12,2.8878660139174261e-07,123095.45951481332,0.29775902097520884,-5.9596408152664966e-13
1789,1.3073039874416564e-11,5.8650945073443187e-15,ELECTRODE_ATTACHMENT,CONFIRMED,6.6886400379392329e-05,41710359.453514226,15.840751404520413,5993200516884271,3.068066320294649e-05,2.3460378188676096e-12,2.8859179980013171e-07,123012.42438599297,0.29792681627098538,-5.9601499820943121e-13
1790,1.3078904968963732e-11,5.8650945471690251e-15,ELECTRODE_ATTACHMENT,CONFIRMED,6.688852831032668e-05,41710359.246994145,15.84075132608826,5997240000055479,3.0701342316030627e-05,2.3460378348025623e-12,2.8839741668809083e-07,122929.5676351962,0.29809446645119952,-5.9606542570848008e-13
1791,1.3084770063550739e-11,5.8650945870064062e-15,ELECTRODE_ATTACHMENT,CONFIRMED,6.6890653994394913e-05,41710359.040408529,15.84075124763122,6001276236297417,3.072200480730105e-05,2.3460378507425714e-12,2.8820345118544518e-07,122846.88889150812,0.29826197130272025,-5.9611536415420334e-13
1792,1.3090635158177596e-11,5.8650946268564295e-15,ELECTRODE_ATTACHMENT,CONFIRMED,6.6892777435135931e-05,41710358.833757497,15.840751169149334,6005309219585568,3.0742650645916747e-05,2.3460378666876289e-12,2.8800990242446834e-07,122764.38778505717,0.29842933061284282,-5.9616481367881336e-13
1793,1.3096500252844315e-11,5.865094666719073e-15,ELECTRODE_ATTACHMENT,CONFIRMED,6.6894898636080628e-05,41710358.627041399,15.840751090642739,6009338943905173,3.0763279801086675e-05,2.3460378826377059e-12,2.878167695398732e-07,122682.06394701265,0.29859654416929493,-5.9621377441633603e-13
1794,1.3102365347550909e-11,5.8650947065942658e-15,ELECTRODE_ATTACHMENT,CONFIRMED,6.6897017600752012e-05,41710358.420260228,15.840751012111429,6013365403251250,3.0783892242069846e-05,2.3460378985928054e-12,2.8762405166880425e-07,122599.91700957865,0.29876361176022714,-5.9626224650260394e-13
1795,1.3108230442297391e-11,5.865094746482014e-15,ELECTRODE_ATTACHMENT,CONFIRMED,6.6899134332665188e-05,41710358.213414304,15.840750933555528,6017388591628621,3.0804487938175458e-05,2.3460379145529007e-12,2.8743174795082901e-07,122517.94660599367,0.29893053317422597,-5.9631023007526696e-13
1796,1.3114095537083773e-11,5.8650947863822531e-15,ELECTRODE_ATTACHMENT,CONFIRMED,6.6901248835327305e-05,41710358.006503657,15.840750854975047,6021408503051938,3.082506685876303e-05,2.346037930517991e-12,2.8723985752792973e-07,122436.15237052408,0.29909730820030361,-5.9635772527378547e-13
1797,1.3119960631910068e-11,5.8650948262949782e-15,ELECTRODE_ATTACHMENT,CONFIRMED,6.6903361112237721e-05,41710357.799528539,15.840750776370081,6025425131545703,3.0845628973242515e-05,2.3460379464880557e-12,2.870483795444954e-07,122354.53393846324,0.29926393662790762,-5.9640473223943884e-13
1798,1.3125825726776289e-11,5.8650948662201406e-15,ELECTRODE_ATTACHMENT,CONFIRMED,6.6905471166887892e-05,41710357.592489094,15.840750697740685,6029438471144296,3.0866174251074431e-05,2.346037962463083e-12,2.8685731314731344e-07,122273.09094612632,0.29943041824691713,-5.9645125111532377e-13
1799,1.3131690821682447e-11,5.8650949061577077e-15,ELECTRODE_ATTACHMENT,CONFIRMED,6.6907579002761428e-05,41710357.385385558,15.840750619086949,6033448515891997,3.0886702661769944e-05,2.3460379784430565e-12,2.8666665748556202e-07,122191.82303084785,0.29959675284764514,-5.96497282046356e-13
1800,1.3137555916628554e-11,5.8650949461076427e-15,ELECTRODE_ATTACHMENT,CONFIRMED,6.6909684623334158e-05,41710357.178217992,15.840750540408894,6037455259843010,3.090721417489108e-05,2.3460379944279713e-12,2.8647641171080094e-07,122110.72983097692,0.29976294022083672,-5.9654282517927142e-13
1801,1.3143421011614624e-11,5.8650949860699288e-15,ELECTRODE_ATTACHMENT,CONFIRMED,6.6911788032074081e-05,41710356.970986612,15.840750461706605,6041458697061490,3.0927708760050769e-05,2.3460380104178091e-12,2.8628657497696464e-07,122029.81098587549,0.29992898015767483,-5.9658788066262904e-13
1802,1.3149286106640668e-11,5.8650950260445235e-15,ELECTRODE_ATTACHMENT,CONFIRMED,6.6913889232441426e-05,41710356.763691559,15.840750382980135,6045458821621564,3.0948186386912993e-05,2.3460380264125604e-12,2.860971464403535e-07,121949.06613591358,0.30009487244977684,-5.9663244864681305e-13
1803,1.31551512017067e-11,5.8650950660314016e-15,ELECTRODE_ATTACHMENT,CONFIRMED,6.6915988227888646e-05,41710356.55633308,15.840750304229575,6049455627607358,3.096864702519293e-05,2.3460380424122052e-12,2.8590812525962589e-07,121868.49492246685,0.30026061688919886,-5.9667652928403226e-13
1804,1.3161016296812731e-11,5.8650951060305141e-15,ELECTRODE_ATTACHMENT,CONFIRMED,6.6918085021860468e-05,41710356.34891136,15.840750225454999,6053449109113018,3.0989090644657048e-05,2.3460380584167316e-12,2.8571951059579044e-07,121788.09698791233,0.30042621326843372,-5.9672012272832462e-13
1805,1.3166881391958773e-11,5.8650951460418288e-15,ELECTRODE_ATTACHMENT,CONFIRMED,6.6920179617793894e-05,41710356.141426414,15.84075014665641,6057439260242737,3.100951721512325e-05,2.3460380744261362e-12,2.8553130161219793e-07,121707.87197562498,0.3005916613804101,-5.967632291355532e-13
1806,1.3172746487144838e-11,5.8650951860653407e-15,ELECTRODE_ATTACHMENT,CONFIRMED,6.6922272019118148e-05,41710355.933878556,15.840750067833929,6061426075110779,3.1029926706461003e-05,2.3460380904403941e-12,2.8534349747453302e-07,121627.81952997568,0.30075696101850136,-5.9680584866341627e-13
1807,1.3178611582370939e-11,5.865095226100987e-15,ELECTRODE_ATTACHMENT,CONFIRMED,6.6924362229254836e-05,41710355.726267904,15.8407499889876,6065409547841501,3.1050319088591422e-05,2.3460381064594983e-12,2.8515609735080714e-07,121547.93929632619,0.3009221119765173,-5.9684798147144224e-13
1808,1.3184476677637087e-11,5.8650952661487462e-15,ELECTRODE_ATTACHMENT,CONFIRMED,6.6926450251617907e-05,41710355.51859463,15.840749910117488,6069389672569379,3.1070694331487439e-05,2.3460381224834339e-12,2.8496910041134981e-07,121468.23092102676,0.30108711404871041,-5.9688962772099213e-13
1809,1.3190341772943296e-11,5.8650953062085852e-15,ELECTRODE_ATTACHMENT,CONFIRMED,6.6928536089613517e-05,41710355.31085889,15.840749831223654,6073366443439033,3.1091052405173928e-05,2.3460381385121897e-12,2.8478250582880095e-07,121388.69405141227,0.30125196702977447,-5.9693078757526527e-13
1810,1.3196206868289575e-11,5.8650953462804749e-15,ELECTRODE_ATTACHMENT,CONFIRMED,6.6930619746640344e-05,41710355.103060901,15.840749752306177,6077339854605249,3.1111393279727754e-05,2.3460381545457494e-12,2.845963127781039e-07,121309.3283357997,0.30141667071484723,-5.9697146119929601e-13
1811,1.3202071963675939e-11,5.8650953863643742e-15,ELECTRODE_ATTACHMENT,CONFIRMED,6.6932701226089323e-05,41710354.895200834,15.840749673365126,6081309900233004,3.1131716925278025e-05,2.3460381705840988e-12,2.8441052043649622e-07,121230.13342348383,0.30158122489950978,-5.9701164875995795e-13
1812,1.3207937059102399e-11,5.8650954264602476e-15,ELECTRODE_ATTACHMENT,CONFIRMED,6.693478053134387e-05,41710354.687278792,15.840749594400537,6085276574497492,3.1152023312006089e-05,2.3460381866272305e-12,2.8422512798350303e-07,121151.1089647342,0.30174562937978638,-5.9705135042596503e-13
1813,1.3213802154568967e-11,5.865095466568077e-15,ELECTRODE_ATTACHMENT,CONFIRMED,6.693685766577973e-05,41710354.479294986,15.840749515412492,6089239871584146,3.1172312410145753e-05,2.3460382026751281e-12,2.8404013460092875e-07,121072.25461079234,0.30190988395214818,-5.9709056636787206e-13
1814,1.3219667250075656e-11,5.8650955066878214e-15,ELECTRODE_ATTACHMENT,CONFIRMED,6.6938932632765139e-05,41710354.271249592,15.840749436401056,6093199785688662,3.119258418998333e-05,2.3460382187277784e-12,2.838555394728497e-07,120993.57001386804,0.30207398841351263,-5.9712929675807955e-13
1815,1.3225532345622475e-11,5.865095546819446e-15,ELECTRODE_ATTACHMENT,CONFIRMED,6.6941005435660787e-05,41710354.063142784,15.840749357366297,6097156311017025,3.1212838621857828e-05,2.3460382347851671e-12,2.8367134178560616e-07,120915.05482713613,0.30223794256124425,-5.9716754177083212e-13
1816,1.3231397441209438e-11,5.8650955869629192e-15,ELECTRODE_ATTACHMENT,CONFIRMED,6.694307607781977e-05,41710353.854974732,15.840749278308278,6101109441785533,3.1233075676161054e-05,2.3460382508472819e-12,2.8348754072779467e-07,120836.70870473314,0.30240174619315507,-5.9720530158222026e-13
1817,1.3237262536836557e-11,5.8650956271182057e-15,ELECTRODE_ATTACHMENT,CONFIRMED,6.6945144562587653e-05,41710353.646745577,15.840749199227055,6105059172220819,3.1253295323337691e-05,2.3460382669141102e-12,2.8330413549026094e-07,120758.53130175428,0.30256539910750613,-5.9724257637018415e-13
1818,1.3243127632503843e-11,5.8650956672852754e-15,ELECTRODE_ATTACHMENT,CONFIRMED,6.6947210893302599e-05,41710353.438455522,15.840749120122702,6109005496559877,3.1273497533885486e-05,2.3460382829856394e-12,2.8312112526609166e-07,120680.52227424999,0.30272890110300793,-5.9727936631451259e-13
1819,1.3248992728211306e-11,5.8650957074640991e-15,ELECTRODE_ATTACHMENT,CONFIRMED,6.6949275073295222e-05,41710353.23010473,15.840749040995282,6112948409050087,3.1293682278355354e-05,2.3460382990618546e-12,2.8293850925060694e-07,120602.68127922284,0.30289225197882241,-5.9731567159684754e-13
1820,1.3254857823958961e-11,5.8650957476546374e-15,ELECTRODE_ATTACHMENT,CONFIRMED,6.6951337105888644e-05,41710353.021693386,15.840748961844866,6116887903949237,3.131384952735149e-05,2.3460383151427417e-12,2.8275628664135323e-07,120525.00797462436,0.30305545153456248,-5.9735149240068377e-13
1821,1.3260722919746818e-11,5.8650957878568548e-15,ELECTRODE_ATTACHMENT,CONFIRMED,6.6953396994398598e-05,41710352.813221604,15.840748882671498,6120823975525549,3.1333999251531495e-05,2.3460383312282934e-12,2.8257445663809542e-07,120447.5020193513,0.30321849957029212,-5.973868289113695e-13
1822,1.3266588015574888e-11,5.8650958280707331e-15,ELECTRODE_ATTACHMENT,CONFIRMED,6.6955454742133297e-05,41710352.604689658,15.840748803475281,6124756618057702,3.1354131421606506e-05,2.3460383473184863e-12,2.8239301844280957e-07,120370.16307324381,0.30338139588653124,-5.974216813161118e-13
1823,1.3272453111443185e-11,5.8650958682962164e-15,ELECTRODE_ATTACHMENT,CONFIRMED,6.6957510352393636e-05,41710352.396097563,15.840748724256219,6128685825834857,3.1374246008341331e-05,2.3460383634133215e-12,2.8221197125967514e-07,120292.99079707992,0.30354414028424936,-5.9745604980397324e-13
1824,1.3278318207351718e-11,5.8650959085333038e-15,ELECTRODE_ATTACHMENT,CONFIRMED,6.6959563828473026e-05,41710352.187445655,15.840748645014441,6132611593156680,3.1394342982554533e-05,2.3460383795127713e-12,2.82031314295068e-07,120215.98485257546,0.30370673256487613,-5.9748993456587947e-13
1825,1.32841833033005e-11,5.8650959487819283e-15,ELECTRODE_ATTACHMENT,CONFIRMED,6.6961615173657564e-05,41710351.978733957,15.840748565749958,6136533914333368,3.1414422315118607e-05,2.3460383956168352e-12,2.8185104675755269e-07,120139.14490237771,0.30386917253029155,-5.9752333579461335e-13
1826,1.3290048399289543e-11,5.8650959890420883e-15,ELECTRODE_ATTACHMENT,CONFIRMED,6.696366439122593e-05,41710351.769962803,15.840748486462893,6140452783685672,3.1434483976960068e-05,2.3460384117254874e-12,2.8167116785787497e-07,120062.47061006504,0.30403145998283743,-5.9755625368482537e-13
1827,1.3295913495318857e-11,5.8650960293137183e-15,ELECTRODE_ATTACHMENT,CONFIRMED,6.6965711484449474e-05,41710351.561132163,15.840748407153237,6144368195544921,3.1454527939059569e-05,2.3460384278387282e-12,2.8149167680895496e-07,119985.96164014126,0.30419359472530699,-5.9758868843302563e-13
1828,1.3301778591388455e-11,5.8650960695968216e-15,ELECTRODE_ATTACHMENT,CONFIRMED,6.6967756456592215e-05,41710351.352242455,15.840748327821149,6148280144253047,3.1474554172452072e-05,2.3460384439565279e-12,2.8131257282587913e-07,119909.61765803522,0.30435557656095885,-5.9762064023759573e-13
1829,1.3307643687498347e-11,5.8650961098913207e-15,ELECTRODE_ATTACHMENT,CONFIRMED,6.6969799310910837e-05,41710351.143293582,15.840748248466591,6152188624162608,3.1494562648226926e-05,2.3460384600788927e-12,2.8113385512589333e-07,119833.43833009427,0.30451740529350213,-5.9765210929877982e-13
1830,1.3313508783648544e-11,5.8650961501972331e-15,ELECTRODE_ATTACHMENT,CONFIRMED,6.6971840050654736e-05,41710350.934285969,15.840748169089723,6156093629636814,3.1514553337527982e-05,2.3460384762057909e-12,2.8095552292839597e-07,119757.42332358533,0.3046790807271148,-5.9768309581869703e-13
1831,1.3319373879839059e-11,5.8650961905144782e-15,ELECTRODE_ATTACHMENT,CONFIRMED,6.6973878679066001e-05,41710350.725219585,15.840748089690537,6159995155049549,3.1534526211553762e-05,2.3460384923372229e-12,2.807775754549299e-07,119681.57230668768,0.30484060266642765,-5.977136000013325e-13
1832,1.3325238976069901e-11,5.8650962308430577e-15,ELECTRODE_ATTACHMENT,CONFIRMED,6.6975915199379539e-05,41710350.516094632,15.840748010269108,6163893194785396,3.1554481241557559e-05,2.3460385084731744e-12,2.8060001192917566e-07,119605.88494849259,0.30500197091653741,-5.9774362205254707e-13
1833,1.3331104072341084e-11,5.8650962711829368e-15,ELECTRODE_ATTACHMENT,CONFIRMED,6.6977949614822885e-05,41710350.306911424,15.840747930825554,6167787743239663,3.1574418398847557e-05,2.3460385246136214e-12,2.8042283157694433e-07,119530.36091899996,0.30516318528300446,-5.9777316218007709e-13
1834,1.3336969168652618e-11,5.8650963115340549e-15,ELECTRODE_ATTACHMENT,CONFIRMED,6.6979981928616444e-05,41710350.097669996,15.84074785135989,6171678794818405,3.1594337654786973e-05,2.3460385407585604e-12,2.8024603362617005e-07,119454.99988911359,0.3053242455718484,-5.9780222059353154e-13
1835,1.3342834265004516e-11,5.8650963518964016e-15,ELECTRODE_ATTACHMENT,CONFIRMED,6.6982012143973303e-05,41710349.888370514,15.840747771872175,6175566343938448,3.1614238980794144e-05,2.3460385569079799e-12,2.8006961730690331e-07,119379.80153063983,0.30548515158955486,-5.9783079750439907e-13
1836,1.3348699361396786e-11,5.8650963922699493e-15,ELECTRODE_ATTACHMENT,CONFIRMED,6.6984040264099449e-05,41710349.679013245,15.840747692362518,6179450385027415,3.1634122348342689e-05,2.3460385730618576e-12,2.7989358185130339e-07,119304.7655162844,0.3056459031430761,-5.9785889312604864e-13
1837,1.3354564457829442e-11,5.8650964326546452e-15,ELECTRODE_ATTACHMENT,CONFIRMED,6.6986066292193616e-05,41710349.469598286,15.840747612830949,6183330912523748,3.1653987728961613e-05,2.3460385892201871e-12,2.797179264936316e-07,119229.89151964828,0.30580650003982779,-5.9788650767372828e-13
1838,1.3360429554302491e-11,5.8650964730504688e-15,ELECTRODE_ATTACHMENT,CONFIRMED,6.6988090231447371e-05,41710349.26012589,15.840747533277566,6187207920876734,3.1673835094235428e-05,2.3460386053829485e-12,2.7954265047024395e-07,119155.17921522594,0.30596694208769415,-5.9791364136457005e-13
1839,1.3366294650815949e-11,5.8650965134573719e-15,ELECTRODE_ATTACHMENT,CONFIRMED,6.6990112085045178e-05,41710349.050596096,15.840747453702386,6191081404546528,3.1693664415804306e-05,2.346038621550139e-12,2.7936775301958419e-07,119080.62827840091,0.30612722909502393,-5.9794029441758841e-13
1840,1.3372159747369823e-11,5.8650965538753482e-15,ELECTRODE_ATTACHMENT,CONFIRMED,6.6992131856164318e-05,41710348.841009177,15.840747374105511,6194951358004177,3.1713475665364152e-05,2.3460386377217377e-12,2.7919323338217685e-07,119006.23838544461,0.30628736087063801,-5.9796646705368612e-13
1841,1.3378024843964128e-11,5.865096594304345e-15,ELECTRODE_ATTACHMENT,CONFIRMED,6.6994149547974972e-05,41710348.63136521,15.84074729448697,6198817775731646,3.1733268814666791e-05,2.3460386538977385e-12,2.7901909080062015e-07,118932.00921351158,0.30644733722382328,-5.9799215949565083e-13
1842,1.3383889940598872e-11,5.8650966347443464e-15,ELECTRODE_ATTACHMENT,CONFIRMED,6.6996165163640191e-05,41710348.421664514,15.840747214846884,6202680652221841,3.1753043835520018e-05,2.3460386700781162e-12,2.7884532451957913e-07,118857.94044063834,0.30660715796434046,-5.9801737196816334e-13
1843,1.3389755037274068e-11,5.8650966751952916e-15,ELECTRODE_ATTACHMENT,CONFIRMED,6.6998178706315965e-05,41710348.211907111,15.840747135185262,6206539981978632,3.1772800699787798e-05,2.3460386862628698e-12,2.7867193378577845e-07,118784.0317457381,0.30676682290241647,-5.9804210469779109e-13
1844,1.3395620133989726e-11,5.8650967156571759e-15,ELECTRODE_ATTACHMENT,CONFIRMED,6.700019017915117e-05,41710348.002093226,15.84074705550219,6210395759516878,3.1792539379390317e-05,2.3460387024519815e-12,2.7849891784799597e-07,118710.28280860011,0.30692633184875329,-5.9806635791299615e-13
1845,1.3401485230745856e-11,5.8650967561299545e-15,ELECTRODE_ATTACHMENT,CONFIRMED,6.7002199585287675e-05,41710347.792223059,15.840746975797742,6214247979362453,3.1812259846304175e-05,2.3460387186454362e-12,2.7832627595705513e-07,118636.69330988539,0.3070856846145249,-5.980901318441354e-13
1846,1.3407350327542469e-11,5.8650967966135917e-15,ELECTRODE_ATTACHMENT,CONFIRMED,6.7004206927860315e-05,41710347.582296781,15.840746896071986,6218096636052266,3.1831962072562445e-05,2.3460387348432203e-12,2.7815400736581883e-07,118563.26293112425,0.30724488101137853,-5.9811342672345971e-13
1847,1.3413215424379577e-11,5.8650968371080513e-15,ELECTRODE_ATTACHMENT,CONFIRMED,6.7006212209996823e-05,41710347.37231449,15.840746816324957,6221941724134291,3.1851646030254856e-05,2.3460387510453273e-12,2.7798211132918192e-07,118489.99135471275,0.30740392085143409,-5.9813624278511802e-13
1848,1.3419080521257191e-11,5.8650968776133183e-15,ELECTRODE_ATTACHMENT,CONFIRMED,6.7008215434817968e-05,41710347.162276477,15.840746736556765,6225783238167585,3.1871311691527853e-05,2.3460387672517334e-12,2.7781058710406492e-07,118416.87826391125,0.30756280394729019,-5.9815858026515973e-13
1849,1.342494561817532e-11,5.8650969181293343e-15,ELECTRODE_ATTACHMENT,CONFIRMED,6.7010216605437576e-05,41710346.952182822,15.840746656767442,6229621172722316,3.1890959028584798e-05,2.3460387834624342e-12,2.7763943394940656e-07,118343.92334283942,0.30772153011201769,-5.9818043940153316e-13
1850,1.3430810715133977e-11,5.8650969586560851e-15,ELECTRODE_ATTACHMENT,CONFIRMED,6.7012215724962404e-05,41710346.742033653,15.840746576957034,6233455522379786,3.1910588013686019e-05,2.346038799677417e-12,2.7746865112615787e-07,118271.1262764751,0.30788009915916542,-5.982018204340902e-13
1851,1.3436675812133171e-11,5.8650969991935431e-15,ELECTRODE_ATTACHMENT,CONFIRMED,6.7014212796492293e-05,41710346.531829253,15.840746497125652,6237286281732455,3.1930198619148974e-05,2.3460388158966618e-12,2.7729823789727459e-07,118198.48675065102,0.30803851090276152,-5.982227236045865e-13
1852,1.3442540909172912e-11,5.8650970397416547e-15,ELECTRODE_ATTACHMENT,CONFIRMED,6.7016207823120119e-05,41710346.321569778,15.840746417273355,6241113445383966,3.1949790817348369e-05,2.3460388321201571e-12,2.7712819352771095e-07,118126.00445205132,0.30819676515731143,-5.982431491566841e-13
1853,1.3448406006253213e-11,5.8650970803003946e-15,ELECTRODE_ATTACHMENT,CONFIRMED,6.7018200807931848e-05,41710346.111255281,15.840746337400159,6244937007949169,3.1969364580716289e-05,2.3460388483478979e-12,2.7695851728441263e-07,118053.67906820867,0.3083548617377978,-5.9826309733595052e-13
1854,1.3454271103374082e-11,5.8650971208697463e-15,ELECTRODE_ATTACHMENT,CONFIRMED,6.7020191754006518e-05,41710345.900886029,15.84074625750617,6248756964054143,3.1988919881742284e-05,2.3460388645798642e-12,2.7678920843631045e-07,117981.51028750272,0.30851280045968699,-5.9828256838986515e-13
1855,1.3460136200535532e-11,5.8650971614496616e-15,ELECTRODE_ATTACHMENT,CONFIRMED,6.7022180664416244e-05,41710345.690462202,15.840746177591454,6252573308336224,3.2008456692973561e-05,2.3460388808160415e-12,2.7662026625431324e-07,117909.49779915591,0.3086705811389252,-5.9830156256781657e-13
1856,1.3466001297737572e-11,5.8650972020401042e-15,ELECTRODE_ATTACHMENT,CONFIRMED,6.7024167542226295e-05,41710345.479983941,15.840746097656066,6256386035444025,3.2027974987015023e-05,2.3460388970564194e-12,2.7645169001130165e-07,117837.641293231,0.30882820359193941,-5.9832008012110633e-13
1857,1.3471866394980214e-11,5.8650972426410482e-15,ELECTRODE_ATTACHMENT,CONFIRMED,6.7026152390495058e-05,41710345.269451439,15.840746017700077,6260195140037463,3.2047474736529466e-05,2.3460389133009808e-12,2.7628347898212126e-07,117765.94046062866,0.30898566763564067,-5.9833812130294935e-13
1858,1.3477731492263466e-11,5.8650972832524533e-15,ELECTRODE_ATTACHMENT,CONFIRMED,6.7028135212274031e-05,41710345.058864824,15.840745937723536,6264000616787783,3.2066955914237673e-05,2.3460389295497197e-12,2.7611563244357585e-07,117694.39499308365,0.309142973087422,-5.9835568636847723e-13
1859,1.3483596589587341e-11,5.8650973238742989e-15,ELECTRODE_ATTACHMENT,CONFIRMED,6.7030116010607926e-05,41710344.848224282,15.840745857726517,6267802460377580,3.2086418492918512e-05,2.3460389458026184e-12,2.7594814967442139e-07,117623.00458316348,0.30930011976516181,-5.9837277557473825e-13
1860,1.3489461686951847e-11,5.8650973645065465e-15,ELECTRODE_ATTACHMENT,CONFIRMED,6.7032094788534584e-05,41710344.637530014,15.840745777709092,6271600665500826,3.2105862445409121e-05,2.3460389620596638e-12,2.7578102995535875e-07,117551.76892426443,0.30945710748722427,-5.9838938918070084e-13
1861,1.3495326784356996e-11,5.8650974051491604e-15,ELECTRODE_ATTACHMENT,CONFIRMED,6.7034071549085039e-05,41710344.426782139,15.840745697671309,6275395226862892,3.2125287744604953e-05,2.3460389783208448e-12,2.756142725690279e-07,117480.68771060923,0.30961393607245791,-5.9840552744725344e-13
1862,1.3501191881802797e-11,5.8650974458021124e-15,ELECTRODE_ATTACHMENT,CONFIRMED,6.7036046295283565e-05,41710344.215980895,15.840745617613258,6279186139180573,3.2144694363459989e-05,2.3460389945861455e-12,2.7544787680000062e-07,117409.7606372443,0.30977060534020046,-5.9842119063720795e-13
1863,1.3507056979289263e-11,5.8650974864653638e-15,ELECTRODE_ATTACHMENT,CONFIRMED,6.7038019030147647e-05,41710344.00512635,15.840745537534964,6282973397182112,3.216408227498679e-05,2.3460390108555587e-12,2.7528184193477468e-07,117338.98740003658,0.30992711511027415,-5.9843637901529832e-13
1864,1.3512922076816401e-11,5.8650975271388972e-15,ELECTRODE_ATTACHMENT,CONFIRMED,6.7039989756687978e-05,41710343.794218831,15.840745457436551,6286756995607224,3.2183451452256641e-05,2.3460390271290593e-12,2.7511616726176713e-07,117268.36769567199,0.31008346520299462,-5.9845109284818842e-13
1865,1.3518787174384223e-11,5.8650975678226487e-15,ELECTRODE_ATTACHMENT,CONFIRMED,6.7041958477908489e-05,41710343.583258413,15.840745377318049,6290536929207120,3.2202801868399691e-05,2.3460390434066417e-12,2.7495085207130787e-07,117197.90122165086,0.3102396554391621,-5.9846533240446565e-13
1866,1.352465227199274e-11,5.8650976085166057e-15,ELECTRODE_ATTACHMENT,CONFIRMED,6.7043925196806471e-05,41710343.372245185,15.84074529717949,6294313192744532,3.2222133496605064e-05,2.346039059688299e-12,2.7478589565563312e-07,117127.58767628613,0.31039568564006781,-5.9847909795464718e-13
1867,1.353051736964196e-11,5.8650976492207476e-15,ELECTRODE_ATTACHMENT,CONFIRMED,6.7585846835857389e-05,41710343.161179416,15.840745217020977,6298085780993737,3.224144631012098e-05,2.3460390759740099e-12,2.7462129730887925e-07,117057.42675870143,0.31039902264938307,-5.9849238977118419e-13
1868,1.3536382467331894e-11,5.8650976899350249e-15,ELECTRODE_ATTACHMENT,CONFIRMED,6.7587302000377277e-05,41710342.950061366,15.84074513684261,6301854688740579,3.2260740282254875e-05,2.3460390922637556e-12,2.7445705632707616e-07,116987.41816882737,0.31055505318135829,-5.9850520812845851e-13
1869,1.3542247565062554e-11,5.8650977306593885e-15,ELECTRODE_ATTACHMENT,CONFIRMED,6.7588755840929644e-05,41710342.738890998,15.840745056644373,6305619910782497,3.2280015386373554e-05,2.3460391085575379e-12,2.7429317200814101e-07,116917.56160739799,0.31071092244450538,-5.9851755330278502e-13
1870,1.3548112662833948e-11,5.8650977713938448e-15,ELECTRODE_ATTACHMENT,CONFIRMED,6.7590208359731576e-05,41710342.527668536,15.84074497642635,6309381441928545,3.2299271595903269e-05,2.3460391248553398e-12,2.7412964365187222e-07,116847.85677595017,0.31086663026315892,-5.9852942557241559e-13
1871,1.3553977760646087e-11,5.8650978121383505e-15,ELECTRODE_ATTACHMENT,CONFIRMED,6.7591659558993071e-05,41710342.316394314,15.840744896188673,6313139276999419,3.2318508884329855e-05,2.3460391411571374e-12,2.7396647055994263e-07,116778.30337682008,0.31102217646214947,-5.9854082521754291e-13
1872,1.355984285849898e-11,5.8650978528928446e-15,ELECTRODE_ATTACHMENT,CONFIRMED,6.7593109440917213e-05,41710342.105068363,15.840744815931348,6316893410827481,3.2337727225198902e-05,2.3460391574629251e-12,2.7380365203589354e-07,116708.90111313945,0.31117756086679765,-5.9855175252029504e-13
1873,1.3565707956392636e-11,5.8650978936573139e-15,ELECTRODE_ATTACHMENT,CONFIRMED,6.75945580077e-05,41710341.893690877,15.84074473565445,6320643838256781,3.235692659211582e-05,2.34603917377269e-12,2.7364118738512812e-07,116639.649688834,0.31133278330292125,-5.9856220776474258e-13
1874,1.3571573054327069e-11,5.8650979344317253e-15,ELECTRODE_ATTACHMENT,CONFIRMED,6.7596005261530545e-05,41710341.682261951,15.840744655358019,6324390554143084,3.2376106958745995e-05,2.3460391900864244e-12,2.7347907591490566e-07,116570.54880862034,0.31148784359683335,-5.9857219123689857e-13
1875,1.3577438152302285e-11,5.8650979752160613e-15,ELECTRODE_ATTACHMENT,CONFIRMED,6.7597451204590953e-05,41710341.470781907,15.840744575042173,6328133553353891,3.2395268298814871e-05,2.3460392064041025e-12,2.7331731693433501e-07,116501.59817800437,0.31164274157534722,-5.9858170322472245e-13
1876,1.3583303250318295e-11,5.8650980160102572e-15,ELECTRODE_ATTACHMENT,CONFIRMED,6.7598895839056445e-05,41710341.259250827,15.840744494706945,6331872830768466,3.2414410586108127e-05,2.3460392227257189e-12,2.7315590975436858e-07,116432.79750327682,0.3117974770657706,-5.985907440181184e-13
1877,1.358916834837511e-11,5.8650980568142974e-15,ELECTRODE_ATTACHMENT,CONFIRMED,6.7600339167095373e-05,41710341.047668882,15.840744414352399,6335608381277859,3.2433533794471799e-05,2.3460392390512604e-12,2.7299485368779556e-07,116364.14649151172,0.3119520498959108,-5.985993139089386e-13
1878,1.3595033446472738e-11,5.865098097628151e-15,ELECTRODE_ATTACHMENT,CONFIRMED,6.7601781190869146e-05,41710340.836036175,15.840744333978574,6339340199784929,3.2452637897812325e-05,2.3460392553807189e-12,2.7283414804923681e-07,116295.64485056362,0.31210645989407382,-5.9860741319098483e-13
1879,1.360089854461119e-11,5.8650981384517983e-15,ELECTRODE_ATTACHMENT,CONFIRMED,6.7603221912532427e-05,41710340.624353074,15.840744253585612,6343068281204371,3.247172287009677e-05,2.3460392717140654e-12,2.726737921551378e-07,116227.29228906582,0.31226070688907082,-5.9861504216001255e-13
1880,1.3606763642790474e-11,5.8650981792851651e-15,ELECTRODE_ATTACHMENT,CONFIRMED,6.760466133423294e-05,41710340.412619561,15.840744173173503,6346792620462736,3.2490788685352895e-05,2.3460392880513029e-12,2.7251378532376279e-07,116159.08851642534,0.31241479071020706,-5.9862220111372719e-13
1881,1.3612628741010603e-11,5.8650982201282579e-15,ELECTRODE_ATTACHMENT,CONFIRMED,6.7606099458111685e-05,41710340.200835891,15.840744092742346,6350513212498460,3.2509835317669279e-05,2.3460393043924106e-12,2.7235412687518902e-07,116091.03324282315,0.31256871118729468,-5.986288903517914e-13
1882,1.3618493839271584e-11,5.8650982609810267e-15,ELECTRODE_ATTACHMENT,CONFIRMED,6.760753628630286e-05,41710339.989002198,15.840744012292191,6354230052261884,3.2528862741195478e-05,2.3460393207373771e-12,2.7219481613130006e-07,116023.12617920968,0.31272246815064714,-5.9863511017582298e-13
1883,1.3624358937573427e-11,5.8650983018434434e-15,ELECTRODE_ATTACHMENT,CONFIRMED,6.7608971820933873e-05,41710339.777118705,15.840743931823123,6357943134715280,3.2547870930142077e-05,2.3460393370861875e-12,2.7203585241578045e-07,115955.36703730324,0.31287606143108176,-5.9864086088939943e-13
1884,1.3630224035916143e-11,5.8650983427154692e-15,ELECTRODE_ATTACHMENT,CONFIRMED,6.7610406064125478e-05,41710339.565185532,15.840743851335189,6361652454832876,3.2566859858780918e-05,2.3460393534388321e-12,2.7187723505410883e-07,115887.75552958662,0.31302949085991999,-5.9864614279805756e-13
1885,1.3636089134299739e-11,5.8650983835970812e-15,ELECTRODE_ATTACHMENT,CONFIRMED,6.7611839017991639e-05,41710339.353202879,15.840743770828462,6365358007600878,3.2585829501445153e-05,2.3460393697952932e-12,2.7171896337355243e-07,115820.29136930539,0.31318275626898961,-5.9865095620929612e-13
1886,1.3641954232724228e-11,5.8650984244882329e-15,ELECTRODE_ATTACHMENT,CONFIRMED,6.7613270684639652e-05,41710339.141170882,15.840743690302995,6369059788017495,3.2604779832529337e-05,2.3460393861555629e-12,2.7156103670316157e-07,115752.97427046466,0.31333585749062293,-5.9865530143257697e-13
1887,1.3647819331189616e-11,5.8650984653889077e-15,ELECTRODE_ATTACHMENT,CONFIRMED,6.7614701066170117e-05,41710338.929089688,15.840743609758844,6372757791092964,3.2623710826489659e-05,2.3460394025196277e-12,2.7140345437376228e-07,115685.80394782676,0.31348879435766031,-5.9865917877932826e-13
1888,1.3653684429695915e-11,5.8650985062990702e-15,ELECTRODE_ATTACHMENT,CONFIRMED,6.7616130164677049e-05,41710338.716959536,15.8407435291961,6376452011849574,3.2642622457843946e-05,2.3460394188874718e-12,2.7124621571795193e-07,115618.78011690915,0.3136415667034505,-5.9866258856294443e-13
1889,1.3659549528243133e-11,5.8650985472186808e-15,ELECTRODE_ATTACHMENT,CONFIRMED,6.7617557982247795e-05,41710338.504780613,15.840743448614834,6380142445321688,3.2661514701171885e-05,2.3460394352590785e-12,2.7108932007009203e-07,115551.90249398131,0.31379417436185125,-5.9866553109879019e-13
1890,1.3665414626831281e-11,5.8650985881476963e-15,ELECTRODE_ATTACHMENT,CONFIRMED,6.7618984520963115e-05,41710338.29255297,15.840743368015065,6383829086555770,3.2680387531115093e-05,2.3460394516344439e-12,2.7093276676630296e-07,115485.17079606182,0.31394661716722638,-5.9866800670419766e-13
1891,1.3671279725460367e-11,5.8650986290861102e-15,ELECTRODE_ATTACHMENT,CONFIRMED,6.7620409782897156e-05,41710338.08027681,15.840743287396871,6387511930610408,3.2699240922377236e-05,2.3460394680135535e-12,2.7077655514445812e-07,115418.58474091698,0.31409889495445331,-5.986700156984742e-13
1892,1.3677144824130401e-11,5.8650986700338848e-15,ELECTRODE_ATTACHMENT,CONFIRMED,6.7621833770117531e-05,41710337.867952473,15.840743206760379,6391190972556338,3.2718074849724198e-05,2.3460394843963809e-12,2.706206845441775e-07,115352.14404705822,0.31425100755892238,-5.9867155840290163e-13
1893,1.3683009922841391e-11,5.8650987109909529e-15,ELECTRODE_ATTACHMENT,CONFIRMED,6.762325648468531e-05,41710337.655579887,15.840743126105565,6394866207476468,3.2736889287984133e-05,2.3460395007829318e-12,2.7046515430682271e-07,115285.84843373769,0.31440295481652936,-5.986726351407339e-13
1894,1.3688875021593348e-11,5.8650987519573304e-15,ELECTRODE_ATTACHMENT,CONFIRMED,6.7624677928655055e-05,41710337.443159357,15.840743045432541,6398537630465902,3.2755684212047676e-05,2.3460395171731824e-12,2.7030996377549012e-07,115219.69762094851,0.31455473656368921,-5.9867324623720676e-13
1895,1.3694740120386281e-11,5.8650987929329572e-15,ELECTRODE_ATTACHMENT,CONFIRMED,6.762609810407481e-05,41710337.230691038,15.840742964741368,6402205236631965,3.2774459596868018e-05,2.346039533567119e-12,2.7015511229500552e-07,115153.69132942044,0.31470635263732799,-5.9867339201953225e-13
1896,1.3700605219220198e-11,5.8650988339177972e-15,ELECTRODE_ATTACHMENT,CONFIRMED,6.7627517012986156e-05,41710337.01817508,15.840742884032103,6405869021094226,3.2793215417460985e-05,2.3460395499647327e-12,2.7000059921191881e-07,115087.82928061791,0.31485780287488574,-5.9867307281690544e-13
1897,1.3706470318095109e-11,5.8650988749118314e-15,ELECTRODE_ATTACHMENT,CONFIRMED,6.7628934657424221e-05,41710336.805611663,15.840742803304813,6409528978984524,3.2811951648905256e-05,2.3460395663660088e-12,2.6984642387449735e-07,115022.11119673769,0.31500908711431846,-5.9867228896050311e-13
1898,1.3712335417011024e-11,5.8650989159150226e-15,ELECTRODE_ATTACHMENT,CONFIRMED,6.763035103941771e-05,41710336.593000941,15.840742722559559,6413185105446990,3.2830668266342439e-05,2.3460395827709351e-12,2.6969258563272057e-07,114956.53680070626,0.31516020519409821,-5.9867104078348749e-13
1899,1.3718200515967952e-11,5.8650989569273386e-15,ELECTRODE_ATTACHMENT,CONFIRMED,6.7631766160988836e-05,41710336.380343109,15.840742641796414,6416837395638073,3.284936524497717e-05,2.3460395991794959e-12,2.6953908383827444e-07,114891.10581617763,0.31531115695321427,-5.9866932862100638e-13
1900,1.3724065614965901e-11,5.8650989979487407e-15,ELECTRODE_ATTACHMENT,CONFIRMED,6.7633180024153578e-05,41710336.167638324,15.840742561015436,6420485844726562,3.2868042560077286e-05,2.3460396155916802e-12,2.6938591784454539e-07,114825.81796753046,0.31546194223117319,-5.9866715281019647e-13
1901,1.372993071400488e-11,5.8650990389792013e-15,ELECTRODE_ATTACHMENT,CONFIRMED,6.7634592630921384e-05,41710335.954886779,15.840742480216699,6424130447893613,3.2886700186973915e-05,2.3460396320074728e-12,2.692330870066147e-07,114760.67297986598,0.31561256086800071,-5.9866451369018504e-13
1902,1.3735795813084898e-11,5.8650990800186826e-15,ELECTRODE_ATTACHMENT,CONFIRMED,6.7636003983295452e-05,41710335.742088526,15.840742399400224,6427771200332771,3.2905338101061631e-05,2.346039648426869e-12,2.6908059068125292e-07,114695.67057900502,0.31576301270423962,-5.9866141160208868e-13
1903,1.3741660912205964e-11,5.8650991210671734e-15,ELECTRODE_ATTACHMENT,CONFIRMED,6.7637414083272611e-05,41710335.529243909,15.840742318566141,6431408097249994,3.2923956277798514e-05,2.3460396648498442e-12,2.6892842822691428e-07,114630.81049148705,0.31591329758095776,-5.9865784688902074e-13
1904,1.374752601136809e-11,5.8650991621246106e-15,ELECTRODE_ATTACHMENT,CONFIRMED,6.7638822932843375e-05,41710335.316352949,15.840742237714457,6435041133863678,3.2942554692706363e-05,2.3460396812763946e-12,2.6877659900373054e-07,114566.09244456555,0.31606341533973864,-5.9865381989608717e-13
1905,1.375339111057128e-11,5.8650992031909873e-15,ELECTRODE_ATTACHMENT,CONFIRMED,6.7640230533992012e-05,41710335.103415899,15.84074215684527,6438670305404682,3.296113332137074e-05,2.3460396977065014e-12,2.6862510237350618e-07,114501.51616620777,0.31621336582269194,-5.9864933097039336e-13
1906,1.3759256209815546e-11,5.8650992442662544e-15,ELECTRODE_ATTACHMENT,CONFIRMED,6.7641636888696443e-05,41710334.890432931,15.840742075958644,6442295607116351,3.2979692139441142e-05,2.3460397141401507e-12,2.6847393769971196e-07,114437.08138509096,0.31636314887244843,-5.9864438046104202e-13
1907,1.3765121309100897e-11,5.8650992853503772e-15,ELECTRODE_ATTACHMENT,CONFIRMED,6.7643041998928426e-05,41710334.677404165,15.840741995054625,6445917034254540,3.2998231122631103e-05,2.346039730577335e-12,2.683231043474798e-07,114372.78783060012,0.31651276433216108,-5.9863896871913731e-13
1908,1.3770986408427341e-11,5.8650993264433385e-15,ELECTRODE_ATTACHMENT,CONFIRMED,6.7644445866653431e-05,41710334.464329809,15.840741914133291,6449534582087639,3.3016750246718331e-05,2.3460397470180371e-12,2.681726016835971e-07,114308.63523282639,0.31666221204550943,-5.9863309609778547e-13
1909,1.3776851507794886e-11,5.8650993675450932e-15,ELECTRODE_ATTACHMENT,CONFIRMED,6.7645848493830759e-05,41710334.251210026,15.840741833194706,6453148245896596,3.3035249487544845e-05,2.3460397634622439e-12,2.680224290765009e-07,114244.62332256387,0.31681149185669749,-5.9862676295209832e-13
1910,1.3782716607203542e-11,5.8650994086556113e-15,ELECTRODE_ATTACHMENT,CONFIRMED,6.7647249882413465e-05,41710334.038044915,15.840741752238905,6456758020974943,3.3053728821017023e-05,2.3460397799099497e-12,2.6787258589627313e-07,114180.75183130745,0.31696060361045308,-5.9861996963919069e-13
1911,1.3788581706653316e-11,5.8650994497748748e-15,ELECTRODE_ATTACHMENT,CONFIRMED,6.7648650034348492e-05,41710333.824834757,15.840741671265997,6460363902628819,3.3072188223105848e-05,2.3460397963611302e-12,2.6772307151463391e-07,114117.02049125121,0.31710954715203582,-5.9861271651819054e-13
1912,1.3794446806144218e-11,5.8650994909028259e-15,ELECTRODE_ATTACHMENT,CONFIRMED,6.7650048951576629e-05,41710333.611579642,15.840741590276014,6463965886176993,3.3090627669846914e-05,2.3460398128157801e-12,2.6757388530493723e-07,114053.42903528472,0.317258322327228,-5.9860500395023075e-13
1913,1.3800311905676258e-11,5.8650995320394507e-15,ELECTRODE_ATTACHMENT,CONFIRMED,6.76514466360325e-05,41710333.398279808,15.84074150926905,6467563966950890,3.3109047137340619e-05,2.3460398292738821e-12,2.6742502664216465e-07,113989.97719699192,0.31740692898234368,-5.9859683229845868e-13
1914,1.3806177005249442e-11,5.8650995731847055e-15,ELECTRODE_ATTACHMENT,CONFIRMED,6.7652843089644656e-05,41710333.184935324,15.840741428245128,6471158140294616,3.312744660175228e-05,2.346039845735427e-12,2.6727649490292011e-07,113926.66471064789,0.31755536696422382,-5.9858820192803335e-13
1915,1.381204210486378e-11,5.8650996143385692e-15,ELECTRODE_ATTACHMENT,CONFIRMED,6.765423831433551e-05,41710332.971546426,15.840741347204338,6474748401564979,3.3145826039312251e-05,2.346039862200401e-12,2.671282894654243e-07,113863.49131121709,0.31770363612024127,-5.9857911320613108e-13
1916,1.3817907204519281e-11,5.865099655501003e-15,ELECTRODE_ATTACHMENT,CONFIRMED,6.765563231202147e-05,41710332.758113295,15.840741266146749,6478334746131515,3.3164185426316008e-05,2.346039878668787e-12,2.6698040970950976e-07,113800.45673435117,0.31785173629829999,-5.9856956650194311e-13
1917,1.3823772304215952e-11,5.8650996966719692e-15,ELECTRODE_ATTACHMENT,CONFIRMED,6.7657025084612792e-05,41710332.544636078,15.840741185072416,6481917169376514,3.3182524739124347e-05,2.3460398951405763e-12,2.6683285501661481e-07,113737.56071638585,0.31799966734683432,-5.9855956218668169e-13
1918,1.3829637403953804e-11,5.8650997378514425e-15,ELECTRODE_ATTACHMENT,CONFIRMED,6.7658416634013837e-05,41710332.331114903,15.84074110398139,6485495666695041,3.3200843954163479e-05,2.3460399116157568e-12,2.6668562476977822e-07,113674.80299433925,0.31814742911481164,-5.9854910063357773e-13
1919,1.3835502503732842e-11,5.8650997790393921e-15,ELECTRODE_ATTACHMENT,CONFIRMED,6.7659806962122826e-05,41710332.117549971,15.840741022873745,6489070233494961,3.3219143047925083e-05,2.346039928094313e-12,2.6653871835363452e-07,113612.1833059098,0.31829502145173338,-5.9853818221788679e-13
1920,1.3841367603553079e-11,5.865099820235784e-15,ELECTRODE_ATTACHMENT,CONFIRMED,6.7661196070832044e-05,41710331.903941534,15.84074094174958,6492640865196965,3.3237421996966539e-05,2.346039944576228e-12,2.6639213515440792e-07,113549.70138947362,0.31844244420763612,-5.9852680731688785e-13
1921,1.3847232703414519e-11,5.8650998614405711e-15,ELECTRODE_ATTACHMENT,CONFIRMED,6.7662583962027785e-05,41710331.690289646,15.840740860608911,6496207557234593,3.3255680777911019e-05,2.3460399610614949e-12,2.6624587455990678e-07,113487.35698408161,0.31858969723308878,-5.9851497630988633e-13
1922,1.3853097803317173e-11,5.8650999026537382e-15,ELECTRODE_ATTACHMENT,CONFIRMED,6.766397063759041e-05,41710331.476594456,15.840740779451798,6499770305054257,3.3273919367447553e-05,2.3460399775501029e-12,2.6609993595951925e-07,113425.14982945823,0.31873678037919728,-5.9850268957821441e-13
1923,1.3858962903261048e-11,5.8650999438752585e-15,ELECTRODE_ATTACHMENT,CONFIRMED,6.7665356099394299e-05,41710331.262856185,15.840740698278323,6503329104115267,3.3292137742331212e-05,2.3460399940420353e-12,2.6595431874420703e-07,113363.07966599899,0.31888369349760559,-5.9848994750523779e-13
1924,1.3864828003246154e-11,5.8650999851050887e-15,ELECTRODE_ATTACHMENT,CONFIRMED,6.7666740349307941e-05,41710331.049075074,15.840740617088578,6506883949889854,3.3310335879383203e-05,2.3460400105372737e-12,2.6580902230650069e-07,113301.14623476817,0.31903043644049545,-5.9847675047635136e-13
1925,1.3870693103272497e-11,5.8651000263431854e-15,ELECTRODE_ATTACHMENT,CONFIRMED,6.7668123389193899e-05,41710330.835251197,15.840740535882592,6510434837863196,3.3328513755491054e-05,2.3460400270358122e-12,2.6566404604049365e-07,113239.34927749564,0.31917700906058449,-5.984630988789841e-13
1926,1.3876558203340086e-11,5.8651000675895312e-15,ELECTRODE_ATTACHMENT,CONFIRMED,6.766950522090891e-05,41710330.621384673,15.840740454660409,6513981763533440,3.3346671347608631e-05,2.3460400435376418e-12,2.6551938934183774e-07,113177.6885365757,0.31932341121112984,-5.9844899310260037e-13
1927,1.3882423303448931e-11,5.8651001088441056e-15,ELECTRODE_ATTACHMENT,CONFIRMED,6.7670885846303776e-05,41710330.407475822,15.84074037342215,6517524722411727,3.3364808632756357e-05,2.3460400600427364e-12,2.6537505160773741e-07,113116.16375506531,0.31946964274593276,-5.9843443353870429e-13
1928,1.3888288403599038e-11,5.8651001501068415e-15,ELECTRODE_ATTACHMENT,CONFIRMED,6.7672265267223496e-05,41710330.193524741,15.840740292167855,6521063710022217,3.3382925588021267e-05,2.3460400765510909e-12,2.6523103223694485e-07,113054.77467668007,0.31961570351933055,-5.9841942058083712e-13
1929,1.3894153503790415e-11,5.865100191377728e-15,ELECTRODE_ATTACHMENT,CONFIRMED,6.767364348550723e-05,41710329.979531556,15.840740210897568,6524598721902113,3.3401022190557193e-05,2.3460400930626939e-12,2.6508733062975449e-07,112993.52104579334,0.31976159338620347,-5.9840395462458082e-13
1930,1.3900018604023072e-11,5.8651002326567358e-15,ELECTRODE_ATTACHMENT,CONFIRMED,6.7675020502988296e-05,41710329.765496433,15.840740129611355,6528129753601684,3.3419098417584866e-05,2.3460401095775338e-12,2.649439461879976e-07,112932.40260743356,0.31990731220197466,-5.983880360675626e-13
1931,1.3905883704297015e-11,5.8651002739438349e-15,ELECTRODE_ATTACHMENT,CONFIRMED,6.7676396321494293e-05,41710329.551419549,15.840740048309282,6531656800684290,3.3437154246392004e-05,2.3460401260955955e-12,2.6480087831503786e-07,112871.41910728251,0.32005285982261067,-5.9837166530945327e-13
1932,1.3911748804612254e-11,5.8651003152389891e-15,ELECTRODE_ATTACHMENT,CONFIRMED,6.7677770942846992e-05,41710329.337301135,15.840739966991437,6535179858726407,3.3455189654333481e-05,2.3460401426168614e-12,2.6465812641576551e-07,112810.57029167279,0.32019823610462372,-5.98354842751972e-13
1933,1.3917613904968796e-11,5.8651003565421534e-15,ELECTRODE_ATTACHMENT,CONFIRMED,6.7679144368862392e-05,41710329.123141326,15.84073988565787,6538698923317651,3.3473204618831437e-05,2.3460401591413212e-12,2.6451568989659239e-07,112749.85590758527,0.32034344090506828,-5.9833756879888561e-13
1934,1.392347900536665e-11,5.8651003978533041e-15,ELECTRODE_ATTACHMENT,CONFIRMED,6.7680516601350825e-05,41710328.908940256,15.840739804308633,6542213990060800,3.3491199117375395e-05,2.3460401756689662e-12,2.6437356816544693e-07,112689.27570264717,0.32048847408154518,-5.9831984385601163e-13
1935,1.3929344105805822e-11,5.865100439172416e-15,ELECTRODE_ATTACHMENT,CONFIRMED,6.768188764211681e-05,41710328.694698133,15.840739722943805,6545725054571821,3.350917312752239e-05,2.346040192199779e-12,2.6423176063176896e-07,112628.82942513036,0.32063333549220324,-5.9830166833122087e-13
1936,1.3935209206286322e-11,5.8651004804994481e-15,ELECTRODE_ATTACHMENT,CONFIRMED,6.7683257492959242e-05,41710328.480415128,15.840739641563452,6549232112479893,3.3527126626897098e-05,2.346040208733745e-12,2.640902667065044e-07,112568.51682394858,0.32077802499573776,-5.9828304263443859e-13
1937,1.3941074306808156e-11,5.8651005218343632e-15,ELECTRODE_ATTACHMENT,CONFIRMED,6.7684626155671297e-05,41710328.266091354,15.840739560167615,6552735159427433,3.3545059593191958e-05,2.3460402252708589e-12,2.6394908580210054e-07,112508.33764865504,0.32092254245139118,-5.9826396717764566e-13
1938,1.3946939407371333e-11,5.8651005631771472e-15,ELECTRODE_ATTACHMENT,CONFIRMED,6.7685993632040498e-05,41710328.051726989,15.840739478756362,6556234191070117,3.3562972004167301e-05,2.3460402418111031e-12,2.6380821733250058e-07,112448.29164944125,0.32106688771895669,-5.9824444237488253e-13
1939,1.3952804507975861e-11,5.8651006045277591e-15,ELECTRODE_ATTACHMENT,CONFIRMED,6.768735992384865e-05,41710327.83732228,15.840739397329788,6559729203076906,3.3580863837651428e-05,2.3460402583544621e-12,2.6366766071313913e-07,112388.37857713425,0.3212110606587778,-5.9822446864225014e-13
1940,1.3958669608621748e-11,5.8651006458861547e-15,ELECTRODE_ATTACHMENT,CONFIRMED,6.7688725032872071e-05,41710327.622877248,15.840739315887898,6563220191130071,3.359873507154084e-05,2.3460402749009315e-12,2.6352741536093627e-07,112328.59818319381,0.32135506113174528,-5.9820404639790937e-13
1941,1.3964534709309e-11,5.8651006872523293e-15,ELECTRODE_ATTACHMENT,CONFIRMED,6.7690088960881302e-05,41710327.408392198,15.840739234430814,6566707150925217,3.3616585683800223e-05,2.3460402914504891e-12,2.6338748069429369e-07,112268.95021971203,0.32149888899930607,-5.981831760620888e-13
1942,1.3970399810037626e-11,5.8651007286262236e-15,ELECTRODE_ATTACHMENT,CONFIRMED,6.7691451709641384e-05,41710327.193867221,15.840739152958562,6570190078171306,3.3634415652462695e-05,2.3460403080031273e-12,2.6324785613308855e-07,112209.43443940932,0.32164254412345611,-5.9816185805708036e-13
1943,1.3976264910807634e-11,5.8651007700078196e-15,ELECTRODE_ATTACHMENT,CONFIRMED,6.7692813280911747e-05,41710326.979302585,15.840739071471251,6573668968590682,3.3652224955629864e-05,2.3460403245588265e-12,2.6310854109866915e-07,112150.05059563364,0.32178602636674691,-5.9814009280724611e-13
1944,1.3982130011619031e-11,5.8651008113970668e-15,ELECTRODE_ATTACHMENT,CONFIRMED,6.7694173676446264e-05,41710326.764698297,15.84073898996888,6577143817919096,3.3670013571471977e-05,2.3460403411175857e-12,2.6296953501384987e-07,112090.79844235705,0.32192933559227999,-5.9811788073901591e-13
1945,1.3987995112471825e-11,5.8651008527939651e-15,ELECTRODE_ATTACHMENT,CONFIRMED,6.7695532897993265e-05,41710326.550054632,15.840738908451556,6580614621905729,3.3687781478228013e-05,2.346040357679383e-12,2.6283083730290613e-07,112031.67773417536,0.32207247166371628,-5.9809522228089326e-13
1946,1.3993860213366023e-11,5.8651008941984578e-15,ELECTRODE_ATTACHMENT,CONFIRMED,6.7696890947295524e-05,41710326.33537177,15.840738826919344,6584081376313218,3.3705528654205871e-05,2.3460403742442051e-12,2.626924473915691e-07,111972.6882263045,0.3222154344452704,-5.9807211786345606e-13
1947,1.3999725314301633e-11,5.8651009356105125e-15,ELECTRODE_ATTACHMENT,CONFIRMED,6.7698247826090339e-05,41710326.120649785,15.840738745372274,6587544076917678,3.3723255077782392e-05,2.3460403908120459e-12,2.6255436470702172e-07,111913.82967457885,0.3223582238017117,-5.9804856791935571e-13
1948,1.4005590415278663e-11,5.865100977030115e-15,ELECTRODE_ATTACHMENT,CONFIRMED,6.7699603536109439e-05,41710325.905888878,15.840738663810422,6591002719508728,3.3740960727403616e-05,2.3460404073828897e-12,2.6241658867789254e-07,111855.10183544949,0.32250083959836895,-5.980245728833236e-13
1949,1.4011455516297121e-11,5.8651010184572251e-15,ELECTRODE_ATTACHMENT,CONFIRMED,6.7700958079079199e-05,41710325.69108931,15.840738582233888,6594457299889515,3.3758645581584777e-05,2.3460404239567183e-12,2.6227911873425185e-07,111796.50446598213,0.32264328170112977,-5.9800013319217085e-13
1950,1.4017320617357013e-11,5.8651010598917963e-15,ELECTRODE_ATTACHMENT,CONFIRMED,6.770231145672041e-05,41710325.476251058,15.840738500642663,6597907813876739,3.377630961891053e-05,2.34604044053353e-12,2.6214195430760609e-07,111738.03732385385,0.3227855499764366,-5.9797524928478899e-13
1951,1.4023185718458347e-11,5.8651011013338261e-15,ELECTRODE_ATTACHMENT,CONFIRMED,6.7703663670748497e-05,41710325.261374503,15.840738419036891,6601354257300674,3.3793952818034982e-05,2.3460404571132987e-12,2.6200509483089363e-07,111679.70016735328,0.32292764429129744,-5.9794992160215596e-13
1952,1.4029050819601131e-11,5.8651011427832476e-15,ELECTRODE_ATTACHMENT,CONFIRMED,6.7705014722873355e-05,41710325.046459682,15.840738337416587,6604796626005197,3.3811575157681924e-05,2.3460404736960199e-12,2.6186853973847905e-07,111621.49275537595,0.32306956451327573,-5.9792415058733238e-13
1953,1.403491592078537e-11,5.8651011842400504e-15,ELECTRODE_ATTACHMENT,CONFIRMED,6.7706364614799608e-05,41710324.831506766,15.840738255781813,6608234915847810,3.382917661664485e-05,2.3460404902816802e-12,2.6173228846614922e-07,111563.41484742406,0.32321131051049823,-5.9789793668546855e-13
1954,1.4040781022011073e-11,5.8651012257042015e-15,ELECTRODE_ATTACHMENT,CONFIRMED,6.7707713348226349e-05,41710324.616515942,15.840738174132644,6611669122699663,3.3846757173787137e-05,2.3460405068702664e-12,2.6159634045110796e-07,111505.46620360378,0.32335288215165386,-5.9787128034380394e-13
1955,1.4046646123278249e-11,5.8651012671756669e-15,ELECTRODE_ATTACHMENT,CONFIRMED,6.7709060924847346e-05,41710324.401487403,15.840738092469152,6615099242445581,3.3864316808042188e-05,2.346040523461763e-12,2.6146069513197101e-07,111447.64658462322,0.32349427930599528,-5.9784418201167077e-13
1956,1.4052511224586903e-11,5.8651013086544072e-15,ELECTRODE_ATTACHMENT,CONFIRMED,6.7710407346351027e-05,41710324.186421238,15.84073801079137,6618525270984086,3.3881855498413507e-05,2.3460405400561625e-12,2.6132535194876181e-07,111389.95575179016,0.3236355018433365,-5.9781664214049318e-13
1957,1.4058376325937044e-11,5.8651013501404065e-15,ELECTRODE_ATTACHMENT,CONFIRMED,6.7711752614420441e-05,41710323.971317686,15.840737929099388,6621947204227424,3.3899373223974846e-05,2.3460405566534469e-12,2.611903103429064e-07,111332.39346701071,0.32377654963405955,-5.9778866118379384e-13
1958,1.4064241427328678e-11,5.8651013916336185e-15,ELECTRODE_ATTACHMENT,CONFIRMED,6.7713096730733267e-05,41710323.756176889,15.840737847393262,6625365038101586,3.391686996387035e-05,2.3460405732536051e-12,2.610555697572284e-07,111274.95949278644,0.32391742254910921,-5.9776023959719094e-13
1959,1.4070106528761811e-11,5.8651014331340137e-15,ELECTRODE_ATTACHMENT,CONFIRMED,6.7714439696961955e-05,41710323.54099901,15.840737765673055,6628778768546336,3.3934345697314623e-05,2.3460405898566262e-12,2.6092112963594498e-07,111217.65359221287,0.32405812045999749,-5.9773137783840343e-13
1960,1.4075971630236452e-11,5.8651014746415664e-15,ELECTRODE_ATTACHMENT,CONFIRMED,6.7715781514773575e-05,41710323.325784244,15.840737683938835,6632188391515232,3.395180040359294e-05,2.3460406064624926e-12,2.6078698942466122e-07,111160.4755289774,0.32419864323880399,-5.9770207636725216e-13
1961,1.4081836731752609e-11,5.8651015161562322e-15,ELECTRODE_ATTACHMENT,CONFIRMED,6.7717122185829924e-05,41710323.110532708,15.840737602190654,6635593902975652,3.3969234062061277e-05,2.3460406230711965e-12,2.6065314857036613e-07,111103.42506735696,0.32433899075817496,-5.9767233564566176e-13
1962,1.4087701833310287e-11,5.8651015576779914e-15,ELECTRODE_ATTACHMENT,CONFIRMED,6.7718461711787582e-05,41710322.895244561,15.840737520428567,6638995298908819,3.3986646652146526e-05,2.3460406396827256e-12,2.605196065214274e-07,111046.50197221631,0.3244791628913255,-5.9764215613766196e-13
1963,1.4093566934909493e-11,5.8651015992068141e-15,ELECTRODE_ATTACHMENT,CONFIRMED,6.7719800094297815e-05,41710322.679919966,15.840737438652639,6642392575309825,3.4004038153346539e-05,2.3460406562970674e-12,2.6038636272758701e-07,110989.706009006,0.32461915951204096,-5.9761153830939259e-13
1964,1.4099432036550236e-11,5.8651016407426694e-15,ELECTRODE_ATTACHMENT,CONFIRMED,6.7721137335006673e-05,41710322.46455922,15.840737356862981,6645785728187654,3.4021408545230318e-05,2.3460406729141982e-12,2.6025341663995644e-07,110933.0369437609,0.32475898049467938,-5.9758048262910379e-13
1965,1.4105297138232522e-11,5.8651016822854968e-15,ELECTRODE_ATTACHMENT,CONFIRMED,6.7722473435554947e-05,41710322.249162331,15.840737275059595,6649174753565207,3.403875780743808e-05,2.3460406895341187e-12,2.6012076771101211e-07,110876.49454309652,0.32489862571416422,-5.9754898956715387e-13
1966,1.4111162239956358e-11,5.8651017238352968e-15,ELECTRODE_ATTACHMENT,CONFIRMED,6.7723808397578331e-05,41710322.033729509,15.840737193242564,6652559647479329,3.4056085919681445e-05,2.3460407061568115e-12,2.5998841539459041e-07,110820.07857420891,0.32503809504599523,-5.9751705959601917e-13
1967,1.4117027341721749e-11,5.8651017653920286e-15,ELECTRODE_ATTACHMENT,CONFIRMED,6.7725142222707196e-05,41710321.818260916,15.840737111411949,6655940405980829,3.407339286174352e-05,2.3460407227822653e-12,2.5985635914588329e-07,110763.78880487166,0.32517738836624366,-5.9748469319029123e-13
1968,1.4122892443528706e-11,5.8651018069556637e-15,ELECTRODE_ATTACHMENT,CONFIRMED,6.7726474912566787e-05,41710321.602756709,15.840737029567807,6659317025134507,3.409067861347903e-05,2.3460407394104665e-12,2.5972459842143373e-07,110707.62500343432,0.32531650555155467,-5.9745189082667942e-13
1969,1.4128757545377232e-11,5.8651018485261667e-15,ELECTRODE_ATTACHMENT,CONFIRMED,6.77278064687772e-05,41710321.387217104,15.840736947710221,6662689501019179,3.4107943154814431e-05,2.3460407560413992e-12,2.59593132679131e-07,110651.58693882047,0.32545544647914848,-5.974186529840143e-13
1970,1.4134622647267336e-11,5.8651018901034988e-15,ELECTRODE_ATTACHMENT,CONFIRMED,6.7729136892953368e-05,41710321.171642177,15.840736865839222,6666057829727700,3.4125186465748091e-05,2.3460407726750578e-12,2.5946196137820576e-07,110595.67438052491,0.32559421102681829,-5.9738498014324796e-13
1971,1.4140487749199024e-11,5.8651019316876459e-15,ELECTRODE_ATTACHMENT,CONFIRMED,6.7730466186705101e-05,41710320.956032254,15.840736783954931,6669422007366989,3.4142408526350314e-05,2.3460407893114173e-12,2.5933108397922614e-07,110539.88709861349,0.32573279907293778,-5.9735087278745986e-13
1972,1.4146352851172303e-11,5.865101973278544e-15,ELECTRODE_ATTACHMENT,CONFIRMED,6.77317943516371e-05,41710320.740387276,15.840736702057328,6672782030058053,3.4159609316763612e-05,2.3460408059504821e-12,2.5920049994409228e-07,110484.22486371844,0.32587121049645096,-5.9731633140185118e-13
1973,1.4152217953187179e-11,5.8651020148762059e-15,ELECTRODE_ATTACHMENT,CONFIRMED,6.7733121389348928e-05,41710320.524707571,15.840736620146535,6676137893936012,3.4176788817202644e-05,2.3460408225922259e-12,2.5907020873603279e-07,110428.68744703969,0.3260094451768859,-5.9728135647375643e-13
1974,1.4158083055243659e-11,5.8651020564805659e-15,ELECTRODE_ATTACHMENT,CONFIRMED,6.7734447301435107e-05,41710320.308993295,15.840736538222613,6679489595150124,3.4193947007954513e-05,2.3460408392366371e-12,2.5894020981959928e-07,110373.27462034042,0.32614750299434675,-5.9724594849263972e-13
1975,1.416394815734175e-11,5.8651020980915934e-15,ELECTRODE_ATTACHMENT,CONFIRMED,6.7735772089485053e-05,41710320.093244508,15.840736456285585,6682837129863807,3.4211083869378803e-05,2.3460408558837123e-12,2.5881050266066219e-07,110317.98615594562,0.32628538382951466,-5.9721010795009658e-13
1976,1.4169813259481459e-11,5.8651021397092813e-15,ELECTRODE_ATTACHMENT,CONFIRMED,6.7737095755083149e-05,41710319.877461463,15.840736374335547,6686180494254667,3.4228199381907697e-05,2.3460408725334303e-12,2.5868108672640657e-07,110262.8218267414,0.32642308756365485,-5.971738353398601e-13
1977,1.4175678361662792e-11,5.8651021813335774e-15,ELECTRODE_ATTACHMENT,CONFIRMED,6.7738418299808698e-05,41710319.661644235,15.840736292372526,6689519684514520,3.4245293526046163e-05,2.3460408891857865e-12,2.5855196148532687e-07,110207.78140617129,0.32656061407861037,-5.9713713115779872e-13
1978,1.4181543463885757e-11,5.8651022229644669e-15,ELECTRODE_ATTACHMENT,CONFIRMED,6.7739739725236018e-05,41710319.445793159,15.840736210396651,6692854696849417,3.4262366282371998e-05,2.3460409058407543e-12,2.5842312640722318e-07,110152.86466823633,0.32669796325681033,-5.9709999590192374e-13
1979,1.4187408566150359e-11,5.8651022646018873e-15,ELECTRODE_ATTACHMENT,CONFIRMED,6.7741060032934394e-05,41710319.229908176,15.840736128407897,6696185527479668,3.4279417631536052e-05,2.3460409224983389e-12,2.5829458096319611e-07,110098.07138749046,0.32683513498125982,-5.9706243007238175e-13
1980,1.4193273668456604e-11,5.8651023062458482e-15,ELECTRODE_ATTACHMENT,CONFIRMED,6.7742379224468101e-05,41710319.013989672,15.840736046406414,6699512172639869,3.4296447554262244e-05,2.3460409391585102e-12,2.5816632462564283e-07,110043.40133904194,0.32697212913555507,-5.970244341714705e-13
1981,1.4199138770804501e-11,5.8651023478962762e-15,ELECTRODE_ATTACHMENT,CONFIRMED,6.7743697301396479e-05,41710318.798037648,15.8407359643922,6702834628578923,3.4313456031347784e-05,2.3460409558212679e-12,2.580383568682522e-07,109988.85429854821,0.32710894560386983,-5.9698600870362791e-13
1982,1.4205003873194054e-11,5.8651023895531712e-15,ELECTRODE_ATTACHMENT,CONFIRMED,6.7745014265273813e-05,41710318.582052328,15.840735882365342,6706152891560067,3.4330443043663237e-05,2.3460409724865957e-12,2.579106771660006e-07,109934.43004221623,0.327245584270967,-5.969471541754425e-13
1983,1.421086897562527e-11,5.8651024312164899e-15,ELECTRODE_ATTACHMENT,CONFIRMED,6.7746330117649509e-05,41710318.366033815,15.840735800325877,6709466957860895,3.4347408572152661e-05,2.3460409891544837e-12,2.5778328499514748e-07,109880.12834679965,0.32738204502219276,-5.9690787109565168e-13
1984,1.4216734078098156e-11,5.8651024728862103e-15,ELECTRODE_ATTACHMENT,CONFIRMED,6.774764486006796e-05,41710318.149982363,15.840735718273903,6712776823773384,3.4364352597833762e-05,2.3460410058249139e-12,2.576561798332306e-07,109825.94898959732,0.32751832774348333,-5.9686815997514832e-13
1985,1.4222599180612718e-11,5.8651025145622849e-15,ELECTRODE_ATTACHMENT,CONFIRMED,6.7748958494068744e-05,41710317.933898151,15.840735636209487,6716082485603918,3.4381275101797979e-05,2.3460410224978725e-12,2.5752936115906206e-07,109771.89174845113,0.32765443232136049,-5.9682802132697655e-13
1986,1.4228464283168963e-11,5.865102556244683e-15,ELECTRODE_ATTACHMENT,CONFIRMED,6.7750271021186403e-05,41710317.717781261,15.84073555413266,6719383939673312,3.4398176065210668e-05,2.3460410391733522e-12,2.574028284527235e-07,109717.95640174377,0.32779035864293349,-5.9678745566633852e-13
1987,1.4234329385766896e-11,5.8651025979333818e-15,ELECTRODE_ATTACHMENT,CONFIRMED,6.775158244295065e-05,41710317.501631819,15.840735472043471,6722681182316836,3.4415055469311119e-05,2.3460410558513442e-12,2.5727658119556225e-07,109664.14272839754,0.32792610659590049,-5.9674646351059442e-13
1988,1.4240194488406524e-11,5.8651026396283606e-15,ELECTRODE_ATTACHMENT,CONFIRMED,6.7752892760886306e-05,41710317.285450093,15.840735389942022,6725974209884242,3.443191329541281e-05,2.3460410725318273e-12,2.5715061887018634e-07,109610.45050787265,0.32806167606855324,-5.9670504537926768e-13
1989,1.4246059591087854e-11,5.8651026813295691e-15,ELECTRODE_ATTACHMENT,CONFIRMED,6.7754201976513262e-05,41710317.069236256,15.840735307828377,6729263018739786,3.4448749524903453e-05,2.3460410892147884e-12,2.5702494096046049e-07,109556.87952016467,0.32819706694977141,-5.9666320179404422e-13
1990,1.4251924693810891e-11,5.8651027230369718e-15,ELECTRODE_ATTACHMENT,CONFIRMED,6.7755510091346648e-05,41710316.852990381,15.840735225702565,6732547605262254,3.4465564139245128e-05,2.3460411059002222e-12,2.5689954695150178e-07,109503.42954580259,0.32833227912902563,-5.9662093327877392e-13
1991,1.4257789796575642e-11,5.865102764750556e-15,ELECTRODE_ATTACHMENT,CONFIRMED,6.7756817106896677e-05,41710316.636712618,15.840735143564643,6735827965844987,3.4482357119974454e-05,2.3460411225881156e-12,2.5677443632967516e-07,109450.10036584765,0.32846731249637995,-5.965782403594761e-13
1992,1.4263654899382112e-11,5.8651028064702893e-15,ELECTRODE_ATTACHMENT,CONFIRMED,6.7758123024668778e-05,41710316.420403235,15.84073506141471,6739104096895904,3.4499128448702646e-05,2.3460411392784503e-12,2.5664960858258917e-07,109396.89176189147,0.32860216694249328,-5.9653512356434102e-13
1993,1.4269520002230307e-11,5.865102848196126e-15,ELECTRODE_ATTACHMENT,CONFIRMED,6.7759427846163499e-05,41710316.204062298,15.840734979252796,6742375994837527,3.4515878107115731e-05,2.3460411559712188e-12,2.5652506319909146e-07,109343.80351605329,0.32873684235861605,-5.9649158342372848e-13
1994,1.4275385105120235e-11,5.8651028899280473e-15,ELECTRODE_ATTACHMENT,CONFIRMED,6.7760731572876647e-05,41710315.987690009,15.840734897078974,6745643656107007,3.4532606076974551e-05,2.3460411726664066e-12,2.5640079966926517e-07,109290.83541097933,0.32887133863659507,-5.9644762047017559e-13
1995,1.4281250208051901e-11,5.8651029316660175e-15,ELECTRODE_ATTACHMENT,CONFIRMED,6.7762034206299258e-05,41710315.771286562,15.84073481489332,6748907077156148,3.4549312340114998e-05,2.3460411893639997e-12,2.5627681748442376e-07,109237.98722984022,0.32900565566887285,-5.9640323523839452e-13
1996,1.4287115311025311e-11,5.8651029734099996e-15,ELECTRODE_ATTACHMENT,CONFIRMED,6.7763335747917514e-05,41710315.554852061,15.840734732695871,6752166254451430,3.4565996878448108e-05,2.3460412060639878e-12,2.5615311613710711e-07,109185.25875632919,0.32913979334848781,-5.9635842826527779e-13
1997,1.4292980414040471e-11,5.8651030151599692e-15,ELECTRODE_ATTACHMENT,CONFIRMED,6.7764636199212842e-05,41710315.338386707,15.840734650486706,6755421184474037,3.458265967396016e-05,2.3460412227663586e-12,2.5602969512107749e-07,109132.64977466059,0.32927375156907579,-5.9631320008989747e-13
1998,1.4298845517097388e-11,5.865103056915897e-15,ELECTRODE_ATTACHMENT,CONFIRMED,6.7765935561662035e-05,41710315.121890679,15.840734568265891,6758671863719878,3.4599300708712839e-05,2.3460412394710945e-12,2.559065539313148e-07,109080.16006956804,0.32940753022487212,-5.9626755125351148e-13
1999,1.4304710620196066e-11,5.8651030986777374e-15,ELECTRODE_ATTACHMENT,CONFIRMED,6.7767233836737005e-05,41710314.905364022,15.840734486033442,6761918288699615,3.4615919964843352e-05,2.3460412561781953e-12,2.5578369206401269e-07,109027.78942630174,0.32954112921070766,-5.9622148229956053e-13
2000,1.4310575723336511e-11,5.8651031404454887e-15,ELECTRODE_ATTACHMENT,CONFIRMED,6.7768531025905017e-05,41710314.6888071,15.840734403789501,6765160455938685,3.4632517424564501e-05,2.3460412728876314e-12,2.5566110901657448e-07,108975.53763062885,0.32967454842201893,-5.9617499377367767e-13
2001,1.4316440826518731e-11,5.8651031822190791e-15,ELECTRODE_ATTACHMENT,CONFIRMED,6.7769827130628632e-05,41710314.472219802,15.840734321534024,6768398361977325,3.4649093070164931e-05,2.3460412895994118e-12,2.5553880428760826e-07,108923.40446882829,0.32980778775483516,-5.9612808622368133e-13
2002,1.432230592974273e-11,5.86510322399853e-15,ELECTRODE_ATTACHMENT,CONFIRMED,6.7771122152365682e-05,41710314.255602539,15.840734239267166,6771632003370599,3.4665646884009108e-05,2.3460413063135036e-12,2.5541677737692363e-07,108871.38972769308,0.3299408471057958,-5.9608076019958836e-13
2003,1.4328171033008514e-11,5.8651032657837601e-15,ELECTRODE_ATTACHMENT,CONFIRMED,6.7772416092569336e-05,41710314.038955361,15.840734156988946,6774861376688421,3.4682178848537581e-05,2.3460413230299041e-12,2.5529502778552647e-07,108819.49319452474,0.33007372637213628,-5.9603301625360654e-13
2004,1.4334036136316089e-11,5.8651033075747615e-15,ELECTRODE_ATTACHMENT,CONFIRMED,6.7773708952688076e-05,41710313.822278433,15.840734074699428,6778086478515580,3.4698688946267012e-05,2.3460413397486e-12,2.5517355501561569e-07,108767.71465713384,0.33020642545169743,-5.9598485494014206e-13
2005,1.4339901239665461e-11,5.8651033493715003e-15,ELECTRODE_ATTACHMENT,CONFIRMED,6.7775000734165774e-05,41710313.605571978,15.840733992398697,6781307305451764,3.4715177159790346e-05,2.346041356469575e-12,2.5505235857057841e-07,108716.05390383753,0.33033894424292426,-5.9593627681580226e-13
2006,1.4345766343056634e-11,5.8651033911739378e-15,ELECTRODE_ATTACHMENT,CONFIRMED,6.7776291438441559e-05,41710313.388836041,15.840733910086771,6784523854111586,3.4731643471776937e-05,2.3460413731928248e-12,2.5493143795498612e-07,108664.51072345726,0.33047128264486447,-5.9588728243939408e-13
2007,1.4351631446489616e-11,5.8651034329820622e-15,ELECTRODE_ATTACHMENT,CONFIRMED,6.7777581066950075e-05,41710313.172070846,15.84073382776373,6787736121124608,3.4748087864972649e-05,2.3460413899183332e-12,2.5481079267459054e-07,108613.08490531816,0.33060344055717344,-5.9583787237193037e-13
2008,1.4357496549964412e-11,5.8651034747958333e-15,ELECTRODE_ATTACHMENT,CONFIRMED,6.7778869621121181e-05,41710312.955276564,15.840733745429644,6790944103135367,3.476451032220004e-05,2.3460414066460852e-12,2.5469042223631908e-07,108561.77623924636,0.3307354178801129,-5.9578804717663134e-13
2009,1.4363361653481028e-11,5.8651035166152124e-15,ELECTRODE_ATTACHMENT,CONFIRMED,6.7780157102380291e-05,41710312.738453433,15.840733663084603,6794147796803397,3.4780910826358403e-05,2.3460414233760635e-12,2.5457032614827137e-07,108510.58451556783,0.33086721451455248,-5.9573780741892646e-13
2010,1.4369226757039468e-11,5.8651035584401592e-15,ELECTRODE_ATTACHMENT,CONFIRMED,6.7781443512148076e-05,41710312.521601357,15.840733580728566,6797347198803256,3.4797289360423967e-05,2.3460414401082753e-12,2.5445050391971455e-07,108459.50952510501,0.33099883036196376,-5.9568715366645194e-13
2011,1.4375091860639738e-11,5.8651036002706889e-15,ELECTRODE_ATTACHMENT,CONFIRMED,6.7782728851840748e-05,41710312.304720744,15.840733498361693,6800542305824552,3.4813645907450003e-05,2.3460414568426897e-12,2.5433095506107949e-07,108408.55105917818,0.33113026532443651,-5.9563608648906598e-13
2012,1.4380956964281845e-11,5.8651036421067255e-15,ELECTRODE_ATTACHMENT,CONFIRMED,6.778401312286987e-05,41710312.087811701,15.840733415984024,6803733114571965,3.482998045056692e-05,2.3460414735792979e-12,2.5421167908395664e-07,108357.70890960087,0.33126151930466463,-5.9558460645883767e-13
2013,1.4386822067965793e-11,5.8651036839482464e-15,ELECTRODE_ATTACHMENT,CONFIRMED,6.7785296326642507e-05,41710311.870874375,15.840733333595612,6806919621765273,3.4846292972982461e-05,2.3460414903180889e-12,2.540926755010916e-07,108306.98286867909,0.33139259220595318,-5.9553271415005532e-13
2014,1.4392687171691589e-11,5.8651037257952222e-15,ELECTRODE_ATTACHMENT,CONFIRMED,6.7786578464561128e-05,41710311.653908879,15.840733251196502,6810101824139377,3.4862583457981723e-05,2.3460415070590527e-12,2.5397394382638191e-07,108256.3727292098,0.33152348393221798,-5.9548041013922839e-13
2015,1.4398552275459236e-11,5.8651037676476317e-15,ELECTRODE_ATTACHMENT,CONFIRMED,6.7787859538023717e-05,41710311.436915435,15.840733168786779,6813279718444326,3.4878851888927422e-05,2.3460415238021739e-12,2.5385548357487178e-07,108205.87828447905,0.33165419438798893,-5.9542769500509158e-13
2016,1.4404417379268741e-11,5.8651038095054354e-15,ELECTRODE_ATTACHMENT,CONFIRMED,6.7789139548423717e-05,41710311.219894096,15.840733086366461,6816453301445342,3.489509824925988e-05,2.3460415405474473e-12,2.5373729426274927e-07,108155.4993282599,0.33178472347840576,-5.9537456932860216e-13
2017,1.441028248312011e-11,5.8651038513686191e-15,ELECTRODE_ATTACHMENT,CONFIRMED,6.7790418497150047e-05,41710311.002845146,15.840733003935657,6819622569922844,3.4911322522497274e-05,2.3460415572948518e-12,2.5361937540734114e-07,108105.23565481159,0.3319150711092263,-5.9532103369294952e-13
2018,1.4416147587013346e-11,5.86510389323713e-15,ELECTRODE_ATTACHMENT,CONFIRMED,6.7791696385587178e-05,41710310.785768688,15.840732921494407,6822787520672473,3.4927524692235656e-05,2.3460415740443791e-12,2.5350172652710987e-07,108055.08705887686,0.33204523718681944,-5.9526708868355135e-13
2019,1.4422012690948457e-11,5.8651039351109484e-15,ELECTRODE_ATTACHMENT,CONFIRMED,6.7792973215115068e-05,41710310.568664931,15.840732839042788,6825948150505119,3.4943704742149174e-05,2.3460415907960131e-12,2.5338434714164863e-07,108005.05333568071,0.33217522161817153,-5.9521273488805929e-13
2020,1.4427877794925447e-11,5.8651039769900332e-15,ELECTRODE_ATTACHMENT,CONFIRMED,6.7794248987109191e-05,41710310.351533949,15.840732756580831,6829104456246943,3.4959862655990141e-05,2.3460416075497478e-12,2.5326723677167806e-07,107955.13428092837,0.3323050243108831,-5.9515797289635995e-13
2021,1.4433742898944322e-11,5.8651040188743695e-15,ELECTRODE_ATTACHMENT,CONFIRMED,6.7795523702940616e-05,41710310.134375967,15.840732674108619,6832256434739404,3.4975998417589188e-05,2.3460416243055658e-12,2.531503949390417e-07,107905.32969080412,0.33243464517317395,-5.9510280330057955e-13
2022,1.4439608003005085e-11,5.8651040607639162e-15,ELECTRODE_ATTACHMENT,CONFIRMED,6.7796797363975885e-05,41710309.917191096,15.840732591626194,6835404082839282,3.4992112010855391e-05,2.3460416410634594e-12,2.5303382116670236e-07,107855.63936196898,0.33256408411387978,-5.9504722669508269e-13
2023,1.4445473107107743e-11,5.8651041026586496e-15,ELECTRODE_ATTACHMENT,CONFIRMED,6.7798069971577188e-05,41710309.699979551,15.840732509133639,6838547397418706,3.5008203419776365e-05,2.3460416578234105e-12,2.5291751497873815e-07,107806.0630915598,0.33269334104245735,-5.9499124367647986e-13
2024,1.4451338211252302e-11,5.8651041445585265e-15,ELECTRODE_ATTACHMENT,CONFIRMED,6.7799341527102259e-05,41710309.482741401,15.840732426630982,6841686375365176,3.5024272628418446e-05,2.3460416745854154e-12,2.528014759003382e-07,107756.60067718636,0.33282241586897948,-5.9493485484362297e-13
2025,1.4457203315438766e-11,5.8651041864635395e-15,ELECTRODE_ATTACHMENT,CONFIRMED,6.7800612031904399e-05,41710309.265476868,15.840732344118303,6844821013581589,3.5040319620926768e-05,2.346041691349456e-12,2.5268570345779912e-07,107707.25191693117,0.3329513085041429,-5.9487806079761684e-13
2026,1.446306841966714e-11,5.8651042283736408e-15,ELECTRODE_ATTACHMENT,CONFIRMED,6.7801881487332532e-05,41710309.048186153,15.840732261595683,6847951308986264,3.5056344381525437e-05,2.3460417081155168e-12,2.5257019717852052e-07,107658.01660934674,0.3330800188592648,-5.9482086214181401e-13
2027,1.4468933523937429e-11,5.8651042702887931e-15,ELECTRODE_ATTACHMENT,CONFIRMED,6.7803149894731231e-05,41710308.830869332,15.840732179063146,6851077258512969,3.507234689451764e-05,2.3460417248835919e-12,2.5245495659100161e-07,107608.89455345394,0.33320854684628221,-5.9476325948181964e-13
2028,1.4474798628249637e-11,5.8651043122089799e-15,ELECTRODE_ATTACHMENT,CONFIRMED,6.7804417255440638e-05,41710308.61352662,15.840732096520778,6854198859110942,3.5088327144285735e-05,2.3460417416536654e-12,2.5233998122483699e-07,107559.88554874089,0.3333368923777571,-5.9470525342549616e-13
2029,1.4480663732603771e-11,5.8651043541341642e-15,ELECTRODE_ATTACHMENT,CONFIRMED,6.780568357079653e-05,41710308.396158144,15.840732013968625,6857316107744920,3.5104285115291444e-05,2.3460417584257273e-12,2.5222527061071274e-07,107510.98939516078,0.33346505536687415,-5.946468445829636e-13
2030,1.4486528836999835e-11,5.8651043960643199e-15,ELECTRODE_ATTACHMENT,CONFIRMED,6.7806948842130335e-05,41710308.17876403,15.840731931406735,6860429001395161,3.5120220792075956e-05,2.3460417751997671e-12,2.521108242804025e-07,107462.20589313039,0.33359303572744226,-5.9458803356660106e-13
2031,1.4492393941437835e-11,5.8651044379994185e-15,ELECTRODE_ATTACHMENT,CONFIRMED,6.7808213070769238e-05,41710307.961344488,15.840731848835187,6863537537057471,3.5136134159260019e-05,2.3460417919757703e-12,2.5199664176676384e-07,107413.53484352867,0.33372083337389669,-5.9452882099105353e-13
2032,1.4498259045917775e-11,5.8651044799394255e-15,ELECTRODE_ATTACHMENT,CONFIRMED,6.7809476258035953e-05,41710307.743899681,15.840731766254045,6866641711743229,3.5152025201544158e-05,2.346041808753721e-12,2.5188272260373362e-07,107364.9760476947,0.33384844822129905,-5.9446920747323053e-13
2033,1.4504124150439659e-11,5.8651045218843037e-15,ELECTRODE_ATTACHMENT,CONFIRMED,6.7810738405248949e-05,41710307.526429765,15.840731683663366,6869741522479412,3.5167893903708681e-05,2.3460418255336109e-12,2.5176906632632525e-07,107316.52930742613,0.33397588018533658,-5.9440919363230976e-13
2034,1.4509989255003493e-11,5.8651045638340278e-15,ELECTRODE_ATTACHMENT,CONFIRMED,6.781199951372239e-05,41710307.308934823,15.840731601063183,6872836966308618,3.5183740250613897e-05,2.3460418423154326e-12,2.5165567247062399e-07,107268.1944249774,0.33410312918232338,-5.9434878008973893e-13
2035,1.4515854359609281e-11,5.8651046057885814e-15,ELECTRODE_ATTACHMENT,CONFIRMED,6.7813259584766127e-05,41710307.09141513,15.840731518453602,6875928040289095,3.519956422720026e-05,2.3460418590991631e-12,2.5154254057378297e-07,107219.97120305887,0.33423019512920638,-5.9428796746924262e-13
2036,1.4521719464257029e-11,5.8651046477479091e-15,ELECTRODE_ATTACHMENT,CONFIRMED,6.7814518619685715e-05,41710306.87387076,15.840731435834646,6879014741494763,3.5215365818488397e-05,2.3460418758847983e-12,2.5142967017402016e-07,107171.85944483394,0.33435707794355723,-5.9422675639681742e-13
2037,1.452758456894674e-11,5.8651046897119961e-15,ELECTRODE_ATTACHMENT,CONFIRMED,6.7815776619782481e-05,41710306.656301863,15.840731353206378,6882097067015241,3.5231145009579345e-05,2.3460418926723263e-12,2.5131706081061369e-07,107123.85895391824,0.33448377754357989,-5.9416514750074124e-13
2038,1.4533449673678421e-11,5.8651047316808162e-15,ELECTRODE_ATTACHMENT,CONFIRMED,6.7817033586353457e-05,41710306.438708633,15.840731270568867,6885175013955871,3.5246901785654588e-05,2.3460419094617324e-12,2.5120471202389868e-07,107075.96953437811,0.33461029384810964,-5.9410314141157238e-13
2039,1.4539314778452075e-11,5.8651047736543316e-15,ELECTRODE_ATTACHMENT,CONFIRMED,6.7818289520691404e-05,41710306.221091211,15.840731187922168,6888248579437744,3.5262636131976294e-05,2.3460419262530052e-12,2.5109262335526271e-07,107028.19099072828,0.33473662677661375,-5.9404073876215431e-13
2040,1.4545179883267707e-11,5.8651048156325131e-15,ELECTRODE_ATTACHMENT,CONFIRMED,6.7819544424084898e-05,41710306.003449731,15.840731105266334,6891317760597724,3.5278348033887337e-05,2.3460419430461336e-12,2.5098079434714259e-07,106980.52312793079,0.33486277624919103,-5.9397794018761531e-13
2041,1.4551044988125323e-11,5.8651048576153347e-15,ELECTRODE_ATTACHMENT,CONFIRMED,6.7820798297818255e-05,41710305.785784416,15.840731022601448,6894382554588476,3.5294037476811467e-05,2.3460419598411021e-12,2.5086922454302061e-07,106932.96575139348,0.33498874218657587,-5.9391474632537539e-13
2042,1.4556910093024925e-11,5.865104899602757e-15,ELECTRODE_ATTACHMENT,CONFIRMED,6.7822051143171582e-05,41710305.568095386,15.840730939927553,6897442958578488,3.5309704446253463e-05,2.3460419766379003e-12,2.5075791348742014e-07,106885.51866696772,0.33511452451013529,-5.9385115781514406e-13
2043,1.4562775197966521e-11,5.8651049415947514e-15,ELECTRODE_ATTACHMENT,CONFIRMED,6.7823302961420739e-05,41710305.35038276,15.840730857244699,6900498969752098,3.5325348927799236e-05,2.3460419934365197e-12,2.5064686072590239e-07,106838.18168094719,0.33524012314187129,-5.9378717529892656e-13
2044,1.4568640302950112e-11,5.8651049835912992e-15,ELECTRODE_ATTACHMENT,CONFIRMED,6.7824553753837455e-05,41710305.132646702,15.840730774552947,6903550585309520,3.5340970907115966e-05,2.3460420102369469e-12,2.505360658050624e-07,106790.95460006644,0.33536553800442326,-5.9372279942102569e-13
2045,1.4574505407975705e-11,5.865105025592368e-15,ELECTRODE_ATTACHMENT,CONFIRMED,6.7825803521689258e-05,41710304.914887488,15.840730691852398,6906597802466867,3.5356570369952228e-05,2.3460420270391621e-12,2.5042552827252526e-07,106743.8372314994,0.33549076902106872,-5.9365803082804559e-13
2046,1.4580370513043304e-11,5.8651050675979064e-15,ELECTRODE_ATTACHMENT,CONFIRMED,6.7827052266239459e-05,41710304.69710508,15.840730609143042,6909640618456179,3.5372147302138145e-05,2.3460420438431666e-12,2.5031524767694243e-07,106696.82938285655,0.33561581611571789,-5.9359287016888914e-13
2047,1.4586235618152911e-11,5.8651051096079176e-15,ELECTRODE_ATTACHMENT,CONFIRMED,6.7828299988747224e-05,41710304.479299799,15.840730526424998,6912679030525446,3.5387701689585463e-05,2.3460420606489361e-12,2.502052235679881e-07,106649.93086218544,0.335740679212926,-5.9352731809476902e-13
2048,1.4592100723304533e-11,5.8651051516223402e-15,ELECTRODE_ATTACHMENT,CONFIRMED,6.7829546690467598e-05,41710304.261471689,15.840730443698286,6915713035938635,3.5403233518287721e-05,2.3460420774564675e-12,2.500954554963553e-07,106603.14147796694,0.33586535823788188,-5.9346137525920284e-13
2049,1.4597965828498174e-11,5.8651051936411686e-15,ELECTRODE_ATTACHMENT,CONFIRMED,6.783079237265144e-05,41710304.043620937,15.840730360962974,6918742631975714,3.5418742774320422e-05,2.3460420942657457e-12,2.4998594301375188e-07,106556.46103911508,0.33598985311641838,-5.9339504231802156e-13
2050,1.4603830933733839e-11,5.8651052356643649e-15,ELECTRODE_ATTACHMENT,CONFIRMED,6.7832037036545513e-05,41710303.825747781,15.840730278219153,6921767815932680,3.5434229443841042e-05,2.3460421110767533e-12,2.4987668567289759e-07,106509.88935497527,0.3361141637750093,-5.9332831992936942e-13
2051,1.4609696039011532e-11,5.8651052776918833e-15,ELECTRODE_ATTACHMENT,CONFIRMED,6.7833280683392448e-05,41710303.607852213,15.84073019546682,6924788585121581,3.5449693513089288e-05,2.3460421278894905e-12,2.4976768302751952e-07,106463.42623532153,0.33623829014076612,-5.9326120875370439e-13
2052,1.4615561144331256e-11,5.8651053197237271e-15,ELECTRODE_ATTACHMENT,CONFIRMED,6.7834523314430731e-05,41710303.389934525,15.840730112706087,6927804936870544,3.5465134968387168e-05,2.3460421447039341e-12,2.4965893463234882e-07,106417.07149035692,0.33636223214144906,-5.9319370945380727e-13
2053,1.4621426249693014e-11,5.8651053617598363e-15,ELECTRODE_ATTACHMENT,CONFIRMED,6.7835764930894793e-05,41710303.17199482,15.840730029936992,6930816868523799,3.5480553796139113e-05,2.3460421615200773e-12,2.4955044004311701e-07,106370.82493071017,0.33648598970545746,-5.9312582269477923e-13
2054,1.4627291355096813e-11,5.8651054038001942e-15,ELECTRODE_ATTACHMENT,CONFIRMED,6.7837005534014972e-05,41710302.954033189,15.840729947159572,6933824377441705,3.549594998283213e-05,2.3460421783379121e-12,2.4944219881655206e-07,106324.68636743481,0.33660956276183562,-5.9305754914404507e-13
2055,1.4633156460542656e-11,5.8651054458447813e-15,ELECTRODE_ATTACHMENT,CONFIRMED,6.7838245125017476e-05,41710302.736049972,15.840729864373952,6936827461000776,3.5511323515035913e-05,2.3460421951574133e-12,2.493342105103752e-07,106278.65561200852,0.33673295124027702,-5.9298888947136067e-13
2056,1.463902156603055e-11,5.8651054878935335e-15,ELECTRODE_ATTACHMENT,CONFIRMED,6.7839483705124483e-05,41710302.51804509,15.840729781580103,6939826116593707,3.5526674379403034e-05,2.3460422119785858e-12,2.4922647468329627e-07,106232.73247632901,0.33685615507111422,-5.9291984434880755e-13
2057,1.4644886671560497e-11,5.8651055299464651e-15,ELECTRODE_ATTACHMENT,CONFIRMED,6.7840721275554122e-05,41710302.300018854,15.840729698778148,6942820341629396,3.5542002562668935e-05,2.3460422288014067e-12,2.4911899089501158e-07,106186.91677271578,0.33697917418533291,-5.9285041445080448e-13
2058,1.4650751777132502e-11,5.865105572003517e-15,ELECTRODE_ATTACHMENT,CONFIRMED,6.7841957837520443e-05,41710302.081971377,15.840729615968122,6945810133532975,3.5557308051652253e-05,2.3460422456258657e-12,2.4901175870619853e-07,106141.20831390587,0.33710200851456379,-5.9278060045410486e-13
2059,1.4656616882746566e-11,5.8651056140646638e-15,ELECTRODE_ATTACHMENT,CONFIRMED,6.7843193392233469e-05,41710301.86390274,15.840729533150062,6948795489745830,3.5572590833254762e-05,2.3460422624519594e-12,2.4890477767851339e-07,106095.60691305334,0.33722465799108436,-5.9271040303779892e-13
2060,1.4662481988402697e-11,5.8651056561298992e-15,ELECTRODE_ATTACHMENT,CONFIRMED,6.7844427940899185e-05,41710301.645813279,15.840729450324094,6951776407725632,3.5587850894461631e-05,2.3460422792796589e-12,2.4879804737458694e-07,106050.11238372873,0.33734712254782756,-5.9263982288332386e-13
2061,1.4668347094100895e-11,5.8651056981991469e-15,ELECTRODE_ATTACHMENT,CONFIRMED,6.7845661484719578e-05,41710301.427703038,15.840729367490232,6954752884946358,3.5603088222341526e-05,2.3460422961089623e-12,2.4869156735802066e-07,106004.72453991517,0.33746940211837001,-5.9256886067445694e-13
2062,1.4674212199841166e-11,5.8651057402724074e-15,ELECTRODE_ATTACHMENT,CONFIRMED,6.7846894024892583e-05,41710301.209572084,15.840729284648505,6957724918898320,3.5618302804046685e-05,2.3460423129398639e-12,2.4858533719338403e-07,105959.44319600855,0.33759149663694049,-5.9249751709732316e-13
2063,1.4680077305623517e-11,5.8651057823496612e-15,ELECTRODE_ATTACHMENT,CONFIRMED,6.7848125562612193e-05,41710300.991420656,15.840729201799002,6960692507088189,3.563349462681315e-05,2.3460423297723459e-12,2.4847935644620966e-07,105914.26816681585,0.33771340603842276,-5.9242579284040044e-13
2064,1.4685942411447947e-11,5.8651058244308656e-15,ELECTRODE_ATTACHMENT,CONFIRMED,6.7849356099068371e-05,41710300.773248956,15.840729118941802,6963655647039020,3.5648663677960775e-05,2.3460423466063915e-12,2.4837362468299095e-07,105869.19926755353,0.33783513025835221,-5.9235368859451919e-13
2065,1.4691807517314463e-11,5.8651058665159803e-15,ELECTRODE_ATTACHMENT,CONFIRMED,6.7850585635447101e-05,41710300.555057041,15.840729036076922,6966614336290280,3.5663809944893483e-05,2.3460423634419985e-12,2.4826814147117745e-07,105824.23631384499,0.33795666923291534,-5.9228120505286444e-13
2066,1.4697672623223069e-11,5.8651059086049976e-15,ELECTRODE_ATTACHMENT,CONFIRMED,6.7851814172930407e-05,41710300.336845055,15.840728953204421,6969568572397871,3.5678933415099302e-05,2.3460423802791536e-12,2.4816290637917205e-07,105779.37912172044,0.33807802289895506,-5.9220834291098199e-13
2067,1.4703537729173767e-11,5.8651059506978842e-15,ELECTRODE_ATTACHMENT,CONFIRMED,6.7853041712696342e-05,41710300.118613318,15.840728870324417,6972518352934159,3.569403407615056e-05,2.3460423971178327e-12,2.4805791897632673e-07,105734.62750761522,0.33819919119397224,-5.9213510286678176e-13
2068,1.4709402835166561e-11,5.8651059927945819e-15,ELECTRODE_ATTACHMENT,CONFIRMED,6.7854268255919029e-05,41710299.900361769,15.840728787436891,6975463675487997,3.5709111915703979e-05,2.3460424139580405e-12,2.4795317883293952e-07,105689.98128836651,0.3383201740561172,-5.9206148562053322e-13
2069,1.4715267941201457e-11,5.8651060348951015e-15,ELECTRODE_ATTACHMENT,CONFIRMED,6.7855493803768634e-05,41710299.682090685,15.840728704541945,6978404537664751,3.572416692150079e-05,2.3460424307997572e-12,2.4784868552025095e-07,105645.44028121445,0.33844097142420243,-5.9198749187487935e-13
2070,1.4721133047278455e-11,5.8651060769993935e-15,ELECTRODE_ATTACHMENT,CONFIRMED,6.7856718357411366e-05,41710299.463800192,15.840728621639629,6981340937086327,3.5739199081366963e-05,2.3460424476429704e-12,2.4774443861043973e-07,105601.00430379869,0.33856158323769725,-5.9191312233483198e-13
2071,1.4726998153397561e-11,5.865106119107427e-15,ELECTRODE_ATTACHMENT,CONFIRMED,6.7857941918009584e-05,41710299.245490402,15.840728538729984,6984272871391198,3.5754208383213202e-05,2.3460424644876736e-12,2.476404376766202e-07,105556.67317415743,0.33868200943672755,-5.9183837770777644e-13
2072,1.473286325955878e-11,5.8651061612191848e-15,ELECTRODE_ATTACHMENT,CONFIRMED,6.7859164486721649e-05,41710299.027161516,15.840728455813085,6987200338234426,3.576919481503518e-05,2.3460424813338498e-12,2.4753668229283823e-07,105512.44671072644,0.33880224996208125,-5.9176325870347662e-13
2073,1.4738728365762114e-11,5.8651062033346257e-15,ELECTRODE_ATTACHMENT,CONFIRMED,6.7860386064702075e-05,41710298.808813632,15.840728372888973,6990123335287691,3.5784158364913639e-05,2.3460424981814925e-12,2.4743317203406772e-07,105468.32473233655,0.33892230475520435,-5.9168776603407504e-13
2074,1.4744593472007566e-11,5.8651062454537317e-15,ELECTRODE_ATTACHMENT,CONFIRMED,6.7861606653101458e-05,41710298.590447016,15.840728289957747,6993041860239317,3.5799099021014506e-05,2.3460425150305808e-12,2.4732990647620728e-07,105424.30705821344,0.33904217375820722,-5.9161190041410035e-13
2075,1.4750458578295143e-11,5.8651062875764523e-15,ELECTRODE_ATTACHMENT,CONFIRMED,6.7862826253066517e-05,41710298.3720617,15.840728207019417,6995955910794296,3.5814016771589041e-05,2.3460425318811122e-12,2.4722688519607648e-07,105380.39350797453,0.33916185691385747,-5.9153566256046248e-13
2076,1.4756323684624845e-11,5.8651063297027819e-15,ELECTRODE_ATTACHMENT,CONFIRMED,6.7864044865740097e-05,41710298.153657898,15.840728124074069,6998865484674314,3.5828911604973979e-05,2.3460425487330705e-12,2.4712410777141247e-07,105336.58390162894,0.33928135416558958,-5.9145905319246494e-13
2077,1.4762188790996678e-11,5.8651063718326771e-15,ELECTRODE_ATTACHMENT,CONFIRMED,6.7865262492261151e-05,41710297.935235664,15.84072804112172,7001770579617780,3.5843783509591661e-05,2.3460425655864498e-12,2.4702157378086643e-07,105292.87805957496,0.33940066545749842,-5.9138207303180112e-13
2078,1.4768053897410646e-11,5.8651064139661254e-15,ELECTRODE_ATTACHMENT,CONFIRMED,6.786647913376484e-05,41710297.716795258,15.840727958162468,7004671193379849,3.5858632473950133e-05,2.3460425824412334e-12,2.4691928280400027e-07,105249.27580259954,0.33951979073434657,-5.913047228025613e-13
2079,1.4773919003866748e-11,5.8651064561030841e-15,ELECTRODE_ATTACHMENT,CONFIRMED,6.7867694791382365e-05,41710297.498336866,15.840727875196388,7007567323732449,3.5873458486643339e-05,2.346042599297404e-12,2.4681723442128264e-07,105205.77695187624,0.33963872994156186,-5.9122700323123453e-13
2080,1.4779784110364991e-11,5.8651064982435099e-15,ELECTRODE_ATTACHMENT,CONFIRMED,6.786890946624123e-05,41710297.279860489,15.840727792223475,7010458968464308,3.5888261536351189e-05,2.3460426161549632e-12,2.4671542821408616e-07,105162.38132896298,0.33975748302523351,-5.9114891504670931e-13
2081,1.4785649216905378e-11,5.865106540387409e-15,ELECTRODE_ATTACHMENT,CONFIRMED,6.7870123159464979e-05,41710297.061366417,15.840727709243843,7013346125380977,3.5903041611839752e-05,2.3460426330138868e-12,2.4661386376468318e-07,105119.08875580243,0.3398760499321245,-5.9107045898028156e-13
2082,1.4791514323487913e-11,5.8651065825347176e-15,ELECTRODE_ATTACHMENT,CONFIRMED,6.7871335872173418e-05,41710296.842854656,15.840727626257493,7016228792304860,3.5917798701961348e-05,2.3460426498741759e-12,2.4651254065624307e-07,105075.89905471844,0.33999443060965912,-5.9099163576565209e-13
2083,1.4797379430112598e-11,5.8651066246854403e-15,ELECTRODE_ATTACHMENT,CONFIRMED,6.7872547605482528e-05,41710296.624325454,15.840727543264519,7019106967075237,3.593253279565471e-05,2.3460426667358117e-12,2.4641145847282802e-07,105032.81204841637,0.34011262500593559,-5.9091244613893623e-13
2084,1.4803244536779438e-11,5.8651066668395299e-15,ELECTRODE_ATTACHMENT,CONFIRMED,6.7873758360504458e-05,41710296.405778944,15.840727460264972,7021980647548293,3.5947243881945055e-05,2.3460426835987831e-12,2.4631061679939041e-07,104989.82755998062,0.34023063306971957,-5.9083289083866107e-13
2085,1.4809109643488434e-11,5.8651067089969588e-15,ELECTRODE_ATTACHMENT,CONFIRMED,6.7874968138347561e-05,41710296.187215313,15.840727377258924,7024849831597141,3.596193194994435e-05,2.3460427004630748e-12,2.4621001522176845e-07,104946.94541287342,0.34034845475044834,-5.9075297060577332e-13
2086,1.4814974750239591e-11,5.8651067511576882e-15,ELECTRODE_ATTACHMENT,CONFIRMED,6.7876176940116447e-05,41710295.968634665,15.840727294246411,7027714517111852,3.59765969888513e-05,2.3460427173286805e-12,2.4610965332668354e-07,104904.16543093303,0.34046608999822819,-5.9067268618363766e-13
2087,1.4820839857032911e-11,5.8651067933217025e-15,ELECTRODE_ATTACHMENT,CONFIRMED,6.7877384766911922e-05,41710295.750037104,15.840727211227478,7030574701999478,3.5991238987951568e-05,2.3460427341955919e-12,2.4600953070173631e-07,104861.48743837257,0.34058353876383818,-5.9059203831804424e-13
2088,1.4826704963868402e-11,5.8651068354889811e-15,ELECTRODE_ATTACHMENT,CONFIRMED,6.7878591619831023e-05,41710295.531422831,15.840727128202195,7033430384184079,3.6005857936617879e-05,2.3460427510637926e-12,2.4590964693540357e-07,104818.91125977904,0.34070080099873212,-5.9051102775720994e-13
2089,1.4832570070746062e-11,5.8651068776594822e-15,ELECTRODE_ATTACHMENT,CONFIRMED,6.787979749996703e-05,41710295.312792048,15.840727045170643,7036281561606750,3.6020453824310174e-05,2.3460427679332667e-12,2.458100016170345e-07,104776.43672011122,0.34081787665503754,-5.9042965525178308e-13
2090,1.4838435177665896e-11,5.8651069198331671e-15,ELECTRODE_ATTACHMENT,CONFIRMED,6.788100240840946e-05,41710295.094144829,15.840726962132848,7039128232225647,3.6035026640575721e-05,2.3460427848040099e-12,2.4571059433684767e-07,104734.06364469798,0.3409347656855542,-5.9034792155484426e-13
2091,1.4844300284627906e-11,5.8651069620100256e-15,ELECTRODE_ATTACHMENT,CONFIRMED,6.7882206346244126e-05,41710294.87548127,15.84072687908885,7041970394016013,3.6049576375049278e-05,2.3460428016760145e-12,2.456114246859273e-07,104691.79185923732,0.34105146804375774,-5.9026582742190929e-13
2092,1.4850165391632096e-11,5.8651070041900364e-15,ELECTRODE_ATTACHMENT,CONFIRMED,6.7883409314553091e-05,41710294.656801641,15.840726796038746,7044808044970206,3.6064103017453196e-05,2.346042818549259e-12,2.4551249225622007e-07,104649.62118979549,0.34116798368380369,-5.9018337361093832e-13
2093,1.4856030498678469e-11,5.8651070463731474e-15,ELECTRODE_ATTACHMENT,CONFIRMED,6.7884611314414673e-05,41710294.438106045,15.84072671298258,7047641183097723,3.6078606557597568e-05,2.3460428354237363e-12,2.4541379664053164e-07,104607.55146280423,0.34128431256052161,-5.9010056088233209e-13
2094,1.4861895605767029e-11,5.8651070885593413e-15,ELECTRODE_ATTACHMENT,CONFIRMED,6.7885812346903481e-05,41710294.219394669,15.84072662992042,7050469806425228,3.6093086985380394e-05,2.3460428522994292e-12,2.4531533743252314e-07,104565.58250506037,0.34140045462942115,-5.9001738999893944e-13
2095,1.4867760712897777e-11,5.8651071307485739e-15,ELECTRODE_ATTACHMENT,CONFIRMED,6.7887012413090449e-05,41710294.000667542,15.840726546852279,7053293912996578,3.6107544290787657e-05,2.3460428691763399e-12,2.4521711422670814e-07,104523.71414372328,0.34151640984668685,-5.8993386172605652e-13
2096,1.4873625820070719e-11,5.8651071729408499e-15,ELECTRODE_ATTACHMENT,CONFIRMED,6.7888211514042769e-05,41710293.781924866,15.840726463778232,7056113500872849,3.6121978463893529e-05,2.3460428860544502e-12,2.4511912661844884e-07,104481.94620631491,0.34163217816918745,-5.8984997683143598e-13
2097,1.4879490927285856e-11,5.8651072151361259e-15,ELECTRODE_ATTACHMENT,CONFIRMED,6.7889409650823964e-05,41710293.563166864,15.840726380698364,7058928568132363,3.6136389494860424e-05,2.3460429029337427e-12,2.4502137420395321e-07,104440.27852071772,0.34174775955447234,-5.8976573608528708e-13
2098,1.4885356034543189e-11,5.865107257334357e-15,ELECTRODE_ATTACHMENT,CONFIRMED,6.7890606824493868e-05,41710293.344393536,15.840726297612676,7061739112870715,3.6150777373939178e-05,2.346042919814219e-12,2.4492385658027142e-07,104398.71091517231,0.34186315396076777,-5.8968114026027618e-13
2099,1.4891221141842725e-11,5.8651072995355479e-15,ELECTRODE_ATTACHMENT,CONFIRMED,6.7891803036108656e-05,41710293.125605188,15.840726214521284,7064545133200799,3.6165142091469257e-05,2.3460429366958529e-12,2.4482657334529188e-07,104357.24321827783,0.34197836134698939,-5.8959619013153815e-13
2100,1.4897086249184466e-11,5.8651073417396324e-15,ELECTRODE_ATTACHMENT,CONFIRMED,6.7892998286720819e-05,41710292.906801879,15.84072613142421,7067346627252835,3.6179483637878735e-05,2.3460429535786423e-12,2.4472952409773909e-07,104315.87525898872,0.34209338167272996,-5.8951088647667074e-13
2101,1.4902951356568413e-11,5.8651073839466065e-15,ELECTRODE_ATTACHMENT,CONFIRMED,6.7894192577379185e-05,41710292.687983729,15.8407260483215,7070143593174395,3.6193802003684564e-05,2.3460429704625772e-12,2.4463270843716934e-07,104274.60686661434,0.34220821489826847,-5.8942523007574292e-13
2102,1.4908816463994568e-11,5.8651074261564433e-15,ELECTRODE_ATTACHMENT,CONFIRMED,6.7895385909128952e-05,41710292.469150968,15.84072596521324,7072936029130429,3.6208097179492646e-05,2.3460429873476397e-12,2.4453612596396777e-07,104233.43787081771,0.34232286098457076,-5.8933922171129927e-13
2103,1.4914681571462936e-11,5.8651074683690995e-15,ELECTRODE_ATTACHMENT,CONFIRMED,6.7896578283011661e-05,41710292.250303686,15.840725882099466,7075723933303295,3.6222369155997993e-05,2.3460430042338227e-12,2.4443977627934513e-07,104192.36810161328,0.3424373198932858,-5.8925286216835932e-13
2104,1.4920546678973522e-11,5.865107510584557e-15,ELECTRODE_ATTACHMENT,CONFIRMED,6.7897769700065258e-05,41710292.031442039,15.840725798980237,7078507303892781,3.6236617923984858e-05,2.3460430211211143e-12,2.4434365898533406e-07,104151.39738936604,0.34255159158675025,-5.8916615223442496e-13
2105,1.4926411786526323e-11,5.8651075528027873e-15,ELECTRODE_ATTACHMENT,CONFIRMED,6.789896016132399e-05,41710291.812566176,15.840725715855609,7081286139116135,3.6250843474326876e-05,2.3460430380095034e-12,2.4424777368478622e-07,104110.52556479009,0.34266567602798875,-5.8907909269948197e-13
2106,1.4932276894121347e-11,5.8651075950237589e-15,ELECTRODE_ATTACHMENT,CONFIRMED,6.7900149667818555e-05,41710291.593676262,15.840725632725643,7084060437208092,3.6265045797987201e-05,2.3460430548989761e-12,2.4415211998136865e-07,104069.75245894717,0.34277957318071428,-5.8899168435600358e-13
2107,1.4938142001758595e-11,5.8651076372474403e-15,ELECTRODE_ATTACHMENT,CONFIRMED,6.7901338220576003e-05,41710291.374772362,15.840725549590367,7086830196420898,3.627922488601859e-05,2.3460430717895288e-12,2.44056697479561e-07,104029.07790324496,0.34289328300932714,-5.889039279989535e-13
2108,1.4944007109438068e-11,5.8651076794738219e-15,ELECTRODE_ATTACHMENT,CONFIRMED,6.7902525820619808e-05,41710291.155854724,15.840725466449873,7089595415024340,3.629338072956368e-05,2.3460430886811413e-12,2.4396150578465128e-07,103988.50172943644,0.34300680547892165,-5.8881582442579299e-13
2109,1.4949872217159769e-11,5.8651077217028549e-15,ELECTRODE_ATTACHMENT,CONFIRMED,6.7903712468969825e-05,41710290.936923437,15.840725383304196,7092356091305771,3.6307513319854962e-05,2.3460431055738077e-12,2.4386654450273352e-07,103948.02376961755,0.34312014055527973,-5.8872737443647811e-13
2110,1.4955737324923705e-11,5.8651077639345195e-15,ELECTRODE_ATTACHMENT,CONFIRMED,6.7904898166642357e-05,41710290.717978626,15.840725300153384,7095112223570137,3.6321622648215004e-05,2.3460431224675176e-12,2.4377181324070424e-07,103907.64385622644,0.34323328820487614,-5.8863857883346878e-13
2111,1.4961602432729873e-11,5.8651078061687944e-15,ELECTRODE_ATTACHMENT,CONFIRMED,6.7906082914650104e-05,41710290.499020524,15.840725216997521,7097863810140005,3.6335708706056599e-05,2.3460431393622535e-12,2.4367731160625871e-07,103867.36182204209,0.34334624839488043,-5.8854943842173157e-13
2112,1.4967467540578278e-11,5.865107848405634e-15,ELECTRODE_ATTACHMENT,CONFIRMED,6.7907266714002174e-05,41710290.280049197,15.840725133836639,7100610849355589,3.6349771484882868e-05,2.3460431562580096e-12,2.4358303920788822e-07,103827.17750018227,0.34345902109315235,-5.8845995400873926e-13
2113,1.4973332648468925e-11,5.8651078906450247e-15,ELECTRODE_ATTACHMENT,CONFIRMED,6.7908449565704163e-05,41710290.061064772,15.84072505067078,7103353339574777,3.636381097628741e-05,2.3460431731547771e-12,2.4348899565487661e-07,103787.09072410269,0.34357160626824745,-5.8837012640447939e-13
2114,1.4979197756401813e-11,5.8651079328869437e-15,ELECTRODE_ATTACHMENT,CONFIRMED,6.7909631470758106e-05,41710289.842067398,15.840724967500003,7106091279173158,3.6377827171954441e-05,2.3460431900525443e-12,2.4339518055729713e-07,103747.10132759568,0.34368400388941739,-5.8827995642145456e-13
2115,1.4985062864376945e-11,5.8651079751313611e-15,ELECTRODE_ATTACHMENT,CONFIRMED,6.7910812430162443e-05,41710289.623057328,15.840724884324406,7108824666544051,3.6391820063658931e-05,2.3460432069512904e-12,2.4330159352600891e-07,103707.20914478897,0.34379621392661158,-5.8818944487468979e-13
2116,1.4990927972394324e-11,5.8651080173782262e-15,ELECTRODE_ATTACHMENT,CONFIRMED,6.7911992444912107e-05,41710289.404034555,15.840724801143985,7111553500098529,3.6405789643266778e-05,2.3460432238510169e-12,2.4320823417265381e-07,103667.41401014294,0.34390823635047191,-5.8809859258173056e-13
2117,1.4996793080453952e-11,5.8651080596275424e-15,ELECTRODE_ATTACHMENT,CONFIRMED,6.7913171515998519e-05,41710289.184999324,15.840724717958832,7114277778265449,3.6419735902734866e-05,2.346043240751705e-12,2.4311510210965349e-07,103627.71575845125,0.34402007113234295,-5.8800740036265241e-13
2118,1.500265818855583e-11,5.8651081018792622e-15,ELECTRODE_ATTACHMENT,CONFIRMED,6.7914349644409536e-05,41710288.965951771,15.840724634768998,7116997499491476,3.6433658834111258e-05,2.3460432576533451e-12,2.4302219695020605e-07,103588.11422483812,0.34413171824426575,-5.8791586904006052e-13
2119,1.5008523296699962e-11,5.8651081441333636e-15,ELECTRODE_ATTACHMENT,CONFIRMED,6.7915526831129506e-05,41710288.746892028,15.840724551574535,7119712662241114,3.6447558429535359e-05,2.346043274555925e-12,2.4292951830828237e-07,103548.60924475732,0.3442431776589816,-5.8782399943909491e-13
2120,1.5014388404886351e-11,5.8651081863898127e-15,ELECTRODE_ATTACHMENT,CONFIRMED,6.7916703077139319e-05,41710288.527820148,15.840724468375464,7122423264996730,3.6461434681238001e-05,2.3460432914594424e-12,2.4283706579862339e-07,103509.20065399035,0.34435444934993048,-5.8773179238743369e-13
2121,1.5020253513115001e-11,5.8651082286486062e-15,ELECTRODE_ATTACHMENT,CONFIRMED,6.7917878383416289e-05,41710288.308736376,15.840724385171876,7125129306258583,3.6475287581541635e-05,2.3460433083638767e-12,2.4274483903673655e-07,103469.88828864633,0.34446553329125784,-5.8763924871529913e-13
2122,1.5026118621385912e-11,5.8651082709096922e-15,ELECTRODE_ATTACHMENT,CONFIRMED,6.7919052750934302e-05,41710288.089640819,15.840724301963812,7127830784544851,3.648911712286039e-05,2.3460433252692209e-12,2.4265283763889322e-07,103430.67198515932,0.34457642945780853,-5.8754636925545762e-13
2123,1.5031983729699086e-11,5.8651083131730532e-15,ELECTRODE_ATTACHMENT,CONFIRMED,6.7920226180663663e-05,41710287.870533645,15.840724218751337,7130527698391659,3.6502923297700343e-05,2.3460433421754618e-12,2.4256106122212429e-07,103391.55158028747,0.34468713782513211,-5.8745315484322689e-13
2124,1.5037848838054524e-11,5.8651083554386554e-15,ELECTRODE_ATTACHMENT,CONFIRMED,6.7921398673571304e-05,41710287.651414998,15.840724135534503,7133220046353104,3.651670609865951e-05,2.3460433590825884e-12,2.4246950940421836e-07,103352.52691111181,0.34479765836948145,-5.8735960631647718e-13
2125,1.5043713946452229e-11,5.8651083977064712e-15,ELECTRODE_ATTACHMENT,CONFIRMED,6.7922570230620621e-05,41710287.432284981,15.840724052313352,7135907827001285,3.653046551842809e-05,2.3460433759905915e-12,2.4237818180371758e-07,103313.59781503443,0.34490799106781433,-5.8726572451563651e-13
2126,1.5049579054892205e-11,5.8651084399764784e-15,ELECTRODE_ATTACHMENT,CONFIRMED,6.7923740852771566e-05,41710287.213143714,15.840723969087929,7138591038926330,3.6544201549788585e-05,2.3460433928994646e-12,2.4228707803991476e-07,103274.76412977734,0.34501813589779362,-5.8717151028369413e-13
2127,1.5055444163374453e-11,5.8651084822486621e-15,ELECTRODE_ATTACHMENT,CONFIRMED,6.792491054098065e-05,41710286.993991442,15.840723885858326,7141269680736422,3.6557914185615916e-05,2.3460434098091866e-12,2.4219619773285016e-07,103236.02569338177,0.34512809283779244,-5.8707696446620581e-13
2128,1.5061309271898976e-11,5.865108524522967e-15,ELECTRODE_ATTACHMENT,CONFIRMED,6.7926079296200872e-05,41710286.774828196,15.840723802624554,7143943751057829,3.6571603418877595e-05,2.3460434267197549e-12,2.4210554050330836e-07,103197.3823442054,0.34523786186688754,-5.8698208791129444e-13
2129,1.5067174380465774e-11,5.8651085667993884e-15,ELECTRODE_ATTACHMENT,CONFIRMED,6.7927247119381831e-05,41710286.555654205,15.840723719386704,7146613248534929,3.6585269242633799e-05,2.3460434436311527e-12,2.4201510597281535e-07,103158.83392092257,0.34534744296486686,-5.868868814696572e-13
2130,1.5073039489074853e-11,5.8651086090778822e-15,ELECTRODE_ATTACHMENT,CONFIRMED,6.792841401146971e-05,41710286.336469516,15.840723636144789,7149278171830239,3.659891165003763e-05,2.3460434605433761e-12,2.4192489376363456e-07,103120.3802625214,0.34545683611222539,-5.8679134599456775e-13
2131,1.5078904597726212e-11,5.8651086513584404e-15,ELECTRODE_ATTACHMENT,CONFIRMED,6.7929579973407197e-05,41710286.117274292,15.840723552898874,7151938519624443,3.6612530634335166e-05,2.3460434774564125e-12,2.4183490349876443e-07,103082.02120830367,0.3455660412901701,-5.8669548234188016e-13
2132,1.5084769706419854e-11,5.8651086936410323e-15,ELECTRODE_ATTACHMENT,CONFIRMED,6.7930745006133657e-05,41710285.898068726,15.840723469649031,7154594290616418,3.6626126188865595e-05,2.3460434943702467e-12,2.4174513480193515e-07,103043.75659788323,0.34567505848062013,-5.8659929137003481e-13
2133,1.5090634815155779e-11,5.8651087359256176e-15,ELECTRODE_ATTACHMENT,CONFIRMED,6.7931909110584905e-05,41710285.678852923,15.8407233863953,7157245483523264,3.6639698307061399e-05,2.3460435112848729e-12,2.4165558729760538e-07,103005.58627118399,0.34578388766620438,-5.8650277394005898e-13
2134,1.509649992393399e-11,5.8651087782121822e-15,ELECTRODE_ATTACHMENT,CONFIRMED,6.7933072287693452e-05,41710285.459627077,15.840723303137755,7159892097080330,3.6653246982448514e-05,2.3460435282002729e-12,2.4156626061095888e-07,102967.51006843949,0.34589252883026739,-5.8640593091557538e-13
2135,1.5102365032754491e-11,5.8651088205006827e-15,ELECTRODE_ATTACHMENT,CONFIRMED,6.7934234538388389e-05,41710285.240391232,15.840723219876413,7162534130041243,3.666677220864643e-05,2.3460435451164448e-12,2.4147715436790168e-07,102929.52783019042,0.34600098195686402,-5.8630876316279982e-13
2136,1.5108230141617282e-11,5.8651088627911135e-15,ELECTRODE_ATTACHMENT,CONFIRMED,6.7935395863595368e-05,41710285.021145605,15.840723136611354,7165171581177934,3.6680273979368314e-05,2.3460435620333712e-12,2.4138826819505897e-07,102891.63939728471,0.34610924703076767,-5.8621127155055296e-13
2137,1.5114095250522365e-11,5.8651089050834281e-15,ELECTRODE_ATTACHMENT,CONFIRMED,6.7936556264236694e-05,41710284.801890291,15.840723053342618,7167804449280669,3.669375228842121e-05,2.3460435789510468e-12,2.4129960171977176e-07,102853.84461087489,0.34621732403746425,-5.8611345695025654e-13
2138,1.5119960359469741e-11,5.8651089473776179e-15,ELECTRODE_ATTACHMENT,CONFIRMED,6.7937715741231281e-05,41710284.582625382,15.840722970070239,7170432733158073,3.6707207129706195e-05,2.3460435958694611e-12,2.4121115457009354e-07,102816.14331241739,0.34632521296315777,-5.8601532023594433e-13
2139,1.5125825468459414e-11,5.8651089896736535e-15,ELECTRODE_ATTACHMENT,CONFIRMED,6.7938874295494643e-05,41710284.363351181,15.840722886794328,7173056431637162,3.6720638497218395e-05,2.3460436127885932e-12,2.411229263747881e-07,102778.53534367189,0.34643291379477181,-5.8591686228426297e-13
2140,1.5131690577491385e-11,5.8651090319714838e-15,ELECTRODE_ATTACHMENT,CONFIRMED,6.7940031927938974e-05,41710284.144067615,15.840722803514863,7175675543563369,3.6734046385047317e-05,2.346043629708449e-12,2.4103491676332505e-07,102741.02054669772,0.34654042651994255,-5.8581808397447346e-13
2141,1.5137555686565656e-11,5.865109074271123e-15,ELECTRODE_ATTACHMENT,CONFIRMED,6.7941188639473066e-05,41710283.924774982,15.840722720231954,7178290067800570,3.6747430787376812e-05,2.3460436466290036e-12,2.4094712536587789e-07,102703.59876385563,0.34664775112703189,-5.8571898618846159e-13
2142,1.514342079568223e-11,5.8651091165725095e-15,ELECTRODE_ATTACHMENT,CONFIRMED,6.794234443100235e-05,41710283.705473393,15.840722636945642,7180900003231117,3.6760791698485328e-05,2.3460436635502504e-12,2.4085955181332026e-07,102666.26983780399,0.34675488760511863,-5.856195698107373e-13
2143,1.5149285904841106e-11,5.865109158875626e-15,ELECTRODE_ATTACHMENT,CONFIRMED,6.7943499303428962e-05,41710283.486162946,15.840722553655969,7183505348755861,3.6774129112746059e-05,2.3460436804721799e-12,2.4077219573722288e-07,102629.03361149845,0.34686183594400216,-5.8551983572843966e-13
2144,1.5155151014042287e-11,5.8651092011804504e-15,ELECTRODE_ATTACHMENT,CONFIRMED,6.7944653257651639e-05,41710283.266843766,15.840722470362977,7186106103294184,3.6787443024627012e-05,2.3460436973947851e-12,2.406850567698507e-07,102591.88992819043,0.34696859613420439,-5.8541978483134179e-13
2145,1.5161016123285775e-11,5.8651092434869637e-15,ELECTRODE_ATTACHMENT,CONFIRMED,6.794580629456581e-05,41710283.047516033,15.840722387066737,7188702265784026,3.6800733428691213e-05,2.346043714318049e-12,2.4059813454415962e-07,102554.83863142635,0.34707516816697154,-5.8531941801185646e-13
2146,1.5166881232571571e-11,5.8651092857951226e-15,ELECTRODE_ATTACHMENT,CONFIRMED,6.7946958415063556e-05,41710282.828179881,15.840722303767301,7191293835181911,3.6814000319596824e-05,2.3460437312419636e-12,2.4051142869379343e-07,102517.87956504543,0.34718155203427176,-5.852187361650366e-13
2147,1.5172746341899677e-11,5.8651093281049097e-15,ELECTRODE_ATTACHMENT,CONFIRMED,6.7948109620033652e-05,41710282.608835317,15.840722220464668,7193880810462980,3.6827243692097329e-05,2.3460437481665264e-12,2.4042493885308065e-07,102481.01257317852,0.347287747728797,-5.851177401885821e-13
2148,1.5178611451270095e-11,5.8651093704163163e-15,ELECTRODE_ATTACHMENT,CONFIRMED,6.794925991036158e-05,41710282.389482677,15.84072213715897,7196463190621015,3.6840463541041617e-05,2.3460437650917137e-12,2.4033866465703162e-07,102444.23750024803,0.34739375524396932,-5.8501643098284623e-13
2149,1.5184476560682825e-11,5.8651094127292856e-15,ELECTRODE_ATTACHMENT,CONFIRMED,6.7950409286929433e-05,41710282.170122035,15.840722053850232,7199040974668470,3.6853659861374161e-05,2.3460437820175177e-12,2.4025260574133533e-07,102407.55419096496,0.34749957457393377,-5.8491480945083579e-13
2150,1.5190341670137867e-11,5.8651094550437949e-15,ELECTRODE_ATTACHMENT,CONFIRMED,6.7951557750616106e-05,41710281.950753458,15.840721970538482,7201614161636498,3.6866832648135196e-05,2.3460437989439349e-12,2.401667617423561e-07,102370.96249032798,0.34760520571356185,-5.8481287649821569e-13
2151,1.5196206779635228e-11,5.8651094973598384e-15,ELECTRODE_ATTACHMENT,CONFIRMED,6.7952705302297105e-05,41710281.731377199,15.840721887223813,7204182750574980,3.6879981896460776e-05,2.3460438158709445e-12,2.400811322971311e-07,102334.4622436233,0.34771064865845724,-5.8471063303331739e-13
2152,1.5202071889174904e-11,5.8651095396773619e-15,ELECTRODE_ATTACHMENT,CONFIRMED,6.7953851942844699e-05,41710281.511993207,15.840721803906206,7206746740552554,3.6893107601583013e-05,2.3460438327985519e-12,2.3999571704336677e-07,102298.05329642131,0.34781590340494672,-5.8460807996713776e-13
2153,1.5207936998756899e-11,5.865109581996381e-15,ELECTRODE_ATTACHMENT,CONFIRMED,6.7954997673127834e-05,41710281.292601757,15.840721720585769,7209306130656643,3.6906209758830174e-05,2.3460438497267353e-12,2.3991051561943583e-07,102261.73549457754,0.34792096995009358,-5.8450521821334837e-13
2154,1.5213802108381216e-11,5.8651096243168382e-15,ELECTRODE_ATTACHMENT,CONFIRMED,6.7956142494012234e-05,41710281.073203042,15.840721637262572,7211860919993483,3.6919288363626858e-05,2.3460438666554773e-12,2.3982552766437418e-07,102225.50868423007,0.34802584829169181,-5.8440204868829964e-13
2155,1.5219667218047855e-11,5.8651096666386933e-15,ELECTRODE_ATTACHMENT,CONFIRMED,6.7957286406360312e-05,41710280.853797063,15.840721553936616,7214411107688154,3.6932343411494071e-05,2.3460438835847815e-12,2.3974075281787842e-07,102189.37271179764,0.3481305384282613,-5.8429857231101872e-13
2156,1.5225532327756816e-11,5.8651097089619541e-15,ELECTRODE_ATTACHMENT,CONFIRMED,6.7958429411031177e-05,41710280.634383991,15.840721470607965,7216956692884606,3.694537489804948e-05,2.346043900514633e-12,2.396561907203019e-07,102153.32742397976,0.34823504035906017,-5.841947900032218e-13
2157,1.5231397437508102e-11,5.8651097512865836e-15,ELECTRODE_ATTACHMENT,CONFIRMED,6.7959571508880779e-05,41710280.414963968,15.840721387276677,7219497674745689,3.6958382819007479e-05,2.3460439174450216e-12,2.3957184101265232e-07,102117.37266775467,0.34833935408407868,-5.8409070268931522e-13
2158,1.5237262547301713e-11,5.8651097936125542e-15,ELECTRODE_ATTACHMENT,CONFIRMED,6.7960712700761708e-05,41710280.195537142,15.840721303942804,7222034052453182,3.6971367170179361e-05,2.3460439343759353e-12,2.3948770333658846e-07,102081.50829037817,0.34844347960404259,-5.8398631129640042e-13
2159,1.5243127657137652e-11,5.865109835939839e-15,ELECTRODE_ATTACHMENT,CONFIRMED,6.7961852987523369e-05,41710279.976103663,15.840721220606405,7224565825207822,3.6984327947473496e-05,2.3460439513073612e-12,2.39403777334417e-07,102045.73413938233,0.34854741692041341,-5.8388161675427769e-13
2160,1.524899276701592e-11,5.8651098782684042e-15,ELECTRODE_ATTACHMENT,CONFIRMED,6.7962992370011901e-05,41710279.756663568,15.840721137267492,7227092992229332,3.6997265146895398e-05,2.3460439682393004e-12,2.3932006264908999e-07,102010.05006257366,0.34865116603538593,-5.837766199954507e-13
2161,1.525485787693652e-11,5.8651099205982512e-15,ELECTRODE_ATTACHMENT,CONFIRMED,6.7964130849070201e-05,41710279.53721714,15.840721053926174,7229615552756450,3.7010178764547984e-05,2.3460439851717263e-12,2.3923655892420111e-07,101974.45590803337,0.34875472695189913,-5.8367132195513497e-13
2162,1.5260722986899448e-11,5.865109962929317e-15,ELECTRODE_ATTACHMENT,CONFIRMED,6.7965268425537986e-05,41710279.317764416,15.840720970582465,7232133506046960,3.7023068796631621e-05,2.3460440021046389e-12,2.3915326580398324e-07,101938.95152411402,0.34885809967362369,-5.8356572357125508e-13
2163,1.526658809690471e-11,5.8651100052615977e-15,ELECTRODE_ATTACHMENT,CONFIRMED,6.796640510025169e-05,41710279.098305501,15.840720887236404,7234646851377718,3.7035935239444347e-05,2.3460440190380294e-12,2.3907018293330511e-07,101903.53675943955,0.34896128420497241,-5.8345982578445522e-13
2164,1.5272453206952305e-11,5.865110047595075e-15,ELECTRODE_ATTACHMENT,CONFIRMED,6.7967540874044549e-05,41710278.87884064,15.840720803888088,7237155588044684,3.7048778089381969e-05,2.346044035971879e-12,2.3898730995766834e-07,101868.21146290409,0.34906428055110045,-5.8335362953810349e-13
2165,1.5278318317042234e-11,5.8651100899296978e-15,ELECTRODE_ATTACHMENT,CONFIRMED,6.7968675747746575e-05,41710278.659369856,15.84072072053752,7239659715362948,3.7061597342938239e-05,2.3460440529061859e-12,2.3890464652320465e-07,101832.97548366967,0.34916708871789998,-5.8324713577829255e-13
2166,1.5284183427174498e-11,5.8651101322654661e-15,ELECTRODE_ATTACHMENT,CONFIRMED,6.7969809722184579e-05,41710278.439893335,15.840720637184774,7242159232666763,3.7074392996705028e-05,2.3460440698409354e-12,2.3882219227667228e-07,101797.82867116589,0.34926970871200863,-5.8314034545384825e-13
2167,1.52900485373491e-11,5.8651101746023395e-15,ELECTRODE_ATTACHMENT,CONFIRMED,6.797094279818219e-05,41710278.220411159,15.840720553829879,7244654139309571,3.7087165047372395e-05,2.3460440867761224e-12,2.3873994686545379e-07,101762.77087508808,0.34937214054080484,-5.8303325951633303e-13
2168,1.529591364756604e-11,5.8651102169403063e-15,ELECTRODE_ATTACHMENT,CONFIRMED,6.7972074976559824e-05,41710278.000923514,15.840720470472908,7247144434664034,3.7099913491728826e-05,2.346044103711731e-12,2.3865790993755232e-07,101727.80194539654,0.34947438421241345,-5.8292587892004998e-13
2169,1.5301778757825318e-11,5.8651102592793278e-15,ELECTRODE_ATTACHMENT,CONFIRMED,6.7973206258134725e-05,41710277.781430542,15.840720387113915,7249630118122062,3.7112638326661344e-05,2.3460441206477504e-12,2.3857608114158895e-07,101692.92173231479,0.34957643973570351,-5.828182046220501e-13
2170,1.5307643868126938e-11,5.8651103016193771e-15,ELECTRODE_ATTACHMENT,CONFIRMED,6.7974336643720899e-05,41710277.561932296,15.840720303752917,7252111189094845,3.712533954915566e-05,2.3460441375841769e-12,2.3849446012679961e-07,101658.13008632808,0.34967830712028763,-5.8271023758213159e-13
2171,1.5313508978470899e-11,5.8651103439604433e-15,ELECTRODE_ATTACHMENT,CONFIRMED,6.7975466134129233e-05,41710277.342429072,15.840720220390029,7254587647012880,3.7138017156296304e-05,2.3460441545209879e-12,2.3841304654303225e-07,101623.42685818337,0.34977998637653074,-5.8260197876285348e-13
2172,1.5319374088857201e-11,5.8651103863024704e-15,ELECTRODE_ATTACHMENT,CONFIRMED,6.7976594730167418e-05,41710277.122920759,15.84072013702521,7257059491326001,3.7150671145266819e-05,2.3460441714581923e-12,2.383318400407436e-07,101588.81189888576,0.34988147751553678,-5.8249342912952849e-13
2173,1.5325239199285848e-11,5.8651104286454819e-15,ELECTRODE_ATTACHMENT,CONFIRMED,6.7977722432639972e-05,41710276.903407641,15.840720053658565,7259526721503410,3.7163301513349915e-05,2.3460441883957675e-12,2.3825084027099616e-07,101554.28505969993,0.34998278054916698,-5.8238458965024107e-13
2174,1.5331104309756836e-11,5.8651104709894204e-15,ELECTRODE_ATTACHMENT,CONFIRMED,6.7978849242348257e-05,41710276.683889911,15.840719970290168,7261989337033704,3.7175908257927529e-05,2.3460442053336993e-12,2.3817004688545574e-07,101519.84619214736,0.35008389549002988,-5.8227546129584346e-13
2175,1.5336969420270171e-11,5.8651105133342495e-15,ELECTRODE_ATTACHMENT,CONFIRMED,6.7979975160090502e-05,41710276.464367539,15.840719886920008,7264447337424907,3.7188491376481148e-05,2.3460442222719882e-12,2.3808945953638741e-07,101485.49514800431,0.35018482235148107,-5.8216604503996138e-13
2176,1.5342834530825852e-11,5.8651105556799707e-15,ELECTRODE_ATTACHMENT,CONFIRMED,6.7981100186661727e-05,41710276.244840696,15.840719803548151,7266900722204499,3.7201050866591726e-05,2.346044239210624e-12,2.380090778766541e-07,101451.23177930237,0.35028556114763032,-5.8205634185900207e-13
2177,1.534869964142388e-11,5.8651105980265606e-15,ELECTRODE_ATTACHMENT,CONFIRMED,6.7982224322853831e-05,41710276.025309578,15.84071972017467,7269349490919445,3.7213586725940108e-05,2.3460442561495886e-12,2.3792890155971177e-07,101417.05593832623,0.3503861118933419,-5.8194635273215956e-13
2178,1.5354564752064253e-11,5.8651106403739732e-15,ELECTRODE_ATTACHMENT,CONFIRMED,6.7983347569455628e-05,41710275.805774249,15.840719636799589,7271793643136227,3.7226098952306953e-05,2.3460442730888784e-12,2.37848930239608e-07,101382.96747761215,0.3504864746042301,-5.8183607864141438e-13
2179,1.5360429862746976e-11,5.8651106827221959e-15,ELECTRODE_ATTACHMENT,CONFIRMED,6.7984469927252688e-05,41710275.58623483,15.840719553422955,7274233178440871,3.7238587543573003e-05,2.3460442900284844e-12,2.3776916357097819e-07,101348.96624994719,0.35058664929666472,-5.8172552057154473e-13
2180,1.5366294973472048e-11,5.8651107250712123e-15,ELECTRODE_ATTACHMENT,CONFIRMED,6.7985591397027575e-05,41710275.36669156,15.84071947004486,7276668096438980,3.7251052497719204e-05,2.3460443069683884e-12,2.3768960120904293e-07,101315.05210836824,0.35068663598777355,-5.8161467951012874e-13
2181,1.537216008423947e-11,5.865110767420971e-15,ELECTRODE_ATTACHMENT,CONFIRMED,6.7986711979559628e-05,41710275.147144511,15.840719386665329,7279098396755761,3.7263493812826884e-05,2.3460443239085833e-12,2.3761024280960476e-07,101281.22490615977,0.35078643469543774,-5.8150355644754898e-13
2182,1.537802519504924e-11,5.8651108097714585e-15,ELECTRODE_ATTACHMENT,CONFIRMED,6.7987831675625122e-05,41710274.92759376,15.840719303284391,7281524079036057,3.7275911487077897e-05,2.3460443408490641e-12,2.375310880290453e-07,101247.48449685298,0.35088604543829521,-5.8139215237699703e-13
2183,1.5383890305901361e-11,5.86511085212266e-15,ELECTRODE_ATTACHMENT,CONFIRMED,6.798895048599716e-05,41710274.708039425,15.840719219902093,7283945142944376,3.7288305518754717e-05,2.3460443577898224e-12,2.374521365243227e-07,101213.830734225,0.35098546823574311,-5.8128046829448136e-13
2184,1.5389755416795837e-11,5.8651108944745565e-15,ELECTRODE_ATTACHMENT,CONFIRMED,6.7990068411445824e-05,41710274.488481686,15.840719136518501,7286361588164923,3.7300675906240718e-05,2.3460443747308428e-12,2.3737338795296791e-07,101180.2634722974,0.35108470310793943,-5.8116850519883134e-13
2185,1.5395620527732663e-11,5.8651109368271078e-15,ELECTRODE_ATTACHMENT,CONFIRMED,6.7991185452737998e-05,41710274.268920727,15.840719053133688,7288773414401629,3.7313022648020212e-05,2.3460443916721121e-12,2.372948419730824e-07,101146.78256533486,0.3511837500758021,-5.810562640917019e-13
2186,1.5401485638711844e-11,5.8651109791802806e-15,ELECTRODE_ATTACHMENT,CONFIRMED,6.799230161063757e-05,41710274.049356498,15.84071896974763,7291180621378180,3.7325345742678654e-05,2.3460444086136338e-12,2.3721649824333494e-07,101113.38786784311,0.35128260916100545,-5.8094374597757617e-13
2187,1.5407350749733379e-11,5.8651110215340854e-15,ELECTRODE_ATTACHMENT,CONFIRMED,6.799341688590523e-05,41710273.829789311,15.840718886360452,7293583208838050,3.733764518890279e-05,2.3460444255553848e-12,2.3713835642295874e-07,101080.07923456965,0.35138128038599342,-5.8083095186377787e-13
2188,1.5413215860797268e-11,5.8651110638884628e-15,ELECTRODE_ATTACHMENT,CONFIRMED,6.7994531279298631e-05,41710273.610219203,15.840718802972162,7295981176544530,3.7349920985480836e-05,2.3460444424973605e-12,2.3706041617174825e-07,101046.85652050044,0.35147976377396745,-5.8071788276046831e-13
2189,1.5419080971903511e-11,5.8651111062434019e-15,ELECTRODE_ATTACHMENT,CONFIRMED,6.7995644791572337e-05,41710273.390646309,15.840718719582815,7298374524280757,3.7362173131302581e-05,2.3460444594395522e-12,2.3698267715005664e-07,101013.71958085976,0.35157805934889497,-5.8060453968065718e-13
2190,1.5424946083052109e-11,5.8651111485988814e-15,ELECTRODE_ATTACHMENT,CONFIRMED,6.7996757423477864e-05,41710273.171070747,15.840718636192456,7300763251849749,3.7374401625359602e-05,2.3460444763819491e-12,2.369051390187925e-07,100980.66827110869,0.35167616713550837,-5.8049092364020536e-13
2191,1.5430811194243064e-11,5.8651111909548745e-15,ELECTRODE_ATTACHMENT,CONFIRMED,6.7997869175763582e-05,41710272.951492675,15.840718552801142,7303147359074430,3.7386606466745392e-05,2.3460444933245403e-12,2.3682780143941698e-07,100947.70244694391,0.3517740871593063,-5.8037703565783233e-13
2192,1.5436676305476376e-11,5.8651112333113519e-15,ELECTRODE_ATTACHMENT,CONFIRMED,6.7998980049174866e-05,41710272.731912166,15.840718469408904,7305526845797665,3.7398787654655498e-05,2.3460445102673205e-12,2.3675066407394113e-07,100914.82196429621,0.35187181944655282,-5.8026287675511796e-13
2193,1.5442541416752043e-11,5.8651112756683026e-15,ELECTRODE_ATTACHMENT,CONFIRMED,6.8000090044453962e-05,41710272.512329414,15.840718386015814,7307901711882289,3.7410945188387718e-05,2.3460445272102724e-12,2.366737265849226e-07,100882.02667932989,0.35196936402428336,-5.8014844795651312e-13
2194,1.5448406528070067e-11,5.8651113180256816e-15,ELECTRODE_ATTACHMENT,CONFIRMED,6.8001199162340105e-05,41710272.292744502,15.840718302621903,7310271957211137,3.7423079067342223e-05,2.3460445441533923e-12,2.3659698863546298e-07,100849.31644844057,0.35206672092029845,-5.8003375028933908e-13
2195,1.5454271639430452e-11,5.865111360383482e-15,ELECTRODE_ATTACHMENT,CONFIRMED,6.8002307403569454e-05,41710272.073157556,15.840718219227218,7312637581687077,3.7435189291021757e-05,2.3460445610966689e-12,2.3652044988920462e-07,100816.69112825465,0.35216389016317068,-5.7991878478379779e-13
2196,1.5460136750833194e-11,5.8651114027416728e-15,ELECTRODE_ATTACHMENT,CONFIRMED,6.8003414768875122e-05,41710271.853568688,15.840718135831805,7314998585233039,3.7447275859031726e-05,2.3460445780400949e-12,2.3644411001032808e-07,100784.15057562779,0.35226087178224258,-5.7980355247297493e-13
2197,1.5466001862278294e-11,5.8651114451002383e-15,ELECTRODE_ATTACHMENT,CONFIRMED,6.8004521258987195e-05,41710271.633978076,15.840718052435729,7317354967792046,3.7459338771080458e-05,2.3460445949836555e-12,2.363679686635487e-07,100751.69464764392,0.35235766580763039,-5.7968805439284686e-13
2198,1.5471866973765755e-11,5.8651114874591391e-15,ELECTRODE_ATTACHMENT,CONFIRMED,6.8005626874632658e-05,41710271.414385751,15.840717969039003,7319706729327247,3.7471378026979268e-05,2.3460446119273477e-12,2.3629202551411413e-07,100719.32320161337,0.35245427227021997,-5.7957229158228418e-13
2199,1.5477732085295573e-11,5.8651115298183696e-15,ELECTRODE_ATTACHMENT,CONFIRMED,6.8006731616535542e-05,41710271.194791891,15.840717885641695,7322053869821946,3.7483393626642661e-05,2.3460446288711594e-12,2.3621628022780121e-07,100687.03609507243,0.35255069120167398,-5.7945626508305907e-13
2200,1.5483597196867751e-11,5.8651115721778991e-15,ELECTRODE_ATTACHMENT,CONFIRMED,6.80078354854168e-05,41710270.975196667,15.840717802243867,7324396389279634,3.749538557008847e-05,2.3460446458150762e-12,2.3614073247091319e-07,100654.83318578186,0.35264692263443004,-5.7933997593985127e-13
2201,1.5489462308482287e-11,5.8651116145376913e-15,ELECTRODE_ATTACHMENT,CONFIRMED,6.800893848199435e-05,41710270.755600139,15.840717718845545,7326734287724020,3.7507353857438053e-05,2.3460446627590936e-12,2.360653819102766e-07,100622.71433172509,0.35274296660169924,-5.792234252002506e-13
2202,1.5495327420139184e-11,5.8651116568977336e-15,ELECTRODE_ATTACHMENT,CONFIRMED,6.8010040606983143e-05,41710270.53600239,15.840717635446758,7329067565199064,3.7519298488916409e-05,2.3460446797032062e-12,2.3599022821323858e-07,100590.67939110745,0.35283882313746984,-5.7910661391476552e-13
2203,1.5501192531838442e-11,5.8651116992580156e-15,ELECTRODE_ATTACHMENT,CONFIRMED,6.8011141861095025e-05,41710270.31640365,15.840717552047597,7331396221769004,3.7531219464852396e-05,2.3460446966473944e-12,2.3591527104766359e-07,100558.72822235541,0.35293449227651147,-5.7898954313683003e-13
2204,1.550705764358006e-11,5.865111741618487e-15,ELECTRODE_ATTACHMENT,CONFIRMED,6.8012242245038914e-05,41710270.09680403,15.8407174686481,7333720257518393,3.7543116785678814e-05,2.3460447135916517e-12,2.3584051008193108e-07,100526.86068411442,0.35302997405436948,-5.7887221392280488e-13
2205,1.5512922755364039e-11,5.8651117839791296e-15,ELECTRODE_ATTACHMENT,CONFIRMED,6.8013341759520682e-05,41710269.877203509,15.84071738524826,7336039672552127,3.7554990451932614e-05,2.3460447305359784e-12,2.3576594498493224e-07,100495.07663524772,0.35312526850736703,-5.787546273319854e-13
2206,1.5518787867190379e-11,5.8651118263399465e-15,ELECTRODE_ATTACHMENT,CONFIRMED,6.8014440405243161e-05,41710269.65760237,15.840717301848187,7338354466995476,3.7566840464255076e-05,2.3460447474803528e-12,2.3569157542606698e-07,100463.37593483638,0.35322037567261394,-5.7863678442661075e-13
2207,1.5524652979059079e-11,5.8651118687008826e-15,ELECTRODE_ATTACHMENT,CONFIRMED,6.8015538182906259e-05,41710269.438000672,15.840717218447899,7340664640994119,3.7578666823391953e-05,2.3460447644247704e-12,2.3561740107524115e-07,100431.75844217639,0.35331529558799768,-5.7851868627186397e-13
2208,1.553051809097014e-11,5.8651119110619267e-15,ELECTRODE_ATTACHMENT,CONFIRMED,6.8016635093206859e-05,41710269.218398511,15.84071713504744,7342970194714172,3.7590469530193579e-05,2.3460447813692248e-12,2.3554342160286403e-07,100400.22401677837,0.35341002829218876,-5.7840033393588082e-13
2209,1.5536383202923562e-11,5.8651119534230623e-15,ELECTRODE_ATTACHMENT,CONFIRMED,6.8017731136838826e-05,41710268.998796098,15.840717051646882,7345271128342222,3.7602248585615115e-05,2.3460447983136985e-12,2.3546963667984485e-07,100368.77251836659,0.35350457382464429,-5.7828172848975658e-13
2210,1.5542248314919347e-11,5.8651119957842476e-15,ELECTRODE_ATTACHMENT,CONFIRMED,6.8018826314493052e-05,41710268.779193409,15.84071696824622,7347567442085359,3.7614003990716709e-05,2.3460448152581933e-12,2.353960459775899e-07,100337.40380687632,0.35359893222560207,-5.7816287100754914e-13
2211,1.5548113426957493e-11,5.8651120381454835e-15,ELECTRODE_ATTACHMENT,CONFIRMED,6.8019920626857463e-05,41710268.559590727,15.840716884845559,7349859136171206,3.7625735746663572e-05,2.3460448322026884e-12,2.3532264916800032e-07,100306.11774245473,0.3536931035360909,-5.7804376256628823e-13
2212,1.5553978539038e-11,5.8651120805067224e-15,ELECTRODE_ATTACHMENT,CONFIRMED,6.8021014074616992e-05,41710268.339988075,15.840716801444911,7352146210847953,3.763744385472622e-05,2.3460448491471812e-12,2.3524944592346858e-07,100274.91418545767,0.35378708779792212,-5.779244042459776e-13
2213,1.5559843651160868e-11,5.8651121228679535e-15,ELECTRODE_ATTACHMENT,CONFIRMED,6.8022106658453628e-05,41710268.12038558,15.840716718044321,7354428666384388,3.7649128316280627e-05,2.3460448660916626e-12,2.3517643591687569e-07,100243.79299644948,0.35388088505369664,-5.7780479712960428e-13
2214,1.5565708763326097e-11,5.865112165229157e-15,ELECTRODE_ATTACHMENT,CONFIRMED,6.802319837904634e-05,41710267.900783278,15.840716634643806,7356706503069930,3.7660789132808383e-05,2.3460448830361287e-12,2.351036188215884e-07,100212.75403620138,0.35397449534680314,-5.7768494230314231e-13
2215,1.5571573875533686e-11,5.8651122075903226e-15,ELECTRODE_ATTACHMENT,CONFIRMED,6.8024289237071154e-05,41710267.681181431,15.840716551243464,7358979721214659,3.7672426305896821e-05,2.34604489998056e-12,2.3503099431145652e-07,100181.7971656911,0.35406791872142396,-5.7756484085556184e-13
2216,1.5577438987783639e-11,5.8651122499514006e-15,ELECTRODE_ATTACHMENT,CONFIRMED,6.8025379233201157e-05,41710267.461580187,15.84071646784335,7361248321149351,3.7684039837239255e-05,2.3460449169249445e-12,2.3495856206080959e-07,100150.92224610057,0.35416115522253105,-5.7744449387883265e-13
2217,1.5583304100075952e-11,5.8651122923123619e-15,ELECTRODE_ATTACHMENT,CONFIRMED,6.8026468368106467e-05,41710267.241979465,15.840716384443436,7363512303225509,3.7695629728635073e-05,2.3460449338692898e-12,2.3488632174445448e-07,100120.12913881436,0.35425420489588294,-5.7732390246792732e-13
2218,1.5589169212410627e-11,5.8651123346732254e-15,ELECTRODE_ATTACHMENT,CONFIRMED,6.8027556642454208e-05,41710267.022379592,15.840716301043843,7365771667815396,3.7707195981989958e-05,2.3460449508135697e-12,2.3481427303767207e-07,100089.41770542051,0.3543470677880402,-5.7720306772083642e-13
2219,1.5595034324787662e-11,5.8651123770339247e-15,ELECTRODE_ATTACHMENT,CONFIRMED,6.8028644056908628e-05,41710266.802780502,15.840716217644546,7368026415312066,3.7718738599316054e-05,2.346044967757789e-12,2.3474241561621448e-07,100058.7878077066,0.35443974394634942,-5.7708199073856451e-13
2220,1.5600899437207058e-11,5.8651124193944734e-15,ELECTRODE_ATTACHMENT,CONFIRMED,6.8029730612130957e-05,41710266.583182462,15.84071613424565,7370276546129399,3.7730257582732046e-05,2.3460449847019283e-12,2.3467074915630271e-07,100028.23930766115,0.35453223341895868,-5.7696067262514425e-13
2221,1.5606764549668811e-11,5.8651124617548218e-15,ELECTRODE_ATTACHMENT,CONFIRMED,6.8030816308779562e-05,41710266.363585532,15.840716050847176,7372522060702131,3.7741752934463451e-05,2.3460450016459816e-12,2.3459927333462299e-07,99997.77206747036,0.35462453625480855,-5.7683911448763785e-13
2222,1.5612629662172925e-11,5.8651125041149548e-15,ELECTRODE_ATTACHMENT,CONFIRMED,6.8031901147509803e-05,41710266.143989846,15.840715967449173,7374762959485889,3.7753224656842706e-05,2.3460450185899392e-12,2.3452798782832435e-07,99967.385949517906,0.35471665250363821,-5.7671731743614492e-13
2223,1.56184947747194e-11,5.8651125464748479e-15,ELECTRODE_ATTACHMENT,CONFIRMED,6.8032985128974125e-05,41710265.924395494,15.840715884051676,7376999242957222,3.7764672752309359e-05,2.3460450355337942e-12,2.3445689231501563e-07,99937.080816383299,0.35480858221598394,-5.7659528258380894e-13
2224,1.5624359887308235e-11,5.8651125888344863e-15,ELECTRODE_ATTACHMENT,CONFIRMED,6.8034068253822061e-05,41710265.704802543,15.840715800654712,7379230911613634,3.7776097223410236e-05,2.3460450524775417e-12,2.343859864727627e-07,99906.856530840829,0.35490032544318123,-5.7647301104682298e-13
2225,1.5630224999939428e-11,5.8651126311938557e-15,ELECTRODE_ATTACHMENT,CONFIRMED,6.8035150522700215e-05,41710265.48521129,15.840715717258394,7381457965973620,3.77874980727996e-05,2.3460450694211576e-12,2.3431526998008556e-07,99876.712955859126,0.35499188223737044,-5.7635050394443887e-13
2226,1.5636090112612981e-11,5.8651126735528945e-15,ELECTRODE_ATTACHMENT,CONFIRMED,6.8036231936252265e-05,41710265.265621617,15.840715633862674,7383680406576695,3.7798875303239347e-05,2.3460450863646531e-12,2.3424474251595525e-07,99846.649954597611,0.35508325265148494,-5.7622776239896682e-13
2227,1.5641955225328892e-11,5.8651127159116328e-15,ELECTRODE_ATTACHMENT,CONFIRMED,6.8037312495118973e-05,41710265.046033785,15.840715550467655,7385898233983428,3.7810228917599129e-05,2.346045103308006e-12,2.3417440375979143e-07,99816.667390408344,0.3551744367392683,-5.7610478753579078e-13
2228,1.5647820338087161e-11,5.8651127582700153e-15,ELECTRODE_ATTACHMENT,CONFIRMED,6.8038392199938177e-05,41710264.826447859,15.840715467073359,7388111448775477,3.78215589188566e-05,2.3460451202512111e-12,2.3410425339145898e-07,99786.765126832441,0.35526543455526377,-5.759815804833685e-13
2229,1.565368545088779e-11,5.8651128006280286e-15,ELECTRODE_ATTACHMENT,CONFIRMED,6.8039471051344825e-05,41710264.606863983,15.840715383679841,7390320051555622,3.7832865310097474e-05,2.3460451371942595e-12,2.340342910912657e-07,99756.943027599962,0.3553562461548202,-5.7585814237323993e-13
2230,1.5659550563730776e-11,5.8651128429856498e-15,ELECTRODE_ATTACHMENT,CONFIRMED,6.8040549049970926e-05,41710264.387282312,15.84071530028716,7392524042947795,3.7844148094515816e-05,2.3460451541371379e-12,2.3396451653995892e-07,99727.200956628541,0.35544687159409316,-5.7573447434003535e-13
2231,1.566541567661612e-11,5.8651128853428451e-15,ELECTRODE_ATTACHMENT,CONFIRMED,6.8041626196445643e-05,41710264.167702854,15.840715216895321,7394723423597118,3.7855407275414127e-05,2.3460451710798458e-12,2.3389492941872301e-07,99697.538778021495,0.35553731093004137,-5.7561057752147747e-13
2232,1.5671280789543819e-11,5.8651129276996152e-15,ELECTRODE_ATTACHMENT,CONFIRMED,6.804270249139517e-05,41710263.94812578,15.840715133504386,7396918194169934,3.7866642856203559e-05,2.3460451880223691e-12,2.3382552940917629e-07,99667.956356067763,0.35562756422043484,-5.7548645305839447e-13
2233,1.5677145902513874e-11,5.8651129700559238e-15,ELECTRODE_ATTACHMENT,CONFIRMED,6.8043777935442856e-05,41710263.728551224,15.840715050114408,7399108355353841,3.787785484040406e-05,2.3460452049646994e-12,2.3375631619336838e-07,99638.453555239859,0.3557176315238515,-5.7536210209472109e-13
2234,1.5683011015526288e-11,5.8651130124117488e-15,ELECTRODE_ATTACHMENT,CONFIRMED,6.8044852529209135e-05,41710263.508979172,15.840714966725381,7401293907857726,3.7889043231644592e-05,2.3460452219068362e-12,2.3368728945377703e-07,99609.030240192442,0.35580751289967655,-5.7523752577750774e-13
2235,1.5688876128581055e-11,5.865113054767091e-15,ELECTRODE_ATTACHMENT,CONFIRMED,6.8045926273311555e-05,41710263.289409958,15.840714883337432,7403474852411797,3.7900208033663212e-05,2.3460452388487541e-12,2.3361844887330574e-07,99579.686275762724,0.35589720840811268,-5.7511272525692947e-13
2236,1.5694741241678177e-11,5.8651130971218858e-15,ELECTRODE_ATTACHMENT,CONFIRMED,6.8046999168364791e-05,41710263.069843508,15.840714799950533,7405651189767619,3.7911349250307375e-05,2.3460452557904595e-12,2.3354979413528031e-07,99550.421526966544,0.35598671811016691,-5.7498770168628628e-13
2237,1.5700606354817653e-11,5.8651131394761496e-15,ELECTRODE_ATTACHMENT,CONFIRMED,6.8048071214980618e-05,41710262.850280061,15.840714716564774,7407822920698148,3.7922466885533992e-05,2.3460452727319327e-12,2.3348132492344647e-07,99521.23585899992,0.35607604206766558,-5.7486245622201777e-13
2238,1.5706471467999483e-11,5.8651131818298321e-15,ELECTRODE_ATTACHMENT,CONFIRMED,6.8049142413767951e-05,41710262.630719639,15.840714633180164,7409990045997763,3.7933560943409653e-05,2.3460452896731733e-12,2.3341304092196684e-07,99492.129137235679,0.35616518034324457,-5.7473699002370292e-13
2239,1.5712336581223667e-11,5.8651132241829332e-15,ELECTRODE_ATTACHMENT,CONFIRMED,6.8050212765332832e-05,41710262.411162406,15.840714549796765,7412152566482302,3.7944631428110815e-05,2.3460453066141679e-12,2.3334494181541803e-07,99463.101227223699,0.35625413300035808,-5.7461130425407211e-13
2240,1.5718201694490202e-11,5.8651132665354197e-15,ELECTRODE_ATTACHMENT,CONFIRMED,6.8051282270278416e-05,41710262.191608399,15.840714466414591,7414310482989095,3.7955678343923952e-05,2.3460453235549133e-12,2.3327702728878783e-07,99434.151994688684,0.35634290010327463,-5.7448540007901158e-13
2241,1.5724066807799089e-11,5.8651133088872846e-15,ELECTRODE_ATTACHMENT,CONFIRMED,6.8052350929204985e-05,41710261.972057804,15.840714383033713,7416463796376999,3.796670169524574e-05,2.3460453404953961e-12,2.3320929702747232e-07,99405.281305529817,0.35643148171708233,-5.7435927866757108e-13
2242,1.5729931921150326e-11,5.8651133512384917e-15,ELECTRODE_ATTACHMENT,CONFIRMED,6.8053418742709988e-05,41710261.752510771,15.840714299654188,7418612507526431,3.797770148658321e-05,2.3460453574356051e-12,2.3314175071727325e-07,99376.489025819101,0.3565198779076878,-5.7423294119197127e-13
2243,1.5735797034543915e-11,5.8651133935890139e-15,ELECTRODE_ATTACHMENT,CONFIRMED,6.8054485711387989e-05,41710261.532967299,15.840714216276014,7420756617339405,3.798867772255399e-05,2.3460453743755391e-12,2.3307438804439468e-07,99347.775021799607,0.35660808874181421,-5.7410638882760822e-13
2244,1.5741662147979854e-11,5.8651134359388491e-15,ELECTRODE_ATTACHMENT,CONFIRMED,6.8055551835830678e-05,41710261.31342756,15.84071413289926,7422896126739564,3.7999630407886395e-05,2.3460453913151842e-12,2.3300720869544073e-07,99319.139159885468,0.35669611428700876,-5.7397962275306457e-13
2245,1.5747527261458141e-11,5.8651134782879617e-15,ELECTRODE_ATTACHMENT,CONFIRMED,6.8056617116626952e-05,41710261.093891613,15.840714049523944,7425031036672216,3.8010559547419673e-05,2.3460454082545386e-12,2.3294021235741219e-07,99290.581306659398,0.35678395461163825,-5.7385264415011301e-13
2246,1.5753392374978776e-11,5.8651135206363478e-15,ELECTRODE_ATTACHMENT,CONFIRMED,6.8057681554362781e-05,41710260.874359667,15.840713966150149,7427161348104368,3.8021465146104143e-05,2.3460454251935832e-12,2.3287339871770413e-07,99262.101328872886,0.35687160978489585,-5.7372545420372654e-13
2247,1.5759257488541759e-11,5.8651135629839584e-15,ELECTRODE_ATTACHMENT,CONFIRMED,6.8058745149621346e-05,41710260.65483176,15.840713882777887,7429287062024760,3.8032347209001362e-05,2.3460454421323175e-12,2.3280676746410283e-07,99233.699093443414,0.35695907987679443,-5.7359805410208225e-13
2248,1.5765122602147089e-11,5.8651136053307943e-15,ELECTRODE_ATTACHMENT,CONFIRMED,6.8059807902982937e-05,41710260.435307965,15.840713799407187,7431408179443903,3.8043205741284403e-05,2.346045459070734e-12,2.3274031828478261e-07,99205.374467454181,0.35704636495817421,-5.7347044503657073e-13
2249,1.5770987715794767e-11,5.8651136476768351e-15,ELECTRODE_ATTACHMENT,CONFIRMED,6.8060869815025056e-05,41710260.215788484,15.840713716038126,7433524701394111,3.8054040748237872e-05,2.3460454760088181e-12,2.326740508683037e-07,99177.127318153114,0.35713346510070298,-5.7334262820180447e-13
2250,1.577685282948479e-11,5.865113690022046e-15,ELECTRODE_ATTACHMENT,CONFIRMED,6.8061930886322301e-05,41710259.996273369,15.840713632670722,7435636628929536,3.8064852235258215e-05,2.3460454929465662e-12,2.3260796490360889e-07,99148.95751295083,0.35722038037687331,-5.7321460479562168e-13
2251,1.5782717943217157e-11,5.8651137323664167e-15,ELECTRODE_ATTACHMENT,CONFIRMED,6.8062991117446482e-05,41710259.776762709,15.840713549305011,7437743963126205,3.8075640207853863e-05,2.3460455098839701e-12,2.3254206008002058e-07,99120.864919419895,0.3573071108600076,-5.7308637601909607e-13
2252,1.5788583056991866e-11,5.8651137747099253e-15,ELECTRODE_ATTACHMENT,CONFIRMED,6.8064050508966588e-05,41710259.557256691,15.840713465941063,7439846705082054,3.808640467164539e-05,2.3460455268210158e-12,2.3247633608723841e-07,99092.849405293935,0.35739365662425909,-5.7295794307654446e-13
2253,1.5794448170808919e-11,5.8651138170525408e-15,ELECTRODE_ATTACHMENT,CONFIRMED,6.8065109061448708e-05,41710259.33775539,15.840713382578905,7441944855916964,3.8097145632365723e-05,2.346045543757698e-12,2.3241079261533591e-07,99064.910838465599,0.35748001774461002,-5.7282930717553291e-13
2254,1.5800313284668314e-11,5.865113859394246e-15,ELECTRODE_ATTACHMENT,CONFIRMED,6.8066166775456193e-05,41710259.118258759,15.840713299218521,7444038416772796,3.8107863095860305e-05,2.3460455606940191e-12,2.3234542935475802e-07,99037.049086985513,0.35756619429687209,-5.7270046952688268e-13
2255,1.5806178398570049e-11,5.8651139017350487e-15,ELECTRODE_ATTACHMENT,CONFIRMED,6.8067223651549494e-05,41710258.898767188,15.84071321586006,7446127388813426,3.8118557068087253e-05,2.3460455776299516e-12,2.3228024599631819e-07,99009.264019062641,0.35765218635769797,-5.7257143134468458e-13
2256,1.5812043512514123e-11,5.8651139440748796e-15,ELECTRODE_ATTACHMENT,CONFIRMED,6.8068279690286284e-05,41710258.679280542,15.840713132503467,7448211773224782,3.8129227555117633e-05,2.3460455945655041e-12,2.3221524223119512e-07,98981.555503060124,0.35773799400456535,-5.7244219384629655e-13
2257,1.5817908626500538e-11,5.8651139864137599e-15,ELECTRODE_ATTACHMENT,CONFIRMED,6.8069334892221445e-05,41710258.459799066,15.840713049148839,7450291571214878,3.8139874563135523e-05,2.346045611500658e-12,2.3215041775093052e-07,98953.923407496986,0.35782361731579376,-5.7231275825235969e-13
2258,1.5823773740529292e-11,5.8651140287516454e-15,ELECTRODE_ATTACHMENT,CONFIRMED,6.8070389257906958e-05,41710258.240322828,15.8407129657962,7452366784013851,3.815049809843826e-05,2.3460456284354075e-12,2.32085772247426e-07,98926.367601045102,0.35790905637053594,-5.7218312578680101e-13
2259,1.582963885460038e-11,5.8651140710885196e-15,ELECTRODE_ATTACHMENT,CONFIRMED,6.8071442787892065e-05,41710258.020851895,15.840712882445576,7454437412873998,3.8161098167436673e-05,2.3460456453697475e-12,2.3202130541293976e-07,98898.88795252837,0.35799431124878262,-5.7205329767684291e-13
2260,1.5835503968713803e-11,5.8651141134243691e-15,ELECTRODE_ATTACHMENT,CONFIRMED,6.8072495482723178e-05,41710257.801386453,15.840712799097037,7456503459069808,3.8171674776655116e-05,2.3460456623036646e-12,2.3195701694008486e-07,98871.484330922234,0.3580793820313648,-5.7192327515301117e-13
2261,1.584136908286956e-11,5.8651141557591615e-15,ELECTRODE_ATTACHMENT,CONFIRMED,6.8073547342943901e-05,41710257.581926472,15.840712715750573,7458564923898003,3.8182227932731833e-05,2.3460456792371604e-12,2.3189290652182505e-07,98844.156605351047,0.35816426879994973,-5.7179305944913988e-13
2262,1.5847234197067653e-11,5.8651141980929023e-15,ELECTRODE_ATTACHMENT,CONFIRMED,6.8074598369095008e-05,41710257.362472221,15.840712632406285,7460621808677571,3.8192757642419014e-05,2.3460456961702144e-12,2.3182897385147295e-07,98816.904645088754,0.35824897163705138,-5.7166265180238538e-13
2263,1.5853099311308077e-11,5.8651142404255364e-15,ELECTRODE_ATTACHMENT,CONFIRMED,6.8075648561714534e-05,41710257.143023685,15.840712549064166,7462674114749803,3.8203263912583017e-05,2.3460457131028277e-12,2.317652186226867e-07,98789.72831955571,0.3583334906260201,-5.7153205345322618e-13
2264,1.5858964425590833e-11,5.8651142827570692e-15,ELECTRODE_ATTACHMENT,CONFIRMED,6.8076697921337669e-05,41710256.923581034,15.840712465724284,7464721843478331,3.8213746750204609e-05,2.346045730034987e-12,2.3170164052946712e-07,98762.627498318936,0.35841782585105364,-5.7140126564547746e-13
2265,1.586482953991592e-11,5.8651143250874685e-15,ELECTRODE_ATTACHMENT,CONFIRMED,6.8077746448496823e-05,41710256.704144299,15.840712382386647,7466764996249161,3.8224206162379064e-05,2.3460457469666904e-12,2.3163823926615506e-07,98735.602051089882,0.35850197739719125,-5.7127028962629413e-13
2266,1.5870694654283336e-11,5.8651143674167254e-15,ELECTRODE_ATTACHMENT,CONFIRMED,6.8078794143721603e-05,41710256.484713681,15.840712299051333,7468803574470713,3.8234642156316403e-05,2.3460457638979216e-12,2.315750145274285e-07,98708.651847724366,0.35858594535032112,-5.7113912664618315e-13
2267,1.587655976869308e-11,5.8651144097448046e-15,ELECTRODE_ATTACHMENT,CONFIRMED,6.8079841007538821e-05,41710256.265289128,15.840712215718323,7470837579573856,3.8245054739341556e-05,2.3460457808286854e-12,2.3151196600829962e-07,98681.776758219727,0.35866972979717338,-5.7100777795900674e-13
2268,1.5882424883145153e-11,5.8651144520717147e-15,ELECTRODE_ATTACHMENT,CONFIRMED,6.8080887040472527e-05,41710256.045870982,15.840712132387747,7472867013011945,3.8255443918894603e-05,2.3460457977589545e-12,2.3144909340411187e-07,98654.976652715879,0.35875333082533423,-5.7087624482199713e-13
2269,1.5888289997639551e-11,5.8651144943973863e-15,ELECTRODE_ATTACHMENT,CONFIRMED,6.8081932243043978e-05,41710255.826459087,15.840712049059544,7474891876260859,3.8265809702530895e-05,2.3460458146887426e-12,2.3138639641053737e-07,98628.251401491128,0.35883674852322844,-5.7074452849575457e-13
2270,1.5894155112176274e-11,5.8651145367218573e-15,ELECTRODE_ATTACHMENT,CONFIRMED,6.8082976615771614e-05,41710255.607053719,15.840711965733821,7476912170819036,3.8276152097921284e-05,2.3460458316180262e-12,2.3132387472357383e-07,98601.60087496409,0.35891998298014083,-5.7061263024426685e-13
2271,1.5900020226755319e-11,5.8651145790450668e-15,ELECTRODE_ATTACHMENT,CONFIRMED,6.8084020159171147e-05,41710255.387654886,15.840711882410579,7478927898207513,3.8286471112852308e-05,2.3460458485468057e-12,2.3126152803954178e-07,98575.024943690019,0.35900303428620139,-5.7048055133490828e-13
2272,1.5905885341376685e-11,5.865114621367015e-15,ELECTRODE_ATTACHMENT,CONFIRMED,6.8085062873755474e-05,41710255.168262802,15.840711799089901,7480939059969959,3.8296766755226342e-05,2.3460458654750663e-12,2.3119935605508194e-07,98548.523478361269,0.35908590253239725,-5.7034829303845515e-13
2273,1.5911750456040374e-11,5.8651146636876663e-15,ELECTRODE_ATTACHMENT,CONFIRMED,6.8086104760034738e-05,41710254.948877417,15.840711715771766,7482945657672716,3.8307039033061889e-05,2.346045882402809e-12,2.3113735846715176e-07,98522.096349804546,0.35916858781056471,-5.702158566290854e-13
2274,1.5917615570746381e-11,5.8651147060070231e-15,ELECTRODE_ATTACHMENT,CONFIRMED,6.8087145818516279e-05,41710254.72949896,15.840711632456262,7484947692904836,3.831728795449365e-05,2.3460458993300182e-12,2.3107553497302328e-07,98495.743428981354,0.3592510902133999,-5.7008324338439756e-13
2275,1.5923480685494707e-11,5.8651147483250459e-15,ELECTRODE_ATTACHMENT,CONFIRMED,6.8088186049704711e-05,41710254.510127395,15.840711549143377,7486945167278117,3.832751352777279e-05,2.3460459162566946e-12,2.3101388527027981e-07,98469.464586985181,0.35933340983445083,-5.6995045458540824e-13
2276,1.5929345800285349e-11,5.8651147906417371e-15,ELECTRODE_ATTACHMENT,CONFIRMED,6.8089225454101858e-05,41710254.290762983,15.840711465833206,7488938082427140,3.8337715761267112e-05,2.3460459331828197e-12,2.309524090568133e-07,98443.259695041925,0.35941554676812826,-5.698174915165705e-13
2277,1.5935210915118306e-11,5.8651148329570501e-15,ELECTRODE_ATTACHMENT,CONFIRMED,6.8090264032206777e-05,41710254.071405701,15.840711382525745,7490926440009311,3.8347894663461259e-05,2.3460459501083956e-12,2.3089110603082132e-07,98417.128624506833,0.35949750110969603,-5.6968435546577345e-13
2278,1.5941076029993578e-11,5.8651148752709906e-15,ELECTRODE_ATTACHMENT,CONFIRMED,6.8091301784515762e-05,41710253.852055706,15.84071129922105,7492910241704894,3.8358050242956891e-05,2.3460459670334088e-12,2.3082997589080433e-07,98391.071246864958,0.35957927295528197,-5.6955104772435791e-13
2279,1.5946941144911163e-11,5.8651149175835229e-15,ELECTRODE_ATTACHMENT,CONFIRMED,6.8092338711522315e-05,41710253.632713094,15.840711215919161,7494889489217051,3.8368182508472883e-05,2.3460459839578525e-12,2.3076901833556285e-07,98365.087433728957,0.3596608624018735,-5.6941756958711983e-13
2280,1.5952806259871056e-11,5.8651149598946313e-15,ELECTRODE_ATTACHMENT,CONFIRMED,6.8093374813717241e-05,41710253.413377918,15.840711132620093,7496864184271881,3.8378291468845544e-05,2.3460460008817222e-12,2.3070823306419438e-07,98339.177056837987,0.35974226954731947,-5.6928392235232089e-13
2281,1.5958671374873262e-11,5.8651150022043064e-15,ELECTRODE_ATTACHMENT,CONFIRMED,6.8094410091588552e-05,41710253.194050282,15.840711049323891,7498834328618456,3.8388377133028778e-05,2.346046017805012e-12,2.3064761977609082e-07,98313.339988056774,0.35982349449033302,-5.6915010732169822e-13
2282,1.5964536489917774e-11,5.8651150445125307e-15,ELECTRODE_ATTACHMENT,CONFIRMED,6.809544454562151e-05,41710252.974730372,15.840710966030622,7500799924028862,3.8398439510094294e-05,2.3460460347277044e-12,2.3058717817093547e-07,98287.576099374681,0.35990453733049466,-5.6901612580047144e-13
2283,1.5970401605004595e-11,5.865115086819261e-15,ELECTRODE_ATTACHMENT,CONFIRMED,6.8096478176298626e-05,41710252.755418167,15.84071088274028,7502760972298235,3.8408478609231825e-05,2.3460460516498035e-12,2.3052690794870008e-07,98261.885262903204,0.35998539816824565,-5.6888197909735094e-13
2284,1.5976266720133718e-11,5.8651151291245098e-15,ELECTRODE_ATTACHMENT,CONFIRMED,6.8097510984099646e-05,41710252.536113843,15.84071079945293,7504717475244800,3.8418494439749272e-05,2.3460460685712947e-12,2.3046680880964228e-07,98236.267350876427,0.36006607710489913,-5.687476685245489e-13
2285,1.5982131835305147e-11,5.8651151714282376e-15,ELECTRODE_ATTACHMENT,CONFIRMED,6.8098542969501592e-05,41710252.316817462,15.840710716168598,7506669434709912,3.8428487011072961e-05,2.3460460854921728e-12,2.3040688045430241e-07,98210.722235648573,0.36014657424263402,-5.6861319539778514e-13
2286,1.5987996950518878e-11,5.8651152137304327e-15,ELECTRODE_ATTACHMENT,CONFIRMED,6.8099574132978762e-05,41710252.097529158,15.840710632887333,7508616852558091,3.8438456332747821e-05,2.3460461024124281e-12,2.3034712258350068e-07,98185.24978969332,0.36022688968450078,-5.6847856103629895e-13
2287,1.5993862065774909e-11,5.8651152560310714e-15,ELECTRODE_ATTACHMENT,CONFIRMED,6.8100604475002606e-05,41710251.878248937,15.840710549609136,7510559730677064,3.8448402414437563e-05,2.3460461193320598e-12,2.3028753489833454e-07,98159.849885602191,0.36030702353441796,-5.6834376676285482e-13
2288,1.5999727181073239e-11,5.8651152983301505e-15,ELECTRODE_ATTACHMENT,CONFIRMED,6.8101633996041976e-05,41710251.658976965,15.840710466334075,7512498070977802,3.8458325265924882e-05,2.3460461362510553e-12,2.3022811710017574e-07,98134.522396084096,0.36038697589717933,-5.6820881390375456e-13
2289,1.6005592296413865e-11,5.8651153406276392e-15,ELECTRODE_ATTACHMENT,CONFIRMED,6.8102662696562874e-05,41710251.439713381,15.840710383062197,7514431875394561,3.8468224897111674e-05,2.3460461531694042e-12,2.3016886889066729e-07,98109.267193963504,0.36046674687845176,-5.6807370378884459e-13
2290,1.6011457411796787e-11,5.8651153829235108e-15,ELECTRODE_ATTACHMENT,CONFIRMED,6.8103690577028594e-05,41710251.22045821,15.840710299793516,7516361145884918,3.8478101318019282e-05,2.3460461700871032e-12,2.3010978997172055e-07,98084.084152178941,0.36054633658477481,-5.6793843775152491e-13
2291,1.6017322527222006e-11,5.8651154252177581e-15,ELECTRODE_ATTACHMENT,CONFIRMED,6.8104717637899732e-05,41710251.001211546,15.840710216528064,7518285884429815,3.8487954538788539e-05,2.3460461870041467e-12,2.3005088004551303e-07,98058.973143782525,0.36062574512356449,-5.6780301712875709e-13
2292,1.6023187642689517e-11,5.865115467510367e-15,ELECTRODE_ATTACHMENT,CONFIRMED,6.8105743879634092e-05,41710250.781973444,15.840710133265864,7520206093033593,3.84977845696802e-05,2.3460462039205299e-12,2.2999213881448431e-07,98033.934041938031,0.36070497260311418,-5.6766744326107596e-13
2293,1.6029052758199317e-11,5.8651155098013255e-15,ELECTRODE_ATTACHMENT,CONFIRMED,6.8106769302686795e-05,41710250.562744141,15.840710050007006,7522121773724037,3.8507591421074924e-05,2.3460462208362332e-12,2.2993356598133448e-07,98008.966719920849,0.36078401913259872,-5.6753171749259933e-13
2294,1.6034917873751408e-11,5.8651155520905841e-15,ELECTRODE_ATTACHMENT,CONFIRMED,6.8107793907510198e-05,41710250.34352354,15.840709966751454,7524032928552413,3.851737510347365e-05,2.3460462377512674e-12,2.2987516124902018e-07,97984.071051114559,0.36086288482206602,-5.673958411710311e-13
2295,1.6040782989345784e-11,5.8651155943781687e-15,ELECTRODE_ATTACHMENT,CONFIRMED,6.8108817694553946e-05,41710250.124311887,15.840709883499299,7525939559593506,3.8527135627497682e-05,2.34604625466561e-12,2.2981692432075247e-07,97959.24690901248,0.3609415697824524,-5.6725981564767915e-13
2296,1.6046648104982448e-11,5.8651156366640249e-15,ELECTRODE_ATTACHMENT,CONFIRMED,6.8109840664264934e-05,41710249.905109257,15.84070980025057,7527841668945664,3.8536873003888945e-05,2.3460462715792571e-12,2.2975885489999359e-07,97934.494167214289,0.36102007412557235,-5.6712364227745836e-13
2297,1.6052513220661397e-11,5.8651156789481432e-15,ELECTRODE_ATTACHMENT,CONFIRMED,6.8110862817087373e-05,41710249.685915641,15.840709717005266,7529739258730834,3.8546587243510201e-05,2.3460462884922096e-12,2.2970095269045415e-07,97909.812699425311,0.36109839796412241,-5.669873224189009e-13
2298,1.6058378336382626e-11,5.8651157212305237e-15,ELECTRODE_ATTACHMENT,CONFIRMED,6.8111884153462709e-05,41710249.46673125,15.840709633763465,7531632331094606,3.8556278357345211e-05,2.3460463054044487e-12,2.2964321739609037e-07,97885.202379456372,0.3611765414116887,-5.6685085743416927e-13
2299,1.6064243452146139e-11,5.865115763511123e-15,ELECTRODE_ATTACHMENT,CONFIRMED,6.8112904673829693e-05,41710249.247556113,15.840709550525178,7533520888206251,3.8565946356498992e-05,2.3460463223159754e-12,2.2958564872110095e-07,97860.66308122086,0.36125450458273917,-5.6671424868906095e-13
2300,1.6070108567951928e-11,5.8651158057899394e-15,ELECTRODE_ATTACHMENT,CONFIRMED,6.8113924378624335e-05,41710249.028390288,15.840709467290429,7535404932258761,3.8575591252197988e-05,2.3460463392267835e-12,2.2952824636992442e-07,97836.194678734682,0.36133228759263042,-5.6657749755302099e-13
2301,1.6075973683799994e-11,5.8651158480669588e-15,ELECTRODE_ATTACHMENT,CONFIRMED,6.8114943268279978e-05,41710248.809233904,15.840709384059263,7537284465468892,3.8585213055790293e-05,2.3460463561368623e-12,2.2947101004723613e-07,97811.79704611488,0.3614098905576088,-5.6644060539915124e-13
2302,1.6081838799690337e-11,5.8651158903421559e-15,ELECTRODE_ATTACHMENT,CONFIRMED,6.8115961343227172e-05,41710248.590087056,15.840709300831721,7539159490077202,3.8594811778745844e-05,2.3460463730462075e-12,2.2941393945794549e-07,97787.470057578001,0.36148731359480979,-5.6630357360421861e-13
2303,1.6087703915622953e-11,5.8651159326155197e-15,ELECTRODE_ATTACHMENT,CONFIRMED,6.8116978603893798e-05,41710248.370949812,15.840709217607825,7541030008348093,3.8604387432656647e-05,2.3460463899548108e-12,2.2935703430719299e-07,97763.21358743927,0.36156455682225985,-5.6616640354866606e-13
2304,1.6093569031597839e-11,5.8651159748870273e-15,ELECTRODE_ATTACHMENT,CONFIRMED,6.8117995050704999e-05,41710248.151822329,15.840709134387636,7542896022569852,3.8613940029236985e-05,2.3460464068626612e-12,2.2930029430034727e-07,97739.027510111249,0.36164162035888003,-5.6602909661662233e-13
2305,1.6099434147614995e-11,5.8651160171566535e-15,ELECTRODE_ATTACHMENT,CONFIRMED,6.811901068408326e-05,41710247.932704605,15.840709051171153,7544757535054693,3.8623469580323633e-05,2.3460464237697591e-12,2.2924371914300221e-07,97714.91170010205,0.36171850432448194,-5.6589165419590977e-13
2306,1.6105299263674419e-11,5.8651160594243974e-15,ELECTRODE_ATTACHMENT,CONFIRMED,6.812002550444829e-05,41710247.713596798,15.840708967958438,7546614548138796,3.8632976097876048e-05,2.3460464406760917e-12,2.2918730854097422e-07,97690.866032015227,0.36179520883977562,-5.6575407767805743e-13
2307,1.6111164379776109e-11,5.8651161016902292e-15,ELECTRODE_ATTACHMENT,CONFIRMED,6.81210395122171e-05,41710247.494498886,15.840708884749478,7548467064182350,3.8642459593976578e-05,2.3460464575816609e-12,2.2913106220029931e-07,97666.890380547266,0.36187173402636386,-5.6561636845830644e-13
2308,1.6117029495920063e-11,5.8651161439541527e-15,ELECTRODE_ATTACHMENT,CONFIRMED,6.8122052707804046e-05,41710247.275411122,15.840708801544375,7550315085569594,3.8651920080830704e-05,2.3460464744864477e-12,2.2907497982723001e-07,97642.98462048787,0.36194808000675294,-5.6547852793562652e-13
2309,1.6122894612106278e-11,5.8651161862161198e-15,ELECTRODE_ATTACHMENT,CONFIRMED,6.8123065091620704e-05,41710247.05633343,15.840708718343096,7552158614708858,3.8661357570767254e-05,2.3460464913904575e-12,2.2901906112823251e-07,97619.148626716778,0.36202424690434215,-5.6534055751271727e-13
2310,1.6128759728334753e-11,5.8651162284761448e-15,ELECTRODE_ATTACHMENT,CONFIRMED,6.8124076664076007e-05,41710246.837266058,15.840708635145736,7553997654032605,3.8670772076238575e-05,2.3460465082936712e-12,2.2896330580998394e-07,97595.382274204676,0.36210023484343723,-5.6520245859602756e-13
2311,1.6134624844605486e-11,5.8651162707341787e-15,ELECTRODE_ATTACHMENT,CONFIRMED,6.8125087425576153e-05,41710246.618208945,15.840708551952272,7555832205997475,3.8680163609820776e-05,2.346046525196094e-12,2.2890771357936939e-07,97571.685438009867,0.36217604394924002,-5.6506423259575696e-13
2312,1.6140489960918476e-11,5.8651163129902356e-15,ELECTRODE_ATTACHMENT,CONFIRMED,6.8126097376524641e-05,41710246.399162292,15.840708468762781,7557662273084323,3.8689532184213942e-05,2.3460465420977095e-12,2.288522841434789e-07,97548.057993278941,0.36225167434786065,-5.6492588092587287e-13
2313,1.614635507727372e-11,5.8651163552442747e-15,ELECTRODE_ATTACHMENT,CONFIRMED,6.8127106517322272e-05,41710246.180126116,15.840708385577269,7559487857798264,3.869887781224237e-05,2.3460465589985171e-12,2.2879701720960454e-07,97524.499815243922,0.36232712616631019,-5.6478740500411583e-13
2314,1.6152220193671215e-11,5.8651163974962935e-15,ELECTRODE_ATTACHMENT,CONFIRMED,6.812811484836714e-05,41710245.961100489,15.840708302395763,7561308962668715,3.8708200506854734e-05,2.3460465758985101e-12,2.2874191248523775e-07,97501.01077922211,0.36240239953250697,-5.6464880625201185e-13
2315,1.615808531011096e-11,5.8651164397462763e-15,ELECTRODE_ATTACHMENT,CONFIRMED,6.8129122370054679e-05,41710245.742085524,15.840708219218307,7563125590249436,3.8717500281124323e-05,2.3460465927976816e-12,2.2868696967806627e-07,97477.590760614432,0.36247749457527667,-5.6451008609488301e-13
2316,1.6163950426592953e-11,5.8651164819942041e-15,ELECTRODE_ATTACHMENT,CONFIRMED,6.8130129082777561e-05,41710245.52308134,15.840708136044945,7564937743118574,3.8726777148249292e-05,2.3460466096960215e-12,2.2863218849597117e-07,97454.239634904428,0.3625524114243544,-5.6437124596185729e-13
2317,1.6169815543117194e-11,5.8651165242400548e-15,ELECTRODE_ATTACHMENT,CONFIRMED,6.8131134986925801e-05,41710245.304087959,15.840708052875685,7566745423878704,3.8736031121552827e-05,2.3460466265935277e-12,2.2857756864702403e-07,97430.957277656446,0.36262715021038333,-5.6423228728587787e-13
2318,1.6175680659683679e-11,5.8651165664838197e-15,ELECTRODE_ATTACHMENT,CONFIRMED,6.8132140082886715e-05,41710245.085105538,15.840707969710587,7568548635156874,3.8745262214483426e-05,2.3460466434901885e-12,2.2852310983948388e-07,97407.7435645152,0.36270171106492038,-5.6409321150371589e-13
2319,1.6181545776292406e-11,5.8651166087254721e-15,ELECTRODE_ATTACHMENT,CONFIRMED,6.8133144371044951e-05,41710244.86613404,15.840707886549639,7570347379604646,3.8754470440615054e-05,2.3460466603860072e-12,2.2846881178179453e-07,97384.598371203479,0.36277609412043138,-5.6395402005597777e-13
2320,1.618741089294337e-11,5.865116650965019e-15,ELECTRODE_ATTACHMENT,CONFIRMED,6.8134147851782407e-05,41710244.647173643,15.840707803392906,7572141659898140,3.8763655813647414e-05,2.3460466772809693e-12,2.2841467418258137e-07,97361.521573522288,0.36285029951030107,-5.6381471438711966e-13
2321,1.6193276009636572e-11,5.8651166932024234e-15,ELECTRODE_ATTACHMENT,CONFIRMED,6.813515052547835e-05,41710244.428224467,15.840707720240434,7573931478738077,3.877281834740613e-05,2.3460466941750646e-12,2.2836069675064872e-07,97338.513047348664,0.36292432736882796,-5.6367529594545517e-13
2322,1.6199141126372009e-11,5.8651167354376623e-15,ELECTRODE_ATTACHMENT,CONFIRMED,6.8136152392509283e-05,41710244.209286533,15.840707637092233,7575716838849823,3.8781958055842986e-05,2.346046711068294e-12,2.2830687919497676e-07,97315.572668634166,0.36299817783122534,-5.6353576618316619e-13
2323,1.620500624314968e-11,5.8651167776707359e-15,ELECTRODE_ATTACHMENT,CONFIRMED,6.8137153453249119e-05,41710243.990359835,15.840707553948299,7577497742983431,3.8791074953036177e-05,2.3460467279606565e-12,2.2825322122471843e-07,97292.700313404101,0.36307185103362483,-5.6339612655631355e-13
2324,1.6210871359969583e-11,5.8651168199016416e-15,ELECTRODE_ATTACHMENT,CONFIRMED,6.8138153708068995e-05,41710243.771444634,15.840707470808731,7579274193913686,3.8800169053190474e-05,2.3460467448521318e-12,2.2819972254919686e-07,97269.895857757088,0.36314534711308311,-5.6325637852485165e-13
2325,1.6216736476831715e-11,5.8651168621303306e-15,ELECTRODE_ATTACHMENT,CONFIRMED,6.8139153157337391e-05,41710243.552540906,15.84070738767352,7581046194440149,3.8809240370637498e-05,2.3460467617427224e-12,2.2814638287790218e-07,97247.159177861991,0.36321866620757171,-5.6311652355263269e-13
2326,1.6222601593736071e-11,5.8651169043568061e-15,ELECTRODE_ATTACHMENT,CONFIRMED,6.8140151801420143e-05,41710243.333648756,15.840707304542706,7582813747387198,3.8818288919835911e-05,2.3460467786324201e-12,2.2809320192048867e-07,97224.490149958103,0.36329180845598724,-5.6297656310742222e-13
2327,1.6228466710682652e-11,5.8651169465810507e-15,ELECTRODE_ATTACHMENT,CONFIRMED,6.8141149640680296e-05,41710243.114768244,15.840707221416311,7584576855604077,3.8827314715371676e-05,2.3460467955212199e-12,2.2804017938677177e-07,97201.888650353285,0.36336477399815015,-5.6283649866090864e-13
2328,1.6234331827671455e-11,5.8651169888030502e-15,ELECTRODE_ATTACHMENT,CONFIRMED,6.8142146675478335e-05,41710242.895899452,15.840707138294368,7586335521964936,3.8836317771958228e-05,2.3460468124091146e-12,2.2798731498672537e-07,97179.354555423037,0.36343756297480578,-5.6269633168871392e-13
2329,1.6240196944702476e-11,5.8651170310227872e-15,ELECTRODE_ATTACHMENT,CONFIRMED,6.8143142906171991e-05,41710242.677042477,15.840707055176914,7588089749368877,3.8845298104436791e-05,2.3460468292960989e-12,2.2793460843047828e-07,97156.887741608778,0.36351017552762688,-5.6255606367040587e-13
2330,1.6246062061775716e-11,5.8651170732402484e-15,ELECTRODE_ATTACHMENT,CONFIRMED,6.8144138333116301e-05,41710242.45819743,15.840706972063987,7589839540739998,3.8854255727776504e-05,2.3460468461821631e-12,2.2788205942831209e-07,97134.488085417266,0.36358261179921447,-5.6241569608950788e-13
2331,1.6251927178891171e-11,5.8651171154554077e-15,ELECTRODE_ATTACHMENT,CONFIRMED,6.8145132956663683e-05,41710242.239364296,15.840706888955587,7591584899027439,3.8863190657074713e-05,2.3460468630673081e-12,2.2782966769065759e-07,97112.155463418443,0.36365487193309676,-5.622752304335092e-13
2332,1.6257792296048839e-11,5.8651171576682714e-15,ELECTRODE_ATTACHMENT,CONFIRMED,6.8146126777163794e-05,41710242.020543188,15.840706805851752,7593325827205426,3.8872102907557201e-05,2.3460468799515245e-12,2.2777743292809201e-07,97089.889752245057,0.36372695607373617,-5.6213466819387888e-13
2333,1.6263657413248718e-11,5.8651171998788111e-15,ELECTRODE_ATTACHMENT,CONFIRMED,6.8147119794963686e-05,41710241.801734239,15.840706722752538,7595062328273315,3.8880992494578371e-05,2.3460468968348038e-12,2.2772535485133624e-07,97067.690828591076,0.3637988643665267,-5.6199401086607616e-13
2334,1.6269522530490806e-11,5.8651172420870103e-15,ELECTRODE_ATTACHMENT,CONFIRMED,6.8148112010407662e-05,41710241.582937472,15.840706639657947,7596794405255637,3.8889859433621532e-05,2.3460469137171433e-12,2.276734331712516e-07,97045.558569210087,0.36387059695779544,-5.6185325994955907e-13
2335,1.62753876477751e-11,5.8651172842928586e-15,ELECTRODE_ATTACHMENT,CONFIRMED,6.8149103423837407e-05,41710241.364152946,15.840706556568007,7598522061202146,3.889870374029908e-05,2.3460469305985393e-12,2.2762166759883716e-07,97023.492850914452,0.36394215399480417,-5.6171241694779904e-13
2336,1.6281252765101596e-11,5.8651173264963483e-15,ELECTRODE_ATTACHMENT,CONFIRMED,6.8150094035591898e-05,41710241.145380832,15.840706473482781,7600245299187862,3.8907525430352817e-05,2.3460469474789764e-12,2.2757005784522621e-07,97001.493550574203,0.36401353562575578,-5.6157148336829267e-13
2337,1.6287117882470295e-11,5.8651173686974414e-15,ELECTRODE_ATTACHMENT,CONFIRMED,6.815108384600744e-05,41710240.926621132,15.840706390402268,7601964122313117,3.8916324519654026e-05,2.3460469643584575e-12,2.2751860362168436e-07,96979.560545115033,0.36408474199978558,-5.6143046072256832e-13
2338,1.6292982999881192e-11,5.8651174108961442e-15,ELECTRODE_ATTACHMENT,CONFIRMED,6.8152072855417629e-05,41710240.707873918,15.840706307326498,7603678533703600,3.8925101024203913e-05,2.3460469812369737e-12,2.2746730463960522e-07,96957.693711517699,0.3641557732669724,-5.6128935052620365e-13
2339,1.6298848117334286e-11,5.865117453092434e-15,ELECTRODE_ATTACHMENT,CONFIRMED,6.8153061064153459e-05,41710240.489139326,15.840706224255522,7605388536510405,3.8933854960133629e-05,2.3460469981145177e-12,2.2741616061050871e-07,96935.892926816741,0.36422662957833563,-5.6114815429883324e-13
2340,1.6304713234829572e-11,5.865117495286294e-15,ELECTRODE_ATTACHMENT,CONFIRMED,6.8154048472543184e-05,41710240.270417303,15.840706141189319,7607094133910075,3.894258634370469e-05,2.3460470149910915e-12,2.2736517124603706e-07,96914.158068098404,0.36429731108583513,-5.6100687356416144e-13
2341,1.6310578352367051e-11,5.8651175374777299e-15,ELECTRODE_ATTACHMENT,CONFIRMED,6.8155035080912392e-05,41710240.05170805,15.840706058127966,7608795329104648,3.8951295191309087e-05,2.3460470318666795e-12,2.2731433625795247e-07,96892.489012500853,0.36436781794237949,-5.608655098499758e-13
2342,1.6316443469946716e-11,5.865117579666699e-15,ELECTRODE_ATTACHMENT,CONFIRMED,6.8156020889584024e-05,41710239.833011687,15.840705975071508,7610492125321706,3.8959981519469566e-05,2.346047048741273e-12,2.2726365535813398e-07,96870.885637211744,0.36443815030182114,-5.6072406468815624e-13
2343,1.6322308587568571e-11,5.8651176218531823e-15,ELECTRODE_ATTACHMENT,CONFIRMED,6.8157005898878315e-05,41710239.614328034,15.840705892019876,7612184525814418,3.8968645344839901e-05,2.3460470656148888e-12,2.2721312825857425e-07,96849.347819466129,0.3645083083189532,-5.6058253961468418e-13
2344,1.6328173705232608e-11,5.8651176640372219e-15,ELECTRODE_ATTACHMENT,CONFIRMED,6.8157990109112853e-05,41710239.395657405,15.84070580897319,7613872533861589,3.8977286684205065e-05,2.3460470824874967e-12,2.2716275467137688e-07,96827.875436548304,0.36457829214952925,-5.6044093616966469e-13
2345,1.6334038822938825e-11,5.8651177062187425e-15,ELECTRODE_ATTACHMENT,CONFIRMED,6.8158973520602531e-05,41710239.176999807,15.840705725931455,7615556152767707,3.8985905554481519e-05,2.3460470993591007e-12,2.2711253430875331e-07,96806.468365787077,0.36464810195024494,-5.6029925589732694e-13
2346,1.6339903940687222e-11,5.8651177483977523e-15,ELECTRODE_ATTACHMENT,CONFIRMED,6.8159956133659588e-05,41710238.958355285,15.840705642894685,7617235385862987,3.8994501972717448e-05,2.3460471162296948e-12,2.2706246688301967e-07,96785.126484556342,0.36471773787874934,-5.6015750034604228e-13
2347,1.6345769058477796e-11,5.8651177905742384e-15,ELECTRODE_ATTACHMENT,CONFIRMED,6.8160937948593574e-05,41710238.739723898,15.840705559862904,7618910236503422,3.9003075956092963e-05,2.3460471330992772e-12,2.2701255210659408e-07,96763.849670273281,0.36478720009364479,-5.6001567106833421e-13
2348,1.6351634176310543e-11,5.8651178327481939e-15,ELECTRODE_ATTACHMENT,CONFIRMED,6.8161918965711375e-05,41710238.521105796,15.840705476836169,7620580708070827,3.9011627521920382e-05,2.3460471499678337e-12,2.2696278969199349e-07,96742.637800397715,0.36485648875449023,-5.5987376962089282e-13
2349,1.6357499294185463e-11,5.8651178749195856e-15,ELECTRODE_ATTACHMENT,CONFIRMED,6.8162899185317217e-05,41710238.302500933,15.84070539381446,7622246803972890,3.9020156687644497e-05,2.3460471668353696e-12,2.2691317935183041e-07,96721.49075242941,0.36492560402179702,-5.5973179756458278e-13
2350,1.636336441210255e-11,5.8651179170884246e-15,ELECTRODE_ATTACHMENT,CONFIRMED,6.8163878607712617e-05,41710238.083909512,15.840705310797857,7623908527643215,3.9028663470842732e-05,2.3460471837018686e-12,2.2686372079881052e-07,96700.408403908703,0.3649945460570389,-5.5958975646446071e-13
2351,1.6369229530061804e-11,5.8651179592546729e-15,ELECTRODE_ATTACHMENT,CONFIRMED,6.8164857233196462e-05,41710237.865331531,15.840705227786357,7625565882541373,3.9037147889225449e-05,2.3460472005673317e-12,2.2681441374572921e-07,96679.390632413502,0.36506331502264544,-5.5944764788978265e-13
2352,1.6375094648063221e-11,5.865118001418329e-15,ELECTRODE_ATTACHMENT,CONFIRMED,6.8165835062064956e-05,41710237.646766968,15.840705144779955,7627218872152950,3.904560996063625e-05,2.3460472174317579e-12,2.2676525790546828e-07,96658.437315558607,0.36513191108200677,-5.5930547341401828e-13
2353,1.6380959766106802e-11,5.8651180435793953e-15,ELECTRODE_ATTACHMENT,CONFIRMED,6.8166812094611607e-05,41710237.428216137,15.840705061778767,7628867499989594,3.905404970305204e-05,2.3460472342951252e-12,2.26716252990994e-07,96637.54833099572,0.36520033439948107,-5.5916323461486649e-13
2354,1.638682488419254e-11,5.8651180857378134e-15,ELECTRODE_ATTACHMENT,CONFIRMED,6.8167788331127292e-05,41710237.209678844,15.840704978782719,7630511769589062,3.9062467134583476e-05,2.3460472511574483e-12,2.2666739871535288e-07,96616.723556409197,0.36526858514038135,-5.5902093307426011e-13
2355,1.6392690002320435e-11,5.8651181278936212e-15,ELECTRODE_ATTACHMENT,CONFIRMED,6.8168763771900192e-05,41710236.991155259,15.84070489579188,7632151684515272,3.9070862273475105e-05,2.3460472680187145e-12,2.2661869479166929e-07,96595.962869517738,0.36533666347099331,-5.5887857037838634e-13
2356,1.6398555120490481e-11,5.8651181700467862e-15,ELECTRODE_ATTACHMENT,CONFIRMED,6.8169738417215819e-05,41710236.772645444,15.840704812806269,7633787248358349,3.9079235138105631e-05,2.3460472848789188e-12,2.2657014093314232e-07,96575.266148071591,0.36540456955856698,-5.5873614811769498e-13
2357,1.6404420238702678e-11,5.8651182121972976e-15,ELECTRODE_ATTACHMENT,CONFIRMED,6.8170712267357026e-05,41710236.554149576,15.840704729825955,7635418464734673,3.9087585746988179e-05,2.346047301738046e-12,2.2652173685304274e-07,96554.633269851955,0.36547230357132454,-5.5859366788691341e-13
2358,1.6410285356957022e-11,5.8651182543451149e-15,ELECTRODE_ATTACHMENT,CONFIRMED,6.8171685322603986e-05,41710236.335667595,15.840704646850915,7637045337286931,3.9095914118770531e-05,2.3460473185961019e-12,2.2647348226470994e-07,96534.06411266842,0.36553986567845248,-5.5845113128505527e-13
2359,1.6416150475253513e-11,5.8651182964902549e-15,ELECTRODE_ATTACHMENT,CONFIRMED,6.8172657583234213e-05,41710236.117199548,15.840704563881166,7638667869684162,3.9104220272235385e-05,2.3460473354530832e-12,2.2642537688154886e-07,96513.558554358911,0.36560725605011157,-5.5830853991543609e-13
2360,1.6422015593592145e-11,5.8651183386327088e-15,ELECTRODE_ATTACHMENT,CONFIRMED,6.8173629049522554e-05,41710235.898745619,15.840704480916781,7640286065621811,3.9112504226300599e-05,2.3460473523089755e-12,2.2637742041702712e-07,96493.116472788533,0.36567447485743915,-5.5816589538568846e-13
2361,1.6427880711972919e-11,5.8651183807724396e-15,ELECTRODE_ATTACHMENT,CONFIRMED,6.8174599721741142e-05,41710235.680305742,15.84070439795773,7641899928821774,3.9120766000019475e-05,2.3460473691637833e-12,2.263296125846716e-07,96472.73774584684,0.36574152227254225,-5.5802319930776848e-13
2362,1.6433745830395827e-11,5.8651184229094599e-15,ELECTRODE_ATTACHMENT,CONFIRMED,6.817556960015951e-05,41710235.461880118,15.840704315004093,7643509463032451,3.9129005612580947e-05,2.3460473860174926e-12,2.2628195309806593e-07,96452.422251448384,0.36580839846850993,-5.5788045329797496e-13
2363,1.6439610948860869e-11,5.8651184650437325e-15,ELECTRODE_ATTACHMENT,CONFIRMED,6.8176538685044453e-05,41710235.243468709,15.840704232055856,7645114672028793,3.913722308330991e-05,2.3460474028701045e-12,2.2623444167084694e-07,96432.169867529767,0.36587510361940456,-5.5773765897695757e-13
2364,1.6445476067368043e-11,5.8651185071752623e-15,ELECTRODE_ATTACHMENT,CONFIRMED,6.8177506976660165e-05,41710235.025071636,15.840704149113062,7646715559612354,3.9145418431667433e-05,2.3460474197216105e-12,2.2618707801670185e-07,96411.980472049428,0.36594163790027201,-5.5759481796973352e-13
2365,1.6451341185917348e-11,5.8651185493040271e-15,ELECTRODE_ATTACHMENT,CONFIRMED,6.81784744752681e-05,41710234.806688875,15.840704066175704,7648312129611341,3.9153591677251013e-05,2.346047436572013e-12,2.2613986184936524e-07,96391.853942985588,0.36600800148713564,-5.5745193190569666e-13
2366,1.6457206304508778e-11,5.8651185914300332e-15,ELECTRODE_ATTACHMENT,CONFIRMED,6.8179441181127098e-05,41710234.588320531,15.84070398324382,7649904385880662,3.9161742839794871e-05,2.3460474534213024e-12,2.2609279288261571e-07,96371.790158335745,0.36607419455700552,-5.5730900241863502e-13
2367,1.6463071423142332e-11,5.8651186335532571e-15,ELECTRODE_ATTACHMENT,CONFIRMED,6.8180407094493289e-05,41710234.369966768,15.840703900317475,7651492332301979,3.9169871939170142e-05,2.3460474702694682e-12,2.260458708302733e-07,96351.78899611505,0.3661402172878771,-5.5716603114674224e-13
2368,1.6468936541818005e-11,5.865118675673671e-15,ELECTRODE_ATTACHMENT,CONFIRMED,6.8181372215620159e-05,41710234.151627555,15.840703817396655,7653075972783758,3.9177978995385228e-05,2.3460474871165108e-12,2.2599909540619577e-07,96331.850334354327,0.36620606985872844,-5.5702301973262737e-13
2369,1.6474801660535796e-11,5.8651187177912774e-15,ELECTRODE_ATTACHMENT,CONFIRMED,6.8182336544758525e-05,41710233.933302924,15.840703734481373,7654655311261319,3.9186064028585975e-05,2.3460475039624284e-12,2.2595246632427612e-07,96311.974051099474,0.3662717524495267,-5.5687996982333311e-13
2370,1.6480666779295703e-11,5.8651187599060723e-15,ELECTRODE_ATTACHMENT,CONFIRMED,6.8183300082156519e-05,41710233.714993,15.840703651571676,7656230351696888,3.9194127059055949e-05,2.3460475208072116e-12,2.259059832984393e-07,96292.160024410405,0.36633726524123045,-5.5673688307034698e-13
2371,1.6486531898097721e-11,5.8651188020180296e-15,ELECTRODE_ATTACHMENT,CONFIRMED,6.8184262828059551e-05,41710233.496697769,15.840703568667561,7657801098079647,3.9202168107216768e-05,2.3460475376508606e-12,2.2585964604263874e-07,96272.408132358672,0.36640260841578709,-5.5659376112961336e-13
2372,1.6492397016941848e-11,5.8651188441271526e-15,ELECTRODE_ATTACHMENT,CONFIRMED,6.8185224782710483e-05,41710233.278417431,15.840703485769101,7659367554425787,3.9210187193628253e-05,2.3460475544933613e-12,2.2581345427085405e-07,96252.718253027662,0.36646778215614079,-5.5645060566155183e-13
2373,1.6498262135828081e-11,5.8651188862334033e-15,ELECTRODE_ATTACHMENT,CONFIRMED,6.818618594634941e-05,41710233.06015189,15.84070340287626,7660929724778557,3.9218184338988758e-05,2.3460475713347218e-12,2.2576740769708734e-07,96233.090264509403,0.36653278664622402,-5.563074183310619e-13
2374,1.6504127254756418e-11,5.8651189283368047e-15,ELECTRODE_ATTACHMENT,CONFIRMED,6.8187146319213747e-05,41710232.84190131,15.840703319989101,7662487613208319,3.9226159564135478e-05,2.3460475881749264e-12,2.2572150603536e-07,96213.524044905149,0.36659762207097235,-5.5616420080754701e-13
2375,1.6509992373726855e-11,5.8651189704373164e-15,ELECTRODE_ATTACHMENT,CONFIRMED,6.8188105901538344e-05,41710232.623665661,15.840703237107613,7664041223812598,3.923411289004462e-05,2.3460476050139798e-12,2.2567574899971011e-07,96194.019472322398,0.36666228861631373,-5.5602095476491862e-13
2376,1.6515857492739391e-11,5.8651190125349504e-15,ELECTRODE_ATTACHMENT,CONFIRMED,6.8189064693555235e-05,41710232.405445121,15.840703154231862,7665590560716133,3.9242044337831713e-05,2.3460476218518672e-12,2.2563013630418907e-07,96174.57642487518,0.36672678646918083,-5.5587768188161785e-13
2377,1.6521722611794019e-11,5.8651190546296688e-15,ELECTRODE_ATTACHMENT,CONFIRMED,6.8190022695493877e-05,41710232.18723961,15.840703071361821,7667135628070931,3.9249953928751871e-05,2.3460476386885959e-12,2.2558466766285858e-07,96155.194780680962,0.36679111581750146,-5.5573438384062184e-13
2378,1.652758773089074e-11,5.8651190967214904e-15,ELECTRODE_ATTACHMENT,CONFIRMED,6.8190979907581018e-05,41710231.96904929,15.840702988497547,7668676430056319,3.9257841684200087e-05,2.346047655524152e-12,2.2553934278978722e-07,96135.87441786105,0.36685527685021257,-5.5559106232946424e-13
2379,1.653345285002955e-11,5.8651191388103807e-15,ELECTRODE_ATTACHMENT,CONFIRMED,6.8191936330040749e-05,41710231.750874177,15.84070290563905,7670212970878996,3.9265707625711476e-05,2.3460476723585352e-12,2.2549416139904767e-07,96116.615214537931,0.36691926975725231,-5.5544771904024439e-13
2380,1.6539317969210446e-11,5.865119180896338e-15,ELECTRODE_ATTACHMENT,CONFIRMED,6.8192891963094477e-05,41710231.532714337,15.840702822786353,7671745254773087,3.9273551774961518e-05,2.3460476891917402e-12,2.2544912320471367e-07,96097.41704883473,0.36698309472956581,-5.5530435566964259e-13
2381,1.6545183088433425e-11,5.8651192229793512e-15,ELECTRODE_ATTACHMENT,CONFIRMED,6.819384680696094e-05,41710231.314569831,15.840702739939479,7673273286000194,3.9281374153766406e-05,2.3460477060237626e-12,2.254042279208564e-07,96078.279798873496,0.36704675195910685,-5.551609739189346e-13
2382,1.6551048207698484e-11,5.865119265059407e-15,ELECTRODE_ATTACHMENT,CONFIRMED,6.8194800861856179e-05,41710231.096440688,15.840702657098438,7674797068849452,3.9289174784083233e-05,2.3460477228545988e-12,2.2535947526154189e-07,96059.203342774039,0.36711024163883837,-5.5501757549400455e-13
2383,1.6556913327005619e-11,5.8651193071364983e-15,ELECTRODE_ATTACHMENT,CONFIRMED,6.8195754127993579e-05,41710230.878326945,15.840702574263249,7676316607637579,3.9296953688010343e-05,2.3460477396842475e-12,2.2531486494082743e-07,96040.187558652309,0.36717356396273448,-5.5487416210535944e-13
2384,1.656277844635483e-11,5.8651193492106203e-15,ELECTRODE_ATTACHMENT,CONFIRMED,6.8196706605583854e-05,41710230.660228737,15.840702491433957,7677831906708932,3.9304710887787535e-05,2.3460477565126987e-12,2.2527039667275882e-07,96021.232324619763,0.36723671912578526,-5.5473073546814505e-13
2385,1.6568643565746111e-11,5.8651193912817478e-15,ELECTRODE_ATTACHMENT,CONFIRMED,6.8197658294835023e-05,41710230.442146093,15.840702408610577,7679342970435559,3.931244640579636e-05,2.3460477733399483e-12,2.2522607017136712e-07,96002.337518781336,0.36729970732399342,-5.5458729730215601e-13
2386,1.6574508685179462e-11,5.865119433349872e-15,ELECTRODE_ATTACHMENT,CONFIRMED,6.8198609195952432e-05,41710230.224078961,15.840702325793089,7680849803217255,3.9320160264560476e-05,2.3460477901660019e-12,2.2518188515066505e-07,95983.503019233729,0.36736252875437669,-5.5444384933185234e-13
2387,1.6580373804654877e-11,5.865119475415005e-15,ELECTRODE_ATTACHMENT,CONFIRMED,6.819955930913876e-05,41710230.006027557,15.840702242981573,7682352409481614,3.9327852486745757e-05,2.3460478069908406e-12,2.2513784132464472e-07,95964.72870406587,0.36742518361497717,-5.5430039328637637e-13
2388,1.6586238924172355e-11,5.8651195174771024e-15,ELECTRODE_ATTACHMENT,CONFIRMED,6.8200508634593988e-05,41710229.787991822,15.840702160176008,7683850793684085,3.9335523095160756e-05,2.3460478238144725e-12,2.2509393840727354e-07,95946.014451355091,0.36748767210485106,-5.5415693089956015e-13
2389,1.6592104043731889e-11,5.8651195595361823e-15,ELECTRODE_ATTACHMENT,CONFIRMED,6.8201457172515454e-05,41710229.569971837,15.840702077376426,7685344960308025,3.9343172112756839e-05,2.3460478406368878e-12,2.2505017611249174e-07,95927.360139167824,0.36754999442408032,-5.5401346390994698e-13
2390,1.6597969163333481e-11,5.8651196015922205e-15,ELECTRODE_ATTACHMENT,CONFIRMED,6.8202404923097746e-05,41710229.35196767,15.840701994582849,7686834913864754,3.935079956262855e-05,2.3460478574580842e-12,2.2500655415420891e-07,95908.765645557171,0.36761215077376952,-5.5386999406080124e-13
2391,1.6603834282977127e-11,5.8651196436452113e-15,ELECTRODE_ATTACHMENT,CONFIRMED,6.8203351886532849e-05,41710229.133979358,15.840701911795295,7688320658893609,3.9358405468013845e-05,2.3460478742780564e-12,2.2496307224630085e-07,95890.230848561943,0.36767414135604909,-5.5372652310012468e-13
2392,1.6609699402662823e-11,5.8651196856951413e-15,ELECTRODE_ATTACHMENT,CONFIRMED,6.8204298063010023e-05,41710228.916006975,15.840701829013788,7689802199962002,3.936598985229443e-05,2.3460478910967999e-12,2.2491973010260627e-07,95871.755626205108,0.36773596637407724,-5.5358305278067021e-13
2393,1.6615564522390566e-11,5.8651197277420002e-15,ELECTRODE_ATTACHMENT,CONFIRMED,6.8205243452715834e-05,41710228.698050536,15.84070174623834,7691279541665473,3.9373552738995949e-05,2.3460479079143131e-12,2.2487652743692409e-07,95853.339856492588,0.3677976260320398,-5.5343958485995591e-13
2394,1.6621429642160353e-11,5.8651197697857842e-15,ELECTRODE_ATTACHMENT,CONFIRMED,6.8206188055834214e-05,41710228.480110101,15.840701663468968,7692752688627744,3.9381094151788391e-05,2.3460479247305921e-12,2.2483346396300954e-07,95834.983417411757,0.36785912053515535,-5.532961211002818e-13
2395,1.6627294761972178e-11,5.8651198118264798e-15,ELECTRODE_ATTACHMENT,CONFIRMED,6.8207131872546336e-05,41710228.262185715,15.840701580705691,7694221645500778,3.9388614114486243e-05,2.346047941545633e-12,2.2479053939457165e-07,95816.686186930267,0.36792045008967428,-5.5315266326874134e-13
2396,1.6633159881826041e-11,5.8651198538640823e-15,ELECTRODE_ATTACHMENT,CONFIRMED,6.8208074903030781e-05,41710228.044277452,15.840701497948537,7695686416964832,3.9396112651048883e-05,2.3460479583594304e-12,2.247477534452696e-07,95798.448042994656,0.36798161490288223,-5.5300921313723899e-13
2397,1.6639025001721941e-11,5.8651198958985774e-15,ELECTRODE_ATTACHMENT,CONFIRMED,6.8209017147463364e-05,41710227.826385304,15.840701415197504,7697147007728513,3.9403589785580829e-05,2.3460479751719842e-12,2.247051058287096e-07,95780.268863528632,0.36804261518310022,-5.5286577248250219e-13
2398,1.6644890121659872e-11,5.8651199379299613e-15,ELECTRODE_ATTACHMENT,CONFIRMED,6.8209958606017262e-05,41710227.608509347,15.840701332452619,7698603422528837,3.9411045542331983e-05,2.3460479919832888e-12,2.24662596258442e-07,95762.148526432327,0.36810345113968851,-5.5272234308609924e-13
2399,1.6650755241639831e-11,5.8651199799582236e-15,ELECTRODE_ATTACHMENT,CONFIRMED,6.8210899278862923e-05,41710227.390649714,15.840701249713934,7700055666131283,3.9418479945697999e-05,2.3460480087933344e-12,2.2462022444795761e-07,95744.086909580641,0.36816412298304896,-5.5257892673445208e-13
2400,1.6656620361661815e-11,5.8651200219833369e-15,ELECTRODE_ATTACHMENT,CONFIRMED,6.8211839166168128e-05,41710227.172806315,15.840701166981415,7701503743329849,3.9425893020220519e-05,2.3460480256021279e-12,2.2457799011068479e-07,95726.083890821217,0.36822463092462054,-5.5243552521884971e-13
2401,1.666248548172582e-11,5.8651200640053199e-15,ELECTRODE_ATTACHMENT,CONFIRMED,6.8212778268098001e-05,41710226.954979248,15.840701084255098,7702947658947111,3.9433284790587455e-05,2.3460480424096604e-12,2.245358929599863e-07,95708.139347974386,0.36828497517689035,-5.5229214033546658e-13
2402,1.6668350601831843e-11,5.8651201060241514e-15,ELECTRODE_ATTACHMENT,CONFIRMED,6.8213716584814889e-05,41710226.73716861,15.84070100153502,7704387417834278,3.9440655281633319e-05,2.3460480592159263e-12,2.244939327091558e-07,95690.253158830863,0.36834515595339035,-5.5214877388537506e-13
2403,1.6674215721979882e-11,5.8651201480398172e-15,ELECTRODE_ATTACHMENT,CONFIRMED,6.8214654116478547e-05,41710226.519374326,15.840700918821154,7705823024871249,3.9448004518339512e-05,2.3460480760209313e-12,2.2445210907141473e-07,95672.425201150138,0.36840517346869689,-5.5200542767456004e-13
2404,1.6680080842169935e-11,5.8651201900523284e-15,ELECTRODE_ATTACHMENT,CONFIRMED,6.8215590863245955e-05,41710226.301596642,15.840700836113591,7707254484966672,3.9455332525834593e-05,2.3460480928246539e-12,2.244104217599091e-07,95654.655352660659,0.3684650279384426,-5.518621035139387e-13
2405,1.6685945962401997e-11,5.8651202320616352e-15,ELECTRODE_ATTACHMENT,CONFIRMED,6.8216526825271449e-05,41710226.083835386,15.840700753412268,7708681803058001,3.946263932939457e-05,2.3460481096271107e-12,2.2436887048770645e-07,95636.943491055878,0.36852471957930177,-5.5171880321936636e-13
2406,1.6691811082676064e-11,5.8651202740677771e-15,ELECTRODE_ATTACHMENT,CONFIRMED,6.8217462002706655e-05,41710225.866090663,15.840700670717224,7710104984111552,3.9469924954443222e-05,2.3460481264282911e-12,2.2432745496779224e-07,95619.289493995384,0.36858424860900829,-5.5157552861166028e-13
2407,1.6697676202992136e-11,5.8651203160707273e-15,ELECTRODE_ATTACHMENT,CONFIRMED,6.8218396395700501e-05,41710225.648362607,15.840700588028509,7711524033122563,3.9477189426552381e-05,2.346048143228186e-12,2.2428617491306686e-07,95601.693239102431,0.36864361524635125,-5.5143228151661238e-13
2408,1.6703541323350207e-11,5.8651203580704644e-15,ELECTRODE_ATTACHMENT,CONFIRMED,6.8219330004399233e-05,41710225.430651203,15.840700505346119,7712938955115252,3.9484432771442228e-05,2.3460481600267964e-12,2.242450300363423e-07,95584.154603962175,0.36870281971117336,-5.5128906376500132e-13
2409,1.6709406443750274e-11,5.8651204000669925e-15,ELECTRODE_ATTACHMENT,CONFIRMED,6.8220262828946345e-05,41710225.212956436,15.840700422670047,7714349755142873,3.9491655014981618e-05,2.3460481768241225e-12,2.2420402005033878e-07,95566.67346612073,0.36876186222437679,-5.5114587719261051e-13
2410,1.6715271564192333e-11,5.8651204420603075e-15,ELECTRODE_ATTACHMENT,CONFIRMED,6.8221194869482702e-05,41710224.995278426,15.840700340000337,7715756438287776,3.9498856183188299e-05,2.3460481936201569e-12,2.2416314466768191e-07,95549.249703084162,0.36882074300792622,-5.5100272364024344e-13
2411,1.6721136684676384e-11,5.865120484050393e-15,ELECTRODE_ATTACHMENT,CONFIRMED,6.8222126126146404e-05,41710224.777617179,15.840700257336996,7717159009661467,3.950603630222932e-05,2.3460482104148977e-12,2.2412240360089884e-07,95531.883192316367,0.36887946228484714,-5.5085960495373761e-13
2412,1.6727001805202421e-11,5.8651205260372441e-15,ELECTRODE_ATTACHMENT,CONFIRMED,6.8223056599072936e-05,41710224.559972778,15.840700174680052,7718557474404665,3.9513195398421272e-05,2.3460482272083387e-12,2.2408179656241533e-07,95514.57381123818,0.36893802027923112,-5.5071652298398123e-13
2413,1.6732866925770441e-11,5.8651205680208466e-15,ELECTRODE_ATTACHMENT,CONFIRMED,6.8223986288394963e-05,41710224.342345163,15.840700092029483,7719951837687362,3.9520333498230606e-05,2.3460482440004852e-12,2.2404132326455237e-07,95497.321437225328,0.36899641721623272,-5.5057347958692615e-13
2414,1.6738732046380444e-11,5.8651206100012133e-15,ELECTRODE_ATTACHMENT,CONFIRMED,6.822491519424255e-05,41710224.124734469,15.840700009385341,7721342104708881,3.9527450628273896e-05,2.3460482607913255e-12,2.2400098341952315e-07,95480.125947608292,0.3690546533220796,-5.5043047662360729e-13
2415,1.6744597167032422e-11,5.8651206519783133e-15,ELECTRODE_ATTACHMENT,CONFIRMED,6.8225843316742994e-05,41710223.907140739,15.840699926747639,7722728280697937,3.9534546815318202e-05,2.3460482775808575e-12,2.2396077673942944e-07,95462.987219669667,0.3691127288240667,-5.5028751596015421e-13
2416,1.6750462287726374e-11,5.8651206939521442e-15,ELECTRODE_ATTACHMENT,CONFIRMED,6.8226770656020912e-05,41710223.689563945,15.840699844116372,7724110370912695,3.9541622086281366e-05,2.346048294369083e-12,2.2392070293625833e-07,95445.905130643005,0.36917064395056104,-5.5014459946780747e-13
2417,1.6756327408462295e-11,5.8651207359227085e-15,ELECTRODE_ATTACHMENT,CONFIRMED,6.8227697212198195e-05,41710223.47200416,15.840699761491562,7725488380640833,3.9548676468232269e-05,2.346048311155997e-12,2.2388076172187922e-07,95428.879557711974,0.36922839893100473,-5.5000172902293542e-13
2418,1.6762192529240186e-11,5.8651207778899927e-15,ELECTRODE_ATTACHMENT,CONFIRMED,6.822862298539401e-05,41710223.254461437,15.840699678873234,7726862315199598,3.9555709988391202e-05,2.3460483279415943e-12,2.2384095280804022e-07,95411.910378008557,0.36928599399591655,-5.4985890650704912e-13
2419,1.6768057650060041e-11,5.8651208198539866e-15,ELECTRODE_ATTACHMENT,CONFIRMED,6.8229547975724882e-05,41710223.036935739,15.840699596261372,7728232179935868,3.9562722674130131e-05,2.346048344725877e-12,2.2380127590636501e-07,95394.9974686114,0.36934342937689085,-5.4971613380681617e-13
2420,1.6773922770921855e-11,5.8651208618146932e-15,ELECTRODE_ATTACHMENT,CONFIRMED,6.8230472183304544e-05,41710222.819427222,15.840699513656032,7729597980226214,3.9569714552973012e-05,2.346048361508836e-12,2.2376173072834954e-07,95378.140706545179,0.3694007053066059,-5.4957341281407963e-13
2421,1.6779787891825626e-11,5.8651209037720906e-15,ELECTRODE_ATTACHMENT,CONFIRMED,6.8231395608244058e-05,41710222.601935752,15.840699431057169,7730959721476959,3.9576685652596144e-05,2.3460483782904788e-12,2.2372231698535841e-07,95361.339968777902,0.36945782201881699,-5.4943074542586947e-13
2422,1.6785653012771351e-11,5.8651209457261977e-15,ELECTRODE_ATTACHMENT,CONFIRMED,6.8232318250651777e-05,41710222.384461589,15.840699348464877,7732317409124238,3.9583636000828395e-05,2.3460483950707875e-12,2.2368303438862218e-07,95344.595132221468,0.36951477974837038,-5.4928813354442303e-13
2423,1.6791518133759029e-11,5.8651209876769687e-15,ELECTRODE_ATTACHMENT,CONFIRMED,6.8233240110633276e-05,41710222.167004548,15.840699265879088,7733671048634060,3.9590565625651621e-05,2.3460484118497738e-12,2.2364388264923329e-07,95327.906073727703,0.36957157873119029,-5.4914557907719425e-13
2424,1.6797383254788655e-11,5.8651210296244351e-15,ELECTRODE_ATTACHMENT,CONFIRMED,6.8234161188291512e-05,41710221.949564807,15.84069918329987,7735020645502370,3.9597474555200882e-05,2.3460484286274265e-12,2.236048614781434e-07,95311.272670089398,0.36962821920429539,-5.4900308393687604e-13
2425,1.6803248375860224e-11,5.865121071568567e-15,ELECTRODE_ATTACHMENT,CONFIRMED,6.8235081483726599e-05,41710221.732142352,15.840699100727218,7736366205255110,3.9604362817764814e-05,2.3460484454037455e-12,2.2356597058615959e-07,95294.694798037206,0.36968470140579113,-5.4886065004141125e-13
2426,1.6809113496973734e-11,5.8651211135093644e-15,ELECTRODE_ATTACHMENT,CONFIRMED,6.8236000997036047e-05,41710221.514737226,15.840699018161144,7737707733448279,3.9611230441785904e-05,2.3460484621787272e-12,2.2352720968394142e-07,95278.172334239105,0.36974102557487587,-5.4871827931401036e-13
2427,1.6814978618129181e-11,5.8651211554468178e-15,ELECTRODE_ATTACHMENT,CONFIRMED,6.8236919728314574e-05,41710221.297349423,15.840698935601651,7739045235667997,3.9618077455860911e-05,2.3460484789523728e-12,2.2348857848199682e-07,95261.70515529823,0.36979719195184141,-5.485759736831661e-13
2428,1.6820843739326563e-11,5.865121197380932e-15,ELECTRODE_ATTACHMENT,CONFIRMED,6.8237837677654215e-05,41710221.079979055,15.84069885304878,7740378717530566,3.9624903888740987e-05,2.3460484957246742e-12,2.2345007669068008e-07,95245.293137752582,0.36985320077807704,-5.4843373508267033e-13
2429,1.6826708860565875e-11,5.8651212393116864e-15,ELECTRODE_ATTACHMENT,CONFIRMED,6.8238754845144229e-05,41710220.862626024,15.840698770502492,7741708184682531,3.9631709769332216e-05,2.3460485124956363e-12,2.2341170402018694e-07,95228.936158072087,0.36990905229606735,-5.4829156545162799e-13
2430,1.6832573981847115e-11,5.8651212812390913e-15,ELECTRODE_ATTACHMENT,CONFIRMED,6.8239671230871173e-05,41710220.645290464,15.840698687962838,7743033642800746,3.9638495126695763e-05,2.346048529265251e-12,2.2337346018055251e-07,95212.634092658729,0.3699647467494005,-5.4814946673447552e-13
2431,1.683843910317028e-11,5.8651213231631286e-15,ELECTRODE_ATTACHMENT,CONFIRMED,6.8240586834918899e-05,41710220.427972443,15.840698605429848,7744355097592432,3.9645259990048286e-05,2.3460485460335135e-12,2.2333534488164715e-07,95196.386817844133,0.37002028438276618,-5.4800744088099447e-13
2432,1.6844304224535363e-11,5.8651213650837848e-15,ELECTRODE_ATTACHMENT,CONFIRMED,6.8241501657368491e-05,41710220.210671805,15.840698522903457,7745672554795242,3.9652004388762234e-05,2.3460485628004346e-12,2.2329735783317336e-07,95180.194209887733,0.37007566544195342,-5.4786548984632516e-13
2433,1.6850169345942364e-11,5.8651214070010868e-15,ELECTRODE_ATTACHMENT,CONFIRMED,6.8242415698298295e-05,41710219.993388809,15.840698440383768,7746986020177326,3.9658728352366143e-05,2.346048579565995e-12,2.2325949874466251e-07,95164.056144977265,0.37013089017386652,-5.4772361559098955e-13
2434,1.6856034467391279e-11,5.8651214489149888e-15,ELECTRODE_ATTACHMENT,CONFIRMED,6.8243328957783976e-05,41710219.776123382,15.84069835787075,7748295499537390,3.9665431910545015e-05,2.3460485963301988e-12,2.2322176732547121e-07,95147.972499225012,0.37018595882651101,-5.4758182008089858e-13
2435,1.6861899588882106e-11,5.8651214908254971e-15,ELECTRODE_ATTACHMENT,CONFIRMED,6.8244241435898434e-05,41710219.558875434,15.840698275364371,7749600998704761,3.9672115093140587e-05,2.3460486130930555e-12,2.2318416328477815e-07,95131.943148667226,0.37024087164900221,-5.4744010528737169e-13
2436,1.6867764710414838e-11,5.8651215327326401e-15,ELECTRODE_ATTACHMENT,CONFIRMED,6.8245153132711814e-05,41710219.341645136,15.840698192864695,7750902523539453,3.9678777930151708e-05,2.3460486298545494e-12,2.2314668633158045e-07,95115.967969263758,0.37029562889157397,-5.4729847318715455e-13
2437,1.6873629831989476e-11,5.8651215746363744e-15,ELECTRODE_ATTACHMENT,CONFIRMED,6.8246064048291515e-05,41710219.124432549,15.840698110371745,7752200079932227,3.9685420451734596e-05,2.3460486466146782e-12,2.2310933617469072e-07,95100.046836895301,0.370350230805572,-5.4715692576243314e-13
2438,1.6879494953606012e-11,5.8651216165366962e-15,ELECTRODE_ATTACHMENT,CONFIRMED,6.824697418270225e-05,41710218.907237597,15.840698027885493,7753493673804658,3.9692042688203225e-05,2.3460486633734459e-12,2.2307211252273324e-07,95084.179627361998,0.37040467764345597,-5.4701546500084521e-13
2439,1.6885360075264446e-11,5.8651216584336163e-15,ELECTRODE_ATTACHMENT,CONFIRMED,6.8247883536005926e-05,41710218.690060295,15.840697945405942,7754783311109195,3.9698644670029651e-05,2.346048680130852e-12,2.2303501508414059e-07,95068.366216382477,0.37045896965880681,-5.4687409289550285e-13
2440,1.6891225196964773e-11,5.865121700327131e-15,ELECTRODE_ATTACHMENT,CONFIRMED,6.8248792108261769e-05,41710218.472900808,15.84069786293316,7756068997829231,3.9705226427844309e-05,2.3460486968868841e-12,2.2299804356715049e-07,95052.606479592796,0.37051310710632834,-5.4673281144500589e-13
2441,1.6897090318706988e-11,5.8651217422172101e-15,ELECTRODE_ATTACHMENT,CONFIRMED,6.824969989952621e-05,41710218.255758964,15.840697780467076,7757350739979162,3.9711787992436357e-05,2.346048713641555e-12,2.2296119767980226e-07,95036.900292543432,0.37056709024184153,-5.4659162265345301e-13
2442,1.6902955440491093e-11,5.8651217841038877e-15,ELECTRODE_ATTACHMENT,CONFIRMED,6.8250606909852959e-05,41710218.038634911,15.84069769800775,7758628543604455,3.9718329394754008e-05,2.3460487303948523e-12,2.2292447712993337e-07,95021.247530699853,0.3706209193222984,-5.4645052853046447e-13
2443,1.690882056231708e-11,5.8651218259871314e-15,ELECTRODE_ATTACHMENT,CONFIRMED,6.8251513139292946e-05,41710217.821528688,15.840697615555195,7759902414781711,3.9724850665904844e-05,2.3460487471467751e-12,2.2288788162517619e-07,95005.648069439587,0.37067459460577584,-5.4630953109119359e-13
2444,1.6914685684184946e-11,5.8651218678669388e-15,ELECTRODE_ATTACHMENT,CONFIRMED,6.8252418587894377e-05,41710217.60444025,15.840697533109394,7761172359618732,3.9731351837156207e-05,2.3460487638973255e-12,2.2285141087295416e-07,94990.101784051076,0.37072811635147923,-5.4616863235634286e-13
2445,1.6920550806094689e-11,5.8651219097433147e-15,ELECTRODE_ATTACHMENT,CONFIRMED,6.8253323255702695e-05,41710217.387369603,15.84069745067035,7762438384254585,3.9737832939935479e-05,2.3460487806465035e-12,2.2281506458047877e-07,94974.608549732438,0.37078148481974588,-5.4602783435217934e-13
2446,1.6926415928046304e-11,5.8651219516162598e-15,ELECTRODE_ATTACHMENT,CONFIRMED,6.8254227142760629e-05,41710217.170231648,15.840697368205744,7763700494859666,3.9744294005834731e-05,2.3460487974008755e-12,2.2277884245472182e-07,94959.168241313877,0.37083470027028609,-5.4588645995524679e-13
2447,1.6932281050039805e-11,5.8651219935021896e-15,ELECTRODE_ATTACHMENT,CONFIRMED,6.8255130249108051e-05,41710216.953205876,15.840697285783744,7764958697635750,3.9750735066593237e-05,2.3460488141465913e-12,2.2274274420251199e-07,94943.78073439101,0.37088776296941905,-5.4574594263146113e-13
2448,1.6938146172075172e-11,5.8651220353664793e-15,ELECTRODE_ATTACHMENT,CONFIRMED,6.8256032574780823e-05,41710216.736198023,15.840697203368547,7766212998816112,3.9757156154125464e-05,2.3460488308909241e-12,2.2270676953037629e-07,94928.445903575775,0.37094067317883073,-5.4560553209198977e-13
2449,1.6944011294152399e-11,5.8651220772273107e-15,ELECTRODE_ATTACHMENT,CONFIRMED,6.8256934119813434e-05,41710216.519208036,15.840697120960137,7767463404665469,3.9763557300501989e-05,2.34604884763388e-12,2.2267091814464553e-07,94913.163623690722,0.37099343116341449,-5.4546523038575112e-13
2450,1.6949876416271483e-11,5.865122119084701e-15,ELECTRODE_ATTACHMENT,CONFIRMED,6.8257834884237801e-05,41710216.302236028,15.840697038558552,7768709921480140,3.9769938537955223e-05,2.3460488643754481e-12,2.2263518975142072e-07,94897.933769461102,0.3710460371892107,-5.4532503956730835e-13
2451,1.695574153843242e-11,5.8651221609386204e-15,ELECTRODE_ATTACHMENT,CONFIRMED,6.8258734868082953e-05,41710216.08528199,15.840696956163795,7769952555588110,3.9776299898879656e-05,2.3460488811156296e-12,2.2259958405657004e-07,94882.756215512447,0.37109849152340074,-5.4518496169688087e-13
2452,1.696160666063521e-11,5.8651222027890758e-15,ELECTRODE_ATTACHMENT,CONFIRMED,6.8259634071375156e-05,41710215.868345894,15.840696873775851,7771191313349098,3.9782641415832238e-05,2.346048897854427e-12,2.2256410076572525e-07,94867.63083636947,0.3711507944343132,-5.4504499884036137e-13
2453,1.6967471782879848e-11,5.8651222446360682e-15,ELECTRODE_ATTACHMENT,CONFIRMED,6.8260532494137936e-05,41710215.651427805,15.840696791394745,7772426201154623,3.9788963121532701e-05,2.346048914591835e-12,2.2252873958427822e-07,94852.557506454934,0.37120294619142702,-5.4490515306933209e-13
2454,1.6973336905166329e-11,5.865122286479588e-15,ELECTRODE_ATTACHMENT,CONFIRMED,6.8261430136392043e-05,41710215.43452771,15.840696709020474,7773657225428071,3.9795265048863934e-05,2.3460489313278556e-12,2.2249350021737745e-07,94837.5361000876,0.37125494706537071,-5.4476542646107783e-13
2455,1.6979202027494647e-11,5.8651223283196392e-15,ELECTRODE_ATTACHMENT,CONFIRMED,6.826232699815546e-05,41710215.21764569,15.840696626653067,7774884392624762,3.9801547230872284e-05,2.3460489480624816e-12,2.2245838236992462e-07,94822.566491481382,0.37130679732792882,-5.4462582109860333e-13
2456,1.6985067149864803e-11,5.8651223701562044e-15,ELECTRODE_ATTACHMENT,CONFIRMED,6.8263223079443339e-05,41710215.000781707,15.840696544292509,7776107709232016,3.9807809700767921e-05,2.3460489647957157e-12,2.2242338574657116e-07,94807.648554743137,0.37135849725203801,-5.4448633907064659e-13
2457,1.6990932272276792e-11,5.86512241198929e-15,ELECTRODE_ATTACHMENT,CONFIRMED,6.8264118380268122e-05,41710214.783935778,15.840696461938808,7777327181769222,3.981405249192519e-05,2.3460489815275576e-12,2.2238851005171466e-07,94792.782163871627,0.37141004711179465,-5.4434698247169434e-13
2458,1.6996797394730613e-11,5.8651224538188951e-15,ELECTRODE_ATTACHMENT,CONFIRMED,6.8265012900639457e-05,41710214.567107901,15.840696379591964,7778542816787904,3.9820275637882929e-05,2.3460489982580068e-12,2.2235375498949559e-07,94777.967192756056,0.37146144718245433,-5.4420775340199804e-13
2459,1.7002662517226258e-11,5.8651224956450181e-15,ELECTRODE_ATTACHMENT,CONFIRMED,6.8265906640564177e-05,41710214.350298099,15.840696297251984,7779754620871790,3.982647917234487e-05,2.3460490149870602e-12,2.2231912026379336e-07,94763.203515174464,0.37151269774043605,-5.4406865396758822e-13
2460,1.7008527639763727e-11,5.8651225374676513e-15,ELECTRODE_ATTACHMENT,CONFIRMED,6.8266799600046345e-05,41710214.133506447,15.840696214918896,7780962600636879,3.9832663129179885e-05,2.3460490317147145e-12,2.2228460557822361e-07,94748.49100479242,0.37156379906332299,-5.4392968628028978e-13
2461,1.7014392762343014e-11,5.8651225792867866e-15,ELECTRODE_ATTACHMENT,CONFIRMED,6.826769177908725e-05,41710213.916732907,15.840696132592688,7782166762731507,3.9838827542422453e-05,2.3460490484409717e-12,2.2225021063613386e-07,94733.829535161072,0.37161475142986394,-5.4379085245773458e-13
2462,1.7020257884964115e-11,5.8651226211024296e-15,ELECTRODE_ATTACHMENT,CONFIRMED,6.8268583177685387e-05,41710213.699977398,15.840696050273326,7783367113836419,3.9844972446272934e-05,2.3460490651658371e-12,2.2221593514060049e-07,94719.218979715806,0.37166555511997518,-5.4365215462337754e-13
2463,1.7026123007627031e-11,5.8651226629145938e-15,ELECTRODE_ATTACHMENT,CONFIRMED,6.8269473795836447e-05,41710213.48324012,15.840695967960889,7784563660664834,3.9851097875097907e-05,2.3460490818892961e-12,2.2218177879442544e-07,94704.65921177587,0.37171621041475,-5.4351359490651475e-13
2464,1.7031988130331756e-11,5.8651227047232404e-15,ELECTRODE_ATTACHMENT,CONFIRMED,6.8270363633533355e-05,41710213.266520895,15.840695885655308,7785756409962514,3.9857203863430601e-05,2.3460490986113637e-12,2.2214774130013194e-07,94690.150104540488,0.37176671759644708,-5.433751754422904e-13
2465,1.7037853253078285e-11,5.8651227465284098e-15,ELECTRODE_ATTACHMENT,CONFIRMED,6.8271252690766204e-05,41710213.049819976,15.840695803356679,7786945368507834,3.9863290445971142e-05,2.3460491153320176e-12,2.2211382235996191e-07,94675.691531090517,0.37181707694851029,-5.4323689837172015e-13
2466,1.7043718375866616e-11,5.8651227883300442e-15,ELECTRODE_ATTACHMENT,CONFIRMED,6.8272140967522363e-05,41710212.833137088,15.840695721064899,7788130543111849,3.9869357657587012e-05,2.3460491320512805e-12,2.2208002167587158e-07,94661.283364383227,0.37186728875555014,-5.4309876584169534e-13
2467,1.7049583498696745e-11,5.8651228301282014e-15,ELECTRODE_ATTACHMENT,CONFIRMED,6.8273028463786302e-05,41710212.616472386,15.840695638780025,7789311940618363,3.987540553331329e-05,2.3460491487691415e-12,2.2204633894952884e-07,94646.925477254306,0.37191735330336573,-5.4296078000500653e-13
2468,1.7055448621568667e-11,5.8651228719228552e-15,ELECTRODE_ATTACHMENT,CONFIRMED,6.8273915179539778e-05,41710212.399825953,15.840695556502089,7790489567903999,3.9881434108353092e-05,2.3460491654855925e-12,2.22012773882309e-07,94632.617742414659,0.37196727087893816,-5.4282294302035348e-13
2469,1.706131374448238e-11,5.865122913713982e-15,ELECTRODE_ATTACHMENT,CONFIRMED,6.8274801114761704e-05,41710212.18319764,15.840695474231033,7791663431878266,3.9887443418077876e-05,2.3460491822006448e-12,2.2197932617529169e-07,94618.36003244837,0.37201704177042755,-5.4268525705235719e-13
2470,1.7067178867437882e-11,5.8651229555016126e-15,ELECTRODE_ATTACHMENT,CONFIRMED,6.82756862694282e-05,41710211.966587551,15.8406953919669,7792833539483632,3.9893433498027818e-05,2.3460491989142924e-12,2.2194599552925718e-07,94604.152219812633,0.37206666626718626,-5.4254772427157755e-13
2471,1.7073043990435167e-11,5.865122997285732e-15,ELECTRODE_ATTACHMENT,CONFIRMED,6.8276570643512581e-05,41710211.749995627,15.840695309709666,7793999897695588,3.9899404383912192e-05,2.3460492156265376e-12,2.2191278164468266e-07,94589.994176835069,0.3721161446597534,-5.4241034685452456e-13
2472,1.7078909113474234e-11,5.8651230390663448e-15,ELECTRODE_ATTACHMENT,CONFIRMED,6.8277454236985343e-05,41710211.533421956,15.840695227459364,7795162513522722,3.9905356111609627e-05,2.3460492323373748e-12,2.2187968422173935e-07,94575.885775713265,0.37216547723986193,-5.4227312698367449e-13
2473,1.7084774236555076e-11,5.8651230808434378e-15,ELECTRODE_ATTACHMENT,CONFIRMED,6.8278337049814205e-05,41710211.316866495,15.840695145215976,7796321394006787,3.9911288717168592e-05,2.3460492490468081e-12,2.2184670296028815e-07,94561.826888512136,0.37221466430043565,-5.4213606684747924e-13
2474,1.7090639359677695e-11,5.865123122617022e-15,ELECTRODE_ATTACHMENT,CONFIRMED,6.8279219081964011e-05,41710211.10032925,15.840695062979508,7797476546222769,3.9917202236807681e-05,2.346049265754835e-12,2.2181383755987657e-07,94547.817387163246,0.37226370613559684,-5.4199916864038386e-13
2475,1.7096504482842083e-11,5.8651231643870878e-15,ELECTRODE_ATTACHMENT,CONFIRMED,6.8280100333396881e-05,41710210.883810274,15.840694980749978,7798627977278960,3.9923096706915944e-05,2.3460492824614527e-12,2.2178108771973529e-07,94533.857143463189,0.37231260304066566,-5.4186243456283762e-13
2476,1.7102369606048237e-11,5.8651232061536329e-15,ELECTRODE_ATTACHMENT,CONFIRMED,6.8280980804072037e-05,41710210.667309411,15.840694898527326,7799775694317026,3.9928972164053341e-05,2.3460492991666734e-12,2.2174845313877418e-07,94519.946029071158,0.37236135531215975,-5.4172586682130541e-13
2477,1.7108234729296154e-11,5.8651232479166842e-15,ELECTRODE_ATTACHMENT,CONFIRMED,6.8281860493945933e-05,41710210.450826846,15.840694816311624,7800919704512076,3.993482864495099e-05,2.3460493158704824e-12,2.2171593351557918e-07,94506.083915509385,0.37240996324780634,-5.4158946762828625e-13
2478,1.7114099852585831e-11,5.8651232896762061e-15,ELECTRODE_ATTACHMENT,CONFIRMED,6.828273940297218e-05,41710210.234362513,15.840694734102845,7802060015072735,3.9940666186511582e-05,2.3460493325728851e-12,2.2168352854840865e-07,94492.270674159648,0.37245842714653271,-5.4145323920231956e-13
2479,1.7119964975917264e-11,5.8651233314322128e-15,ELECTRODE_ATTACHMENT,CONFIRMED,6.8283617531101595e-05,41710210.017916419,15.840694651900995,7803196633241212,3.9946484825809789e-05,2.3460493492738805e-12,2.2165123793518945e-07,94478.506176262716,0.37250674730847588,-5.4131718376800145e-13
2480,1.7125830099290447e-11,5.8651233731847012e-15,ELECTRODE_ATTACHMENT,CONFIRMED,6.8284494878282137e-05,41710209.801488556,15.840694569706066,7804329566293371,3.9952284600092502e-05,2.3460493659734688e-12,2.2161906137351406e-07,94464.790292916761,0.37255492403498225,-5.4118130355599509e-13
2481,1.713169522270538e-11,5.8651234149336721e-15,ELECTRODE_ATTACHMENT,CONFIRMED,6.8285371444458973e-05,41710209.585078895,15.840694487518052,7805458821538801,3.9958065546779314e-05,2.3460493826716532e-12,2.2158699856063634e-07,94451.122895075503,0.37260295762860984,-5.4104560080304484e-13
2482,1.713756034616206e-11,5.8651234566791341e-15,ELECTRODE_ATTACHMENT,CONFIRMED,6.8286247229574395e-05,41710209.368687473,15.840694405336963,7806584406320888,3.9963827703462806e-05,2.3460493993684304e-12,2.2155504919346849e-07,94437.5038535473,0.37265084839313289,-5.4091007775198639e-13
2483,1.714342546966048e-11,5.8651234984210778e-15,ELECTRODE_ATTACHMENT,CONFIRMED,6.8287122233567945e-05,41710209.152314328,15.840694323162817,7807706328016884,3.9969571107908913e-05,2.3460494160637988e-12,2.2152321296857732e-07,94423.933038993244,0.37269859663354243,-5.4077473665176055e-13
2484,1.7149290593200641e-11,5.8651235401594969e-15,ELECTRODE_ATTACHMENT,CONFIRMED,6.8287996456376266e-05,41710208.935959354,15.840694240995571,7808824594037979,3.9975295798057363e-05,2.3460494327577636e-12,2.2149148958218036e-07,94410.410321925214,0.37274620265604658,-5.4063957975742152e-13
2485,1.7155155716782535e-11,5.8651235818944095e-15,ELECTRODE_ATTACHMENT,CONFIRMED,6.8288869897933195e-05,41710208.719622687,15.840694158835278,7809939211829370,3.9981001812021896e-05,2.3460494494503172e-12,2.214598787301431e-07,94396.935572705625,0.37279366676807868,-5.4050460933015282e-13
2486,1.7161020840406161e-11,5.8651236236257935e-15,ELECTRODE_ATTACHMENT,CONFIRMED,6.8289742558169707e-05,41710208.503304146,15.840694076681869,7811050188870333,3.9986689188090772e-05,2.3460494661414722e-12,2.2142838010797456e-07,94383.508661544111,0.37284098927829051,-5.4036982763727257e-13
2487,1.7166885964071513e-11,5.8651236653536821e-15,ELECTRODE_ATTACHMENT,CONFIRMED,6.8290614437014003e-05,41710208.28700389,15.840693994535403,7812157532674294,3.9992357964727053e-05,2.3460494828312163e-12,2.2139699341082428e-07,94370.12945849805,0.37288817049656703,-5.4023523695225134e-13
2488,1.717275108777859e-11,5.8651237070780405e-15,ELECTRODE_ATTACHMENT,CONFIRMED,6.8291485534391407e-05,41710208.070721865,15.840693912395862,7813261250788899,3.999800818056898e-05,2.3460494995195537e-12,2.2136571833347847e-07,94356.797833469347,0.37293521073401698,-5.4010083955471661e-13
2489,1.7178616211527387e-11,5.8651237487988846e-15,ELECTRODE_ATTACHMENT,CONFIRMED,6.8292355850224398e-05,41710207.854458004,15.84069383026322,7814361350796087,4.0003639874430334e-05,2.3460495162064903e-12,2.2133455457035677e-07,94343.513656203562,0.3729821103029799,-5.3996663773046527e-13
2490,1.7184481335317902e-11,5.8651237905162261e-15,ELECTRODE_ATTACHMENT,CONFIRMED,6.8293225384432598e-05,41710207.638212398,15.840693748137509,7815457840312158,4.0009253085300847e-05,2.3460495328920182e-12,2.2130350181550813e-07,94330.276796288803,0.37302886951703235,-5.3983263377147687e-13
2491,1.7190346459150132e-11,5.8651238322300461e-15,ELECTRODE_ATTACHMENT,CONFIRMED,6.8294094136932848e-05,41710207.421984911,15.84069366601868,7816550726987848,4.001484785234649e-05,2.3460495495761485e-12,2.2127255976260789e-07,94317.087123153193,0.37307548869098145,-5.3969882997591723e-13
2492,1.7196211583024073e-11,5.8651238739403723e-15,ELECTRODE_ATTACHMENT,CONFIRMED,6.8294962107639075e-05,41710207.205775715,15.840693583906798,7817640018508396,4.0020424214909863e-05,2.3460495662588677e-12,2.2124172810495388e-07,94303.944506064901,0.37312196814087834,-5.3956522864815485e-13
2493,1.7202076706939718e-11,5.8651239156471691e-15,ELECTRODE_ATTACHMENT,CONFIRMED,6.8295829296462403e-05,41710206.989584655,15.840693501801804,7818725722593618,4.0025982212510622e-05,2.3460495829401877e-12,2.2121100653546268e-07,94290.848814128592,0.37316830818400853,-5.3943183209876456e-13
2494,1.7207941830897069e-11,5.8651239573504704e-15,ELECTRODE_ATTACHMENT,CONFIRMED,6.8296695703311093e-05,41710206.773411758,15.840693419703706,7819807846997977,4.0031521884845713e-05,2.3460495996201063e-12,2.2118039474666666e-07,94277.799916285745,0.37321450913890308,-5.3929864264453921e-13
2495,1.7213806954896118e-11,5.8651239990502669e-15,ELECTRODE_ATTACHMENT,CONFIRMED,6.8297561328090563e-05,41710206.557257041,15.840693337612516,7820886399510654,4.0037043271789882e-05,2.3460496162986229e-12,2.2114989243070966e-07,94264.797681312135,0.37326057132533863,-5.3916566260849933e-13
2496,1.7219672078936865e-11,5.8651240407465576e-15,ELECTRODE_ATTACHMENT,CONFIRMED,6.8298426170703371e-05,41710206.341120504,15.840693255528226,7821961387955621,4.0042546413395989e-05,2.3460496329757363e-12,2.2111949927934368e-07,94251.84197781657,0.37330649506433855,-5.3903289431989971e-13
2497,1.7225537203019303e-11,5.8651240824393411e-15,ELECTRODE_ATTACHMENT,CONFIRMED,6.8299290231049227e-05,41710206.125002064,15.840693173450813,7823032820191711,4.0048031349895248e-05,2.3460496496514539e-12,2.2108921498392606e-07,94238.932674239302,0.37335228067817372,-5.3890034011423622e-13
2498,1.7231402327143431e-11,5.8651241241286355e-15,ELECTRODE_ATTACHMENT,CONFIRMED,6.8300153509024983e-05,41710205.908901766,15.840693091380286,7824100704112688,4.0053498121697818e-05,2.3460496663257716e-12,2.2105903923541455e-07,94226.069638850677,0.37339792849037057,-5.3876800233325819e-13
2499,1.7237267451309244e-11,5.8651241658144304e-15,ELECTRODE_ATTACHMENT,CONFIRMED,6.8301016004524619e-05,41710205.69281964,15.840693009316663,7825165047647319,4.0058946769392968e-05,2.3460496829986874e-12,2.2102897172436499e-07,94213.252739749689,0.37344343882570885,-5.3863588332497172e-13
2500,1.7243132575516742e-11,5.8651242074967197e-15,ELECTRODE_ATTACHMENT,CONFIRMED,6.8301877717439306e-05,41710205.476755626,15.840692927259918,7826225858759447,4.0064377333749568e-05,2.3460496996702065e-12,2.2099901214092698e-07,94200.48184486189,0.37348881201022344,-5.3850398544364733e-13
2501,1.7248997699765916e-11,5.8651242491755167e-15,ELECTRODE_ATTACHMENT,CONFIRMED,6.8302738647657305e-05,41710205.260709696,15.840692845210041,7827283145448060,4.0069789855716401e-05,2.3460497163403305e-12,2.2096916017484059e-07,94187.756821938397,0.37353404837120946,-5.3837231104982786e-13
2502,1.7254862824056766e-11,5.8651242908508277e-15,ELECTRODE_ATTACHMENT,CONFIRMED,6.8303598795064029e-05,41710205.044681795,15.840692763167011,7828336915747363,4.0075184376422514e-05,2.3460497330090631e-12,2.2093941551543296e-07,94175.077538554222,0.37357914823722227,-5.3824086251033363e-13
2503,1.7260727948389288e-11,5.8651243325226582e-15,ELECTRODE_ATTACHMENT,CONFIRMED,6.8304458159542045e-05,41710204.828672029,15.840692681130868,7829387177726849,4.0080560937177623e-05,2.3460497496763962e-12,2.2090977785161436e-07,94162.443862107219,0.3736241119380847,-5.3810964219827037e-13
2504,1.7266593072763479e-11,5.8651243741909909e-15,ELECTRODE_ATTACHMENT,CONFIRMED,6.8305316740971048e-05,41710204.612680323,15.840692599101585,7830433939491370,4.0085919579472431e-05,2.3460497663423367e-12,2.2088024687187507e-07,94149.855659815585,0.37366893980488142,-5.3797865249303192e-13
2505,1.7272458197179336e-11,5.8651244158558416e-15,ELECTRODE_ATTACHMENT,CONFIRMED,6.8306174539227858e-05,41710204.396706618,15.840692517079138,7831477209181207,4.0091260344979041e-05,2.3460497830068882e-12,2.2085082226428144e-07,94137.312798716943,0.37371363216996645,-5.378478957803058e-13
2506,1.7278323321636853e-11,5.8651244575172221e-15,ELECTRODE_ATTACHMENT,CONFIRMED,6.8307031554186437e-05,41710204.180750951,15.84069243506354,7832516994972144,4.0096583275551282e-05,2.3460497996700482e-12,2.208215037164726e-07,94124.815145667089,0.37375818936696642,-5.3771737445208085e-13
2507,1.7284188446136029e-11,5.8651244991751214e-15,ELECTRODE_ATTACHMENT,CONFIRMED,6.8307887785717887e-05,41710203.964813322,15.840692353054793,7833553305075535,4.0101888413225095e-05,2.3460498163318168e-12,2.2079229091565678e-07,94112.362567338045,0.37380261173078039,-5.3758709090664831e-13
2508,1.7290053570676859e-11,5.8651245408295426e-15,ELECTRODE_ATTACHMENT,CONFIRMED,6.830874323369041e-05,41710203.748893641,15.840692271052863,7834586147738376,4.0107175800218859e-05,2.3460498329922009e-12,2.2076318354860789e-07,94099.954930216438,0.37384689959758055,-5.3745704754860525e-13
2509,1.7295918695259338e-11,5.8651245824805022e-15,ELECTRODE_ATTACHMENT,CONFIRMED,6.8309597897969401e-05,41710203.532991938,15.84069218905776,7835615531243378,4.0112445478933796e-05,2.3460498496511976e-12,2.2073418130166191e-07,94087.592100602589,0.37389105330481998,-5.3732724678886105e-13
2510,1.7301783819883467e-11,5.8651246241279948e-15,ELECTRODE_ATTACHMENT,CONFIRMED,6.8310451778417304e-05,41710203.317108169,15.840692107069469,7836641463909035,4.0117697491954326e-05,2.3460498663088105e-12,2.2070528386071318e-07,94075.273944608358,0.37393507319122993,-5.3719769104463649e-13
2511,1.730764894454924e-11,5.8651246657720267e-15,ELECTRODE_ATTACHMENT,CONFIRMED,6.831130487489374e-05,41710203.101242393,15.840692025088011,7837663954089695,4.0122931882048374e-05,2.3460498829650356e-12,2.2067649091121135e-07,94063.00032815637,0.37397895959682603,-5.3706838273947079e-13
2512,1.7313514069256652e-11,5.86512470741259e-15,ELECTRODE_ATTACHMENT,CONFIRMED,6.8312157187255446e-05,41710202.885394424,15.840691943113315,7838683010175631,4.0128148692167817e-05,2.3460498996198875e-12,2.2064780213815732e-07,94050.771116977179,0.37402271286290423,-5.3693932430321579e-13
2513,1.7319379194005702e-11,5.8651247490497193e-15,ELECTRODE_ATTACHMENT,CONFIRMED,6.8313008715356271e-05,41710202.669564389,15.84069186114543,7839698640593110,4.0133347965448776e-05,2.3460499162733548e-12,2.2061921722609998e-07,94038.586176609751,0.37406633333205347,-5.3681051817204694e-13
2514,1.7325244318796385e-11,5.8651247906833887e-15,ELECTRODE_ATTACHMENT,CONFIRMED,6.831385945904722e-05,41710202.453752235,15.840691779184336,7840710853804464,4.0138529745211999e-05,2.3460499329254441e-12,2.2059073585913269e-07,94026.445372398186,0.37410982134814802,-5.366819667884558e-13
2515,1.7331109443628698e-11,5.8651248323136108e-15,ELECTRODE_ATTACHMENT,CONFIRMED,6.8314709418176381e-05,41710202.237957999,15.840691697230048,7841719658308159,4.0143694074963212e-05,2.3460499495761492e-12,2.2056235772088979e-07,94014.348569491398,0.37415317725635688,-5.3655367260125536e-13
2516,1.7336974568502639e-11,5.8651248739403729e-15,ELECTRODE_ATTACHMENT,CONFIRMED,6.8315558592589039e-05,41710202.022181466,15.840691615282482,7842725062638866,4.0148840998393473e-05,2.3460499662254899e-12,2.2053408249454311e-07,94002.295632840134,0.37419640140313593,-5.3642563806557371e-13
2517,1.7342839693418204e-11,5.8651249155637256e-15,ELECTRODE_ATTACHMENT,CONFIRMED,6.8316406982127484e-05,41710201.8064228,15.840691533341701,7843727075367531,4.0153970559379576e-05,2.3460499828734517e-12,2.2050590986279807e-07,93990.286427197745,0.37423949413624685,-5.3629786564286256e-13
2518,1.7348704818375386e-11,5.8651249571836293e-15,ELECTRODE_ATTACHMENT,CONFIRMED,6.8317254586631226e-05,41710201.590681858,15.840691451407652,7844725705101441,4.0159082801984303e-05,2.3460499995200467e-12,2.2047783950789098e-07,93978.320817116502,0.37428245580474218,-5.3617035780088502e-13
2519,1.7354569943374186e-11,5.8651249988001173e-15,ELECTRODE_ATTACHMENT,CONFIRMED,6.8318101405936835e-05,41710201.374958679,15.84069136948035,7845720960484297,4.0164177770456894e-05,2.3460500161652701e-12,2.2044987111158479e-07,93966.398666947673,0.37432528675897997,-5.3604311701372244e-13
2520,1.7360435068414601e-11,5.8651250404131762e-15,ELECTRODE_ATTACHMENT,CONFIRMED,6.8318947439878022e-05,41710201.159253269,15.840691287559796,7846712850196280,4.0169255509233313e-05,2.3460500328091239e-12,2.20422004355166e-07,93954.519840839072,0.37436798735061988,-5.3591614576176525e-13
2521,1.7366300193496623e-11,5.8651250820228098e-15,ELECTRODE_ATTACHMENT,CONFIRMED,6.8319792688285638e-05,41710200.94356548,15.840691205645934,7847701382954122,4.0174316062936631e-05,2.3460500494516181e-12,2.2039423891944121e-07,93942.684202733726,0.37441055793262396,-5.3578944653171113e-13
2522,1.7372165318620252e-11,5.8651251236290457e-15,ELECTRODE_ATTACHMENT,CONFIRMED,6.8320637150987647e-05,41710200.727895409,15.840691123738798,7848686567511173,4.0179359476377419e-05,2.3460500660927456e-12,2.2036657448473334e-07,93930.891616369132,0.37445299885926697,-5.3566302181656289e-13
2523,1.7378030443785484e-11,5.8651251652318644e-15,ELECTRODE_ATTACHMENT,CONFIRMED,6.8321480827809099e-05,41710200.51224298,15.840691041838365,7849668412657470,4.0184385794554005e-05,2.3460500827325107e-12,2.2033901073087861e-07,93919.141945274911,0.37449531048612983,-5.3553687411562111e-13
2524,1.7383895568992316e-11,5.8651252068312767e-15,ELECTRODE_ATTACHMENT,CONFIRMED,6.8322323718572199e-05,41710200.296608157,15.840690959944618,7850646927219804,4.0189395062652904e-05,2.3460500993709188e-12,2.2031154733722273e-07,93907.435052771529,0.37453749317010593,-5.3541100593447908e-13
2525,1.7389760694240744e-11,5.8651252484272977e-15,ELECTRODE_ATTACHMENT,CONFIRMED,6.8323165823096224e-05,41710200.080990866,15.840690878057529,7851622120061789,4.0194387326049111e-05,2.3460501160079746e-12,2.2028418398261774e-07,93895.770801969076,0.37457954726940235,-5.3528541978501632e-13
2526,1.7395625819530763e-11,5.8651252900199369e-15,ELECTRODE_ATTACHMENT,CONFIRMED,6.8324007141197591e-05,41710199.865391105,15.8406907961771,7852594000083927,4.0199362630306492e-05,2.3460501326436769e-12,2.2025692034541825e-07,93884.149055765869,0.37462147314354444,-5.3516011818539236e-13
2527,1.740149094486237e-11,5.8651253316091926e-15,ELECTRODE_ATTACHMENT,CONFIRMED,6.8324847672689886e-05,41710199.649808921,15.840690714303342,7853562576223677,4.0204321021178088e-05,2.3460501492780238e-12,2.2022975610347841e-07,93872.569676846921,0.37466327115337633,-5.3503510366003895e-13
2528,1.7407356070235567e-11,5.8651253731950602e-15,ELECTRODE_ATTACHMENT,CONFIRMED,6.8325687417383697e-05,41710199.434244193,15.840690632436218,7854527857455522,4.0209262544606472e-05,2.3460501659110232e-12,2.2020269093414821e-07,93861.032527681964,0.37470494166106044,-5.3491037873964872e-13
2529,1.7413221195650345e-11,5.8651254147775585e-15,ELECTRODE_ATTACHMENT,CONFIRMED,6.8326526375086865e-05,41710199.218696915,15.840690550575717,7855489852791034,4.0214187246724078e-05,2.3460501825426781e-12,2.2017572451427023e-07,93849.537470524636,0.37474648503008334,-5.3478594596116795e-13
2530,1.7419086321106701e-11,5.8651254563566963e-15,ELECTRODE_ATTACHMENT,CONFIRMED,6.8327364545604219e-05,41710199.0031671,15.840690468721851,7856448571278941,4.0219095173853562e-05,2.3460501991729844e-12,2.2014885652017625e-07,93838.084367411153,0.37478790162525838,-5.3466180786778595e-13
2531,1.7424951446604634e-11,5.8651254979324618e-15,ELECTRODE_ATTACHMENT,CONFIRMED,6.832820192873781e-05,41710198.787654623,15.840690386874568,7857404022005191,4.0223986372508124e-05,2.3460502158019533e-12,2.2012208662768367e-07,93826.673080157852,0.37482919181272267,-5.3453796700892244e-13
2532,1.7430816572144138e-11,5.865125539504884e-15,ELECTRODE_ATTACHMENT,CONFIRMED,6.8329038524286763e-05,41710198.572159559,15.840690305033899,7858356214093018,4.0228860889391839e-05,2.3460502324295794e-12,2.2009541451209244e-07,93815.303470361207,0.37487035595994683,-5.3441442594021796e-13
2533,1.7436681697725212e-11,5.8651255810739496e-15,ELECTRODE_ATTACHMENT,CONFIRMED,6.832987433204729e-05,41710198.356681786,15.840690223199797,7859305156703008,4.0233718771399976e-05,2.3460502490558709e-12,2.2006883984818164e-07,93803.975399395087,0.37491139443572907,-5.3429118722351641e-13
2534,1.7442546823347851e-11,5.8651256226396784e-15,ELECTRODE_ATTACHMENT,CONFIRMED,6.8330709351812754e-05,41710198.141221173,15.84069014137221,7860250859033163,4.0238560065619387e-05,2.3460502656808385e-12,2.2004236231020583e-07,93792.688728409732,0.37495230761020099,-5.3416825342685381e-13
2535,1.7448411949012053e-11,5.8651256642020971e-15,ELECTRODE_ATTACHMENT,CONFIRMED,6.833154358337366e-05,41710197.925777942,15.840690059551227,7861193330318962,4.0243384819328713e-05,2.3460502823044659e-12,2.2001598157189241e-07,93781.443318331731,0.37499309585483692,-5.3404562712444673e-13
2536,1.7454277074717815e-11,5.8651257057611655e-15,ELECTRODE_ATTACHMENT,CONFIRMED,6.8332377026517586e-05,41710197.710351817,15.840689977736739,7862132579833428,4.0248193079998853e-05,2.3460502989267734e-12,2.199896973064375e-07,93770.23902985976,0.37503375954243923,-5.339233108966673e-13
2537,1.7460142200465132e-11,5.8651257473169341e-15,ELECTRODE_ATTACHMENT,CONFIRMED,6.8333209681029265e-05,41710197.494942941,15.840689895928801,7863068616887189,4.0252984895293183e-05,2.3460503155477497e-12,2.199635091865033e-07,93759.075723466231,0.37507429904715822,-5.338013073300352e-13
2538,1.7466007326254003e-11,5.865125788869376e-15,ELECTRODE_ATTACHMENT,CONFIRMED,6.8334041546690526e-05,41710197.279551208,15.840689814127375,7864001450828541,4.0257760313067941e-05,2.3460503321674044e-12,2.1993741688421427e-07,93747.953259393442,0.37511471474448121,-5.3367961901719306e-13
2539,1.747187245208442e-11,5.8651258304185119e-15,ELECTRODE_ATTACHMENT,CONFIRMED,6.8334872623280357e-05,41710197.064176463,15.8406897323324,7864931091043510,4.0262519381372473e-05,2.3460503487857476e-12,2.1991142007115448e-07,93736.871497653367,0.37515500701123827,-5.3355824855688901e-13
2540,1.7477737577956383e-11,5.86512587196437e-15,ELECTRODE_ATTACHMENT,CONFIRMED,6.8335702910574814e-05,41710196.848818831,15.840689650543926,7865857546955912,4.0267262148449621e-05,2.3460503654027709e-12,2.1988551841836375e-07,93725.830298026747,0.37519517622561083,-5.3343719855396025e-13
2541,1.748360270386989e-11,5.8651259135069276e-15,ELECTRODE_ATTACHMENT,CONFIRMED,6.8336532408347123e-05,41710196.63347818,15.840689568761899,7866780828027416,4.027198866273597e-05,2.346050382018484e-12,2.1985971159633493e-07,93714.829520060448,0.37523522276712334,-5.3331647161930504e-13
2542,1.7489467829824936e-11,5.8651259550462105e-15,ELECTRODE_ATTACHMENT,CONFIRMED,6.8337361116367637e-05,41710196.418154478,15.840689486986308,7867700943757602,4.0276698972862207e-05,2.3460503986328905e-12,2.1983399927501035e-07,93703.869023066931,0.37527514701665127,-5.3319607036986414e-13
2543,1.7495332955821519e-11,5.8651259965822268e-15,ELECTRODE_ATTACHMENT,CONFIRMED,6.8338189034403807e-05,41710196.202847727,15.840689405217157,7868617903684022,4.0281393127653399e-05,2.3460504152459883e-12,2.1980838112377876e-07,93692.948666122931,0.3753149493564234,-5.3307599742859729e-13
2544,1.7501198081859633e-11,5.8651260381149717e-15,ELECTRODE_ATTACHMENT,CONFIRMED,6.8339016162220214e-05,41710195.987557821,15.840689323454402,7869531717382257,4.0286071176129288e-05,2.3460504318577864e-12,2.1978285681147219e-07,93682.068308067406,0.37535463017001935,-5.32956255424454e-13
2545,1.7507063207939277e-11,5.8651260796444657e-15,ELECTRODE_ATTACHMENT,CONFIRMED,6.8339842499578603e-05,41710195.772284709,15.840689241698026,7870442394465977,4.0290733167504601e-05,2.3460504484682892e-12,2.1975742600636282e-07,93671.227807500924,0.37539418984237516,-5.3283684699235148e-13
2546,1.7512928334060448e-11,5.8651261211707238e-15,ELECTRODE_ATTACHMENT,CONFIRMED,6.8340668046237848e-05,41710195.557028472,15.840689159948058,7871349944586997,4.029537915118936e-05,2.3460504650774911e-12,2.1973208837615963e-07,93660.427022784352,0.37543362875978714,-5.3271777477314643e-13
2547,1.7518793460223142e-11,5.8651261626937287e-15,ELECTRODE_ATTACHMENT,CONFIRMED,6.8341492801953895e-05,41710195.341788895,15.840689078204418,7872254377435336,4.0300009176789154e-05,2.3460504816854061e-12,2.1970684358800549e-07,93649.665812036474,0.37547294730990505,-5.3259904141360132e-13
2548,1.7524658586427355e-11,5.8651262042135157e-15,ELECTRODE_ATTACHMENT,CONFIRMED,6.8342316766479939e-05,41710195.126566045,15.840688996467129,7873155702739270,4.0304623294105387e-05,2.3460504982920307e-12,2.1968169130847427e-07,93638.944033134292,0.3755121458817447,-5.324806495663605e-13
2549,1.7530523712673084e-11,5.8651262457300772e-15,ELECTRODE_ATTACHMENT,CONFIRMED,6.8343139939566194e-05,41710194.911359847,15.840688914736166,7874053930265390,4.0309221553135643e-05,2.3460505148973721e-12,2.1965663120356725e-07,93628.26154371025,0.3755512248656816,-5.3236260188991378e-13
2550,1.7536388838960327e-11,5.8651262872434303e-15,ELECTRODE_ATTACHMENT,CONFIRMED,6.8343962320960107e-05,41710194.696170263,15.840688833011512,7874949069818655,4.0313804004073915e-05,2.3460505315014312e-12,2.1963166293871053e-07,93617.618201151927,0.37559018465345723,-5.3224490104856468e-13
2551,1.7542253965289082e-11,5.865126328753579e-15,ELECTRODE_ATTACHMENT,CONFIRMED,6.8344783910406228e-05,41710194.480997145,15.840688751293111,7875841131242444,4.031837069731089e-05,2.34605054810422e-12,2.196067861787517e-07,93607.013862599852,0.37562902563817674,-5.3212754971239447e-13
2552,1.7548119091659344e-11,5.8651263702605511e-15,ELECTRODE_ATTACHMENT,CONFIRMED,6.8345604707646258e-05,41710194.26584062,15.840688669581011,7876730124418613,4.0322921683434175e-05,2.3460505647057284e-12,2.1958200058795735e-07,93596.448384947798,0.3756677482143182,-5.3201055055722881e-13
2553,1.7553984218071107e-11,5.8651264117643219e-15,ELECTRODE_ATTACHMENT,CONFIRMED,6.8346424712419042e-05,41710194.050700434,15.840688587875118,7877616059267542,4.0327457013228654e-05,2.3460505813059771e-12,2.1955730583000939e-07,93585.921624839102,0.37570635277772191,-5.3189390626459471e-13
2554,1.7559849344524372e-11,5.8651264532649436e-15,ELECTRODE_ATTACHMENT,CONFIRMED,6.8347243924460601e-05,41710193.83557675,15.840688506175491,7878498945748190,4.0331976737676685e-05,2.3460505979049511e-12,2.1953270156800265e-07,93575.433438668275,0.37574483972560824,-5.3177761952168835e-13
2555,1.7565714471019134e-11,5.8651264947623783e-15,ELECTRODE_ATTACHMENT,CONFIRMED,6.8348062343504115e-05,41710193.620469347,15.840688424482048,7879378793858142,4.0336480907958341e-05,2.3460506145026701e-12,2.1950818746444188e-07,93564.983682576916,0.37578320945656091,-5.3166169302132461e-13
2556,1.7571579597555392e-11,5.8651265362566765e-15,ELECTRODE_ATTACHMENT,CONFIRMED,6.8348879969279888e-05,41710193.405378304,15.840688342794817,7880255613633659,4.0340969575451715e-05,2.3460506310991282e-12,2.1948376318123871e-07,93554.572212454863,0.37582146237054531,-5.3154612946190257e-13
2557,1.757744472413314e-11,5.8651265777478216e-15,ELECTRODE_ATTACHMENT,CONFIRMED,6.8349696801515392e-05,41710193.190303437,15.84068826111373,7881129415149728,4.0345442791733131e-05,2.3460506476943359e-12,2.1945942837970893e-07,93544.198883937323,0.37585959886889758,-5.314309315473554e-13
2558,1.7583309850752377e-11,5.8651266192358404e-15,ELECTRODE_ATTACHMENT,CONFIRMED,6.8350512839935335e-05,41710192.975244738,15.840688179438784,7882000208520104,4.0349900608577382e-05,2.3460506642882983e-12,2.1943518272056961e-07,93533.863552404495,0.37589761935433286,-5.3131610198710611e-13
2559,1.7589174977413099e-11,5.8651266607207464e-15,ELECTRODE_ATTACHMENT,CONFIRMED,6.8351328084261496e-05,41710192.760202147,15.840688097769954,7882868003897361,4.0354343077957984e-05,2.3460506808810171e-12,2.1941102586393635e-07,93523.566072980349,0.37593552423094584,-5.3120164349602005e-13
2560,1.7595040104115303e-11,5.8651267022025443e-15,ELECTRODE_ATTACHMENT,CONFIRMED,6.835214253421292e-05,41710192.545175686,15.840688016107251,7883732811472935,4.0358770252047408e-05,2.3460506974724924e-12,2.1938695746932045e-07,93513.306300531374,0.37597331390421179,-5.3108755879435376e-13
2561,1.7600905230858986e-11,5.8651267436812302e-15,ELECTRODE_ATTACHMENT,CONFIRMED,6.8352956189505787e-05,41710192.33016526,15.840687934450637,7884594641477165,4.0363182183217269e-05,2.3460507140627297e-12,2.1936297719562634e-07,93503.084089665135,0.3760109887809856,-5.3097385060770139e-13
2562,1.7606770357644144e-11,5.8651267851568245e-15,ELECTRODE_ATTACHMENT,CONFIRMED,6.8353769049853423e-05,41710192.115170717,15.840687852800055,7885453504179339,4.0367578924038545e-05,2.3460507306517415e-12,2.1933908470114882e-07,93492.899294729068,0.37604854926950326,-5.3086052166694229e-13
2563,1.7612635484470774e-11,5.8651268266293548e-15,ELECTRODE_ATTACHMENT,CONFIRMED,6.8354581114966439e-05,41710191.900192127,15.840687771155531,7886309409887733,4.0371960527281868e-05,2.3460507472395235e-12,2.1931527964357019e-07,93482.751769810231,0.37608599577938945,-5.3074757470818664e-13
2564,1.7618500611338872e-11,5.8651268680988102e-15,ELECTRODE_ATTACHMENT,CONFIRMED,6.8355392384552563e-05,41710191.685229301,15.840687689516995,7887162368949651,4.0376327045917597e-05,2.346050763826089e-12,2.1929156167995813e-07,93472.641368732991,0.37612332872164894,-5.3063501247271172e-13
2565,1.7624365738248437e-11,5.8651269095652229e-15,ELECTRODE_ATTACHMENT,CONFIRMED,6.8356202858316781e-05,41710191.470282383,15.840687607884501,7888012391751466,4.0380678533116158e-05,2.346050780411427e-12,2.1926793046676244e-07,93462.567945059316,0.3761605485086798,-5.3052283770691063e-13
2566,1.7630230865199467e-11,5.865126951028567e-15,ELECTRODE_ATTACHMENT,CONFIRMED,6.8357012535961225e-05,41710191.255351052,15.840687526257927,7888859488718653,4.0385015042248074e-05,2.346050796995563e-12,2.1924438565981336e-07,93452.531352085643,0.37619765555425733,-5.3041105316221723e-13
2567,1.7636095992191956e-11,5.8651269924889079e-15,ELECTRODE_ATTACHMENT,CONFIRMED,6.8357821417185284e-05,41710191.040435515,15.84068744463735,7889703670315828,4.0389336626884315e-05,2.3460508135784797e-12,2.1922092691431817e-07,93442.531442844571,0.37623465027355751,-5.302996615950555e-13
2568,1.7641961119225902e-11,5.865127033946199e-15,ELECTRODE_ATTACHMENT,CONFIRMED,6.8358629501685572e-05,41710190.825535484,15.840687363022662,7890544947046781,4.0393643340796351e-05,2.3460508301602012e-12,2.1919755388485942e-07,93432.568070100766,0.37627153308313432,-5.3018866576675941e-13
2569,1.7647826246301303e-11,5.8651270754005035e-15,ELECTRODE_ATTACHMENT,CONFIRMED,6.8359436789155843e-05,41710190.610650972,15.840687281413867,7891383329454510,4.0397935237956374e-05,2.3460508467407248e-12,2.1917426622539215e-07,93422.641086352509,0.37630830440093971,-5.3007806844351261e-13
2570,1.7653691373418154e-11,5.865127116851812e-15,ELECTRODE_ATTACHMENT,CONFIRMED,6.836024327928718e-05,41710190.395781957,15.84068719981096,7892218828121251,4.040221237253744e-05,2.3460508633200532e-12,2.1915106358924172e-07,93412.750343829466,0.37634496464631584,-5.2996787239627363e-13
2571,1.7659556500576454e-11,5.865127158300133e-15,ELECTRODE_ATTACHMENT,CONFIRMED,6.8361048971767903e-05,41710190.180928372,15.840687118213911,7893051453668509,4.0406474798913638e-05,2.3460508798981918e-12,2.1912794562910134e-07,93402.89569449173,0.37638151423999616,-5.2985808040069991e-13
2572,1.76654216277762e-11,5.86512719974548e-15,ELECTRODE_ATTACHMENT,CONFIRMED,6.8361853866283484e-05,41710189.966090135,15.840687036622692,7893881216757086,4.0410722571660262e-05,2.3460508964751449e-12,2.1910491199702964e-07,93393.076990028945,0.37641795360410774,-5.2974869523707313e-13
2573,1.7671286755017387e-11,5.865127241187864e-15,ELECTRODE_ATTACHMENT,CONFIRMED,6.8362657962516726e-05,41710189.751267061,15.84068695503723,7894708128087106,4.0414955745553855e-05,2.3460509130509292e-12,2.1908196234444896e-07,93383.294081859101,0.37645428316216833,-5.2963971969021637e-13
2574,1.7677151882300013e-11,5.8651272826273245e-15,ELECTRODE_ATTACHMENT,CONFIRMED,6.8363461260147681e-05,41710189.536459282,15.840686873457578,7895532198398042,4.0419174375572393e-05,2.346050929625534e-12,2.1905909632214284e-07,93373.546821128926,0.37649050333909739,-5.2953115654941861e-13
2575,1.7683017009624076e-11,5.8651273240638347e-15,ELECTRODE_ATTACHMENT,CONFIRMED,6.8364263758853623e-05,41710189.321666673,15.840686791883686,7896353438468738,4.0423378516895469e-05,2.3460509461989676e-12,2.1903631358025354e-07,93363.835058711105,0.37652661456120473,-5.2942300860834312e-13
2576,1.7688882136989572e-11,5.8651273654974198e-15,ELECTRODE_ATTACHMENT,CONFIRMED,6.8365065458309197e-05,41710189.106889054,15.840686710315488,7897171859117430,4.0427568224904261e-05,2.3460509627712456e-12,2.1901361376828072e-07,93354.158645204123,0.37656261725619367,-5.2931527866494004e-13
2577,1.7694747264396501e-11,5.8651274069281145e-15,ELECTRODE_ATTACHMENT,CONFIRMED,6.83658663581862e-05,41710188.892126493,15.840686628753009,7897987471201766,4.0431743555181734e-05,2.3460509793423612e-12,2.1899099653507888e-07,93344.517430932319,0.37659851185316995,-5.2920796952136133e-13
2578,1.7700612391844858e-11,5.865127448355903e-15,ELECTRODE_ATTACHMENT,CONFIRMED,6.836666645815383e-05,41710188.677378818,15.840686547196182,7898800285618823,4.0435904563512718e-05,2.3460509959123281e-12,2.1896846152885533e-07,93334.911265943418,0.37663429878263033,-5.2910108398386066e-13
2579,1.7706477519334638e-11,5.8651274897808209e-15,ELECTRODE_ATTACHMENT,CONFIRMED,6.8367465757878559e-05,41710188.462646052,15.840686465645017,7899610313305123,4.0440051305883938e-05,2.346051012481146e-12,2.1894600839716878e-07,93325.340000009208,0.37666997847647243,-5.2899462486270164e-13
2580,1.7712342646865841e-11,5.8651275312028657e-15,ELECTRODE_ATTACHMENT,CONFIRMED,6.836826425702412e-05,41710188.247928031,15.840686384099454,7900417565236646,4.0444183838484157e-05,2.3460510290488256e-12,2.1892363678692681e-07,93315.80348262348,0.37670555136798828,-5.2888859497205391e-13
2581,1.7718207774438462e-11,5.8651275726220643e-15,ELECTRODE_ATTACHMENT,CONFIRMED,6.8369061955251634e-05,41710188.033224754,15.84068630255949,7901222052428841,4.0448302217704126e-05,2.3460510456153683e-12,2.1890134634438485e-07,93306.301563002489,0.3767410178918692,-5.2878299712989371e-13
2582,1.77240729020525e-11,5.8651276140384207e-15,ELECTRODE_ATTACHMENT,CONFIRMED,6.8369858852219549e-05,41710187.818536058,15.840686221025063,7902023785936636,4.0452406500136759e-05,2.3460510621807857e-12,2.1887913671514367e-07,93296.834090082964,0.37677637848420226,-5.2867783415789547e-13
2583,1.7729938029707952e-11,5.8651276554519648e-15,ELECTRODE_ATTACHMENT,CONFIRMED,6.8370654947583591e-05,41710187.603861973,15.840686139496183,7902822776854445,4.0456496742577085e-05,2.3460510787450763e-12,2.1885700754414822e-07,93287.400912522673,0.37681163358247505,-5.2857310888132334e-13
2584,1.7735803157404815e-11,5.8651276968626918e-15,ELECTRODE_ATTACHMENT,CONFIRMED,6.837145024099691e-05,41710187.389202416,15.840686057972823,7903619036316171,4.0460573002022298e-05,2.3460510953082456e-12,2.1883495847568573e-07,93278.00187869872,0.37684678362557089,-5.2846882412891732e-13
2585,1.7741668285143085e-11,5.8651277382706153e-15,ELECTRODE_ATTACHMENT,CONFIRMED,6.8372244732109973e-05,41710187.174557194,15.840685976454907,7904412575495211,4.0464635335671745e-05,2.3460511118703103e-12,2.1881298915338449e-07,93268.636836706937,0.37688182905376794,-5.2836498273277601e-13
2586,1.774753341292276e-11,5.8651277796757761e-15,ELECTRODE_ATTACHMENT,CONFIRMED,6.837303842057063e-05,41710186.959926456,15.84068589494249,7905203405604453,4.046868380092696e-05,2.3460511284312562e-12,2.1879109922021211e-07,93259.30563436274,0.37691677030874898,-5.2826158752824089e-13
2587,1.7753398540743838e-11,5.8651278210781404e-15,ELECTRODE_ATTACHMENT,CONFIRMED,6.8373831306024185e-05,41710186.745309845,15.84068581343544,7905991537896276,4.0472718455391637e-05,2.3460511449911128e-12,2.187692883184741e-07,93250.008119197606,0.37695160783358267,-5.2815864135376295e-13
2588,1.7759263668606315e-11,5.8651278624777832e-15,ELECTRODE_ATTACHMENT,CONFIRMED,6.8374623388113245e-05,41710186.530707441,15.840685731933785,7906776983662545,4.0476739356871615e-05,2.3460511615498736e-12,2.1874755608981265e-07,93240.744138461712,0.37698634207274379,-5.2805614705078756e-13
2589,1.7765128796510189e-11,5.8651279038746855e-15,ELECTRODE_ATTACHMENT,CONFIRMED,6.8375414666477881e-05,41710186.316119187,15.840685650437504,7907559754234600,4.0480746563374799e-05,2.3460511781075422e-12,2.1872590217520544e-07,93231.513539121574,0.37702097347210028,-5.2795410746361334e-13
2590,1.7770993924455458e-11,5.8651279452688567e-15,ELECTRODE_ATTACHMENT,CONFIRMED,6.837620514075559e-05,41710186.101544939,15.840685568946542,7908339860983250,4.0484740133111145e-05,2.3460511946641313e-12,2.1870432621496438e-07,93222.316167859608,0.37705550247891262,-5.2785252543925983e-13
2591,1.7776859052442118e-11,5.8651279866603284e-15,ELECTRODE_ATTACHMENT,CONFIRMED,6.8376994810581267e-05,41710185.886984646,15.840685487460879,7909117315318756,4.0488720124492612e-05,2.3460512112196427e-12,2.1868282784873427e-07,93213.151871074253,0.37708992954183962,-5.277514038273287e-13
2592,1.7782724180470167e-11,5.8651280280491078e-15,ELECTRODE_ATTACHMENT,CONFIRMED,6.8377783675587327e-05,41710185.672438167,15.840685405980464,7909892128690818,4.0492686596132987e-05,2.3460512277740895e-12,2.1866140671549235e-07,93204.020494879034,0.37712425511093056,-5.2765074547985782e-13
2593,1.7788589308539603e-11,5.8651280694352248e-15,ELECTRODE_ATTACHMENT,CONFIRMED,6.8378571735403624e-05,41710185.457905538,15.840685324505307,7910664312588554,4.0496639606847927e-05,2.346051244327468e-12,2.1864006245354661e-07,93194.921885102798,0.37715847963763283,-5.2755055325117809e-13
2594,1.7794454436650421e-11,5.8651281108186706e-15,ELECTRODE_ATTACHMENT,CONFIRMED,6.8379358989657449e-05,41710185.243386619,15.840685243035358,7911433878540480,4.0500579215654716e-05,2.3460512608797874e-12,2.1861879470053569e-07,93185.85588728865,0.37719260357478124,-5.2745082999775368e-13
2595,1.7800319564802621e-11,5.8651281521994699e-15,ELECTRODE_ATTACHMENT,CONFIRMED,6.8380145437973696e-05,41710185.028881267,15.840685161570562,7912200838114484,4.0504505481772234e-05,2.346051277431062e-12,2.1859760309342739e-07,93176.822346693487,0.37722662737660145,-5.2735157857803039e-13
2596,1.7806184692996199e-11,5.8651281935776556e-15,ELECTRODE_ATTACHMENT,CONFIRMED,6.8380931079974655e-05,41710184.814389415,15.840685080110891,7912965202917797,4.0508418464620715e-05,2.3460512939812945e-12,2.1857648726851877e-07,93167.82110828883,0.37726055149871079,-5.2725280185227307e-13
2597,1.7812049821231153e-11,5.8651282349532373e-15,ELECTRODE_ATTACHMENT,CONFIRMED,6.8381715915280246e-05,41710184.599911116,15.84068499865637,7913726984596964,4.0512318223821725e-05,2.346051310530481e-12,2.1855544686143467e-07,93158.852016759891,0.37729437639811758,-5.2715450268240123e-13
2598,1.7817914949507478e-11,5.8651282763262024e-15,ELECTRODE_ATTACHMENT,CONFIRMED,6.8382499943507881e-05,41710184.385446109,15.840684917206895,7914486194837807,4.0516204819197846e-05,2.3460513270786419e-12,2.1853448150712796e-07,93149.914916504495,0.37732810253320975,-5.2705668393181141e-13
2599,1.7823780077825175e-11,5.8651283176966053e-15,ELECTRODE_ATTACHMENT,CONFIRMED,6.8383283164272546e-05,41710184.170994371,15.84068483576246,7915242845365387,4.0520078310772538e-05,2.3460513436257794e-12,2.1851359083987887e-07,93141.009651634522,0.37736173036376591,-5.2695934846520953e-13
2600,1.7829645206184241e-11,5.8651283590644498e-15,ELECTRODE_ATTACHMENT,CONFIRMED,6.8384065577186816e-05,41710183.956555776,15.840684754323016,7915996947943965,4.0523938758769957e-05,2.3460513601719039e-12,2.1849277449329449e-07,93132.136065974584,0.37739526035094595,-5.268624991484247e-13
2601,1.783551033458467e-11,5.8651284004297598e-15,ELECTRODE_ATTACHMENT,CONFIRMED,6.8384847181860879e-05,41710183.742130339,15.840684672888569,7916748514376954,4.0527786223614669e-05,2.3460513767170126e-12,2.1847203210030891e-07,93123.294003062925,0.37742869295729459,-5.2676613884822632e-13
2602,1.7841375463026464e-11,5.8651284417925328e-15,ELECTRODE_ATTACHMENT,CONFIRMED,6.8385627977902524e-05,41710183.527717903,15.840684591459059,7917497556506872,4.0531620765931445e-05,2.3460513932611184e-12,2.1845136329318277e-07,93114.48330615017,0.37746202864673251,-5.2667027043212869e-13
2603,1.7847240591509616e-11,5.8651284831527972e-15,ELECTRODE_ATTACHMENT,CONFIRMED,6.8386407964917212e-05,41710183.313318372,15.840684510034452,7918244086215287,4.0535442446544941e-05,2.3460514098042282e-12,2.1843076770350367e-07,93105.703818200273,0.37749526788455912,-5.2657489676819722e-13
2604,1.7853105720034128e-11,5.8651285245105712e-15,ELECTRODE_ATTACHMENT,CONFIRMED,6.8387187142508014e-05,41710183.09893173,15.840684428614738,7918988115422763,4.053925132647945e-05,2.3460514263463448e-12,2.1841024496218601e-07,93096.95538189041,0.37752841113745084,-5.2648002072484586e-13
2605,1.7858970848599993e-11,5.8651285658658618e-15,ELECTRODE_ATTACHMENT,CONFIRMED,6.8387965510275728e-05,41710182.884557731,15.840684347199828,7919729656088798,4.0543047466958601e-05,2.3460514428874848e-12,2.1838979469947111e-07,93088.237839610301,0.37756145887345277,-5.2638564517062611e-13
2606,1.7864835977207213e-11,5.8651286072187125e-15,ELECTRODE_ATTACHMENT,CONFIRMED,6.8388743067818847e-05,41710182.670196444,15.840684265789744,7920468720211760,4.0546830929404982e-05,2.3460514594276453e-12,2.1836941654492786e-07,93079.551033463853,0.37759441156198603,-5.2629177297401818e-13
2607,1.7870701105855782e-11,5.8651286485691138e-15,ELECTRODE_ATTACHMENT,CONFIRMED,6.838951981473356e-05,41710182.455847703,15.840684184384424,7921205319828817,4.0550601775439819e-05,2.3460514759668373e-12,2.1834911012745302e-07,93070.894805267904,0.37762726967383542,-5.2619840700320622e-13
2608,1.7876566234545698e-11,5.865128689917094e-15,ELECTRODE_ATTACHMENT,CONFIRMED,6.8390295750613846e-05,41710182.241511285,15.840684102983785,7921939467015864,4.0554360066882592e-05,2.346051492505079e-12,2.1832887507527179e-07,93062.268996552782,0.37766003368114864,-5.2610555012585305e-13
2609,1.788243136327696e-11,5.8651287312626974e-15,ELECTRODE_ATTACHMENT,CONFIRMED,6.839107087505145e-05,41710182.027187407,15.840684021587908,7922671173887447,4.0558105865750621e-05,2.3460515090423529e-12,2.1830871101593871e-07,93053.673448564339,0.37769270405744465,-5.2601320520887448e-13
2610,1.7888296492049564e-11,5.865128772605883e-15,ELECTRODE_ATTACHMENT,CONFIRMED,6.8391845187635851e-05,41710181.812875696,15.840683940196653,7923400452596679,4.056183923425868e-05,2.3460515255786897e-12,2.1828861757633812e-07,93045.108002260895,0.37772528127758837,-5.2592137511818841e-13
2611,1.7894161620863512e-11,5.8651288139467257e-15,ELECTRODE_ATTACHMENT,CONFIRMED,6.8392618687954429e-05,41710181.598576114,15.840683858810003,7924127315335154,4.0565560234818581e-05,2.3460515421140887e-12,2.1826859438268519e-07,93036.572498316731,0.3777577658178079,-5.2583006271848143e-13
2612,1.7900026749718796e-11,5.8651288552852222e-15,ELECTRODE_ATTACHMENT,CONFIRMED,6.8393391375592356e-05,41710181.384288669,15.840683777427962,7924851774332855,4.0569268930038582e-05,2.3460515586485527e-12,2.182486410605275e-07,93028.066777121479,0.37779015815568262,-5.2573927087295159e-13
2613,1.7905891878615416e-11,5.8651288966213822e-15,ELECTRODE_ATTACHMENT,CONFIRMED,6.8394163250132701e-05,41710181.170013189,15.840683696050467,7925573841858058,4.0572965382722984e-05,2.3460515751820934e-12,2.1822875723474582e-07,93019.59067878018,0.37782245877013687,-5.2564900244304948e-13
2614,1.7911757007553373e-11,5.8651289379552348e-15,ELECTRODE_ATTACHMENT,CONFIRMED,6.8394934311156433e-05,41710180.955749586,15.840683614677483,7926293530217230,4.0576649655871673e-05,2.3460515917147173e-12,2.1820894252955528e-07,93011.144043114356,0.37785466814144131,-5.2555926028821448e-13
2615,1.791762213653266e-11,5.8651289792867941e-15,ELECTRODE_ATTACHMENT,CONFIRMED,6.8395704558242435e-05,41710180.741497725,15.840683533308956,7927010851754923,4.0580321812679397e-05,2.3460516082464368e-12,2.1818919656850757e-07,93002.726709662515,0.37788678675120435,-5.2547004726560021e-13
2616,1.7923487265553276e-11,5.8651290206160926e-15,ELECTRODE_ATTACHMENT,CONFIRMED,6.8396473990967529e-05,41710180.527257532,15.84068345194486,7927725818853660,4.058398191653538e-05,2.3460516247772552e-12,2.1816951897449187e-07,92994.338517681113,0.37791881508237274,-5.2538136622979657e-13
2617,1.792935239461522e-11,5.8651290619431388e-15,ELECTRODE_ATTACHMENT,CONFIRMED,6.8397242608906546e-05,41710180.313028909,15.840683370585161,7928438443933821,4.0587630031022561e-05,2.3460516413071822e-12,2.1814990936973734e-07,92985.979306145076,0.37795075361922276,-5.2529322003253992e-13
2618,1.7935217523718487e-11,5.8651291032679566e-15,ELECTRODE_ATTACHMENT,CONFIRMED,6.8398010411632295e-05,41710180.098811753,15.840683289229814,7929148739453518,4.0591266219917122e-05,2.3460516578362227e-12,2.1813036737581424e-07,92977.648913748635,0.37798260284735902,-5.2520561152242037e-13
2619,1.7941082652863077e-11,5.8651291445905568e-15,ELECTRODE_ATTACHMENT,CONFIRMED,6.8398777398715705e-05,41710179.884605996,15.840683207878797,7929856717908465,4.0594890547187654e-05,2.3460516743643855e-12,2.1811089261363717e-07,92969.347178906377,0.37801436325370602,-5.2511854354457644e-13
2620,1.7946947782048988e-11,5.8651291859109648e-15,ELECTRODE_ATTACHMENT,CONFIRMED,6.8399543569725682e-05,41710179.670411475,15.840683126532049,7930562391831847,4.0598503076994654e-05,2.3460516908916811e-12,2.180914847034661e-07,92961.073939753842,0.37804603532650538,-5.2503201894038441e-13
2621,1.7952812911276215e-11,5.8651292272292034e-15,ELECTRODE_ATTACHMENT,CONFIRMED,6.8400308924229292e-05,41710179.45622807,15.84068304518952,7931265773794177,4.0602103873689654e-05,2.3460517074181196e-12,2.1807214326490983e-07,92952.829034149006,0.37807761955530944,-5.2494604054713994e-13
2622,1.795867804054476e-11,5.8651292685452995e-15,ELECTRODE_ATTACHMENT,CONFIRMED,6.8401073461791742e-05,41710179.242055766,15.84068296385121,7931966876403150,4.0605693001814545e-05,2.3460517239437003e-12,2.1805286791692814e-07,92944.612299673623,0.37810911643097966,-5.2486061119773206e-13
2623,1.7964543169854618e-11,5.8651293098592515e-15,ELECTRODE_ATTACHMENT,CONFIRMED,6.8401837181976424e-05,41710179.02789437,15.84068288251704,7932665712303490,4.0609270526100785e-05,2.3460517404684413e-12,2.1803365827783462e-07,92936.423573633278,0.37814052644567236,-5.2477573372030197e-13
2624,1.797040829920579e-11,5.8651293511711035e-15,ELECTRODE_ATTACHMENT,CONFIRMED,6.8402600084344886e-05,41710178.81374386,15.840682801187004,7933362294176793,4.061283651146857e-05,2.3460517569923422e-12,2.1801451396529975e-07,92928.262693060184,0.37817185009284277,-5.2469141093790492e-13
2625,1.797627342859827e-11,5.8651293924808563e-15,ELECTRODE_ATTACHMENT,CONFIRMED,6.8403362168456997e-05,41710178.599604011,15.840682719861018,7934056634741358,4.0616391023026043e-05,2.3460517735154203e-12,2.1799543459635368e-07,92920.129494712877,0.37820308786722967,-5.2460764566815003e-13
2626,1.798213855803206e-11,5.8651294337885511e-15,ELECTRODE_ATTACHMENT,CONFIRMED,6.8404123433870808e-05,41710178.385474838,15.840682638539088,7934748746752016,4.0619934126068284e-05,2.3460517900376741e-12,2.1797641978739029e-07,92912.023815079505,0.3782342402648578,-5.245244407228432e-13
2627,1.7988003687507154e-11,5.8651294750941853e-15,ELECTRODE_ATTACHMENT,CONFIRMED,6.8404883880142801e-05,41710178.171356104,15.84068255722112,7935438642999950,4.0623465886076517e-05,2.3460518065591237e-12,2.1795746915417003e-07,92903.9454903773,0.37826530778302114,-5.2444179890760982e-13
2628,1.7993868817023553e-11,5.8651295163978102e-15,ELECTRODE_ATTACHMENT,CONFIRMED,6.8405643506827733e-05,41710177.957247816,15.840682475907119,7936126336312510,4.0626986368717112e-05,2.3460518230797668e-12,2.1793858231182387e-07,92895.894356556106,0.37829629092028721,-5.2435972302151771e-13
2629,1.7999733946581252e-11,5.8651295576994173e-15,ELECTRODE_ATTACHMENT,CONFIRMED,6.8406402313478805e-05,41710177.743149839,15.840682394597035,7936811839553017,4.0630495639840553e-05,2.3460518395996158e-12,2.1791975887485745e-07,92887.870249298619,0.37832719017647981,-5.2427821585668271e-13
2630,1.8005599076180252e-11,5.8651295989990396e-15,ELECTRODE_ATTACHMENT,CONFIRMED,6.8407160299647644e-05,41710177.529061988,15.840682313290797,7937495165620563,4.0633993765480505e-05,2.3460518561186824e-12,2.1790099845715467e-07,92879.873004022578,0.37835800605267639,-5.2419728019786784e-13
2631,1.801146420582055e-11,5.8651296402967071e-15,ELECTRODE_ATTACHMENT,CONFIRMED,6.8407917464884376e-05,41710177.314984255,15.840682231988401,7938176327449803,4.0637480811852623e-05,2.3460518726369691e-12,2.178823006719827e-07,92871.902455883202,0.37838873905120152,-5.241169188220738e-13
2632,1.8017329335502142e-11,5.8651296815924238e-15,ELECTRODE_ATTACHMENT,CONFIRMED,6.8408673808737579e-05,41710177.10091643,15.840682150689769,7938855338010735,4.0640956845353524e-05,2.3460518891544908e-12,2.17863665131996e-07,92863.95843977404,0.37841938967561356,-5.2403713449811412e-13
2633,1.8023194465225028e-11,5.8651297228862282e-15,ELECTRODE_ATTACHMENT,CONFIRMED,6.8409429330754503e-05,41710176.886858456,15.840682069394877,7939532210308481,4.0644421932559637e-05,2.3460519056712536e-12,2.1784509144924125e-07,92856.040790329949,0.37844995843070245,-5.239579299861861e-13
2634,1.8029059594989206e-11,5.8651297641781347e-15,ELECTRODE_ATTACHMENT,CONFIRMED,6.8410184030480935e-05,41710176.672810197,15.840681988103675,7940206957383049,4.0647876140225968e-05,2.3460519221872664e-12,2.1782657923516244e-07,92848.149341928802,0.37848044582247659,-5.2387930803742602e-13
2635,1.8034924724794675e-11,5.8651298054681668e-15,ELECTRODE_ATTACHMENT,CONFIRMED,6.8410937907461362e-05,41710176.458771594,15.84068190681614,7940879592309095,4.065131953528487e-05,2.3460519387025356e-12,2.1780812810060615e-07,92840.283928693883,0.37851085235815685,-5.2380127139345555e-13
2636,1.8040789854641432e-11,5.8651298467563388e-15,ELECTRODE_ATTACHMENT,CONFIRMED,6.8411690961238969e-05,41710176.244742379,15.840681825532171,7941550128195673,4.0654752184844888e-05,2.3460519552170794e-12,2.1778973765582634e-07,92832.444384495451,0.37854117854616248,-5.2372382278591568e-13
2637,1.8046654984529473e-11,5.8651298880426988e-15,ELECTRODE_ATTACHMENT,CONFIRMED,6.841244319135568e-05,41710176.030722581,15.840681744251777,7942218578185975,4.0658174156189201e-05,2.3460519717308966e-12,2.1777140751049121e-07,92824.630542954837,0.37857142489610995,-5.2364696493599264e-13
2638,1.80525201144588e-11,5.865129929327242e-15,ELECTRODE_ATTACHMENT,CONFIRMED,6.8413194597352254e-05,41710175.816712067,15.840681662974911,7942884955457066,4.0661585516774465e-05,2.3460519882439985e-12,2.1775313727368818e-07,92816.842237445337,0.37860159191879483,-5.2357070055392632e-13
2639,1.8058385244429411e-11,5.8651299706099977e-15,ELECTRODE_ATTACHMENT,CONFIRMED,6.8413945178768257e-05,41710175.602710672,15.840681581701507,7943549273219606,4.0664986334229321e-05,2.3460520047563964e-12,2.1773492655393031e-07,92809.079301095437,0.37863168012618514,-5.2349503233851324e-13
2640,1.8064250374441303e-11,5.8651300118909918e-15,ELECTRODE_ATTACHMENT,CONFIRMED,6.8414694935142227e-05,41710175.388718307,15.840681500431531,7944211544717566,4.0668376676352874e-05,2.346052021268098e-12,2.1771677495916321e-07,92801.34156679186,0.37866169003141043,-5.2341996297659142e-13
2641,1.8070115504494474e-11,5.8651300531702449e-15,ELECTRODE_ATTACHMENT,CONFIRMED,6.8415443866011655e-05,41710175.174734794,15.840681419164918,7944871783227930,4.0671756611113304e-05,2.346052037779117e-12,2.1769868209677103e-07,92793.628867181833,0.37869162214874996,-5.2334549514251768e-13
2642,1.8075980634588923e-11,5.8651300944477933e-15,ELECTRODE_ATTACHMENT,CONFIRMED,6.8416191970912992e-05,41710174.960760042,15.840681337901634,7945530002060392,4.0675126206646221e-05,2.3460520542894602e-12,2.1768064757358386e-07,92785.941034676638,0.37872147699362363,-5.2327163149763062e-13
2643,1.8081845764724647e-11,5.8651301357236504e-15,ELECTRODE_ATTACHMENT,CONFIRMED,6.8416939249381806e-05,41710174.74679397,15.840681256641645,7946186214557041,4.0678485531253046e-05,2.3460520707991334e-12,2.1766267099588501e-07,92778.277901454581,0.37875125508257934,-5.2319837468970004e-13
2644,1.8087710894901646e-11,5.8651301769978351e-15,ELECTRODE_ATTACHMENT,CONFIRMED,6.8417685700952838e-05,41710174.532836482,15.840681175384915,7946840434092034,4.068183465339938e-05,2.3460520873081455e-12,2.1764475196941845e-07,92770.639299463946,0.37878095693327934,-5.2312572735236421e-13
2645,1.8093576025119916e-11,5.8651302182703632e-15,ELECTRODE_ATTACHMENT,CONFIRMED,6.841843132515995e-05,41710174.318887293,15.840681094131337,7947492674071262,4.0685173641713307e-05,2.3460521038165165e-12,2.176268900993964e-07,92763.025060425891,0.37881058306448645,-5.2305369210455115e-13
2646,1.8099441155379459e-11,5.8651302595412914e-15,ELECTRODE_ATTACHMENT,CONFIRMED,6.8419176121536256e-05,41710174.104946457,15.840681012880932,7948142947932001,4.0688502564983526e-05,2.3460521203242429e-12,2.1760908499050795e-07,92755.435015839568,0.37884013399605965,-5.2298227154989465e-13
2647,1.810530628568027e-11,5.8651303008106081e-15,ELECTRODE_ATTACHMENT,CONFIRMED,6.8419920089614263e-05,41710173.891013764,15.840680931633621,7948791269142557,4.0691821492157611e-05,2.3460521368313417e-12,2.1759133624692708e-07,92747.868996983758,0.37886961024892973,-5.2291146827612454e-13
2648,1.811117141602235e-11,5.8651303420783557e-15,ELECTRODE_ATTACHMENT,CONFIRMED,6.8420663228925785e-05,41710173.67708908,15.840680850389349,7949437651201897,4.0695130492340121e-05,2.3460521533378233e-12,2.1757364347232131e-07,92740.32683492158,0.37889901234509266,-5.228412848544523e-13
2649,1.8117036546405695e-11,5.8651303833445595e-15,ELECTRODE_ATTACHMENT,CONFIRMED,6.8421405539002107e-05,41710173.463172361,15.840680769148104,7950082107639267,4.0698429634790596e-05,2.3460521698436898e-12,2.1755600626986103e-07,92732.80836050467,0.37892834080759591,-5.2277172383894032e-13
2650,1.8122901676830305e-11,5.8651304246092258e-15,ELECTRODE_ATTACHMENT,CONFIRMED,6.8422147019373973e-05,41710173.249263369,15.840680687909792,7950724652013801,4.070171898892157e-05,2.3460521863489597e-12,2.1753842424222879e-07,92725.313404375993,0.37895759616051716,-5.227027877658507e-13
2651,1.8128766807296178e-11,5.8651304658724003e-15,ELECTRODE_ATTACHMENT,CONFIRMED,6.8422887669571816e-05,41710173.035362035,15.84068060667439,7951365297914120,4.0704998624296539e-05,2.3460522028536412e-12,2.1752089699162883e-07,92717.841796975103,0.37898677892895799,-5.2263447915299115e-13
2652,1.8134631937803312e-11,5.8651305071341029e-15,ELECTRODE_ATTACHMENT,CONFIRMED,6.8423627489125607e-05,41710172.821468204,15.840680525441837,7952004058957912,4.0708268610627817e-05,2.3460522193577418e-12,2.1750342411979697e-07,92710.393368541889,0.37901588963902333,-5.2256680049903349e-13
2653,1.8140497068351705e-11,5.8651305483943555e-15,ELECTRODE_ATTACHMENT,CONFIRMED,6.8424366477565086e-05,41710172.607581824,15.840680444212111,7952640948791507,4.071152901777432e-05,2.3460522358612681e-12,2.1748600522801133e-07,92702.96794912123,0.3790449288178086,-5.2249975428282628e-13
2654,1.8146362198941358e-11,5.8651305896531716e-15,ELECTRODE_ATTACHMENT,CONFIRMED,6.8425104634419764e-05,41710172.393702641,15.840680362985122,7953275981089433,4.0714779915739321e-05,2.3460522523642403e-12,2.1746863991710273e-07,92695.565368566764,0.37907389699337746,-5.2243334296268404e-13
2655,1.8152227329572269e-11,5.8651306309106009e-15,ELECTRODE_ATTACHMENT,CONFIRMED,6.8425841959219056e-05,41710172.179830678,15.840680281760873,7953909169553966,4.0718021374668147e-05,2.3460522688666551e-12,2.1745132778746575e-07,92688.185456547159,0.37910279469475572,-5.223675689756709e-13
2656,1.8158092460244436e-11,5.8651306721666378e-15,ELECTRODE_ATTACHMENT,CONFIRMED,6.8426578451492271e-05,41710171.965965629,15.84068020053925,7954540527914658,4.0721253464845783e-05,2.3460522853685363e-12,2.1743406843907016e-07,92680.828042548892,0.37913162245190091,-5.2230243473685607e-13
2657,1.8163957590957858e-11,5.8651307134213424e-15,ELECTRODE_ATTACHMENT,CONFIRMED,6.8427314110768782e-05,41710171.752107501,15.840680119320256,7955170069927859,4.0724476256694338e-05,2.3460523018698848e-12,2.174168614714729e-07,92673.492955883441,0.37916038079569742,-5.2223794263856554e-13
2658,1.8169822721712533e-11,5.865130754674713e-15,ELECTRODE_ATTACHMENT,CONFIRMED,6.8428048936578046e-05,41710171.538256131,15.840680038103828,7955797809376223,4.0727689820770653e-05,2.3460523183707106e-12,2.1739970648382974e-07,92666.18002569089,0.37918907025793008,-5.221740950496079e-13
2659,1.817568785250846e-11,5.8651307959267772e-15,ELECTRODE_ATTACHMENT,CONFIRMED,6.8428782928449682e-05,41710171.324411333,15.840679956889897,7956423760068197,4.0730894227763531e-05,2.3460523348710304e-12,2.1738260307490847e-07,92658.889080945693,0.37921769137126543,-5.2211089431448715e-13
2660,1.8181552983345636e-11,5.8651308371775769e-15,ELECTRODE_ATTACHMENT,CONFIRMED,6.8429516085913633e-05,41710171.110572994,15.840679875678418,7957047935837501,4.0734089548491221e-05,2.3460523513708514e-12,2.1736555084310107e-07,92651.619950462511,0.37924624466923779,-5.2204834275260167e-13
2661,1.8187418114224062e-11,5.8651308784271287e-15,ELECTRODE_ATTACHMENT,CONFIRMED,6.843024840850013e-05,41710170.89674101,15.840679794469354,7957670350542588,4.0737275853898541e-05,2.3460523678701824e-12,2.1734854938643763e-07,92644.372462901694,0.37927473068622558,-5.2198644265742058e-13
2662,1.8193283245143737e-11,5.8651309196754568e-15,ELECTRODE_ATTACHMENT,CONFIRMED,6.8430979895739888e-05,41710170.682915255,15.840679713262654,7958291018066092,4.0740453215054142e-05,2.3460523843690328e-12,2.1733159830259964e-07,92637.146446774947,0.37930314995743192,-5.2192519629564847e-13
2663,1.819914837610466e-11,5.8651309609225828e-15,ELECTRODE_ATTACHMENT,CONFIRMED,6.8431710547164126e-05,41710170.469095513,15.840679632058238,7958909952314259,4.0743621703147492e-05,2.3460524008674211e-12,2.1731469718893459e-07,92629.941730451304,0.37933150301886076,-5.2186460590636542e-13
2664,1.820501350710683e-11,5.8651310021685523e-15,ELECTRODE_ATTACHMENT,CONFIRMED,6.8432440362304711e-05,41710170.255281687,15.840679550856068,7959527167216367,4.0746781389486019e-05,2.3460524173653514e-12,2.1729784564246995e-07,92622.758142163919,0.37935979040730211,-5.2180467370015981e-13
2665,1.8210878638150243e-11,5.8651310434133796e-15,ELECTRODE_ATTACHMENT,CONFIRMED,6.8433169340694204e-05,41710170.041473694,15.840679469656115,7960142676724124,4.0749932345491941e-05,2.346052433862833e-12,2.1728104325992865e-07,92615.595510015977,0.37938801266030509,-5.2174540185823413e-13
2666,1.8216743769234901e-11,5.8651310846570827e-15,ELECTRODE_ATTACHMENT,CONFIRMED,6.8433897481865992e-05,41710169.827671356,15.840679388458309,7960756494811053,4.0753074642699188e-05,2.3460524503598768e-12,2.172642896377441e-07,92608.453661987165,0.37941617031615504,-5.2168679253149635e-13
2667,1.8222608900360802e-11,5.8651311258996924e-15,ELECTRODE_ATTACHMENT,CONFIRMED,6.8434624785354355e-05,41710169.61387457,15.84067930726261,7961368635471861,4.0756208352750093e-05,2.3460524668564948e-12,2.1724758437207639e-07,92601.332425940651,0.37944426391385222,-5.2162884783963427e-13
2668,1.8228474031527943e-11,5.8651311671412372e-15,ELECTRODE_ATTACHMENT,CONFIRMED,6.8435351250694591e-05,41710169.400083095,15.84067922606893,7961979112721789,4.0759333547392133e-05,2.3460524833527021e-12,2.1723092705882847e-07,92594.231629629867,0.37947229399308496,-5.2157156987016902e-13
2669,1.8234339162736326e-11,5.8651312083817557e-15,ELECTRODE_ATTACHMENT,CONFIRMED,6.8436076877423108e-05,41710169.186296962,15.840679144877278,7962587940595949,4.0762450298474527e-05,2.3460524998484966e-12,2.1721431729366268e-07,92587.151100706382,0.3795002610942132,-5.2151496067749604e-13
2670,1.8240204293985949e-11,5.8651312496212415e-15,ELECTRODE_ATTACHMENT,CONFIRMED,6.8436801665077495e-05,41710168.972515836,15.840679063687528,7963195133148639,4.0765558677944652e-05,2.3460525163439054e-12,2.1719775467201857e-07,92580.09066672562,0.37952816575822906,-5.2145902228189534e-13
2671,1.8246069425276808e-11,5.865131290859765e-15,ELECTRODE_ATTACHMENT,CONFIRMED,6.8437525613196748e-05,41710168.758739673,15.840678982499663,7963800704452644,4.0768658757844593e-05,2.3460525328389321e-12,2.1718123878912994e-07,92573.050155156307,0.37955600852674637,-5.2140375666853918e-13
2672,1.8251934556608907e-11,5.8651313320973308e-15,ELECTRODE_ATTACHMENT,CONFIRMED,6.8438248721321192e-05,41710168.544968396,15.840678901313652,7964404668598515,4.0771750610307355e-05,2.3460525493335816e-12,2.1716476924004353e-07,92566.029393387304,0.37958378994196662,-5.2134916578646947e-13
2673,1.8257799687982242e-11,5.8651313733339546e-15,ELECTRODE_ATTACHMENT,CONFIRMED,6.8438970988992726e-05,41710168.331201747,15.8406788201294,7965007039693835,4.0774834307553117e-05,2.3460525658278744e-12,2.171483456196376e-07,92559.028208735108,0.37961151054664832,-5.2129525154755718e-13
2674,1.8263664819396813e-11,5.8651314145696871e-15,ELECTRODE_ATTACHMENT,CONFIRMED,6.8439692415754954e-05,41710168.117439657,15.840678738946879,7965607831862463,4.077790992188539e-05,2.3460525823218158e-12,2.1713196752264103e-07,92552.046428453119,0.37963917088408788,-5.2124201582545e-13
2675,1.8269529950852617e-11,5.8651314558045407e-15,ELECTRODE_ATTACHMENT,CONFIRMED,6.8440413001153163e-05,41710167.903681926,15.840678657766013,7966207059243758,4.0780977525687077e-05,2.3460525988154204e-12,2.1711563454365298e-07,92545.08387973909,0.37966677149808431,-5.2118946045449384e-13
2676,1.8275395082349654e-11,5.8651314970385511e-15,ELECTRODE_ATTACHMENT,CONFIRMED,6.8441132744734588e-05,41710167.689928435,15.840678576586757,7966804735991787,4.0784037191416309e-05,2.3460526153086986e-12,2.1709934627716341e-07,92538.140389744425,0.37969431293291311,-5.2113758722863878e-13
2677,1.8281260213887927e-11,5.8651315382717482e-15,ELECTRODE_ATTACHMENT,CONFIRMED,6.8441851646048446e-05,41710167.476179108,15.840678495409085,7967400876274512,4.0787088991602371e-05,2.3460526318016549e-12,2.1708310231757368e-07,92531.215785582928,0.37972179573329762,-5.2108639790032702e-13
2678,1.828712534546743e-11,5.8651315795041382e-15,ELECTRODE_ATTACHMENT,CONFIRMED,6.8442569704646081e-05,41710167.262433708,15.840678414232903,7967995494272956,4.0790132998841419e-05,2.3460526482943096e-12,2.1706690225921769e-07,92524.309894339123,0.37974922044437198,-5.2103589417935543e-13
2679,1.8292990477088166e-11,5.8651316207357741e-15,ELECTRODE_ATTACHMENT,CONFIRMED,6.84432869200811e-05,41710167.048692152,15.840678333058179,7968588604180353,4.0793169285792138e-05,2.3460526647866673e-12,2.1705074569638372e-07,92517.422543078632,0.3797765876116585,-5.2098607773173019e-13
2680,1.8298855608750132e-11,5.8651316619666685e-15,ELECTRODE_ATTACHMENT,CONFIRMED,6.8444003291909467e-05,41710166.834954225,15.840678251884835,7969180220201270,4.079619792517118e-05,2.346052681278746e-12,2.1703463222333723e-07,92510.553558856889,0.37980389778102763,-5.2093695017849194e-13
2681,1.8304720740453328e-11,5.8651317031968655e-15,ELECTRODE_ATTACHMENT,CONFIRMED,6.8444718819689709e-05,41710166.621219859,15.840678170712843,7969770356550717,4.0799218989748705e-05,2.3460526977705492e-12,2.1701856143434318e-07,92503.702768729636,0.3798311514986723,-5.2088851309452957e-13
2682,1.8310585872197753e-11,5.8651317444263739e-15,ELECTRODE_ATTACHMENT,CONFIRMED,6.844543350298294e-05,41710166.407488912,15.84067808954215,7970359027453230,4.0802232552343613e-05,2.3460527142620886e-12,2.1700253292368998e-07,92496.869999762333,0.37985834931106838,-5.2084076800737081e-13
2683,1.8316451003983409e-11,5.8651317856552219e-15,ELECTRODE_ATTACHMENT,CONFIRMED,6.8446147341353109e-05,41710166.193761118,15.840678008372654,7970946247141935,4.0805238685818797e-05,2.3460527307533865e-12,2.1698654628571332e-07,92490.055079040176,0.37988549176494002,-5.2079371639595512e-13
2684,1.8322316135810294e-11,5.8651318268834673e-15,ELECTRODE_ATTACHMENT,CONFIRMED,6.8446860334367009e-05,41710165.980036438,15.840677927204341,7971532029857589,4.0808237463076193e-05,2.3460527472444425e-12,2.1697060111482103e-07,92483.257833679978,0.37991257940723155,-5.2074735968939312e-13
2685,1.8328181267678405e-11,5.8651318681111076e-15,ELECTRODE_ATTACHMENT,CONFIRMED,6.8447572481594563e-05,41710165.76631473,15.840677846037156,7972116389847601,4.0811228957051797e-05,2.3460527637352699e-12,2.1695469700551814e-07,92476.478090839504,0.37993961278506444,-5.2070169926570117e-13
2686,1.8334046399587744e-11,5.8651319093381752e-15,ELECTRODE_ATTACHMENT,CONFIRMED,6.8448283782608868e-05,41710165.552595817,15.840677764871034,7972699341365030,4.0814213240710543e-05,2.3460527802258824e-12,2.1693883355243273e-07,92469.715677728891,0.3799665924457013,-5.2065673645052062e-13
2687,1.8339911531538308e-11,5.8651319505647072e-15,ELECTRODE_ATTACHMENT,CONFIRMED,6.8448994236986339e-05,41710165.338879488,15.840677683705891,7973280898667559,4.0817190387041031e-05,2.346052796716295e-12,2.1692301035034246e-07,92462.970421622042,0.37999351893650951,-5.2061247251582168e-13
2688,1.8345776663530099e-11,5.8651319917907383e-15,ELECTRODE_ATTACHMENT,CONFIRMED,6.8449703844306915e-05,41710165.125165723,15.840677602541723,7973861076016451,4.082016046905017e-05,2.3460528132065113e-12,2.1690722699420161e-07,92456.242149868587,0.38002039280492556,-5.205689086785888e-13
2689,1.8351641795563117e-11,5.8651320330162786e-15,ELECTRODE_ATTACHMENT,CONFIRMED,6.8450412604154168e-05,41710164.911454298,15.840677521378444,7974439887675474,4.082312355975772e-05,2.346052829696547e-12,2.1689148307916861e-07,92449.53068990467,0.38004721459840918,-5.2052604609948773e-13
2690,1.8357506927637358e-11,5.865132074241367e-15,ELECTRODE_ATTACHMENT,CONFIRMED,6.8451120516115505e-05,41710164.697745055,15.840677440215993,7975017347909811,4.082607973219067e-05,2.3460528461864127e-12,2.1687577820063442e-07,92442.835869265793,0.38007398486440769,-5.2048388588151697e-13
2691,1.8363372059752823e-11,5.8651321154660325e-15,ELECTRODE_ATTACHMENT,CONFIRMED,6.8451827579782236e-05,41710164.484037876,15.840677359054327,7975593470984943,4.0829029059377515e-05,2.3460528626761213e-12,2.1686011195425163e-07,92436.157515598883,0.38010070415031355,-5.2044242906864601e-13
2692,1.8369237191909514e-11,5.8651321566903044e-15,ELECTRODE_ATTACHMENT,CONFIRMED,6.845253379474979e-05,41710164.270332612,15.840677277893388,7976168271165507,4.0831971614342479e-05,2.3460528791656813e-12,2.168444839359634e-07,92429.495456674893,0.38012737300342336,-5.204016766444349e-13
2693,1.8375102324107428e-11,5.865132197914204e-15,ELECTRODE_ATTACHMENT,CONFIRMED,6.8453239160617908e-05,41710164.056629077,15.840677196733104,7976741762714133,4.0834907470099454e-05,2.3460528956551088e-12,2.168288937420344e-07,92422.849520401534,0.38015399197089167,-5.20361629530638e-13
2694,1.8380967456346566e-11,5.8651322391377722e-15,ELECTRODE_ATTACHMENT,CONFIRMED,6.8453943676990761e-05,41710163.842927188,15.840677115573445,7977313959890253,4.0837836699646018e-05,2.346052912144409e-12,2.1681334096908098e-07,92416.21953483684,0.38018056159969305,-5.2032228858580042e-13
2695,1.8386832588626927e-11,5.8651322803610233e-15,ELECTRODE_ATTACHMENT,CONFIRMED,6.8454647343477114e-05,41710163.629226662,15.840677034414306,7977884876948892,4.0840759375957144e-05,2.3460529286336051e-12,2.1679782521410312e-07,92409.605328201666,0.38020708243656864,-5.2028365460383038e-13
2696,1.8392697720948511e-11,5.865132321584014e-15,ELECTRODE_ATTACHMENT,CONFIRMED,6.845535015969049e-05,41710163.415527463,15.84067695325567,7978454528139428,4.0843675571978921e-05,2.3460529451226989e-12,2.1678234607451627e-07,92403.006728894819,0.38023355502799155,-5.2024572831257107e-13
2697,1.8398562853311319e-11,5.8651323628067484e-15,ELECTRODE_ATTACHMENT,CONFIRMED,6.8456052125249399e-05,41710163.201829448,15.840676872097484,7979022927704332,4.084658536062207e-05,2.3460529616116999e-12,2.1676690314818414e-07,92396.423565505887,0.38025997992011273,-5.2020851037234941e-13
2698,1.8404427985715346e-11,5.8651324040292501e-15,ELECTRODE_ATTACHMENT,CONFIRMED,6.8456753239777487e-05,41710162.98813241,15.840676790939668,7979590089877879,4.084948881475535e-05,2.3460529781006281e-12,2.1675149603345235e-07,92389.855666829419,0.3802863576587126,-5.2017200137451875e-13
2699,1.8410293118160597e-11,5.8651324452515704e-15,ELECTRODE_ATTACHMENT,CONFIRMED,6.8457453502903645e-05,41710162.774436258,15.840676709782189,7980156028884839,4.0852386007198869e-05,2.3460529945894865e-12,2.1673612432918227e-07,92383.302861880511,0.38031268878915958,-5.2013620183999418e-13
2700,1.8416158250647072e-11,5.8651324864737171e-15,ELECTRODE_ATTACHMENT,CONFIRMED,6.8458152914262308e-05,41710162.560740761,15.840676628624959,7980720758939140,4.0855277010717236e-05,2.3460530110782952e-12,2.1672078763478591e-07,92376.764979908316,0.38033897385635262,-5.2010111221777209e-13
2701,1.8422023383174766e-11,5.8651325276957391e-15,ELECTRODE_ATTACHMENT,CONFIRMED,6.8458851473493574e-05,41710162.347045824,15.840676547467941,7981284294242506,4.0858161898012582e-05,2.3460530275670607e-12,2.1670548555026126e-07,92370.241850412247,0.3803652134046786,-5.2006673288344801e-13
2702,1.8427888515743684e-11,5.8651325689176531e-15,ELECTRODE_ATTACHMENT,CONFIRMED,6.8459549180243371e-05,41710162.133351289,15.840676466311077,7981846648983073,4.0861040741717475e-05,2.3460530440557955e-12,2.166902176762285e-07,92363.733303156725,0.3803914079779559,-5.2003306413772291e-13
2703,1.8433753648353825e-11,5.8651326101394906e-15,ELECTRODE_ATTACHMENT,CONFIRMED,6.8460246034163642e-05,41710161.919656999,15.840676385154305,7982407837333973,4.0863913614387673e-05,2.3460530605445117e-12,2.1667498361396671e-07,92357.239168187065,0.38041755811938427,-5.2000010620490671e-13
2704,1.8439618781005186e-11,5.8651326513612807e-15,ELECTRODE_ATTACHMENT,CONFIRMED,6.8460942034912647e-05,41710161.705962829,15.840676303997579,7982967873451902,4.08667805884948e-05,2.3460530770332179e-12,2.1665978296545126e-07,92350.75927584547,0.38044366437149246,-5.1996785923141523e-13
2705,1.8445483913697771e-11,5.8651326925830456e-15,ELECTRODE_ATTACHMENT,CONFIRMED,6.8461637182155014e-05,41710161.49226851,15.840676222840795,7983526771475655,4.0869641736418831e-05,2.3460530935219373e-12,2.1664461533339201e-07,92344.293456786691,0.38046972727607947,-5.1993632328426454e-13
2706,1.8451349046431575e-11,5.8651327338048436e-15,ELECTRODE_ATTACHMENT,CONFIRMED,6.8462331475562056e-05,41710161.278574027,15.84067614168395,7984084545524641,4.0872497130440496e-05,2.3460531100106693e-12,2.1662948032127186e-07,92337.841541995906,0.38049574737416997,-5.1990549834956806e-13
2707,1.8457214179206603e-11,5.8651327750266732e-15,ELECTRODE_ATTACHMENT,CONFIRMED,6.8463024914811843e-05,41710161.064879194,15.840676060526972,7984641209697370,4.0875346842733554e-05,2.3460531264994287e-12,2.1661437753338642e-07,92331.403362804092,0.38052172520594807,-5.198753843310252e-13
2708,1.8463079312022851e-11,5.8651328162485722e-15,ELECTRODE_ATTACHMENT,CONFIRMED,6.8463717499589485e-05,41710160.851183794,15.840675979369779,7985196778069916,4.0878190945356922e-05,2.3460531429882306e-12,2.1659930657488374e-07,92324.978750905619,0.38054766131070411,-5.198459810484181e-13
2709,1.8468944444880322e-11,5.8651328574705769e-15,ELECTRODE_ATTACHMENT,CONFIRMED,6.8464409229587365e-05,41710160.637487784,15.840675898212353,7985751264694356,4.088102951024662e-05,2.3460531594770817e-12,2.1658426705180564e-07,92318.567538376112,0.38057355622678007,-5.1981728823611183e-13
2710,1.8474809577779014e-11,5.8651328986927054e-15,ELECTRODE_ATTACHMENT,CONFIRMED,6.8465100104505308e-05,41710160.423790917,15.840675817054603,7986304683597185,4.0883862609207745e-05,2.3460531759659982e-12,2.165692585711284e-07,92312.169557689165,0.38059941049150531,-5.1978930554155409e-13
2711,1.8480674710718928e-11,5.8651329399149957e-15,ELECTRODE_ATTACHMENT,CONFIRMED,6.8465790124050744e-05,41710160.210093133,15.840675735896506,7986857048777704,4.0886690313906191e-05,2.3460531924549855e-12,2.1655428074080517e-07,92305.784641735168,0.38062522464114351,-5.1976203252379025e-13
2712,1.8486539843700066e-11,5.865132981137465e-15,ELECTRODE_ATTACHMENT,CONFIRMED,6.8466479287938972e-05,41710159.99639412,15.840675654737939,7987408374206385,4.0889512695860234e-05,2.3460532089440672e-12,2.1653933316980866e-07,92299.41262383842,0.38065099921082302,-5.1973546865197665e-13
2713,1.8492404976722428e-11,5.8651330223601686e-15,ELECTRODE_ATTACHMENT,CONFIRMED,6.8467167595893401e-05,41710159.782693945,15.840675573578933,7987958673823214,4.089232982643209e-05,2.3460532254332406e-12,2.1652441546817436e-07,92293.053337777223,0.38067673473448921,-5.197096133039209e-13
2714,1.8498270109786012e-11,5.8651330635831026e-15,ELECTRODE_ATTACHMENT,CONFIRMED,6.8467855047645704e-05,41710159.568992287,15.840675492419363,7988507961536008,4.0895141776819337e-05,2.3460532419225279e-12,2.1650952724704418e-07,92286.706617800548,0.38070243174482715,-5.1968446576461552e-13
2715,1.8504135242890817e-11,5.8651331048063206e-15,ELECTRODE_ATTACHMENT,CONFIRMED,6.8468541642936038e-05,41710159.355289012,15.840675411259179,7989056251218710,4.0897948618046099e-05,2.3460532584119405e-12,2.1649466811871137e-07,92280.372298648537,0.38072809077320852,-5.1966002522480506e-13
2716,1.8510000376036849e-11,5.8651331460298509e-15,ELECTRODE_ATTACHMENT,CONFIRMED,6.8469227381513328e-05,41710159.141584061,15.840675330098358,7989603556709661,4.090075042095427e-05,2.3460532749014806e-12,2.1647983769666544e-07,92274.050215571609,0.38075371234962718,-5.196362907795633e-13
2717,1.8515865509224103e-11,5.8651331872537024e-15,ELECTRODE_ATTACHMENT,CONFIRMED,6.8469912263135419e-05,41710158.92787721,15.840675248936815,7990149891809850,4.0903547256194501e-05,2.3460532913911698e-12,2.1646503559563793e-07,92267.740204348826,0.38077929700262741,-5.1961326142688755e-13
2718,1.8521730642452581e-11,5.8651332284779253e-15,ELECTRODE_ATTACHMENT,CONFIRMED,6.847059628756937e-05,41710158.714168318,15.840675167774497,7990695270281142,4.0906339194217186e-05,2.3460533078810162e-12,2.1645026143164852e-07,92261.442101308872,0.38080484525924585,-5.195909360663259e-13
2719,1.8527595775722282e-11,5.8651332697025412e-15,ELECTRODE_ATTACHMENT,CONFIRMED,6.8471279454591577e-05,41710158.500457264,15.840675086611359,7991239705844484,4.0909126305263243e-05,2.3460533243710297e-12,2.1643551482205202e-07,92255.155743349431,0.38083035764494211,-5.19569313497621e-13
2720,1.853346090903321e-11,5.8651333109275759e-15,ELECTRODE_ATTACHMENT,CONFIRMED,6.8471961763988086e-05,41710158.286743864,15.840675005447331,7991783212178093,4.0911908659354826e-05,2.3460533408612238e-12,2.1642079538558565e-07,92248.880967957331,0.38085583468353018,-5.1954839241938802e-13
2721,1.8539326042385365e-11,5.8651333521530603e-15,ELECTRODE_ATTACHMENT,CONFIRMED,6.8472643215554811e-05,41710158.073027983,15.840674924282359,7992325802915619,4.091468632628598e-05,2.3460533573516093e-12,2.1640610274241682e-07,92242.6176132291,0.3808812768971131,-5.1952817142782261e-13
2722,1.8545191175778742e-11,5.8651333933790235e-15,ELECTRODE_ATTACHMENT,CONFIRMED,6.8473323809097747e-05,41710157.859309509,15.840674843116403,7992867491644294,4.0917459375613071e-05,2.3460533738421956e-12,2.1639143651419187e-07,92236.36551789174,0.38090668480601286,-5.1950864901544262e-13
2723,1.8551056309213347e-11,5.86513343460549e-15,ELECTRODE_ATTACHMENT,CONFIRMED,6.8474003544433148e-05,41710157.645588182,15.840674761949362,7993408291903062,4.0920227876645309e-05,2.3460533903330027e-12,2.1637679632408434e-07,92230.124521322796,0.38093205892869891,-5.1948982356986777e-13
2724,1.8556921442689181e-11,5.8651334758325079e-15,ELECTRODE_ATTACHMENT,CONFIRMED,6.8474682421387894e-05,41710157.431864023,15.840674680781246,7993948217180686,4.0922991898435009e-05,2.3460534068240288e-12,2.1636218179684475e-07,92223.89446357284,0.38095739978172577,-5.1947169337264315e-13
2725,1.8562786576206241e-11,5.8651335170600732e-15,ELECTRODE_ATTACHMENT,CONFIRMED,6.8475360439799559e-05,41710157.218136713,15.840674599611935,7994487280913844,4.0925751509767833e-05,2.3460534233152981e-12,2.1634759255885024e-07,92217.675185384811,0.38098270787965,-5.1945425659809916e-13
2726,1.8568651709764528e-11,5.8651335582882461e-15,ELECTRODE_ATTACHMENT,CONFIRMED,6.8476037599516761e-05,41710157.004406177,15.840674518441396,7995025496485207,4.0928506779152983e-05,2.3460534398068153e-12,2.1633302823815451e-07,92211.466528217003,0.3810079837349708,-5.1943751131226854e-13
2727,1.8574516843364045e-11,5.8651335995170389e-15,ELECTRODE_ATTACHMENT,CONFIRMED,6.8476713900399408e-05,41710156.790672272,15.84067443726958,7995562877221501,4.0931257774813253e-05,2.3460534562985931e-12,2.1631848846453869e-07,92205.268334263747,0.38103322785805127,-5.1942145547184655e-13
2728,1.8580381977004792e-11,5.8651336407464833e-15,ELECTRODE_ATTACHMENT,CONFIRMED,6.847738934231879e-05,41710156.576934859,15.840674356096432,7996099436391560,4.0934004564675086e-05,2.3460534727906427e-12,2.1630397286956186e-07,92199.080446477281,0.38105844075704781,-5.1940608692320921e-13
2729,1.8586247110686769e-11,5.8651336819766078e-15,ELECTRODE_ATTACHMENT,CONFIRMED,6.8478063925157964e-05,41710156.363193825,15.840674274921907,7996635187204358,4.0936747216358465e-05,2.3460534892829713e-12,2.1628948108661249e-07,92192.902708589754,0.38108362293783787,-5.1939140340148752e-13
2730,1.8592112244409975e-11,5.8651337232074296e-15,ELECTRODE_ATTACHMENT,CONFIRMED,6.847873764881195e-05,41710156.149448916,15.840674193745912,7997170142807037,4.0939485797166887e-05,2.3460535057755993e-12,2.1627501275095968e-07,92186.734965134441,0.38110877490394307,-5.1937740252970316e-13
2731,1.8597977378174414e-11,5.8651337644389984e-15,ELECTRODE_ATTACHMENT,CONFIRMED,6.8479410513187875e-05,41710155.935700066,15.840674112568419,7997704316282923,4.0942220374077096e-05,2.3460535222685322e-12,2.1626056749980523e-07,92180.577061469012,0.38113389715646084,-5.1936408181797264e-13
2732,1.8603842511980087e-11,5.8651338056713317e-15,ELECTRODE_ATTACHMENT,CONFIRMED,6.8480082518205344e-05,41710155.721947104,15.840674031389364,7998237720649530,4.0944951013728996e-05,2.3460535387617817e-12,2.1624614497233512e-07,92174.428843796632,0.3811589901939868,-5.1935143866277514e-13
2733,1.8609707645826992e-11,5.8651338469044546e-15,ELECTRODE_ATTACHMENT,CONFIRMED,6.8480753663796595e-05,41710155.508189924,15.840673950208709,7998770368856560,4.0947677782415275e-05,2.3460535552553572e-12,2.1623174480977226e-07,92168.290159188808,0.38118405451254106,-5.1933947034629529e-13
2734,1.861557277971513e-11,5.865133888138394e-15,ELECTRODE_ATTACHMENT,CONFIRMED,6.8481423949906699e-05,41710155.294428326,15.840673869026375,7999302273783896,4.0950400746071235e-05,2.3460535717492736e-12,2.162173666554281e-07,92162.160855607086,0.38120909060549163,-5.1932817403584246e-13
2735,1.8621437913644505e-11,5.8651339293731853e-15,ELECTRODE_ATTACHMENT,CONFIRMED,6.848209337649386e-05,41710155.080662221,15.840673787842329,7999833448239591,4.0953119970264489e-05,2.3460535882435386e-12,2.1620301015475517e-07,92156.040781925913,0.3812340989634837,-5.1931754678335133e-13
2736,1.8627303047615112e-11,5.8651339706088476e-15,ELECTRODE_ATTACHMENT,CONFIRMED,6.8482761943529645e-05,41710154.866891406,15.840673706656494,8000363904957852,4.095583552018457e-05,2.3460536047381662e-12,2.1618867495539981e-07,92149.929787954607,0.3812590800743601,-5.1930758552496155e-13
2737,1.8633168181626956e-11,5.8651340118454162e-15,ELECTRODE_ATTACHMENT,CONFIRMED,6.848342965099916e-05,41710154.653115779,15.840673625468833,8000893656597024,4.0958547460632664e-05,2.3460536212331667e-12,2.1617436070725432e-07,92143.827724459945,0.38128403442308917,-5.1929828708069106e-13
