x_m,y_m,z_m,lsf_m,inside_conductor
-3e-05,-1.2e-05,7e-05,2.5415430916422296e-05,0
-3e-05,-1.16e-05,7e-05,2.5415430916422296e-05,0
-3e-05,-1.12e-05,7e-05,2.5415430916422296e-05,0
-3e-05,-1.08e-05,7e-05,2.5415430916422296e-05,0
-3e-05,-1.04e-05,7e-05,2.5415430916422296e-05,0
-3e-05,-1e-05,7e-05,2.5415430916422296e-05,0
-3e-05,-9.6e-06,7e-05,2.5415430916422296e-05,0
-3e-05,-9.2e-06,7e-05,2.5415430916422296e-05,0
-3e-05,-8.8e-06,7e-05,2.5415430916422296e-05,0
-3e-05,-8.400000000000001e-06,7e-05,2.5415430916422296e-05,0
-3e-05,-8.000000000000001e-06,7e-05,2.5415430916422296e-05,0
-3e-05,-7.6e-06,7e-05,2.5415430916422296e-05,0
-3e-05,-7.2000000000000005e-06,7e-05,2.5415430916422296e-05,0
-3e-05,-6.8e-06,7e-05,2.5415430916422296e-05,0
-3e-05,-6.4e-06,7e-05,2.5415430916422296e-05,0
-3e-05,-6e-06,7e-05,2.5415430916422296e-05,0
-3e-05,-5.6e-06,7e-05,2.5415430916422296e-05,0
-3e-05,-5.2e-06,7e-05,2.5415430916422296e-05,0
-3e-05,-4.800000000000001e-06,7e-05,2.5415430916422296e-05,0
-3e-05,-4.4e-06,7e-05,2.5415430916422296e-05,0
-3e-05,-4.000000000000001e-06,7e-05,2.5415430916422296e-05,0
-3e-05,-3.600000000000001e-06,7e-05,2.5415430916422296e-05,0
-3e-05,-3.2e-06,7e-05,2.5415430916422296e-05,0
-3e-05,-2.8000000000000003e-06,7e-05,2.5415430916422296e-05,0
-3e-05,-2.4000000000000007e-06,7e-05,2.5415430916422296e-05,0
-3e-05,-1.9999999999999995e-06,7e-05,2.5415430916422296e-05,0
-3e-05,-1.6e-06,7e-05,2.5415430916422296e-05,0
-3e-05,-1.2000000000000004e-06,7e-05,2.5415430916422296e-05,0
-3e-05,-7.999999999999991e-07,7e-05,2.5415430916422296e-05,0
-3e-05,-3.9999999999999956e-07,7e-05,2.5415430916422296e-05,0
-3e-05,0.0,7e-05,2.5415430916422296e-05,0
-3e-05,3.9999999999999956e-07,7e-05,2.5415430916422296e-05,0
-3e-05,8.000000000000008e-07,7e-05,2.5415430916422296e-05,0
-3e-05,1.2000000000000004e-06,7e-05,2.5415430916422296e-05,0
-3e-05,1.6e-06,7e-05,2.5415430916422296e-05,0
-3e-05,1.9999999999999995e-06,7e-05,2.5415430916422296e-05,0
-3e-05,2.399999999999999e-06,7e-05,2.5415430916422296e-05,0
-3e-05,2.8000000000000003e-06,7e-05,2.5415430916422296e-05,0
-3e-05,3.2e-06,7e-05,2.5415430916422296e-05,0
-3e-05,3.5999999999999994e-06,7e-05,2.5415430916422296e-05,0
-3e-05,3.999999999999999e-06,7e-05,2.5415430916422296e-05,0
-3e-05,4.400000000000002e-06,7e-05,2.5415430916422296e-05,0
-3e-05,4.799999999999998e-06,7e-05,2.5415430916422296e-05,0
-3e-05,5.199999999999998e-06,7e-05,2.5415430916422296e-05,0
-3e-05,5.600000000000001e-06,7e-05,2.5415430916422296e-05,0
-3e-05,6e-06,7e-05,2.5415430916422296e-05,0
-3e-05,6.4e-06,7e-05,2.5415430916422296e-05,0
-3e-05,6.800000000000003e-06,7e-05,2.5415430916422296e-05,0
-3e-05,7.199999999999999e-06,7e-05,2.5415430916422296e-05,0
-3e-05,7.599999999999998e-06,7e-05,2.5415430916422296e-05,0
-3e-05,8.000000000000001e-06,7e-05,2.5415430916422296e-05,0
-3e-05,8.400000000000001e-06,7e-05,2.5415430916422296e-05,0
-3e-05,8.8e-06,7e-05,2.5415430916422296e-05,0
-3e-05,9.200000000000003e-06,7e-05,2.5415430916422296e-05,0
-3e-05,9.6e-06,7e-05,2.5415430916422296e-05,0
-3e-05,9.999999999999999e-06,7e-05,2.5415430916422296e-05,0
-3e-05,1.0400000000000002e-05,7e-05,2.5415430916422296e-05,0
-3e-05,1.0800000000000002e-05,7e-05,2.5415430916422296e-05,0
-3e-05,1.1200000000000001e-05,7e-05,2.5415430916422296e-05,0
-3e-05,1.1599999999999997e-05,7e-05,2.5415430916422296e-05,0
-3e-05,1.2e-05,7e-05,2.5415430916422296e-05,0
-2.9e-05,-1.2e-05,7e-05,2.4494181355010917e-05,0
-2.9e-05,-1.16e-05,7e-05,2.4494181355010917e-05,0
-2.9e-05,-1.12e-05,7e-05,2.4494181355010917e-05,0
-2.9e-05,-1.08e-05,7e-05,2.4494181355010917e-05,0
-2.9e-05,-1.04e-05,7e-05,2.4494181355010917e-05,0
-2.9e-05,-1e-05,7e-05,2.4494181355010917e-05,0
-2.9e-05,-9.6e-06,7e-05,2.4494181355010917e-05,0
-2.9e-05,-9.2e-06,7e-05,2.4494181355010917e-05,0
-2.9e-05,-8.8e-06,7e-05,2.4494181355010917e-05,0
-2.9e-05,-8.400000000000001e-06,7e-05,2.4494181355010917e-05,0
-2.9e-05,-8.000000000000001e-06,7e-05,2.4494181355010917e-05,0
-2.9e-05,-7.6e-06,7e-05,2.4494181355010917e-05,0
-2.9e-05,-7.2000000000000005e-06,7e-05,2.4494181355010917e-05,0
-2.9e-05,-6.8e-06,7e-05,2.4494181355010917e-05,0
-2.9e-05,-6.4e-06,7e-05,2.4494181355010917e-05,0
-2.9e-05,-6e-06,7e-05,2.4494181355010917e-05,0
-2.9e-05,-5.6e-06,7e-05,2.4494181355010917e-05,0
-2.9e-05,-5.2e-06,7e-05,2.4494181355010917e-05,0
-2.9e-05,-4.800000000000001e-06,7e-05,2.4494181355010917e-05,0
-2.9e-05,-4.4e-06,7e-05,2.4494181355010917e-05,0
-2.9e-05,-4.000000000000001e-06,7e-05,2.4494181355010917e-05,0
-2.9e-05,-3.600000000000001e-06,7e-05,2.4494181355010917e-05,0
-2.9e-05,-3.2e-06,7e-05,2.4494181355010917e-05,0
-2.9e-05,-2.8000000000000003e-06,7e-05,2.4494181355010917e-05,0
-2.9e-05,-2.4000000000000007e-06,7e-05,2.4494181355010917e-05,0
-2.9e-05,-1.9999999999999995e-06,7e-05,2.4494181355010917e-05,0
-2.9e-05,-1.6e-06,7e-05,2.4494181355010917e-05,0
-2.9e-05,-1.2000000000000004e-06,7e-05,2.4494181355010917e-05,0
-2.9e-05,-7.999999999999991e-07,7e-05,2.4494181355010917e-05,0
-2.9e-05,-3.9999999999999956e-07,7e-05,2.4494181355010917e-05,0
-2.9e-05,0.0,7e-05,2.4494181355010917e-05,0
-2.9e-05,3.9999999999999956e-07,7e-05,2.4494181355010917e-05,0
-2.9e-05,8.000000000000008e-07,7e-05,2.4494181355010917e-05,0
-2.9e-05,1.2000000000000004e-06,7e-05,2.4494181355010917e-05,0
-2.9e-05,1.6e-06,7e-05,2.4494181355010917e-05,0
-2.9e-05,1.9999999999999995e-06,7e-05,2.4494181355010917e-05,0
-2.9e-05,2.399999999999999e-06,7e-05,2.4494181355010917e-05,0
-2.9e-05,2.8000000000000003e-06,7e-05,2.4494181355010917e-05,0
-2.9e-05,3.2e-06,7e-05,2.4494181355010917e-05,0
-2.9e-05,3.5999999999999994e-06,7e-05,2.4494181355010917e-05,0
-2.9e-05,3.999999999999999e-06,7e-05,2.4494181355010917e-05,0
-2.9e-05,4.400000000000002e-06,7e-05,2.4494181355010917e-05,0
-2.9e-05,4.799999999999998e-06,7e-05,2.4494181355010917e-05,0
-2.9e-05,5.199999999999998e-06,7e-05,2.4494181355010917e-05,0
-2.9e-05,5.600000000000001e-06,7e-05,2.4494181355010917e-05,0
-2.9e-05,6e-06,7e-05,2.4494181355010917e-05,0
-2.9e-05,6.4e-06,7e-05,2.4494181355010917e-05,0
-2.9e-05,6.800000000000003e-06,7e-05,2.4494181355010917e-05,0
-2.9e-05,7.199999999999999e-06,7e-05,2.4494181355010917e-05,0
-2.9e-05,7.599999999999998e-06,7e-05,2.4494181355010917e-05,0
-2.9e-05,8.000000000000001e-06,7e-05,2.4494181355010917e-05,0
-2.9e-05,8.400000000000001e-06,7e-05,2.4494181355010917e-05,0
-2.9e-05,8.8e-06,7e-05,2.4494181355010917e-05,0
-2.9e-05,9.200000000000003e-06,7e-05,2.4494181355010917e-05,0
-2.9e-05,9.6e-06,7e-05,2.4494181355010917e-05,0
-2.9e-05,9.999999999999999e-06,7e-05,2.4494181355010917e-05,0
-2.9e-05,1.0400000000000002e-05,7e-05,2.4494181355010917e-05,0
-2.9e-05,1.0800000000000002e-05,7e-05,2.4494181355010917e-05,0
-2.9e-05,1.1200000000000001e-05,7e-05,2.4494181355010917e-05,0
-2.9e-05,1.1599999999999997e-05,7e-05,2.4494181355010917e-05,0
-2.9e-05,1.2e-05,7e-05,2.4494181355010917e-05,0
-2.8e-05,-1.2e-05,7e-05,2.3572931793599525e-05,0
-2.8e-05,-1.16e-05,7e-05,2.3572931793599525e-05,0
-2.8e-05,-1.12e-05,7e-05,2.3572931793599525e-05,0
-2.8e-05,-1.08e-05,7e-05,2.3572931793599525e-05,0
-2.8e-05,-1.04e-05,7e-05,2.3572931793599525e-05,0
-2.8e-05,-1e-05,7e-05,2.3572931793599525e-05,0
-2.8e-05,-9.6e-06,7e-05,2.3572931793599525e-05,0
-2.8e-05,-9.2e-06,7e-05,2.3572931793599525e-05,0
-2.8e-05,-8.8e-06,7e-05,2.3572931793599525e-05,0
-2.8e-05,-8.400000000000001e-06,7e-05,2.3572931793599525e-05,0
-2.8e-05,-8.000000000000001e-06,7e-05,2.3572931793599525e-05,0
-2.8e-05,-7.6e-06,7e-05,2.3572931793599525e-05,0
-2.8e-05,-7.2000000000000005e-06,7e-05,2.3572931793599525e-05,0
-2.8e-05,-6.8e-06,7e-05,2.3572931793599525e-05,0
-2.8e-05,-6.4e-06,7e-05,2.3572931793599525e-05,0
-2.8e-05,-6e-06,7e-05,2.3572931793599525e-05,0
-2.8e-05,-5.6e-06,7e-05,2.3572931793599525e-05,0
-2.8e-05,-5.2e-06,7e-05,2.3572931793599525e-05,0
-2.8e-05,-4.800000000000001e-06,7e-05,2.3572931793599525e-05,0
-2.8e-05,-4.4e-06,7e-05,2.3572931793599525e-05,0
-2.8e-05,-4.000000000000001e-06,7e-05,2.3572931793599525e-05,0
-2.8e-05,-3.600000000000001e-06,7e-05,2.3572931793599525e-05,0
-2.8e-05,-3.2e-06,7e-05,2.3572931793599525e-05,0
-2.8e-05,-2.8000000000000003e-06,7e-05,2.3572931793599525e-05,0
-2.8e-05,-2.4000000000000007e-06,7e-05,2.3572931793599525e-05,0
-2.8e-05,-1.9999999999999995e-06,7e-05,2.3572931793599525e-05,0
-2.8e-05,-1.6e-06,7e-05,2.3572931793599525e-05,0
-2.8e-05,-1.2000000000000004e-06,7e-05,2.3572931793599525e-05,0
-2.8e-05,-7.999999999999991e-07,7e-05,2.3572931793599525e-05,0
-2.8e-05,-3.9999999999999956e-07,7e-05,2.3572931793599525e-05,0
-2.8e-05,0.0,7e-05,2.3572931793599525e-05,0
-2.8e-05,3.9999999999999956e-07,7e-05,2.3572931793599525e-05,0
-2.8e-05,8.000000000000008e-07,7e-05,2.3572931793599525e-05,0
-2.8e-05,1.2000000000000004e-06,7e-05,2.3572931793599525e-05,0
-2.8e-05,1.6e-06,7e-05,2.3572931793599525e-05,0
-2.8e-05,1.9999999999999995e-06,7e-05,2.3572931793599525e-05,0
-2.8e-05,2.399999999999999e-06,7e-05,2.3572931793599525e-05,0
-2.8e-05,2.8000000000000003e-06,7e-05,2.3572931793599525e-05,0
-2.8e-05,3.2e-06,7e-05,2.3572931793599525e-05,0
-2.8e-05,3.5999999999999994e-06,7e-05,2.3572931793599525e-05,0
-2.8e-05,3.999999999999999e-06,7e-05,2.3572931793599525e-05,0
-2.8e-05,4.400000000000002e-06,7e-05,2.3572931793599525e-05,0
-2.8e-05,4.799999999999998e-06,7e-05,2.3572931793599525e-05,0
-2.8e-05,5.199999999999998e-06,7e-05,2.3572931793599525e-05,0
-2.8e-05,5.600000000000001e-06,7e-05,2.3572931793599525e-05,0
-2.8e-05,6e-06,7e-05,2.3572931793599525e-05,0
-2.8e-05,6.4e-06,7e-05,2.3572931793599525e-05,0
-2.8e-05,6.800000000000003e-06,7e-05,2.3572931793599525e-05,0
-2.8e-05,7.199999999999999e-06,7e-05,2.3572931793599525e-05,0
-2.8e-05,7.599999999999998e-06,7e-05,2.3572931793599525e-05,0
-2.8e-05,8.000000000000001e-06,7e-05,2.3572931793599525e-05,0
-2.8e-05,8.400000000000001e-06,7e-05,2.3572931793599525e-05,0
-2.8e-05,8.8e-06,7e-05,2.3572931793599525e-05,0
-2.8e-05,9.200000000000003e-06,7e-05,2.3572931793599525e-05,0
-2.8e-05,9.6e-06,7e-05,2.3572931793599525e-05,0
-2.8e-05,9.999999999999999e-06,7e-05,2.3572931793599525e-05,0
-2.8e-05,1.0400000000000002e-05,7e-05,2.3572931793599525e-05,0
-2.8e-05,1.0800000000000002e-05,7e-05,2.3572931793599525e-05,0
-2.8e-05,1.1200000000000001e-05,7e-05,2.3572931793599525e-05,0
-2.8e-05,1.1599999999999997e-05,7e-05,2.3572931793599525e-05,0
-2.8e-05,1.2e-05,7e-05,2.3572931793599525e-05,0
-2.7e-05,-1.2e-05,7e-05,2.265168223218814e-05,0
-2.7e-05,-1.16e-05,7e-05,2.265168223218814e-05,0
-2.7e-05,-1.12e-05,7e-05,2.265168223218814e-05,0
-2.7e-05,-1.08e-05,7e-05,2.265168223218814e-05,0
-2.7e-05,-1.04e-05,7e-05,2.265168223218814e-05,0
-2.7e-05,-1e-05,7e-05,2.265168223218814e-05,0
-2.7e-05,-9.6e-06,7e-05,2.265168223218814e-05,0
-2.7e-05,-9.2e-06,7e-05,2.265168223218814e-05,0
-2.7e-05,-8.8e-06,7e-05,2.265168223218814e-05,0
-2.7e-05,-8.400000000000001e-06,7e-05,2.265168223218814e-05,0
-2.7e-05,-8.000000000000001e-06,7e-05,2.265168223218814e-05,0
-2.7e-05,-7.6e-06,7e-05,2.265168223218814e-05,0
-2.7e-05,-7.2000000000000005e-06,7e-05,2.265168223218814e-05,0
-2.7e-05,-6.8e-06,7e-05,2.265168223218814e-05,0
-2.7e-05,-6.4e-06,7e-05,2.265168223218814e-05,0
-2.7e-05,-6e-06,7e-05,2.265168223218814e-05,0
-2.7e-05,-5.6e-06,7e-05,2.265168223218814e-05,0
-2.7e-05,-5.2e-06,7e-05,2.265168223218814e-05,0
-2.7e-05,-4.800000000000001e-06,7e-05,2.265168223218814e-05,0
-2.7e-05,-4.4e-06,7e-05,2.265168223218814e-05,0
-2.7e-05,-4.000000000000001e-06,7e-05,2.265168223218814e-05,0
-2.7e-05,-3.600000000000001e-06,7e-05,2.265168223218814e-05,0
-2.7e-05,-3.2e-06,7e-05,2.265168223218814e-05,0
-2.7e-05,-2.8000000000000003e-06,7e-05,2.265168223218814e-05,0
-2.7e-05,-2.4000000000000007e-06,7e-05,2.265168223218814e-05,0
-2.7e-05,-1.9999999999999995e-06,7e-05,2.265168223218814e-05,0
-2.7e-05,-1.6e-06,7e-05,2.265168223218814e-05,0
-2.7e-05,-1.2000000000000004e-06,7e-05,2.265168223218814e-05,0
-2.7e-05,-7.999999999999991e-07,7e-05,2.265168223218814e-05,0
-2.7e-05,-3.9999999999999956e-07,7e-05,2.265168223218814e-05,0
-2.7e-05,0.0,7e-05,2.265168223218814e-05,0
-2.7e-05,3.9999999999999956e-07,7e-05,2.265168223218814e-05,0
-2.7e-05,8.000000000000008e-07,7e-05,2.265168223218814e-05,0
-2.7e-05,1.2000000000000004e-06,7e-05,2.265168223218814e-05,0
-2.7e-05,1.6e-06,7e-05,2.265168223218814e-05,0
-2.7e-05,1.9999999999999995e-06,7e-05,2.265168223218814e-05,0
-2.7e-05,2.399999999999999e-06,7e-05,2.265168223218814e-05,0
-2.7e-05,2.8000000000000003e-06,7e-05,2.265168223218814e-05,0
-2.7e-05,3.2e-06,7e-05,2.265168223218814e-05,0
-2.7e-05,3.5999999999999994e-06,7e-05,2.265168223218814e-05,0
-2.7e-05,3.999999999999999e-06,7e-05,2.265168223218814e-05,0
-2.7e-05,4.400000000000002e-06,7e-05,2.265168223218814e-05,0
-2.7e-05,4.799999999999998e-06,7e-05,2.265168223218814e-05,0
-2.7e-05,5.199999999999998e-06,7e-05,2.265168223218814e-05,0
-2.7e-05,5.600000000000001e-06,7e-05,2.265168223218814e-05,0
-2.7e-05,6e-06,7e-05,2.265168223218814e-05,0
-2.7e-05,6.4e-06,7e-05,2.265168223218814e-05,0
-2.7e-05,6.800000000000003e-06,7e-05,2.265168223218814e-05,0
-2.7e-05,7.199999999999999e-06,7e-05,2.265168223218814e-05,0
-2.7e-05,7.599999999999998e-06,7e-05,2.265168223218814e-05,0
-2.7e-05,8.000000000000001e-06,7e-05,2.265168223218814e-05,0
-2.7e-05,8.400000000000001e-06,7e-05,2.265168223218814e-05,0
-2.7e-05,8.8e-06,7e-05,2.265168223218814e-05,0
-2.7e-05,9.200000000000003e-06,7e-05,2.265168223218814e-05,0
-2.7e-05,9.6e-06,7e-05,2.265168223218814e-05,0
-2.7e-05,9.999999999999999e-06,7e-05,2.265168223218814e-05,0
-2.7e-05,1.0400000000000002e-05,7e-05,2.265168223218814e-05,0
-2.7e-05,1.0800000000000002e-05,7e-05,2.265168223218814e-05,0
-2.7e-05,1.1200000000000001e-05,7e-05,2.265168223218814e-05,0
-2.7e-05,1.1599999999999997e-05,7e-05,2.265168223218814e-05,0
-2.7e-05,1.2e-05,7e-05,2.265168223218814e-05,0
-2.6000000000000002e-05,-1.2e-05,7e-05,2.173043267077676e-05,0
-2.6000000000000002e-05,-1.16e-05,7e-05,2.173043267077676e-05,0
-2.6000000000000002e-05,-1.12e-05,7e-05,2.173043267077676e-05,0
-2.6000000000000002e-05,-1.08e-05,7e-05,2.173043267077676e-05,0
-2.6000000000000002e-05,-1.04e-05,7e-05,2.173043267077676e-05,0
-2.6000000000000002e-05,-1e-05,7e-05,2.173043267077676e-05,0
-2.6000000000000002e-05,-9.6e-06,7e-05,2.173043267077676e-05,0
-2.6000000000000002e-05,-9.2e-06,7e-05,2.173043267077676e-05,0
-2.6000000000000002e-05,-8.8e-06,7e-05,2.173043267077676e-05,0
-2.6000000000000002e-05,-8.400000000000001e-06,7e-05,2.173043267077676e-05,0
-2.6000000000000002e-05,-8.000000000000001e-06,7e-05,2.173043267077676e-05,0
-2.6000000000000002e-05,-7.6e-06,7e-05,2.173043267077676e-05,0
-2.6000000000000002e-05,-7.2000000000000005e-06,7e-05,2.173043267077676e-05,0
-2.6000000000000002e-05,-6.8e-06,7e-05,2.173043267077676e-05,0
-2.6000000000000002e-05,-6.4e-06,7e-05,2.173043267077676e-05,0
-2.6000000000000002e-05,-6e-06,7e-05,2.173043267077676e-05,0
-2.6000000000000002e-05,-5.6e-06,7e-05,2.173043267077676e-05,0
-2.6000000000000002e-05,-5.2e-06,7e-05,2.173043267077676e-05,0
-2.6000000000000002e-05,-4.800000000000001e-06,7e-05,2.173043267077676e-05,0
-2.6000000000000002e-05,-4.4e-06,7e-05,2.173043267077676e-05,0
-2.6000000000000002e-05,-4.000000000000001e-06,7e-05,2.173043267077676e-05,0
-2.6000000000000002e-05,-3.600000000000001e-06,7e-05,2.173043267077676e-05,0
-2.6000000000000002e-05,-3.2e-06,7e-05,2.173043267077676e-05,0
-2.6000000000000002e-05,-2.8000000000000003e-06,7e-05,2.173043267077676e-05,0
-2.6000000000000002e-05,-2.4000000000000007e-06,7e-05,2.173043267077676e-05,0
-2.6000000000000002e-05,-1.9999999999999995e-06,7e-05,2.173043267077676e-05,0
-2.6000000000000002e-05,-1.6e-06,7e-05,2.173043267077676e-05,0
-2.6000000000000002e-05,-1.2000000000000004e-06,7e-05,2.173043267077676e-05,0
-2.6000000000000002e-05,-7.999999999999991e-07,7e-05,2.173043267077676e-05,0
-2.6000000000000002e-05,-3.9999999999999956e-07,7e-05,2.173043267077676e-05,0
-2.6000000000000002e-05,0.0,7e-05,2.173043267077676e-05,0
-2.6000000000000002e-05,3.9999999999999956e-07,7e-05,2.173043267077676e-05,0
-2.6000000000000002e-05,8.000000000000008e-07,7e-05,2.173043267077676e-05,0
-2.6000000000000002e-05,1.2000000000000004e-06,7e-05,2.173043267077676e-05,0
-2.6000000000000002e-05,1.6e-06,7e-05,2.173043267077676e-05,0
-2.6000000000000002e-05,1.9999999999999995e-06,7e-05,2.173043267077676e-05,0
-2.6000000000000002e-05,2.399999999999999e-06,7e-05,2.173043267077676e-05,0
-2.6000000000000002e-05,2.8000000000000003e-06,7e-05,2.173043267077676e-05,0
-2.6000000000000002e-05,3.2e-06,7e-05,2.173043267077676e-05,0
-2.6000000000000002e-05,3.5999999999999994e-06,7e-05,2.173043267077676e-05,0
-2.6000000000000002e-05,3.999999999999999e-06,7e-05,2.173043267077676e-05,0
-2.6000000000000002e-05,4.400000000000002e-06,7e-05,2.173043267077676e-05,0
-2.6000000000000002e-05,4.799999999999998e-06,7e-05,2.173043267077676e-05,0
-2.6000000000000002e-05,5.199999999999998e-06,7e-05,2.173043267077676e-05,0
-2.6000000000000002e-05,5.600000000000001e-06,7e-05,2.173043267077676e-05,0
-2.6000000000000002e-05,6e-06,7e-05,2.173043267077676e-05,0
-2.6000000000000002e-05,6.4e-06,7e-05,2.173043267077676e-05,0
-2.6000000000000002e-05,6.800000000000003e-06,7e-05,2.173043267077676e-05,0
-2.6000000000000002e-05,7.199999999999999e-06,7e-05,2.173043267077676e-05,0
-2.6000000000000002e-05,7.599999999999998e-06,7e-05,2.173043267077676e-05,0
-2.6000000000000002e-05,8.000000000000001e-06,7e-05,2.173043267077676e-05,0
-2.6000000000000002e-05,8.400000000000001e-06,7e-05,2.173043267077676e-05,0
-2.6000000000000002e-05,8.8e-06,7e-05,2.173043267077676e-05,0
-2.6000000000000002e-05,9.200000000000003e-06,7e-05,2.173043267077676e-05,0
-2.6000000000000002e-05,9.6e-06,7e-05,2.173043267077676e-05,0
-2.6000000000000002e-05,9.999999999999999e-06,7e-05,2.173043267077676e-05,0
-2.6000000000000002e-05,1.0400000000000002e-05,7e-05,2.173043267077676e-05,0
-2.6000000000000002e-05,1.0800000000000002e-05,7e-05,2.173043267077676e-05,0
-2.6000000000000002e-05,1.1200000000000001e-05,7e-05,2.173043267077676e-05,0
-2.6000000000000002e-05,1.1599999999999997e-05,7e-05,2.173043267077676e-05,0
-2.6000000000000002e-05,1.2e-05,7e-05,2.173043267077676e-05,0
-2.5e-05,-1.2e-05,7e-05,2.0809183109365368e-05,0
-2.5e-05,-1.16e-05,7e-05,2.0809183109365368e-05,0
-2.5e-05,-1.12e-05,7e-05,2.0809183109365368e-05,0
-2.5e-05,-1.08e-05,7e-05,2.0809183109365368e-05,0
-2.5e-05,-1.04e-05,7e-05,2.0809183109365368e-05,0
-2.5e-05,-1e-05,7e-05,2.0809183109365368e-05,0
-2.5e-05,-9.6e-06,7e-05,2.0809183109365368e-05,0
-2.5e-05,-9.2e-06,7e-05,2.0809183109365368e-05,0
-2.5e-05,-8.8e-06,7e-05,2.0809183109365368e-05,0
-2.5e-05,-8.400000000000001e-06,7e-05,2.0809183109365368e-05,0
-2.5e-05,-8.000000000000001e-06,7e-05,2.0809183109365368e-05,0
-2.5e-05,-7.6e-06,7e-05,2.0809183109365368e-05,0
-2.5e-05,-7.2000000000000005e-06,7e-05,2.0809183109365368e-05,0
-2.5e-05,-6.8e-06,7e-05,2.0809183109365368e-05,0
-2.5e-05,-6.4e-06,7e-05,2.0809183109365368e-05,0
-2.5e-05,-6e-06,7e-05,2.0809183109365368e-05,0
-2.5e-05,-5.6e-06,7e-05,2.0809183109365368e-05,0
-2.5e-05,-5.2e-06,7e-05,2.0809183109365368e-05,0
-2.5e-05,-4.800000000000001e-06,7e-05,2.0809183109365368e-05,0
-2.5e-05,-4.4e-06,7e-05,2.0809183109365368e-05,0
-2.5e-05,-4.000000000000001e-06,7e-05,2.0809183109365368e-05,0
-2.5e-05,-3.600000000000001e-06,7e-05,2.0809183109365368e-05,0
-2.5e-05,-3.2e-06,7e-05,2.0809183109365368e-05,0
-2.5e-05,-2.8000000000000003e-06,7e-05,2.0809183109365368e-05,0
-2.5e-05,-2.4000000000000007e-06,7e-05,2.0809183109365368e-05,0
-2.5e-05,-1.9999999999999995e-06,7e-05,2.0809183109365368e-05,0
-2.5e-05,-1.6e-06,7e-05,2.0809183109365368e-05,0
-2.5e-05,-1.2000000000000004e-06,7e-05,2.0809183109365368e-05,0
-2.5e-05,-7.999999999999991e-07,7e-05,2.0809183109365368e-05,0
-2.5e-05,-3.9999999999999956e-07,7e-05,2.0809183109365368e-05,0
-2.5e-05,0.0,7e-05,2.0809183109365368e-05,0
-2.5e-05,3.9999999999999956e-07,7e-05,2.0809183109365368e-05,0
-2.5e-05,8.000000000000008e-07,7e-05,2.0809183109365368e-05,0
-2.5e-05,1.2000000000000004e-06,7e-05,2.0809183109365368e-05,0
-2.5e-05,1.6e-06,7e-05,2.0809183109365368e-05,0
-2.5e-05,1.9999999999999995e-06,7e-05,2.0809183109365368e-05,0
-2.5e-05,2.399999999999999e-06,7e-05,2.0809183109365368e-05,0
-2.5e-05,2.8000000000000003e-06,7e-05,2.0809183109365368e-05,0
-2.5e-05,3.2e-06,7e-05,2.0809183109365368e-05,0
-2.5e-05,3.5999999999999994e-06,7e-05,2.0809183109365368e-05,0
-2.5e-05,3.999999999999999e-06,7e-05,2.0809183109365368e-05,0
-2.5e-05,4.400000000000002e-06,7e-05,2.0809183109365368e-05,0
-2.5e-05,4.799999999999998e-06,7e-05,2.0809183109365368e-05,0
-2.5e-05,5.199999999999998e-06,7e-05,2.0809183109365368e-05,0
-2.5e-05,5.600000000000001e-06,7e-05,2.0809183109365368e-05,0
-2.5e-05,6e-06,7e-05,2.0809183109365368e-05,0
-2.5e-05,6.4e-06,7e-05,2.0809183109365368e-05,0
-2.5e-05,6.800000000000003e-06,7e-05,2.0809183109365368e-05,0
-2.5e-05,7.199999999999999e-06,7e-05,2.0809183109365368e-05,0
-2.5e-05,7.599999999999998e-06,7e-05,2.0809183109365368e-05,0
-2.5e-05,8.000000000000001e-06,7e-05,2.0809183109365368e-05,0
-2.5e-05,8.400000000000001e-06,7e-05,2.0809183109365368e-05,0
-2.5e-05,8.8e-06,7e-05,2.0809183109365368e-05,0
-2.5e-05,9.200000000000003e-06,7e-05,2.0809183109365368e-05,0
-2.5e-05,9.6e-06,7e-05,2.0809183109365368e-05,0
-2.5e-05,9.999999999999999e-06,7e-05,2.0809183109365368e-05,0
-2.5e-05,1.0400000000000002e-05,7e-05,2.0809183109365368e-05,0
-2.5e-05,1.0800000000000002e-05,7e-05,2.0809183109365368e-05,0
-2.5e-05,1.1200000000000001e-05,7e-05,2.0809183109365368e-05,0
-2.5e-05,1.1599999999999997e-05,7e-05,2.0809183109365368e-05,0
-2.5e-05,1.2e-05,7e-05,2.0809183109365368e-05,0
-2.4e-05,-1.2e-05,7e-05,1.988793354795399e-05,0
-2.4e-05,-1.16e-05,7e-05,1.988793354795399e-05,0
-2.4e-05,-1.12e-05,7e-05,1.988793354795399e-05,0
-2.4e-05,-1.08e-05,7e-05,1.988793354795399e-05,0
-2.4e-05,-1.04e-05,7e-05,1.988793354795399e-05,0
-2.4e-05,-1e-05,7e-05,1.988793354795399e-05,0
-2.4e-05,-9.6e-06,7e-05,1.988793354795399e-05,0
-2.4e-05,-9.2e-06,7e-05,1.988793354795399e-05,0
-2.4e-05,-8.8e-06,7e-05,1.988793354795399e-05,0
-2.4e-05,-8.400000000000001e-06,7e-05,1.988793354795399e-05,0
-2.4e-05,-8.000000000000001e-06,7e-05,1.988793354795399e-05,0
-2.4e-05,-7.6e-06,7e-05,1.988793354795399e-05,0
-2.4e-05,-7.2000000000000005e-06,7e-05,1.988793354795399e-05,0
-2.4e-05,-6.8e-06,7e-05,1.988793354795399e-05,0
-2.4e-05,-6.4e-06,7e-05,1.988793354795399e-05,0
-2.4e-05,-6e-06,7e-05,1.988793354795399e-05,0
-2.4e-05,-5.6e-06,7e-05,1.988793354795399e-05,0
-2.4e-05,-5.2e-06,7e-05,1.988793354795399e-05,0
-2.4e-05,-4.800000000000001e-06,7e-05,1.988793354795399e-05,0
-2.4e-05,-4.4e-06,7e-05,1.988793354795399e-05,0
-2.4e-05,-4.000000000000001e-06,7e-05,1.988793354795399e-05,0
-2.4e-05,-3.600000000000001e-06,7e-05,1.988793354795399e-05,0
-2.4e-05,-3.2e-06,7e-05,1.988793354795399e-05,0
-2.4e-05,-2.8000000000000003e-06,7e-05,1.988793354795399e-05,0
-2.4e-05,-2.4000000000000007e-06,7e-05,1.988793354795399e-05,0
-2.4e-05,-1.9999999999999995e-06,7e-05,1.988793354795399e-05,0
-2.4e-05,-1.6e-06,7e-05,1.988793354795399e-05,0
-2.4e-05,-1.2000000000000004e-06,7e-05,1.988793354795399e-05,0
-2.4e-05,-7.999999999999991e-07,7e-05,1.988793354795399e-05,0
-2.4e-05,-3.9999999999999956e-07,7e-05,1.988793354795399e-05,0
-2.4e-05,0.0,7e-05,1.988793354795399e-05,0
-2.4e-05,3.9999999999999956e-07,7e-05,1.988793354795399e-05,0
-2.4e-05,8.000000000000008e-07,7e-05,1.988793354795399e-05,0
-2.4e-05,1.2000000000000004e-06,7e-05,1.988793354795399e-05,0
-2.4e-05,1.6e-06,7e-05,1.988793354795399e-05,0
-2.4e-05,1.9999999999999995e-06,7e-05,1.988793354795399e-05,0
-2.4e-05,2.399999999999999e-06,7e-05,1.988793354795399e-05,0
-2.4e-05,2.8000000000000003e-06,7e-05,1.988793354795399e-05,0
-2.4e-05,3.2e-06,7e-05,1.988793354795399e-05,0
-2.4e-05,3.5999999999999994e-06,7e-05,1.988793354795399e-05,0
-2.4e-05,3.999999999999999e-06,7e-05,1.988793354795399e-05,0
-2.4e-05,4.400000000000002e-06,7e-05,1.988793354795399e-05,0
-2.4e-05,4.799999999999998e-06,7e-05,1.988793354795399e-05,0
-2.4e-05,5.199999999999998e-06,7e-05,1.988793354795399e-05,0
-2.4e-05,5.600000000000001e-06,7e-05,1.988793354795399e-05,0
-2.4e-05,6e-06,7e-05,1.988793354795399e-05,0
-2.4e-05,6.4e-06,7e-05,1.988793354795399e-05,0
-2.4e-05,6.800000000000003e-06,7e-05,1.988793354795399e-05,0
-2.4e-05,7.199999999999999e-06,7e-05,1.988793354795399e-05,0
-2.4e-05,7.599999999999998e-06,7e-05,1.988793354795399e-05,0
-2.4e-05,8.000000000000001e-06,7e-05,1.988793354795399e-05,0
-2.4e-05,8.400000000000001e-06,7e-05,1.988793354795399e-05,0
-2.4e-05,8.8e-06,7e-05,1.988793354795399e-05,0
-2.4e-05,9.200000000000003e-06,7e-05,1.988793354795399e-05,0
-2.4e-05,9.6e-06,7e-05,1.988793354795399e-05,0
-2.4e-05,9.999999999999999e-06,7e-05,1.988793354795399e-05,0
-2.4e-05,1.0400000000000002e-05,7e-05,1.988793354795399e-05,0
-2.4e-05,1.0800000000000002e-05,7e-05,1.988793354795399e-05,0
-2.4e-05,1.1200000000000001e-05,7e-05,1.988793354795399e-05,0
-2.4e-05,1.1599999999999997e-05,7e-05,1.988793354795399e-05,0
-2.4e-05,1.2e-05,7e-05,1.988793354795399e-05,0
-2.3e-05,-1.2e-05,7e-05,1.8966683986542597e-05,0
-2.3e-05,-1.16e-05,7e-05,1.8966683986542597e-05,0
-2.3e-05,-1.12e-05,7e-05,1.8966683986542597e-05,0
-2.3e-05,-1.08e-05,7e-05,1.8966683986542597e-05,0
-2.3e-05,-1.04e-05,7e-05,1.8966683986542597e-05,0
-2.3e-05,-1e-05,7e-05,1.8966683986542597e-05,0
-2.3e-05,-9.6e-06,7e-05,1.8966683986542597e-05,0
-2.3e-05,-9.2e-06,7e-05,1.8966683986542597e-05,0
-2.3e-05,-8.8e-06,7e-05,1.8966683986542597e-05,0
-2.3e-05,-8.400000000000001e-06,7e-05,1.8966683986542597e-05,0
-2.3e-05,-8.000000000000001e-06,7e-05,1.8966683986542597e-05,0
-2.3e-05,-7.6e-06,7e-05,1.8966683986542597e-05,0
-2.3e-05,-7.2000000000000005e-06,7e-05,1.8966683986542597e-05,0
-2.3e-05,-6.8e-06,7e-05,1.8966683986542597e-05,0
-2.3e-05,-6.4e-06,7e-05,1.8966683986542597e-05,0
-2.3e-05,-6e-06,7e-05,1.8966683986542597e-05,0
-2.3e-05,-5.6e-06,7e-05,1.8966683986542597e-05,0
-2.3e-05,-5.2e-06,7e-05,1.8966683986542597e-05,0
-2.3e-05,-4.800000000000001e-06,7e-05,1.8966683986542597e-05,0
-2.3e-05,-4.4e-06,7e-05,1.8966683986542597e-05,0
-2.3e-05,-4.000000000000001e-06,7e-05,1.8966683986542597e-05,0
-2.3e-05,-3.600000000000001e-06,7e-05,1.8966683986542597e-05,0
-2.3e-05,-3.2e-06,7e-05,1.8966683986542597e-05,0
-2.3e-05,-2.8000000000000003e-06,7e-05,1.8966683986542597e-05,0
-2.3e-05,-2.4000000000000007e-06,7e-05,1.8966683986542597e-05,0
-2.3e-05,-1.9999999999999995e-06,7e-05,1.8966683986542597e-05,0
-2.3e-05,-1.6e-06,7e-05,1.8966683986542597e-05,0
-2.3e-05,-1.2000000000000004e-06,7e-05,1.8966683986542597e-05,0
-2.3e-05,-7.999999999999991e-07,7e-05,1.8966683986542597e-05,0
-2.3e-05,-3.9999999999999956e-07,7e-05,1.8966683986542597e-05,0
-2.3e-05,0.0,7e-05,1.8966683986542597e-05,0
-2.3e-05,3.9999999999999956e-07,7e-05,1.8966683986542597e-05,0
-2.3e-05,8.000000000000008e-07,7e-05,1.8966683986542597e-05,0
-2.3e-05,1.2000000000000004e-06,7e-05,1.8966683986542597e-05,0
-2.3e-05,1.6e-06,7e-05,1.8966683986542597e-05,0
-2.3e-05,1.9999999999999995e-06,7e-05,1.8966683986542597e-05,0
-2.3e-05,2.399999999999999e-06,7e-05,1.8966683986542597e-05,0
-2.3e-05,2.8000000000000003e-06,7e-05,1.8966683986542597e-05,0
-2.3e-05,3.2e-06,7e-05,1.8966683986542597e-05,0
-2.3e-05,3.5999999999999994e-06,7e-05,1.8966683986542597e-05,0
-2.3e-05,3.999999999999999e-06,7e-05,1.8966683986542597e-05,0
-2.3e-05,4.400000000000002e-06,7e-05,1.8966683986542597e-05,0
-2.3e-05,4.799999999999998e-06,7e-05,1.8966683986542597e-05,0
-2.3e-05,5.199999999999998e-06,7e-05,1.8966683986542597e-05,0
-2.3e-05,5.600000000000001e-06,7e-05,1.8966683986542597e-05,0
-2.3e-05,6e-06,7e-05,1.8966683986542597e-05,0
-2.3e-05,6.4e-06,7e-05,1.8966683986542597e-05,0
-2.3e-05,6.800000000000003e-06,7e-05,1.8966683986542597e-05,0
-2.3e-05,7.199999999999999e-06,7e-05,1.8966683986542597e-05,0
-2.3e-05,7.599999999999998e-06,7e-05,1.8966683986542597e-05,0
-2.3e-05,8.000000000000001e-06,7e-05,1.8966683986542597e-05,0
-2.3e-05,8.400000000000001e-06,7e-05,1.8966683986542597e-05,0
-2.3e-05,8.8e-06,7e-05,1.8966683986542597e-05,0
-2.3e-05,9.200000000000003e-06,7e-05,1.8966683986542597e-05,0
-2.3e-05,9.6e-06,7e-05,1.8966683986542597e-05,0
-2.3e-05,9.999999999999999e-06,7e-05,1.8966683986542597e-05,0
-2.3e-05,1.0400000000000002e-05,7e-05,1.8966683986542597e-05,0
-2.3e-05,1.0800000000000002e-05,7e-05,1.8966683986542597e-05,0
-2.3e-05,1.1200000000000001e-05,7e-05,1.8966683986542597e-05,0
-2.3e-05,1.1599999999999997e-05,7e-05,1.8966683986542597e-05,0
-2.3e-05,1.2e-05,7e-05,1.8966683986542597e-05,0
-2.2e-05,-1.2e-05,7e-05,1.804543442513121e-05,0
-2.2e-05,-1.16e-05,7e-05,1.804543442513121e-05,0
-2.2e-05,-1.12e-05,7e-05,1.804543442513121e-05,0
-2.2e-05,-1.08e-05,7e-05,1.804543442513121e-05,0
-2.2e-05,-1.04e-05,7e-05,1.804543442513121e-05,0
-2.2e-05,-1e-05,7e-05,1.804543442513121e-05,0
-2.2e-05,-9.6e-06,7e-05,1.804543442513121e-05,0
-2.2e-05,-9.2e-06,7e-05,1.804543442513121e-05,0
-2.2e-05,-8.8e-06,7e-05,1.804543442513121e-05,0
-2.2e-05,-8.400000000000001e-06,7e-05,1.804543442513121e-05,0
-2.2e-05,-8.000000000000001e-06,7e-05,1.804543442513121e-05,0
-2.2e-05,-7.6e-06,7e-05,1.804543442513121e-05,0
-2.2e-05,-7.2000000000000005e-06,7e-05,1.804543442513121e-05,0
-2.2e-05,-6.8e-06,7e-05,1.804543442513121e-05,0
-2.2e-05,-6.4e-06,7e-05,1.804543442513121e-05,0
-2.2e-05,-6e-06,7e-05,1.804543442513121e-05,0
-2.2e-05,-5.6e-06,7e-05,1.804543442513121e-05,0
-2.2e-05,-5.2e-06,7e-05,1.804543442513121e-05,0
-2.2e-05,-4.800000000000001e-06,7e-05,1.804543442513121e-05,0
-2.2e-05,-4.4e-06,7e-05,1.804543442513121e-05,0
-2.2e-05,-4.000000000000001e-06,7e-05,1.804543442513121e-05,0
-2.2e-05,-3.600000000000001e-06,7e-05,1.804543442513121e-05,0
-2.2e-05,-3.2e-06,7e-05,1.804543442513121e-05,0
-2.2e-05,-2.8000000000000003e-06,7e-05,1.804543442513121e-05,0
-2.2e-05,-2.4000000000000007e-06,7e-05,1.804543442513121e-05,0
-2.2e-05,-1.9999999999999995e-06,7e-05,1.804543442513121e-05,0
-2.2e-05,-1.6e-06,7e-05,1.804543442513121e-05,0
-2.2e-05,-1.2000000000000004e-06,7e-05,1.804543442513121e-05,0
-2.2e-05,-7.999999999999991e-07,7e-05,1.804543442513121e-05,0
-2.2e-05,-3.9999999999999956e-07,7e-05,1.804543442513121e-05,0
-2.2e-05,0.0,7e-05,1.804543442513121e-05,0
-2.2e-05,3.9999999999999956e-07,7e-05,1.804543442513121e-05,0
-2.2e-05,8.000000000000008e-07,7e-05,1.804543442513121e-05,0
-2.2e-05,1.2000000000000004e-06,7e-05,1.804543442513121e-05,0
-2.2e-05,1.6e-06,7e-05,1.804543442513121e-05,0
-2.2e-05,1.9999999999999995e-06,7e-05,1.804543442513121e-05,0
-2.2e-05,2.399999999999999e-06,7e-05,1.804543442513121e-05,0
-2.2e-05,2.8000000000000003e-06,7e-05,1.804543442513121e-05,0
-2.2e-05,3.2e-06,7e-05,1.804543442513121e-05,0
-2.2e-05,3.5999999999999994e-06,7e-05,1.804543442513121e-05,0
-2.2e-05,3.999999999999999e-06,7e-05,1.804543442513121e-05,0
-2.2e-05,4.400000000000002e-06,7e-05,1.804543442513121e-05,0
-2.2e-05,4.799999999999998e-06,7e-05,1.804543442513121e-05,0
-2.2e-05,5.199999999999998e-06,7e-05,1.804543442513121e-05,0
-2.2e-05,5.600000000000001e-06,7e-05,1.804543442513121e-05,0
-2.2e-05,6e-06,7e-05,1.804543442513121e-05,0
-2.2e-05,6.4e-06,7e-05,1.804543442513121e-05,0
-2.2e-05,6.800000000000003e-06,7e-05,1.804543442513121e-05,0
-2.2e-05,7.199999999999999e-06,7e-05,1.804543442513121e-05,0
-2.2e-05,7.599999999999998e-06,7e-05,1.804543442513121e-05,0
-2.2e-05,8.000000000000001e-06,7e-05,1.804543442513121e-05,0
-2.2e-05,8.400000000000001e-06,7e-05,1.804543442513121e-05,0
-2.2e-05,8.8e-06,7e-05,1.804543442513121e-05,0
-2.2e-05,9.200000000000003e-06,7e-05,1.804543442513121e-05,0
-2.2e-05,9.6e-06,7e-05,1.804543442513121e-05,0
-2.2e-05,9.999999999999999e-06,7e-05,1.804543442513121e-05,0
-2.2e-05,1.0400000000000002e-05,7e-05,1.804543442513121e-05,0
-2.2e-05,1.0800000000000002e-05,7e-05,1.804543442513121e-05,0
-2.2e-05,1.1200000000000001e-05,7e-05,1.804543442513121e-05,0
-2.2e-05,1.1599999999999997e-05,7e-05,1.804543442513121e-05,0
-2.2e-05,1.2e-05,7e-05,1.804543442513121e-05,0
-2.1000000000000002e-05,-1.2e-05,7e-05,1.7124184863719832e-05,0
-2.1000000000000002e-05,-1.16e-05,7e-05,1.7124184863719832e-05,0
-2.1000000000000002e-05,-1.12e-05,7e-05,1.7124184863719832e-05,0
-2.1000000000000002e-05,-1.08e-05,7e-05,1.7124184863719832e-05,0
-2.1000000000000002e-05,-1.04e-05,7e-05,1.7124184863719832e-05,0
-2.1000000000000002e-05,-1e-05,7e-05,1.7124184863719832e-05,0
-2.1000000000000002e-05,-9.6e-06,7e-05,1.7124184863719832e-05,0
-2.1000000000000002e-05,-9.2e-06,7e-05,1.7124184863719832e-05,0
-2.1000000000000002e-05,-8.8e-06,7e-05,1.7124184863719832e-05,0
-2.1000000000000002e-05,-8.400000000000001e-06,7e-05,1.7124184863719832e-05,0
-2.1000000000000002e-05,-8.000000000000001e-06,7e-05,1.7124184863719832e-05,0
-2.1000000000000002e-05,-7.6e-06,7e-05,1.7124184863719832e-05,0
-2.1000000000000002e-05,-7.2000000000000005e-06,7e-05,1.7124184863719832e-05,0
-2.1000000000000002e-05,-6.8e-06,7e-05,1.7124184863719832e-05,0
-2.1000000000000002e-05,-6.4e-06,7e-05,1.7124184863719832e-05,0
-2.1000000000000002e-05,-6e-06,7e-05,1.7124184863719832e-05,0
-2.1000000000000002e-05,-5.6e-06,7e-05,1.7124184863719832e-05,0
-2.1000000000000002e-05,-5.2e-06,7e-05,1.7124184863719832e-05,0
-2.1000000000000002e-05,-4.800000000000001e-06,7e-05,1.7124184863719832e-05,0
-2.1000000000000002e-05,-4.4e-06,7e-05,1.7124184863719832e-05,0
-2.1000000000000002e-05,-4.000000000000001e-06,7e-05,1.7124184863719832e-05,0
-2.1000000000000002e-05,-3.600000000000001e-06,7e-05,1.7124184863719832e-05,0
-2.1000000000000002e-05,-3.2e-06,7e-05,1.7124184863719832e-05,0
-2.1000000000000002e-05,-2.8000000000000003e-06,7e-05,1.7124184863719832e-05,0
-2.1000000000000002e-05,-2.4000000000000007e-06,7e-05,1.7124184863719832e-05,0
-2.1000000000000002e-05,-1.9999999999999995e-06,7e-05,1.7124184863719832e-05,0
-2.1000000000000002e-05,-1.6e-06,7e-05,1.7124184863719832e-05,0
-2.1000000000000002e-05,-1.2000000000000004e-06,7e-05,1.7124184863719832e-05,0
-2.1000000000000002e-05,-7.999999999999991e-07,7e-05,1.7124184863719832e-05,0
-2.1000000000000002e-05,-3.9999999999999956e-07,7e-05,1.7124184863719832e-05,0
-2.1000000000000002e-05,0.0,7e-05,1.7124184863719832e-05,0
-2.1000000000000002e-05,3.9999999999999956e-07,7e-05,1.7124184863719832e-05,0
-2.1000000000000002e-05,8.000000000000008e-07,7e-05,1.7124184863719832e-05,0
-2.1000000000000002e-05,1.2000000000000004e-06,7e-05,1.7124184863719832e-05,0
-2.1000000000000002e-05,1.6e-06,7e-05,1.7124184863719832e-05,0
-2.1000000000000002e-05,1.9999999999999995e-06,7e-05,1.7124184863719832e-05,0
-2.1000000000000002e-05,2.399999999999999e-06,7e-05,1.7124184863719832e-05,0
-2.1000000000000002e-05,2.8000000000000003e-06,7e-05,1.7124184863719832e-05,0
-2.1000000000000002e-05,3.2e-06,7e-05,1.7124184863719832e-05,0
-2.1000000000000002e-05,3.5999999999999994e-06,7e-05,1.7124184863719832e-05,0
-2.1000000000000002e-05,3.999999999999999e-06,7e-05,1.7124184863719832e-05,0
-2.1000000000000002e-05,4.400000000000002e-06,7e-05,1.7124184863719832e-05,0
-2.1000000000000002e-05,4.799999999999998e-06,7e-05,1.7124184863719832e-05,0
-2.1000000000000002e-05,5.199999999999998e-06,7e-05,1.7124184863719832e-05,0
-2.1000000000000002e-05,5.600000000000001e-06,7e-05,1.7124184863719832e-05,0
-2.1000000000000002e-05,6e-06,7e-05,1.7124184863719832e-05,0
-2.1000000000000002e-05,6.4e-06,7e-05,1.7124184863719832e-05,0
-2.1000000000000002e-05,6.800000000000003e-06,7e-05,1.7124184863719832e-05,0
-2.1000000000000002e-05,7.199999999999999e-06,7e-05,1.7124184863719832e-05,0
-2.1000000000000002e-05,7.599999999999998e-06,7e-05,1.7124184863719832e-05,0
-2.1000000000000002e-05,8.000000000000001e-06,7e-05,1.7124184863719832e-05,0
-2.1000000000000002e-05,8.400000000000001e-06,7e-05,1.7124184863719832e-05,0
-2.1000000000000002e-05,8.8e-06,7e-05,1.7124184863719832e-05,0
-2.1000000000000002e-05,9.200000000000003e-06,7e-05,1.7124184863719832e-05,0
-2.1000000000000002e-05,9.6e-06,7e-05,1.7124184863719832e-05,0
-2.1000000000000002e-05,9.999999999999999e-06,7e-05,1.7124184863719832e-05,0
-2.1000000000000002e-05,1.0400000000000002e-05,7e-05,1.7124184863719832e-05,0
-2.1000000000000002e-05,1.0800000000000002e-05,7e-05,1.7124184863719832e-05,0
-2.1000000000000002e-05,1.1200000000000001e-05,7e-05,1.7124184863719832e-05,0
-2.1000000000000002e-05,1.1599999999999997e-05,7e-05,1.7124184863719832e-05,0
-2.1000000000000002e-05,1.2e-05,7e-05,1.7124184863719832e-05,0
-1.9999999999999998e-05,-1.2e-05,7e-05,1.620293530230844e-05,0
-1.9999999999999998e-05,-1.16e-05,7e-05,1.620293530230844e-05,0
-1.9999999999999998e-05,-1.12e-05,7e-05,1.620293530230844e-05,0
-1.9999999999999998e-05,-1.08e-05,7e-05,1.620293530230844e-05,0
-1.9999999999999998e-05,-1.04e-05,7e-05,1.620293530230844e-05,0
-1.9999999999999998e-05,-1e-05,7e-05,1.620293530230844e-05,0
-1.9999999999999998e-05,-9.6e-06,7e-05,1.620293530230844e-05,0
-1.9999999999999998e-05,-9.2e-06,7e-05,1.620293530230844e-05,0
-1.9999999999999998e-05,-8.8e-06,7e-05,1.620293530230844e-05,0
-1.9999999999999998e-05,-8.400000000000001e-06,7e-05,1.620293530230844e-05,0
-1.9999999999999998e-05,-8.000000000000001e-06,7e-05,1.620293530230844e-05,0
-1.9999999999999998e-05,-7.6e-06,7e-05,1.620293530230844e-05,0
-1.9999999999999998e-05,-7.2000000000000005e-06,7e-05,1.620293530230844e-05,0
-1.9999999999999998e-05,-6.8e-06,7e-05,1.620293530230844e-05,0
-1.9999999999999998e-05,-6.4e-06,7e-05,1.620293530230844e-05,0
-1.9999999999999998e-05,-6e-06,7e-05,1.620293530230844e-05,0
-1.9999999999999998e-05,-5.6e-06,7e-05,1.620293530230844e-05,0
-1.9999999999999998e-05,-5.2e-06,7e-05,1.620293530230844e-05,0
-1.9999999999999998e-05,-4.800000000000001e-06,7e-05,1.620293530230844e-05,0
-1.9999999999999998e-05,-4.4e-06,7e-05,1.620293530230844e-05,0
-1.9999999999999998e-05,-4.000000000000001e-06,7e-05,1.620293530230844e-05,0
-1.9999999999999998e-05,-3.600000000000001e-06,7e-05,1.620293530230844e-05,0
-1.9999999999999998e-05,-3.2e-06,7e-05,1.620293530230844e-05,0
-1.9999999999999998e-05,-2.8000000000000003e-06,7e-05,1.620293530230844e-05,0
-1.9999999999999998e-05,-2.4000000000000007e-06,7e-05,1.620293530230844e-05,0
-1.9999999999999998e-05,-1.9999999999999995e-06,7e-05,1.620293530230844e-05,0
-1.9999999999999998e-05,-1.6e-06,7e-05,1.620293530230844e-05,0
-1.9999999999999998e-05,-1.2000000000000004e-06,7e-05,1.620293530230844e-05,0
-1.9999999999999998e-05,-7.999999999999991e-07,7e-05,1.620293530230844e-05,0
-1.9999999999999998e-05,-3.9999999999999956e-07,7e-05,1.620293530230844e-05,0
-1.9999999999999998e-05,0.0,7e-05,1.620293530230844e-05,0
-1.9999999999999998e-05,3.9999999999999956e-07,7e-05,1.620293530230844e-05,0
-1.9999999999999998e-05,8.000000000000008e-07,7e-05,1.620293530230844e-05,0
-1.9999999999999998e-05,1.2000000000000004e-06,7e-05,1.620293530230844e-05,0
-1.9999999999999998e-05,1.6e-06,7e-05,1.620293530230844e-05,0
-1.9999999999999998e-05,1.9999999999999995e-06,7e-05,1.620293530230844e-05,0
-1.9999999999999998e-05,2.399999999999999e-06,7e-05,1.620293530230844e-05,0
-1.9999999999999998e-05,2.8000000000000003e-06,7e-05,1.620293530230844e-05,0
-1.9999999999999998e-05,3.2e-06,7e-05,1.620293530230844e-05,0
-1.9999999999999998e-05,3.5999999999999994e-06,7e-05,1.620293530230844e-05,0
-1.9999999999999998e-05,3.999999999999999e-06,7e-05,1.620293530230844e-05,0
-1.9999999999999998e-05,4.400000000000002e-06,7e-05,1.620293530230844e-05,0
-1.9999999999999998e-05,4.799999999999998e-06,7e-05,1.620293530230844e-05,0
-1.9999999999999998e-05,5.199999999999998e-06,7e-05,1.620293530230844e-05,0
-1.9999999999999998e-05,5.600000000000001e-06,7e-05,1.620293530230844e-05,0
-1.9999999999999998e-05,6e-06,7e-05,1.620293530230844e-05,0
-1.9999999999999998e-05,6.4e-06,7e-05,1.620293530230844e-05,0
-1.9999999999999998e-05,6.800000000000003e-06,7e-05,1.620293530230844e-05,0
-1.9999999999999998e-05,7.199999999999999e-06,7e-05,1.620293530230844e-05,0
-1.9999999999999998e-05,7.599999999999998e-06,7e-05,1.620293530230844e-05,0
-1.9999999999999998e-05,8.000000000000001e-06,7e-05,1.620293530230844e-05,0
-1.9999999999999998e-05,8.400000000000001e-06,7e-05,1.620293530230844e-05,0
-1.9999999999999998e-05,8.8e-06,7e-05,1.620293530230844e-05,0
-1.9999999999999998e-05,9.200000000000003e-06,7e-05,1.620293530230844e-05,0
-1.9999999999999998e-05,9.6e-06,7e-05,1.620293530230844e-05,0
-1.9999999999999998e-05,9.999999999999999e-06,7e-05,1.620293530230844e-05,0
-1.9999999999999998e-05,1.0400000000000002e-05,7e-05,1.620293530230844e-05,0
-1.9999999999999998e-05,1.0800000000000002e-05,7e-05,1.620293530230844e-05,0
-1.9999999999999998e-05,1.1200000000000001e-05,7e-05,1.620293530230844e-05,0
-1.9999999999999998e-05,1.1599999999999997e-05,7e-05,1.620293530230844e-05,0
-1.9999999999999998e-05,1.2e-05,7e-05,1.620293530230844e-05,0
-1.9e-05,-1.2e-05,7e-05,1.528168574089706e-05,0
-1.9e-05,-1.16e-05,7e-05,1.528168574089706e-05,0
-1.9e-05,-1.12e-05,7e-05,1.528168574089706e-05,0
-1.9e-05,-1.08e-05,7e-05,1.528168574089706e-05,0
-1.9e-05,-1.04e-05,7e-05,1.528168574089706e-05,0
-1.9e-05,-1e-05,7e-05,1.528168574089706e-05,0
-1.9e-05,-9.6e-06,7e-05,1.528168574089706e-05,0
-1.9e-05,-9.2e-06,7e-05,1.528168574089706e-05,0
-1.9e-05,-8.8e-06,7e-05,1.528168574089706e-05,0
-1.9e-05,-8.400000000000001e-06,7e-05,1.528168574089706e-05,0
-1.9e-05,-8.000000000000001e-06,7e-05,1.528168574089706e-05,0
-1.9e-05,-7.6e-06,7e-05,1.528168574089706e-05,0
-1.9e-05,-7.2000000000000005e-06,7e-05,1.528168574089706e-05,0
-1.9e-05,-6.8e-06,7e-05,1.528168574089706e-05,0
-1.9e-05,-6.4e-06,7e-05,1.528168574089706e-05,0
-1.9e-05,-6e-06,7e-05,1.528168574089706e-05,0
-1.9e-05,-5.6e-06,7e-05,1.528168574089706e-05,0
-1.9e-05,-5.2e-06,7e-05,1.528168574089706e-05,0
-1.9e-05,-4.800000000000001e-06,7e-05,1.528168574089706e-05,0
-1.9e-05,-4.4e-06,7e-05,1.528168574089706e-05,0
-1.9e-05,-4.000000000000001e-06,7e-05,1.528168574089706e-05,0
-1.9e-05,-3.600000000000001e-06,7e-05,1.528168574089706e-05,0
-1.9e-05,-3.2e-06,7e-05,1.528168574089706e-05,0
-1.9e-05,-2.8000000000000003e-06,7e-05,1.528168574089706e-05,0
-1.9e-05,-2.4000000000000007e-06,7e-05,1.528168574089706e-05,0
-1.9e-05,-1.9999999999999995e-06,7e-05,1.528168574089706e-05,0
-1.9e-05,-1.6e-06,7e-05,1.528168574089706e-05,0
-1.9e-05,-1.2000000000000004e-06,7e-05,1.528168574089706e-05,0
-1.9e-05,-7.999999999999991e-07,7e-05,1.528168574089706e-05,0
-1.9e-05,-3.9999999999999956e-07,7e-05,1.528168574089706e-05,0
-1.9e-05,0.0,7e-05,1.528168574089706e-05,0
-1.9e-05,3.9999999999999956e-07,7e-05,1.528168574089706e-05,0
-1.9e-05,8.000000000000008e-07,7e-05,1.528168574089706e-05,0
-1.9e-05,1.2000000000000004e-06,7e-05,1.528168574089706e-05,0
-1.9e-05,1.6e-06,7e-05,1.528168574089706e-05,0
-1.9e-05,1.9999999999999995e-06,7e-05,1.528168574089706e-05,0
-1.9e-05,2.399999999999999e-06,7e-05,1.528168574089706e-05,0
-1.9e-05,2.8000000000000003e-06,7e-05,1.528168574089706e-05,0
-1.9e-05,3.2e-06,7e-05,1.528168574089706e-05,0
-1.9e-05,3.5999999999999994e-06,7e-05,1.528168574089706e-05,0
-1.9e-05,3.999999999999999e-06,7e-05,1.528168574089706e-05,0
-1.9e-05,4.400000000000002e-06,7e-05,1.528168574089706e-05,0
-1.9e-05,4.799999999999998e-06,7e-05,1.528168574089706e-05,0
-1.9e-05,5.199999999999998e-06,7e-05,1.528168574089706e-05,0
-1.9e-05,5.600000000000001e-06,7e-05,1.528168574089706e-05,0
-1.9e-05,6e-06,7e-05,1.528168574089706e-05,0
-1.9e-05,6.4e-06,7e-05,1.528168574089706e-05,0
-1.9e-05,6.800000000000003e-06,7e-05,1.528168574089706e-05,0
-1.9e-05,7.199999999999999e-06,7e-05,1.528168574089706e-05,0
-1.9e-05,7.599999999999998e-06,7e-05,1.528168574089706e-05,0
-1.9e-05,8.000000000000001e-06,7e-05,1.528168574089706e-05,0
-1.9e-05,8.400000000000001e-06,7e-05,1.528168574089706e-05,0
-1.9e-05,8.8e-06,7e-05,1.528168574089706e-05,0
-1.9e-05,9.200000000000003e-06,7e-05,1.528168574089706e-05,0
-1.9e-05,9.6e-06,7e-05,1.528168574089706e-05,0
-1.9e-05,9.999999999999999e-06,7e-05,1.528168574089706e-05,0
-1.9e-05,1.0400000000000002e-05,7e-05,1.528168574089706e-05,0
-1.9e-05,1.0800000000000002e-05,7e-05,1.528168574089706e-05,0
-1.9e-05,1.1200000000000001e-05,7e-05,1.528168574089706e-05,0
-1.9e-05,1.1599999999999997e-05,7e-05,1.528168574089706e-05,0
-1.9e-05,1.2e-05,7e-05,1.528168574089706e-05,0
-1.8e-05,-1.2e-05,7e-05,1.4360436179485666e-05,0
-1.8e-05,-1.16e-05,7e-05,1.4360436179485666e-05,0
-1.8e-05,-1.12e-05,7e-05,1.4360436179485666e-05,0
-1.8e-05,-1.08e-05,7e-05,1.4360436179485666e-05,0
-1.8e-05,-1.04e-05,7e-05,1.4360436179485666e-05,0
-1.8e-05,-1e-05,7e-05,1.4360436179485666e-05,0
-1.8e-05,-9.6e-06,7e-05,1.4360436179485666e-05,0
-1.8e-05,-9.2e-06,7e-05,1.4360436179485666e-05,0
-1.8e-05,-8.8e-06,7e-05,1.4360436179485666e-05,0
-1.8e-05,-8.400000000000001e-06,7e-05,1.4360436179485666e-05,0
-1.8e-05,-8.000000000000001e-06,7e-05,1.4360436179485666e-05,0
-1.8e-05,-7.6e-06,7e-05,1.4360436179485666e-05,0
-1.8e-05,-7.2000000000000005e-06,7e-05,1.4360436179485666e-05,0
-1.8e-05,-6.8e-06,7e-05,1.4360436179485666e-05,0
-1.8e-05,-6.4e-06,7e-05,1.4360436179485666e-05,0
-1.8e-05,-6e-06,7e-05,1.4360436179485666e-05,0
-1.8e-05,-5.6e-06,7e-05,1.4360436179485666e-05,0
-1.8e-05,-5.2e-06,7e-05,1.4360436179485666e-05,0
-1.8e-05,-4.800000000000001e-06,7e-05,1.4360436179485666e-05,0
-1.8e-05,-4.4e-06,7e-05,1.4360436179485666e-05,0
-1.8e-05,-4.000000000000001e-06,7e-05,1.4360436179485666e-05,0
-1.8e-05,-3.600000000000001e-06,7e-05,1.4360436179485666e-05,0
-1.8e-05,-3.2e-06,7e-05,1.4360436179485666e-05,0
-1.8e-05,-2.8000000000000003e-06,7e-05,1.4360436179485666e-05,0
-1.8e-05,-2.4000000000000007e-06,7e-05,1.4360436179485666e-05,0
-1.8e-05,-1.9999999999999995e-06,7e-05,1.4360436179485666e-05,0
-1.8e-05,-1.6e-06,7e-05,1.4360436179485666e-05,0
-1.8e-05,-1.2000000000000004e-06,7e-05,1.4360436179485666e-05,0
-1.8e-05,-7.999999999999991e-07,7e-05,1.4360436179485666e-05,0
-1.8e-05,-3.9999999999999956e-07,7e-05,1.4360436179485666e-05,0
-1.8e-05,0.0,7e-05,1.4360436179485666e-05,0
-1.8e-05,3.9999999999999956e-07,7e-05,1.4360436179485666e-05,0
-1.8e-05,8.000000000000008e-07,7e-05,1.4360436179485666e-05,0
-1.8e-05,1.2000000000000004e-06,7e-05,1.4360436179485666e-05,0
-1.8e-05,1.6e-06,7e-05,1.4360436179485666e-05,0
-1.8e-05,1.9999999999999995e-06,7e-05,1.4360436179485666e-05,0
-1.8e-05,2.399999999999999e-06,7e-05,1.4360436179485666e-05,0
-1.8e-05,2.8000000000000003e-06,7e-05,1.4360436179485666e-05,0
-1.8e-05,3.2e-06,7e-05,1.4360436179485666e-05,0
-1.8e-05,3.5999999999999994e-06,7e-05,1.4360436179485666e-05,0
-1.8e-05,3.999999999999999e-06,7e-05,1.4360436179485666e-05,0
-1.8e-05,4.400000000000002e-06,7e-05,1.4360436179485666e-05,0
-1.8e-05,4.799999999999998e-06,7e-05,1.4360436179485666e-05,0
-1.8e-05,5.199999999999998e-06,7e-05,1.4360436179485666e-05,0
-1.8e-05,5.600000000000001e-06,7e-05,1.4360436179485666e-05,0
-1.8e-05,6e-06,7e-05,1.4360436179485666e-05,0
-1.8e-05,6.4e-06,7e-05,1.4360436179485666e-05,0
-1.8e-05,6.800000000000003e-06,7e-05,1.4360436179485666e-05,0
-1.8e-05,7.199999999999999e-06,7e-05,1.4360436179485666e-05,0
-1.8e-05,7.599999999999998e-06,7e-05,1.4360436179485666e-05,0
-1.8e-05,8.000000000000001e-06,7e-05,1.4360436179485666e-05,0
-1.8e-05,8.400000000000001e-06,7e-05,1.4360436179485666e-05,0
-1.8e-05,8.8e-06,7e-05,1.4360436179485666e-05,0
-1.8e-05,9.200000000000003e-06,7e-05,1.4360436179485666e-05,0
-1.8e-05,9.6e-06,7e-05,1.4360436179485666e-05,0
-1.8e-05,9.999999999999999e-06,7e-05,1.4360436179485666e-05,0
-1.8e-05,1.0400000000000002e-05,7e-05,1.4360436179485666e-05,0
-1.8e-05,1.0800000000000002e-05,7e-05,1.4360436179485666e-05,0
-1.8e-05,1.1200000000000001e-05,7e-05,1.4360436179485666e-05,0
-1.8e-05,1.1599999999999997e-05,7e-05,1.4360436179485666e-05,0
-1.8e-05,1.2e-05,7e-05,1.4360436179485666e-05,0
-1.7e-05,-1.2e-05,7e-05,1.3439186618074289e-05,0
-1.7e-05,-1.16e-05,7e-05,1.3439186618074289e-05,0
-1.7e-05,-1.12e-05,7e-05,1.3439186618074289e-05,0
-1.7e-05,-1.08e-05,7e-05,1.3439186618074289e-05,0
-1.7e-05,-1.04e-05,7e-05,1.3439186618074289e-05,0
-1.7e-05,-1e-05,7e-05,1.3439186618074289e-05,0
-1.7e-05,-9.6e-06,7e-05,1.3439186618074289e-05,0
-1.7e-05,-9.2e-06,7e-05,1.3439186618074289e-05,0
-1.7e-05,-8.8e-06,7e-05,1.3439186618074289e-05,0
-1.7e-05,-8.400000000000001e-06,7e-05,1.3439186618074289e-05,0
-1.7e-05,-8.000000000000001e-06,7e-05,1.3439186618074289e-05,0
-1.7e-05,-7.6e-06,7e-05,1.3439186618074289e-05,0
-1.7e-05,-7.2000000000000005e-06,7e-05,1.3439186618074289e-05,0
-1.7e-05,-6.8e-06,7e-05,1.3439186618074289e-05,0
-1.7e-05,-6.4e-06,7e-05,1.3439186618074289e-05,0
-1.7e-05,-6e-06,7e-05,1.3439186618074289e-05,0
-1.7e-05,-5.6e-06,7e-05,1.3439186618074289e-05,0
-1.7e-05,-5.2e-06,7e-05,1.3439186618074289e-05,0
-1.7e-05,-4.800000000000001e-06,7e-05,1.3439186618074289e-05,0
-1.7e-05,-4.4e-06,7e-05,1.3439186618074289e-05,0
-1.7e-05,-4.000000000000001e-06,7e-05,1.3439186618074289e-05,0
-1.7e-05,-3.600000000000001e-06,7e-05,1.3439186618074289e-05,0
-1.7e-05,-3.2e-06,7e-05,1.3439186618074289e-05,0
-1.7e-05,-2.8000000000000003e-06,7e-05,1.3439186618074289e-05,0
-1.7e-05,-2.4000000000000007e-06,7e-05,1.3439186618074289e-05,0
-1.7e-05,-1.9999999999999995e-06,7e-05,1.3439186618074289e-05,0
-1.7e-05,-1.6e-06,7e-05,1.3439186618074289e-05,0
-1.7e-05,-1.2000000000000004e-06,7e-05,1.3439186618074289e-05,0
-1.7e-05,-7.999999999999991e-07,7e-05,1.3439186618074289e-05,0
-1.7e-05,-3.9999999999999956e-07,7e-05,1.3439186618074289e-05,0
-1.7e-05,0.0,7e-05,1.3439186618074289e-05,0
-1.7e-05,3.9999999999999956e-07,7e-05,1.3439186618074289e-05,0
-1.7e-05,8.000000000000008e-07,7e-05,1.3439186618074289e-05,0
-1.7e-05,1.2000000000000004e-06,7e-05,1.3439186618074289e-05,0
-1.7e-05,1.6e-06,7e-05,1.3439186618074289e-05,0
-1.7e-05,1.9999999999999995e-06,7e-05,1.3439186618074289e-05,0
-1.7e-05,2.399999999999999e-06,7e-05,1.3439186618074289e-05,0
-1.7e-05,2.8000000000000003e-06,7e-05,1.3439186618074289e-05,0
-1.7e-05,3.2e-06,7e-05,1.3439186618074289e-05,0
-1.7e-05,3.5999999999999994e-06,7e-05,1.3439186618074289e-05,0
-1.7e-05,3.999999999999999e-06,7e-05,1.3439186618074289e-05,0
-1.7e-05,4.400000000000002e-06,7e-05,1.3439186618074289e-05,0
-1.7e-05,4.799999999999998e-06,7e-05,1.3439186618074289e-05,0
-1.7e-05,5.199999999999998e-06,7e-05,1.3439186618074289e-05,0
-1.7e-05,5.600000000000001e-06,7e-05,1.3439186618074289e-05,0
-1.7e-05,6e-06,7e-05,1.3439186618074289e-05,0
-1.7e-05,6.4e-06,7e-05,1.3439186618074289e-05,0
-1.7e-05,6.800000000000003e-06,7e-05,1.3439186618074289e-05,0
-1.7e-05,7.199999999999999e-06,7e-05,1.3439186618074289e-05,0
-1.7e-05,7.599999999999998e-06,7e-05,1.3439186618074289e-05,0
-1.7e-05,8.000000000000001e-06,7e-05,1.3439186618074289e-05,0
-1.7e-05,8.400000000000001e-06,7e-05,1.3439186618074289e-05,0
-1.7e-05,8.8e-06,7e-05,1.3439186618074289e-05,0
-1.7e-05,9.200000000000003e-06,7e-05,1.3439186618074289e-05,0
-1.7e-05,9.6e-06,7e-05,1.3439186618074289e-05,0
-1.7e-05,9.999999999999999e-06,7e-05,1.3439186618074289e-05,0
-1.7e-05,1.0400000000000002e-05,7e-05,1.3439186618074289e-05,0
-1.7e-05,1.0800000000000002e-05,7e-05,1.3439186618074289e-05,0
-1.7e-05,1.1200000000000001e-05,7e-05,1.3439186618074289e-05,0
-1.7e-05,1.1599999999999997e-05,7e-05,1.3439186618074289e-05,0
-1.7e-05,1.2e-05,7e-05,1.3439186618074289e-05,0
-1.6000000000000003e-05,-1.2e-05,7e-05,1.25179370566629e-05,0
-1.6000000000000003e-05,-1.16e-05,7e-05,1.25179370566629e-05,0
-1.6000000000000003e-05,-1.12e-05,7e-05,1.25179370566629e-05,0
-1.6000000000000003e-05,-1.08e-05,7e-05,1.25179370566629e-05,0
-1.6000000000000003e-05,-1.04e-05,7e-05,1.25179370566629e-05,0
-1.6000000000000003e-05,-1e-05,7e-05,1.25179370566629e-05,0
-1.6000000000000003e-05,-9.6e-06,7e-05,1.25179370566629e-05,0
-1.6000000000000003e-05,-9.2e-06,7e-05,1.25179370566629e-05,0
-1.6000000000000003e-05,-8.8e-06,7e-05,1.25179370566629e-05,0
-1.6000000000000003e-05,-8.400000000000001e-06,7e-05,1.25179370566629e-05,0
-1.6000000000000003e-05,-8.000000000000001e-06,7e-05,1.25179370566629e-05,0
-1.6000000000000003e-05,-7.6e-06,7e-05,1.25179370566629e-05,0
-1.6000000000000003e-05,-7.2000000000000005e-06,7e-05,1.25179370566629e-05,0
-1.6000000000000003e-05,-6.8e-06,7e-05,1.25179370566629e-05,0
-1.6000000000000003e-05,-6.4e-06,7e-05,1.25179370566629e-05,0
-1.6000000000000003e-05,-6e-06,7e-05,1.25179370566629e-05,0
-1.6000000000000003e-05,-5.6e-06,7e-05,1.25179370566629e-05,0
-1.6000000000000003e-05,-5.2e-06,7e-05,1.25179370566629e-05,0
-1.6000000000000003e-05,-4.800000000000001e-06,7e-05,1.25179370566629e-05,0
-1.6000000000000003e-05,-4.4e-06,7e-05,1.25179370566629e-05,0
-1.6000000000000003e-05,-4.000000000000001e-06,7e-05,1.25179370566629e-05,0
-1.6000000000000003e-05,-3.600000000000001e-06,7e-05,1.25179370566629e-05,0
-1.6000000000000003e-05,-3.2e-06,7e-05,1.25179370566629e-05,0
-1.6000000000000003e-05,-2.8000000000000003e-06,7e-05,1.25179370566629e-05,0
-1.6000000000000003e-05,-2.4000000000000007e-06,7e-05,1.25179370566629e-05,0
-1.6000000000000003e-05,-1.9999999999999995e-06,7e-05,1.25179370566629e-05,0
-1.6000000000000003e-05,-1.6e-06,7e-05,1.25179370566629e-05,0
-1.6000000000000003e-05,-1.2000000000000004e-06,7e-05,1.25179370566629e-05,0
-1.6000000000000003e-05,-7.999999999999991e-07,7e-05,1.25179370566629e-05,0
-1.6000000000000003e-05,-3.9999999999999956e-07,7e-05,1.25179370566629e-05,0
-1.6000000000000003e-05,0.0,7e-05,1.25179370566629e-05,0
-1.6000000000000003e-05,3.9999999999999956e-07,7e-05,1.25179370566629e-05,0
-1.6000000000000003e-05,8.000000000000008e-07,7e-05,1.25179370566629e-05,0
-1.6000000000000003e-05,1.2000000000000004e-06,7e-05,1.25179370566629e-05,0
-1.6000000000000003e-05,1.6e-06,7e-05,1.25179370566629e-05,0
-1.6000000000000003e-05,1.9999999999999995e-06,7e-05,1.25179370566629e-05,0
-1.6000000000000003e-05,2.399999999999999e-06,7e-05,1.25179370566629e-05,0
-1.6000000000000003e-05,2.8000000000000003e-06,7e-05,1.25179370566629e-05,0
-1.6000000000000003e-05,3.2e-06,7e-05,1.25179370566629e-05,0
-1.6000000000000003e-05,3.5999999999999994e-06,7e-05,1.25179370566629e-05,0
-1.6000000000000003e-05,3.999999999999999e-06,7e-05,1.25179370566629e-05,0
-1.6000000000000003e-05,4.400000000000002e-06,7e-05,1.25179370566629e-05,0
-1.6000000000000003e-05,4.799999999999998e-06,7e-05,1.25179370566629e-05,0
-1.6000000000000003e-05,5.199999999999998e-06,7e-05,1.25179370566629e-05,0
-1.6000000000000003e-05,5.600000000000001e-06,7e-05,1.25179370566629e-05,0
-1.6000000000000003e-05,6e-06,7e-05,1.25179370566629e-05,0
-1.6000000000000003e-05,6.4e-06,7e-05,1.25179370566629e-05,0
-1.6000000000000003e-05,6.800000000000003e-06,7e-05,1.25179370566629e-05,0
-1.6000000000000003e-05,7.199999999999999e-06,7e-05,1.25179370566629e-05,0
-1.6000000000000003e-05,7.599999999999998e-06,7e-05,1.25179370566629e-05,0
-1.6000000000000003e-05,8.000000000000001e-06,7e-05,1.25179370566629e-05,0
-1.6000000000000003e-05,8.400000000000001e-06,7e-05,1.25179370566629e-05,0
-1.6000000000000003e-05,8.8e-06,7e-05,1.25179370566629e-05,0
-1.6000000000000003e-05,9.200000000000003e-06,7e-05,1.25179370566629e-05,0
-1.6000000000000003e-05,9.6e-06,7e-05,1.25179370566629e-05,0
-1.6000000000000003e-05,9.999999999999999e-06,7e-05,1.25179370566629e-05,0
-1.6000000000000003e-05,1.0400000000000002e-05,7e-05,1.25179370566629e-05,0
-1.6000000000000003e-05,1.0800000000000002e-05,7e-05,1.25179370566629e-05,0
-1.6000000000000003e-05,1.1200000000000001e-05,7e-05,1.25179370566629e-05,0
-1.6000000000000003e-05,1.1599999999999997e-05,7e-05,1.25179370566629e-05,0
-1.6000000000000003e-05,1.2e-05,7e-05,1.25179370566629e-05,0
-1.5e-05,-1.2e-05,7e-05,1.1596687495251517e-05,0
-1.5e-05,-1.16e-05,7e-05,1.1596687495251517e-05,0
-1.5e-05,-1.12e-05,7e-05,1.1596687495251517e-05,0
-1.5e-05,-1.08e-05,7e-05,1.1596687495251517e-05,0
-1.5e-05,-1.04e-05,7e-05,1.1596687495251517e-05,0
-1.5e-05,-1e-05,7e-05,1.1596687495251517e-05,0
-1.5e-05,-9.6e-06,7e-05,1.1596687495251517e-05,0
-1.5e-05,-9.2e-06,7e-05,1.1596687495251517e-05,0
-1.5e-05,-8.8e-06,7e-05,1.1596687495251517e-05,0
-1.5e-05,-8.400000000000001e-06,7e-05,1.1596687495251517e-05,0
-1.5e-05,-8.000000000000001e-06,7e-05,1.1596687495251517e-05,0
-1.5e-05,-7.6e-06,7e-05,1.1596687495251517e-05,0
-1.5e-05,-7.2000000000000005e-06,7e-05,1.1596687495251517e-05,0
-1.5e-05,-6.8e-06,7e-05,1.1596687495251517e-05,0
-1.5e-05,-6.4e-06,7e-05,1.1596687495251517e-05,0
-1.5e-05,-6e-06,7e-05,1.1596687495251517e-05,0
-1.5e-05,-5.6e-06,7e-05,1.1596687495251517e-05,0
-1.5e-05,-5.2e-06,7e-05,1.1596687495251517e-05,0
-1.5e-05,-4.800000000000001e-06,7e-05,1.1596687495251517e-05,0
-1.5e-05,-4.4e-06,7e-05,1.1596687495251517e-05,0
-1.5e-05,-4.000000000000001e-06,7e-05,1.1596687495251517e-05,0
-1.5e-05,-3.600000000000001e-06,7e-05,1.1596687495251517e-05,0
-1.5e-05,-3.2e-06,7e-05,1.1596687495251517e-05,0
-1.5e-05,-2.8000000000000003e-06,7e-05,1.1596687495251517e-05,0
-1.5e-05,-2.4000000000000007e-06,7e-05,1.1596687495251517e-05,0
-1.5e-05,-1.9999999999999995e-06,7e-05,1.1596687495251517e-05,0
-1.5e-05,-1.6e-06,7e-05,1.1596687495251517e-05,0
-1.5e-05,-1.2000000000000004e-06,7e-05,1.1596687495251517e-05,0
-1.5e-05,-7.999999999999991e-07,7e-05,1.1596687495251517e-05,0
-1.5e-05,-3.9999999999999956e-07,7e-05,1.1596687495251517e-05,0
-1.5e-05,0.0,7e-05,1.1596687495251517e-05,0
-1.5e-05,3.9999999999999956e-07,7e-05,1.1596687495251517e-05,0
-1.5e-05,8.000000000000008e-07,7e-05,1.1596687495251517e-05,0
-1.5e-05,1.2000000000000004e-06,7e-05,1.1596687495251517e-05,0
-1.5e-05,1.6e-06,7e-05,1.1596687495251517e-05,0
-1.5e-05,1.9999999999999995e-06,7e-05,1.1596687495251517e-05,0
-1.5e-05,2.399999999999999e-06,7e-05,1.1596687495251517e-05,0
-1.5e-05,2.8000000000000003e-06,7e-05,1.1596687495251517e-05,0
-1.5e-05,3.2e-06,7e-05,1.1596687495251517e-05,0
-1.5e-05,3.5999999999999994e-06,7e-05,1.1596687495251517e-05,0
-1.5e-05,3.999999999999999e-06,7e-05,1.1596687495251517e-05,0
-1.5e-05,4.400000000000002e-06,7e-05,1.1596687495251517e-05,0
-1.5e-05,4.799999999999998e-06,7e-05,1.1596687495251517e-05,0
-1.5e-05,5.199999999999998e-06,7e-05,1.1596687495251517e-05,0
-1.5e-05,5.600000000000001e-06,7e-05,1.1596687495251517e-05,0
-1.5e-05,6e-06,7e-05,1.1596687495251517e-05,0
-1.5e-05,6.4e-06,7e-05,1.1596687495251517e-05,0
-1.5e-05,6.800000000000003e-06,7e-05,1.1596687495251517e-05,0
-1.5e-05,7.199999999999999e-06,7e-05,1.1596687495251517e-05,0
-1.5e-05,7.599999999999998e-06,7e-05,1.1596687495251517e-05,0
-1.5e-05,8.000000000000001e-06,7e-05,1.1596687495251517e-05,0
-1.5e-05,8.400000000000001e-06,7e-05,1.1596687495251517e-05,0
-1.5e-05,8.8e-06,7e-05,1.1596687495251517e-05,0
-1.5e-05,9.200000000000003e-06,7e-05,1.1596687495251517e-05,0
-1.5e-05,9.6e-06,7e-05,1.1596687495251517e-05,0
-1.5e-05,9.999999999999999e-06,7e-05,1.1596687495251517e-05,0
-1.5e-05,1.0400000000000002e-05,7e-05,1.1596687495251517e-05,0
-1.5e-05,1.0800000000000002e-05,7e-05,1.1596687495251517e-05,0
-1.5e-05,1.1200000000000001e-05,7e-05,1.1596687495251517e-05,0
-1.5e-05,1.1599999999999997e-05,7e-05,1.1596687495251517e-05,0
-1.5e-05,1.2e-05,7e-05,1.1596687495251517e-05,0
-1.4000000000000001e-05,-1.2e-05,7e-05,1.067543793384013e-05,0
-1.4000000000000001e-05,-1.16e-05,7e-05,1.067543793384013e-05,0
-1.4000000000000001e-05,-1.12e-05,7e-05,1.067543793384013e-05,0
-1.4000000000000001e-05,-1.08e-05,7e-05,1.067543793384013e-05,0
-1.4000000000000001e-05,-1.04e-05,7e-05,1.067543793384013e-05,0
-1.4000000000000001e-05,-1e-05,7e-05,1.067543793384013e-05,0
-1.4000000000000001e-05,-9.6e-06,7e-05,1.067543793384013e-05,0
-1.4000000000000001e-05,-9.2e-06,7e-05,1.067543793384013e-05,0
-1.4000000000000001e-05,-8.8e-06,7e-05,1.067543793384013e-05,0
-1.4000000000000001e-05,-8.400000000000001e-06,7e-05,1.067543793384013e-05,0
-1.4000000000000001e-05,-8.000000000000001e-06,7e-05,1.067543793384013e-05,0
-1.4000000000000001e-05,-7.6e-06,7e-05,1.067543793384013e-05,0
-1.4000000000000001e-05,-7.2000000000000005e-06,7e-05,1.067543793384013e-05,0
-1.4000000000000001e-05,-6.8e-06,7e-05,1.067543793384013e-05,0
-1.4000000000000001e-05,-6.4e-06,7e-05,1.067543793384013e-05,0
-1.4000000000000001e-05,-6e-06,7e-05,1.067543793384013e-05,0
-1.4000000000000001e-05,-5.6e-06,7e-05,1.067543793384013e-05,0
-1.4000000000000001e-05,-5.2e-06,7e-05,1.067543793384013e-05,0
-1.4000000000000001e-05,-4.800000000000001e-06,7e-05,1.067543793384013e-05,0
-1.4000000000000001e-05,-4.4e-06,7e-05,1.067543793384013e-05,0
-1.4000000000000001e-05,-4.000000000000001e-06,7e-05,1.067543793384013e-05,0
-1.4000000000000001e-05,-3.600000000000001e-06,7e-05,1.067543793384013e-05,0
-1.4000000000000001e-05,-3.2e-06,7e-05,1.067543793384013e-05,0
-1.4000000000000001e-05,-2.8000000000000003e-06,7e-05,1.067543793384013e-05,0
-1.4000000000000001e-05,-2.4000000000000007e-06,7e-05,1.067543793384013e-05,0
-1.4000000000000001e-05,-1.9999999999999995e-06,7e-05,1.067543793384013e-05,0
-1.4000000000000001e-05,-1.6e-06,7e-05,1.067543793384013e-05,0
-1.4000000000000001e-05,-1.2000000000000004e-06,7e-05,1.067543793384013e-05,0
-1.4000000000000001e-05,-7.999999999999991e-07,7e-05,1.067543793384013e-05,0
-1.4000000000000001e-05,-3.9999999999999956e-07,7e-05,1.067543793384013e-05,0
-1.4000000000000001e-05,0.0,7e-05,1.067543793384013e-05,0
-1.4000000000000001e-05,3.9999999999999956e-07,7e-05,1.067543793384013e-05,0
-1.4000000000000001e-05,8.000000000000008e-07,7e-05,1.067543793384013e-05,0
-1.4000000000000001e-05,1.2000000000000004e-06,7e-05,1.067543793384013e-05,0
-1.4000000000000001e-05,1.6e-06,7e-05,1.067543793384013e-05,0
-1.4000000000000001e-05,1.9999999999999995e-06,7e-05,1.067543793384013e-05,0
-1.4000000000000001e-05,2.399999999999999e-06,7e-05,1.067543793384013e-05,0
-1.4000000000000001e-05,2.8000000000000003e-06,7e-05,1.067543793384013e-05,0
-1.4000000000000001e-05,3.2e-06,7e-05,1.067543793384013e-05,0
-1.4000000000000001e-05,3.5999999999999994e-06,7e-05,1.067543793384013e-05,0
-1.4000000000000001e-05,3.999999999999999e-06,7e-05,1.067543793384013e-05,0
-1.4000000000000001e-05,4.400000000000002e-06,7e-05,1.067543793384013e-05,0
-1.4000000000000001e-05,4.799999999999998e-06,7e-05,1.067543793384013e-05,0
-1.4000000000000001e-05,5.199999999999998e-06,7e-05,1.067543793384013e-05,0
-1.4000000000000001e-05,5.600000000000001e-06,7e-05,1.067543793384013e-05,0
-1.4000000000000001e-05,6e-06,7e-05,1.067543793384013e-05,0
-1.4000000000000001e-05,6.4e-06,7e-05,1.067543793384013e-05,0
-1.4000000000000001e-05,6.800000000000003e-06,7e-05,1.067543793384013e-05,0
-1.4000000000000001e-05,7.199999999999999e-06,7e-05,1.067543793384013e-05,0
-1.4000000000000001e-05,7.599999999999998e-06,7e-05,1.067543793384013e-05,0
-1.4000000000000001e-05,8.000000000000001e-06,7e-05,1.067543793384013e-05,0
-1.4000000000000001e-05,8.400000000000001e-06,7e-05,1.067543793384013e-05,0
-1.4000000000000001e-05,8.8e-06,7e-05,1.067543793384013e-05,0
-1.4000000000000001e-05,9.200000000000003e-06,7e-05,1.067543793384013e-05,0
-1.4000000000000001e-05,9.6e-06,7e-05,1.067543793384013e-05,0
-1.4000000000000001e-05,9.999999999999999e-06,7e-05,1.067543793384013e-05,0
-1.4000000000000001e-05,1.0400000000000002e-05,7e-05,1.067543793384013e-05,0
-1.4000000000000001e-05,1.0800000000000002e-05,7e-05,1.067543793384013e-05,0
-1.4000000000000001e-05,1.1200000000000001e-05,7e-05,1.067543793384013e-05,0
-1.4000000000000001e-05,1.1599999999999997e-05,7e-05,1.067543793384013e-05,0
-1.4000000000000001e-05,1.2e-05,7e-05,1.067543793384013e-05,0
-1.3000000000000001e-05,-1.2e-05,7e-05,9.754188372428738e-06,0
-1.3000000000000001e-05,-1.16e-05,7e-05,9.754188372428738e-06,0
-1.3000000000000001e-05,-1.12e-05,7e-05,9.754188372428738e-06,0
-1.3000000000000001e-05,-1.08e-05,7e-05,9.754188372428738e-06,0
-1.3000000000000001e-05,-1.04e-05,7e-05,9.754188372428738e-06,0
-1.3000000000000001e-05,-1e-05,7e-05,9.754188372428738e-06,0
-1.3000000000000001e-05,-9.6e-06,7e-05,9.754188372428738e-06,0
-1.3000000000000001e-05,-9.2e-06,7e-05,9.754188372428738e-06,0
-1.3000000000000001e-05,-8.8e-06,7e-05,9.754188372428738e-06,0
-1.3000000000000001e-05,-8.400000000000001e-06,7e-05,9.754188372428738e-06,0
-1.3000000000000001e-05,-8.000000000000001e-06,7e-05,9.754188372428738e-06,0
-1.3000000000000001e-05,-7.6e-06,7e-05,9.754188372428738e-06,0
-1.3000000000000001e-05,-7.2000000000000005e-06,7e-05,9.754188372428738e-06,0
-1.3000000000000001e-05,-6.8e-06,7e-05,9.754188372428738e-06,0
-1.3000000000000001e-05,-6.4e-06,7e-05,9.754188372428738e-06,0
-1.3000000000000001e-05,-6e-06,7e-05,9.754188372428738e-06,0
-1.3000000000000001e-05,-5.6e-06,7e-05,9.754188372428738e-06,0
-1.3000000000000001e-05,-5.2e-06,7e-05,9.754188372428738e-06,0
-1.3000000000000001e-05,-4.800000000000001e-06,7e-05,9.754188372428738e-06,0
-1.3000000000000001e-05,-4.4e-06,7e-05,9.754188372428738e-06,0
-1.3000000000000001e-05,-4.000000000000001e-06,7e-05,9.754188372428738e-06,0
-1.3000000000000001e-05,-3.600000000000001e-06,7e-05,9.754188372428738e-06,0
-1.3000000000000001e-05,-3.2e-06,7e-05,9.754188372428738e-06,0
-1.3000000000000001e-05,-2.8000000000000003e-06,7e-05,9.754188372428738e-06,0
-1.3000000000000001e-05,-2.4000000000000007e-06,7e-05,9.754188372428738e-06,0
-1.3000000000000001e-05,-1.9999999999999995e-06,7e-05,9.754188372428738e-06,0
-1.3000000000000001e-05,-1.6e-06,7e-05,9.754188372428738e-06,0
-1.3000000000000001e-05,-1.2000000000000004e-06,7e-05,9.754188372428738e-06,0
-1.3000000000000001e-05,-7.999999999999991e-07,7e-05,9.754188372428738e-06,0
-1.3000000000000001e-05,-3.9999999999999956e-07,7e-05,9.754188372428738e-06,0
-1.3000000000000001e-05,0.0,7e-05,9.754188372428738e-06,0
-1.3000000000000001e-05,3.9999999999999956e-07,7e-05,9.754188372428738e-06,0
-1.3000000000000001e-05,8.000000000000008e-07,7e-05,9.754188372428738e-06,0
-1.3000000000000001e-05,1.2000000000000004e-06,7e-05,9.754188372428738e-06,0
-1.3000000000000001e-05,1.6e-06,7e-05,9.754188372428738e-06,0
-1.3000000000000001e-05,1.9999999999999995e-06,7e-05,9.754188372428738e-06,0
-1.3000000000000001e-05,2.399999999999999e-06,7e-05,9.754188372428738e-06,0
-1.3000000000000001e-05,2.8000000000000003e-06,7e-05,9.754188372428738e-06,0
-1.3000000000000001e-05,3.2e-06,7e-05,9.754188372428738e-06,0
-1.3000000000000001e-05,3.5999999999999994e-06,7e-05,9.754188372428738e-06,0
-1.3000000000000001e-05,3.999999999999999e-06,7e-05,9.754188372428738e-06,0
-1.3000000000000001e-05,4.400000000000002e-06,7e-05,9.754188372428738e-06,0
-1.3000000000000001e-05,4.799999999999998e-06,7e-05,9.754188372428738e-06,0
-1.3000000000000001e-05,5.199999999999998e-06,7e-05,9.754188372428738e-06,0
-1.3000000000000001e-05,5.600000000000001e-06,7e-05,9.754188372428738e-06,0
-1.3000000000000001e-05,6e-06,7e-05,9.754188372428738e-06,0
-1.3000000000000001e-05,6.4e-06,7e-05,9.754188372428738e-06,0
-1.3000000000000001e-05,6.800000000000003e-06,7e-05,9.754188372428738e-06,0
-1.3000000000000001e-05,7.199999999999999e-06,7e-05,9.754188372428738e-06,0
-1.3000000000000001e-05,7.599999999999998e-06,7e-05,9.754188372428738e-06,0
-1.3000000000000001e-05,8.000000000000001e-06,7e-05,9.754188372428738e-06,0
-1.3000000000000001e-05,8.400000000000001e-06,7e-05,9.754188372428738e-06,0
-1.3000000000000001e-05,8.8e-06,7e-05,9.754188372428738e-06,0
-1.3000000000000001e-05,9.200000000000003e-06,7e-05,9.754188372428738e-06,0
-1.3000000000000001e-05,9.6e-06,7e-05,9.754188372428738e-06,0
-1.3000000000000001e-05,9.999999999999999e-06,7e-05,9.754188372428738e-06,0
-1.3000000000000001e-05,1.0400000000000002e-05,7e-05,9.754188372428738e-06,0
-1.3000000000000001e-05,1.0800000000000002e-05,7e-05,9.754188372428738e-06,0
-1.3000000000000001e-05,1.1200000000000001e-05,7e-05,9.754188372428738e-06,0
-1.3000000000000001e-05,1.1599999999999997e-05,7e-05,9.754188372428738e-06,0
-1.3000000000000001e-05,1.2e-05,7e-05,9.754188372428738e-06,0
-1.2e-05,-1.2e-05,7e-05,8.832938811017359e-06,0
-1.2e-05,-1.16e-05,7e-05,8.832938811017359e-06,0
-1.2e-05,-1.12e-05,7e-05,8.832938811017359e-06,0
-1.2e-05,-1.08e-05,7e-05,8.832938811017359e-06,0
-1.2e-05,-1.04e-05,7e-05,8.832938811017359e-06,0
-1.2e-05,-1e-05,7e-05,8.832938811017359e-06,0
-1.2e-05,-9.6e-06,7e-05,8.832938811017359e-06,0
-1.2e-05,-9.2e-06,7e-05,8.832938811017359e-06,0
-1.2e-05,-8.8e-06,7e-05,8.832938811017359e-06,0
-1.2e-05,-8.400000000000001e-06,7e-05,8.832938811017359e-06,0
-1.2e-05,-8.000000000000001e-06,7e-05,8.832938811017359e-06,0
-1.2e-05,-7.6e-06,7e-05,8.832938811017359e-06,0
-1.2e-05,-7.2000000000000005e-06,7e-05,8.832938811017359e-06,0
-1.2e-05,-6.8e-06,7e-05,8.832938811017359e-06,0
-1.2e-05,-6.4e-06,7e-05,8.832938811017359e-06,0
-1.2e-05,-6e-06,7e-05,8.832938811017359e-06,0
-1.2e-05,-5.6e-06,7e-05,8.832938811017359e-06,0
-1.2e-05,-5.2e-06,7e-05,8.832938811017359e-06,0
-1.2e-05,-4.800000000000001e-06,7e-05,8.832938811017359e-06,0
-1.2e-05,-4.4e-06,7e-05,8.832938811017359e-06,0
-1.2e-05,-4.000000000000001e-06,7e-05,8.832938811017359e-06,0
-1.2e-05,-3.600000000000001e-06,7e-05,8.832938811017359e-06,0
-1.2e-05,-3.2e-06,7e-05,8.832938811017359e-06,0
-1.2e-05,-2.8000000000000003e-06,7e-05,8.832938811017359e-06,0
-1.2e-05,-2.4000000000000007e-06,7e-05,8.832938811017359e-06,0
-1.2e-05,-1.9999999999999995e-06,7e-05,8.832938811017359e-06,0
-1.2e-05,-1.6e-06,7e-05,8.832938811017359e-06,0
-1.2e-05,-1.2000000000000004e-06,7e-05,8.832938811017359e-06,0
-1.2e-05,-7.999999999999991e-07,7e-05,8.832938811017359e-06,0
-1.2e-05,-3.9999999999999956e-07,7e-05,8.832938811017359e-06,0
-1.2e-05,0.0,7e-05,8.832938811017359e-06,0
-1.2e-05,3.9999999999999956e-07,7e-05,8.832938811017359e-06,0
-1.2e-05,8.000000000000008e-07,7e-05,8.832938811017359e-06,0
-1.2e-05,1.2000000000000004e-06,7e-05,8.832938811017359e-06,0
-1.2e-05,1.6e-06,7e-05,8.832938811017359e-06,0
-1.2e-05,1.9999999999999995e-06,7e-05,8.832938811017359e-06,0
-1.2e-05,2.399999999999999e-06,7e-05,8.832938811017359e-06,0
-1.2e-05,2.8000000000000003e-06,7e-05,8.832938811017359e-06,0
-1.2e-05,3.2e-06,7e-05,8.832938811017359e-06,0
-1.2e-05,3.5999999999999994e-06,7e-05,8.832938811017359e-06,0
-1.2e-05,3.999999999999999e-06,7e-05,8.832938811017359e-06,0
-1.2e-05,4.400000000000002e-06,7e-05,8.832938811017359e-06,0
-1.2e-05,4.799999999999998e-06,7e-05,8.832938811017359e-06,0
-1.2e-05,5.199999999999998e-06,7e-05,8.832938811017359e-06,0
-1.2e-05,5.600000000000001e-06,7e-05,8.832938811017359e-06,0
-1.2e-05,6e-06,7e-05,8.832938811017359e-06,0
-1.2e-05,6.4e-06,7e-05,8.832938811017359e-06,0
-1.2e-05,6.800000000000003e-06,7e-05,8.832938811017359e-06,0
-1.2e-05,7.199999999999999e-06,7e-05,8.832938811017359e-06,0
-1.2e-05,7.599999999999998e-06,7e-05,8.832938811017359e-06,0
-1.2e-05,8.000000000000001e-06,7e-05,8.832938811017359e-06,0
-1.2e-05,8.400000000000001e-06,7e-05,8.832938811017359e-06,0
-1.2e-05,8.8e-06,7e-05,8.832938811017359e-06,0
-1.2e-05,9.200000000000003e-06,7e-05,8.832938811017359e-06,0
-1.2e-05,9.6e-06,7e-05,8.832938811017359e-06,0
-1.2e-05,9.999999999999999e-06,7e-05,8.832938811017359e-06,0
-1.2e-05,1.0400000000000002e-05,7e-05,8.832938811017359e-06,0
-1.2e-05,1.0800000000000002e-05,7e-05,8.832938811017359e-06,0
-1.2e-05,1.1200000000000001e-05,7e-05,8.832938811017359e-06,0
-1.2e-05,1.1599999999999997e-05,7e-05,8.832938811017359e-06,0
-1.2e-05,1.2e-05,7e-05,8.832938811017359e-06,0
-1.1000000000000003e-05,-1.2e-05,7e-05,7.911689249605975e-06,0
-1.1000000000000003e-05,-1.16e-05,7e-05,7.911689249605975e-06,0
-1.1000000000000003e-05,-1.12e-05,7e-05,7.911689249605975e-06,0
-1.1000000000000003e-05,-1.08e-05,7e-05,7.911689249605975e-06,0
-1.1000000000000003e-05,-1.04e-05,7e-05,7.911689249605975e-06,0
-1.1000000000000003e-05,-1e-05,7e-05,7.911689249605975e-06,0
-1.1000000000000003e-05,-9.6e-06,7e-05,7.911689249605975e-06,0
-1.1000000000000003e-05,-9.2e-06,7e-05,7.911689249605975e-06,0
-1.1000000000000003e-05,-8.8e-06,7e-05,7.911689249605975e-06,0
-1.1000000000000003e-05,-8.400000000000001e-06,7e-05,7.911689249605975e-06,0
-1.1000000000000003e-05,-8.000000000000001e-06,7e-05,7.911689249605975e-06,0
-1.1000000000000003e-05,-7.6e-06,7e-05,7.911689249605975e-06,0
-1.1000000000000003e-05,-7.2000000000000005e-06,7e-05,7.911689249605975e-06,0
-1.1000000000000003e-05,-6.8e-06,7e-05,7.911689249605975e-06,0
-1.1000000000000003e-05,-6.4e-06,7e-05,7.911689249605975e-06,0
-1.1000000000000003e-05,-6e-06,7e-05,7.911689249605975e-06,0
-1.1000000000000003e-05,-5.6e-06,7e-05,7.911689249605975e-06,0
-1.1000000000000003e-05,-5.2e-06,7e-05,7.911689249605975e-06,0
-1.1000000000000003e-05,-4.800000000000001e-06,7e-05,7.911689249605975e-06,0
-1.1000000000000003e-05,-4.4e-06,7e-05,7.911689249605975e-06,0
-1.1000000000000003e-05,-4.000000000000001e-06,7e-05,7.911689249605975e-06,0
-1.1000000000000003e-05,-3.600000000000001e-06,7e-05,7.911689249605975e-06,0
-1.1000000000000003e-05,-3.2e-06,7e-05,7.911689249605975e-06,0
-1.1000000000000003e-05,-2.8000000000000003e-06,7e-05,7.911689249605975e-06,0
-1.1000000000000003e-05,-2.4000000000000007e-06,7e-05,7.911689249605975e-06,0
-1.1000000000000003e-05,-1.9999999999999995e-06,7e-05,7.911689249605975e-06,0
-1.1000000000000003e-05,-1.6e-06,7e-05,7.911689249605975e-06,0
-1.1000000000000003e-05,-1.2000000000000004e-06,7e-05,7.911689249605975e-06,0
-1.1000000000000003e-05,-7.999999999999991e-07,7e-05,7.911689249605975e-06,0
-1.1000000000000003e-05,-3.9999999999999956e-07,7e-05,7.911689249605975e-06,0
-1.1000000000000003e-05,0.0,7e-05,7.911689249605975e-06,0
-1.1000000000000003e-05,3.9999999999999956e-07,7e-05,7.911689249605975e-06,0
-1.1000000000000003e-05,8.000000000000008e-07,7e-05,7.911689249605975e-06,0
-1.1000000000000003e-05,1.2000000000000004e-06,7e-05,7.911689249605975e-06,0
-1.1000000000000003e-05,1.6e-06,7e-05,7.911689249605975e-06,0
-1.1000000000000003e-05,1.9999999999999995e-06,7e-05,7.911689249605975e-06,0
-1.1000000000000003e-05,2.399999999999999e-06,7e-05,7.911689249605975e-06,0
-1.1000000000000003e-05,2.8000000000000003e-06,7e-05,7.911689249605975e-06,0
-1.1000000000000003e-05,3.2e-06,7e-05,7.911689249605975e-06,0
-1.1000000000000003e-05,3.5999999999999994e-06,7e-05,7.911689249605975e-06,0
-1.1000000000000003e-05,3.999999999999999e-06,7e-05,7.911689249605975e-06,0
-1.1000000000000003e-05,4.400000000000002e-06,7e-05,7.911689249605975e-06,0
-1.1000000000000003e-05,4.799999999999998e-06,7e-05,7.911689249605975e-06,0
-1.1000000000000003e-05,5.199999999999998e-06,7e-05,7.911689249605975e-06,0
-1.1000000000000003e-05,5.600000000000001e-06,7e-05,7.911689249605975e-06,0
-1.1000000000000003e-05,6e-06,7e-05,7.911689249605975e-06,0
-1.1000000000000003e-05,6.4e-06,7e-05,7.911689249605975e-06,0
-1.1000000000000003e-05,6.800000000000003e-06,7e-05,7.911689249605975e-06,0
-1.1000000000000003e-05,7.199999999999999e-06,7e-05,7.911689249605975e-06,0
-1.1000000000000003e-05,7.599999999999998e-06,7e-05,7.911689249605975e-06,0
-1.1000000000000003e-05,8.000000000000001e-06,7e-05,7.911689249605975e-06,0
-1.1000000000000003e-05,8.400000000000001e-06,7e-05,7.911689249605975e-06,0
-1.1000000000000003e-05,8.8e-06,7e-05,7.911689249605975e-06,0
-1.1000000000000003e-05,9.200000000000003e-06,7e-05,7.911689249605975e-06,0
-1.1000000000000003e-05,9.6e-06,7e-05,7.911689249605975e-06,0
-1.1000000000000003e-05,9.999999999999999e-06,7e-05,7.911689249605975e-06,0
-1.1000000000000003e-05,1.0400000000000002e-05,7e-05,7.911689249605975e-06,0
-1.1000000000000003e-05,1.0800000000000002e-05,7e-05,7.911689249605975e-06,0
-1.1000000000000003e-05,1.1200000000000001e-05,7e-05,7.911689249605975e-06,0
-1.1000000000000003e-05,1.1599999999999997e-05,7e-05,7.911689249605975e-06,0
-1.1000000000000003e-05,1.2e-05,7e-05,7.911689249605975e-06,0
-9.999999999999999e-06,-1.2e-05,7e-05,7e-06,0
-9.999999999999999e-06,-1.16e-05,7e-05,6.990439688194589e-06,0
-9.999999999999999e-06,-1.12e-05,7e-05,6.990439688194589e-06,0
-9.999999999999999e-06,-1.08e-05,7e-05,6.990439688194589e-06,0
-9.999999999999999e-06,-1.04e-05,7e-05,6.990439688194589e-06,0
-9.999999999999999e-06,-1e-05,7e-05,6.990439688194589e-06,0
-9.999999999999999e-06,-9.6e-06,7e-05,6.990439688194589e-06,0
-9.999999999999999e-06,-9.2e-06,7e-05,6.990439688194589e-06,0
-9.999999999999999e-06,-8.8e-06,7e-05,6.990439688194589e-06,0
-9.999999999999999e-06,-8.400000000000001e-06,7e-05,6.990439688194589e-06,0
-9.999999999999999e-06,-8.000000000000001e-06,7e-05,6.990439688194589e-06,0
-9.999999999999999e-06,-7.6e-06,7e-05,6.990439688194589e-06,0
-9.999999999999999e-06,-7.2000000000000005e-06,7e-05,6.990439688194589e-06,0
-9.999999999999999e-06,-6.8e-06,7e-05,6.990439688194589e-06,0
-9.999999999999999e-06,-6.4e-06,7e-05,6.990439688194589e-06,0
-9.999999999999999e-06,-6e-06,7e-05,6.990439688194589e-06,0
-9.999999999999999e-06,-5.6e-06,7e-05,6.990439688194589e-06,0
-9.999999999999999e-06,-5.2e-06,7e-05,6.990439688194589e-06,0
-9.999999999999999e-06,-4.800000000000001e-06,7e-05,6.990439688194589e-06,0
-9.999999999999999e-06,-4.4e-06,7e-05,6.990439688194589e-06,0
-9.999999999999999e-06,-4.000000000000001e-06,7e-05,6.990439688194589e-06,0
-9.999999999999999e-06,-3.600000000000001e-06,7e-05,6.990439688194589e-06,0
-9.999999999999999e-06,-3.2e-06,7e-05,6.990439688194589e-06,0
-9.999999999999999e-06,-2.8000000000000003e-06,7e-05,6.990439688194589e-06,0
-9.999999999999999e-06,-2.4000000000000007e-06,7e-05,6.990439688194589e-06,0
-9.999999999999999e-06,-1.9999999999999995e-06,7e-05,6.990439688194589e-06,0
-9.999999999999999e-06,-1.6e-06,7e-05,6.990439688194589e-06,0
-9.999999999999999e-06,-1.2000000000000004e-06,7e-05,6.990439688194589e-06,0
-9.999999999999999e-06,-7.999999999999991e-07,7e-05,6.990439688194589e-06,0
-9.999999999999999e-06,-3.9999999999999956e-07,7e-05,6.990439688194589e-06,0
-9.999999999999999e-06,0.0,7e-05,6.990439688194589e-06,0
-9.999999999999999e-06,3.9999999999999956e-07,7e-05,6.990439688194589e-06,0
-9.999999999999999e-06,8.000000000000008e-07,7e-05,6.990439688194589e-06,0
-9.999999999999999e-06,1.2000000000000004e-06,7e-05,6.990439688194589e-06,0
-9.999999999999999e-06,1.6e-06,7e-05,6.990439688194589e-06,0
-9.999999999999999e-06,1.9999999999999995e-06,7e-05,6.990439688194589e-06,0
-9.999999999999999e-06,2.399999999999999e-06,7e-05,6.990439688194589e-06,0
-9.999999999999999e-06,2.8000000000000003e-06,7e-05,6.990439688194589e-06,0
-9.999999999999999e-06,3.2e-06,7e-05,6.990439688194589e-06,0
-9.999999999999999e-06,3.5999999999999994e-06,7e-05,6.990439688194589e-06,0
-9.999999999999999e-06,3.999999999999999e-06,7e-05,6.990439688194589e-06,0
-9.999999999999999e-06,4.400000000000002e-06,7e-05,6.990439688194589e-06,0
-9.999999999999999e-06,4.799999999999998e-06,7e-05,6.990439688194589e-06,0
-9.999999999999999e-06,5.199999999999998e-06,7e-05,6.990439688194589e-06,0
-9.999999999999999e-06,5.600000000000001e-06,7e-05,6.990439688194589e-06,0
-9.999999999999999e-06,6e-06,7e-05,6.990439688194589e-06,0
-9.999999999999999e-06,6.4e-06,7e-05,6.990439688194589e-06,0
-9.999999999999999e-06,6.800000000000003e-06,7e-05,6.990439688194589e-06,0
-9.999999999999999e-06,7.199999999999999e-06,7e-05,6.990439688194589e-06,0
-9.999999999999999e-06,7.599999999999998e-06,7e-05,6.990439688194589e-06,0
-9.999999999999999e-06,8.000000000000001e-06,7e-05,6.990439688194589e-06,0
-9.999999999999999e-06,8.400000000000001e-06,7e-05,6.990439688194589e-06,0
-9.999999999999999e-06,8.8e-06,7e-05,6.990439688194589e-06,0
-9.999999999999999e-06,9.200000000000003e-06,7e-05,6.990439688194589e-06,0
-9.999999999999999e-06,9.6e-06,7e-05,6.990439688194589e-06,0
-9.999999999999999e-06,9.999999999999999e-06,7e-05,6.990439688194589e-06,0
-9.999999999999999e-06,1.0400000000000002e-05,7e-05,6.990439688194589e-06,0
-9.999999999999999e-06,1.0800000000000002e-05,7e-05,6.990439688194589e-06,0
-9.999999999999999e-06,1.1200000000000001e-05,7e-05,6.990439688194589e-06,0
-9.999999999999999e-06,1.1599999999999997e-05,7e-05,6.990439688194589e-06,0
-9.999999999999999e-06,1.2e-05,7e-05,7e-06,0
-8.999999999999999e-06,-1.2e-05,7e-05,7e-06,0
-8.999999999999999e-06,-1.16e-05,7e-05,6.6e-06,0
-8.999999999999999e-06,-1.12e-05,7e-05,6.199999999999999e-06,0
-8.999999999999999e-06,-1.08e-05,7e-05,6.069190126783199e-06,0
-8.999999999999999e-06,-1.04e-05,7e-05,6.069190126783199e-06,0
-8.999999999999999e-06,-1e-05,7e-05,6.069190126783199e-06,0
-8.999999999999999e-06,-9.6e-06,7e-05,6.069190126783199e-06,0
-8.999999999999999e-06,-9.2e-06,7e-05,6.069190126783199e-06,0
-8.999999999999999e-06,-8.8e-06,7e-05,6.069190126783199e-06,0
-8.999999999999999e-06,-8.400000000000001e-06,7e-05,6.069190126783199e-06,0
-8.999999999999999e-06,-8.000000000000001e-06,7e-05,6.069190126783199e-06,0
-8.999999999999999e-06,-7.6e-06,7e-05,6.069190126783199e-06,0
-8.999999999999999e-06,-7.2000000000000005e-06,7e-05,6.069190126783199e-06,0
-8.999999999999999e-06,-6.8e-06,7e-05,6.069190126783199e-06,0
-8.999999999999999e-06,-6.4e-06,7e-05,6.069190126783199e-06,0
-8.999999999999999e-06,-6e-06,7e-05,6.069190126783199e-06,0
-8.999999999999999e-06,-5.6e-06,7e-05,6.069190126783199e-06,0
-8.999999999999999e-06,-5.2e-06,7e-05,6.069190126783199e-06,0
-8.999999999999999e-06,-4.800000000000001e-06,7e-05,6.069190126783199e-06,0
-8.999999999999999e-06,-4.4e-06,7e-05,6.069190126783199e-06,0
-8.999999999999999e-06,-4.000000000000001e-06,7e-05,6.069190126783199e-06,0
-8.999999999999999e-06,-3.600000000000001e-06,7e-05,6.069190126783199e-06,0
-8.999999999999999e-06,-3.2e-06,7e-05,6.069190126783199e-06,0
-8.999999999999999e-06,-2.8000000000000003e-06,7e-05,6.069190126783199e-06,0
-8.999999999999999e-06,-2.4000000000000007e-06,7e-05,6.069190126783199e-06,0
-8.999999999999999e-06,-1.9999999999999995e-06,7e-05,6.069190126783199e-06,0
-8.999999999999999e-06,-1.6e-06,7e-05,6.069190126783199e-06,0
-8.999999999999999e-06,-1.2000000000000004e-06,7e-05,6.069190126783199e-06,0
-8.999999999999999e-06,-7.999999999999991e-07,7e-05,6.069190126783199e-06,0
-8.999999999999999e-06,-3.9999999999999956e-07,7e-05,6.069190126783199e-06,0
-8.999999999999999e-06,0.0,7e-05,6.069190126783199e-06,0
-8.999999999999999e-06,3.9999999999999956e-07,7e-05,6.069190126783199e-06,0
-8.999999999999999e-06,8.000000000000008e-07,7e-05,6.069190126783199e-06,0
-8.999999999999999e-06,1.2000000000000004e-06,7e-05,6.069190126783199e-06,0
-8.999999999999999e-06,1.6e-06,7e-05,6.069190126783199e-06,0
-8.999999999999999e-06,1.9999999999999995e-06,7e-05,6.069190126783199e-06,0
-8.999999999999999e-06,2.399999999999999e-06,7e-05,6.069190126783199e-06,0
-8.999999999999999e-06,2.8000000000000003e-06,7e-05,6.069190126783199e-06,0
-8.999999999999999e-06,3.2e-06,7e-05,6.069190126783199e-06,0
-8.999999999999999e-06,3.5999999999999994e-06,7e-05,6.069190126783199e-06,0
-8.999999999999999e-06,3.999999999999999e-06,7e-05,6.069190126783199e-06,0
-8.999999999999999e-06,4.400000000000002e-06,7e-05,6.069190126783199e-06,0
-8.999999999999999e-06,4.799999999999998e-06,7e-05,6.069190126783199e-06,0
-8.999999999999999e-06,5.199999999999998e-06,7e-05,6.069190126783199e-06,0
-8.999999999999999e-06,5.600000000000001e-06,7e-05,6.069190126783199e-06,0
-8.999999999999999e-06,6e-06,7e-05,6.069190126783199e-06,0
-8.999999999999999e-06,6.4e-06,7e-05,6.069190126783199e-06,0
-8.999999999999999e-06,6.800000000000003e-06,7e-05,6.069190126783199e-06,0
-8.999999999999999e-06,7.199999999999999e-06,7e-05,6.069190126783199e-06,0
-8.999999999999999e-06,7.599999999999998e-06,7e-05,6.069190126783199e-06,0
-8.999999999999999e-06,8.000000000000001e-06,7e-05,6.069190126783199e-06,0
-8.999999999999999e-06,8.400000000000001e-06,7e-05,6.069190126783199e-06,0
-8.999999999999999e-06,8.8e-06,7e-05,6.069190126783199e-06,0
-8.999999999999999e-06,9.200000000000003e-06,7e-05,6.069190126783199e-06,0
-8.999999999999999e-06,9.6e-06,7e-05,6.069190126783199e-06,0
-8.999999999999999e-06,9.999999999999999e-06,7e-05,6.069190126783199e-06,0
-8.999999999999999e-06,1.0400000000000002e-05,7e-05,6.069190126783199e-06,0
-8.999999999999999e-06,1.0800000000000002e-05,7e-05,6.069190126783199e-06,0
-8.999999999999999e-06,1.1200000000000001e-05,7e-05,6.200000000000001e-06,0
-8.999999999999999e-06,1.1599999999999997e-05,7e-05,6.599999999999997e-06,0
-8.999999999999999e-06,1.2e-05,7e-05,7e-06,0
-8.000000000000001e-06,-1.2e-05,7e-05,7e-06,0
-8.000000000000001e-06,-1.16e-05,7e-05,6.6e-06,0
-8.000000000000001e-06,-1.12e-05,7e-05,6.199999999999999e-06,0
-8.000000000000001e-06,-1.08e-05,7e-05,5.7999999999999995e-06,0
-8.000000000000001e-06,-1.04e-05,7e-05,5.4e-06,0
-8.000000000000001e-06,-1e-05,7e-05,5.147940565371817e-06,0
-8.000000000000001e-06,-9.6e-06,7e-05,5.147940565371817e-06,0
-8.000000000000001e-06,-9.2e-06,7e-05,5.147940565371817e-06,0
-8.000000000000001e-06,-8.8e-06,7e-05,5.147940565371817e-06,0
-8.000000000000001e-06,-8.400000000000001e-06,7e-05,5.147940565371817e-06,0
-8.000000000000001e-06,-8.000000000000001e-06,7e-05,5.147940565371817e-06,0
-8.000000000000001e-06,-7.6e-06,7e-05,5.147940565371817e-06,0
-8.000000000000001e-06,-7.2000000000000005e-06,7e-05,5.147940565371817e-06,0
-8.000000000000001e-06,-6.8e-06,7e-05,5.147940565371817e-06,0
-8.000000000000001e-06,-6.4e-06,7e-05,5.147940565371817e-06,0
-8.000000000000001e-06,-6e-06,7e-05,5.147940565371817e-06,0
-8.000000000000001e-06,-5.6e-06,7e-05,5.147940565371817e-06,0
-8.000000000000001e-06,-5.2e-06,7e-05,5.147940565371817e-06,0
-8.000000000000001e-06,-4.800000000000001e-06,7e-05,5.147940565371817e-06,0
-8.000000000000001e-06,-4.4e-06,7e-05,5.147940565371817e-06,0
-8.000000000000001e-06,-4.000000000000001e-06,7e-05,5.147940565371817e-06,0
-8.000000000000001e-06,-3.600000000000001e-06,7e-05,5.147940565371817e-06,0
-8.000000000000001e-06,-3.2e-06,7e-05,5.147940565371817e-06,0
-8.000000000000001e-06,-2.8000000000000003e-06,7e-05,5.147940565371817e-06,0
-8.000000000000001e-06,-2.4000000000000007e-06,7e-05,5.147940565371817e-06,0
-8.000000000000001e-06,-1.9999999999999995e-06,7e-05,5.147940565371817e-06,0
-8.000000000000001e-06,-1.6e-06,7e-05,5.147940565371817e-06,0
-8.000000000000001e-06,-1.2000000000000004e-06,7e-05,5.147940565371817e-06,0
-8.000000000000001e-06,-7.999999999999991e-07,7e-05,5.147940565371817e-06,0
-8.000000000000001e-06,-3.9999999999999956e-07,7e-05,5.147940565371817e-06,0
-8.000000000000001e-06,0.0,7e-05,5.147940565371817e-06,0
-8.000000000000001e-06,3.9999999999999956e-07,7e-05,5.147940565371817e-06,0
-8.000000000000001e-06,8.000000000000008e-07,7e-05,5.147940565371817e-06,0
-8.000000000000001e-06,1.2000000000000004e-06,7e-05,5.147940565371817e-06,0
-8.000000000000001e-06,1.6e-06,7e-05,5.147940565371817e-06,0
-8.000000000000001e-06,1.9999999999999995e-06,7e-05,5.147940565371817e-06,0
-8.000000000000001e-06,2.399999999999999e-06,7e-05,5.147940565371817e-06,0
-8.000000000000001e-06,2.8000000000000003e-06,7e-05,5.147940565371817e-06,0
-8.000000000000001e-06,3.2e-06,7e-05,5.147940565371817e-06,0
-8.000000000000001e-06,3.5999999999999994e-06,7e-05,5.147940565371817e-06,0
-8.000000000000001e-06,3.999999999999999e-06,7e-05,5.147940565371817e-06,0
-8.000000000000001e-06,4.400000000000002e-06,7e-05,5.147940565371817e-06,0
-8.000000000000001e-06,4.799999999999998e-06,7e-05,5.147940565371817e-06,0
-8.000000000000001e-06,5.199999999999998e-06,7e-05,5.147940565371817e-06,0
-8.000000000000001e-06,5.600000000000001e-06,7e-05,5.147940565371817e-06,0
-8.000000000000001e-06,6e-06,7e-05,5.147940565371817e-06,0
-8.000000000000001e-06,6.4e-06,7e-05,5.147940565371817e-06,0
-8.000000000000001e-06,6.800000000000003e-06,7e-05,5.147940565371817e-06,0
-8.000000000000001e-06,7.199999999999999e-06,7e-05,5.147940565371817e-06,0
-8.000000000000001e-06,7.599999999999998e-06,7e-05,5.147940565371817e-06,0
-8.000000000000001e-06,8.000000000000001e-06,7e-05,5.147940565371817e-06,0
-8.000000000000001e-06,8.400000000000001e-06,7e-05,5.147940565371817e-06,0
-8.000000000000001e-06,8.8e-06,7e-05,5.147940565371817e-06,0
-8.000000000000001e-06,9.200000000000003e-06,7e-05,5.147940565371817e-06,0
-8.000000000000001e-06,9.6e-06,7e-05,5.147940565371817e-06,0
-8.000000000000001e-06,9.999999999999999e-06,7e-05,5.147940565371817e-06,0
-8.000000000000001e-06,1.0400000000000002e-05,7e-05,5.400000000000002e-06,0
-8.000000000000001e-06,1.0800000000000002e-05,7e-05,5.800000000000001e-06,0
-8.000000000000001e-06,1.1200000000000001e-05,7e-05,6.200000000000001e-06,0
-8.000000000000001e-06,1.1599999999999997e-05,7e-05,6.599999999999997e-06,0
-8.000000000000001e-06,1.2e-05,7e-05,7e-06,0
-7.000000000000001e-06,-1.2e-05,7e-05,7e-06,0
-7.000000000000001e-06,-1.16e-05,7e-05,6.6e-06,0
-7.000000000000001e-06,-1.12e-05,7e-05,6.199999999999999e-06,0
-7.000000000000001e-06,-1.08e-05,7e-05,5.7999999999999995e-06,0
-7.000000000000001e-06,-1.04e-05,7e-05,5.4e-06,0
-7.000000000000001e-06,-1e-05,7e-05,5e-06,0
-7.000000000000001e-06,-9.6e-06,7e-05,4.599999999999999e-06,0
-7.000000000000001e-06,-9.2e-06,7e-05,4.226691003960428e-06,0
-7.000000000000001e-06,-8.8e-06,7e-05,4.226691003960428e-06,0
-7.000000000000001e-06,-8.400000000000001e-06,7e-05,4.226691003960428e-06,0
-7.000000000000001e-06,-8.000000000000001e-06,7e-05,4.226691003960428e-06,0
-7.000000000000001e-06,-7.6e-06,7e-05,4.226691003960428e-06,0
-7.000000000000001e-06,-7.2000000000000005e-06,7e-05,4.226691003960428e-06,0
-7.000000000000001e-06,-6.8e-06,7e-05,4.226691003960428e-06,0
-7.000000000000001e-06,-6.4e-06,7e-05,4.226691003960428e-06,0
-7.000000000000001e-06,-6e-06,7e-05,4.226691003960428e-06,0
-7.000000000000001e-06,-5.6e-06,7e-05,4.226691003960428e-06,0
-7.000000000000001e-06,-5.2e-06,7e-05,4.226691003960428e-06,0
-7.000000000000001e-06,-4.800000000000001e-06,7e-05,4.226691003960428e-06,0
-7.000000000000001e-06,-4.4e-06,7e-05,4.226691003960428e-06,0
-7.000000000000001e-06,-4.000000000000001e-06,7e-05,4.226691003960428e-06,0
-7.000000000000001e-06,-3.600000000000001e-06,7e-05,4.226691003960428e-06,0
-7.000000000000001e-06,-3.2e-06,7e-05,4.226691003960428e-06,0
-7.000000000000001e-06,-2.8000000000000003e-06,7e-05,4.226691003960428e-06,0
-7.000000000000001e-06,-2.4000000000000007e-06,7e-05,4.226691003960428e-06,0
-7.000000000000001e-06,-1.9999999999999995e-06,7e-05,4.226691003960428e-06,0
-7.000000000000001e-06,-1.6e-06,7e-05,4.226691003960428e-06,0
-7.000000000000001e-06,-1.2000000000000004e-06,7e-05,4.226691003960428e-06,0
-7.000000000000001e-06,-7.999999999999991e-07,7e-05,4.226691003960428e-06,0
-7.000000000000001e-06,-3.9999999999999956e-07,7e-05,4.226691003960428e-06,0
-7.000000000000001e-06,0.0,7e-05,4.226691003960428e-06,0
-7.000000000000001e-06,3.9999999999999956e-07,7e-05,4.226691003960428e-06,0
-7.000000000000001e-06,8.000000000000008e-07,7e-05,4.226691003960428e-06,0
-7.000000000000001e-06,1.2000000000000004e-06,7e-05,4.226691003960428e-06,0
-7.000000000000001e-06,1.6e-06,7e-05,4.226691003960428e-06,0
-7.000000000000001e-06,1.9999999999999995e-06,7e-05,4.226691003960428e-06,0
-7.000000000000001e-06,2.399999999999999e-06,7e-05,4.226691003960428e-06,0
-7.000000000000001e-06,2.8000000000000003e-06,7e-05,4.226691003960428e-06,0
-7.000000000000001e-06,3.2e-06,7e-05,4.226691003960428e-06,0
-7.000000000000001e-06,3.5999999999999994e-06,7e-05,4.226691003960428e-06,0
-7.000000000000001e-06,3.999999999999999e-06,7e-05,4.226691003960428e-06,0
-7.000000000000001e-06,4.400000000000002e-06,7e-05,4.226691003960428e-06,0
-7.000000000000001e-06,4.799999999999998e-06,7e-05,4.226691003960428e-06,0
-7.000000000000001e-06,5.199999999999998e-06,7e-05,4.226691003960428e-06,0
-7.000000000000001e-06,5.600000000000001e-06,7e-05,4.226691003960428e-06,0
-7.000000000000001e-06,6e-06,7e-05,4.226691003960428e-06,0
-7.000000000000001e-06,6.4e-06,7e-05,4.226691003960428e-06,0
-7.000000000000001e-06,6.800000000000003e-06,7e-05,4.226691003960428e-06,0
-7.000000000000001e-06,7.199999999999999e-06,7e-05,4.226691003960428e-06,0
-7.000000000000001e-06,7.599999999999998e-06,7e-05,4.226691003960428e-06,0
-7.000000000000001e-06,8.000000000000001e-06,7e-05,4.226691003960428e-06,0
-7.000000000000001e-06,8.400000000000001e-06,7e-05,4.226691003960428e-06,0
-7.000000000000001e-06,8.8e-06,7e-05,4.226691003960428e-06,0
-7.000000000000001e-06,9.200000000000003e-06,7e-05,4.226691003960428e-06,0
-7.000000000000001e-06,9.6e-06,7e-05,4.599999999999999e-06,0
-7.000000000000001e-06,9.999999999999999e-06,7e-05,4.999999999999999e-06,0
-7.000000000000001e-06,1.0400000000000002e-05,7e-05,5.400000000000002e-06,0
-7.000000000000001e-06,1.0800000000000002e-05,7e-05,5.800000000000001e-06,0
-7.000000000000001e-06,1.1200000000000001e-05,7e-05,6.200000000000001e-06,0
-7.000000000000001e-06,1.1599999999999997e-05,7e-05,6.599999999999997e-06,0
-7.000000000000001e-06,1.2e-05,7e-05,7e-06,0
-6e-06,-1.2e-05,7e-05,7e-06,0
-6e-06,-1.16e-05,7e-05,6.6e-06,0
-6e-06,-1.12e-05,7e-05,6.199999999999999e-06,0
-6e-06,-1.08e-05,7e-05,5.7999999999999995e-06,0
-6e-06,-1.04e-05,7e-05,5.4e-06,0
-6e-06,-1e-05,7e-05,5e-06,0
-6e-06,-9.6e-06,7e-05,4.599999999999999e-06,0
-6e-06,-9.2e-06,7e-05,4.2e-06,0
-6e-06,-8.8e-06,7e-05,3.8e-06,0
-6e-06,-8.400000000000001e-06,7e-05,3.4000000000000005e-06,0
-6e-06,-8.000000000000001e-06,7e-05,3.3054414425490424e-06,0
-6e-06,-7.6e-06,7e-05,3.3054414425490424e-06,0
-6e-06,-7.2000000000000005e-06,7e-05,3.3054414425490424e-06,0
-6e-06,-6.8e-06,7e-05,3.3054414425490424e-06,0
-6e-06,-6.4e-06,7e-05,3.3054414425490424e-06,0
-6e-06,-6e-06,7e-05,3.3054414425490424e-06,0
-6e-06,-5.6e-06,7e-05,3.3054414425490424e-06,0
-6e-06,-5.2e-06,7e-05,3.3054414425490424e-06,0
-6e-06,-4.800000000000001e-06,7e-05,3.3054414425490424e-06,0
-6e-06,-4.4e-06,7e-05,3.3054414425490424e-06,0
-6e-06,-4.000000000000001e-06,7e-05,3.3054414425490424e-06,0
-6e-06,-3.600000000000001e-06,7e-05,3.3054414425490424e-06,0
-6e-06,-3.2e-06,7e-05,3.3054414425490424e-06,0
-6e-06,-2.8000000000000003e-06,7e-05,3.3054414425490424e-06,0
-6e-06,-2.4000000000000007e-06,7e-05,3.3054414425490424e-06,0
-6e-06,-1.9999999999999995e-06,7e-05,3.3054414425490424e-06,0
-6e-06,-1.6e-06,7e-05,3.3054414425490424e-06,0
-6e-06,-1.2000000000000004e-06,7e-05,3.3054414425490424e-06,0
-6e-06,-7.999999999999991e-07,7e-05,3.3054414425490424e-06,0
-6e-06,-3.9999999999999956e-07,7e-05,3.3054414425490424e-06,0
-6e-06,0.0,7e-05,3.3054414425490424e-06,0
-6e-06,3.9999999999999956e-07,7e-05,3.3054414425490424e-06,0
-6e-06,8.000000000000008e-07,7e-05,3.3054414425490424e-06,0
-6e-06,1.2000000000000004e-06,7e-05,3.3054414425490424e-06,0
-6e-06,1.6e-06,7e-05,3.3054414425490424e-06,0
-6e-06,1.9999999999999995e-06,7e-05,3.3054414425490424e-06,0
-6e-06,2.399999999999999e-06,7e-05,3.3054414425490424e-06,0
-6e-06,2.8000000000000003e-06,7e-05,3.3054414425490424e-06,0
-6e-06,3.2e-06,7e-05,3.3054414425490424e-06,0
-6e-06,3.5999999999999994e-06,7e-05,3.3054414425490424e-06,0
-6e-06,3.999999999999999e-06,7e-05,3.3054414425490424e-06,0
-6e-06,4.400000000000002e-06,7e-05,3.3054414425490424e-06,0
-6e-06,4.799999999999998e-06,7e-05,3.3054414425490424e-06,0
-6e-06,5.199999999999998e-06,7e-05,3.3054414425490424e-06,0
-6e-06,5.600000000000001e-06,7e-05,3.3054414425490424e-06,0
-6e-06,6e-06,7e-05,3.3054414425490424e-06,0
-6e-06,6.4e-06,7e-05,3.3054414425490424e-06,0
-6e-06,6.800000000000003e-06,7e-05,3.3054414425490424e-06,0
-6e-06,7.199999999999999e-06,7e-05,3.3054414425490424e-06,0
-6e-06,7.599999999999998e-06,7e-05,3.3054414425490424e-06,0
-6e-06,8.000000000000001e-06,7e-05,3.3054414425490424e-06,0
-6e-06,8.400000000000001e-06,7e-05,3.4000000000000005e-06,0
-6e-06,8.8e-06,7e-05,3.8e-06,0
-6e-06,9.200000000000003e-06,7e-05,4.200000000000003e-06,0
-6e-06,9.6e-06,7e-05,4.599999999999999e-06,0
-6e-06,9.999999999999999e-06,7e-05,4.999999999999999e-06,0
-6e-06,1.0400000000000002e-05,7e-05,5.400000000000002e-06,0
-6e-06,1.0800000000000002e-05,7e-05,5.800000000000001e-06,0
-6e-06,1.1200000000000001e-05,7e-05,6.200000000000001e-06,0
-6e-06,1.1599999999999997e-05,7e-05,6.599999999999997e-06,0
-6e-06,1.2e-05,7e-05,7e-06,0
-4.9999999999999996e-06,-1.2e-05,7e-05,7e-06,0
-4.9999999999999996e-06,-1.16e-05,7e-05,6.6e-06,0
-4.9999999999999996e-06,-1.12e-05,7e-05,6.199999999999999e-06,0
-4.9999999999999996e-06,-1.08e-05,7e-05,5.7999999999999995e-06,0
-4.9999999999999996e-06,-1.04e-05,7e-05,5.4e-06,0
-4.9999999999999996e-06,-1e-05,7e-05,5e-06,0
-4.9999999999999996e-06,-9.6e-06,7e-05,4.599999999999999e-06,0
-4.9999999999999996e-06,-9.2e-06,7e-05,4.2e-06,0
-4.9999999999999996e-06,-8.8e-06,7e-05,3.8e-06,0
-4.9999999999999996e-06,-8.400000000000001e-06,7e-05,3.4000000000000005e-06,0
-4.9999999999999996e-06,-8.000000000000001e-06,7e-05,3.000000000000001e-06,0
-4.9999999999999996e-06,-7.6e-06,7e-05,2.5999999999999997e-06,0
-4.9999999999999996e-06,-7.2000000000000005e-06,7e-05,2.3841918811376586e-06,0
-4.9999999999999996e-06,-6.8e-06,7e-05,2.3841918811376586e-06,0
-4.9999999999999996e-06,-6.4e-06,7e-05,2.3841918811376586e-06,0
-4.9999999999999996e-06,-6e-06,7e-05,2.3841918811376586e-06,0
-4.9999999999999996e-06,-5.6e-06,7e-05,2.3841918811376586e-06,0
-4.9999999999999996e-06,-5.2e-06,7e-05,2.3841918811376586e-06,0
-4.9999999999999996e-06,-4.800000000000001e-06,7e-05,2.3841918811376586e-06,0
-4.9999999999999996e-06,-4.4e-06,7e-05,2.3841918811376586e-06,0
-4.9999999999999996e-06,-4.000000000000001e-06,7e-05,2.3841918811376586e-06,0
-4.9999999999999996e-06,-3.600000000000001e-06,7e-05,2.3841918811376586e-06,0
-4.9999999999999996e-06,-3.2e-06,7e-05,2.3841918811376586e-06,0
-4.9999999999999996e-06,-2.8000000000000003e-06,7e-05,2.3841918811376586e-06,0
-4.9999999999999996e-06,-2.4000000000000007e-06,7e-05,2.3841918811376586e-06,0
-4.9999999999999996e-06,-1.9999999999999995e-06,7e-05,2.3841918811376586e-06,0
-4.9999999999999996e-06,-1.6e-06,7e-05,2.3841918811376586e-06,0
-4.9999999999999996e-06,-1.2000000000000004e-06,7e-05,2.3841918811376586e-06,0
-4.9999999999999996e-06,-7.999999999999991e-07,7e-05,2.3841918811376586e-06,0
-4.9999999999999996e-06,-3.9999999999999956e-07,7e-05,2.3841918811376586e-06,0
-4.9999999999999996e-06,0.0,7e-05,2.3841918811376586e-06,0
-4.9999999999999996e-06,3.9999999999999956e-07,7e-05,2.3841918811376586e-06,0
-4.9999999999999996e-06,8.000000000000008e-07,7e-05,2.3841918811376586e-06,0
-4.9999999999999996e-06,1.2000000000000004e-06,7e-05,2.3841918811376586e-06,0
-4.9999999999999996e-06,1.6e-06,7e-05,2.3841918811376586e-06,0
-4.9999999999999996e-06,1.9999999999999995e-06,7e-05,2.3841918811376586e-06,0
-4.9999999999999996e-06,2.399999999999999e-06,7e-05,2.3841918811376586e-06,0
-4.9999999999999996e-06,2.8000000000000003e-06,7e-05,2.3841918811376586e-06,0
-4.9999999999999996e-06,3.2e-06,7e-05,2.3841918811376586e-06,0
-4.9999999999999996e-06,3.5999999999999994e-06,7e-05,2.3841918811376586e-06,0
-4.9999999999999996e-06,3.999999999999999e-06,7e-05,2.3841918811376586e-06,0
-4.9999999999999996e-06,4.400000000000002e-06,7e-05,2.3841918811376586e-06,0
-4.9999999999999996e-06,4.799999999999998e-06,7e-05,2.3841918811376586e-06,0
-4.9999999999999996e-06,5.199999999999998e-06,7e-05,2.3841918811376586e-06,0
-4.9999999999999996e-06,5.600000000000001e-06,7e-05,2.3841918811376586e-06,0
-4.9999999999999996e-06,6e-06,7e-05,2.3841918811376586e-06,0
-4.9999999999999996e-06,6.4e-06,7e-05,2.3841918811376586e-06,0
-4.9999999999999996e-06,6.800000000000003e-06,7e-05,2.3841918811376586e-06,0
-4.9999999999999996e-06,7.199999999999999e-06,7e-05,2.3841918811376586e-06,0
-4.9999999999999996e-06,7.599999999999998e-06,7e-05,2.599999999999998e-06,0
-4.9999999999999996e-06,8.000000000000001e-06,7e-05,3.000000000000001e-06,0
-4.9999999999999996e-06,8.400000000000001e-06,7e-05,3.4000000000000005e-06,0
-4.9999999999999996e-06,8.8e-06,7e-05,3.8e-06,0
-4.9999999999999996e-06,9.200000000000003e-06,7e-05,4.200000000000003e-06,0
-4.9999999999999996e-06,9.6e-06,7e-05,4.599999999999999e-06,0
-4.9999999999999996e-06,9.999999999999999e-06,7e-05,4.999999999999999e-06,0
-4.9999999999999996e-06,1.0400000000000002e-05,7e-05,5.400000000000002e-06,0
-4.9999999999999996e-06,1.0800000000000002e-05,7e-05,5.800000000000001e-06,0
-4.9999999999999996e-06,1.1200000000000001e-05,7e-05,6.200000000000001e-06,0
-4.9999999999999996e-06,1.1599999999999997e-05,7e-05,6.599999999999997e-06,0
-4.9999999999999996e-06,1.2e-05,7e-05,7e-06,0
-4.000000000000002e-06,-1.2e-05,7e-05,7e-06,0
-4.000000000000002e-06,-1.16e-05,7e-05,6.6e-06,0
-4.000000000000002e-06,-1.12e-05,7e-05,6.199999999999999e-06,0
-4.000000000000002e-06,-1.08e-05,7e-05,5.7999999999999995e-06,0
-4.000000000000002e-06,-1.04e-05,7e-05,5.4e-06,0
-4.000000000000002e-06,-1e-05,7e-05,5e-06,0
-4.000000000000002e-06,-9.6e-06,7e-05,4.599999999999999e-06,0
-4.000000000000002e-06,-9.2e-06,7e-05,4.2e-06,0
-4.000000000000002e-06,-8.8e-06,7e-05,3.8e-06,0
-4.000000000000002e-06,-8.400000000000001e-06,7e-05,3.4000000000000005e-06,0
-4.000000000000002e-06,-8.000000000000001e-06,7e-05,3.000000000000001e-06,0
-4.000000000000002e-06,-7.6e-06,7e-05,2.5999999999999997e-06,0
-4.000000000000002e-06,-7.2000000000000005e-06,7e-05,2.2e-06,0
-4.000000000000002e-06,-6.8e-06,7e-05,1.7999999999999995e-06,0
-4.000000000000002e-06,-6.4e-06,7e-05,1.4721359549995847e-06,0
-4.000000000000002e-06,-6e-06,7e-05,1.4721359549995847e-06,0
-4.000000000000002e-06,-5.6e-06,7e-05,1.4721359549995847e-06,0
-4.000000000000002e-06,-5.2e-06,7e-05,1.4721359549995847e-06,0
-4.000000000000002e-06,-4.800000000000001e-06,7e-05,1.4721359549995847e-06,0
-4.000000000000002e-06,-4.4e-06,7e-05,1.4721359549995847e-06,0
-4.000000000000002e-06,-4.000000000000001e-06,7e-05,1.4721359549995847e-06,0
-4.000000000000002e-06,-3.600000000000001e-06,7e-05,1.4721359549995847e-06,0
-4.000000000000002e-06,-3.2e-06,7e-05,1.4721359549995847e-06,0
-4.000000000000002e-06,-2.8000000000000003e-06,7e-05,1.4721359549995847e-06,0
-4.000000000000002e-06,-2.4000000000000007e-06,7e-05,1.4721359549995847e-06,0
-4.000000000000002e-06,-1.9999999999999995e-06,7e-05,1.4721359549995847e-06,0
-4.000000000000002e-06,-1.6e-06,7e-05,1.4721359549995847e-06,0
-4.000000000000002e-06,-1.2000000000000004e-06,7e-05,1.4721359549995847e-06,0
-4.000000000000002e-06,-7.999999999999991e-07,7e-05,1.4721359549995847e-06,0
-4.000000000000002e-06,-3.9999999999999956e-07,7e-05,1.4721359549995847e-06,0
-4.000000000000002e-06,0.0,7e-05,1.4721359549995847e-06,0
-4.000000000000002e-06,3.9999999999999956e-07,7e-05,1.4721359549995847e-06,0
-4.000000000000002e-06,8.000000000000008e-07,7e-05,1.4721359549995847e-06,0
-4.000000000000002e-06,1.2000000000000004e-06,7e-05,1.4721359549995847e-06,0
-4.000000000000002e-06,1.6e-06,7e-05,1.4721359549995847e-06,0
-4.000000000000002e-06,1.9999999999999995e-06,7e-05,1.4721359549995847e-06,0
-4.000000000000002e-06,2.399999999999999e-06,7e-05,1.4721359549995847e-06,0
-4.000000000000002e-06,2.8000000000000003e-06,7e-05,1.4721359549995847e-06,0
-4.000000000000002e-06,3.2e-06,7e-05,1.4721359549995847e-06,0
-4.000000000000002e-06,3.5999999999999994e-06,7e-05,1.4721359549995847e-06,0
-4.000000000000002e-06,3.999999999999999e-06,7e-05,1.4721359549995847e-06,0
-4.000000000000002e-06,4.400000000000002e-06,7e-05,1.4721359549995847e-06,0
-4.000000000000002e-06,4.799999999999998e-06,7e-05,1.4721359549995847e-06,0
-4.000000000000002e-06,5.199999999999998e-06,7e-05,1.4721359549995847e-06,0
-4.000000000000002e-06,5.600000000000001e-06,7e-05,1.4721359549995847e-06,0
-4.000000000000002e-06,6e-06,7e-05,1.4721359549995847e-06,0
-4.000000000000002e-06,6.4e-06,7e-05,1.4721359549995847e-06,0
-4.000000000000002e-06,6.800000000000003e-06,7e-05,1.800000000000002e-06,0
-4.000000000000002e-06,7.199999999999999e-06,7e-05,2.1999999999999984e-06,0
-4.000000000000002e-06,7.599999999999998e-06,7e-05,2.599999999999998e-06,0
-4.000000000000002e-06,8.000000000000001e-06,7e-05,3.000000000000001e-06,0
-4.000000000000002e-06,8.400000000000001e-06,7e-05,3.4000000000000005e-06,0
-4.000000000000002e-06,8.8e-06,7e-05,3.8e-06,0
-4.000000000000002e-06,9.200000000000003e-06,7e-05,4.200000000000003e-06,0
-4.000000000000002e-06,9.6e-06,7e-05,4.599999999999999e-06,0
-4.000000000000002e-06,9.999999999999999e-06,7e-05,4.999999999999999e-06,0
-4.000000000000002e-06,1.0400000000000002e-05,7e-05,5.400000000000002e-06,0
-4.000000000000002e-06,1.0800000000000002e-05,7e-05,5.800000000000001e-06,0
-4.000000000000002e-06,1.1200000000000001e-05,7e-05,6.200000000000001e-06,0
-4.000000000000002e-06,1.1599999999999997e-05,7e-05,6.599999999999997e-06,0
-4.000000000000002e-06,1.2e-05,7e-05,7e-06,0
-2.9999999999999984e-06,-1.2e-05,7e-05,7e-06,0
-2.9999999999999984e-06,-1.16e-05,7e-05,6.6e-06,0
-2.9999999999999984e-06,-1.12e-05,7e-05,6.199999999999999e-06,0
-2.9999999999999984e-06,-1.08e-05,7e-05,5.7999999999999995e-06,0
-2.9999999999999984e-06,-1.04e-05,7e-05,5.4e-06,0
-2.9999999999999984e-06,-1e-05,7e-05,5e-06,0
-2.9999999999999984e-06,-9.6e-06,7e-05,4.599999999999999e-06,0
-2.9999999999999984e-06,-9.2e-06,7e-05,4.2e-06,0
-2.9999999999999984e-06,-8.8e-06,7e-05,3.8e-06,0
-2.9999999999999984e-06,-8.400000000000001e-06,7e-05,3.4000000000000005e-06,0
-2.9999999999999984e-06,-8.000000000000001e-06,7e-05,3.000000000000001e-06,0
-2.9999999999999984e-06,-7.6e-06,7e-05,2.5999999999999997e-06,0
-2.9999999999999984e-06,-7.2000000000000005e-06,7e-05,2.2e-06,0
-2.9999999999999984e-06,-6.8e-06,7e-05,1.7999999999999995e-06,0
-2.9999999999999984e-06,-6.4e-06,7e-05,1.399999999999999e-06,0
-2.9999999999999984e-06,-6e-06,7e-05,9.999999999999995e-07,0
-2.9999999999999984e-06,-5.6e-06,7e-05,6.055512754639921e-07,0
-2.9999999999999984e-06,-5.2e-06,7e-05,6.055512754639921e-07,0
-2.9999999999999984e-06,-4.800000000000001e-06,7e-05,6.055512754639921e-07,0
-2.9999999999999984e-06,-4.4e-06,7e-05,6.055512754639921e-07,0
-2.9999999999999984e-06,-4.000000000000001e-06,7e-05,6.055512754639921e-07,0
-2.9999999999999984e-06,-3.600000000000001e-06,7e-05,6.055512754639921e-07,0
-2.9999999999999984e-06,-3.2e-06,7e-05,6.055512754639921e-07,0
-2.9999999999999984e-06,-2.8000000000000003e-06,7e-05,6.055512754639921e-07,0
-2.9999999999999984e-06,-2.4000000000000007e-06,7e-05,6.055512754639921e-07,0
-2.9999999999999984e-06,-1.9999999999999995e-06,7e-05,6.055512754639921e-07,0
-2.9999999999999984e-06,-1.6e-06,7e-05,6.055512754639921e-07,0
-2.9999999999999984e-06,-1.2000000000000004e-06,7e-05,6.055512754639921e-07,0
-2.9999999999999984e-06,-7.999999999999991e-07,7e-05,6.055512754639921e-07,0
-2.9999999999999984e-06,-3.9999999999999956e-07,7e-05,6.055512754639921e-07,0
-2.9999999999999984e-06,0.0,7e-05,6.055512754639921e-07,0
-2.9999999999999984e-06,3.9999999999999956e-07,7e-05,6.055512754639921e-07,0
-2.9999999999999984e-06,8.000000000000008e-07,7e-05,6.055512754639921e-07,0
-2.9999999999999984e-06,1.2000000000000004e-06,7e-05,6.055512754639921e-07,0
-2.9999999999999984e-06,1.6e-06,7e-05,6.055512754639921e-07,0
-2.9999999999999984e-06,1.9999999999999995e-06,7e-05,6.055512754639921e-07,0
-2.9999999999999984e-06,2.399999999999999e-06,7e-05,6.055512754639921e-07,0
-2.9999999999999984e-06,2.8000000000000003e-06,7e-05,6.055512754639921e-07,0
-2.9999999999999984e-06,3.2e-06,7e-05,6.055512754639921e-07,0
-2.9999999999999984e-06,3.5999999999999994e-06,7e-05,6.055512754639921e-07,0
-2.9999999999999984e-06,3.999999999999999e-06,7e-05,6.055512754639921e-07,0
-2.9999999999999984e-06,4.400000000000002e-06,7e-05,6.055512754639921e-07,0
-2.9999999999999984e-06,4.799999999999998e-06,7e-05,6.055512754639921e-07,0
-2.9999999999999984e-06,5.199999999999998e-06,7e-05,6.055512754639921e-07,0
-2.9999999999999984e-06,5.600000000000001e-06,7e-05,6.055512754639921e-07,0
-2.9999999999999984e-06,6e-06,7e-05,9.999999999999995e-07,0
-2.9999999999999984e-06,6.4e-06,7e-05,1.399999999999999e-06,0
-2.9999999999999984e-06,6.800000000000003e-06,7e-05,1.800000000000002e-06,0
-2.9999999999999984e-06,7.199999999999999e-06,7e-05,2.1999999999999984e-06,0
-2.9999999999999984e-06,7.599999999999998e-06,7e-05,2.599999999999998e-06,0
-2.9999999999999984e-06,8.000000000000001e-06,7e-05,3.000000000000001e-06,0
-2.9999999999999984e-06,8.400000000000001e-06,7e-05,3.4000000000000005e-06,0
-2.9999999999999984e-06,8.8e-06,7e-05,3.8e-06,0
-2.9999999999999984e-06,9.200000000000003e-06,7e-05,4.200000000000003e-06,0
-2.9999999999999984e-06,9.6e-06,7e-05,4.599999999999999e-06,0
-2.9999999999999984e-06,9.999999999999999e-06,7e-05,4.999999999999999e-06,0
-2.9999999999999984e-06,1.0400000000000002e-05,7e-05,5.400000000000002e-06,0
-2.9999999999999984e-06,1.0800000000000002e-05,7e-05,5.800000000000001e-06,0
-2.9999999999999984e-06,1.1200000000000001e-05,7e-05,6.200000000000001e-06,0
-2.9999999999999984e-06,1.1599999999999997e-05,7e-05,6.599999999999997e-06,0
-2.9999999999999984e-06,1.2e-05,7e-05,7e-06,0
-2.000000000000001e-06,-1.2e-05,7e-05,7e-06,0
-2.000000000000001e-06,-1.16e-05,7e-05,6.6e-06,0
-2.000000000000001e-06,-1.12e-05,7e-05,6.199999999999999e-06,0
-2.000000000000001e-06,-1.08e-05,7e-05,5.7999999999999995e-06,0
-2.000000000000001e-06,-1.04e-05,7e-05,5.4e-06,0
-2.000000000000001e-06,-1e-05,7e-05,5e-06,0
-2.000000000000001e-06,-9.6e-06,7e-05,4.599999999999999e-06,0
-2.000000000000001e-06,-9.2e-06,7e-05,4.2e-06,0
-2.000000000000001e-06,-8.8e-06,7e-05,3.8e-06,0
-2.000000000000001e-06,-8.400000000000001e-06,7e-05,3.4000000000000005e-06,0
-2.000000000000001e-06,-8.000000000000001e-06,7e-05,3.000000000000001e-06,0
-2.000000000000001e-06,-7.6e-06,7e-05,2.5999999999999997e-06,0
-2.000000000000001e-06,-7.2000000000000005e-06,7e-05,2.2e-06,0
-2.000000000000001e-06,-6.8e-06,7e-05,1.7999999999999995e-06,0
-2.000000000000001e-06,-6.4e-06,7e-05,1.399999999999999e-06,0
-2.000000000000001e-06,-6e-06,7e-05,9.999999999999995e-07,0
-2.000000000000001e-06,-5.6e-06,7e-05,5.999999999999991e-07,0
-2.000000000000001e-06,-5.2e-06,7e-05,1.9999999999999957e-07,0
-2.000000000000001e-06,-4.800000000000001e-06,7e-05,-1.715728752538034e-07,1
-2.000000000000001e-06,-4.4e-06,7e-05,-1.715728752538034e-07,1
-2.000000000000001e-06,-4.000000000000001e-06,7e-05,-1.715728752538034e-07,1
-2.000000000000001e-06,-3.600000000000001e-06,7e-05,-1.715728752538034e-07,1
-2.000000000000001e-06,-3.2e-06,7e-05,-1.715728752538034e-07,1
-2.000000000000001e-06,-2.8000000000000003e-06,7e-05,-1.715728752538034e-07,1
-2.000000000000001e-06,-2.4000000000000007e-06,7e-05,-1.715728752538034e-07,1
-2.000000000000001e-06,-1.9999999999999995e-06,7e-05,-1.715728752538034e-07,1
-2.000000000000001e-06,-1.6e-06,7e-05,-1.715728752538034e-07,1
-2.000000000000001e-06,-1.2000000000000004e-06,7e-05,-1.715728752538034e-07,1
-2.000000000000001e-06,-7.999999999999991e-07,7e-05,-1.715728752538034e-07,1
-2.000000000000001e-06,-3.9999999999999956e-07,7e-05,-1.715728752538034e-07,1
-2.000000000000001e-06,0.0,7e-05,-1.715728752538034e-07,1
-2.000000000000001e-06,3.9999999999999956e-07,7e-05,-1.715728752538034e-07,1
-2.000000000000001e-06,8.000000000000008e-07,7e-05,-1.715728752538034e-07,1
-2.000000000000001e-06,1.2000000000000004e-06,7e-05,-1.715728752538034e-07,1
-2.000000000000001e-06,1.6e-06,7e-05,-1.715728752538034e-07,1
-2.000000000000001e-06,1.9999999999999995e-06,7e-05,-1.715728752538034e-07,1
-2.000000000000001e-06,2.399999999999999e-06,7e-05,-1.715728752538034e-07,1
-2.000000000000001e-06,2.8000000000000003e-06,7e-05,-1.715728752538034e-07,1
-2.000000000000001e-06,3.2e-06,7e-05,-1.715728752538034e-07,1
-2.000000000000001e-06,3.5999999999999994e-06,7e-05,-1.715728752538034e-07,1
-2.000000000000001e-06,3.999999999999999e-06,7e-05,-1.715728752538034e-07,1
-2.000000000000001e-06,4.400000000000002e-06,7e-05,-1.715728752538034e-07,1
-2.000000000000001e-06,4.799999999999998e-06,7e-05,-1.715728752538034e-07,1
-2.000000000000001e-06,5.199999999999998e-06,7e-05,1.9999999999999703e-07,0
-2.000000000000001e-06,5.600000000000001e-06,7e-05,6e-07,0
-2.000000000000001e-06,6e-06,7e-05,9.999999999999995e-07,0
-2.000000000000001e-06,6.4e-06,7e-05,1.399999999999999e-06,0
-2.000000000000001e-06,6.800000000000003e-06,7e-05,1.800000000000002e-06,0
-2.000000000000001e-06,7.199999999999999e-06,7e-05,2.1999999999999984e-06,0
-2.000000000000001e-06,7.599999999999998e-06,7e-05,2.599999999999998e-06,0
-2.000000000000001e-06,8.000000000000001e-06,7e-05,3.000000000000001e-06,0
-2.000000000000001e-06,8.400000000000001e-06,7e-05,3.4000000000000005e-06,0
-2.000000000000001e-06,8.8e-06,7e-05,3.8e-06,0
-2.000000000000001e-06,9.200000000000003e-06,7e-05,4.200000000000003e-06,0
-2.000000000000001e-06,9.6e-06,7e-05,4.599999999999999e-06,0
-2.000000000000001e-06,9.999999999999999e-06,7e-05,4.999999999999999e-06,0
-2.000000000000001e-06,1.0400000000000002e-05,7e-05,5.400000000000002e-06,0
-2.000000000000001e-06,1.0800000000000002e-05,7e-05,5.800000000000001e-06,0
-2.000000000000001e-06,1.1200000000000001e-05,7e-05,6.200000000000001e-06,0
-2.000000000000001e-06,1.1599999999999997e-05,7e-05,6.599999999999997e-06,0
-2.000000000000001e-06,1.2e-05,7e-05,7e-06,0
-1.0000000000000006e-06,-1.2e-05,7e-05,7e-06,0
-1.0000000000000006e-06,-1.16e-05,7e-05,6.6e-06,0
-1.0000000000000006e-06,-1.12e-05,7e-05,6.199999999999999e-06,0
-1.0000000000000006e-06,-1.08e-05,7e-05,5.7999999999999995e-06,0
-1.0000000000000006e-06,-1.04e-05,7e-05,5.4e-06,0
-1.0000000000000006e-06,-1e-05,7e-05,5e-06,0
-1.0000000000000006e-06,-9.6e-06,7e-05,4.599999999999999e-06,0
-1.0000000000000006e-06,-9.2e-06,7e-05,4.2e-06,0
-1.0000000000000006e-06,-8.8e-06,7e-05,3.8e-06,0
-1.0000000000000006e-06,-8.400000000000001e-06,7e-05,3.4000000000000005e-06,0
-1.0000000000000006e-06,-8.000000000000001e-06,7e-05,3.000000000000001e-06,0
-1.0000000000000006e-06,-7.6e-06,7e-05,2.5999999999999997e-06,0
-1.0000000000000006e-06,-7.2000000000000005e-06,7e-05,2.2e-06,0
-1.0000000000000006e-06,-6.8e-06,7e-05,1.7999999999999995e-06,0
-1.0000000000000006e-06,-6.4e-06,7e-05,1.399999999999999e-06,0
-1.0000000000000006e-06,-6e-06,7e-05,9.999999999999995e-07,0
-1.0000000000000006e-06,-5.6e-06,7e-05,5.999999999999991e-07,0
-1.0000000000000006e-06,-5.2e-06,7e-05,1.9999999999999957e-07,0
-1.0000000000000006e-06,-4.800000000000001e-06,7e-05,-2e-07,1
-1.0000000000000006e-06,-4.4e-06,7e-05,-6.000000000000004e-07,1
-1.0000000000000006e-06,-4.000000000000001e-06,7e-05,-7.639320225002029e-07,1
-1.0000000000000006e-06,-3.600000000000001e-06,7e-05,-7.639320225002029e-07,1
-1.0000000000000006e-06,-3.2e-06,7e-05,-7.639320225002029e-07,1
-1.0000000000000006e-06,-2.8000000000000003e-06,7e-05,-7.639320225002029e-07,1
-1.0000000000000006e-06,-2.4000000000000007e-06,7e-05,-7.639320225002029e-07,1
-1.0000000000000006e-06,-1.9999999999999995e-06,7e-05,-7.639320225002029e-07,1
-1.0000000000000006e-06,-1.6e-06,7e-05,-7.639320225002029e-07,1
-1.0000000000000006e-06,-1.2000000000000004e-06,7e-05,-7.639320225002029e-07,1
-1.0000000000000006e-06,-7.999999999999991e-07,7e-05,-7.639320225002029e-07,1
-1.0000000000000006e-06,-3.9999999999999956e-07,7e-05,-7.639320225002029e-07,1
-1.0000000000000006e-06,0.0,7e-05,-7.639320225002029e-07,1
-1.0000000000000006e-06,3.9999999999999956e-07,7e-05,-7.639320225002029e-07,1
-1.0000000000000006e-06,8.000000000000008e-07,7e-05,-7.639320225002029e-07,1
-1.0000000000000006e-06,1.2000000000000004e-06,7e-05,-7.639320225002029e-07,1
-1.0000000000000006e-06,1.6e-06,7e-05,-7.639320225002029e-07,1
-1.0000000000000006e-06,1.9999999999999995e-06,7e-05,-7.639320225002029e-07,1
-1.0000000000000006e-06,2.399999999999999e-06,7e-05,-7.639320225002029e-07,1
-1.0000000000000006e-06,2.8000000000000003e-06,7e-05,-7.639320225002029e-07,1
-1.0000000000000006e-06,3.2e-06,7e-05,-7.639320225002029e-07,1
-1.0000000000000006e-06,3.5999999999999994e-06,7e-05,-7.639320225002029e-07,1
-1.0000000000000006e-06,3.999999999999999e-06,7e-05,-7.639320225002029e-07,1
-1.0000000000000006e-06,4.400000000000002e-06,7e-05,-5.999999999999987e-07,1
-1.0000000000000006e-06,4.799999999999998e-06,7e-05,-2.0000000000000253e-07,1
-1.0000000000000006e-06,5.199999999999998e-06,7e-05,1.9999999999999703e-07,0
-1.0000000000000006e-06,5.600000000000001e-06,7e-05,6e-07,0
-1.0000000000000006e-06,6e-06,7e-05,9.999999999999995e-07,0
-1.0000000000000006e-06,6.4e-06,7e-05,1.399999999999999e-06,0
-1.0000000000000006e-06,6.800000000000003e-06,7e-05,1.800000000000002e-06,0
-1.0000000000000006e-06,7.199999999999999e-06,7e-05,2.1999999999999984e-06,0
-1.0000000000000006e-06,7.599999999999998e-06,7e-05,2.599999999999998e-06,0
-1.0000000000000006e-06,8.000000000000001e-06,7e-05,3.000000000000001e-06,0
-1.0000000000000006e-06,8.400000000000001e-06,7e-05,3.4000000000000005e-06,0
-1.0000000000000006e-06,8.8e-06,7e-05,3.8e-06,0
-1.0000000000000006e-06,9.200000000000003e-06,7e-05,4.200000000000003e-06,0
-1.0000000000000006e-06,9.6e-06,7e-05,4.599999999999999e-06,0
-1.0000000000000006e-06,9.999999999999999e-06,7e-05,4.999999999999999e-06,0
-1.0000000000000006e-06,1.0400000000000002e-05,7e-05,5.400000000000002e-06,0
-1.0000000000000006e-06,1.0800000000000002e-05,7e-05,5.800000000000001e-06,0
-1.0000000000000006e-06,1.1200000000000001e-05,7e-05,6.200000000000001e-06,0
-1.0000000000000006e-06,1.1599999999999997e-05,7e-05,6.599999999999997e-06,0
-1.0000000000000006e-06,1.2e-05,7e-05,7e-06,0
0.0,-1.2e-05,7e-05,7e-06,0
0.0,-1.16e-05,7e-05,6.6e-06,0
0.0,-1.12e-05,7e-05,6.199999999999999e-06,0
0.0,-1.08e-05,7e-05,5.7999999999999995e-06,0
0.0,-1.04e-05,7e-05,5.4e-06,0
0.0,-1e-05,7e-05,5e-06,0
0.0,-9.6e-06,7e-05,4.599999999999999e-06,0
0.0,-9.2e-06,7e-05,4.2e-06,0
0.0,-8.8e-06,7e-05,3.8e-06,0
0.0,-8.400000000000001e-06,7e-05,3.4000000000000005e-06,0
0.0,-8.000000000000001e-06,7e-05,3.000000000000001e-06,0
0.0,-7.6e-06,7e-05,2.5999999999999997e-06,0
0.0,-7.2000000000000005e-06,7e-05,2.2e-06,0
0.0,-6.8e-06,7e-05,1.7999999999999995e-06,0
0.0,-6.4e-06,7e-05,1.399999999999999e-06,0
0.0,-6e-06,7e-05,9.999999999999995e-07,0
0.0,-5.6e-06,7e-05,5.999999999999991e-07,0
0.0,-5.2e-06,7e-05,1.9999999999999957e-07,0
0.0,-4.800000000000001e-06,7e-05,-2e-07,1
0.0,-4.4e-06,7e-05,-6.000000000000004e-07,1
0.0,-4.000000000000001e-06,7e-05,-9.999999999999921e-07,1
0.0,-3.600000000000001e-06,7e-05,-9.999999999999921e-07,1
0.0,-3.2e-06,7e-05,-9.999999999999921e-07,1
0.0,-2.8000000000000003e-06,7e-05,-9.999999999999921e-07,1
0.0,-2.4000000000000007e-06,7e-05,-9.999999999999921e-07,1
0.0,-1.9999999999999995e-06,7e-05,-9.999999999999921e-07,1
0.0,-1.6e-06,7e-05,-9.999999999999921e-07,1
0.0,-1.2000000000000004e-06,7e-05,-9.999999999999921e-07,1
0.0,-7.999999999999991e-07,7e-05,-9.999999999999921e-07,1
0.0,-3.9999999999999956e-07,7e-05,-9.999999999999921e-07,1
0.0,0.0,7e-05,-9.999999999999921e-07,1
0.0,3.9999999999999956e-07,7e-05,-9.999999999999921e-07,1
0.0,8.000000000000008e-07,7e-05,-9.999999999999921e-07,1
0.0,1.2000000000000004e-06,7e-05,-9.999999999999921e-07,1
0.0,1.6e-06,7e-05,-9.999999999999921e-07,1
0.0,1.9999999999999995e-06,7e-05,-9.999999999999921e-07,1
0.0,2.399999999999999e-06,7e-05,-9.999999999999921e-07,1
0.0,2.8000000000000003e-06,7e-05,-9.999999999999921e-07,1
0.0,3.2e-06,7e-05,-9.999999999999921e-07,1
0.0,3.5999999999999994e-06,7e-05,-9.999999999999921e-07,1
0.0,3.999999999999999e-06,7e-05,-9.999999999999921e-07,1
0.0,4.400000000000002e-06,7e-05,-5.999999999999987e-07,1
0.0,4.799999999999998e-06,7e-05,-2.0000000000000253e-07,1
0.0,5.199999999999998e-06,7e-05,1.9999999999999703e-07,0
0.0,5.600000000000001e-06,7e-05,6e-07,0
0.0,6e-06,7e-05,9.999999999999995e-07,0
0.0,6.4e-06,7e-05,1.399999999999999e-06,0
0.0,6.800000000000003e-06,7e-05,1.800000000000002e-06,0
0.0,7.199999999999999e-06,7e-05,2.1999999999999984e-06,0
0.0,7.599999999999998e-06,7e-05,2.599999999999998e-06,0
0.0,8.000000000000001e-06,7e-05,3.000000000000001e-06,0
0.0,8.400000000000001e-06,7e-05,3.4000000000000005e-06,0
0.0,8.8e-06,7e-05,3.8e-06,0
0.0,9.200000000000003e-06,7e-05,4.200000000000003e-06,0
0.0,9.6e-06,7e-05,4.599999999999999e-06,0
0.0,9.999999999999999e-06,7e-05,4.999999999999999e-06,0
0.0,1.0400000000000002e-05,7e-05,5.400000000000002e-06,0
0.0,1.0800000000000002e-05,7e-05,5.800000000000001e-06,0
0.0,1.1200000000000001e-05,7e-05,6.200000000000001e-06,0
0.0,1.1599999999999997e-05,7e-05,6.599999999999997e-06,0
0.0,1.2e-05,7e-05,7e-06,0
1.0000000000000006e-06,-1.2e-05,7e-05,7e-06,0
1.0000000000000006e-06,-1.16e-05,7e-05,6.6e-06,0
1.0000000000000006e-06,-1.12e-05,7e-05,6.199999999999999e-06,0
1.0000000000000006e-06,-1.08e-05,7e-05,5.7999999999999995e-06,0
1.0000000000000006e-06,-1.04e-05,7e-05,5.4e-06,0
1.0000000000000006e-06,-1e-05,7e-05,5e-06,0
1.0000000000000006e-06,-9.6e-06,7e-05,4.599999999999999e-06,0
1.0000000000000006e-06,-9.2e-06,7e-05,4.2e-06,0
1.0000000000000006e-06,-8.8e-06,7e-05,3.8e-06,0
1.0000000000000006e-06,-8.400000000000001e-06,7e-05,3.4000000000000005e-06,0
1.0000000000000006e-06,-8.000000000000001e-06,7e-05,3.000000000000001e-06,0
1.0000000000000006e-06,-7.6e-06,7e-05,2.5999999999999997e-06,0
1.0000000000000006e-06,-7.2000000000000005e-06,7e-05,2.2e-06,0
1.0000000000000006e-06,-6.8e-06,7e-05,1.7999999999999995e-06,0
1.0000000000000006e-06,-6.4e-06,7e-05,1.399999999999999e-06,0
1.0000000000000006e-06,-6e-06,7e-05,9.999999999999995e-07,0
1.0000000000000006e-06,-5.6e-06,7e-05,5.999999999999991e-07,0
1.0000000000000006e-06,-5.2e-06,7e-05,1.9999999999999957e-07,0
1.0000000000000006e-06,-4.800000000000001e-06,7e-05,-2e-07,1
1.0000000000000006e-06,-4.4e-06,7e-05,-6.000000000000004e-07,1
1.0000000000000006e-06,-4.000000000000001e-06,7e-05,-7.639320225002029e-07,1
1.0000000000000006e-06,-3.600000000000001e-06,7e-05,-7.639320225002029e-07,1
1.0000000000000006e-06,-3.2e-06,7e-05,-7.639320225002029e-07,1
1.0000000000000006e-06,-2.8000000000000003e-06,7e-05,-7.639320225002029e-07,1
1.0000000000000006e-06,-2.4000000000000007e-06,7e-05,-7.639320225002029e-07,1
1.0000000000000006e-06,-1.9999999999999995e-06,7e-05,-7.639320225002029e-07,1
1.0000000000000006e-06,-1.6e-06,7e-05,-7.639320225002029e-07,1
1.0000000000000006e-06,-1.2000000000000004e-06,7e-05,-7.639320225002029e-07,1
1.0000000000000006e-06,-7.999999999999991e-07,7e-05,-7.639320225002029e-07,1
1.0000000000000006e-06,-3.9999999999999956e-07,7e-05,-7.639320225002029e-07,1
1.0000000000000006e-06,0.0,7e-05,-7.639320225002029e-07,1
1.0000000000000006e-06,3.9999999999999956e-07,7e-05,-7.639320225002029e-07,1
1.0000000000000006e-06,8.000000000000008e-07,7e-05,-7.639320225002029e-07,1
1.0000000000000006e-06,1.2000000000000004e-06,7e-05,-7.639320225002029e-07,1
1.0000000000000006e-06,1.6e-06,7e-05,-7.639320225002029e-07,1
1.0000000000000006e-06,1.9999999999999995e-06,7e-05,-7.639320225002029e-07,1
1.0000000000000006e-06,2.399999999999999e-06,7e-05,-7.639320225002029e-07,1
1.0000000000000006e-06,2.8000000000000003e-06,7e-05,-7.639320225002029e-07,1
1.0000000000000006e-06,3.2e-06,7e-05,-7.639320225002029e-07,1
1.0000000000000006e-06,3.5999999999999994e-06,7e-05,-7.639320225002029e-07,1
1.0000000000000006e-06,3.999999999999999e-06,7e-05,-7.639320225002029e-07,1
1.0000000000000006e-06,4.400000000000002e-06,7e-05,-5.999999999999987e-07,1
1.0000000000000006e-06,4.799999999999998e-06,7e-05,-2.0000000000000253e-07,1
1.0000000000000006e-06,5.199999999999998e-06,7e-05,1.9999999999999703e-07,0
1.0000000000000006e-06,5.600000000000001e-06,7e-05,6e-07,0
1.0000000000000006e-06,6e-06,7e-05,9.999999999999995e-07,0
1.0000000000000006e-06,6.4e-06,7e-05,1.399999999999999e-06,0
1.0000000000000006e-06,6.800000000000003e-06,7e-05,1.800000000000002e-06,0
1.0000000000000006e-06,7.199999999999999e-06,7e-05,2.1999999999999984e-06,0
1.0000000000000006e-06,7.599999999999998e-06,7e-05,2.599999999999998e-06,0
1.0000000000000006e-06,8.000000000000001e-06,7e-05,3.000000000000001e-06,0
1.0000000000000006e-06,8.400000000000001e-06,7e-05,3.4000000000000005e-06,0
1.0000000000000006e-06,8.8e-06,7e-05,3.8e-06,0
1.0000000000000006e-06,9.200000000000003e-06,7e-05,4.200000000000003e-06,0
1.0000000000000006e-06,9.6e-06,7e-05,4.599999999999999e-06,0
1.0000000000000006e-06,9.999999999999999e-06,7e-05,4.999999999999999e-06,0
1.0000000000000006e-06,1.0400000000000002e-05,7e-05,5.400000000000002e-06,0
1.0000000000000006e-06,1.0800000000000002e-05,7e-05,5.800000000000001e-06,0
1.0000000000000006e-06,1.1200000000000001e-05,7e-05,6.200000000000001e-06,0
1.0000000000000006e-06,1.1599999999999997e-05,7e-05,6.599999999999997e-06,0
1.0000000000000006e-06,1.2e-05,7e-05,7e-06,0
1.999999999999998e-06,-1.2e-05,7e-05,7e-06,0
1.999999999999998e-06,-1.16e-05,7e-05,6.6e-06,0
1.999999999999998e-06,-1.12e-05,7e-05,6.199999999999999e-06,0
1.999999999999998e-06,-1.08e-05,7e-05,5.7999999999999995e-06,0
1.999999999999998e-06,-1.04e-05,7e-05,5.4e-06,0
1.999999999999998e-06,-1e-05,7e-05,5e-06,0
1.999999999999998e-06,-9.6e-06,7e-05,4.599999999999999e-06,0
1.999999999999998e-06,-9.2e-06,7e-05,4.2e-06,0
1.999999999999998e-06,-8.8e-06,7e-05,3.8e-06,0
1.999999999999998e-06,-8.400000000000001e-06,7e-05,3.4000000000000005e-06,0
1.999999999999998e-06,-8.000000000000001e-06,7e-05,3.000000000000001e-06,0
1.999999999999998e-06,-7.6e-06,7e-05,2.5999999999999997e-06,0
1.999999999999998e-06,-7.2000000000000005e-06,7e-05,2.2e-06,0
1.999999999999998e-06,-6.8e-06,7e-05,1.7999999999999995e-06,0
1.999999999999998e-06,-6.4e-06,7e-05,1.399999999999999e-06,0
1.999999999999998e-06,-6e-06,7e-05,9.999999999999995e-07,0
1.999999999999998e-06,-5.6e-06,7e-05,5.999999999999991e-07,0
1.999999999999998e-06,-5.2e-06,7e-05,1.9999999999999957e-07,0
1.999999999999998e-06,-4.800000000000001e-06,7e-05,-1.7157287525380595e-07,1
1.999999999999998e-06,-4.4e-06,7e-05,-1.7157287525380595e-07,1
1.999999999999998e-06,-4.000000000000001e-06,7e-05,-1.7157287525380595e-07,1
1.999999999999998e-06,-3.600000000000001e-06,7e-05,-1.7157287525380595e-07,1
1.999999999999998e-06,-3.2e-06,7e-05,-1.7157287525380595e-07,1
1.999999999999998e-06,-2.8000000000000003e-06,7e-05,-1.7157287525380595e-07,1
1.999999999999998e-06,-2.4000000000000007e-06,7e-05,-1.7157287525380595e-07,1
1.999999999999998e-06,-1.9999999999999995e-06,7e-05,-1.7157287525380595e-07,1
1.999999999999998e-06,-1.6e-06,7e-05,-1.7157287525380595e-07,1
1.999999999999998e-06,-1.2000000000000004e-06,7e-05,-1.7157287525380595e-07,1
1.999999999999998e-06,-7.999999999999991e-07,7e-05,-1.7157287525380595e-07,1
1.999999999999998e-06,-3.9999999999999956e-07,7e-05,-1.7157287525380595e-07,1
1.999999999999998e-06,0.0,7e-05,-1.7157287525380595e-07,1
1.999999999999998e-06,3.9999999999999956e-07,7e-05,-1.7157287525380595e-07,1
1.999999999999998e-06,8.000000000000008e-07,7e-05,-1.7157287525380595e-07,1
1.999999999999998e-06,1.2000000000000004e-06,7e-05,-1.7157287525380595e-07,1
1.999999999999998e-06,1.6e-06,7e-05,-1.7157287525380595e-07,1
1.999999999999998e-06,1.9999999999999995e-06,7e-05,-1.7157287525380595e-07,1
1.999999999999998e-06,2.399999999999999e-06,7e-05,-1.7157287525380595e-07,1
1.999999999999998e-06,2.8000000000000003e-06,7e-05,-1.7157287525380595e-07,1
1.999999999999998e-06,3.2e-06,7e-05,-1.7157287525380595e-07,1
1.999999999999998e-06,3.5999999999999994e-06,7e-05,-1.7157287525380595e-07,1
1.999999999999998e-06,3.999999999999999e-06,7e-05,-1.7157287525380595e-07,1
1.999999999999998e-06,4.400000000000002e-06,7e-05,-1.7157287525380595e-07,1
1.999999999999998e-06,4.799999999999998e-06,7e-05,-1.7157287525380595e-07,1
1.999999999999998e-06,5.199999999999998e-06,7e-05,1.9999999999999703e-07,0
1.999999999999998e-06,5.600000000000001e-06,7e-05,6e-07,0
1.999999999999998e-06,6e-06,7e-05,9.999999999999995e-07,0
1.999999999999998e-06,6.4e-06,7e-05,1.399999999999999e-06,0
1.999999999999998e-06,6.800000000000003e-06,7e-05,1.800000000000002e-06,0
1.999999999999998e-06,7.199999999999999e-06,7e-05,2.1999999999999984e-06,0
1.999999999999998e-06,7.599999999999998e-06,7e-05,2.599999999999998e-06,0
1.999999999999998e-06,8.000000000000001e-06,7e-05,3.000000000000001e-06,0
1.999999999999998e-06,8.400000000000001e-06,7e-05,3.4000000000000005e-06,0
1.999999999999998e-06,8.8e-06,7e-05,3.8e-06,0
1.999999999999998e-06,9.200000000000003e-06,7e-05,4.200000000000003e-06,0
1.999999999999998e-06,9.6e-06,7e-05,4.599999999999999e-06,0
1.999999999999998e-06,9.999999999999999e-06,7e-05,4.999999999999999e-06,0
1.999999999999998e-06,1.0400000000000002e-05,7e-05,5.400000000000002e-06,0
1.999999999999998e-06,1.0800000000000002e-05,7e-05,5.800000000000001e-06,0
1.999999999999998e-06,1.1200000000000001e-05,7e-05,6.200000000000001e-06,0
1.999999999999998e-06,1.1599999999999997e-05,7e-05,6.599999999999997e-06,0
1.999999999999998e-06,1.2e-05,7e-05,7e-06,0
3.0000000000000018e-06,-1.2e-05,7e-05,7e-06,0
3.0000000000000018e-06,-1.16e-05,7e-05,6.6e-06,0
3.0000000000000018e-06,-1.12e-05,7e-05,6.199999999999999e-06,0
3.0000000000000018e-06,-1.08e-05,7e-05,5.7999999999999995e-06,0
3.0000000000000018e-06,-1.04e-05,7e-05,5.4e-06,0
3.0000000000000018e-06,-1e-05,7e-05,5e-06,0
3.0000000000000018e-06,-9.6e-06,7e-05,4.599999999999999e-06,0
3.0000000000000018e-06,-9.2e-06,7e-05,4.2e-06,0
3.0000000000000018e-06,-8.8e-06,7e-05,3.8e-06,0
3.0000000000000018e-06,-8.400000000000001e-06,7e-05,3.4000000000000005e-06,0
3.0000000000000018e-06,-8.000000000000001e-06,7e-05,3.000000000000001e-06,0
3.0000000000000018e-06,-7.6e-06,7e-05,2.5999999999999997e-06,0
3.0000000000000018e-06,-7.2000000000000005e-06,7e-05,2.2e-06,0
3.0000000000000018e-06,-6.8e-06,7e-05,1.7999999999999995e-06,0
3.0000000000000018e-06,-6.4e-06,7e-05,1.399999999999999e-06,0
3.0000000000000018e-06,-6e-06,7e-05,9.999999999999995e-07,0
3.0000000000000018e-06,-5.6e-06,7e-05,6.05551275463995e-07,0
3.0000000000000018e-06,-5.2e-06,7e-05,6.05551275463995e-07,0
3.0000000000000018e-06,-4.800000000000001e-06,7e-05,6.05551275463995e-07,0
3.0000000000000018e-06,-4.4e-06,7e-05,6.05551275463995e-07,0
3.0000000000000018e-06,-4.000000000000001e-06,7e-05,6.05551275463995e-07,0
3.0000000000000018e-06,-3.600000000000001e-06,7e-05,6.05551275463995e-07,0
3.0000000000000018e-06,-3.2e-06,7e-05,6.05551275463995e-07,0
3.0000000000000018e-06,-2.8000000000000003e-06,7e-05,6.05551275463995e-07,0
3.0000000000000018e-06,-2.4000000000000007e-06,7e-05,6.05551275463995e-07,0
3.0000000000000018e-06,-1.9999999999999995e-06,7e-05,6.05551275463995e-07,0
3.0000000000000018e-06,-1.6e-06,7e-05,6.05551275463995e-07,0
3.0000000000000018e-06,-1.2000000000000004e-06,7e-05,6.05551275463995e-07,0
3.0000000000000018e-06,-7.999999999999991e-07,7e-05,6.05551275463995e-07,0
3.0000000000000018e-06,-3.9999999999999956e-07,7e-05,6.05551275463995e-07,0
3.0000000000000018e-06,0.0,7e-05,6.05551275463995e-07,0
3.0000000000000018e-06,3.9999999999999956e-07,7e-05,6.05551275463995e-07,0
3.0000000000000018e-06,8.000000000000008e-07,7e-05,6.05551275463995e-07,0
3.0000000000000018e-06,1.2000000000000004e-06,7e-05,6.05551275463995e-07,0
3.0000000000000018e-06,1.6e-06,7e-05,6.05551275463995e-07,0
3.0000000000000018e-06,1.9999999999999995e-06,7e-05,6.05551275463995e-07,0
3.0000000000000018e-06,2.399999999999999e-06,7e-05,6.05551275463995e-07,0
3.0000000000000018e-06,2.8000000000000003e-06,7e-05,6.05551275463995e-07,0
3.0000000000000018e-06,3.2e-06,7e-05,6.05551275463995e-07,0
3.0000000000000018e-06,3.5999999999999994e-06,7e-05,6.05551275463995e-07,0
3.0000000000000018e-06,3.999999999999999e-06,7e-05,6.05551275463995e-07,0
3.0000000000000018e-06,4.400000000000002e-06,7e-05,6.05551275463995e-07,0
3.0000000000000018e-06,4.799999999999998e-06,7e-05,6.05551275463995e-07,0
3.0000000000000018e-06,5.199999999999998e-06,7e-05,6.05551275463995e-07,0
3.0000000000000018e-06,5.600000000000001e-06,7e-05,6.05551275463995e-07,0
3.0000000000000018e-06,6e-06,7e-05,9.999999999999995e-07,0
3.0000000000000018e-06,6.4e-06,7e-05,1.399999999999999e-06,0
3.0000000000000018e-06,6.800000000000003e-06,7e-05,1.800000000000002e-06,0
3.0000000000000018e-06,7.199999999999999e-06,7e-05,2.1999999999999984e-06,0
3.0000000000000018e-06,7.599999999999998e-06,7e-05,2.599999999999998e-06,0
3.0000000000000018e-06,8.000000000000001e-06,7e-05,3.000000000000001e-06,0
3.0000000000000018e-06,8.400000000000001e-06,7e-05,3.4000000000000005e-06,0
3.0000000000000018e-06,8.8e-06,7e-05,3.8e-06,0
3.0000000000000018e-06,9.200000000000003e-06,7e-05,4.200000000000003e-06,0
3.0000000000000018e-06,9.6e-06,7e-05,4.599999999999999e-06,0
3.0000000000000018e-06,9.999999999999999e-06,7e-05,4.999999999999999e-06,0
3.0000000000000018e-06,1.0400000000000002e-05,7e-05,5.400000000000002e-06,0
3.0000000000000018e-06,1.0800000000000002e-05,7e-05,5.800000000000001e-06,0
3.0000000000000018e-06,1.1200000000000001e-05,7e-05,6.200000000000001e-06,0
3.0000000000000018e-06,1.1599999999999997e-05,7e-05,6.599999999999997e-06,0
3.0000000000000018e-06,1.2e-05,7e-05,7e-06,0
3.999999999999999e-06,-1.2e-05,7e-05,7e-06,0
3.999999999999999e-06,-1.16e-05,7e-05,6.6e-06,0
3.999999999999999e-06,-1.12e-05,7e-05,6.199999999999999e-06,0
3.999999999999999e-06,-1.08e-05,7e-05,5.7999999999999995e-06,0
3.999999999999999e-06,-1.04e-05,7e-05,5.4e-06,0
3.999999999999999e-06,-1e-05,7e-05,5e-06,0
3.999999999999999e-06,-9.6e-06,7e-05,4.599999999999999e-06,0
3.999999999999999e-06,-9.2e-06,7e-05,4.2e-06,0
3.999999999999999e-06,-8.8e-06,7e-05,3.8e-06,0
3.999999999999999e-06,-8.400000000000001e-06,7e-05,3.4000000000000005e-06,0
3.999999999999999e-06,-8.000000000000001e-06,7e-05,3.000000000000001e-06,0
3.999999999999999e-06,-7.6e-06,7e-05,2.5999999999999997e-06,0
3.999999999999999e-06,-7.2000000000000005e-06,7e-05,2.2e-06,0
3.999999999999999e-06,-6.8e-06,7e-05,1.7999999999999995e-06,0
3.999999999999999e-06,-6.4e-06,7e-05,1.4721359549995821e-06,0
3.999999999999999e-06,-6e-06,7e-05,1.4721359549995821e-06,0
3.999999999999999e-06,-5.6e-06,7e-05,1.4721359549995821e-06,0
3.999999999999999e-06,-5.2e-06,7e-05,1.4721359549995821e-06,0
3.999999999999999e-06,-4.800000000000001e-06,7e-05,1.4721359549995821e-06,0
3.999999999999999e-06,-4.4e-06,7e-05,1.4721359549995821e-06,0
3.999999999999999e-06,-4.000000000000001e-06,7e-05,1.4721359549995821e-06,0
3.999999999999999e-06,-3.600000000000001e-06,7e-05,1.4721359549995821e-06,0
3.999999999999999e-06,-3.2e-06,7e-05,1.4721359549995821e-06,0
3.999999999999999e-06,-2.8000000000000003e-06,7e-05,1.4721359549995821e-06,0
3.999999999999999e-06,-2.4000000000000007e-06,7e-05,1.4721359549995821e-06,0
3.999999999999999e-06,-1.9999999999999995e-06,7e-05,1.4721359549995821e-06,0
3.999999999999999e-06,-1.6e-06,7e-05,1.4721359549995821e-06,0
3.999999999999999e-06,-1.2000000000000004e-06,7e-05,1.4721359549995821e-06,0
3.999999999999999e-06,-7.999999999999991e-07,7e-05,1.4721359549995821e-06,0
3.999999999999999e-06,-3.9999999999999956e-07,7e-05,1.4721359549995821e-06,0
3.999999999999999e-06,0.0,7e-05,1.4721359549995821e-06,0
3.999999999999999e-06,3.9999999999999956e-07,7e-05,1.4721359549995821e-06,0
3.999999999999999e-06,8.000000000000008e-07,7e-05,1.4721359549995821e-06,0
3.999999999999999e-06,1.2000000000000004e-06,7e-05,1.4721359549995821e-06,0
3.999999999999999e-06,1.6e-06,7e-05,1.4721359549995821e-06,0
3.999999999999999e-06,1.9999999999999995e-06,7e-05,1.4721359549995821e-06,0
3.999999999999999e-06,2.399999999999999e-06,7e-05,1.4721359549995821e-06,0
3.999999999999999e-06,2.8000000000000003e-06,7e-05,1.4721359549995821e-06,0
3.999999999999999e-06,3.2e-06,7e-05,1.4721359549995821e-06,0
3.999999999999999e-06,3.5999999999999994e-06,7e-05,1.4721359549995821e-06,0
3.999999999999999e-06,3.999999999999999e-06,7e-05,1.4721359549995821e-06,0
3.999999999999999e-06,4.400000000000002e-06,7e-05,1.4721359549995821e-06,0
3.999999999999999e-06,4.799999999999998e-06,7e-05,1.4721359549995821e-06,0
3.999999999999999e-06,5.199999999999998e-06,7e-05,1.4721359549995821e-06,0
3.999999999999999e-06,5.600000000000001e-06,7e-05,1.4721359549995821e-06,0
3.999999999999999e-06,6e-06,7e-05,1.4721359549995821e-06,0
3.999999999999999e-06,6.4e-06,7e-05,1.4721359549995821e-06,0
3.999999999999999e-06,6.800000000000003e-06,7e-05,1.800000000000002e-06,0
3.999999999999999e-06,7.199999999999999e-06,7e-05,2.1999999999999984e-06,0
3.999999999999999e-06,7.599999999999998e-06,7e-05,2.599999999999998e-06,0
3.999999999999999e-06,8.000000000000001e-06,7e-05,3.000000000000001e-06,0
3.999999999999999e-06,8.400000000000001e-06,7e-05,3.4000000000000005e-06,0
3.999999999999999e-06,8.8e-06,7e-05,3.8e-06,0
3.999999999999999e-06,9.200000000000003e-06,7e-05,4.200000000000003e-06,0
3.999999999999999e-06,9.6e-06,7e-05,4.599999999999999e-06,0
3.999999999999999e-06,9.999999999999999e-06,7e-05,4.999999999999999e-06,0
3.999999999999999e-06,1.0400000000000002e-05,7e-05,5.400000000000002e-06,0
3.999999999999999e-06,1.0800000000000002e-05,7e-05,5.800000000000001e-06,0
3.999999999999999e-06,1.1200000000000001e-05,7e-05,6.200000000000001e-06,0
3.999999999999999e-06,1.1599999999999997e-05,7e-05,6.599999999999997e-06,0
3.999999999999999e-06,1.2e-05,7e-05,7e-06,0
4.999999999999996e-06,-1.2e-05,7e-05,7e-06,0
4.999999999999996e-06,-1.16e-05,7e-05,6.6e-06,0
4.999999999999996e-06,-1.12e-05,7e-05,6.199999999999999e-06,0
4.999999999999996e-06,-1.08e-05,7e-05,5.7999999999999995e-06,0
4.999999999999996e-06,-1.04e-05,7e-05,5.4e-06,0
4.999999999999996e-06,-1e-05,7e-05,5e-06,0
4.999999999999996e-06,-9.6e-06,7e-05,4.599999999999999e-06,0
4.999999999999996e-06,-9.2e-06,7e-05,4.2e-06,0
4.999999999999996e-06,-8.8e-06,7e-05,3.8e-06,0
4.999999999999996e-06,-8.400000000000001e-06,7e-05,3.4000000000000005e-06,0
4.999999999999996e-06,-8.000000000000001e-06,7e-05,3.000000000000001e-06,0
4.999999999999996e-06,-7.6e-06,7e-05,2.5999999999999997e-06,0
4.999999999999996e-06,-7.2000000000000005e-06,7e-05,2.384191881137657e-06,0
4.999999999999996e-06,-6.8e-06,7e-05,2.384191881137657e-06,0
4.999999999999996e-06,-6.4e-06,7e-05,2.384191881137657e-06,0
4.999999999999996e-06,-6e-06,7e-05,2.384191881137657e-06,0
4.999999999999996e-06,-5.6e-06,7e-05,2.384191881137657e-06,0
4.999999999999996e-06,-5.2e-06,7e-05,2.384191881137657e-06,0
4.999999999999996e-06,-4.800000000000001e-06,7e-05,2.384191881137657e-06,0
4.999999999999996e-06,-4.4e-06,7e-05,2.384191881137657e-06,0
4.999999999999996e-06,-4.000000000000001e-06,7e-05,2.384191881137657e-06,0
4.999999999999996e-06,-3.600000000000001e-06,7e-05,2.384191881137657e-06,0
4.999999999999996e-06,-3.2e-06,7e-05,2.384191881137657e-06,0
4.999999999999996e-06,-2.8000000000000003e-06,7e-05,2.384191881137657e-06,0
4.999999999999996e-06,-2.4000000000000007e-06,7e-05,2.384191881137657e-06,0
4.999999999999996e-06,-1.9999999999999995e-06,7e-05,2.384191881137657e-06,0
4.999999999999996e-06,-1.6e-06,7e-05,2.384191881137657e-06,0
4.999999999999996e-06,-1.2000000000000004e-06,7e-05,2.384191881137657e-06,0
4.999999999999996e-06,-7.999999999999991e-07,7e-05,2.384191881137657e-06,0
4.999999999999996e-06,-3.9999999999999956e-07,7e-05,2.384191881137657e-06,0
4.999999999999996e-06,0.0,7e-05,2.384191881137657e-06,0
4.999999999999996e-06,3.9999999999999956e-07,7e-05,2.384191881137657e-06,0
4.999999999999996e-06,8.000000000000008e-07,7e-05,2.384191881137657e-06,0
4.999999999999996e-06,1.2000000000000004e-06,7e-05,2.384191881137657e-06,0
4.999999999999996e-06,1.6e-06,7e-05,2.384191881137657e-06,0
4.999999999999996e-06,1.9999999999999995e-06,7e-05,2.384191881137657e-06,0
4.999999999999996e-06,2.399999999999999e-06,7e-05,2.384191881137657e-06,0
4.999999999999996e-06,2.8000000000000003e-06,7e-05,2.384191881137657e-06,0
4.999999999999996e-06,3.2e-06,7e-05,2.384191881137657e-06,0
4.999999999999996e-06,3.5999999999999994e-06,7e-05,2.384191881137657e-06,0
4.999999999999996e-06,3.999999999999999e-06,7e-05,2.384191881137657e-06,0
4.999999999999996e-06,4.400000000000002e-06,7e-05,2.384191881137657e-06,0
4.999999999999996e-06,4.799999999999998e-06,7e-05,2.384191881137657e-06,0
4.999999999999996e-06,5.199999999999998e-06,7e-05,2.384191881137657e-06,0
4.999999999999996e-06,5.600000000000001e-06,7e-05,2.384191881137657e-06,0
4.999999999999996e-06,6e-06,7e-05,2.384191881137657e-06,0
4.999999999999996e-06,6.4e-06,7e-05,2.384191881137657e-06,0
4.999999999999996e-06,6.800000000000003e-06,7e-05,2.384191881137657e-06,0
4.999999999999996e-06,7.199999999999999e-06,7e-05,2.384191881137657e-06,0
4.999999999999996e-06,7.599999999999998e-06,7e-05,2.599999999999998e-06,0
4.999999999999996e-06,8.000000000000001e-06,7e-05,3.000000000000001e-06,0
4.999999999999996e-06,8.400000000000001e-06,7e-05,3.4000000000000005e-06,0
4.999999999999996e-06,8.8e-06,7e-05,3.8e-06,0
4.999999999999996e-06,9.200000000000003e-06,7e-05,4.200000000000003e-06,0
4.999999999999996e-06,9.6e-06,7e-05,4.599999999999999e-06,0
4.999999999999996e-06,9.999999999999999e-06,7e-05,4.999999999999999e-06,0
4.999999999999996e-06,1.0400000000000002e-05,7e-05,5.400000000000002e-06,0
4.999999999999996e-06,1.0800000000000002e-05,7e-05,5.800000000000001e-06,0
4.999999999999996e-06,1.1200000000000001e-05,7e-05,6.200000000000001e-06,0
4.999999999999996e-06,1.1599999999999997e-05,7e-05,6.599999999999997e-06,0
4.999999999999996e-06,1.2e-05,7e-05,7e-06,0
6e-06,-1.2e-05,7e-05,7e-06,0
6e-06,-1.16e-05,7e-05,6.6e-06,0
6e-06,-1.12e-05,7e-05,6.199999999999999e-06,0
6e-06,-1.08e-05,7e-05,5.7999999999999995e-06,0
6e-06,-1.04e-05,7e-05,5.4e-06,0
6e-06,-1e-05,7e-05,5e-06,0
6e-06,-9.6e-06,7e-05,4.599999999999999e-06,0
6e-06,-9.2e-06,7e-05,4.2e-06,0
6e-06,-8.8e-06,7e-05,3.8e-06,0
6e-06,-8.400000000000001e-06,7e-05,3.4000000000000005e-06,0
6e-06,-8.000000000000001e-06,7e-05,3.3054414425490407e-06,0
6e-06,-7.6e-06,7e-05,3.3054414425490407e-06,0
6e-06,-7.2000000000000005e-06,7e-05,3.3054414425490407e-06,0
6e-06,-6.8e-06,7e-05,3.3054414425490407e-06,0
6e-06,-6.4e-06,7e-05,3.3054414425490407e-06,0
6e-06,-6e-06,7e-05,3.3054414425490407e-06,0
6e-06,-5.6e-06,7e-05,3.3054414425490407e-06,0
6e-06,-5.2e-06,7e-05,3.3054414425490407e-06,0
6e-06,-4.800000000000001e-06,7e-05,3.3054414425490407e-06,0
6e-06,-4.4e-06,7e-05,3.3054414425490407e-06,0
6e-06,-4.000000000000001e-06,7e-05,3.3054414425490407e-06,0
6e-06,-3.600000000000001e-06,7e-05,3.3054414425490407e-06,0
6e-06,-3.2e-06,7e-05,3.3054414425490407e-06,0
6e-06,-2.8000000000000003e-06,7e-05,3.3054414425490407e-06,0
6e-06,-2.4000000000000007e-06,7e-05,3.3054414425490407e-06,0
6e-06,-1.9999999999999995e-06,7e-05,3.3054414425490407e-06,0
6e-06,-1.6e-06,7e-05,3.3054414425490407e-06,0
6e-06,-1.2000000000000004e-06,7e-05,3.3054414425490407e-06,0
6e-06,-7.999999999999991e-07,7e-05,3.3054414425490407e-06,0
6e-06,-3.9999999999999956e-07,7e-05,3.3054414425490407e-06,0
6e-06,0.0,7e-05,3.3054414425490407e-06,0
6e-06,3.9999999999999956e-07,7e-05,3.3054414425490407e-06,0
6e-06,8.000000000000008e-07,7e-05,3.3054414425490407e-06,0
6e-06,1.2000000000000004e-06,7e-05,3.3054414425490407e-06,0
6e-06,1.6e-06,7e-05,3.3054414425490407e-06,0
6e-06,1.9999999999999995e-06,7e-05,3.3054414425490407e-06,0
6e-06,2.399999999999999e-06,7e-05,3.3054414425490407e-06,0
6e-06,2.8000000000000003e-06,7e-05,3.3054414425490407e-06,0
6e-06,3.2e-06,7e-05,3.3054414425490407e-06,0
6e-06,3.5999999999999994e-06,7e-05,3.3054414425490407e-06,0
6e-06,3.999999999999999e-06,7e-05,3.3054414425490407e-06,0
6e-06,4.400000000000002e-06,7e-05,3.3054414425490407e-06,0
6e-06,4.799999999999998e-06,7e-05,3.3054414425490407e-06,0
6e-06,5.199999999999998e-06,7e-05,3.3054414425490407e-06,0
6e-06,5.600000000000001e-06,7e-05,3.3054414425490407e-06,0
6e-06,6e-06,7e-05,3.3054414425490407e-06,0
6e-06,6.4e-06,7e-05,3.3054414425490407e-06,0
6e-06,6.800000000000003e-06,7e-05,3.3054414425490407e-06,0
6e-06,7.199999999999999e-06,7e-05,3.3054414425490407e-06,0
6e-06,7.599999999999998e-06,7e-05,3.3054414425490407e-06,0
6e-06,8.000000000000001e-06,7e-05,3.3054414425490407e-06,0
6e-06,8.400000000000001e-06,7e-05,3.4000000000000005e-06,0
6e-06,8.8e-06,7e-05,3.8e-06,0
6e-06,9.200000000000003e-06,7e-05,4.200000000000003e-06,0
6e-06,9.6e-06,7e-05,4.599999999999999e-06,0
6e-06,9.999999999999999e-06,7e-05,4.999999999999999e-06,0
6e-06,1.0400000000000002e-05,7e-05,5.400000000000002e-06,0
6e-06,1.0800000000000002e-05,7e-05,5.800000000000001e-06,0
6e-06,1.1200000000000001e-05,7e-05,6.200000000000001e-06,0
6e-06,1.1599999999999997e-05,7e-05,6.599999999999997e-06,0
6e-06,1.2e-05,7e-05,7e-06,0
7.000000000000004e-06,-1.2e-05,7e-05,7e-06,0
7.000000000000004e-06,-1.16e-05,7e-05,6.6e-06,0
7.000000000000004e-06,-1.12e-05,7e-05,6.199999999999999e-06,0
7.000000000000004e-06,-1.08e-05,7e-05,5.7999999999999995e-06,0
7.000000000000004e-06,-1.04e-05,7e-05,5.4e-06,0
7.000000000000004e-06,-1e-05,7e-05,5e-06,0
7.000000000000004e-06,-9.6e-06,7e-05,4.599999999999999e-06,0
7.000000000000004e-06,-9.2e-06,7e-05,4.2266910039604305e-06,0
7.000000000000004e-06,-8.8e-06,7e-05,4.2266910039604305e-06,0
7.000000000000004e-06,-8.400000000000001e-06,7e-05,4.2266910039604305e-06,0
7.000000000000004e-06,-8.000000000000001e-06,7e-05,4.2266910039604305e-06,0
7.000000000000004e-06,-7.6e-06,7e-05,4.2266910039604305e-06,0
7.000000000000004e-06,-7.2000000000000005e-06,7e-05,4.2266910039604305e-06,0
7.000000000000004e-06,-6.8e-06,7e-05,4.2266910039604305e-06,0
7.000000000000004e-06,-6.4e-06,7e-05,4.2266910039604305e-06,0
7.000000000000004e-06,-6e-06,7e-05,4.2266910039604305e-06,0
7.000000000000004e-06,-5.6e-06,7e-05,4.2266910039604305e-06,0
7.000000000000004e-06,-5.2e-06,7e-05,4.2266910039604305e-06,0
7.000000000000004e-06,-4.800000000000001e-06,7e-05,4.2266910039604305e-06,0
7.000000000000004e-06,-4.4e-06,7e-05,4.2266910039604305e-06,0
7.000000000000004e-06,-4.000000000000001e-06,7e-05,4.2266910039604305e-06,0
7.000000000000004e-06,-3.600000000000001e-06,7e-05,4.2266910039604305e-06,0
7.000000000000004e-06,-3.2e-06,7e-05,4.2266910039604305e-06,0
7.000000000000004e-06,-2.8000000000000003e-06,7e-05,4.2266910039604305e-06,0
7.000000000000004e-06,-2.4000000000000007e-06,7e-05,4.2266910039604305e-06,0
7.000000000000004e-06,-1.9999999999999995e-06,7e-05,4.2266910039604305e-06,0
7.000000000000004e-06,-1.6e-06,7e-05,4.2266910039604305e-06,0
7.000000000000004e-06,-1.2000000000000004e-06,7e-05,4.2266910039604305e-06,0
7.000000000000004e-06,-7.999999999999991e-07,7e-05,4.2266910039604305e-06,0
7.000000000000004e-06,-3.9999999999999956e-07,7e-05,4.2266910039604305e-06,0
7.000000000000004e-06,0.0,7e-05,4.2266910039604305e-06,0
7.000000000000004e-06,3.9999999999999956e-07,7e-05,4.2266910039604305e-06,0
7.000000000000004e-06,8.000000000000008e-07,7e-05,4.2266910039604305e-06,0
7.000000000000004e-06,1.2000000000000004e-06,7e-05,4.2266910039604305e-06,0
7.000000000000004e-06,1.6e-06,7e-05,4.2266910039604305e-06,0
7.000000000000004e-06,1.9999999999999995e-06,7e-05,4.2266910039604305e-06,0
7.000000000000004e-06,2.399999999999999e-06,7e-05,4.2266910039604305e-06,0
7.000000000000004e-06,2.8000000000000003e-06,7e-05,4.2266910039604305e-06,0
7.000000000000004e-06,3.2e-06,7e-05,4.2266910039604305e-06,0
7.000000000000004e-06,3.5999999999999994e-06,7e-05,4.2266910039604305e-06,0
7.000000000000004e-06,3.999999999999999e-06,7e-05,4.2266910039604305e-06,0
7.000000000000004e-06,4.400000000000002e-06,7e-05,4.2266910039604305e-06,0
7.000000000000004e-06,4.799999999999998e-06,7e-05,4.2266910039604305e-06,0
7.000000000000004e-06,5.199999999999998e-06,7e-05,4.2266910039604305e-06,0
7.000000000000004e-06,5.600000000000001e-06,7e-05,4.2266910039604305e-06,0
7.000000000000004e-06,6e-06,7e-05,4.2266910039604305e-06,0
7.000000000000004e-06,6.4e-06,7e-05,4.2266910039604305e-06,0
7.000000000000004e-06,6.800000000000003e-06,7e-05,4.2266910039604305e-06,0
7.000000000000004e-06,7.199999999999999e-06,7e-05,4.2266910039604305e-06,0
7.000000000000004e-06,7.599999999999998e-06,7e-05,4.2266910039604305e-06,0
7.000000000000004e-06,8.000000000000001e-06,7e-05,4.2266910039604305e-06,0
7.000000000000004e-06,8.400000000000001e-06,7e-05,4.2266910039604305e-06,0
7.000000000000004e-06,8.8e-06,7e-05,4.2266910039604305e-06,0
7.000000000000004e-06,9.200000000000003e-06,7e-05,4.2266910039604305e-06,0
7.000000000000004e-06,9.6e-06,7e-05,4.599999999999999e-06,0
7.000000000000004e-06,9.999999999999999e-06,7e-05,4.999999999999999e-06,0
7.000000000000004e-06,1.0400000000000002e-05,7e-05,5.400000000000002e-06,0
7.000000000000004e-06,1.0800000000000002e-05,7e-05,5.800000000000001e-06,0
7.000000000000004e-06,1.1200000000000001e-05,7e-05,6.200000000000001e-06,0
7.000000000000004e-06,1.1599999999999997e-05,7e-05,6.599999999999997e-06,0
7.000000000000004e-06,1.2e-05,7e-05,7e-06,0
7.999999999999995e-06,-1.2e-05,7e-05,7e-06,0
7.999999999999995e-06,-1.16e-05,7e-05,6.6e-06,0
7.999999999999995e-06,-1.12e-05,7e-05,6.199999999999999e-06,0
7.999999999999995e-06,-1.08e-05,7e-05,5.7999999999999995e-06,0
7.999999999999995e-06,-1.04e-05,7e-05,5.4e-06,0
7.999999999999995e-06,-1e-05,7e-05,5.1479405653718085e-06,0
7.999999999999995e-06,-9.6e-06,7e-05,5.1479405653718085e-06,0
7.999999999999995e-06,-9.2e-06,7e-05,5.1479405653718085e-06,0
7.999999999999995e-06,-8.8e-06,7e-05,5.1479405653718085e-06,0
7.999999999999995e-06,-8.400000000000001e-06,7e-05,5.1479405653718085e-06,0
7.999999999999995e-06,-8.000000000000001e-06,7e-05,5.1479405653718085e-06,0
7.999999999999995e-06,-7.6e-06,7e-05,5.1479405653718085e-06,0
7.999999999999995e-06,-7.2000000000000005e-06,7e-05,5.1479405653718085e-06,0
7.999999999999995e-06,-6.8e-06,7e-05,5.1479405653718085e-06,0
7.999999999999995e-06,-6.4e-06,7e-05,5.1479405653718085e-06,0
7.999999999999995e-06,-6e-06,7e-05,5.1479405653718085e-06,0
7.999999999999995e-06,-5.6e-06,7e-05,5.1479405653718085e-06,0
7.999999999999995e-06,-5.2e-06,7e-05,5.1479405653718085e-06,0
7.999999999999995e-06,-4.800000000000001e-06,7e-05,5.1479405653718085e-06,0
7.999999999999995e-06,-4.4e-06,7e-05,5.1479405653718085e-06,0
7.999999999999995e-06,-4.000000000000001e-06,7e-05,5.1479405653718085e-06,0
7.999999999999995e-06,-3.600000000000001e-06,7e-05,5.1479405653718085e-06,0
7.999999999999995e-06,-3.2e-06,7e-05,5.1479405653718085e-06,0
7.999999999999995e-06,-2.8000000000000003e-06,7e-05,5.1479405653718085e-06,0
7.999999999999995e-06,-2.4000000000000007e-06,7e-05,5.1479405653718085e-06,0
7.999999999999995e-06,-1.9999999999999995e-06,7e-05,5.1479405653718085e-06,0
7.999999999999995e-06,-1.6e-06,7e-05,5.1479405653718085e-06,0
7.999999999999995e-06,-1.2000000000000004e-06,7e-05,5.1479405653718085e-06,0
7.999999999999995e-06,-7.999999999999991e-07,7e-05,5.1479405653718085e-06,0
7.999999999999995e-06,-3.9999999999999956e-07,7e-05,5.1479405653718085e-06,0
7.999999999999995e-06,0.0,7e-05,5.1479405653718085e-06,0
7.999999999999995e-06,3.9999999999999956e-07,7e-05,5.1479405653718085e-06,0
7.999999999999995e-06,8.000000000000008e-07,7e-05,5.1479405653718085e-06,0
7.999999999999995e-06,1.2000000000000004e-06,7e-05,5.1479405653718085e-06,0
7.999999999999995e-06,1.6e-06,7e-05,5.1479405653718085e-06,0
7.999999999999995e-06,1.9999999999999995e-06,7e-05,5.1479405653718085e-06,0
7.999999999999995e-06,2.399999999999999e-06,7e-05,5.1479405653718085e-06,0
7.999999999999995e-06,2.8000000000000003e-06,7e-05,5.1479405653718085e-06,0
7.999999999999995e-06,3.2e-06,7e-05,5.1479405653718085e-06,0
7.999999999999995e-06,3.5999999999999994e-06,7e-05,5.1479405653718085e-06,0
7.999999999999995e-06,3.999999999999999e-06,7e-05,5.1479405653718085e-06,0
7.999999999999995e-06,4.400000000000002e-06,7e-05,5.1479405653718085e-06,0
7.999999999999995e-06,4.799999999999998e-06,7e-05,5.1479405653718085e-06,0
7.999999999999995e-06,5.199999999999998e-06,7e-05,5.1479405653718085e-06,0
7.999999999999995e-06,5.600000000000001e-06,7e-05,5.1479405653718085e-06,0
7.999999999999995e-06,6e-06,7e-05,5.1479405653718085e-06,0
7.999999999999995e-06,6.4e-06,7e-05,5.1479405653718085e-06,0
7.999999999999995e-06,6.800000000000003e-06,7e-05,5.1479405653718085e-06,0
7.999999999999995e-06,7.199999999999999e-06,7e-05,5.1479405653718085e-06,0
7.999999999999995e-06,7.599999999999998e-06,7e-05,5.1479405653718085e-06,0
7.999999999999995e-06,8.000000000000001e-06,7e-05,5.1479405653718085e-06,0
7.999999999999995e-06,8.400000000000001e-06,7e-05,5.1479405653718085e-06,0
7.999999999999995e-06,8.8e-06,7e-05,5.1479405653718085e-06,0
7.999999999999995e-06,9.200000000000003e-06,7e-05,5.1479405653718085e-06,0
7.999999999999995e-06,9.6e-06,7e-05,5.1479405653718085e-06,0
7.999999999999995e-06,9.999999999999999e-06,7e-05,5.1479405653718085e-06,0
7.999999999999995e-06,1.0400000000000002e-05,7e-05,5.400000000000002e-06,0
7.999999999999995e-06,1.0800000000000002e-05,7e-05,5.800000000000001e-06,0
7.999999999999995e-06,1.1200000000000001e-05,7e-05,6.200000000000001e-06,0
7.999999999999995e-06,1.1599999999999997e-05,7e-05,6.599999999999997e-06,0
7.999999999999995e-06,1.2e-05,7e-05,7e-06,0
8.999999999999999e-06,-1.2e-05,7e-05,7e-06,0
8.999999999999999e-06,-1.16e-05,7e-05,6.6e-06,0
8.999999999999999e-06,-1.12e-05,7e-05,6.199999999999999e-06,0
8.999999999999999e-06,-1.08e-05,7e-05,6.069190126783199e-06,0
8.999999999999999e-06,-1.04e-05,7e-05,6.069190126783199e-06,0
8.999999999999999e-06,-1e-05,7e-05,6.069190126783199e-06,0
8.999999999999999e-06,-9.6e-06,7e-05,6.069190126783199e-06,0
8.999999999999999e-06,-9.2e-06,7e-05,6.069190126783199e-06,0
8.999999999999999e-06,-8.8e-06,7e-05,6.069190126783199e-06,0
8.999999999999999e-06,-8.400000000000001e-06,7e-05,6.069190126783199e-06,0
8.999999999999999e-06,-8.000000000000001e-06,7e-05,6.069190126783199e-06,0
8.999999999999999e-06,-7.6e-06,7e-05,6.069190126783199e-06,0
8.999999999999999e-06,-7.2000000000000005e-06,7e-05,6.069190126783199e-06,0
8.999999999999999e-06,-6.8e-06,7e-05,6.069190126783199e-06,0
8.999999999999999e-06,-6.4e-06,7e-05,6.069190126783199e-06,0
8.999999999999999e-06,-6e-06,7e-05,6.069190126783199e-06,0
8.999999999999999e-06,-5.6e-06,7e-05,6.069190126783199e-06,0
8.999999999999999e-06,-5.2e-06,7e-05,6.069190126783199e-06,0
8.999999999999999e-06,-4.800000000000001e-06,7e-05,6.069190126783199e-06,0
8.999999999999999e-06,-4.4e-06,7e-05,6.069190126783199e-06,0
8.999999999999999e-06,-4.000000000000001e-06,7e-05,6.069190126783199e-06,0
8.999999999999999e-06,-3.600000000000001e-06,7e-05,6.069190126783199e-06,0
8.999999999999999e-06,-3.2e-06,7e-05,6.069190126783199e-06,0
8.999999999999999e-06,-2.8000000000000003e-06,7e-05,6.069190126783199e-06,0
8.999999999999999e-06,-2.4000000000000007e-06,7e-05,6.069190126783199e-06,0
8.999999999999999e-06,-1.9999999999999995e-06,7e-05,6.069190126783199e-06,0
8.999999999999999e-06,-1.6e-06,7e-05,6.069190126783199e-06,0
8.999999999999999e-06,-1.2000000000000004e-06,7e-05,6.069190126783199e-06,0
8.999999999999999e-06,-7.999999999999991e-07,7e-05,6.069190126783199e-06,0
8.999999999999999e-06,-3.9999999999999956e-07,7e-05,6.069190126783199e-06,0
8.999999999999999e-06,0.0,7e-05,6.069190126783199e-06,0
8.999999999999999e-06,3.9999999999999956e-07,7e-05,6.069190126783199e-06,0
8.999999999999999e-06,8.000000000000008e-07,7e-05,6.069190126783199e-06,0
8.999999999999999e-06,1.2000000000000004e-06,7e-05,6.069190126783199e-06,0
8.999999999999999e-06,1.6e-06,7e-05,6.069190126783199e-06,0
8.999999999999999e-06,1.9999999999999995e-06,7e-05,6.069190126783199e-06,0
8.999999999999999e-06,2.399999999999999e-06,7e-05,6.069190126783199e-06,0
8.999999999999999e-06,2.8000000000000003e-06,7e-05,6.069190126783199e-06,0
8.999999999999999e-06,3.2e-06,7e-05,6.069190126783199e-06,0
8.999999999999999e-06,3.5999999999999994e-06,7e-05,6.069190126783199e-06,0
8.999999999999999e-06,3.999999999999999e-06,7e-05,6.069190126783199e-06,0
8.999999999999999e-06,4.400000000000002e-06,7e-05,6.069190126783199e-06,0
8.999999999999999e-06,4.799999999999998e-06,7e-05,6.069190126783199e-06,0
8.999999999999999e-06,5.199999999999998e-06,7e-05,6.069190126783199e-06,0
8.999999999999999e-06,5.600000000000001e-06,7e-05,6.069190126783199e-06,0
8.999999999999999e-06,6e-06,7e-05,6.069190126783199e-06,0
8.999999999999999e-06,6.4e-06,7e-05,6.069190126783199e-06,0
8.999999999999999e-06,6.800000000000003e-06,7e-05,6.069190126783199e-06,0
8.999999999999999e-06,7.199999999999999e-06,7e-05,6.069190126783199e-06,0
8.999999999999999e-06,7.599999999999998e-06,7e-05,6.069190126783199e-06,0
8.999999999999999e-06,8.000000000000001e-06,7e-05,6.069190126783199e-06,0
8.999999999999999e-06,8.400000000000001e-06,7e-05,6.069190126783199e-06,0
8.999999999999999e-06,8.8e-06,7e-05,6.069190126783199e-06,0
8.999999999999999e-06,9.200000000000003e-06,7e-05,6.069190126783199e-06,0
8.999999999999999e-06,9.6e-06,7e-05,6.069190126783199e-06,0
8.999999999999999e-06,9.999999999999999e-06,7e-05,6.069190126783199e-06,0
8.999999999999999e-06,1.0400000000000002e-05,7e-05,6.069190126783199e-06,0
8.999999999999999e-06,1.0800000000000002e-05,7e-05,6.069190126783199e-06,0
8.999999999999999e-06,1.1200000000000001e-05,7e-05,6.200000000000001e-06,0
8.999999999999999e-06,1.1599999999999997e-05,7e-05,6.599999999999997e-06,0
8.999999999999999e-06,1.2e-05,7e-05,7e-06,0
1.0000000000000003e-05,-1.2e-05,7e-05,7e-06,0
1.0000000000000003e-05,-1.16e-05,7e-05,6.990439688194589e-06,0
1.0000000000000003e-05,-1.12e-05,7e-05,6.990439688194589e-06,0
1.0000000000000003e-05,-1.08e-05,7e-05,6.990439688194589e-06,0
1.0000000000000003e-05,-1.04e-05,7e-05,6.990439688194589e-06,0
1.0000000000000003e-05,-1e-05,7e-05,6.990439688194589e-06,0
1.0000000000000003e-05,-9.6e-06,7e-05,6.990439688194589e-06,0
1.0000000000000003e-05,-9.2e-06,7e-05,6.990439688194589e-06,0
1.0000000000000003e-05,-8.8e-06,7e-05,6.990439688194589e-06,0
1.0000000000000003e-05,-8.400000000000001e-06,7e-05,6.990439688194589e-06,0
1.0000000000000003e-05,-8.000000000000001e-06,7e-05,6.990439688194589e-06,0
1.0000000000000003e-05,-7.6e-06,7e-05,6.990439688194589e-06,0
1.0000000000000003e-05,-7.2000000000000005e-06,7e-05,6.990439688194589e-06,0
1.0000000000000003e-05,-6.8e-06,7e-05,6.990439688194589e-06,0
1.0000000000000003e-05,-6.4e-06,7e-05,6.990439688194589e-06,0
1.0000000000000003e-05,-6e-06,7e-05,6.990439688194589e-06,0
1.0000000000000003e-05,-5.6e-06,7e-05,6.990439688194589e-06,0
1.0000000000000003e-05,-5.2e-06,7e-05,6.990439688194589e-06,0
1.0000000000000003e-05,-4.800000000000001e-06,7e-05,6.990439688194589e-06,0
1.0000000000000003e-05,-4.4e-06,7e-05,6.990439688194589e-06,0
1.0000000000000003e-05,-4.000000000000001e-06,7e-05,6.990439688194589e-06,0
1.0000000000000003e-05,-3.600000000000001e-06,7e-05,6.990439688194589e-06,0
1.0000000000000003e-05,-3.2e-06,7e-05,6.990439688194589e-06,0
1.0000000000000003e-05,-2.8000000000000003e-06,7e-05,6.990439688194589e-06,0
1.0000000000000003e-05,-2.4000000000000007e-06,7e-05,6.990439688194589e-06,0
1.0000000000000003e-05,-1.9999999999999995e-06,7e-05,6.990439688194589e-06,0
1.0000000000000003e-05,-1.6e-06,7e-05,6.990439688194589e-06,0
1.0000000000000003e-05,-1.2000000000000004e-06,7e-05,6.990439688194589e-06,0
1.0000000000000003e-05,-7.999999999999991e-07,7e-05,6.990439688194589e-06,0
1.0000000000000003e-05,-3.9999999999999956e-07,7e-05,6.990439688194589e-06,0
1.0000000000000003e-05,0.0,7e-05,6.990439688194589e-06,0
1.0000000000000003e-05,3.9999999999999956e-07,7e-05,6.990439688194589e-06,0
1.0000000000000003e-05,8.000000000000008e-07,7e-05,6.990439688194589e-06,0
1.0000000000000003e-05,1.2000000000000004e-06,7e-05,6.990439688194589e-06,0
1.0000000000000003e-05,1.6e-06,7e-05,6.990439688194589e-06,0
1.0000000000000003e-05,1.9999999999999995e-06,7e-05,6.990439688194589e-06,0
1.0000000000000003e-05,2.399999999999999e-06,7e-05,6.990439688194589e-06,0
1.0000000000000003e-05,2.8000000000000003e-06,7e-05,6.990439688194589e-06,0
1.0000000000000003e-05,3.2e-06,7e-05,6.990439688194589e-06,0
1.0000000000000003e-05,3.5999999999999994e-06,7e-05,6.990439688194589e-06,0
1.0000000000000003e-05,3.999999999999999e-06,7e-05,6.990439688194589e-06,0
1.0000000000000003e-05,4.400000000000002e-06,7e-05,6.990439688194589e-06,0
1.0000000000000003e-05,4.799999999999998e-06,7e-05,6.990439688194589e-06,0
1.0000000000000003e-05,5.199999999999998e-06,7e-05,6.990439688194589e-06,0
1.0000000000000003e-05,5.600000000000001e-06,7e-05,6.990439688194589e-06,0
1.0000000000000003e-05,6e-06,7e-05,6.990439688194589e-06,0
1.0000000000000003e-05,6.4e-06,7e-05,6.990439688194589e-06,0
1.0000000000000003e-05,6.800000000000003e-06,7e-05,6.990439688194589e-06,0
1.0000000000000003e-05,7.199999999999999e-06,7e-05,6.990439688194589e-06,0
1.0000000000000003e-05,7.599999999999998e-06,7e-05,6.990439688194589e-06,0
1.0000000000000003e-05,8.000000000000001e-06,7e-05,6.990439688194589e-06,0
1.0000000000000003e-05,8.400000000000001e-06,7e-05,6.990439688194589e-06,0
1.0000000000000003e-05,8.8e-06,7e-05,6.990439688194589e-06,0
1.0000000000000003e-05,9.200000000000003e-06,7e-05,6.990439688194589e-06,0
1.0000000000000003e-05,9.6e-06,7e-05,6.990439688194589e-06,0
1.0000000000000003e-05,9.999999999999999e-06,7e-05,6.990439688194589e-06,0
1.0000000000000003e-05,1.0400000000000002e-05,7e-05,6.990439688194589e-06,0
1.0000000000000003e-05,1.0800000000000002e-05,7e-05,6.990439688194589e-06,0
1.0000000000000003e-05,1.1200000000000001e-05,7e-05,6.990439688194589e-06,0
1.0000000000000003e-05,1.1599999999999997e-05,7e-05,6.990439688194589e-06,0
1.0000000000000003e-05,1.2e-05,7e-05,7e-06,0
1.1e-05,-1.2e-05,7e-05,7.911689249605974e-06,0
1.1e-05,-1.16e-05,7e-05,7.911689249605974e-06,0
1.1e-05,-1.12e-05,7e-05,7.911689249605974e-06,0
1.1e-05,-1.08e-05,7e-05,7.911689249605974e-06,0
1.1e-05,-1.04e-05,7e-05,7.911689249605974e-06,0
1.1e-05,-1e-05,7e-05,7.911689249605974e-06,0
1.1e-05,-9.6e-06,7e-05,7.911689249605974e-06,0
1.1e-05,-9.2e-06,7e-05,7.911689249605974e-06,0
1.1e-05,-8.8e-06,7e-05,7.911689249605974e-06,0
1.1e-05,-8.400000000000001e-06,7e-05,7.911689249605974e-06,0
1.1e-05,-8.000000000000001e-06,7e-05,7.911689249605974e-06,0
1.1e-05,-7.6e-06,7e-05,7.911689249605974e-06,0
1.1e-05,-7.2000000000000005e-06,7e-05,7.911689249605974e-06,0
1.1e-05,-6.8e-06,7e-05,7.911689249605974e-06,0
1.1e-05,-6.4e-06,7e-05,7.911689249605974e-06,0
1.1e-05,-6e-06,7e-05,7.911689249605974e-06,0
1.1e-05,-5.6e-06,7e-05,7.911689249605974e-06,0
1.1e-05,-5.2e-06,7e-05,7.911689249605974e-06,0
1.1e-05,-4.800000000000001e-06,7e-05,7.911689249605974e-06,0
1.1e-05,-4.4e-06,7e-05,7.911689249605974e-06,0
1.1e-05,-4.000000000000001e-06,7e-05,7.911689249605974e-06,0
1.1e-05,-3.600000000000001e-06,7e-05,7.911689249605974e-06,0
1.1e-05,-3.2e-06,7e-05,7.911689249605974e-06,0
1.1e-05,-2.8000000000000003e-06,7e-05,7.911689249605974e-06,0
1.1e-05,-2.4000000000000007e-06,7e-05,7.911689249605974e-06,0
1.1e-05,-1.9999999999999995e-06,7e-05,7.911689249605974e-06,0
1.1e-05,-1.6e-06,7e-05,7.911689249605974e-06,0
1.1e-05,-1.2000000000000004e-06,7e-05,7.911689249605974e-06,0
1.1e-05,-7.999999999999991e-07,7e-05,7.911689249605974e-06,0
1.1e-05,-3.9999999999999956e-07,7e-05,7.911689249605974e-06,0
1.1e-05,0.0,7e-05,7.911689249605974e-06,0
1.1e-05,3.9999999999999956e-07,7e-05,7.911689249605974e-06,0
1.1e-05,8.000000000000008e-07,7e-05,7.911689249605974e-06,0
1.1e-05,1.2000000000000004e-06,7e-05,7.911689249605974e-06,0
1.1e-05,1.6e-06,7e-05,7.911689249605974e-06,0
1.1e-05,1.9999999999999995e-06,7e-05,7.911689249605974e-06,0
1.1e-05,2.399999999999999e-06,7e-05,7.911689249605974e-06,0
1.1e-05,2.8000000000000003e-06,7e-05,7.911689249605974e-06,0
1.1e-05,3.2e-06,7e-05,7.911689249605974e-06,0
1.1e-05,3.5999999999999994e-06,7e-05,7.911689249605974e-06,0
1.1e-05,3.999999999999999e-06,7e-05,7.911689249605974e-06,0
1.1e-05,4.400000000000002e-06,7e-05,7.911689249605974e-06,0
1.1e-05,4.799999999999998e-06,7e-05,7.911689249605974e-06,0
1.1e-05,5.199999999999998e-06,7e-05,7.911689249605974e-06,0
1.1e-05,5.600000000000001e-06,7e-05,7.911689249605974e-06,0
1.1e-05,6e-06,7e-05,7.911689249605974e-06,0
1.1e-05,6.4e-06,7e-05,7.911689249605974e-06,0
1.1e-05,6.800000000000003e-06,7e-05,7.911689249605974e-06,0
1.1e-05,7.199999999999999e-06,7e-05,7.911689249605974e-06,0
1.1e-05,7.599999999999998e-06,7e-05,7.911689249605974e-06,0
1.1e-05,8.000000000000001e-06,7e-05,7.911689249605974e-06,0
1.1e-05,8.400000000000001e-06,7e-05,7.911689249605974e-06,0
1.1e-05,8.8e-06,7e-05,7.911689249605974e-06,0
1.1e-05,9.200000000000003e-06,7e-05,7.911689249605974e-06,0
1.1e-05,9.6e-06,7e-05,7.911689249605974e-06,0
1.1e-05,9.999999999999999e-06,7e-05,7.911689249605974e-06,0
1.1e-05,1.0400000000000002e-05,7e-05,7.911689249605974e-06,0
1.1e-05,1.0800000000000002e-05,7e-05,7.911689249605974e-06,0
1.1e-05,1.1200000000000001e-05,7e-05,7.911689249605974e-06,0
1.1e-05,1.1599999999999997e-05,7e-05,7.911689249605974e-06,0
1.1e-05,1.2e-05,7e-05,7.911689249605974e-06,0
1.2000000000000004e-05,-1.2e-05,7e-05,8.83293881101736e-06,0
1.2000000000000004e-05,-1.16e-05,7e-05,8.83293881101736e-06,0
1.2000000000000004e-05,-1.12e-05,7e-05,8.83293881101736e-06,0
1.2000000000000004e-05,-1.08e-05,7e-05,8.83293881101736e-06,0
1.2000000000000004e-05,-1.04e-05,7e-05,8.83293881101736e-06,0
1.2000000000000004e-05,-1e-05,7e-05,8.83293881101736e-06,0
1.2000000000000004e-05,-9.6e-06,7e-05,8.83293881101736e-06,0
1.2000000000000004e-05,-9.2e-06,7e-05,8.83293881101736e-06,0
1.2000000000000004e-05,-8.8e-06,7e-05,8.83293881101736e-06,0
1.2000000000000004e-05,-8.400000000000001e-06,7e-05,8.83293881101736e-06,0
1.2000000000000004e-05,-8.000000000000001e-06,7e-05,8.83293881101736e-06,0
1.2000000000000004e-05,-7.6e-06,7e-05,8.83293881101736e-06,0
1.2000000000000004e-05,-7.2000000000000005e-06,7e-05,8.83293881101736e-06,0
1.2000000000000004e-05,-6.8e-06,7e-05,8.83293881101736e-06,0
1.2000000000000004e-05,-6.4e-06,7e-05,8.83293881101736e-06,0
1.2000000000000004e-05,-6e-06,7e-05,8.83293881101736e-06,0
1.2000000000000004e-05,-5.6e-06,7e-05,8.83293881101736e-06,0
1.2000000000000004e-05,-5.2e-06,7e-05,8.83293881101736e-06,0
1.2000000000000004e-05,-4.800000000000001e-06,7e-05,8.83293881101736e-06,0
1.2000000000000004e-05,-4.4e-06,7e-05,8.83293881101736e-06,0
1.2000000000000004e-05,-4.000000000000001e-06,7e-05,8.83293881101736e-06,0
1.2000000000000004e-05,-3.600000000000001e-06,7e-05,8.83293881101736e-06,0
1.2000000000000004e-05,-3.2e-06,7e-05,8.83293881101736e-06,0
1.2000000000000004e-05,-2.8000000000000003e-06,7e-05,8.83293881101736e-06,0
1.2000000000000004e-05,-2.4000000000000007e-06,7e-05,8.83293881101736e-06,0
1.2000000000000004e-05,-1.9999999999999995e-06,7e-05,8.83293881101736e-06,0
1.2000000000000004e-05,-1.6e-06,7e-05,8.83293881101736e-06,0
1.2000000000000004e-05,-1.2000000000000004e-06,7e-05,8.83293881101736e-06,0
1.2000000000000004e-05,-7.999999999999991e-07,7e-05,8.83293881101736e-06,0
1.2000000000000004e-05,-3.9999999999999956e-07,7e-05,8.83293881101736e-06,0
1.2000000000000004e-05,0.0,7e-05,8.83293881101736e-06,0
1.2000000000000004e-05,3.9999999999999956e-07,7e-05,8.83293881101736e-06,0
1.2000000000000004e-05,8.000000000000008e-07,7e-05,8.83293881101736e-06,0
1.2000000000000004e-05,1.2000000000000004e-06,7e-05,8.83293881101736e-06,0
1.2000000000000004e-05,1.6e-06,7e-05,8.83293881101736e-06,0
1.2000000000000004e-05,1.9999999999999995e-06,7e-05,8.83293881101736e-06,0
1.2000000000000004e-05,2.399999999999999e-06,7e-05,8.83293881101736e-06,0
1.2000000000000004e-05,2.8000000000000003e-06,7e-05,8.83293881101736e-06,0
1.2000000000000004e-05,3.2e-06,7e-05,8.83293881101736e-06,0
1.2000000000000004e-05,3.5999999999999994e-06,7e-05,8.83293881101736e-06,0
1.2000000000000004e-05,3.999999999999999e-06,7e-05,8.83293881101736e-06,0
1.2000000000000004e-05,4.400000000000002e-06,7e-05,8.83293881101736e-06,0
1.2000000000000004e-05,4.799999999999998e-06,7e-05,8.83293881101736e-06,0
1.2000000000000004e-05,5.199999999999998e-06,7e-05,8.83293881101736e-06,0
1.2000000000000004e-05,5.600000000000001e-06,7e-05,8.83293881101736e-06,0
1.2000000000000004e-05,6e-06,7e-05,8.83293881101736e-06,0
1.2000000000000004e-05,6.4e-06,7e-05,8.83293881101736e-06,0
1.2000000000000004e-05,6.800000000000003e-06,7e-05,8.83293881101736e-06,0
1.2000000000000004e-05,7.199999999999999e-06,7e-05,8.83293881101736e-06,0
1.2000000000000004e-05,7.599999999999998e-06,7e-05,8.83293881101736e-06,0
1.2000000000000004e-05,8.000000000000001e-06,7e-05,8.83293881101736e-06,0
1.2000000000000004e-05,8.400000000000001e-06,7e-05,8.83293881101736e-06,0
1.2000000000000004e-05,8.8e-06,7e-05,8.83293881101736e-06,0
1.2000000000000004e-05,9.200000000000003e-06,7e-05,8.83293881101736e-06,0
1.2000000000000004e-05,9.6e-06,7e-05,8.83293881101736e-06,0
1.2000000000000004e-05,9.999999999999999e-06,7e-05,8.83293881101736e-06,0
1.2000000000000004e-05,1.0400000000000002e-05,7e-05,8.83293881101736e-06,0
1.2000000000000004e-05,1.0800000000000002e-05,7e-05,8.83293881101736e-06,0
1.2000000000000004e-05,1.1200000000000001e-05,7e-05,8.83293881101736e-06,0
1.2000000000000004e-05,1.1599999999999997e-05,7e-05,8.83293881101736e-06,0
1.2000000000000004e-05,1.2e-05,7e-05,8.83293881101736e-06,0
1.3000000000000001e-05,-1.2e-05,7e-05,9.75418837242874e-06,0
1.3000000000000001e-05,-1.16e-05,7e-05,9.75418837242874e-06,0
1.3000000000000001e-05,-1.12e-05,7e-05,9.75418837242874e-06,0
1.3000000000000001e-05,-1.08e-05,7e-05,9.75418837242874e-06,0
1.3000000000000001e-05,-1.04e-05,7e-05,9.75418837242874e-06,0
1.3000000000000001e-05,-1e-05,7e-05,9.75418837242874e-06,0
1.3000000000000001e-05,-9.6e-06,7e-05,9.75418837242874e-06,0
1.3000000000000001e-05,-9.2e-06,7e-05,9.75418837242874e-06,0
1.3000000000000001e-05,-8.8e-06,7e-05,9.75418837242874e-06,0
1.3000000000000001e-05,-8.400000000000001e-06,7e-05,9.75418837242874e-06,0
1.3000000000000001e-05,-8.000000000000001e-06,7e-05,9.75418837242874e-06,0
1.3000000000000001e-05,-7.6e-06,7e-05,9.75418837242874e-06,0
1.3000000000000001e-05,-7.2000000000000005e-06,7e-05,9.75418837242874e-06,0
1.3000000000000001e-05,-6.8e-06,7e-05,9.75418837242874e-06,0
1.3000000000000001e-05,-6.4e-06,7e-05,9.75418837242874e-06,0
1.3000000000000001e-05,-6e-06,7e-05,9.75418837242874e-06,0
1.3000000000000001e-05,-5.6e-06,7e-05,9.75418837242874e-06,0
1.3000000000000001e-05,-5.2e-06,7e-05,9.75418837242874e-06,0
1.3000000000000001e-05,-4.800000000000001e-06,7e-05,9.75418837242874e-06,0
1.3000000000000001e-05,-4.4e-06,7e-05,9.75418837242874e-06,0
1.3000000000000001e-05,-4.000000000000001e-06,7e-05,9.75418837242874e-06,0
1.3000000000000001e-05,-3.600000000000001e-06,7e-05,9.75418837242874e-06,0
1.3000000000000001e-05,-3.2e-06,7e-05,9.75418837242874e-06,0
1.3000000000000001e-05,-2.8000000000000003e-06,7e-05,9.75418837242874e-06,0
1.3000000000000001e-05,-2.4000000000000007e-06,7e-05,9.75418837242874e-06,0
1.3000000000000001e-05,-1.9999999999999995e-06,7e-05,9.75418837242874e-06,0
1.3000000000000001e-05,-1.6e-06,7e-05,9.75418837242874e-06,0
1.3000000000000001e-05,-1.2000000000000004e-06,7e-05,9.75418837242874e-06,0
1.3000000000000001e-05,-7.999999999999991e-07,7e-05,9.75418837242874e-06,0
1.3000000000000001e-05,-3.9999999999999956e-07,7e-05,9.75418837242874e-06,0
1.3000000000000001e-05,0.0,7e-05,9.75418837242874e-06,0
1.3000000000000001e-05,3.9999999999999956e-07,7e-05,9.75418837242874e-06,0
1.3000000000000001e-05,8.000000000000008e-07,7e-05,9.75418837242874e-06,0
1.3000000000000001e-05,1.2000000000000004e-06,7e-05,9.75418837242874e-06,0
1.3000000000000001e-05,1.6e-06,7e-05,9.75418837242874e-06,0
1.3000000000000001e-05,1.9999999999999995e-06,7e-05,9.75418837242874e-06,0
1.3000000000000001e-05,2.399999999999999e-06,7e-05,9.75418837242874e-06,0
1.3000000000000001e-05,2.8000000000000003e-06,7e-05,9.75418837242874e-06,0
1.3000000000000001e-05,3.2e-06,7e-05,9.75418837242874e-06,0
1.3000000000000001e-05,3.5999999999999994e-06,7e-05,9.75418837242874e-06,0
1.3000000000000001e-05,3.999999999999999e-06,7e-05,9.75418837242874e-06,0
1.3000000000000001e-05,4.400000000000002e-06,7e-05,9.75418837242874e-06,0
1.3000000000000001e-05,4.799999999999998e-06,7e-05,9.75418837242874e-06,0
1.3000000000000001e-05,5.199999999999998e-06,7e-05,9.75418837242874e-06,0
1.3000000000000001e-05,5.600000000000001e-06,7e-05,9.75418837242874e-06,0
1.3000000000000001e-05,6e-06,7e-05,9.75418837242874e-06,0
1.3000000000000001e-05,6.4e-06,7e-05,9.75418837242874e-06,0
1.3000000000000001e-05,6.800000000000003e-06,7e-05,9.75418837242874e-06,0
1.3000000000000001e-05,7.199999999999999e-06,7e-05,9.75418837242874e-06,0
1.3000000000000001e-05,7.599999999999998e-06,7e-05,9.75418837242874e-06,0
1.3000000000000001e-05,8.000000000000001e-06,7e-05,9.75418837242874e-06,0
1.3000000000000001e-05,8.400000000000001e-06,7e-05,9.75418837242874e-06,0
1.3000000000000001e-05,8.8e-06,7e-05,9.75418837242874e-06,0
1.3000000000000001e-05,9.200000000000003e-06,7e-05,9.75418837242874e-06,0
1.3000000000000001e-05,9.6e-06,7e-05,9.75418837242874e-06,0
1.3000000000000001e-05,9.999999999999999e-06,7e-05,9.75418837242874e-06,0
1.3000000000000001e-05,1.0400000000000002e-05,7e-05,9.75418837242874e-06,0
1.3000000000000001e-05,1.0800000000000002e-05,7e-05,9.75418837242874e-06,0
1.3000000000000001e-05,1.1200000000000001e-05,7e-05,9.75418837242874e-06,0
1.3000000000000001e-05,1.1599999999999997e-05,7e-05,9.75418837242874e-06,0
1.3000000000000001e-05,1.2e-05,7e-05,9.75418837242874e-06,0
1.3999999999999998e-05,-1.2e-05,7e-05,1.0675437933840125e-05,0
1.3999999999999998e-05,-1.16e-05,7e-05,1.0675437933840125e-05,0
1.3999999999999998e-05,-1.12e-05,7e-05,1.0675437933840125e-05,0
1.3999999999999998e-05,-1.08e-05,7e-05,1.0675437933840125e-05,0
1.3999999999999998e-05,-1.04e-05,7e-05,1.0675437933840125e-05,0
1.3999999999999998e-05,-1e-05,7e-05,1.0675437933840125e-05,0
1.3999999999999998e-05,-9.6e-06,7e-05,1.0675437933840125e-05,0
1.3999999999999998e-05,-9.2e-06,7e-05,1.0675437933840125e-05,0
1.3999999999999998e-05,-8.8e-06,7e-05,1.0675437933840125e-05,0
1.3999999999999998e-05,-8.400000000000001e-06,7e-05,1.0675437933840125e-05,0
1.3999999999999998e-05,-8.000000000000001e-06,7e-05,1.0675437933840125e-05,0
1.3999999999999998e-05,-7.6e-06,7e-05,1.0675437933840125e-05,0
1.3999999999999998e-05,-7.2000000000000005e-06,7e-05,1.0675437933840125e-05,0
1.3999999999999998e-05,-6.8e-06,7e-05,1.0675437933840125e-05,0
1.3999999999999998e-05,-6.4e-06,7e-05,1.0675437933840125e-05,0
1.3999999999999998e-05,-6e-06,7e-05,1.0675437933840125e-05,0
1.3999999999999998e-05,-5.6e-06,7e-05,1.0675437933840125e-05,0
1.3999999999999998e-05,-5.2e-06,7e-05,1.0675437933840125e-05,0
1.3999999999999998e-05,-4.800000000000001e-06,7e-05,1.0675437933840125e-05,0
1.3999999999999998e-05,-4.4e-06,7e-05,1.0675437933840125e-05,0
1.3999999999999998e-05,-4.000000000000001e-06,7e-05,1.0675437933840125e-05,0
1.3999999999999998e-05,-3.600000000000001e-06,7e-05,1.0675437933840125e-05,0
1.3999999999999998e-05,-3.2e-06,7e-05,1.0675437933840125e-05,0
1.3999999999999998e-05,-2.8000000000000003e-06,7e-05,1.0675437933840125e-05,0
1.3999999999999998e-05,-2.4000000000000007e-06,7e-05,1.0675437933840125e-05,0
1.3999999999999998e-05,-1.9999999999999995e-06,7e-05,1.0675437933840125e-05,0
1.3999999999999998e-05,-1.6e-06,7e-05,1.0675437933840125e-05,0
1.3999999999999998e-05,-1.2000000000000004e-06,7e-05,1.0675437933840125e-05,0
1.3999999999999998e-05,-7.999999999999991e-07,7e-05,1.0675437933840125e-05,0
1.3999999999999998e-05,-3.9999999999999956e-07,7e-05,1.0675437933840125e-05,0
1.3999999999999998e-05,0.0,7e-05,1.0675437933840125e-05,0
1.3999999999999998e-05,3.9999999999999956e-07,7e-05,1.0675437933840125e-05,0
1.3999999999999998e-05,8.000000000000008e-07,7e-05,1.0675437933840125e-05,0
1.3999999999999998e-05,1.2000000000000004e-06,7e-05,1.0675437933840125e-05,0
1.3999999999999998e-05,1.6e-06,7e-05,1.0675437933840125e-05,0
1.3999999999999998e-05,1.9999999999999995e-06,7e-05,1.0675437933840125e-05,0
1.3999999999999998e-05,2.399999999999999e-06,7e-05,1.0675437933840125e-05,0
1.3999999999999998e-05,2.8000000000000003e-06,7e-05,1.0675437933840125e-05,0
1.3999999999999998e-05,3.2e-06,7e-05,1.0675437933840125e-05,0
1.3999999999999998e-05,3.5999999999999994e-06,7e-05,1.0675437933840125e-05,0
1.3999999999999998e-05,3.999999999999999e-06,7e-05,1.0675437933840125e-05,0
1.3999999999999998e-05,4.400000000000002e-06,7e-05,1.0675437933840125e-05,0
1.3999999999999998e-05,4.799999999999998e-06,7e-05,1.0675437933840125e-05,0
1.3999999999999998e-05,5.199999999999998e-06,7e-05,1.0675437933840125e-05,0
1.3999999999999998e-05,5.600000000000001e-06,7e-05,1.0675437933840125e-05,0
1.3999999999999998e-05,6e-06,7e-05,1.0675437933840125e-05,0
1.3999999999999998e-05,6.4e-06,7e-05,1.0675437933840125e-05,0
1.3999999999999998e-05,6.800000000000003e-06,7e-05,1.0675437933840125e-05,0
1.3999999999999998e-05,7.199999999999999e-06,7e-05,1.0675437933840125e-05,0
1.3999999999999998e-05,7.599999999999998e-06,7e-05,1.0675437933840125e-05,0
1.3999999999999998e-05,8.000000000000001e-06,7e-05,1.0675437933840125e-05,0
1.3999999999999998e-05,8.400000000000001e-06,7e-05,1.0675437933840125e-05,0
1.3999999999999998e-05,8.8e-06,7e-05,1.0675437933840125e-05,0
1.3999999999999998e-05,9.200000000000003e-06,7e-05,1.0675437933840125e-05,0
1.3999999999999998e-05,9.6e-06,7e-05,1.0675437933840125e-05,0
1.3999999999999998e-05,9.999999999999999e-06,7e-05,1.0675437933840125e-05,0
1.3999999999999998e-05,1.0400000000000002e-05,7e-05,1.0675437933840125e-05,0
1.3999999999999998e-05,1.0800000000000002e-05,7e-05,1.0675437933840125e-05,0
1.3999999999999998e-05,1.1200000000000001e-05,7e-05,1.0675437933840125e-05,0
1.3999999999999998e-05,1.1599999999999997e-05,7e-05,1.0675437933840125e-05,0
1.3999999999999998e-05,1.2e-05,7e-05,1.0675437933840125e-05,0
1.5000000000000002e-05,-1.2e-05,7e-05,1.1596687495251514e-05,0
1.5000000000000002e-05,-1.16e-05,7e-05,1.1596687495251514e-05,0
1.5000000000000002e-05,-1.12e-05,7e-05,1.1596687495251514e-05,0
1.5000000000000002e-05,-1.08e-05,7e-05,1.1596687495251514e-05,0
1.5000000000000002e-05,-1.04e-05,7e-05,1.1596687495251514e-05,0
1.5000000000000002e-05,-1e-05,7e-05,1.1596687495251514e-05,0
1.5000000000000002e-05,-9.6e-06,7e-05,1.1596687495251514e-05,0
1.5000000000000002e-05,-9.2e-06,7e-05,1.1596687495251514e-05,0
1.5000000000000002e-05,-8.8e-06,7e-05,1.1596687495251514e-05,0
1.5000000000000002e-05,-8.400000000000001e-06,7e-05,1.1596687495251514e-05,0
1.5000000000000002e-05,-8.000000000000001e-06,7e-05,1.1596687495251514e-05,0
1.5000000000000002e-05,-7.6e-06,7e-05,1.1596687495251514e-05,0
1.5000000000000002e-05,-7.2000000000000005e-06,7e-05,1.1596687495251514e-05,0
1.5000000000000002e-05,-6.8e-06,7e-05,1.1596687495251514e-05,0
1.5000000000000002e-05,-6.4e-06,7e-05,1.1596687495251514e-05,0
1.5000000000000002e-05,-6e-06,7e-05,1.1596687495251514e-05,0
1.5000000000000002e-05,-5.6e-06,7e-05,1.1596687495251514e-05,0
1.5000000000000002e-05,-5.2e-06,7e-05,1.1596687495251514e-05,0
1.5000000000000002e-05,-4.800000000000001e-06,7e-05,1.1596687495251514e-05,0
1.5000000000000002e-05,-4.4e-06,7e-05,1.1596687495251514e-05,0
1.5000000000000002e-05,-4.000000000000001e-06,7e-05,1.1596687495251514e-05,0
1.5000000000000002e-05,-3.600000000000001e-06,7e-05,1.1596687495251514e-05,0
1.5000000000000002e-05,-3.2e-06,7e-05,1.1596687495251514e-05,0
1.5000000000000002e-05,-2.8000000000000003e-06,7e-05,1.1596687495251514e-05,0
1.5000000000000002e-05,-2.4000000000000007e-06,7e-05,1.1596687495251514e-05,0
1.5000000000000002e-05,-1.9999999999999995e-06,7e-05,1.1596687495251514e-05,0
1.5000000000000002e-05,-1.6e-06,7e-05,1.1596687495251514e-05,0
1.5000000000000002e-05,-1.2000000000000004e-06,7e-05,1.1596687495251514e-05,0
1.5000000000000002e-05,-7.999999999999991e-07,7e-05,1.1596687495251514e-05,0
1.5000000000000002e-05,-3.9999999999999956e-07,7e-05,1.1596687495251514e-05,0
1.5000000000000002e-05,0.0,7e-05,1.1596687495251514e-05,0
1.5000000000000002e-05,3.9999999999999956e-07,7e-05,1.1596687495251514e-05,0
1.5000000000000002e-05,8.000000000000008e-07,7e-05,1.1596687495251514e-05,0
1.5000000000000002e-05,1.2000000000000004e-06,7e-05,1.1596687495251514e-05,0
1.5000000000000002e-05,1.6e-06,7e-05,1.1596687495251514e-05,0
1.5000000000000002e-05,1.9999999999999995e-06,7e-05,1.1596687495251514e-05,0
1.5000000000000002e-05,2.399999999999999e-06,7e-05,1.1596687495251514e-05,0
1.5000000000000002e-05,2.8000000000000003e-06,7e-05,1.1596687495251514e-05,0
1.5000000000000002e-05,3.2e-06,7e-05,1.1596687495251514e-05,0
1.5000000000000002e-05,3.5999999999999994e-06,7e-05,1.1596687495251514e-05,0
1.5000000000000002e-05,3.999999999999999e-06,7e-05,1.1596687495251514e-05,0
1.5000000000000002e-05,4.400000000000002e-06,7e-05,1.1596687495251514e-05,0
1.5000000000000002e-05,4.799999999999998e-06,7e-05,1.1596687495251514e-05,0
1.5000000000000002e-05,5.199999999999998e-06,7e-05,1.1596687495251514e-05,0
1.5000000000000002e-05,5.600000000000001e-06,7e-05,1.1596687495251514e-05,0
1.5000000000000002e-05,6e-06,7e-05,1.1596687495251514e-05,0
1.5000000000000002e-05,6.4e-06,7e-05,1.1596687495251514e-05,0
1.5000000000000002e-05,6.800000000000003e-06,7e-05,1.1596687495251514e-05,0
1.5000000000000002e-05,7.199999999999999e-06,7e-05,1.1596687495251514e-05,0
1.5000000000000002e-05,7.599999999999998e-06,7e-05,1.1596687495251514e-05,0
1.5000000000000002e-05,8.000000000000001e-06,7e-05,1.1596687495251514e-05,0
1.5000000000000002e-05,8.400000000000001e-06,7e-05,1.1596687495251514e-05,0
1.5000000000000002e-05,8.8e-06,7e-05,1.1596687495251514e-05,0
1.5000000000000002e-05,9.200000000000003e-06,7e-05,1.1596687495251514e-05,0
1.5000000000000002e-05,9.6e-06,7e-05,1.1596687495251514e-05,0
1.5000000000000002e-05,9.999999999999999e-06,7e-05,1.1596687495251514e-05,0
1.5000000000000002e-05,1.0400000000000002e-05,7e-05,1.1596687495251514e-05,0
1.5000000000000002e-05,1.0800000000000002e-05,7e-05,1.1596687495251514e-05,0
1.5000000000000002e-05,1.1200000000000001e-05,7e-05,1.1596687495251514e-05,0
1.5000000000000002e-05,1.1599999999999997e-05,7e-05,1.1596687495251514e-05,0
1.5000000000000002e-05,1.2e-05,7e-05,1.1596687495251514e-05,0
1.6e-05,-1.2e-05,7e-05,1.25179370566629e-05,0
1.6e-05,-1.16e-05,7e-05,1.25179370566629e-05,0
1.6e-05,-1.12e-05,7e-05,1.25179370566629e-05,0
1.6e-05,-1.08e-05,7e-05,1.25179370566629e-05,0
1.6e-05,-1.04e-05,7e-05,1.25179370566629e-05,0
1.6e-05,-1e-05,7e-05,1.25179370566629e-05,0
1.6e-05,-9.6e-06,7e-05,1.25179370566629e-05,0
1.6e-05,-9.2e-06,7e-05,1.25179370566629e-05,0
1.6e-05,-8.8e-06,7e-05,1.25179370566629e-05,0
1.6e-05,-8.400000000000001e-06,7e-05,1.25179370566629e-05,0
1.6e-05,-8.000000000000001e-06,7e-05,1.25179370566629e-05,0
1.6e-05,-7.6e-06,7e-05,1.25179370566629e-05,0
1.6e-05,-7.2000000000000005e-06,7e-05,1.25179370566629e-05,0
1.6e-05,-6.8e-06,7e-05,1.25179370566629e-05,0
1.6e-05,-6.4e-06,7e-05,1.25179370566629e-05,0
1.6e-05,-6e-06,7e-05,1.25179370566629e-05,0
1.6e-05,-5.6e-06,7e-05,1.25179370566629e-05,0
1.6e-05,-5.2e-06,7e-05,1.25179370566629e-05,0
1.6e-05,-4.800000000000001e-06,7e-05,1.25179370566629e-05,0
1.6e-05,-4.4e-06,7e-05,1.25179370566629e-05,0
1.6e-05,-4.000000000000001e-06,7e-05,1.25179370566629e-05,0
1.6e-05,-3.600000000000001e-06,7e-05,1.25179370566629e-05,0
1.6e-05,-3.2e-06,7e-05,1.25179370566629e-05,0
1.6e-05,-2.8000000000000003e-06,7e-05,1.25179370566629e-05,0
1.6e-05,-2.4000000000000007e-06,7e-05,1.25179370566629e-05,0
1.6e-05,-1.9999999999999995e-06,7e-05,1.25179370566629e-05,0
1.6e-05,-1.6e-06,7e-05,1.25179370566629e-05,0
1.6e-05,-1.2000000000000004e-06,7e-05,1.25179370566629e-05,0
1.6e-05,-7.999999999999991e-07,7e-05,1.25179370566629e-05,0
1.6e-05,-3.9999999999999956e-07,7e-05,1.25179370566629e-05,0
1.6e-05,0.0,7e-05,1.25179370566629e-05,0
1.6e-05,3.9999999999999956e-07,7e-05,1.25179370566629e-05,0
1.6e-05,8.000000000000008e-07,7e-05,1.25179370566629e-05,0
1.6e-05,1.2000000000000004e-06,7e-05,1.25179370566629e-05,0
1.6e-05,1.6e-06,7e-05,1.25179370566629e-05,0
1.6e-05,1.9999999999999995e-06,7e-05,1.25179370566629e-05,0
1.6e-05,2.399999999999999e-06,7e-05,1.25179370566629e-05,0
1.6e-05,2.8000000000000003e-06,7e-05,1.25179370566629e-05,0
1.6e-05,3.2e-06,7e-05,1.25179370566629e-05,0
1.6e-05,3.5999999999999994e-06,7e-05,1.25179370566629e-05,0
1.6e-05,3.999999999999999e-06,7e-05,1.25179370566629e-05,0
1.6e-05,4.400000000000002e-06,7e-05,1.25179370566629e-05,0
1.6e-05,4.799999999999998e-06,7e-05,1.25179370566629e-05,0
1.6e-05,5.199999999999998e-06,7e-05,1.25179370566629e-05,0
1.6e-05,5.600000000000001e-06,7e-05,1.25179370566629e-05,0
1.6e-05,6e-06,7e-05,1.25179370566629e-05,0
1.6e-05,6.4e-06,7e-05,1.25179370566629e-05,0
1.6e-05,6.800000000000003e-06,7e-05,1.25179370566629e-05,0
1.6e-05,7.199999999999999e-06,7e-05,1.25179370566629e-05,0
1.6e-05,7.599999999999998e-06,7e-05,1.25179370566629e-05,0
1.6e-05,8.000000000000001e-06,7e-05,1.25179370566629e-05,0
1.6e-05,8.400000000000001e-06,7e-05,1.25179370566629e-05,0
1.6e-05,8.8e-06,7e-05,1.25179370566629e-05,0
1.6e-05,9.200000000000003e-06,7e-05,1.25179370566629e-05,0
1.6e-05,9.6e-06,7e-05,1.25179370566629e-05,0
1.6e-05,9.999999999999999e-06,7e-05,1.25179370566629e-05,0
1.6e-05,1.0400000000000002e-05,7e-05,1.25179370566629e-05,0
1.6e-05,1.0800000000000002e-05,7e-05,1.25179370566629e-05,0
1.6e-05,1.1200000000000001e-05,7e-05,1.25179370566629e-05,0
1.6e-05,1.1599999999999997e-05,7e-05,1.25179370566629e-05,0
1.6e-05,1.2e-05,7e-05,1.25179370566629e-05,0
1.6999999999999996e-05,-1.2e-05,7e-05,1.3439186618074285e-05,0
1.6999999999999996e-05,-1.16e-05,7e-05,1.3439186618074285e-05,0
1.6999999999999996e-05,-1.12e-05,7e-05,1.3439186618074285e-05,0
1.6999999999999996e-05,-1.08e-05,7e-05,1.3439186618074285e-05,0
1.6999999999999996e-05,-1.04e-05,7e-05,1.3439186618074285e-05,0
1.6999999999999996e-05,-1e-05,7e-05,1.3439186618074285e-05,0
1.6999999999999996e-05,-9.6e-06,7e-05,1.3439186618074285e-05,0
1.6999999999999996e-05,-9.2e-06,7e-05,1.3439186618074285e-05,0
1.6999999999999996e-05,-8.8e-06,7e-05,1.3439186618074285e-05,0
1.6999999999999996e-05,-8.400000000000001e-06,7e-05,1.3439186618074285e-05,0
1.6999999999999996e-05,-8.000000000000001e-06,7e-05,1.3439186618074285e-05,0
1.6999999999999996e-05,-7.6e-06,7e-05,1.3439186618074285e-05,0
1.6999999999999996e-05,-7.2000000000000005e-06,7e-05,1.3439186618074285e-05,0
1.6999999999999996e-05,-6.8e-06,7e-05,1.3439186618074285e-05,0
1.6999999999999996e-05,-6.4e-06,7e-05,1.3439186618074285e-05,0
1.6999999999999996e-05,-6e-06,7e-05,1.3439186618074285e-05,0
1.6999999999999996e-05,-5.6e-06,7e-05,1.3439186618074285e-05,0
1.6999999999999996e-05,-5.2e-06,7e-05,1.3439186618074285e-05,0
1.6999999999999996e-05,-4.800000000000001e-06,7e-05,1.3439186618074285e-05,0
1.6999999999999996e-05,-4.4e-06,7e-05,1.3439186618074285e-05,0
1.6999999999999996e-05,-4.000000000000001e-06,7e-05,1.3439186618074285e-05,0
1.6999999999999996e-05,-3.600000000000001e-06,7e-05,1.3439186618074285e-05,0
1.6999999999999996e-05,-3.2e-06,7e-05,1.3439186618074285e-05,0
1.6999999999999996e-05,-2.8000000000000003e-06,7e-05,1.3439186618074285e-05,0
1.6999999999999996e-05,-2.4000000000000007e-06,7e-05,1.3439186618074285e-05,0
1.6999999999999996e-05,-1.9999999999999995e-06,7e-05,1.3439186618074285e-05,0
1.6999999999999996e-05,-1.6e-06,7e-05,1.3439186618074285e-05,0
1.6999999999999996e-05,-1.2000000000000004e-06,7e-05,1.3439186618074285e-05,0
1.6999999999999996e-05,-7.999999999999991e-07,7e-05,1.3439186618074285e-05,0
1.6999999999999996e-05,-3.9999999999999956e-07,7e-05,1.3439186618074285e-05,0
1.6999999999999996e-05,0.0,7e-05,1.3439186618074285e-05,0
1.6999999999999996e-05,3.9999999999999956e-07,7e-05,1.3439186618074285e-05,0
1.6999999999999996e-05,8.000000000000008e-07,7e-05,1.3439186618074285e-05,0
1.6999999999999996e-05,1.2000000000000004e-06,7e-05,1.3439186618074285e-05,0
1.6999999999999996e-05,1.6e-06,7e-05,1.3439186618074285e-05,0
1.6999999999999996e-05,1.9999999999999995e-06,7e-05,1.3439186618074285e-05,0
1.6999999999999996e-05,2.399999999999999e-06,7e-05,1.3439186618074285e-05,0
1.6999999999999996e-05,2.8000000000000003e-06,7e-05,1.3439186618074285e-05,0
1.6999999999999996e-05,3.2e-06,7e-05,1.3439186618074285e-05,0
1.6999999999999996e-05,3.5999999999999994e-06,7e-05,1.3439186618074285e-05,0
1.6999999999999996e-05,3.999999999999999e-06,7e-05,1.3439186618074285e-05,0
1.6999999999999996e-05,4.400000000000002e-06,7e-05,1.3439186618074285e-05,0
1.6999999999999996e-05,4.799999999999998e-06,7e-05,1.3439186618074285e-05,0
1.6999999999999996e-05,5.199999999999998e-06,7e-05,1.3439186618074285e-05,0
1.6999999999999996e-05,5.600000000000001e-06,7e-05,1.3439186618074285e-05,0
1.6999999999999996e-05,6e-06,7e-05,1.3439186618074285e-05,0
1.6999999999999996e-05,6.4e-06,7e-05,1.3439186618074285e-05,0
1.6999999999999996e-05,6.800000000000003e-06,7e-05,1.3439186618074285e-05,0
1.6999999999999996e-05,7.199999999999999e-06,7e-05,1.3439186618074285e-05,0
1.6999999999999996e-05,7.599999999999998e-06,7e-05,1.3439186618074285e-05,0
1.6999999999999996e-05,8.000000000000001e-06,7e-05,1.3439186618074285e-05,0
1.6999999999999996e-05,8.400000000000001e-06,7e-05,1.3439186618074285e-05,0
1.6999999999999996e-05,8.8e-06,7e-05,1.3439186618074285e-05,0
1.6999999999999996e-05,9.200000000000003e-06,7e-05,1.3439186618074285e-05,0
1.6999999999999996e-05,9.6e-06,7e-05,1.3439186618074285e-05,0
1.6999999999999996e-05,9.999999999999999e-06,7e-05,1.3439186618074285e-05,0
1.6999999999999996e-05,1.0400000000000002e-05,7e-05,1.3439186618074285e-05,0
1.6999999999999996e-05,1.0800000000000002e-05,7e-05,1.3439186618074285e-05,0
1.6999999999999996e-05,1.1200000000000001e-05,7e-05,1.3439186618074285e-05,0
1.6999999999999996e-05,1.1599999999999997e-05,7e-05,1.3439186618074285e-05,0
1.6999999999999996e-05,1.2e-05,7e-05,1.3439186618074285e-05,0
1.8e-05,-1.2e-05,7e-05,1.4360436179485672e-05,0
1.8e-05,-1.16e-05,7e-05,1.4360436179485672e-05,0
1.8e-05,-1.12e-05,7e-05,1.4360436179485672e-05,0
1.8e-05,-1.08e-05,7e-05,1.4360436179485672e-05,0
1.8e-05,-1.04e-05,7e-05,1.4360436179485672e-05,0
1.8e-05,-1e-05,7e-05,1.4360436179485672e-05,0
1.8e-05,-9.6e-06,7e-05,1.4360436179485672e-05,0
1.8e-05,-9.2e-06,7e-05,1.4360436179485672e-05,0
1.8e-05,-8.8e-06,7e-05,1.4360436179485672e-05,0
1.8e-05,-8.400000000000001e-06,7e-05,1.4360436179485672e-05,0
1.8e-05,-8.000000000000001e-06,7e-05,1.4360436179485672e-05,0
1.8e-05,-7.6e-06,7e-05,1.4360436179485672e-05,0
1.8e-05,-7.2000000000000005e-06,7e-05,1.4360436179485672e-05,0
1.8e-05,-6.8e-06,7e-05,1.4360436179485672e-05,0
1.8e-05,-6.4e-06,7e-05,1.4360436179485672e-05,0
1.8e-05,-6e-06,7e-05,1.4360436179485672e-05,0
1.8e-05,-5.6e-06,7e-05,1.4360436179485672e-05,0
1.8e-05,-5.2e-06,7e-05,1.4360436179485672e-05,0
1.8e-05,-4.800000000000001e-06,7e-05,1.4360436179485672e-05,0
1.8e-05,-4.4e-06,7e-05,1.4360436179485672e-05,0
1.8e-05,-4.000000000000001e-06,7e-05,1.4360436179485672e-05,0
1.8e-05,-3.600000000000001e-06,7e-05,1.4360436179485672e-05,0
1.8e-05,-3.2e-06,7e-05,1.4360436179485672e-05,0
1.8e-05,-2.8000000000000003e-06,7e-05,1.4360436179485672e-05,0
1.8e-05,-2.4000000000000007e-06,7e-05,1.4360436179485672e-05,0
1.8e-05,-1.9999999999999995e-06,7e-05,1.4360436179485672e-05,0
1.8e-05,-1.6e-06,7e-05,1.4360436179485672e-05,0
1.8e-05,-1.2000000000000004e-06,7e-05,1.4360436179485672e-05,0
1.8e-05,-7.999999999999991e-07,7e-05,1.4360436179485672e-05,0
1.8e-05,-3.9999999999999956e-07,7e-05,1.4360436179485672e-05,0
1.8e-05,0.0,7e-05,1.4360436179485672e-05,0
1.8e-05,3.9999999999999956e-07,7e-05,1.4360436179485672e-05,0
1.8e-05,8.000000000000008e-07,7e-05,1.4360436179485672e-05,0
1.8e-05,1.2000000000000004e-06,7e-05,1.4360436179485672e-05,0
1.8e-05,1.6e-06,7e-05,1.4360436179485672e-05,0
1.8e-05,1.9999999999999995e-06,7e-05,1.4360436179485672e-05,0
1.8e-05,2.399999999999999e-06,7e-05,1.4360436179485672e-05,0
1.8e-05,2.8000000000000003e-06,7e-05,1.4360436179485672e-05,0
1.8e-05,3.2e-06,7e-05,1.4360436179485672e-05,0
1.8e-05,3.5999999999999994e-06,7e-05,1.4360436179485672e-05,0
1.8e-05,3.999999999999999e-06,7e-05,1.4360436179485672e-05,0
1.8e-05,4.400000000000002e-06,7e-05,1.4360436179485672e-05,0
1.8e-05,4.799999999999998e-06,7e-05,1.4360436179485672e-05,0
1.8e-05,5.199999999999998e-06,7e-05,1.4360436179485672e-05,0
1.8e-05,5.600000000000001e-06,7e-05,1.4360436179485672e-05,0
1.8e-05,6e-06,7e-05,1.4360436179485672e-05,0
1.8e-05,6.4e-06,7e-05,1.4360436179485672e-05,0
1.8e-05,6.800000000000003e-06,7e-05,1.4360436179485672e-05,0
1.8e-05,7.199999999999999e-06,7e-05,1.4360436179485672e-05,0
1.8e-05,7.599999999999998e-06,7e-05,1.4360436179485672e-05,0
1.8e-05,8.000000000000001e-06,7e-05,1.4360436179485672e-05,0
1.8e-05,8.400000000000001e-06,7e-05,1.4360436179485672e-05,0
1.8e-05,8.8e-06,7e-05,1.4360436179485672e-05,0
1.8e-05,9.200000000000003e-06,7e-05,1.4360436179485672e-05,0
1.8e-05,9.6e-06,7e-05,1.4360436179485672e-05,0
1.8e-05,9.999999999999999e-06,7e-05,1.4360436179485672e-05,0
1.8e-05,1.0400000000000002e-05,7e-05,1.4360436179485672e-05,0
1.8e-05,1.0800000000000002e-05,7e-05,1.4360436179485672e-05,0
1.8e-05,1.1200000000000001e-05,7e-05,1.4360436179485672e-05,0
1.8e-05,1.1599999999999997e-05,7e-05,1.4360436179485672e-05,0
1.8e-05,1.2e-05,7e-05,1.4360436179485672e-05,0
1.8999999999999998e-05,-1.2e-05,7e-05,1.5281685740897055e-05,0
1.8999999999999998e-05,-1.16e-05,7e-05,1.5281685740897055e-05,0
1.8999999999999998e-05,-1.12e-05,7e-05,1.5281685740897055e-05,0
1.8999999999999998e-05,-1.08e-05,7e-05,1.5281685740897055e-05,0
1.8999999999999998e-05,-1.04e-05,7e-05,1.5281685740897055e-05,0
1.8999999999999998e-05,-1e-05,7e-05,1.5281685740897055e-05,0
1.8999999999999998e-05,-9.6e-06,7e-05,1.5281685740897055e-05,0
1.8999999999999998e-05,-9.2e-06,7e-05,1.5281685740897055e-05,0
1.8999999999999998e-05,-8.8e-06,7e-05,1.5281685740897055e-05,0
1.8999999999999998e-05,-8.400000000000001e-06,7e-05,1.5281685740897055e-05,0
1.8999999999999998e-05,-8.000000000000001e-06,7e-05,1.5281685740897055e-05,0
1.8999999999999998e-05,-7.6e-06,7e-05,1.5281685740897055e-05,0
1.8999999999999998e-05,-7.2000000000000005e-06,7e-05,1.5281685740897055e-05,0
1.8999999999999998e-05,-6.8e-06,7e-05,1.5281685740897055e-05,0
1.8999999999999998e-05,-6.4e-06,7e-05,1.5281685740897055e-05,0
1.8999999999999998e-05,-6e-06,7e-05,1.5281685740897055e-05,0
1.8999999999999998e-05,-5.6e-06,7e-05,1.5281685740897055e-05,0
1.8999999999999998e-05,-5.2e-06,7e-05,1.5281685740897055e-05,0
1.8999999999999998e-05,-4.800000000000001e-06,7e-05,1.5281685740897055e-05,0
1.8999999999999998e-05,-4.4e-06,7e-05,1.5281685740897055e-05,0
1.8999999999999998e-05,-4.000000000000001e-06,7e-05,1.5281685740897055e-05,0
1.8999999999999998e-05,-3.600000000000001e-06,7e-05,1.5281685740897055e-05,0
1.8999999999999998e-05,-3.2e-06,7e-05,1.5281685740897055e-05,0
1.8999999999999998e-05,-2.8000000000000003e-06,7e-05,1.5281685740897055e-05,0
1.8999999999999998e-05,-2.4000000000000007e-06,7e-05,1.5281685740897055e-05,0
1.8999999999999998e-05,-1.9999999999999995e-06,7e-05,1.5281685740897055e-05,0
1.8999999999999998e-05,-1.6e-06,7e-05,1.5281685740897055e-05,0
1.8999999999999998e-05,-1.2000000000000004e-06,7e-05,1.5281685740897055e-05,0
1.8999999999999998e-05,-7.999999999999991e-07,7e-05,1.5281685740897055e-05,0
1.8999999999999998e-05,-3.9999999999999956e-07,7e-05,1.5281685740897055e-05,0
1.8999999999999998e-05,0.0,7e-05,1.5281685740897055e-05,0
1.8999999999999998e-05,3.9999999999999956e-07,7e-05,1.5281685740897055e-05,0
1.8999999999999998e-05,8.000000000000008e-07,7e-05,1.5281685740897055e-05,0
1.8999999999999998e-05,1.2000000000000004e-06,7e-05,1.5281685740897055e-05,0
1.8999999999999998e-05,1.6e-06,7e-05,1.5281685740897055e-05,0
1.8999999999999998e-05,1.9999999999999995e-06,7e-05,1.5281685740897055e-05,0
1.8999999999999998e-05,2.399999999999999e-06,7e-05,1.5281685740897055e-05,0
1.8999999999999998e-05,2.8000000000000003e-06,7e-05,1.5281685740897055e-05,0
1.8999999999999998e-05,3.2e-06,7e-05,1.5281685740897055e-05,0
1.8999999999999998e-05,3.5999999999999994e-06,7e-05,1.5281685740897055e-05,0
1.8999999999999998e-05,3.999999999999999e-06,7e-05,1.5281685740897055e-05,0
1.8999999999999998e-05,4.400000000000002e-06,7e-05,1.5281685740897055e-05,0
1.8999999999999998e-05,4.799999999999998e-06,7e-05,1.5281685740897055e-05,0
1.8999999999999998e-05,5.199999999999998e-06,7e-05,1.5281685740897055e-05,0
1.8999999999999998e-05,5.600000000000001e-06,7e-05,1.5281685740897055e-05,0
1.8999999999999998e-05,6e-06,7e-05,1.5281685740897055e-05,0
1.8999999999999998e-05,6.4e-06,7e-05,1.5281685740897055e-05,0
1.8999999999999998e-05,6.800000000000003e-06,7e-05,1.5281685740897055e-05,0
1.8999999999999998e-05,7.199999999999999e-06,7e-05,1.5281685740897055e-05,0
1.8999999999999998e-05,7.599999999999998e-06,7e-05,1.5281685740897055e-05,0
1.8999999999999998e-05,8.000000000000001e-06,7e-05,1.5281685740897055e-05,0
1.8999999999999998e-05,8.400000000000001e-06,7e-05,1.5281685740897055e-05,0
1.8999999999999998e-05,8.8e-06,7e-05,1.5281685740897055e-05,0
1.8999999999999998e-05,9.200000000000003e-06,7e-05,1.5281685740897055e-05,0
1.8999999999999998e-05,9.6e-06,7e-05,1.5281685740897055e-05,0
1.8999999999999998e-05,9.999999999999999e-06,7e-05,1.5281685740897055e-05,0
1.8999999999999998e-05,1.0400000000000002e-05,7e-05,1.5281685740897055e-05,0
1.8999999999999998e-05,1.0800000000000002e-05,7e-05,1.5281685740897055e-05,0
1.8999999999999998e-05,1.1200000000000001e-05,7e-05,1.5281685740897055e-05,0
1.8999999999999998e-05,1.1599999999999997e-05,7e-05,1.5281685740897055e-05,0
1.8999999999999998e-05,1.2e-05,7e-05,1.5281685740897055e-05,0
2e-05,-1.2e-05,7e-05,1.620293530230844e-05,0
2e-05,-1.16e-05,7e-05,1.620293530230844e-05,0
2e-05,-1.12e-05,7e-05,1.620293530230844e-05,0
2e-05,-1.08e-05,7e-05,1.620293530230844e-05,0
2e-05,-1.04e-05,7e-05,1.620293530230844e-05,0
2e-05,-1e-05,7e-05,1.620293530230844e-05,0
2e-05,-9.6e-06,7e-05,1.620293530230844e-05,0
2e-05,-9.2e-06,7e-05,1.620293530230844e-05,0
2e-05,-8.8e-06,7e-05,1.620293530230844e-05,0
2e-05,-8.400000000000001e-06,7e-05,1.620293530230844e-05,0
2e-05,-8.000000000000001e-06,7e-05,1.620293530230844e-05,0
2e-05,-7.6e-06,7e-05,1.620293530230844e-05,0
2e-05,-7.2000000000000005e-06,7e-05,1.620293530230844e-05,0
2e-05,-6.8e-06,7e-05,1.620293530230844e-05,0
2e-05,-6.4e-06,7e-05,1.620293530230844e-05,0
2e-05,-6e-06,7e-05,1.620293530230844e-05,0
2e-05,-5.6e-06,7e-05,1.620293530230844e-05,0
2e-05,-5.2e-06,7e-05,1.620293530230844e-05,0
2e-05,-4.800000000000001e-06,7e-05,1.620293530230844e-05,0
2e-05,-4.4e-06,7e-05,1.620293530230844e-05,0
2e-05,-4.000000000000001e-06,7e-05,1.620293530230844e-05,0
2e-05,-3.600000000000001e-06,7e-05,1.620293530230844e-05,0
2e-05,-3.2e-06,7e-05,1.620293530230844e-05,0
2e-05,-2.8000000000000003e-06,7e-05,1.620293530230844e-05,0
2e-05,-2.4000000000000007e-06,7e-05,1.620293530230844e-05,0
2e-05,-1.9999999999999995e-06,7e-05,1.620293530230844e-05,0
2e-05,-1.6e-06,7e-05,1.620293530230844e-05,0
2e-05,-1.2000000000000004e-06,7e-05,1.620293530230844e-05,0
2e-05,-7.999999999999991e-07,7e-05,1.620293530230844e-05,0
2e-05,-3.9999999999999956e-07,7e-05,1.620293530230844e-05,0
2e-05,0.0,7e-05,1.620293530230844e-05,0
2e-05,3.9999999999999956e-07,7e-05,1.620293530230844e-05,0
2e-05,8.000000000000008e-07,7e-05,1.620293530230844e-05,0
2e-05,1.2000000000000004e-06,7e-05,1.620293530230844e-05,0
2e-05,1.6e-06,7e-05,1.620293530230844e-05,0
2e-05,1.9999999999999995e-06,7e-05,1.620293530230844e-05,0
2e-05,2.399999999999999e-06,7e-05,1.620293530230844e-05,0
2e-05,2.8000000000000003e-06,7e-05,1.620293530230844e-05,0
2e-05,3.2e-06,7e-05,1.620293530230844e-05,0
2e-05,3.5999999999999994e-06,7e-05,1.620293530230844e-05,0
2e-05,3.999999999999999e-06,7e-05,1.620293530230844e-05,0
2e-05,4.400000000000002e-06,7e-05,1.620293530230844e-05,0
2e-05,4.799999999999998e-06,7e-05,1.620293530230844e-05,0
2e-05,5.199999999999998e-06,7e-05,1.620293530230844e-05,0
2e-05,5.600000000000001e-06,7e-05,1.620293530230844e-05,0
2e-05,6e-06,7e-05,1.620293530230844e-05,0
2e-05,6.4e-06,7e-05,1.620293530230844e-05,0
2e-05,6.800000000000003e-06,7e-05,1.620293530230844e-05,0
2e-05,7.199999999999999e-06,7e-05,1.620293530230844e-05,0
2e-05,7.599999999999998e-06,7e-05,1.620293530230844e-05,0
2e-05,8.000000000000001e-06,7e-05,1.620293530230844e-05,0
2e-05,8.400000000000001e-06,7e-05,1.620293530230844e-05,0
2e-05,8.8e-06,7e-05,1.620293530230844e-05,0
2e-05,9.200000000000003e-06,7e-05,1.620293530230844e-05,0
2e-05,9.6e-06,7e-05,1.620293530230844e-05,0
2e-05,9.999999999999999e-06,7e-05,1.620293530230844e-05,0
2e-05,1.0400000000000002e-05,7e-05,1.620293530230844e-05,0
2e-05,1.0800000000000002e-05,7e-05,1.620293530230844e-05,0
2e-05,1.1200000000000001e-05,7e-05,1.620293530230844e-05,0
2e-05,1.1599999999999997e-05,7e-05,1.620293530230844e-05,0
2e-05,1.2e-05,7e-05,1.620293530230844e-05,0
2.1000000000000006e-05,-1.2e-05,7e-05,1.7124184863719832e-05,0
2.1000000000000006e-05,-1.16e-05,7e-05,1.7124184863719832e-05,0
2.1000000000000006e-05,-1.12e-05,7e-05,1.7124184863719832e-05,0
2.1000000000000006e-05,-1.08e-05,7e-05,1.7124184863719832e-05,0
2.1000000000000006e-05,-1.04e-05,7e-05,1.7124184863719832e-05,0
2.1000000000000006e-05,-1e-05,7e-05,1.7124184863719832e-05,0
2.1000000000000006e-05,-9.6e-06,7e-05,1.7124184863719832e-05,0
2.1000000000000006e-05,-9.2e-06,7e-05,1.7124184863719832e-05,0
2.1000000000000006e-05,-8.8e-06,7e-05,1.7124184863719832e-05,0
2.1000000000000006e-05,-8.400000000000001e-06,7e-05,1.7124184863719832e-05,0
2.1000000000000006e-05,-8.000000000000001e-06,7e-05,1.7124184863719832e-05,0
2.1000000000000006e-05,-7.6e-06,7e-05,1.7124184863719832e-05,0
2.1000000000000006e-05,-7.2000000000000005e-06,7e-05,1.7124184863719832e-05,0
2.1000000000000006e-05,-6.8e-06,7e-05,1.7124184863719832e-05,0
2.1000000000000006e-05,-6.4e-06,7e-05,1.7124184863719832e-05,0
2.1000000000000006e-05,-6e-06,7e-05,1.7124184863719832e-05,0
2.1000000000000006e-05,-5.6e-06,7e-05,1.7124184863719832e-05,0
2.1000000000000006e-05,-5.2e-06,7e-05,1.7124184863719832e-05,0
2.1000000000000006e-05,-4.800000000000001e-06,7e-05,1.7124184863719832e-05,0
2.1000000000000006e-05,-4.4e-06,7e-05,1.7124184863719832e-05,0
2.1000000000000006e-05,-4.000000000000001e-06,7e-05,1.7124184863719832e-05,0
2.1000000000000006e-05,-3.600000000000001e-06,7e-05,1.7124184863719832e-05,0
2.1000000000000006e-05,-3.2e-06,7e-05,1.7124184863719832e-05,0
2.1000000000000006e-05,-2.8000000000000003e-06,7e-05,1.7124184863719832e-05,0
2.1000000000000006e-05,-2.4000000000000007e-06,7e-05,1.7124184863719832e-05,0
2.1000000000000006e-05,-1.9999999999999995e-06,7e-05,1.7124184863719832e-05,0
2.1000000000000006e-05,-1.6e-06,7e-05,1.7124184863719832e-05,0
2.1000000000000006e-05,-1.2000000000000004e-06,7e-05,1.7124184863719832e-05,0
2.1000000000000006e-05,-7.999999999999991e-07,7e-05,1.7124184863719832e-05,0
2.1000000000000006e-05,-3.9999999999999956e-07,7e-05,1.7124184863719832e-05,0
2.1000000000000006e-05,0.0,7e-05,1.7124184863719832e-05,0
2.1000000000000006e-05,3.9999999999999956e-07,7e-05,1.7124184863719832e-05,0
2.1000000000000006e-05,8.000000000000008e-07,7e-05,1.7124184863719832e-05,0
2.1000000000000006e-05,1.2000000000000004e-06,7e-05,1.7124184863719832e-05,0
2.1000000000000006e-05,1.6e-06,7e-05,1.7124184863719832e-05,0
2.1000000000000006e-05,1.9999999999999995e-06,7e-05,1.7124184863719832e-05,0
2.1000000000000006e-05,2.399999999999999e-06,7e-05,1.7124184863719832e-05,0
2.1000000000000006e-05,2.8000000000000003e-06,7e-05,1.7124184863719832e-05,0
2.1000000000000006e-05,3.2e-06,7e-05,1.7124184863719832e-05,0
2.1000000000000006e-05,3.5999999999999994e-06,7e-05,1.7124184863719832e-05,0
2.1000000000000006e-05,3.999999999999999e-06,7e-05,1.7124184863719832e-05,0
2.1000000000000006e-05,4.400000000000002e-06,7e-05,1.7124184863719832e-05,0
2.1000000000000006e-05,4.799999999999998e-06,7e-05,1.7124184863719832e-05,0
2.1000000000000006e-05,5.199999999999998e-06,7e-05,1.7124184863719832e-05,0
2.1000000000000006e-05,5.600000000000001e-06,7e-05,1.7124184863719832e-05,0
2.1000000000000006e-05,6e-06,7e-05,1.7124184863719832e-05,0
2.1000000000000006e-05,6.4e-06,7e-05,1.7124184863719832e-05,0
2.1000000000000006e-05,6.800000000000003e-06,7e-05,1.7124184863719832e-05,0
2.1000000000000006e-05,7.199999999999999e-06,7e-05,1.7124184863719832e-05,0
2.1000000000000006e-05,7.599999999999998e-06,7e-05,1.7124184863719832e-05,0
2.1000000000000006e-05,8.000000000000001e-06,7e-05,1.7124184863719832e-05,0
2.1000000000000006e-05,8.400000000000001e-06,7e-05,1.7124184863719832e-05,0
2.1000000000000006e-05,8.8e-06,7e-05,1.7124184863719832e-05,0
2.1000000000000006e-05,9.200000000000003e-06,7e-05,1.7124184863719832e-05,0
2.1000000000000006e-05,9.6e-06,7e-05,1.7124184863719832e-05,0
2.1000000000000006e-05,9.999999999999999e-06,7e-05,1.7124184863719832e-05,0
2.1000000000000006e-05,1.0400000000000002e-05,7e-05,1.7124184863719832e-05,0
2.1000000000000006e-05,1.0800000000000002e-05,7e-05,1.7124184863719832e-05,0
2.1000000000000006e-05,1.1200000000000001e-05,7e-05,1.7124184863719832e-05,0
2.1000000000000006e-05,1.1599999999999997e-05,7e-05,1.7124184863719832e-05,0
2.1000000000000006e-05,1.2e-05,7e-05,1.7124184863719832e-05,0
2.1999999999999996e-05,-1.2e-05,7e-05,1.804543442513121e-05,0
2.1999999999999996e-05,-1.16e-05,7e-05,1.804543442513121e-05,0
2.1999999999999996e-05,-1.12e-05,7e-05,1.804543442513121e-05,0
2.1999999999999996e-05,-1.08e-05,7e-05,1.804543442513121e-05,0
2.1999999999999996e-05,-1.04e-05,7e-05,1.804543442513121e-05,0
2.1999999999999996e-05,-1e-05,7e-05,1.804543442513121e-05,0
2.1999999999999996e-05,-9.6e-06,7e-05,1.804543442513121e-05,0
2.1999999999999996e-05,-9.2e-06,7e-05,1.804543442513121e-05,0
2.1999999999999996e-05,-8.8e-06,7e-05,1.804543442513121e-05,0
2.1999999999999996e-05,-8.400000000000001e-06,7e-05,1.804543442513121e-05,0
2.1999999999999996e-05,-8.000000000000001e-06,7e-05,1.804543442513121e-05,0
2.1999999999999996e-05,-7.6e-06,7e-05,1.804543442513121e-05,0
2.1999999999999996e-05,-7.2000000000000005e-06,7e-05,1.804543442513121e-05,0
2.1999999999999996e-05,-6.8e-06,7e-05,1.804543442513121e-05,0
2.1999999999999996e-05,-6.4e-06,7e-05,1.804543442513121e-05,0
2.1999999999999996e-05,-6e-06,7e-05,1.804543442513121e-05,0
2.1999999999999996e-05,-5.6e-06,7e-05,1.804543442513121e-05,0
2.1999999999999996e-05,-5.2e-06,7e-05,1.804543442513121e-05,0
2.1999999999999996e-05,-4.800000000000001e-06,7e-05,1.804543442513121e-05,0
2.1999999999999996e-05,-4.4e-06,7e-05,1.804543442513121e-05,0
2.1999999999999996e-05,-4.000000000000001e-06,7e-05,1.804543442513121e-05,0
2.1999999999999996e-05,-3.600000000000001e-06,7e-05,1.804543442513121e-05,0
2.1999999999999996e-05,-3.2e-06,7e-05,1.804543442513121e-05,0
2.1999999999999996e-05,-2.8000000000000003e-06,7e-05,1.804543442513121e-05,0
2.1999999999999996e-05,-2.4000000000000007e-06,7e-05,1.804543442513121e-05,0
2.1999999999999996e-05,-1.9999999999999995e-06,7e-05,1.804543442513121e-05,0
2.1999999999999996e-05,-1.6e-06,7e-05,1.804543442513121e-05,0
2.1999999999999996e-05,-1.2000000000000004e-06,7e-05,1.804543442513121e-05,0
2.1999999999999996e-05,-7.999999999999991e-07,7e-05,1.804543442513121e-05,0
2.1999999999999996e-05,-3.9999999999999956e-07,7e-05,1.804543442513121e-05,0
2.1999999999999996e-05,0.0,7e-05,1.804543442513121e-05,0
2.1999999999999996e-05,3.9999999999999956e-07,7e-05,1.804543442513121e-05,0
2.1999999999999996e-05,8.000000000000008e-07,7e-05,1.804543442513121e-05,0
2.1999999999999996e-05,1.2000000000000004e-06,7e-05,1.804543442513121e-05,0
2.1999999999999996e-05,1.6e-06,7e-05,1.804543442513121e-05,0
2.1999999999999996e-05,1.9999999999999995e-06,7e-05,1.804543442513121e-05,0
2.1999999999999996e-05,2.399999999999999e-06,7e-05,1.804543442513121e-05,0
2.1999999999999996e-05,2.8000000000000003e-06,7e-05,1.804543442513121e-05,0
2.1999999999999996e-05,3.2e-06,7e-05,1.804543442513121e-05,0
2.1999999999999996e-05,3.5999999999999994e-06,7e-05,1.804543442513121e-05,0
2.1999999999999996e-05,3.999999999999999e-06,7e-05,1.804543442513121e-05,0
2.1999999999999996e-05,4.400000000000002e-06,7e-05,1.804543442513121e-05,0
2.1999999999999996e-05,4.799999999999998e-06,7e-05,1.804543442513121e-05,0
2.1999999999999996e-05,5.199999999999998e-06,7e-05,1.804543442513121e-05,0
2.1999999999999996e-05,5.600000000000001e-06,7e-05,1.804543442513121e-05,0
2.1999999999999996e-05,6e-06,7e-05,1.804543442513121e-05,0
2.1999999999999996e-05,6.4e-06,7e-05,1.804543442513121e-05,0
2.1999999999999996e-05,6.800000000000003e-06,7e-05,1.804543442513121e-05,0
2.1999999999999996e-05,7.199999999999999e-06,7e-05,1.804543442513121e-05,0
2.1999999999999996e-05,7.599999999999998e-06,7e-05,1.804543442513121e-05,0
2.1999999999999996e-05,8.000000000000001e-06,7e-05,1.804543442513121e-05,0
2.1999999999999996e-05,8.400000000000001e-06,7e-05,1.804543442513121e-05,0
2.1999999999999996e-05,8.8e-06,7e-05,1.804543442513121e-05,0
2.1999999999999996e-05,9.200000000000003e-06,7e-05,1.804543442513121e-05,0
2.1999999999999996e-05,9.6e-06,7e-05,1.804543442513121e-05,0
2.1999999999999996e-05,9.999999999999999e-06,7e-05,1.804543442513121e-05,0
2.1999999999999996e-05,1.0400000000000002e-05,7e-05,1.804543442513121e-05,0
2.1999999999999996e-05,1.0800000000000002e-05,7e-05,1.804543442513121e-05,0
2.1999999999999996e-05,1.1200000000000001e-05,7e-05,1.804543442513121e-05,0
2.1999999999999996e-05,1.1599999999999997e-05,7e-05,1.804543442513121e-05,0
2.1999999999999996e-05,1.2e-05,7e-05,1.804543442513121e-05,0
2.3e-05,-1.2e-05,7e-05,1.8966683986542597e-05,0
2.3e-05,-1.16e-05,7e-05,1.8966683986542597e-05,0
2.3e-05,-1.12e-05,7e-05,1.8966683986542597e-05,0
2.3e-05,-1.08e-05,7e-05,1.8966683986542597e-05,0
2.3e-05,-1.04e-05,7e-05,1.8966683986542597e-05,0
2.3e-05,-1e-05,7e-05,1.8966683986542597e-05,0
2.3e-05,-9.6e-06,7e-05,1.8966683986542597e-05,0
2.3e-05,-9.2e-06,7e-05,1.8966683986542597e-05,0
2.3e-05,-8.8e-06,7e-05,1.8966683986542597e-05,0
2.3e-05,-8.400000000000001e-06,7e-05,1.8966683986542597e-05,0
2.3e-05,-8.000000000000001e-06,7e-05,1.8966683986542597e-05,0
2.3e-05,-7.6e-06,7e-05,1.8966683986542597e-05,0
2.3e-05,-7.2000000000000005e-06,7e-05,1.8966683986542597e-05,0
2.3e-05,-6.8e-06,7e-05,1.8966683986542597e-05,0
2.3e-05,-6.4e-06,7e-05,1.8966683986542597e-05,0
2.3e-05,-6e-06,7e-05,1.8966683986542597e-05,0
2.3e-05,-5.6e-06,7e-05,1.8966683986542597e-05,0
2.3e-05,-5.2e-06,7e-05,1.8966683986542597e-05,0
2.3e-05,-4.800000000000001e-06,7e-05,1.8966683986542597e-05,0
2.3e-05,-4.4e-06,7e-05,1.8966683986542597e-05,0
2.3e-05,-4.000000000000001e-06,7e-05,1.8966683986542597e-05,0
2.3e-05,-3.600000000000001e-06,7e-05,1.8966683986542597e-05,0
2.3e-05,-3.2e-06,7e-05,1.8966683986542597e-05,0
2.3e-05,-2.8000000000000003e-06,7e-05,1.8966683986542597e-05,0
2.3e-05,-2.4000000000000007e-06,7e-05,1.8966683986542597e-05,0
2.3e-05,-1.9999999999999995e-06,7e-05,1.8966683986542597e-05,0
2.3e-05,-1.6e-06,7e-05,1.8966683986542597e-05,0
2.3e-05,-1.2000000000000004e-06,7e-05,1.8966683986542597e-05,0
2.3e-05,-7.999999999999991e-07,7e-05,1.8966683986542597e-05,0
2.3e-05,-3.9999999999999956e-07,7e-05,1.8966683986542597e-05,0
2.3e-05,0.0,7e-05,1.8966683986542597e-05,0
2.3e-05,3.9999999999999956e-07,7e-05,1.8966683986542597e-05,0
2.3e-05,8.000000000000008e-07,7e-05,1.8966683986542597e-05,0
2.3e-05,1.2000000000000004e-06,7e-05,1.8966683986542597e-05,0
2.3e-05,1.6e-06,7e-05,1.8966683986542597e-05,0
2.3e-05,1.9999999999999995e-06,7e-05,1.8966683986542597e-05,0
2.3e-05,2.399999999999999e-06,7e-05,1.8966683986542597e-05,0
2.3e-05,2.8000000000000003e-06,7e-05,1.8966683986542597e-05,0
2.3e-05,3.2e-06,7e-05,1.8966683986542597e-05,0
2.3e-05,3.5999999999999994e-06,7e-05,1.8966683986542597e-05,0
2.3e-05,3.999999999999999e-06,7e-05,1.8966683986542597e-05,0
2.3e-05,4.400000000000002e-06,7e-05,1.8966683986542597e-05,0
2.3e-05,4.799999999999998e-06,7e-05,1.8966683986542597e-05,0
2.3e-05,5.199999999999998e-06,7e-05,1.8966683986542597e-05,0
2.3e-05,5.600000000000001e-06,7e-05,1.8966683986542597e-05,0
2.3e-05,6e-06,7e-05,1.8966683986542597e-05,0
2.3e-05,6.4e-06,7e-05,1.8966683986542597e-05,0
2.3e-05,6.800000000000003e-06,7e-05,1.8966683986542597e-05,0
2.3e-05,7.199999999999999e-06,7e-05,1.8966683986542597e-05,0
2.3e-05,7.599999999999998e-06,7e-05,1.8966683986542597e-05,0
2.3e-05,8.000000000000001e-06,7e-05,1.8966683986542597e-05,0
2.3e-05,8.400000000000001e-06,7e-05,1.8966683986542597e-05,0
2.3e-05,8.8e-06,7e-05,1.8966683986542597e-05,0
2.3e-05,9.200000000000003e-06,7e-05,1.8966683986542597e-05,0
2.3e-05,9.6e-06,7e-05,1.8966683986542597e-05,0
2.3e-05,9.999999999999999e-06,7e-05,1.8966683986542597e-05,0
2.3e-05,1.0400000000000002e-05,7e-05,1.8966683986542597e-05,0
2.3e-05,1.0800000000000002e-05,7e-05,1.8966683986542597e-05,0
2.3e-05,1.1200000000000001e-05,7e-05,1.8966683986542597e-05,0
2.3e-05,1.1599999999999997e-05,7e-05,1.8966683986542597e-05,0
2.3e-05,1.2e-05,7e-05,1.8966683986542597e-05,0
2.4000000000000004e-05,-1.2e-05,7e-05,1.988793354795399e-05,0
2.4000000000000004e-05,-1.16e-05,7e-05,1.988793354795399e-05,0
2.4000000000000004e-05,-1.12e-05,7e-05,1.988793354795399e-05,0
2.4000000000000004e-05,-1.08e-05,7e-05,1.988793354795399e-05,0
2.4000000000000004e-05,-1.04e-05,7e-05,1.988793354795399e-05,0
2.4000000000000004e-05,-1e-05,7e-05,1.988793354795399e-05,0
2.4000000000000004e-05,-9.6e-06,7e-05,1.988793354795399e-05,0
2.4000000000000004e-05,-9.2e-06,7e-05,1.988793354795399e-05,0
2.4000000000000004e-05,-8.8e-06,7e-05,1.988793354795399e-05,0
2.4000000000000004e-05,-8.400000000000001e-06,7e-05,1.988793354795399e-05,0
2.4000000000000004e-05,-8.000000000000001e-06,7e-05,1.988793354795399e-05,0
2.4000000000000004e-05,-7.6e-06,7e-05,1.988793354795399e-05,0
2.4000000000000004e-05,-7.2000000000000005e-06,7e-05,1.988793354795399e-05,0
2.4000000000000004e-05,-6.8e-06,7e-05,1.988793354795399e-05,0
2.4000000000000004e-05,-6.4e-06,7e-05,1.988793354795399e-05,0
2.4000000000000004e-05,-6e-06,7e-05,1.988793354795399e-05,0
2.4000000000000004e-05,-5.6e-06,7e-05,1.988793354795399e-05,0
2.4000000000000004e-05,-5.2e-06,7e-05,1.988793354795399e-05,0
2.4000000000000004e-05,-4.800000000000001e-06,7e-05,1.988793354795399e-05,0
2.4000000000000004e-05,-4.4e-06,7e-05,1.988793354795399e-05,0
2.4000000000000004e-05,-4.000000000000001e-06,7e-05,1.988793354795399e-05,0
2.4000000000000004e-05,-3.600000000000001e-06,7e-05,1.988793354795399e-05,0
2.4000000000000004e-05,-3.2e-06,7e-05,1.988793354795399e-05,0
2.4000000000000004e-05,-2.8000000000000003e-06,7e-05,1.988793354795399e-05,0
2.4000000000000004e-05,-2.4000000000000007e-06,7e-05,1.988793354795399e-05,0
2.4000000000000004e-05,-1.9999999999999995e-06,7e-05,1.988793354795399e-05,0
2.4000000000000004e-05,-1.6e-06,7e-05,1.988793354795399e-05,0
2.4000000000000004e-05,-1.2000000000000004e-06,7e-05,1.988793354795399e-05,0
2.4000000000000004e-05,-7.999999999999991e-07,7e-05,1.988793354795399e-05,0
2.4000000000000004e-05,-3.9999999999999956e-07,7e-05,1.988793354795399e-05,0
2.4000000000000004e-05,0.0,7e-05,1.988793354795399e-05,0
2.4000000000000004e-05,3.9999999999999956e-07,7e-05,1.988793354795399e-05,0
2.4000000000000004e-05,8.000000000000008e-07,7e-05,1.988793354795399e-05,0
2.4000000000000004e-05,1.2000000000000004e-06,7e-05,1.988793354795399e-05,0
2.4000000000000004e-05,1.6e-06,7e-05,1.988793354795399e-05,0
2.4000000000000004e-05,1.9999999999999995e-06,7e-05,1.988793354795399e-05,0
2.4000000000000004e-05,2.399999999999999e-06,7e-05,1.988793354795399e-05,0
2.4000000000000004e-05,2.8000000000000003e-06,7e-05,1.988793354795399e-05,0
2.4000000000000004e-05,3.2e-06,7e-05,1.988793354795399e-05,0
2.4000000000000004e-05,3.5999999999999994e-06,7e-05,1.988793354795399e-05,0
2.4000000000000004e-05,3.999999999999999e-06,7e-05,1.988793354795399e-05,0
2.4000000000000004e-05,4.400000000000002e-06,7e-05,1.988793354795399e-05,0
2.4000000000000004e-05,4.799999999999998e-06,7e-05,1.988793354795399e-05,0
2.4000000000000004e-05,5.199999999999998e-06,7e-05,1.988793354795399e-05,0
2.4000000000000004e-05,5.600000000000001e-06,7e-05,1.988793354795399e-05,0
2.4000000000000004e-05,6e-06,7e-05,1.988793354795399e-05,0
2.4000000000000004e-05,6.4e-06,7e-05,1.988793354795399e-05,0
2.4000000000000004e-05,6.800000000000003e-06,7e-05,1.988793354795399e-05,0
2.4000000000000004e-05,7.199999999999999e-06,7e-05,1.988793354795399e-05,0
2.4000000000000004e-05,7.599999999999998e-06,7e-05,1.988793354795399e-05,0
2.4000000000000004e-05,8.000000000000001e-06,7e-05,1.988793354795399e-05,0
2.4000000000000004e-05,8.400000000000001e-06,7e-05,1.988793354795399e-05,0
2.4000000000000004e-05,8.8e-06,7e-05,1.988793354795399e-05,0
2.4000000000000004e-05,9.200000000000003e-06,7e-05,1.988793354795399e-05,0
2.4000000000000004e-05,9.6e-06,7e-05,1.988793354795399e-05,0
2.4000000000000004e-05,9.999999999999999e-06,7e-05,1.988793354795399e-05,0
2.4000000000000004e-05,1.0400000000000002e-05,7e-05,1.988793354795399e-05,0
2.4000000000000004e-05,1.0800000000000002e-05,7e-05,1.988793354795399e-05,0
2.4000000000000004e-05,1.1200000000000001e-05,7e-05,1.988793354795399e-05,0
2.4000000000000004e-05,1.1599999999999997e-05,7e-05,1.988793354795399e-05,0
2.4000000000000004e-05,1.2e-05,7e-05,1.988793354795399e-05,0
2.5e-05,-1.2e-05,7e-05,2.0809183109365375e-05,0
2.5e-05,-1.16e-05,7e-05,2.0809183109365375e-05,0
2.5e-05,-1.12e-05,7e-05,2.0809183109365375e-05,0
2.5e-05,-1.08e-05,7e-05,2.0809183109365375e-05,0
2.5e-05,-1.04e-05,7e-05,2.0809183109365375e-05,0
2.5e-05,-1e-05,7e-05,2.0809183109365375e-05,0
2.5e-05,-9.6e-06,7e-05,2.0809183109365375e-05,0
2.5e-05,-9.2e-06,7e-05,2.0809183109365375e-05,0
2.5e-05,-8.8e-06,7e-05,2.0809183109365375e-05,0
2.5e-05,-8.400000000000001e-06,7e-05,2.0809183109365375e-05,0
2.5e-05,-8.000000000000001e-06,7e-05,2.0809183109365375e-05,0
2.5e-05,-7.6e-06,7e-05,2.0809183109365375e-05,0
2.5e-05,-7.2000000000000005e-06,7e-05,2.0809183109365375e-05,0
2.5e-05,-6.8e-06,7e-05,2.0809183109365375e-05,0
2.5e-05,-6.4e-06,7e-05,2.0809183109365375e-05,0
2.5e-05,-6e-06,7e-05,2.0809183109365375e-05,0
2.5e-05,-5.6e-06,7e-05,2.0809183109365375e-05,0
2.5e-05,-5.2e-06,7e-05,2.0809183109365375e-05,0
2.5e-05,-4.800000000000001e-06,7e-05,2.0809183109365375e-05,0
2.5e-05,-4.4e-06,7e-05,2.0809183109365375e-05,0
2.5e-05,-4.000000000000001e-06,7e-05,2.0809183109365375e-05,0
2.5e-05,-3.600000000000001e-06,7e-05,2.0809183109365375e-05,0
2.5e-05,-3.2e-06,7e-05,2.0809183109365375e-05,0
2.5e-05,-2.8000000000000003e-06,7e-05,2.0809183109365375e-05,0
2.5e-05,-2.4000000000000007e-06,7e-05,2.0809183109365375e-05,0
2.5e-05,-1.9999999999999995e-06,7e-05,2.0809183109365375e-05,0
2.5e-05,-1.6e-06,7e-05,2.0809183109365375e-05,0
2.5e-05,-1.2000000000000004e-06,7e-05,2.0809183109365375e-05,0
2.5e-05,-7.999999999999991e-07,7e-05,2.0809183109365375e-05,0
2.5e-05,-3.9999999999999956e-07,7e-05,2.0809183109365375e-05,0
2.5e-05,0.0,7e-05,2.0809183109365375e-05,0
2.5e-05,3.9999999999999956e-07,7e-05,2.0809183109365375e-05,0
2.5e-05,8.000000000000008e-07,7e-05,2.0809183109365375e-05,0
2.5e-05,1.2000000000000004e-06,7e-05,2.0809183109365375e-05,0
2.5e-05,1.6e-06,7e-05,2.0809183109365375e-05,0
2.5e-05,1.9999999999999995e-06,7e-05,2.0809183109365375e-05,0
2.5e-05,2.399999999999999e-06,7e-05,2.0809183109365375e-05,0
2.5e-05,2.8000000000000003e-06,7e-05,2.0809183109365375e-05,0
2.5e-05,3.2e-06,7e-05,2.0809183109365375e-05,0
2.5e-05,3.5999999999999994e-06,7e-05,2.0809183109365375e-05,0
2.5e-05,3.999999999999999e-06,7e-05,2.0809183109365375e-05,0
2.5e-05,4.400000000000002e-06,7e-05,2.0809183109365375e-05,0
2.5e-05,4.799999999999998e-06,7e-05,2.0809183109365375e-05,0
2.5e-05,5.199999999999998e-06,7e-05,2.0809183109365375e-05,0
2.5e-05,5.600000000000001e-06,7e-05,2.0809183109365375e-05,0
2.5e-05,6e-06,7e-05,2.0809183109365375e-05,0
2.5e-05,6.4e-06,7e-05,2.0809183109365375e-05,0
2.5e-05,6.800000000000003e-06,7e-05,2.0809183109365375e-05,0
2.5e-05,7.199999999999999e-06,7e-05,2.0809183109365375e-05,0
2.5e-05,7.599999999999998e-06,7e-05,2.0809183109365375e-05,0
2.5e-05,8.000000000000001e-06,7e-05,2.0809183109365375e-05,0
2.5e-05,8.400000000000001e-06,7e-05,2.0809183109365375e-05,0
2.5e-05,8.8e-06,7e-05,2.0809183109365375e-05,0
2.5e-05,9.200000000000003e-06,7e-05,2.0809183109365375e-05,0
2.5e-05,9.6e-06,7e-05,2.0809183109365375e-05,0
2.5e-05,9.999999999999999e-06,7e-05,2.0809183109365375e-05,0
2.5e-05,1.0400000000000002e-05,7e-05,2.0809183109365375e-05,0
2.5e-05,1.0800000000000002e-05,7e-05,2.0809183109365375e-05,0
2.5e-05,1.1200000000000001e-05,7e-05,2.0809183109365375e-05,0
2.5e-05,1.1599999999999997e-05,7e-05,2.0809183109365375e-05,0
2.5e-05,1.2e-05,7e-05,2.0809183109365375e-05,0
2.6e-05,-1.2e-05,7e-05,2.173043267077676e-05,0
2.6e-05,-1.16e-05,7e-05,2.173043267077676e-05,0
2.6e-05,-1.12e-05,7e-05,2.173043267077676e-05,0
2.6e-05,-1.08e-05,7e-05,2.173043267077676e-05,0
2.6e-05,-1.04e-05,7e-05,2.173043267077676e-05,0
2.6e-05,-1e-05,7e-05,2.173043267077676e-05,0
2.6e-05,-9.6e-06,7e-05,2.173043267077676e-05,0
2.6e-05,-9.2e-06,7e-05,2.173043267077676e-05,0
2.6e-05,-8.8e-06,7e-05,2.173043267077676e-05,0
2.6e-05,-8.400000000000001e-06,7e-05,2.173043267077676e-05,0
2.6e-05,-8.000000000000001e-06,7e-05,2.173043267077676e-05,0
2.6e-05,-7.6e-06,7e-05,2.173043267077676e-05,0
2.6e-05,-7.2000000000000005e-06,7e-05,2.173043267077676e-05,0
2.6e-05,-6.8e-06,7e-05,2.173043267077676e-05,0
2.6e-05,-6.4e-06,7e-05,2.173043267077676e-05,0
2.6e-05,-6e-06,7e-05,2.173043267077676e-05,0
2.6e-05,-5.6e-06,7e-05,2.173043267077676e-05,0
2.6e-05,-5.2e-06,7e-05,2.173043267077676e-05,0
2.6e-05,-4.800000000000001e-06,7e-05,2.173043267077676e-05,0
2.6e-05,-4.4e-06,7e-05,2.173043267077676e-05,0
2.6e-05,-4.000000000000001e-06,7e-05,2.173043267077676e-05,0
2.6e-05,-3.600000000000001e-06,7e-05,2.173043267077676e-05,0
2.6e-05,-3.2e-06,7e-05,2.173043267077676e-05,0
2.6e-05,-2.8000000000000003e-06,7e-05,2.173043267077676e-05,0
2.6e-05,-2.4000000000000007e-06,7e-05,2.173043267077676e-05,0
2.6e-05,-1.9999999999999995e-06,7e-05,2.173043267077676e-05,0
2.6e-05,-1.6e-06,7e-05,2.173043267077676e-05,0
2.6e-05,-1.2000000000000004e-06,7e-05,2.173043267077676e-05,0
2.6e-05,-7.999999999999991e-07,7e-05,2.173043267077676e-05,0
2.6e-05,-3.9999999999999956e-07,7e-05,2.173043267077676e-05,0
2.6e-05,0.0,7e-05,2.173043267077676e-05,0
2.6e-05,3.9999999999999956e-07,7e-05,2.173043267077676e-05,0
2.6e-05,8.000000000000008e-07,7e-05,2.173043267077676e-05,0
2.6e-05,1.2000000000000004e-06,7e-05,2.173043267077676e-05,0
2.6e-05,1.6e-06,7e-05,2.173043267077676e-05,0
2.6e-05,1.9999999999999995e-06,7e-05,2.173043267077676e-05,0
2.6e-05,2.399999999999999e-06,7e-05,2.173043267077676e-05,0
2.6e-05,2.8000000000000003e-06,7e-05,2.173043267077676e-05,0
2.6e-05,3.2e-06,7e-05,2.173043267077676e-05,0
2.6e-05,3.5999999999999994e-06,7e-05,2.173043267077676e-05,0
2.6e-05,3.999999999999999e-06,7e-05,2.173043267077676e-05,0
2.6e-05,4.400000000000002e-06,7e-05,2.173043267077676e-05,0
2.6e-05,4.799999999999998e-06,7e-05,2.173043267077676e-05,0
2.6e-05,5.199999999999998e-06,7e-05,2.173043267077676e-05,0
2.6e-05,5.600000000000001e-06,7e-05,2.173043267077676e-05,0
2.6e-05,6e-06,7e-05,2.173043267077676e-05,0
2.6e-05,6.4e-06,7e-05,2.173043267077676e-05,0
2.6e-05,6.800000000000003e-06,7e-05,2.173043267077676e-05,0
2.6e-05,7.199999999999999e-06,7e-05,2.173043267077676e-05,0
2.6e-05,7.599999999999998e-06,7e-05,2.173043267077676e-05,0
2.6e-05,8.000000000000001e-06,7e-05,2.173043267077676e-05,0
2.6e-05,8.400000000000001e-06,7e-05,2.173043267077676e-05,0
2.6e-05,8.8e-06,7e-05,2.173043267077676e-05,0
2.6e-05,9.200000000000003e-06,7e-05,2.173043267077676e-05,0
2.6e-05,9.6e-06,7e-05,2.173043267077676e-05,0
2.6e-05,9.999999999999999e-06,7e-05,2.173043267077676e-05,0
2.6e-05,1.0400000000000002e-05,7e-05,2.173043267077676e-05,0
2.6e-05,1.0800000000000002e-05,7e-05,2.173043267077676e-05,0
2.6e-05,1.1200000000000001e-05,7e-05,2.173043267077676e-05,0
2.6e-05,1.1599999999999997e-05,7e-05,2.173043267077676e-05,0
2.6e-05,1.2e-05,7e-05,2.173043267077676e-05,0
2.7000000000000002e-05,-1.2e-05,7e-05,2.2651682232188146e-05,0
2.7000000000000002e-05,-1.16e-05,7e-05,2.2651682232188146e-05,0
2.7000000000000002e-05,-1.12e-05,7e-05,2.2651682232188146e-05,0
2.7000000000000002e-05,-1.08e-05,7e-05,2.2651682232188146e-05,0
2.7000000000000002e-05,-1.04e-05,7e-05,2.2651682232188146e-05,0
2.7000000000000002e-05,-1e-05,7e-05,2.2651682232188146e-05,0
2.7000000000000002e-05,-9.6e-06,7e-05,2.2651682232188146e-05,0
2.7000000000000002e-05,-9.2e-06,7e-05,2.2651682232188146e-05,0
2.7000000000000002e-05,-8.8e-06,7e-05,2.2651682232188146e-05,0
2.7000000000000002e-05,-8.400000000000001e-06,7e-05,2.2651682232188146e-05,0
2.7000000000000002e-05,-8.000000000000001e-06,7e-05,2.2651682232188146e-05,0
2.7000000000000002e-05,-7.6e-06,7e-05,2.2651682232188146e-05,0
2.7000000000000002e-05,-7.2000000000000005e-06,7e-05,2.2651682232188146e-05,0
2.7000000000000002e-05,-6.8e-06,7e-05,2.2651682232188146e-05,0
2.7000000000000002e-05,-6.4e-06,7e-05,2.2651682232188146e-05,0
2.7000000000000002e-05,-6e-06,7e-05,2.2651682232188146e-05,0
2.7000000000000002e-05,-5.6e-06,7e-05,2.2651682232188146e-05,0
2.7000000000000002e-05,-5.2e-06,7e-05,2.2651682232188146e-05,0
2.7000000000000002e-05,-4.800000000000001e-06,7e-05,2.2651682232188146e-05,0
2.7000000000000002e-05,-4.4e-06,7e-05,2.2651682232188146e-05,0
2.7000000000000002e-05,-4.000000000000001e-06,7e-05,2.2651682232188146e-05,0
2.7000000000000002e-05,-3.600000000000001e-06,7e-05,2.2651682232188146e-05,0
2.7000000000000002e-05,-3.2e-06,7e-05,2.2651682232188146e-05,0
2.7000000000000002e-05,-2.8000000000000003e-06,7e-05,2.2651682232188146e-05,0
2.7000000000000002e-05,-2.4000000000000007e-06,7e-05,2.2651682232188146e-05,0
2.7000000000000002e-05,-1.9999999999999995e-06,7e-05,2.2651682232188146e-05,0
2.7000000000000002e-05,-1.6e-06,7e-05,2.2651682232188146e-05,0
2.7000000000000002e-05,-1.2000000000000004e-06,7e-05,2.2651682232188146e-05,0
2.7000000000000002e-05,-7.999999999999991e-07,7e-05,2.2651682232188146e-05,0
2.7000000000000002e-05,-3.9999999999999956e-07,7e-05,2.2651682232188146e-05,0
2.7000000000000002e-05,0.0,7e-05,2.2651682232188146e-05,0
2.7000000000000002e-05,3.9999999999999956e-07,7e-05,2.2651682232188146e-05,0
2.7000000000000002e-05,8.000000000000008e-07,7e-05,2.2651682232188146e-05,0
2.7000000000000002e-05,1.2000000000000004e-06,7e-05,2.2651682232188146e-05,0
2.7000000000000002e-05,1.6e-06,7e-05,2.2651682232188146e-05,0
2.7000000000000002e-05,1.9999999999999995e-06,7e-05,2.2651682232188146e-05,0
2.7000000000000002e-05,2.399999999999999e-06,7e-05,2.2651682232188146e-05,0
2.7000000000000002e-05,2.8000000000000003e-06,7e-05,2.2651682232188146e-05,0
2.7000000000000002e-05,3.2e-06,7e-05,2.2651682232188146e-05,0
2.7000000000000002e-05,3.5999999999999994e-06,7e-05,2.2651682232188146e-05,0
2.7000000000000002e-05,3.999999999999999e-06,7e-05,2.2651682232188146e-05,0
2.7000000000000002e-05,4.400000000000002e-06,7e-05,2.2651682232188146e-05,0
2.7000000000000002e-05,4.799999999999998e-06,7e-05,2.2651682232188146e-05,0
2.7000000000000002e-05,5.199999999999998e-06,7e-05,2.2651682232188146e-05,0
2.7000000000000002e-05,5.600000000000001e-06,7e-05,2.2651682232188146e-05,0
2.7000000000000002e-05,6e-06,7e-05,2.2651682232188146e-05,0
2.7000000000000002e-05,6.4e-06,7e-05,2.2651682232188146e-05,0
2.7000000000000002e-05,6.800000000000003e-06,7e-05,2.2651682232188146e-05,0
2.7000000000000002e-05,7.199999999999999e-06,7e-05,2.2651682232188146e-05,0
2.7000000000000002e-05,7.599999999999998e-06,7e-05,2.2651682232188146e-05,0
2.7000000000000002e-05,8.000000000000001e-06,7e-05,2.2651682232188146e-05,0
2.7000000000000002e-05,8.400000000000001e-06,7e-05,2.2651682232188146e-05,0
2.7000000000000002e-05,8.8e-06,7e-05,2.2651682232188146e-05,0
2.7000000000000002e-05,9.200000000000003e-06,7e-05,2.2651682232188146e-05,0
2.7000000000000002e-05,9.6e-06,7e-05,2.2651682232188146e-05,0
2.7000000000000002e-05,9.999999999999999e-06,7e-05,2.2651682232188146e-05,0
2.7000000000000002e-05,1.0400000000000002e-05,7e-05,2.2651682232188146e-05,0
2.7000000000000002e-05,1.0800000000000002e-05,7e-05,2.2651682232188146e-05,0
2.7000000000000002e-05,1.1200000000000001e-05,7e-05,2.2651682232188146e-05,0
2.7000000000000002e-05,1.1599999999999997e-05,7e-05,2.2651682232188146e-05,0
2.7000000000000002e-05,1.2e-05,7e-05,2.2651682232188146e-05,0
2.8e-05,-1.2e-05,7e-05,2.3572931793599525e-05,0
2.8e-05,-1.16e-05,7e-05,2.3572931793599525e-05,0
2.8e-05,-1.12e-05,7e-05,2.3572931793599525e-05,0
2.8e-05,-1.08e-05,7e-05,2.3572931793599525e-05,0
2.8e-05,-1.04e-05,7e-05,2.3572931793599525e-05,0
2.8e-05,-1e-05,7e-05,2.3572931793599525e-05,0
2.8e-05,-9.6e-06,7e-05,2.3572931793599525e-05,0
2.8e-05,-9.2e-06,7e-05,2.3572931793599525e-05,0
2.8e-05,-8.8e-06,7e-05,2.3572931793599525e-05,0
2.8e-05,-8.400000000000001e-06,7e-05,2.3572931793599525e-05,0
2.8e-05,-8.000000000000001e-06,7e-05,2.3572931793599525e-05,0
2.8e-05,-7.6e-06,7e-05,2.3572931793599525e-05,0
2.8e-05,-7.2000000000000005e-06,7e-05,2.3572931793599525e-05,0
2.8e-05,-6.8e-06,7e-05,2.3572931793599525e-05,0
2.8e-05,-6.4e-06,7e-05,2.3572931793599525e-05,0
2.8e-05,-6e-06,7e-05,2.3572931793599525e-05,0
2.8e-05,-5.6e-06,7e-05,2.3572931793599525e-05,0
2.8e-05,-5.2e-06,7e-05,2.3572931793599525e-05,0
2.8e-05,-4.800000000000001e-06,7e-05,2.3572931793599525e-05,0
2.8e-05,-4.4e-06,7e-05,2.3572931793599525e-05,0
2.8e-05,-4.000000000000001e-06,7e-05,2.3572931793599525e-05,0
2.8e-05,-3.600000000000001e-06,7e-05,2.3572931793599525e-05,0
2.8e-05,-3.2e-06,7e-05,2.3572931793599525e-05,0
2.8e-05,-2.8000000000000003e-06,7e-05,2.3572931793599525e-05,0
2.8e-05,-2.4000000000000007e-06,7e-05,2.3572931793599525e-05,0
2.8e-05,-1.9999999999999995e-06,7e-05,2.3572931793599525e-05,0
2.8e-05,-1.6e-06,7e-05,2.3572931793599525e-05,0
2.8e-05,-1.2000000000000004e-06,7e-05,2.3572931793599525e-05,0
2.8e-05,-7.999999999999991e-07,7e-05,2.3572931793599525e-05,0
2.8e-05,-3.9999999999999956e-07,7e-05,2.3572931793599525e-05,0
2.8e-05,0.0,7e-05,2.3572931793599525e-05,0
2.8e-05,3.9999999999999956e-07,7e-05,2.3572931793599525e-05,0
2.8e-05,8.000000000000008e-07,7e-05,2.3572931793599525e-05,0
2.8e-05,1.2000000000000004e-06,7e-05,2.3572931793599525e-05,0
2.8e-05,1.6e-06,7e-05,2.3572931793599525e-05,0
2.8e-05,1.9999999999999995e-06,7e-05,2.3572931793599525e-05,0
2.8e-05,2.399999999999999e-06,7e-05,2.3572931793599525e-05,0
2.8e-05,2.8000000000000003e-06,7e-05,2.3572931793599525e-05,0
2.8e-05,3.2e-06,7e-05,2.3572931793599525e-05,0
2.8e-05,3.5999999999999994e-06,7e-05,2.3572931793599525e-05,0
2.8e-05,3.999999999999999e-06,7e-05,2.3572931793599525e-05,0
2.8e-05,4.400000000000002e-06,7e-05,2.3572931793599525e-05,0
2.8e-05,4.799999999999998e-06,7e-05,2.3572931793599525e-05,0
2.8e-05,5.199999999999998e-06,7e-05,2.3572931793599525e-05,0
2.8e-05,5.600000000000001e-06,7e-05,2.3572931793599525e-05,0
2.8e-05,6e-06,7e-05,2.3572931793599525e-05,0
2.8e-05,6.4e-06,7e-05,2.3572931793599525e-05,0
2.8e-05,6.800000000000003e-06,7e-05,2.3572931793599525e-05,0
2.8e-05,7.199999999999999e-06,7e-05,2.3572931793599525e-05,0
2.8e-05,7.599999999999998e-06,7e-05,2.3572931793599525e-05,0
2.8e-05,8.000000000000001e-06,7e-05,2.3572931793599525e-05,0
2.8e-05,8.400000000000001e-06,7e-05,2.3572931793599525e-05,0
2.8e-05,8.8e-06,7e-05,2.3572931793599525e-05,0
2.8e-05,9.200000000000003e-06,7e-05,2.3572931793599525e-05,0
2.8e-05,9.6e-06,7e-05,2.3572931793599525e-05,0
2.8e-05,9.999999999999999e-06,7e-05,2.3572931793599525e-05,0
2.8e-05,1.0400000000000002e-05,7e-05,2.3572931793599525e-05,0
2.8e-05,1.0800000000000002e-05,7e-05,2.3572931793599525e-05,0
2.8e-05,1.1200000000000001e-05,7e-05,2.3572931793599525e-05,0
2.8e-05,1.1599999999999997e-05,7e-05,2.3572931793599525e-05,0
2.8e-05,1.2e-05,7e-05,2.3572931793599525e-05,0
2.9000000000000004e-05,-1.2e-05,7e-05,2.4494181355010917e-05,0
2.9000000000000004e-05,-1.16e-05,7e-05,2.4494181355010917e-05,0
2.9000000000000004e-05,-1.12e-05,7e-05,2.4494181355010917e-05,0
2.9000000000000004e-05,-1.08e-05,7e-05,2.4494181355010917e-05,0
2.9000000000000004e-05,-1.04e-05,7e-05,2.4494181355010917e-05,0
2.9000000000000004e-05,-1e-05,7e-05,2.4494181355010917e-05,0
2.9000000000000004e-05,-9.6e-06,7e-05,2.4494181355010917e-05,0
2.9000000000000004e-05,-9.2e-06,7e-05,2.4494181355010917e-05,0
2.9000000000000004e-05,-8.8e-06,7e-05,2.4494181355010917e-05,0
2.9000000000000004e-05,-8.400000000000001e-06,7e-05,2.4494181355010917e-05,0
2.9000000000000004e-05,-8.000000000000001e-06,7e-05,2.4494181355010917e-05,0
2.9000000000000004e-05,-7.6e-06,7e-05,2.4494181355010917e-05,0
2.9000000000000004e-05,-7.2000000000000005e-06,7e-05,2.4494181355010917e-05,0
2.9000000000000004e-05,-6.8e-06,7e-05,2.4494181355010917e-05,0
2.9000000000000004e-05,-6.4e-06,7e-05,2.4494181355010917e-05,0
2.9000000000000004e-05,-6e-06,7e-05,2.4494181355010917e-05,0
2.9000000000000004e-05,-5.6e-06,7e-05,2.4494181355010917e-05,0
2.9000000000000004e-05,-5.2e-06,7e-05,2.4494181355010917e-05,0
2.9000000000000004e-05,-4.800000000000001e-06,7e-05,2.4494181355010917e-05,0
2.9000000000000004e-05,-4.4e-06,7e-05,2.4494181355010917e-05,0
2.9000000000000004e-05,-4.000000000000001e-06,7e-05,2.4494181355010917e-05,0
2.9000000000000004e-05,-3.600000000000001e-06,7e-05,2.4494181355010917e-05,0
2.9000000000000004e-05,-3.2e-06,7e-05,2.4494181355010917e-05,0
2.9000000000000004e-05,-2.8000000000000003e-06,7e-05,2.4494181355010917e-05,0
2.9000000000000004e-05,-2.4000000000000007e-06,7e-05,2.4494181355010917e-05,0
2.9000000000000004e-05,-1.9999999999999995e-06,7e-05,2.4494181355010917e-05,0
2.9000000000000004e-05,-1.6e-06,7e-05,2.4494181355010917e-05,0
2.9000000000000004e-05,-1.2000000000000004e-06,7e-05,2.4494181355010917e-05,0
2.9000000000000004e-05,-7.999999999999991e-07,7e-05,2.4494181355010917e-05,0
2.9000000000000004e-05,-3.9999999999999956e-07,7e-05,2.4494181355010917e-05,0
2.9000000000000004e-05,0.0,7e-05,2.4494181355010917e-05,0
2.9000000000000004e-05,3.9999999999999956e-07,7e-05,2.4494181355010917e-05,0
2.9000000000000004e-05,8.000000000000008e-07,7e-05,2.4494181355010917e-05,0
2.9000000000000004e-05,1.2000000000000004e-06,7e-05,2.4494181355010917e-05,0
2.9000000000000004e-05,1.6e-06,7e-05,2.4494181355010917e-05,0
2.9000000000000004e-05,1.9999999999999995e-06,7e-05,2.4494181355010917e-05,0
2.9000000000000004e-05,2.399999999999999e-06,7e-05,2.4494181355010917e-05,0
2.9000000000000004e-05,2.8000000000000003e-06,7e-05,2.4494181355010917e-05,0
2.9000000000000004e-05,3.2e-06,7e-05,2.4494181355010917e-05,0
2.9000000000000004e-05,3.5999999999999994e-06,7e-05,2.4494181355010917e-05,0
2.9000000000000004e-05,3.999999999999999e-06,7e-05,2.4494181355010917e-05,0
2.9000000000000004e-05,4.400000000000002e-06,7e-05,2.4494181355010917e-05,0
2.9000000000000004e-05,4.799999999999998e-06,7e-05,2.4494181355010917e-05,0
2.9000000000000004e-05,5.199999999999998e-06,7e-05,2.4494181355010917e-05,0
2.9000000000000004e-05,5.600000000000001e-06,7e-05,2.4494181355010917e-05,0
2.9000000000000004e-05,6e-06,7e-05,2.4494181355010917e-05,0
2.9000000000000004e-05,6.4e-06,7e-05,2.4494181355010917e-05,0
2.9000000000000004e-05,6.800000000000003e-06,7e-05,2.4494181355010917e-05,0
2.9000000000000004e-05,7.199999999999999e-06,7e-05,2.4494181355010917e-05,0
2.9000000000000004e-05,7.599999999999998e-06,7e-05,2.4494181355010917e-05,0
2.9000000000000004e-05,8.000000000000001e-06,7e-05,2.4494181355010917e-05,0
2.9000000000000004e-05,8.400000000000001e-06,7e-05,2.4494181355010917e-05,0
2.9000000000000004e-05,8.8e-06,7e-05,2.4494181355010917e-05,0
2.9000000000000004e-05,9.200000000000003e-06,7e-05,2.4494181355010917e-05,0
2.9000000000000004e-05,9.6e-06,7e-05,2.4494181355010917e-05,0
2.9000000000000004e-05,9.999999999999999e-06,7e-05,2.4494181355010917e-05,0
2.9000000000000004e-05,1.0400000000000002e-05,7e-05,2.4494181355010917e-05,0
2.9000000000000004e-05,1.0800000000000002e-05,7e-05,2.4494181355010917e-05,0
2.9000000000000004e-05,1.1200000000000001e-05,7e-05,2.4494181355010917e-05,0
2.9000000000000004e-05,1.1599999999999997e-05,7e-05,2.4494181355010917e-05,0
2.9000000000000004e-05,1.2e-05,7e-05,2.4494181355010917e-05,0
3e-05,-1.2e-05,7e-05,2.5415430916422302e-05,0
3e-05,-1.16e-05,7e-05,2.5415430916422302e-05,0
3e-05,-1.12e-05,7e-05,2.5415430916422302e-05,0
3e-05,-1.08e-05,7e-05,2.5415430916422302e-05,0
3e-05,-1.04e-05,7e-05,2.5415430916422302e-05,0
3e-05,-1e-05,7e-05,2.5415430916422302e-05,0
3e-05,-9.6e-06,7e-05,2.5415430916422302e-05,0
3e-05,-9.2e-06,7e-05,2.5415430916422302e-05,0
3e-05,-8.8e-06,7e-05,2.5415430916422302e-05,0
3e-05,-8.400000000000001e-06,7e-05,2.5415430916422302e-05,0
3e-05,-8.000000000000001e-06,7e-05,2.5415430916422302e-05,0
3e-05,-7.6e-06,7e-05,2.5415430916422302e-05,0
3e-05,-7.2000000000000005e-06,7e-05,2.5415430916422302e-05,0
3e-05,-6.8e-06,7e-05,2.5415430916422302e-05,0
3e-05,-6.4e-06,7e-05,2.5415430916422302e-05,0
3e-05,-6e-06,7e-05,2.5415430916422302e-05,0
3e-05,-5.6e-06,7e-05,2.5415430916422302e-05,0
3e-05,-5.2e-06,7e-05,2.5415430916422302e-05,0
3e-05,-4.800000000000001e-06,7e-05,2.5415430916422302e-05,0
3e-05,-4.4e-06,7e-05,2.5415430916422302e-05,0
3e-05,-4.000000000000001e-06,7e-05,2.5415430916422302e-05,0
3e-05,-3.600000000000001e-06,7e-05,2.5415430916422302e-05,0
3e-05,-3.2e-06,7e-05,2.5415430916422302e-05,0
3e-05,-2.8000000000000003e-06,7e-05,2.5415430916422302e-05,0
3e-05,-2.4000000000000007e-06,7e-05,2.5415430916422302e-05,0
3e-05,-1.9999999999999995e-06,7e-05,2.5415430916422302e-05,0
3e-05,-1.6e-06,7e-05,2.5415430916422302e-05,0
3e-05,-1.2000000000000004e-06,7e-05,2.5415430916422302e-05,0
3e-05,-7.999999999999991e-07,7e-05,2.5415430916422302e-05,0
3e-05,-3.9999999999999956e-07,7e-05,2.5415430916422302e-05,0
3e-05,0.0,7e-05,2.5415430916422302e-05,0
3e-05,3.9999999999999956e-07,7e-05,2.5415430916422302e-05,0
3e-05,8.000000000000008e-07,7e-05,2.5415430916422302e-05,0
3e-05,1.2000000000000004e-06,7e-05,2.5415430916422302e-05,0
3e-05,1.6e-06,7e-05,2.5415430916422302e-05,0
3e-05,1.9999999999999995e-06,7e-05,2.5415430916422302e-05,0
3e-05,2.399999999999999e-06,7e-05,2.5415430916422302e-05,0
3e-05,2.8000000000000003e-06,7e-05,2.5415430916422302e-05,0
3e-05,3.2e-06,7e-05,2.5415430916422302e-05,0
3e-05,3.5999999999999994e-06,7e-05,2.5415430916422302e-05,0
3e-05,3.999999999999999e-06,7e-05,2.5415430916422302e-05,0
3e-05,4.400000000000002e-06,7e-05,2.5415430916422302e-05,0
3e-05,4.799999999999998e-06,7e-05,2.5415430916422302e-05,0
3e-05,5.199999999999998e-06,7e-05,2.5415430916422302e-05,0
3e-05,5.600000000000001e-06,7e-05,2.5415430916422302e-05,0
3e-05,6e-06,7e-05,2.5415430916422302e-05,0
3e-05,6.4e-06,7e-05,2.5415430916422302e-05,0
3e-05,6.800000000000003e-06,7e-05,2.5415430916422302e-05,0
3e-05,7.199999999999999e-06,7e-05,2.5415430916422302e-05,0
3e-05,7.599999999999998e-06,7e-05,2.5415430916422302e-05,0
3e-05,8.000000000000001e-06,7e-05,2.5415430916422302e-05,0
3e-05,8.400000000000001e-06,7e-05,2.5415430916422302e-05,0
3e-05,8.8e-06,7e-05,2.5415430916422302e-05,0
3e-05,9.200000000000003e-06,7e-05,2.5415430916422302e-05,0
3e-05,9.6e-06,7e-05,2.5415430916422302e-05,0
3e-05,9.999999999999999e-06,7e-05,2.5415430916422302e-05,0
3e-05,1.0400000000000002e-05,7e-05,2.5415430916422302e-05,0
3e-05,1.0800000000000002e-05,7e-05,2.5415430916422302e-05,0
3e-05,1.1200000000000001e-05,7e-05,2.5415430916422302e-05,0
3e-05,1.1599999999999997e-05,7e-05,2.5415430916422302e-05,0
3e-05,1.2e-05,7e-05,2.5415430916422302e-05,0
