x_m,y_m,z_m,lsf_m,inside_conductor
-3e-05,0.0,5.5e-05,3.1481879299133334e-05,0
-3e-05,0.0,5.615e-05,3.0929669907029746e-05,0
-3e-05,0.0,5.7300000000000004e-05,3.0407933189588367e-05,0
-3e-05,0.0,5.8450000000000005e-05,2.9918118111459527e-05,0
-3e-05,0.0,5.96e-05,2.9460740101642073e-05,0
-3e-05,0.0,6.075e-05,2.9013422259045656e-05,0
-3e-05,0.0,6.19e-05,2.856610441644924e-05,0
-3e-05,0.0,6.305e-05,2.8118786573852822e-05,0
-3e-05,0.0,6.42e-05,2.7671468731256405e-05,0
-3e-05,0.0,6.535e-05,2.7224150888659988e-05,0
-3e-05,0.0,6.65e-05,2.677683304606357e-05,0
-3e-05,0.0,6.765e-05,2.6329515203467153e-05,0
-3e-05,0.0,6.88e-05,2.588219736087073e-05,0
-3e-05,0.0,6.995e-05,2.5434879518274312e-05,0
-3e-05,0.0,7.11e-05,2.4987561675677902e-05,0
-3e-05,0.0,7.225e-05,2.454024383308149e-05,0
-3e-05,0.0,7.34e-05,2.4092925990485068e-05,0
-3e-05,0.0,7.455e-05,2.3645608147888644e-05,0
-3e-05,0.0,7.57e-05,2.3198290305292227e-05,0
-3e-05,0.0,7.685e-05,2.275097246269581e-05,0
-3e-05,0.0,7.8e-05,2.23036546200994e-05,0
-3e-05,0.0,7.915e-05,2.1856336777502975e-05,0
-3e-05,0.0,8.03e-05,2.1409018934906558e-05,0
-3e-05,0.0,8.145e-05,2.096170109231014e-05,0
-3e-05,0.0,8.26e-05,2.0514383249713724e-05,0
-3e-05,0.0,8.375e-05,2.0067065407117307e-05,0
-3e-05,0.0,8.49e-05,1.961974756452089e-05,0
-3e-05,0.0,8.605e-05,1.9172429721924472e-05,0
-3e-05,0.0,8.72e-05,1.8725111879328055e-05,0
-3e-05,0.0,8.835e-05,1.8277794036731638e-05,0
-3e-05,0.0,8.950000000000001e-05,1.7830476194135214e-05,0
-3e-05,0.0,9.065000000000001e-05,1.7383158351538797e-05,0
-3e-05,0.0,9.180000000000001e-05,1.693584050894238e-05,0
-3e-05,0.0,9.295000000000001e-05,1.6488522666345963e-05,0
-3e-05,0.0,9.410000000000001e-05,1.6041204823749545e-05,0
-3e-05,0.0,9.525000000000001e-05,1.559388698115312e-05,0
-3e-05,0.0,9.640000000000001e-05,1.5146569138556704e-05,0
-3e-05,0.0,9.755e-05,1.4699251295960294e-05,0
-3e-05,0.0,9.87e-05,1.4251933453363879e-05,0
-3e-05,0.0,9.985e-05,1.3804615610767458e-05,0
-3e-05,0.0,0.000101,1.3357297768171041e-05,0
-3e-05,0.0,0.00010215,1.2909979925574624e-05,0
-3e-05,0.0,0.0001033,1.246266208297821e-05,0
-3e-05,0.0,0.00010445,1.201534424038179e-05,0
-3e-05,0.0,0.00010559999999999999,1.1568026397785376e-05,0
-3e-05,0.0,0.00010674999999999999,1.112070855518896e-05,0
-3e-05,0.0,0.0001079,1.0673390712592541e-05,0
-3e-05,0.0,0.00010905,1.0226072869996124e-05,0
-3e-05,0.0,0.0001102,9.778755027399707e-06,0
-3e-05,0.0,0.00011135,9.331437184803287e-06,0
-3e-05,0.0,0.0001125,8.884864324004707e-06,0
-3e-05,0.0,0.00011365,8.498804285663788e-06,0
-3e-05,0.0,0.0001148,8.217842929904123e-06,0
-3e-05,0.0,0.00011595,8.049999999999997e-06,0
-3e-05,0.0,0.0001171,8.000454536063498e-06,0
-3e-05,0.0,0.00011825,8.070794912742266e-06,0
-3e-05,0.0,0.0001194,8.258774356030059e-06,0
-3e-05,0.0,0.00012055,8.55865476601841e-06,0
-3e-05,0.0,0.0001217,8.962023240238257e-06,0
-3e-05,0.0,0.00012285,9.458832208517788e-06,0
-3e-05,0.0,0.000124,1.003840481040531e-05,0
-2.9e-05,0.0,5.5e-05,3.061547262794322e-05,0
-2.9e-05,0.0,5.615e-05,3.004878969039562e-05,0
-2.9e-05,0.0,5.7300000000000004e-05,2.9512920508622415e-05,0
-2.9e-05,0.0,5.8450000000000005e-05,2.9009412678148286e-05,0
-2.9e-05,0.0,5.96e-05,2.8539816105995295e-05,0
-2.9e-05,0.0,6.075e-05,2.809217269763427e-05,0
-2.9e-05,0.0,6.19e-05,2.7644854855037854e-05,0
-2.9e-05,0.0,6.305e-05,2.7197537012441436e-05,0
-2.9e-05,0.0,6.42e-05,2.6750219169845012e-05,0
-2.9e-05,0.0,6.535e-05,2.6302901327248595e-05,0
-2.9e-05,0.0,6.65e-05,2.5855583484652178e-05,0
-2.9e-05,0.0,6.765e-05,2.540826564205576e-05,0
-2.9e-05,0.0,6.88e-05,2.4960947799459344e-05,0
-2.9e-05,0.0,6.995e-05,2.4513629956862927e-05,0
-2.9e-05,0.0,7.11e-05,2.4066312114266516e-05,0
-2.9e-05,0.0,7.225e-05,2.3618994271670092e-05,0
-2.9e-05,0.0,7.34e-05,2.3171676429073675e-05,0
-2.9e-05,0.0,7.455e-05,2.2724358586477265e-05,0
-2.9e-05,0.0,7.57e-05,2.227704074388084e-05,0
-2.9e-05,0.0,7.685e-05,2.1829722901284424e-05,0
-2.9e-05,0.0,7.8e-05,2.1382405058688007e-05,0
-2.9e-05,0.0,7.915e-05,2.093508721609159e-05,0
-2.9e-05,0.0,8.03e-05,2.0487769373495172e-05,0
-2.9e-05,0.0,8.145e-05,2.0040451530898755e-05,0
-2.9e-05,0.0,8.26e-05,1.9593133688302338e-05,0
-2.9e-05,0.0,8.375e-05,1.914581584570592e-05,0
-2.9e-05,0.0,8.49e-05,1.8698498003109504e-05,0
-2.9e-05,0.0,8.605e-05,1.825118016051308e-05,0
-2.9e-05,0.0,8.72e-05,1.7803862317916663e-05,0
-2.9e-05,0.0,8.835e-05,1.7356544475320252e-05,0
-2.9e-05,0.0,8.950000000000001e-05,1.690922663272383e-05,0
-2.9e-05,0.0,9.065000000000001e-05,1.646190879012741e-05,0
-2.9e-05,0.0,9.180000000000001e-05,1.6014590947530994e-05,0
-2.9e-05,0.0,9.295000000000001e-05,1.556727310493457e-05,0
-2.9e-05,0.0,9.410000000000001e-05,1.511995526233816e-05,0
-2.9e-05,0.0,9.525000000000001e-05,1.4672637419741743e-05,0
-2.9e-05,0.0,9.640000000000001e-05,1.4225319577145327e-05,0
-2.9e-05,0.0,9.755e-05,1.3778001734548907e-05,0
-2.9e-05,0.0,9.87e-05,1.3330683891952493e-05,0
-2.9e-05,0.0,9.985e-05,1.2883366049356076e-05,0
-2.9e-05,0.0,0.000101,1.2436048206759655e-05,0
-2.9e-05,0.0,0.00010215,1.198873036416324e-05,0
-2.9e-05,0.0,0.0001033,1.1541412521566823e-05,0
-2.9e-05,0.0,0.00010445,1.10940946789704e-05,0
-2.9e-05,0.0,0.00010559999999999999,1.064677683637399e-05,0
-2.9e-05,0.0,0.00010674999999999999,1.0199458993777575e-05,0
-2.9e-05,0.0,0.0001079,9.752141151181158e-06,0
-2.9e-05,0.0,0.00010905,9.304823308584735e-06,0
-2.9e-05,0.0,0.0001102,8.857505465988323e-06,0
-2.9e-05,0.0,0.00011135,8.410187623391906e-06,0
-2.9e-05,0.0,0.0001125,7.962869780795484e-06,0
-2.9e-05,0.0,0.00011365,7.546207849269799e-06,0
-2.9e-05,0.0,0.0001148,7.2391405889361604e-06,0
-2.9e-05,0.0,0.00011595,7.054973893551388e-06,0
-2.9e-05,0.0,0.0001171,7.0004999875006255e-06,0
-2.9e-05,0.0,0.00011825,7.077822185373189e-06,0
-2.9e-05,0.0,0.0001194,7.283968105745956e-06,0
-2.9e-05,0.0,0.00012055,7.611432514038815e-06,0
-2.9e-05,0.0,0.0001217,8.049434374663717e-06,0
-2.9e-05,0.0,0.00012285,8.585443452885186e-06,0
-2.9e-05,0.0,0.000124,9.206555615733714e-06,0
-2.8e-05,0.0,5.5e-05,2.9756678708318396e-05,0
-2.8e-05,0.0,5.615e-05,2.9174873737125994e-05,0
-2.8e-05,0.0,5.7300000000000004e-05,2.862419959461425e-05,0
-2.8e-05,0.0,5.8450000000000005e-05,2.8106309649329992e-05,0
-2.8e-05,0.0,5.96e-05,2.762286727267713e-05,0
-2.8e-05,0.0,6.075e-05,2.7170923136222885e-05,0
-2.8e-05,0.0,6.19e-05,2.6723605293626468e-05,0
-2.8e-05,0.0,6.305e-05,2.6276287451030044e-05,0
-2.8e-05,0.0,6.42e-05,2.5828969608433627e-05,0
-2.8e-05,0.0,6.535e-05,2.538165176583721e-05,0
-2.8e-05,0.0,6.65e-05,2.4934333923240793e-05,0
-2.8e-05,0.0,6.765e-05,2.4487016080644375e-05,0
-2.8e-05,0.0,6.88e-05,2.4039698238047965e-05,0
-2.8e-05,0.0,6.995e-05,2.3592380395451534e-05,0
-2.8e-05,0.0,7.11e-05,2.314506255285513e-05,0
-2.8e-05,0.0,7.225e-05,2.2697744710258714e-05,0
-2.8e-05,0.0,7.34e-05,2.225042686766229e-05,0
-2.8e-05,0.0,7.455e-05,2.1803109025065873e-05,0
-2.8e-05,0.0,7.57e-05,2.1355791182469455e-05,0
-2.8e-05,0.0,7.685e-05,2.090847333987304e-05,0
-2.8e-05,0.0,7.8e-05,2.046115549727662e-05,0
-2.8e-05,0.0,7.915e-05,2.0013837654680204e-05,0
-2.8e-05,0.0,8.03e-05,1.9566519812083787e-05,0
-2.8e-05,0.0,8.145e-05,1.911920196948737e-05,0
-2.8e-05,0.0,8.26e-05,1.8671884126890953e-05,0
-2.8e-05,0.0,8.375e-05,1.8224566284294535e-05,0
-2.8e-05,0.0,8.49e-05,1.7777248441698118e-05,0
-2.8e-05,0.0,8.605e-05,1.7329930599101694e-05,0
-2.8e-05,0.0,8.72e-05,1.6882612756505277e-05,0
-2.8e-05,0.0,8.835e-05,1.643529491390886e-05,0
-2.8e-05,0.0,8.950000000000001e-05,1.5987977071312443e-05,0
-2.8e-05,0.0,9.065000000000001e-05,1.5540659228716026e-05,0
-2.8e-05,0.0,9.180000000000001e-05,1.5093341386119605e-05,0
-2.8e-05,0.0,9.295000000000001e-05,1.4646023543523191e-05,0
-2.8e-05,0.0,9.410000000000001e-05,1.4198705700926773e-05,0
-2.8e-05,0.0,9.525000000000001e-05,1.3751387858330356e-05,0
-2.8e-05,0.0,9.640000000000001e-05,1.3304070015733932e-05,0
-2.8e-05,0.0,9.755e-05,1.2856752173137521e-05,0
-2.8e-05,0.0,9.87e-05,1.2409434330541107e-05,0
-2.8e-05,0.0,9.985e-05,1.196211648794469e-05,0
-2.8e-05,0.0,0.000101,1.151479864534827e-05,0
-2.8e-05,0.0,0.00010215,1.1067480802751851e-05,0
-2.8e-05,0.0,0.0001033,1.0620162960155434e-05,0
-2.8e-05,0.0,0.00010445,1.0172845117559015e-05,0
-2.8e-05,0.0,0.00010559999999999999,9.725527274962603e-06,0
-2.8e-05,0.0,0.00010674999999999999,9.278209432366189e-06,0
-2.8e-05,0.0,0.0001079,8.830891589769772e-06,0
-2.8e-05,0.0,0.00010905,8.38357374717335e-06,0
-2.8e-05,0.0,0.0001102,7.936255904576934e-06,0
-2.8e-05,0.0,0.00011135,7.488938061980518e-06,0
-2.8e-05,0.0,0.0001125,7.041620219384096e-06,0
-2.8e-05,0.0,0.00011365,6.6032546566255285e-06,0
-2.8e-05,0.0,0.0001148,6.26498785752037e-06,0
-2.8e-05,0.0,0.00011595,6.06104298632337e-06,0
-2.8e-05,0.0,0.0001171,6.000555538409837e-06,0
-2.8e-05,0.0,0.00011825,6.086390922693124e-06,0
-2.8e-05,0.0,0.0001194,6.314504817756017e-06,0
-2.8e-05,0.0,0.00012055,6.674838499944076e-06,0
-2.8e-05,0.0,0.0001217,7.153324578678659e-06,0
-2.8e-05,0.0,0.00012285,7.734174397688916e-06,0
-2.8e-05,0.0,0.000124,8.40175425099139e-06,0
-2.7e-05,0.0,5.5e-05,2.8906112267087632e-05,0
-2.7e-05,0.0,5.615e-05,2.8308505234201136e-05,0
-2.7e-05,0.0,5.7300000000000004e-05,2.7742316113136304e-05,0
-2.7e-05,0.0,5.8450000000000005e-05,2.720931147841671e-05,0
-2.7e-05,0.0,5.96e-05,2.6711277320236506e-05,0
-2.7e-05,0.0,6.075e-05,2.6249673574811493e-05,0
-2.7e-05,0.0,6.19e-05,2.5802355732215082e-05,0
-2.7e-05,0.0,6.305e-05,2.5355037889618665e-05,0
-2.7e-05,0.0,6.42e-05,2.4907720047022248e-05,0
-2.7e-05,0.0,6.535e-05,2.4460402204425824e-05,0
-2.7e-05,0.0,6.65e-05,2.4013084361829414e-05,0
-2.7e-05,0.0,6.765e-05,2.3565766519232983e-05,0
-2.7e-05,0.0,6.88e-05,2.3118448676636573e-05,0
-2.7e-05,0.0,6.995e-05,2.2671130834040156e-05,0
-2.7e-05,0.0,7.11e-05,2.2223812991443745e-05,0
-2.7e-05,0.0,7.225e-05,2.177649514884732e-05,0
-2.7e-05,0.0,7.34e-05,2.1329177306250904e-05,0
-2.7e-05,0.0,7.455e-05,2.0881859463654494e-05,0
-2.7e-05,0.0,7.57e-05,2.0434541621058077e-05,0
-2.7e-05,0.0,7.685e-05,1.9987223778461653e-05,0
-2.7e-05,0.0,7.8e-05,1.9539905935865236e-05,0
-2.7e-05,0.0,7.915e-05,1.909258809326882e-05,0
-2.7e-05,0.0,8.03e-05,1.8645270250672395e-05,0
-2.7e-05,0.0,8.145e-05,1.8197952408075984e-05,0
-2.7e-05,0.0,8.26e-05,1.7750634565479567e-05,0
-2.7e-05,0.0,8.375e-05,1.7303316722883143e-05,0
-2.7e-05,0.0,8.49e-05,1.6855998880286726e-05,0
-2.7e-05,0.0,8.605e-05,1.640868103769031e-05,0
-2.7e-05,0.0,8.72e-05,1.596136319509389e-05,0
-2.7e-05,0.0,8.835e-05,1.5514045352497475e-05,0
-2.7e-05,0.0,8.950000000000001e-05,1.5066727509901057e-05,0
-2.7e-05,0.0,9.065000000000001e-05,1.4619409667304637e-05,0
-2.7e-05,0.0,9.180000000000001e-05,1.4172091824708221e-05,0
-2.7e-05,0.0,9.295000000000001e-05,1.3724773982111804e-05,0
-2.7e-05,0.0,9.410000000000001e-05,1.3277456139515384e-05,0
-2.7e-05,0.0,9.525000000000001e-05,1.2830138296918967e-05,0
-2.7e-05,0.0,9.640000000000001e-05,1.2382820454322553e-05,0
-2.7e-05,0.0,9.755e-05,1.1935502611726136e-05,0
-2.7e-05,0.0,9.87e-05,1.1488184769129717e-05,0
-2.7e-05,0.0,9.985e-05,1.1040866926533305e-05,0
-2.7e-05,0.0,0.000101,1.0593549083936888e-05,0
-2.7e-05,0.0,0.00010215,1.0146231241340465e-05,0
-2.7e-05,0.0,0.0001033,9.698913398744048e-06,0
-2.7e-05,0.0,0.00010445,9.251595556147633e-06,0
-2.7e-05,0.0,0.00010559999999999999,8.804277713551222e-06,0
-2.7e-05,0.0,0.00010674999999999999,8.3569598709548e-06,0
-2.7e-05,0.0,0.0001079,7.909642028358383e-06,0
-2.7e-05,0.0,0.00010905,7.462324185761963e-06,0
-2.7e-05,0.0,0.0001102,7.01500634316555e-06,0
-2.7e-05,0.0,0.00011135,6.567688500569132e-06,0
-2.7e-05,0.0,0.0001125,6.120370657972709e-06,0
-2.7e-05,0.0,0.00011365,5.673090567957876e-06,0
-2.7e-05,0.0,0.0001148,5.29698740507661e-06,0
-2.7e-05,0.0,0.00011595,5.0686120243818844e-06,0
-2.7e-05,0.0,0.0001171,5.000624975587842e-06,0
-2.7e-05,0.0,0.00011825,5.097067370350825e-06,0
-2.7e-05,0.0,0.0001194,5.352245207128444e-06,0
-2.7e-05,0.0,0.00012055,5.752285415821406e-06,0
-2.7e-05,0.0,0.0001217,6.2784697014109035e-06,0
-2.7e-05,0.0,0.00012285,6.910726512218982e-06,0
-2.7e-05,0.0,0.000124,7.630145812734662e-06,0
-2.6000000000000002e-05,0.0,5.5e-05,2.8064449134018138e-05,0
-2.6000000000000002e-05,0.0,5.615e-05,2.7450328405454025e-05,0
-2.6000000000000002e-05,0.0,5.7300000000000004e-05,2.6867875719575372e-05,0
-2.6000000000000002e-05,0.0,5.8450000000000005e-05,2.631897849516589e-05,0
-2.6000000000000002e-05,0.0,5.96e-05,2.5805555019822136e-05,0
-2.6000000000000002e-05,0.0,6.075e-05,2.5329534058999275e-05,0
-2.6000000000000002e-05,0.0,6.19e-05,2.4881106170803697e-05,0
-2.6000000000000002e-05,0.0,6.305e-05,2.443378832820728e-05,0
-2.6000000000000002e-05,0.0,6.42e-05,2.3986470485610856e-05,0
-2.6000000000000002e-05,0.0,6.535e-05,2.353915264301444e-05,0
-2.6000000000000002e-05,0.0,6.65e-05,2.3091834800418028e-05,0
-2.6000000000000002e-05,0.0,6.765e-05,2.264451695782161e-05,0
-2.6000000000000002e-05,0.0,6.88e-05,2.2197199115225194e-05,0
-2.6000000000000002e-05,0.0,6.995e-05,2.174988127262877e-05,0
-2.6000000000000002e-05,0.0,7.11e-05,2.130256343003236e-05,0
-2.6000000000000002e-05,0.0,7.225e-05,2.0855245587435943e-05,0
-2.6000000000000002e-05,0.0,7.34e-05,2.0407927744839525e-05,0
-2.6000000000000002e-05,0.0,7.455e-05,1.9960609902243108e-05,0
-2.6000000000000002e-05,0.0,7.57e-05,1.951329205964669e-05,0
-2.6000000000000002e-05,0.0,7.685e-05,1.9065974217050267e-05,0
-2.6000000000000002e-05,0.0,7.8e-05,1.861865637445385e-05,0
-2.6000000000000002e-05,0.0,7.915e-05,1.8171338531857433e-05,0
-2.6000000000000002e-05,0.0,8.03e-05,1.7724020689261023e-05,0
-2.6000000000000002e-05,0.0,8.145e-05,1.7276702846664605e-05,0
-2.6000000000000002e-05,0.0,8.26e-05,1.682938500406818e-05,0
-2.6000000000000002e-05,0.0,8.375e-05,1.6382067161471758e-05,0
-2.6000000000000002e-05,0.0,8.49e-05,1.593474931887534e-05,0
-2.6000000000000002e-05,0.0,8.605e-05,1.5487431476278923e-05,0
-2.6000000000000002e-05,0.0,8.72e-05,1.504011363368251e-05,0
-2.6000000000000002e-05,0.0,8.835e-05,1.4592795791086096e-05,0
-2.6000000000000002e-05,0.0,8.950000000000001e-05,1.4145477948489674e-05,0
-2.6000000000000002e-05,0.0,9.065000000000001e-05,1.3698160105893256e-05,0
-2.6000000000000002e-05,0.0,9.180000000000001e-05,1.3250842263296836e-05,0
-2.6000000000000002e-05,0.0,9.295000000000001e-05,1.2803524420700422e-05,0
-2.6000000000000002e-05,0.0,9.410000000000001e-05,1.2356206578104005e-05,0
-2.6000000000000002e-05,0.0,9.525000000000001e-05,1.1908888735507584e-05,0
-2.6000000000000002e-05,0.0,9.640000000000001e-05,1.1461570892911167e-05,0
-2.6000000000000002e-05,0.0,9.755e-05,1.1014253050314757e-05,0
-2.6000000000000002e-05,0.0,9.87e-05,1.056693520771834e-05,0
-2.6000000000000002e-05,0.0,9.985e-05,1.011961736512192e-05,0
-2.6000000000000002e-05,0.0,0.000101,9.672299522525502e-06,0
-2.6000000000000002e-05,0.0,0.00010215,9.22498167992908e-06,0
-2.6000000000000002e-05,0.0,0.0001033,8.777663837332664e-06,0
-2.6000000000000002e-05,0.0,0.00010445,8.33034599473625e-06,0
-2.6000000000000002e-05,0.0,0.00010559999999999999,7.883028152139837e-06,0
-2.6000000000000002e-05,0.0,0.00010674999999999999,7.435710309543419e-06,0
-2.6000000000000002e-05,0.0,0.0001079,6.988392466947002e-06,0
-2.6000000000000002e-05,0.0,0.00010905,6.5410746243505855e-06,0
-2.6000000000000002e-05,0.0,0.0001102,6.093756781754163e-06,0
-2.6000000000000002e-05,0.0,0.00011135,5.646438939157746e-06,0
-2.6000000000000002e-05,0.0,0.0001125,5.199121096561329e-06,0
-2.6000000000000002e-05,0.0,0.00011365,4.751803253964908e-06,0
-2.6000000000000002e-05,0.0,0.0001148,4.337574531137653e-06,0
-2.6000000000000002e-05,0.0,0.00011595,4.078311945654838e-06,0
-2.6000000000000002e-05,0.0,0.0001171,4.000714249274856e-06,0
-2.6000000000000002e-05,0.0,0.00011825,4.110731326663949e-06,0
-2.6000000000000002e-05,0.0,0.0001194,4.400000000000006e-06,0
-2.6000000000000002e-05,0.0,0.00012055,4.848726011270882e-06,0
-2.6000000000000002e-05,0.0,0.0001217,5.431488599292547e-06,0
-2.6000000000000002e-05,0.0,0.00012285,6.122636680258633e-06,0
-2.6000000000000002e-05,0.0,0.000124,6.899494936611682e-06,0
-2.5e-05,0.0,5.5e-05,2.723243291566195e-05,0
-2.5e-05,0.0,5.615e-05,2.6601055724416318e-05,0
-2.5e-05,0.0,5.7300000000000004e-05,2.6001551682625537e-05,0
-2.5e-05,0.0,5.8450000000000005e-05,2.543593677022088e-05,0
-2.5e-05,0.0,5.96e-05,2.4906271696520122e-05,0
-2.5e-05,0.0,6.075e-05,2.441464024932664e-05,0
-2.5e-05,0.0,6.19e-05,2.395985660939231e-05,0
-2.5e-05,0.0,6.305e-05,2.3512538766795894e-05,0
-2.5e-05,0.0,6.42e-05,2.3065220924199477e-05,0
-2.5e-05,0.0,6.535e-05,2.261790308160306e-05,0
-2.5e-05,0.0,6.65e-05,2.2170585239006643e-05,0
-2.5e-05,0.0,6.765e-05,2.1723267396410226e-05,0
-2.5e-05,0.0,6.88e-05,2.12759495538138e-05,0
-2.5e-05,0.0,6.995e-05,2.0828631711217385e-05,0
-2.5e-05,0.0,7.11e-05,2.0381313868620974e-05,0
-2.5e-05,0.0,7.225e-05,1.993399602602455e-05,0
-2.5e-05,0.0,7.34e-05,1.9486678183428133e-05,0
-2.5e-05,0.0,7.455e-05,1.9039360340831716e-05,0
-2.5e-05,0.0,7.57e-05,1.8592042498235306e-05,0
-2.5e-05,0.0,7.685e-05,1.814472465563889e-05,0
-2.5e-05,0.0,7.8e-05,1.769740681304247e-05,0
-2.5e-05,0.0,7.915e-05,1.7250088970446047e-05,0
-2.5e-05,0.0,8.03e-05,1.6802771127849623e-05,0
-2.5e-05,0.0,8.145e-05,1.6355453285253213e-05,0
-2.5e-05,0.0,8.26e-05,1.590813544265679e-05,0
-2.5e-05,0.0,8.375e-05,1.546081760006038e-05,0
-2.5e-05,0.0,8.49e-05,1.5013499757463958e-05,0
-2.5e-05,0.0,8.605e-05,1.4566181914867538e-05,0
-2.5e-05,0.0,8.72e-05,1.4118864072271122e-05,0
-2.5e-05,0.0,8.835e-05,1.3671546229674702e-05,0
-2.5e-05,0.0,8.950000000000001e-05,1.3224228387078288e-05,0
-2.5e-05,0.0,9.065000000000001e-05,1.277691054448187e-05,0
-2.5e-05,0.0,9.180000000000001e-05,1.2329592701885457e-05,0
-2.5e-05,0.0,9.295000000000001e-05,1.1882274859289033e-05,0
-2.5e-05,0.0,9.410000000000001e-05,1.143495701669262e-05,0
-2.5e-05,0.0,9.525000000000001e-05,1.0987639174096199e-05,0
-2.5e-05,0.0,9.640000000000001e-05,1.0540321331499782e-05,0
-2.5e-05,0.0,9.755e-05,1.009300348890337e-05,0
-2.5e-05,0.0,9.87e-05,9.645685646306953e-06,0
-2.5e-05,0.0,9.985e-05,9.198367803710532e-06,0
-2.5e-05,0.0,0.000101,8.751049961114117e-06,0
-2.5e-05,0.0,0.00010215,8.3037321185177e-06,0
-2.5e-05,0.0,0.0001033,7.856414275921277e-06,0
-2.5e-05,0.0,0.00010445,7.4090964333248626e-06,0
-2.5e-05,0.0,0.00010559999999999999,6.961778590728452e-06,0
-2.5e-05,0.0,0.00010674999999999999,6.514460748132029e-06,0
-2.5e-05,0.0,0.0001079,6.067142905535612e-06,0
-2.5e-05,0.0,0.00010905,5.6198250629391965e-06,0
-2.5e-05,0.0,0.0001102,5.172507220342778e-06,0
-2.5e-05,0.0,0.00011135,4.7251893777463605e-06,0
-2.5e-05,0.0,0.0001125,4.277871535149944e-06,0
-2.5e-05,0.0,0.00011365,3.830553692553527e-06,0
-2.5e-05,0.0,0.0001148,3.390618123468178e-06,0
-2.5e-05,0.0,0.00011595,3.0911821512740832e-06,0
-2.5e-05,0.0,0.0001171,3.0008332754709993e-06,0
-2.5e-05,0.0,0.00011825,3.128825336065635e-06,0
-2.5e-05,0.0,0.0001194,3.4621977685614118e-06,0
-2.5e-05,0.0,0.00012055,3.971549325652092e-06,0
-2.5e-05,0.0,0.0001217,4.6216796049165035e-06,0
-2.5e-05,0.0,0.00012285,5.379886634078067e-06,0
-2.5e-05,0.0,0.000124,6.219544457292904e-06,0
-2.4e-05,0.0,5.5e-05,2.6410882339705483e-05,0
-2.4e-05,0.0,5.615e-05,2.5761475970471335e-05,0
-2.4e-05,0.0,5.7300000000000004e-05,2.5144093518889534e-05,0
-2.4e-05,0.0,5.8450000000000005e-05,2.4560887141019244e-05,0
-2.4e-05,0.0,5.96e-05,2.4014070407844876e-05,0
-2.4e-05,0.0,6.075e-05,2.3505895570608442e-05,0
-2.4e-05,0.0,6.19e-05,2.303860704798092e-05,0
-2.4e-05,0.0,6.305e-05,2.259128920538451e-05,0
-2.4e-05,0.0,6.42e-05,2.2143971362788085e-05,0
-2.4e-05,0.0,6.535e-05,2.1696653520191674e-05,0
-2.4e-05,0.0,6.65e-05,2.124933567759525e-05,0
-2.4e-05,0.0,6.765e-05,2.0802017834998833e-05,0
-2.4e-05,0.0,6.88e-05,2.0354699992402416e-05,0
-2.4e-05,0.0,6.995e-05,1.9907382149806e-05,0
-2.4e-05,0.0,7.11e-05,1.946006430720959e-05,0
-2.4e-05,0.0,7.225e-05,1.9012746464613165e-05,0
-2.4e-05,0.0,7.34e-05,1.8565428622016748e-05,0
-2.4e-05,0.0,7.455e-05,1.8118110779420337e-05,0
-2.4e-05,0.0,7.57e-05,1.7670792936823913e-05,0
-2.4e-05,0.0,7.685e-05,1.7223475094227496e-05,0
-2.4e-05,0.0,7.8e-05,1.677615725163108e-05,0
-2.4e-05,0.0,7.915e-05,1.6328839409034662e-05,0
-2.4e-05,0.0,8.03e-05,1.5881521566438245e-05,0
-2.4e-05,0.0,8.145e-05,1.5434203723841828e-05,0
-2.4e-05,0.0,8.26e-05,1.4986885881245404e-05,0
-2.4e-05,0.0,8.375e-05,1.4539568038648993e-05,0
-2.4e-05,0.0,8.49e-05,1.4092250196052568e-05,0
-2.4e-05,0.0,8.605e-05,1.3644932353456154e-05,0
-2.4e-05,0.0,8.72e-05,1.319761451085974e-05,0
-2.4e-05,0.0,8.835e-05,1.2750296668263323e-05,0
-2.4e-05,0.0,8.950000000000001e-05,1.2302978825666899e-05,0
-2.4e-05,0.0,9.065000000000001e-05,1.1855660983070485e-05,0
-2.4e-05,0.0,9.180000000000001e-05,1.1408343140474068e-05,0
-2.4e-05,0.0,9.295000000000001e-05,1.0961025297877646e-05,0
-2.4e-05,0.0,9.410000000000001e-05,1.0513707455281232e-05,0
-2.4e-05,0.0,9.525000000000001e-05,1.0066389612684815e-05,0
-2.4e-05,0.0,9.640000000000001e-05,9.619071770088393e-06,0
-2.4e-05,0.0,9.755e-05,9.171753927491982e-06,0
-2.4e-05,0.0,9.87e-05,8.724436084895567e-06,0
-2.4e-05,0.0,9.985e-05,8.27711824229915e-06,0
-2.4e-05,0.0,0.000101,7.82980039970273e-06,0
-2.4e-05,0.0,0.00010215,7.382482557106313e-06,0
-2.4e-05,0.0,0.0001033,6.9351647145098925e-06,0
-2.4e-05,0.0,0.00010445,6.487846871913476e-06,0
-2.4e-05,0.0,0.00010559999999999999,6.040529029317062e-06,0
-2.4e-05,0.0,0.00010674999999999999,5.5932111867206436e-06,0
-2.4e-05,0.0,0.0001079,5.145893344124226e-06,0
-2.4e-05,0.0,0.00010905,4.698575501527811e-06,0
-2.4e-05,0.0,0.0001102,4.251257658931394e-06,0
-2.4e-05,0.0,0.00011135,3.8039398163349724e-06,0
-2.4e-05,0.0,0.0001125,3.3566219737385553e-06,0
-2.4e-05,0.0,0.00011365,2.9093041311421424e-06,0
-2.4e-05,0.0,0.0001148,2.46198628854572e-06,0
-2.4e-05,0.0,0.00011595,2.1090605790105838e-06,0
-2.4e-05,0.0,0.0001171,2.000999900019995e-06,0
-2.4e-05,0.0,0.00011825,2.1538820320220795e-06,0
-2.4e-05,0.0,0.0001194,2.5461698495448265e-06,0
-2.4e-05,0.0,0.00012055,3.1320877358368026e-06,0
-2.4e-05,0.0,0.0001217,3.862215385719118e-06,0
-2.4e-05,0.0,0.00012285,4.6956156348923926e-06,0
-2.4e-05,0.0,0.000124,5.602325267042643e-06,0
-2.3e-05,0.0,5.5e-05,2.5600699292150186e-05,0
-2.3e-05,0.0,5.615e-05,2.4932463192493426e-05,0
-2.3e-05,0.0,5.7300000000000004e-05,2.42963367505605e-05,0
-2.3e-05,0.0,5.8450000000000005e-05,2.369461556194432e-05,0
-2.3e-05,0.0,5.96e-05,2.312967661491432e-05,0
-2.3e-05,0.0,6.075e-05,2.2603954772651823e-05,0
-2.3e-05,0.0,6.19e-05,2.2119912420229495e-05,0
-2.3e-05,0.0,6.305e-05,2.1670039643973116e-05,0
-2.3e-05,0.0,6.42e-05,2.12227218013767e-05,0
-2.3e-05,0.0,6.535e-05,2.0775403958780282e-05,0
-2.3e-05,0.0,6.65e-05,2.0328086116183865e-05,0
-2.3e-05,0.0,6.765e-05,1.9880768273587448e-05,0
-2.3e-05,0.0,6.88e-05,1.9433450430991037e-05,0
-2.3e-05,0.0,6.995e-05,1.8986132588394613e-05,0
-2.3e-05,0.0,7.11e-05,1.8538814745798203e-05,0
-2.3e-05,0.0,7.225e-05,1.8091496903201786e-05,0
-2.3e-05,0.0,7.34e-05,1.7644179060605362e-05,0
-2.3e-05,0.0,7.455e-05,1.7196861218008945e-05,0
-2.3e-05,0.0,7.57e-05,1.6749543375412528e-05,0
-2.3e-05,0.0,7.685e-05,1.630222553281611e-05,0
-2.3e-05,0.0,7.8e-05,1.5854907690219693e-05,0
-2.3e-05,0.0,7.915e-05,1.5407589847623276e-05,0
-2.3e-05,0.0,8.03e-05,1.4960272005026859e-05,0
-2.3e-05,0.0,8.145e-05,1.4512954162430439e-05,0
-2.3e-05,0.0,8.26e-05,1.4065636319834023e-05,0
-2.3e-05,0.0,8.375e-05,1.3618318477237606e-05,0
-2.3e-05,0.0,8.49e-05,1.3171000634641189e-05,0
-2.3e-05,0.0,8.605e-05,1.2723682792044768e-05,0
-2.3e-05,0.0,8.72e-05,1.2276364949448355e-05,0
-2.3e-05,0.0,8.835e-05,1.1829047106851934e-05,0
-2.3e-05,0.0,8.950000000000001e-05,1.1381729264255513e-05,0
-2.3e-05,0.0,9.065000000000001e-05,1.09344114216591e-05,0
-2.3e-05,0.0,9.180000000000001e-05,1.0487093579062681e-05,0
-2.3e-05,0.0,9.295000000000001e-05,1.0039775736466267e-05,0
-2.3e-05,0.0,9.410000000000001e-05,9.592457893869845e-06,0
-2.3e-05,0.0,9.525000000000001e-05,9.145140051273424e-06,0
-2.3e-05,0.0,9.640000000000001e-05,8.697822208677007e-06,0
-2.3e-05,0.0,9.755e-05,8.250504366080595e-06,0
-2.3e-05,0.0,9.87e-05,7.80318652348418e-06,0
-2.3e-05,0.0,9.985e-05,7.35586868088776e-06,0
-2.3e-05,0.0,0.000101,6.908550838291343e-06,0
-2.3e-05,0.0,0.00010215,6.461232995694925e-06,0
-2.3e-05,0.0,0.0001033,6.0139151530985095e-06,0
-2.3e-05,0.0,0.00010445,5.566597310502089e-06,0
-2.3e-05,0.0,0.00010559999999999999,5.119279467905677e-06,0
-2.3e-05,0.0,0.00010674999999999999,4.67196162530926e-06,0
-2.3e-05,0.0,0.0001079,4.224643782712838e-06,0
-2.3e-05,0.0,0.00010905,3.777325940116422e-06,0
-2.3e-05,0.0,0.0001102,3.3300080975200083e-06,0
-2.3e-05,0.0,0.00011135,2.882690254923587e-06,0
-2.3e-05,0.0,0.0001125,2.4353724123271697e-06,0
-2.3e-05,0.0,0.00011365,1.9880545697307535e-06,0
-2.3e-05,0.0,0.0001148,1.540736727134331e-06,0
-2.3e-05,0.0,0.00011595,1.1355168963504375e-06,0
-2.3e-05,0.0,0.0001171,1.0012498047485106e-06,0
-2.3e-05,0.0,0.00011825,1.1907636535600561e-06,0
-2.3e-05,0.0,0.0001194,1.6647615158762486e-06,0
-2.3e-05,0.0,0.00012055,2.348130514488228e-06,0
-2.3e-05,0.0,0.0001217,3.171709649683803e-06,0
-2.3e-05,0.0,0.00012285,4.086783473480774e-06,0
-2.3e-05,0.0,0.000124,5.062257748298567e-06,0
-2.2e-05,0.0,5.5e-05,2.4802877548915686e-05,0
-2.2e-05,0.0,5.615e-05,2.4114986631012743e-05,0
-2.2e-05,0.0,5.7300000000000004e-05,2.34592138961081e-05,0
-2.2e-05,0.0,5.8450000000000005e-05,2.283800495394333e-05,0
-2.2e-05,0.0,5.96e-05,2.2253910588263353e-05,0
-2.2e-05,0.0,6.075e-05,2.1709562926122347e-05,0
-2.2e-05,0.0,6.19e-05,2.1207643421035434e-05,0
-2.2e-05,0.0,6.305e-05,2.074879008256173e-05,0
-2.2e-05,0.0,6.42e-05,2.030147223996532e-05,0
-2.2e-05,0.0,6.535e-05,1.9854154397368896e-05,0
-2.2e-05,0.0,6.65e-05,1.9406836554772486e-05,0
-2.2e-05,0.0,6.765e-05,1.8959518712176062e-05,0
-2.2e-05,0.0,6.88e-05,1.8512200869579645e-05,0
-2.2e-05,0.0,6.995e-05,1.8064883026983228e-05,0
-2.2e-05,0.0,7.11e-05,1.761756518438681e-05,0
-2.2e-05,0.0,7.225e-05,1.7170247341790394e-05,0
-2.2e-05,0.0,7.34e-05,1.6722929499193976e-05,0
-2.2e-05,0.0,7.455e-05,1.6275611656597566e-05,0
-2.2e-05,0.0,7.57e-05,1.5828293814001142e-05,0
-2.2e-05,0.0,7.685e-05,1.5380975971404718e-05,0
-2.2e-05,0.0,7.8e-05,1.4933658128808301e-05,0
-2.2e-05,0.0,7.915e-05,1.4486340286211887e-05,0
-2.2e-05,0.0,8.03e-05,1.4039022443615475e-05,0
-2.2e-05,0.0,8.145e-05,1.3591704601019055e-05,0
-2.2e-05,0.0,8.26e-05,1.3144386758422638e-05,0
-2.2e-05,0.0,8.375e-05,1.2697068915826217e-05,0
-2.2e-05,0.0,8.49e-05,1.2249751073229803e-05,0
-2.2e-05,0.0,8.605e-05,1.1802433230633381e-05,0
-2.2e-05,0.0,8.72e-05,1.1355115388036966e-05,0
-2.2e-05,0.0,8.835e-05,1.0907797545440548e-05,0
-2.2e-05,0.0,8.950000000000001e-05,1.0460479702844128e-05,0
-2.2e-05,0.0,9.065000000000001e-05,1.0013161860247712e-05,0
-2.2e-05,0.0,9.180000000000001e-05,9.565844017651294e-06,0
-2.2e-05,0.0,9.295000000000001e-05,9.118526175054875e-06,0
-2.2e-05,0.0,9.410000000000001e-05,8.67120833245846e-06,0
-2.2e-05,0.0,9.525000000000001e-05,8.22389048986204e-06,0
-2.2e-05,0.0,9.640000000000001e-05,7.776572647265625e-06,0
-2.2e-05,0.0,9.755e-05,7.329254804669209e-06,0
-2.2e-05,0.0,9.87e-05,6.881936962072793e-06,0
-2.2e-05,0.0,9.985e-05,6.434619119476375e-06,0
-2.2e-05,0.0,0.000101,5.987301276879955e-06,0
-2.2e-05,0.0,0.00010215,5.539983434283539e-06,0
-2.2e-05,0.0,0.0001033,5.092665591687124e-06,0
-2.2e-05,0.0,0.00010445,4.645347749090702e-06,0
-2.2e-05,0.0,0.00010559999999999999,4.198029906494291e-06,0
-2.2e-05,0.0,0.00010674999999999999,3.750712063897875e-06,0
-2.2e-05,0.0,0.0001079,3.303394221301458e-06,0
-2.2e-05,0.0,0.00010905,2.8560763787050365e-06,0
-2.2e-05,0.0,0.0001102,2.4087585361086193e-06,0
-2.2e-05,0.0,0.00011135,1.961440693512203e-06,0
-2.2e-05,0.0,0.0001125,1.514122850915784e-06,0
-2.2e-05,0.0,0.00011365,1.0668050083193677e-06,0
-2.2e-05,0.0,0.0001148,6.194871657229512e-07,0
-2.2e-05,0.0,0.00011595,1.784430150625569e-07,0
-2.2e-05,0.0,0.0001171,1.6662039607257643e-09,0
-2.2e-05,0.0,0.00011825,2.500000000000048e-07,0
-2.2e-05,0.0,0.0001194,8.418745424597192e-07,0
-2.2e-05,0.0,0.00012055,1.647848964843858e-06,0
-2.2e-05,0.0,0.0001217,2.575840743780275e-06,0
-2.2e-05,0.0,0.00012285,3.574382100243355e-06,0
-2.2e-05,0.0,0.000124,4.615773105863927e-06,0
-2.1000000000000002e-05,0.0,5.5e-05,2.4018512172212593e-05,0
-2.1000000000000002e-05,0.0,5.615e-05,2.331012162647676e-05,0
-2.1000000000000002e-05,0.0,5.7300000000000004e-05,2.2633766793040777e-05,0
-2.1000000000000002e-05,0.0,5.8450000000000005e-05,2.1992048735547874e-05,0
-2.1000000000000002e-05,0.0,5.96e-05,2.138770181874463e-05,0
-2.1000000000000002e-05,0.0,6.075e-05,2.082357026140289e-05,0
-2.1000000000000002e-05,0.0,6.19e-05,2.0302574965011918e-05,0
-2.1000000000000002e-05,0.0,6.305e-05,1.982766961386992e-05,0
-2.1000000000000002e-05,0.0,6.42e-05,1.9380222678553928e-05,0
-2.1000000000000002e-05,0.0,6.535e-05,1.893290483595751e-05,0
-2.1000000000000002e-05,0.0,6.65e-05,1.8485586993361094e-05,0
-2.1000000000000002e-05,0.0,6.765e-05,1.8038269150764677e-05,0
-2.1000000000000002e-05,0.0,6.88e-05,1.7590951308168266e-05,0
-2.1000000000000002e-05,0.0,6.995e-05,1.7143633465571842e-05,0
-2.1000000000000002e-05,0.0,7.11e-05,1.6696315622975432e-05,0
-2.1000000000000002e-05,0.0,7.225e-05,1.6248997780379015e-05,0
-2.1000000000000002e-05,0.0,7.34e-05,1.5801679937782598e-05,0
-2.1000000000000002e-05,0.0,7.455e-05,1.5354362095186174e-05,0
-2.1000000000000002e-05,0.0,7.57e-05,1.4907044252589753e-05,0
-2.1000000000000002e-05,0.0,7.685e-05,1.445972640999334e-05,0
-2.1000000000000002e-05,0.0,7.8e-05,1.401240856739692e-05,0
-2.1000000000000002e-05,0.0,7.915e-05,1.3565090724800507e-05,0
-2.1000000000000002e-05,0.0,8.03e-05,1.311777288220409e-05,0
-2.1000000000000002e-05,0.0,8.145e-05,1.267045503960767e-05,0
-2.1000000000000002e-05,0.0,8.26e-05,1.2223137197011255e-05,0
-2.1000000000000002e-05,0.0,8.375e-05,1.1775819354414833e-05,0
-2.1000000000000002e-05,0.0,8.49e-05,1.1328501511818416e-05,0
-2.1000000000000002e-05,0.0,8.605e-05,1.0881183669222e-05,0
-2.1000000000000002e-05,0.0,8.72e-05,1.0433865826625585e-05,0
-2.1000000000000002e-05,0.0,8.835e-05,9.986547984029165e-06,0
-2.1000000000000002e-05,0.0,8.950000000000001e-05,9.53923014143275e-06,0
-2.1000000000000002e-05,0.0,9.065000000000001e-05,9.091912298836327e-06,0
-2.1000000000000002e-05,0.0,9.180000000000001e-05,8.64459445623991e-06,0
-2.1000000000000002e-05,0.0,9.295000000000001e-05,8.197276613643494e-06,0
-2.1000000000000002e-05,0.0,9.410000000000001e-05,7.749958771047079e-06,0
-2.1000000000000002e-05,0.0,9.525000000000001e-05,7.3026409284506575e-06,0
-2.1000000000000002e-05,0.0,9.640000000000001e-05,6.85532308585424e-06,0
-2.1000000000000002e-05,0.0,9.755e-05,6.408005243257829e-06,0
-2.1000000000000002e-05,0.0,9.87e-05,5.96068740066141e-06,0
-2.1000000000000002e-05,0.0,9.985e-05,5.513369558064993e-06,0
-2.1000000000000002e-05,0.0,0.000101,5.066051715468571e-06,0
-2.1000000000000002e-05,0.0,0.00010215,4.618733872872155e-06,0
-2.1000000000000002e-05,0.0,0.0001033,4.171416030275738e-06,0
-2.1000000000000002e-05,0.0,0.00010445,3.724098187679321e-06,0
-2.1000000000000002e-05,0.0,0.00010559999999999999,3.2767803450829058e-06,0
-2.1000000000000002e-05,0.0,0.00010674999999999999,2.8294625024864895e-06,0
-2.1000000000000002e-05,0.0,0.0001079,2.3821446598900723e-06,0
-2.1000000000000002e-05,0.0,0.00010905,1.9348268172936543e-06,0
-2.1000000000000002e-05,0.0,0.0001102,1.487508974697237e-06,0
-2.1000000000000002e-05,0.0,0.00011135,1.0401911321008207e-06,0
-2.1000000000000002e-05,0.0,0.0001125,5.928732895043991e-07,0
-2.1000000000000002e-05,0.0,0.00011365,1.4555544690798235e-07,0
-2.1000000000000002e-05,0.0,0.0001148,-3.0176239568843437e-07,1
-2.1000000000000002e-05,0.0,0.00011595,-7.490802382848562e-07,1
-2.1000000000000002e-05,0.0,0.0001171,-9.975015605499195e-07,1
-2.1000000000000002e-05,0.0,0.00011825,-6.415047169858391e-07,1
-2.1000000000000002e-05,0.0,0.0001194,1.2409987036267617e-07,0
-2.1000000000000002e-05,0.0,0.00012055,1.0746165463758837e-06,0
-2.1000000000000002e-05,0.0,0.0001217,2.1078371156488717e-06,0
-2.1000000000000002e-05,0.0,0.00012285,3.1824347954507565e-06,0
-2.1000000000000002e-05,0.0,0.000124,4.280109889280539e-06,0
-1.9999999999999998e-05,0.0,5.5e-05,2.324880949681337e-05,0
-1.9999999999999998e-05,0.0,5.615e-05,2.2519061503119586e-05,0
-1.9999999999999998e-05,0.0,5.7300000000000004e-05,2.18211603274303e-05,0
-1.9999999999999998e-05,0.0,5.8450000000000005e-05,2.1157866213720117e-05,0
-1.9999999999999998e-05,0.0,5.96e-05,2.0532105728132364e-05,0
-1.9999999999999998e-05,0.0,6.075e-05,1.9946949688357274e-05,0
-1.9999999999999998e-05,0.0,6.19e-05,1.9405579662218068e-05,0
-1.9999999999999998e-05,0.0,6.305e-05,1.8911241407095122e-05,0
-1.9999999999999998e-05,0.0,6.42e-05,1.8458973117142543e-05,0
-1.9999999999999998e-05,0.0,6.535e-05,1.8011655274546132e-05,0
-1.9999999999999998e-05,0.0,6.65e-05,1.7564337431949708e-05,0
-1.9999999999999998e-05,0.0,6.765e-05,1.711701958935329e-05,0
-1.9999999999999998e-05,0.0,6.88e-05,1.6669701746756867e-05,0
-1.9999999999999998e-05,0.0,6.995e-05,1.622238390416045e-05,0
-1.9999999999999998e-05,0.0,7.11e-05,1.5775066061564046e-05,0
-1.9999999999999998e-05,0.0,7.225e-05,1.5327748218967622e-05,0
-1.9999999999999998e-05,0.0,7.34e-05,1.4880430376371202e-05,0
-1.9999999999999998e-05,0.0,7.455e-05,1.4433112533774785e-05,0
-1.9999999999999998e-05,0.0,7.57e-05,1.3985794691178373e-05,0
-1.9999999999999998e-05,0.0,7.685e-05,1.3538476848581956e-05,0
-1.9999999999999998e-05,0.0,7.8e-05,1.3091159005985538e-05,0
-1.9999999999999998e-05,0.0,7.915e-05,1.2643841163389118e-05,0
-1.9999999999999998e-05,0.0,8.03e-05,1.2196523320792697e-05,0
-1.9999999999999998e-05,0.0,8.145e-05,1.174920547819628e-05,0
-1.9999999999999998e-05,0.0,8.26e-05,1.1301887635599865e-05,0
-1.9999999999999998e-05,0.0,8.375e-05,1.085456979300345e-05,0
-1.9999999999999998e-05,0.0,8.49e-05,1.0407251950407027e-05,0
-1.9999999999999998e-05,0.0,8.605e-05,9.95993410781061e-06,0
-1.9999999999999998e-05,0.0,8.72e-05,9.51261626521419e-06,0
-1.9999999999999998e-05,0.0,8.835e-05,9.065298422617774e-06,0
-1.9999999999999998e-05,0.0,8.950000000000001e-05,8.617980580021359e-06,0
-1.9999999999999998e-05,0.0,9.065000000000001e-05,8.170662737424941e-06,0
-1.9999999999999998e-05,0.0,9.180000000000001e-05,7.723344894828521e-06,0
-1.9999999999999998e-05,0.0,9.295000000000001e-05,7.2760270522321046e-06,0
-1.9999999999999998e-05,0.0,9.410000000000001e-05,6.828709209635684e-06,0
-1.9999999999999998e-05,0.0,9.525000000000001e-05,6.381391367039268e-06,0
-1.9999999999999998e-05,0.0,9.640000000000001e-05,5.934073524442852e-06,0
-1.9999999999999998e-05,0.0,9.755e-05,5.486755681846435e-06,0
-1.9999999999999998e-05,0.0,9.87e-05,5.039437839250018e-06,0
-1.9999999999999998e-05,0.0,9.985e-05,4.5921199966536025e-06,0
-1.9999999999999998e-05,0.0,0.000101,4.144802154057188e-06,0
-1.9999999999999998e-05,0.0,0.00010215,3.6974843114607657e-06,0
-1.9999999999999998e-05,0.0,0.0001033,3.2501664688643494e-06,0
-1.9999999999999998e-05,0.0,0.00010445,2.802848626267927e-06,0
-1.9999999999999998e-05,0.0,0.00010559999999999999,2.355530783671517e-06,0
-1.9999999999999998e-05,0.0,0.00010674999999999999,1.9082129410751005e-06,0
-1.9999999999999998e-05,0.0,0.0001079,1.460895098478684e-06,0
-1.9999999999999998e-05,0.0,0.00010905,1.0135772558822618e-06,0
-1.9999999999999998e-05,0.0,0.0001102,5.662594132858457e-07,0
-1.9999999999999998e-05,0.0,0.00011135,1.1894157068943194e-07,0
-1.9999999999999998e-05,0.0,0.0001125,-3.2837627190698986e-07,1
-1.9999999999999998e-05,0.0,0.00011365,-7.756941145034062e-07,1
-1.9999999999999998e-05,0.0,0.0001148,-1.2230119570998229e-06,1
-1.9999999999999998e-05,0.0,0.00011595,-1.6703297996962447e-06,1
-1.9999999999999998e-05,0.0,0.0001171,-1.995012437887912e-06,1
-1.9999999999999998e-05,0.0,0.00011825,-1.3992189406417765e-06,1
-1.9999999999999998e-05,0.0,0.0001194,-3.9999999999998474e-07,1
-1.9999999999999998e-05,0.0,0.00012055,6.881567211820224e-07,0
-1.9999999999999998e-05,0.0,0.0001217,1.8052055106936037e-06,0
-1.9999999999999998e-05,0.0,0.00012285,2.934854673873677e-06,0
-1.9999999999999998e-05,0.0,0.000124,4.071067811865496e-06,0
-1.9e-05,0.0,5.5e-05,2.2495097567963922e-05,0
-1.9e-05,0.0,5.615e-05,2.174313035975844e-05,0
-1.9e-05,0.0,5.7300000000000004e-05,2.1022697600394507e-05,0
-1.9e-05,0.0,5.8450000000000005e-05,2.0336719992321117e-05,0
-1.9e-05,0.0,5.96e-05,1.96883229878279e-05,0
-1.9e-05,0.0,6.075e-05,1.9080817466751544e-05,0
-1.9e-05,0.0,6.19e-05,1.8517667159801504e-05,0
-1.9e-05,0.0,6.305e-05,1.800244033439924e-05,0
-1.9e-05,0.0,6.42e-05,1.7537723555731164e-05,0
-1.9e-05,0.0,6.535e-05,1.709040571313474e-05,0
-1.9e-05,0.0,6.65e-05,1.6643087870538323e-05,0
-1.9e-05,0.0,6.765e-05,1.6195770027941906e-05,0
-1.9e-05,0.0,6.88e-05,1.5748452185345495e-05,0
-1.9e-05,0.0,6.995e-05,1.530113434274907e-05,0
-1.9e-05,0.0,7.11e-05,1.4853816500152654e-05,0
-1.9e-05,0.0,7.225e-05,1.440649865755624e-05,0
-1.9e-05,0.0,7.34e-05,1.3959180814959828e-05,0
-1.9e-05,0.0,7.455e-05,1.3511862972363404e-05,0
-1.9e-05,0.0,7.57e-05,1.3064545129766987e-05,0
-1.9e-05,0.0,7.685e-05,1.2617227287170567e-05,0
-1.9e-05,0.0,7.8e-05,1.216990944457415e-05,0
-1.9e-05,0.0,7.915e-05,1.1722591601977736e-05,0
-1.9e-05,0.0,8.03e-05,1.127527375938132e-05,0
-1.9e-05,0.0,8.145e-05,1.0827955916784896e-05,0
-1.9e-05,0.0,8.26e-05,1.0380638074188481e-05,0
-1.9e-05,0.0,8.375e-05,9.93332023159206e-06,0
-1.9e-05,0.0,8.49e-05,9.486002388995643e-06,0
-1.9e-05,0.0,8.605e-05,9.038684546399226e-06,0
-1.9e-05,0.0,8.72e-05,8.59136670380281e-06,0
-1.9e-05,0.0,8.835e-05,8.14404886120639e-06,0
-1.9e-05,0.0,8.950000000000001e-05,7.696731018609975e-06,0
-1.9e-05,0.0,9.065000000000001e-05,7.249413176013553e-06,0
-1.9e-05,0.0,9.180000000000001e-05,6.802095333417138e-06,0
-1.9e-05,0.0,9.295000000000001e-05,6.3547774908207216e-06,0
-1.9e-05,0.0,9.410000000000001e-05,5.907459648224304e-06,0
-1.9e-05,0.0,9.525000000000001e-05,5.460141805627884e-06,0
-1.9e-05,0.0,9.640000000000001e-05,5.0128239630314684e-06,0
-1.9e-05,0.0,9.755e-05,4.5655061204350555e-06,0
-1.9e-05,0.0,9.87e-05,4.118188277838641e-06,0
-1.9e-05,0.0,9.985e-05,3.6708704352422187e-06,0
-1.9e-05,0.0,0.000101,3.2235525926458024e-06,0
-1.9e-05,0.0,0.00010215,2.77623475004938e-06,0
-1.9e-05,0.0,0.0001033,2.328916907452964e-06,0
-1.9e-05,0.0,0.00010445,1.881599064856549e-06,0
-1.9e-05,0.0,0.00010559999999999999,1.434281222260137e-06,0
-1.9e-05,0.0,0.00010674999999999999,9.869633796637148e-07,0
-1.9e-05,0.0,0.0001079,5.396455370672987e-07,0
-1.9e-05,0.0,0.00010905,9.232769447088492e-08,0
-1.9e-05,0.0,0.0001102,-3.549901481255369e-07,1
-1.9e-05,0.0,0.00011135,-8.023079907219536e-07,1
-1.9e-05,0.0,0.0001125,-1.24962583331837e-06,1
-1.9e-05,0.0,0.00011365,-1.696943675914792e-06,1
-1.9e-05,0.0,0.0001148,-2.1442615185112084e-06,1
-1.9e-05,0.0,0.00011595,-2.5915793611076218e-06,1
-1.9e-05,0.0,0.0001171,-2.899999999999984e-06,1
-1.9e-05,0.0,0.00011825,-1.7499999999999832e-06,1
-1.9e-05,0.0,0.0001194,-5.999999999999824e-07,1
-1.9e-05,0.0,0.00012055,5.500000000000185e-07,0
-1.9e-05,0.0,0.0001217,1.700000000000019e-06,0
-1.9e-05,0.0,0.00012285,2.85000000000002e-06,0
-1.9e-05,0.0,0.000124,4.000000000000021e-06,0
-1.8e-05,0.0,5.5e-05,2.1758836806279893e-05,0
-1.8e-05,0.0,5.615e-05,2.098379661354724e-05,0
-1.8e-05,0.0,5.7300000000000004e-05,2.0239836488237178e-05,0
-1.8e-05,0.0,5.8450000000000005e-05,1.9530035508183292e-05,0
-1.8e-05,0.0,5.96e-05,1.88577217477028e-05,0
-1.8e-05,0.0,6.075e-05,1.822645754712736e-05,0
-1.8e-05,0.0,6.19e-05,1.7640009689920206e-05,0
-1.8e-05,0.0,6.305e-05,1.710230086333403e-05,0
-1.8e-05,0.0,6.42e-05,1.661733926912618e-05,0
-1.8e-05,0.0,6.535e-05,1.616915615172336e-05,0
-1.8e-05,0.0,6.65e-05,1.5721838309126944e-05,0
-1.8e-05,0.0,6.765e-05,1.527452046653052e-05,0
-1.8e-05,0.0,6.88e-05,1.4827202623934103e-05,0
-1.8e-05,0.0,6.995e-05,1.4379884781337679e-05,0
-1.8e-05,0.0,7.11e-05,1.393256693874127e-05,0
-1.8e-05,0.0,7.225e-05,1.3485249096144856e-05,0
-1.8e-05,0.0,7.34e-05,1.3037931253548433e-05,0
-1.8e-05,0.0,7.455e-05,1.2590613410952019e-05,0
-1.8e-05,0.0,7.57e-05,1.21432955683556e-05,0
-1.8e-05,0.0,7.685e-05,1.1695977725759185e-05,0
-1.8e-05,0.0,7.8e-05,1.1248659883162764e-05,0
-1.8e-05,0.0,7.915e-05,1.0801342040566349e-05,0
-1.8e-05,0.0,8.03e-05,1.0354024197969928e-05,0
-1.8e-05,0.0,8.145e-05,9.90670635537351e-06,0
-1.8e-05,0.0,8.26e-05,9.459388512777094e-06,0
-1.8e-05,0.0,8.375e-05,9.012070670180678e-06,0
-1.8e-05,0.0,8.49e-05,8.564752827584261e-06,0
-1.8e-05,0.0,8.605e-05,8.117434984987842e-06,0
-1.8e-05,0.0,8.72e-05,7.67011714239142e-06,0
-1.8e-05,0.0,8.835e-05,7.222799299795004e-06,0
-1.8e-05,0.0,8.950000000000001e-05,6.775481457198588e-06,0
-1.8e-05,0.0,9.065000000000001e-05,6.328163614602172e-06,0
-1.8e-05,0.0,9.180000000000001e-05,5.880845772005755e-06,0
-1.8e-05,0.0,9.295000000000001e-05,5.433527929409334e-06,0
-1.8e-05,0.0,9.410000000000001e-05,4.986210086812919e-06,0
-1.8e-05,0.0,9.525000000000001e-05,4.5388922442164975e-06,0
-1.8e-05,0.0,9.640000000000001e-05,4.09157440162008e-06,0
-1.8e-05,0.0,9.755e-05,3.6442565590236683e-06,0
-1.8e-05,0.0,9.87e-05,3.196938716427247e-06,0
-1.8e-05,0.0,9.985e-05,2.7496208738308306e-06,0
-1.8e-05,0.0,0.000101,2.302303031234415e-06,0
-1.8e-05,0.0,0.00010215,1.8549851886380003e-06,0
-1.8e-05,0.0,0.0001033,1.4076673460415781e-06,0
-1.8e-05,0.0,0.00010445,9.603495034451618e-07,0
-1.8e-05,0.0,0.00010559999999999999,5.130316608487512e-07,0
-1.8e-05,0.0,0.00010674999999999999,6.571381825233493e-08,0
-1.8e-05,0.0,0.0001079,-3.816040243440869e-07,1
-1.8e-05,0.0,0.00010905,-8.289218669405036e-07,1
-1.8e-05,0.0,0.0001102,-1.2762397095369254e-06,1
-1.8e-05,0.0,0.00011135,-1.7235575521333421e-06,1
-1.8e-05,0.0,0.0001125,-2.1708753947297555e-06,1
-1.8e-05,0.0,0.00011365,-2.6181932373261773e-06,1
-1.8e-05,0.0,0.0001148,-3.065511079922594e-06,1
-1.8e-05,0.0,0.00011595,-3.5128289225190103e-06,1
-1.8e-05,0.0,0.0001171,-2.899999999999984e-06,1
-1.8e-05,0.0,0.00011825,-1.7499999999999832e-06,1
-1.8e-05,0.0,0.0001194,-5.999999999999824e-07,1
-1.8e-05,0.0,0.00012055,5.500000000000185e-07,0
-1.8e-05,0.0,0.0001217,1.700000000000019e-06,0
-1.8e-05,0.0,0.00012285,2.85000000000002e-06,0
-1.8e-05,0.0,0.000124,4.000000000000021e-06,0
-1.7e-05,0.0,5.5e-05,2.1041630560342612e-05,0
-1.7e-05,0.0,5.615e-05,2.0242687021943052e-05,0
-1.7e-05,0.0,5.7300000000000004e-05,1.9474207438750757e-05,0
-1.7e-05,0.0,5.8450000000000005e-05,1.8739422715426456e-05,0
-1.7e-05,0.0,5.96e-05,1.8041863035387342e-05,0
-1.7e-05,0.0,6.075e-05,1.738535013189619e-05,0
-1.7e-05,0.0,6.19e-05,1.6773972792537167e-05,0
-1.7e-05,0.0,6.305e-05,1.621204049548095e-05,0
-1.7e-05,0.0,6.42e-05,1.5704010265181098e-05,0
-1.7e-05,0.0,6.535e-05,1.5247906590311962e-05,0
-1.7e-05,0.0,6.65e-05,1.4800588747715548e-05,0
-1.7e-05,0.0,6.765e-05,1.4353270905119131e-05,0
-1.7e-05,0.0,6.88e-05,1.3905953062522719e-05,0
-1.7e-05,0.0,6.995e-05,1.3458635219926302e-05,0
-1.7e-05,0.0,7.11e-05,1.3011317377329881e-05,0
-1.7e-05,0.0,7.225e-05,1.2563999534733471e-05,0
-1.7e-05,0.0,7.34e-05,1.2116681692137052e-05,0
-1.7e-05,0.0,7.455e-05,1.1669363849540632e-05,0
-1.7e-05,0.0,7.57e-05,1.1222046006944214e-05,0
-1.7e-05,0.0,7.685e-05,1.0774728164347797e-05,0
-1.7e-05,0.0,7.8e-05,1.0327410321751377e-05,0
-1.7e-05,0.0,7.915e-05,9.880092479154963e-06,0
-1.7e-05,0.0,8.03e-05,9.432774636558546e-06,0
-1.7e-05,0.0,8.145e-05,8.985456793962127e-06,0
-1.7e-05,0.0,8.26e-05,8.538138951365708e-06,0
-1.7e-05,0.0,8.375e-05,8.090821108769293e-06,0
-1.7e-05,0.0,8.49e-05,7.64350326617287e-06,0
-1.7e-05,0.0,8.605e-05,7.196185423576456e-06,0
-1.7e-05,0.0,8.72e-05,6.7488675809800404e-06,0
-1.7e-05,0.0,8.835e-05,6.3015497383836224e-06,0
-1.7e-05,0.0,8.950000000000001e-05,5.8542318957872e-06,0
-1.7e-05,0.0,9.065000000000001e-05,5.406914053190785e-06,0
-1.7e-05,0.0,9.180000000000001e-05,4.959596210594364e-06,0
-1.7e-05,0.0,9.295000000000001e-05,4.512278367997947e-06,0
-1.7e-05,0.0,9.410000000000001e-05,4.064960525401532e-06,0
-1.7e-05,0.0,9.525000000000001e-05,3.6176426828051153e-06,0
-1.7e-05,0.0,9.640000000000001e-05,3.170324840208694e-06,0
-1.7e-05,0.0,9.755e-05,2.7230069976122836e-06,0
-1.7e-05,0.0,9.87e-05,2.2756891550158647e-06,0
-1.7e-05,0.0,9.985e-05,1.82837131241945e-06,0
-1.7e-05,0.0,0.000101,1.3810534698230294e-06,0
-1.7e-05,0.0,0.00010215,9.337356272266114e-07,0
-1.7e-05,0.0,0.0001033,4.864177846301911e-07,0
-1.7e-05,0.0,0.00010445,3.909994203377605e-08,0
-1.7e-05,0.0,0.00010559999999999999,-4.082179005626373e-07,1
-1.7e-05,0.0,0.00010674999999999999,-8.555357431590574e-07,1
-1.7e-05,0.0,0.0001079,-1.3028535857554756e-06,1
-1.7e-05,0.0,0.00010905,-1.7501714283518891e-06,1
-1.7e-05,0.0,0.0001102,-2.197489270948306e-06,1
-1.7e-05,0.0,0.00011135,-2.6448071135447277e-06,1
-1.7e-05,0.0,0.0001125,-3.0921249561411435e-06,1
-1.7e-05,0.0,0.00011365,-3.5394427987375607e-06,1
-1.7e-05,0.0,0.0001148,-3.9867606413339795e-06,1
-1.7e-05,0.0,0.00011595,-4.049999999999985e-06,1
-1.7e-05,0.0,0.0001171,-2.899999999999984e-06,1
-1.7e-05,0.0,0.00011825,-1.7499999999999832e-06,1
-1.7e-05,0.0,0.0001194,-5.999999999999824e-07,1
-1.7e-05,0.0,0.00012055,5.500000000000185e-07,0
-1.7e-05,0.0,0.0001217,1.700000000000019e-06,0
-1.7e-05,0.0,0.00012285,2.85000000000002e-06,0
-1.7e-05,0.0,0.000124,4.000000000000021e-06,0
-1.6000000000000003e-05,0.0,5.5e-05,2.0345235059857506e-05,0
-1.6000000000000003e-05,0.0,5.615e-05,1.9521600742398398e-05,0
-1.6000000000000003e-05,0.0,5.7300000000000004e-05,1.8727632176562636e-05,0
-1.6000000000000003e-05,0.0,5.8450000000000005e-05,1.796669978799716e-05,0
-1.6000000000000003e-05,0.0,5.96e-05,1.7242529486207993e-05,0
-1.6000000000000003e-05,0.0,6.075e-05,1.655920499406865e-05,0
-1.6000000000000003e-05,0.0,6.19e-05,1.5921152184790444e-05,0
-1.6000000000000003e-05,0.0,6.305e-05,1.5333098483344273e-05,0
-1.6000000000000003e-05,0.0,6.42e-05,1.48e-05,0
-1.6000000000000003e-05,0.0,6.535e-05,1.432665702890059e-05,0
-1.6000000000000003e-05,0.0,6.65e-05,1.3879339186304171e-05,0
-1.6000000000000003e-05,0.0,6.765e-05,1.3432021343707754e-05,0
-1.6000000000000003e-05,0.0,6.88e-05,1.2984703501111333e-05,0
-1.6000000000000003e-05,0.0,6.995e-05,1.253738565851491e-05,0
-1.6000000000000003e-05,0.0,7.11e-05,1.2090067815918506e-05,0
-1.6000000000000003e-05,0.0,7.225e-05,1.1642749973322084e-05,0
-1.6000000000000003e-05,0.0,7.34e-05,1.1195432130725665e-05,0
-1.6000000000000003e-05,0.0,7.455e-05,1.0748114288129248e-05,0
-1.6000000000000003e-05,0.0,7.57e-05,1.030079644553283e-05,0
-1.6000000000000003e-05,0.0,7.685e-05,9.853478602936415e-06,0
-1.6000000000000003e-05,0.0,7.8e-05,9.406160760339998e-06,0
-1.6000000000000003e-05,0.0,7.915e-05,8.95884291774358e-06,0
-1.6000000000000003e-05,0.0,8.03e-05,8.51152507514716e-06,0
-1.6000000000000003e-05,0.0,8.145e-05,8.064207232550741e-06,0
-1.6000000000000003e-05,0.0,8.26e-05,7.6168893899543235e-06,0
-1.6000000000000003e-05,0.0,8.375e-05,7.16957154735791e-06,0
-1.6000000000000003e-05,0.0,8.49e-05,6.722253704761491e-06,0
-1.6000000000000003e-05,0.0,8.605e-05,6.2749358621650746e-06,0
-1.6000000000000003e-05,0.0,8.72e-05,5.827618019568654e-06,0
-1.6000000000000003e-05,0.0,8.835e-05,5.380300176972235e-06,0
-1.6000000000000003e-05,0.0,8.950000000000001e-05,4.93298233437582e-06,0
-1.6000000000000003e-05,0.0,9.065000000000001e-05,4.4856644917794e-06,0
-1.6000000000000003e-05,0.0,9.180000000000001e-05,4.038346649182982e-06,0
-1.6000000000000003e-05,0.0,9.295000000000001e-05,3.5910288065865683e-06,0
-1.6000000000000003e-05,0.0,9.410000000000001e-05,3.143710963990146e-06,0
-1.6000000000000003e-05,0.0,9.525000000000001e-05,2.6963931213937315e-06,0
-1.6000000000000003e-05,0.0,9.640000000000001e-05,2.2490752787973092e-06,0
-1.6000000000000003e-05,0.0,9.755e-05,1.8017574362008978e-06,0
-1.6000000000000003e-05,0.0,9.87e-05,1.3544395936044807e-06,0
-1.6000000000000003e-05,0.0,9.985e-05,9.071217510080612e-07,0
-1.6000000000000003e-05,0.0,0.000101,4.5980390841164575e-07,0
-1.6000000000000003e-05,0.0,0.00010215,1.2486065815229025e-08,0
-1.6000000000000003e-05,0.0,0.0001033,-4.3483177678118727e-07,1
-1.6000000000000003e-05,0.0,0.00010445,-8.821496193776091e-07,1
-1.6000000000000003e-05,0.0,0.00010559999999999999,-1.3294674619740197e-06,1
-1.6000000000000003e-05,0.0,0.00010674999999999999,-1.7767853045704362e-06,1
-1.6000000000000003e-05,0.0,0.0001079,-2.224103147166853e-06,1
-1.6000000000000003e-05,0.0,0.00010905,-2.6714209897632747e-06,1
-1.6000000000000003e-05,0.0,0.0001102,-3.1187388323596914e-06,1
-1.6000000000000003e-05,0.0,0.00011135,-3.566056674956113e-06,1
-1.6000000000000003e-05,0.0,0.0001125,-4.0133745175525266e-06,1
-1.6000000000000003e-05,0.0,0.00011365,-4.460692360148943e-06,1
-1.6000000000000003e-05,0.0,0.0001148,-4.908010202745365e-06,1
-1.6000000000000003e-05,0.0,0.00011595,-4.049999999999985e-06,1
-1.6000000000000003e-05,0.0,0.0001171,-2.899999999999984e-06,1
-1.6000000000000003e-05,0.0,0.00011825,-1.7499999999999832e-06,1
-1.6000000000000003e-05,0.0,0.0001194,-5.999999999999824e-07,1
-1.6000000000000003e-05,0.0,0.00012055,5.500000000000185e-07,0
-1.6000000000000003e-05,0.0,0.0001217,1.700000000000019e-06,0
-1.6000000000000003e-05,0.0,0.00012285,2.85000000000002e-06,0
-1.6000000000000003e-05,0.0,0.000124,4.000000000000021e-06,0
-1.5e-05,0.0,5.5e-05,1.967156809750927e-05,0
-1.5e-05,0.0,5.615e-05,1.882252276891927e-05,0
-1.5e-05,0.0,5.7300000000000004e-05,1.8002142747824562e-05,0
-1.5e-05,0.0,5.8450000000000005e-05,1.721391847218149e-05,0
-1.5e-05,0.0,5.96e-05,1.646175737183053e-05,0
-1.5e-05,0.0,6.075e-05,1.5750000000000003e-05,0
-1.5e-05,0.0,6.19e-05,1.5083417818543043e-05,0
-1.5e-05,0.0,6.305e-05,1.4467183516526068e-05,0
-1.5e-05,0.0,6.42e-05,1.3906803364326445e-05,0
-1.5e-05,0.0,6.535e-05,1.3408001097025803e-05,0
-1.5e-05,0.0,6.65e-05,1.2958089624892782e-05,0
-1.5e-05,0.0,6.765e-05,1.2510771782296358e-05,0
-1.5e-05,0.0,6.88e-05,1.2063453939699946e-05,0
-1.5e-05,0.0,6.995e-05,1.1616136097103529e-05,0
-1.5e-05,0.0,7.11e-05,1.1168818254507114e-05,0
-1.5e-05,0.0,7.225e-05,1.0721500411910696e-05,0
-1.5e-05,0.0,7.34e-05,1.0274182569314281e-05,0
-1.5e-05,0.0,7.455e-05,9.826864726717864e-06,0
-1.5e-05,0.0,7.57e-05,9.379546884121447e-06,0
-1.5e-05,0.0,7.685e-05,8.932229041525026e-06,0
-1.5e-05,0.0,7.8e-05,8.484911198928609e-06,0
-1.5e-05,0.0,7.915e-05,8.037593356332188e-06,0
-1.5e-05,0.0,8.03e-05,7.590275513735772e-06,0
-1.5e-05,0.0,8.145e-05,7.142957671139357e-06,0
-1.5e-05,0.0,8.26e-05,6.695639828542941e-06,0
-1.5e-05,0.0,8.375e-05,6.24832198594652e-06,0
-1.5e-05,0.0,8.49e-05,5.801004143350101e-06,0
-1.5e-05,0.0,8.605e-05,5.3536863007536805e-06,0
-1.5e-05,0.0,8.72e-05,4.906368458157265e-06,0
-1.5e-05,0.0,8.835e-05,4.459050615560848e-06,0
-1.5e-05,0.0,8.950000000000001e-05,4.011732772964432e-06,0
-1.5e-05,0.0,9.065000000000001e-05,3.564414930368013e-06,0
-1.5e-05,0.0,9.180000000000001e-05,3.117097087771595e-06,0
-1.5e-05,0.0,9.295000000000001e-05,2.6697792451751743e-06,0
-1.5e-05,0.0,9.410000000000001e-05,2.222461402578758e-06,0
-1.5e-05,0.0,9.525000000000001e-05,1.7751435599823423e-06,0
-1.5e-05,0.0,9.640000000000001e-05,1.327825717385926e-06,0
-1.5e-05,0.0,9.755e-05,8.805078747895108e-07,0
-1.5e-05,0.0,9.87e-05,4.3319003219309406e-07,0
-1.5e-05,0.0,9.985e-05,-1.4127810403322657e-08,1
-1.5e-05,0.0,0.000101,-4.6144565299974446e-07,1
-1.5e-05,0.0,0.00010215,-9.087634955961595e-07,1
-1.5e-05,0.0,0.0001033,-1.356081338192576e-06,1
-1.5e-05,0.0,0.00010445,-1.8033991807889963e-06,1
-1.5e-05,0.0,0.00010559999999999999,-2.2507170233854097e-06,1
-1.5e-05,0.0,0.00010674999999999999,-2.6980348659818247e-06,1
-1.5e-05,0.0,0.0001079,-3.145352708578247e-06,1
-1.5e-05,0.0,0.00010905,-3.5926705511746615e-06,1
-1.5e-05,0.0,0.0001102,-4.039988393771078e-06,1
-1.5e-05,0.0,0.00011135,-4.487306236367495e-06,1
-1.5e-05,0.0,0.0001125,-4.934624078963917e-06,1
-1.5e-05,0.0,0.00011365,-5e-06,1
-1.5e-05,0.0,0.0001148,-5e-06,1
-1.5e-05,0.0,0.00011595,-4.049999999999985e-06,1
-1.5e-05,0.0,0.0001171,-2.899999999999984e-06,1
-1.5e-05,0.0,0.00011825,-1.7499999999999832e-06,1
-1.5e-05,0.0,0.0001194,-5.999999999999824e-07,1
-1.5e-05,0.0,0.00012055,5.500000000000185e-07,0
-1.5e-05,0.0,0.0001217,1.700000000000019e-06,0
-1.5e-05,0.0,0.00012285,2.85000000000002e-06,0
-1.5e-05,0.0,0.000124,4.000000000000021e-06,0
-1.4000000000000001e-05,0.0,5.5e-05,1.9022715545545242e-05,0
-1.4000000000000001e-05,0.0,5.615e-05,1.8147635801668232e-05,0
-1.4000000000000001e-05,0.0,5.7300000000000004e-05,1.73e-05,0
-1.4000000000000001e-05,0.0,5.8450000000000005e-05,1.648339036204941e-05,0
-1.4000000000000001e-05,0.0,5.96e-05,1.5701871564097536e-05,0
-1.4000000000000001e-05,0.0,6.075e-05,1.4960025055661812e-05,0
-1.4000000000000001e-05,0.0,6.19e-05,1.4262966141425407e-05,0
-1.4000000000000001e-05,0.0,6.305e-05,1.3616332326960724e-05,0
-1.4000000000000001e-05,0.0,6.42e-05,1.3026228502052503e-05,0
-1.4000000000000001e-05,0.0,6.535e-05,1.2499112877839171e-05,0
-1.4000000000000001e-05,0.0,6.65e-05,1.2036840063481397e-05,0
-1.4000000000000001e-05,0.0,6.765e-05,1.1589522220884981e-05,0
-1.4000000000000001e-05,0.0,6.88e-05,1.1142204378288564e-05,0
-1.4000000000000001e-05,0.0,6.995e-05,1.0694886535692145e-05,0
-1.4000000000000001e-05,0.0,7.11e-05,1.0247568693095731e-05,0
-1.4000000000000001e-05,0.0,7.225e-05,9.800250850499314e-06,0
-1.4000000000000001e-05,0.0,7.34e-05,9.352933007902895e-06,0
-1.4000000000000001e-05,0.0,7.455e-05,8.905615165306475e-06,0
-1.4000000000000001e-05,0.0,7.57e-05,8.458297322710058e-06,0
-1.4000000000000001e-05,0.0,7.685e-05,8.01097948011364e-06,0
-1.4000000000000001e-05,0.0,7.8e-05,7.563661637517224e-06,0
-1.4000000000000001e-05,0.0,7.915e-05,7.116343794920809e-06,0
-1.4000000000000001e-05,0.0,8.03e-05,6.669025952324392e-06,0
-1.4000000000000001e-05,0.0,8.145e-05,6.22170810972797e-06,0
-1.4000000000000001e-05,0.0,8.26e-05,5.77439026713155e-06,0
-1.4000000000000001e-05,0.0,8.375e-05,5.327072424535134e-06,0
-1.4000000000000001e-05,0.0,8.49e-05,4.8797545819387155e-06,0
-1.4000000000000001e-05,0.0,8.605e-05,4.432436739342301e-06,0
-1.4000000000000001e-05,0.0,8.72e-05,3.9851188967458795e-06,0
-1.4000000000000001e-05,0.0,8.835e-05,3.537801054149464e-06,0
-1.4000000000000001e-05,0.0,8.950000000000001e-05,3.0904832115530427e-06,0
-1.4000000000000001e-05,0.0,9.065000000000001e-05,2.6431653689566273e-06,0
-1.4000000000000001e-05,0.0,9.180000000000001e-05,2.1958475263602093e-06,0
-1.4000000000000001e-05,0.0,9.295000000000001e-05,1.7485296837637936e-06,0
-1.4000000000000001e-05,0.0,9.410000000000001e-05,1.3012118411673722e-06,0
-1.4000000000000001e-05,0.0,9.525000000000001e-05,8.53893998570957e-07,0
-1.4000000000000001e-05,0.0,9.640000000000001e-05,4.065761559745407e-07,0
-1.4000000000000001e-05,0.0,9.755e-05,-4.074168662186968e-08,1
-1.4000000000000001e-05,0.0,9.87e-05,-4.880595292182932e-07,1
-1.4000000000000001e-05,0.0,9.985e-05,-9.353773718147082e-07,1
-1.4000000000000001e-05,0.0,0.000101,-1.3826952144111283e-06,1
-1.4000000000000001e-05,0.0,0.00010215,-1.830013057007545e-06,1
-1.4000000000000001e-05,0.0,0.0001033,-2.2773308996039613e-06,1
-1.4000000000000001e-05,0.0,0.00010445,-2.7246487422003836e-06,1
-1.4000000000000001e-05,0.0,0.00010559999999999999,-3.171966584796794e-06,1
-1.4000000000000001e-05,0.0,0.00010674999999999999,-3.6192844273932102e-06,1
-1.4000000000000001e-05,0.0,0.0001079,-4.066602269989627e-06,1
-1.4000000000000001e-05,0.0,0.00010905,-4.513920112586049e-06,1
-1.4000000000000001e-05,0.0,0.0001102,-4.961237955182465e-06,1
-1.4000000000000001e-05,0.0,0.00011135,-5e-06,1
-1.4000000000000001e-05,0.0,0.0001125,-5e-06,1
-1.4000000000000001e-05,0.0,0.00011365,-5e-06,1
-1.4000000000000001e-05,0.0,0.0001148,-5e-06,1
-1.4000000000000001e-05,0.0,0.00011595,-4.049999999999985e-06,1
-1.4000000000000001e-05,0.0,0.0001171,-2.899999999999984e-06,1
-1.4000000000000001e-05,0.0,0.00011825,-1.7499999999999832e-06,1
-1.4000000000000001e-05,0.0,0.0001194,-5.999999999999824e-07,1
-1.4000000000000001e-05,0.0,0.00012055,5.500000000000185e-07,0
-1.4000000000000001e-05,0.0,0.0001217,1.700000000000019e-06,0
-1.4000000000000001e-05,0.0,0.00012285,2.85000000000002e-06,0
-1.4000000000000001e-05,0.0,0.000124,4.000000000000021e-06,0
-1.3000000000000001e-05,0.0,5.5e-05,1.8400934559032694e-05,0
-1.3000000000000001e-05,0.0,5.615e-05,1.7499329257319614e-05,0
-1.3000000000000001e-05,0.0,5.7300000000000004e-05,1.6623710148695125e-05,0
-1.3000000000000001e-05,0.0,5.8450000000000005e-05,1.5777712853273692e-05,0
-1.3000000000000001e-05,0.0,5.96e-05,1.4965522536235903e-05,0
-1.3000000000000001e-05,0.0,6.075e-05,1.4191931246954196e-05,0
-1.3000000000000001e-05,0.0,6.19e-05,1.3462381358722073e-05,0
-1.3000000000000001e-05,0.0,6.305e-05,1.2782981340671985e-05,0
-1.3000000000000001e-05,0.0,6.42e-05,1.2160474926597781e-05,0
-1.3000000000000001e-05,0.0,6.535e-05,1.1602140254086043e-05,0
-1.3000000000000001e-05,0.0,6.65e-05,1.1115594213493104e-05,0
-1.3000000000000001e-05,0.0,6.765e-05,1.0668272659473592e-05,0
-1.3000000000000001e-05,0.0,6.88e-05,1.0220954816877175e-05,0
-1.3000000000000001e-05,0.0,6.995e-05,9.773636974280756e-06,0
-1.3000000000000001e-05,0.0,7.11e-05,9.326319131684348e-06,0
-1.3000000000000001e-05,0.0,7.225e-05,8.879001289087927e-06,0
-1.3000000000000001e-05,0.0,7.34e-05,8.431683446491508e-06,0
-1.3000000000000001e-05,0.0,7.455e-05,7.984365603895091e-06,0
-1.3000000000000001e-05,0.0,7.57e-05,7.537047761298675e-06,0
-1.3000000000000001e-05,0.0,7.685e-05,7.089729918702259e-06,0
-1.3000000000000001e-05,0.0,7.8e-05,6.642412076105842e-06,0
-1.3000000000000001e-05,0.0,7.915e-05,6.195094233509421e-06,0
-1.3000000000000001e-05,0.0,8.03e-05,5.7477763909129986e-06,0
-1.3000000000000001e-05,0.0,8.145e-05,5.300458548316585e-06,0
-1.3000000000000001e-05,0.0,8.26e-05,4.853140705720168e-06,0
-1.3000000000000001e-05,0.0,8.375e-05,4.405822863123747e-06,0
-1.3000000000000001e-05,0.0,8.49e-05,3.958505020527329e-06,0
-1.3000000000000001e-05,0.0,8.605e-05,3.5111871779309137e-06,0
-1.3000000000000001e-05,0.0,8.72e-05,3.0638693353344923e-06,0
-1.3000000000000001e-05,0.0,8.835e-05,2.616551492738077e-06,0
-1.3000000000000001e-05,0.0,8.950000000000001e-05,2.1692336501416622e-06,0
-1.3000000000000001e-05,0.0,9.065000000000001e-05,1.7219158075452398e-06,0
-1.3000000000000001e-05,0.0,9.180000000000001e-05,1.2745979649488218e-06,0
-1.3000000000000001e-05,0.0,9.295000000000001e-05,8.272801223524074e-07,0
-1.3000000000000001e-05,0.0,9.410000000000001e-05,3.799622797559869e-07,0
-1.3000000000000001e-05,0.0,9.525000000000001e-05,-6.735556284042814e-08,1
-1.3000000000000001e-05,0.0,9.640000000000001e-05,-5.146734054368466e-07,1
-1.3000000000000001e-05,0.0,9.755e-05,-9.61991248033262e-07,1
-1.3000000000000001e-05,0.0,9.87e-05,-1.4093090906296785e-06,1
-1.3000000000000001e-05,0.0,9.985e-05,-1.8566269332260952e-06,1
-1.3000000000000001e-05,0.0,0.000101,-2.3039447758225117e-06,1
-1.3000000000000001e-05,0.0,0.00010215,-2.7512626184189336e-06,1
-1.3000000000000001e-05,0.0,0.0001033,-3.1985804610153486e-06,1
-1.3000000000000001e-05,0.0,0.00010445,-3.645898303611769e-06,1
-1.3000000000000001e-05,0.0,0.00010559999999999999,-4.09321614620818e-06,1
-1.3000000000000001e-05,0.0,0.00010674999999999999,-4.5405339888045975e-06,1
-1.3000000000000001e-05,0.0,0.0001079,-4.987851831401015e-06,1
-1.3000000000000001e-05,0.0,0.00010905,-5e-06,1
-1.3000000000000001e-05,0.0,0.0001102,-5e-06,1
-1.3000000000000001e-05,0.0,0.00011135,-5e-06,1
-1.3000000000000001e-05,0.0,0.0001125,-5e-06,1
-1.3000000000000001e-05,0.0,0.00011365,-5e-06,1
-1.3000000000000001e-05,0.0,0.0001148,-5e-06,1
-1.3000000000000001e-05,0.0,0.00011595,-4.049999999999985e-06,1
-1.3000000000000001e-05,0.0,0.0001171,-2.899999999999984e-06,1
-1.3000000000000001e-05,0.0,0.00011825,-1.7499999999999832e-06,1
-1.3000000000000001e-05,0.0,0.0001194,-5.999999999999824e-07,1
-1.3000000000000001e-05,0.0,0.00012055,5.500000000000185e-07,0
-1.3000000000000001e-05,0.0,0.0001217,1.700000000000019e-06,0
-1.3000000000000001e-05,0.0,0.00012285,2.85000000000002e-06,0
-1.3000000000000001e-05,0.0,0.000124,4.000000000000021e-06,0
-1.2e-05,0.0,5.5e-05,1.780865204668481e-05,0
-1.2e-05,0.0,5.615e-05,1.6880203721290184e-05,0
-1.2e-05,0.0,5.7300000000000004e-05,1.597603752104216e-05,0
-1.2e-05,0.0,5.8450000000000005e-05,1.509979281649378e-05,0
-1.2e-05,0.0,5.96e-05,1.4255723688098397e-05,0
-1.2e-05,0.0,6.075e-05,1.3448784149595983e-05,0
-1.2e-05,0.0,6.19e-05,1.2684705926475001e-05,0
-1.2e-05,0.0,6.305e-05,1.1970053440118376e-05,0
-1.2e-05,0.0,6.42e-05,1.1312232530251875e-05,0
-1.2e-05,0.0,6.535e-05,1.0719420541699273e-05,0
-1.2e-05,0.0,6.65e-05,1.0200378782444084e-05,0
-1.2e-05,0.0,6.765e-05,9.747023098062207e-06,0
-1.2e-05,0.0,6.88e-05,9.29970525546579e-06,0
-1.2e-05,0.0,6.995e-05,8.852387412869372e-06,0
-1.2e-05,0.0,7.11e-05,8.405069570272957e-06,0
-1.2e-05,0.0,7.225e-05,7.957751727676541e-06,0
-1.2e-05,0.0,7.34e-05,7.510433885080125e-06,0
-1.2e-05,0.0,7.455e-05,7.063116042483703e-06,0
-1.2e-05,0.0,7.57e-05,6.615798199887288e-06,0
-1.2e-05,0.0,7.685e-05,6.168480357290868e-06,0
-1.2e-05,0.0,7.8e-05,5.721162514694449e-06,0
-1.2e-05,0.0,7.915e-05,5.2738446720980335e-06,0
-1.2e-05,0.0,8.03e-05,4.826526829501615e-06,0
-1.2e-05,0.0,8.145e-05,4.379208986905197e-06,0
-1.2e-05,0.0,8.26e-05,3.931891144308782e-06,0
-1.2e-05,0.0,8.375e-05,3.48457330171236e-06,0
-1.2e-05,0.0,8.49e-05,3.037255459115942e-06,0
-1.2e-05,0.0,8.605e-05,2.5899376165195273e-06,0
-1.2e-05,0.0,8.72e-05,2.142619773923112e-06,0
-1.2e-05,0.0,8.835e-05,1.6953019313266902e-06,0
-1.2e-05,0.0,8.950000000000001e-05,1.2479840887302748e-06,0
-1.2e-05,0.0,9.065000000000001e-05,8.006662461338532e-07,0
-1.2e-05,0.0,9.180000000000001e-05,3.533484035374365e-07,0
-1.2e-05,0.0,9.295000000000001e-05,-9.396943905897982e-08,1
-1.2e-05,0.0,9.410000000000001e-05,-5.412872816553948e-07,1
-1.2e-05,0.0,9.525000000000001e-05,-9.886051242518154e-07,1
-1.2e-05,0.0,9.640000000000001e-05,-1.4359229668482334e-06,1
-1.2e-05,0.0,9.755e-05,-1.8832408094446437e-06,1
-1.2e-05,0.0,9.87e-05,-2.330558652041062e-06,1
-1.2e-05,0.0,9.985e-05,-2.7778764946374806e-06,1
-1.2e-05,0.0,0.000101,-3.2251943372338973e-06,1
-1.2e-05,0.0,0.00010215,-3.6725121798303187e-06,1
-1.2e-05,0.0,0.0001033,-4.119830022426736e-06,1
-1.2e-05,0.0,0.00010445,-4.5671478650231504e-06,1
-1.2e-05,0.0,0.00010559999999999999,-5e-06,1
-1.2e-05,0.0,0.00010674999999999999,-5e-06,1
-1.2e-05,0.0,0.0001079,-5e-06,1
-1.2e-05,0.0,0.00010905,-5e-06,1
-1.2e-05,0.0,0.0001102,-5e-06,1
-1.2e-05,0.0,0.00011135,-5e-06,1
-1.2e-05,0.0,0.0001125,-5e-06,1
-1.2e-05,0.0,0.00011365,-5e-06,1
-1.2e-05,0.0,0.0001148,-5e-06,1
-1.2e-05,0.0,0.00011595,-4.049999999999985e-06,1
-1.2e-05,0.0,0.0001171,-2.899999999999984e-06,1
-1.2e-05,0.0,0.00011825,-1.7499999999999832e-06,1
-1.2e-05,0.0,0.0001194,-5.999999999999824e-07,1
-1.2e-05,0.0,0.00012055,5.500000000000185e-07,0
-1.2e-05,0.0,0.0001217,1.700000000000019e-06,0
-1.2e-05,0.0,0.00012285,2.85000000000002e-06,0
-1.2e-05,0.0,0.000124,4.000000000000021e-06,0
-1.1000000000000003e-05,0.0,5.5e-05,1.7248456731316587e-05,0
-1.1000000000000003e-05,0.0,5.615e-05,1.629306870355258e-05,0
-1.1000000000000003e-05,0.0,5.7300000000000004e-05,1.5360010893242954e-05,0
-1.1000000000000003e-05,0.0,5.8450000000000005e-05,1.4452865094304714e-05,0
-1.1000000000000003e-05,0.0,5.96e-05,1.357588609999478e-05,0
-1.1000000000000003e-05,0.0,6.075e-05,1.2734118977559567e-05,0
-1.1000000000000003e-05,0.0,6.19e-05,1.1933519344079617e-05,0
-1.1000000000000003e-05,0.0,6.305e-05,1.1181061314302258e-05,0
-1.1000000000000003e-05,0.0,6.42e-05,1.0484806264830062e-05,0
-1.1000000000000003e-05,0.0,6.535e-05,9.853890461646234e-06,0
-1.1000000000000003e-05,0.0,6.65e-05,9.298373876248845e-06,0
-1.1000000000000003e-05,0.0,6.765e-05,8.825773536650826e-06,0
-1.1000000000000003e-05,0.0,6.88e-05,8.378455694054404e-06,0
-1.1000000000000003e-05,0.0,6.995e-05,7.931137851457985e-06,0
-1.1000000000000003e-05,0.0,7.11e-05,7.483820008861577e-06,0
-1.1000000000000003e-05,0.0,7.225e-05,7.036502166265157e-06,0
-1.1000000000000003e-05,0.0,7.34e-05,6.589184323668737e-06,0
-1.1000000000000003e-05,0.0,7.455e-05,6.14186648107232e-06,0
-1.1000000000000003e-05,0.0,7.57e-05,5.694548638475903e-06,0
-1.1000000000000003e-05,0.0,7.685e-05,5.247230795879491e-06,0
-1.1000000000000003e-05,0.0,7.8e-05,4.79991295328307e-06,0
-1.1000000000000003e-05,0.0,7.915e-05,4.35259511068665e-06,0
-1.1000000000000003e-05,0.0,8.03e-05,3.90527726809023e-06,0
-1.1000000000000003e-05,0.0,8.145e-05,3.457959425493811e-06,0
-1.1000000000000003e-05,0.0,8.26e-05,3.010641582897395e-06,0
-1.1000000000000003e-05,0.0,8.375e-05,2.5633237403009803e-06,0
-1.1000000000000003e-05,0.0,8.49e-05,2.116005897704565e-06,0
-1.1000000000000003e-05,0.0,8.605e-05,1.6686880551081424e-06,0
-1.1000000000000003e-05,0.0,8.72e-05,1.2213702125117278e-06,0
-1.1000000000000003e-05,0.0,8.835e-05,7.7405236991531e-07,0
-1.1000000000000003e-05,0.0,8.950000000000001e-05,3.2673452731888945e-07,0
-1.1000000000000003e-05,0.0,9.065000000000001e-05,-1.2058331527752727e-07,1
-1.1000000000000003e-05,0.0,9.180000000000001e-05,-5.679011578739423e-07,1
-1.1000000000000003e-05,0.0,9.295000000000001e-05,-1.015219000470364e-06,1
-1.1000000000000003e-05,0.0,9.410000000000001e-05,-1.4625368430667806e-06,1
-1.1000000000000003e-05,0.0,9.525000000000001e-05,-1.909854685663201e-06,1
-1.1000000000000003e-05,0.0,9.640000000000001e-05,-2.3571725282596177e-06,1
-1.1000000000000003e-05,0.0,9.755e-05,-2.8044903708560293e-06,1
-1.1000000000000003e-05,0.0,9.87e-05,-3.2518082134524494e-06,1
-1.1000000000000003e-05,0.0,9.985e-05,-3.6991260560488657e-06,1
-1.1000000000000003e-05,0.0,0.000101,-4.146443898645281e-06,1
-1.1000000000000003e-05,0.0,0.00010215,-4.593761741241698e-06,1
-1.1000000000000003e-05,0.0,0.0001033,-5e-06,1
-1.1000000000000003e-05,0.0,0.00010445,-5e-06,1
-1.1000000000000003e-05,0.0,0.00010559999999999999,-5e-06,1
-1.1000000000000003e-05,0.0,0.00010674999999999999,-5e-06,1
-1.1000000000000003e-05,0.0,0.0001079,-5e-06,1
-1.1000000000000003e-05,0.0,0.00010905,-5e-06,1
-1.1000000000000003e-05,0.0,0.0001102,-5e-06,1
-1.1000000000000003e-05,0.0,0.00011135,-5e-06,1
-1.1000000000000003e-05,0.0,0.0001125,-5e-06,1
-1.1000000000000003e-05,0.0,0.00011365,-5e-06,1
-1.1000000000000003e-05,0.0,0.0001148,-5e-06,1
-1.1000000000000003e-05,0.0,0.00011595,-4.049999999999985e-06,1
-1.1000000000000003e-05,0.0,0.0001171,-2.899999999999984e-06,1
-1.1000000000000003e-05,0.0,0.00011825,-1.7499999999999832e-06,1
-1.1000000000000003e-05,0.0,0.0001194,-5.999999999999824e-07,1
-1.1000000000000003e-05,0.0,0.00012055,5.500000000000185e-07,0
-1.1000000000000003e-05,0.0,0.0001217,1.700000000000019e-06,0
-1.1000000000000003e-05,0.0,0.00012285,2.85000000000002e-06,0
-1.1000000000000003e-05,0.0,0.000124,4.000000000000021e-06,0
-9.999999999999999e-06,0.0,5.5e-05,1.6723082923316016e-05,0
-9.999999999999999e-06,0.0,5.615e-05,1.574093114015416e-05,0
-9.999999999999999e-06,0.0,5.7300000000000004e-05,1.477892010218843e-05,0
-9.999999999999999e-06,0.0,5.8450000000000005e-05,1.3840501773997113e-05,0
-9.999999999999999e-06,0.0,5.96e-05,1.2929846201391902e-05,0
-9.999999999999999e-06,0.0,6.075e-05,1.205199322349037e-05,0
-9.999999999999999e-06,0.0,6.19e-05,1.1213022197970424e-05,0
-9.999999999999999e-06,0.0,6.305e-05,1.0420227270802831e-05,0
-9.999999999999999e-06,0.0,6.42e-05,9.682271089990152e-06,0
-9.999999999999999e-06,0.0,6.535e-05,9.009267254916095e-06,0
-9.999999999999999e-06,0.0,6.65e-05,8.412712210513327e-06,0
-9.999999999999999e-06,0.0,6.765e-05,7.905159329418345e-06,0
-9.999999999999999e-06,0.0,6.88e-05,7.457206132643016e-06,0
-9.999999999999999e-06,0.0,6.995e-05,7.0098882900466005e-06,0
-9.999999999999999e-06,0.0,7.11e-05,6.5625704474501825e-06,0
-9.999999999999999e-06,0.0,7.225e-05,6.115252604853767e-06,0
-9.999999999999999e-06,0.0,7.34e-05,5.66793476225735e-06,0
-9.999999999999999e-06,0.0,7.455e-05,5.220616919660936e-06,0
-9.999999999999999e-06,0.0,7.57e-05,4.7732990770645156e-06,0
-9.999999999999999e-06,0.0,7.685e-05,4.3259812344680925e-06,0
-9.999999999999999e-06,0.0,7.8e-05,3.878663391871676e-06,0
-9.999999999999999e-06,0.0,7.915e-05,3.43134554927526e-06,0
-9.999999999999999e-06,0.0,8.03e-05,2.984027706678846e-06,0
-9.999999999999999e-06,0.0,8.145e-05,2.536709864082428e-06,0
-9.999999999999999e-06,0.0,8.26e-05,2.0893920214860076e-06,0
-9.999999999999999e-06,0.0,8.375e-05,1.642074178889586e-06,0
-9.999999999999999e-06,0.0,8.49e-05,1.1947563362931706e-06,0
-9.999999999999999e-06,0.0,8.605e-05,7.474384936967545e-07,0
-9.999999999999999e-06,0.0,8.72e-05,3.0012065110033947e-07,0
-9.999999999999999e-06,0.0,8.835e-05,-1.4719719149607895e-07,1
-9.999999999999999e-06,0.0,8.950000000000001e-05,-5.945150340924991e-07,1
-9.999999999999999e-06,0.0,9.065000000000001e-05,-1.0418328766889158e-06,1
-9.999999999999999e-06,0.0,9.180000000000001e-05,-1.4891507192853323e-06,1
-9.999999999999999e-06,0.0,9.295000000000001e-05,-1.9364685618817543e-06,1
-9.999999999999999e-06,0.0,9.410000000000001e-05,-2.3837864044781676e-06,1
-9.999999999999999e-06,0.0,9.525000000000001e-05,-2.8311042470745894e-06,1
-9.999999999999999e-06,0.0,9.640000000000001e-05,-3.2784220896710057e-06,1
-9.999999999999999e-06,0.0,9.755e-05,-3.725739932267416e-06,1
-9.999999999999999e-06,0.0,9.87e-05,-4.173057774863834e-06,1
-9.999999999999999e-06,0.0,9.985e-05,-4.620375617460255e-06,1
-9.999999999999999e-06,0.0,0.000101,-5e-06,1
-9.999999999999999e-06,0.0,0.00010215,-5e-06,1
-9.999999999999999e-06,0.0,0.0001033,-5e-06,1
-9.999999999999999e-06,0.0,0.00010445,-5e-06,1
-9.999999999999999e-06,0.0,0.00010559999999999999,-5e-06,1
-9.999999999999999e-06,0.0,0.00010674999999999999,-5e-06,1
-9.999999999999999e-06,0.0,0.0001079,-5e-06,1
-9.999999999999999e-06,0.0,0.00010905,-5e-06,1
-9.999999999999999e-06,0.0,0.0001102,-5e-06,1
-9.999999999999999e-06,0.0,0.00011135,-5e-06,1
-9.999999999999999e-06,0.0,0.0001125,-5e-06,1
-9.999999999999999e-06,0.0,0.00011365,-5e-06,1
-9.999999999999999e-06,0.0,0.0001148,-5e-06,1
-9.999999999999999e-06,0.0,0.00011595,-4.049999999999985e-06,1
-9.999999999999999e-06,0.0,0.0001171,-2.899999999999984e-06,1
-9.999999999999999e-06,0.0,0.00011825,-1.7499999999999832e-06,1
-9.999999999999999e-06,0.0,0.0001194,-5.999999999999824e-07,1
-9.999999999999999e-06,0.0,0.00012055,5.500000000000185e-07,0
-9.999999999999999e-06,0.0,0.0001217,1.700000000000019e-06,0
-9.999999999999999e-06,0.0,0.00012285,2.85000000000002e-06,0
-9.999999999999999e-06,0.0,0.000124,4.000000000000021e-06,0
-8.999999999999999e-06,0.0,5.5e-05,1.6235384061671344e-05,0
-8.999999999999999e-06,0.0,5.615e-05,1.5226971772623118e-05,0
-8.999999999999999e-06,0.0,5.7300000000000004e-05,1.4236298906667866e-05,0
-8.999999999999999e-06,0.0,5.8450000000000005e-05,1.32666068987973e-05,0
-8.999999999999999e-06,0.0,5.96e-05,1.2321879780235847e-05,0
-8.999999999999999e-06,0.0,6.075e-05,1.140702953422391e-05,0
-8.999999999999999e-06,0.0,6.19e-05,1.0528118864054973e-05,0
-8.999999999999999e-06,0.0,6.305e-05,9.692615963622313e-06,0
-8.999999999999999e-06,0.0,6.42e-05,8.909659944767524e-06,0
-8.999999999999999e-06,0.0,6.535e-05,8.190285965961725e-06,0
-8.999999999999999e-06,0.0,6.65e-05,7.5475115548644915e-06,0
-8.999999999999999e-06,0.0,6.765e-05,6.9961242489276795e-06,0
-8.999999999999999e-06,0.0,6.88e-05,6.535956571231633e-06,0
-8.999999999999999e-06,0.0,6.995e-05,6.088638728635214e-06,0
-8.999999999999999e-06,0.0,7.11e-05,5.6413208860388e-06,0
-8.999999999999999e-06,0.0,7.225e-05,5.1940030434423865e-06,0
-8.999999999999999e-06,0.0,7.34e-05,4.746685200845964e-06,0
-8.999999999999999e-06,0.0,7.455e-05,4.299367358249543e-06,0
-8.999999999999999e-06,0.0,7.57e-05,3.852049515653126e-06,0
-8.999999999999999e-06,0.0,7.685e-05,3.404731673056713e-06,0
-8.999999999999999e-06,0.0,7.8e-05,2.957413830460293e-06,0
-8.999999999999999e-06,0.0,7.915e-05,2.5100959878638777e-06,0
-8.999999999999999e-06,0.0,8.03e-05,2.062778145267457e-06,0
-8.999999999999999e-06,0.0,8.145e-05,1.6154603026710356e-06,0
-8.999999999999999e-06,0.0,8.26e-05,1.1681424600746202e-06,0
-8.999999999999999e-06,0.0,8.375e-05,7.208246174782041e-07,0
-8.999999999999999e-06,0.0,8.49e-05,2.7350677488178736e-07,0
-8.999999999999999e-06,0.0,8.605e-05,-1.7381106771462894e-07,1
-8.999999999999999e-06,0.0,8.72e-05,-6.211289103110495e-07,1
-8.999999999999999e-06,0.0,8.835e-05,-1.0684467529074713e-06,1
-8.999999999999999e-06,0.0,8.950000000000001e-05,-1.5157645955038863e-06,1
-8.999999999999999e-06,0.0,9.065000000000001e-05,-1.9630824381003013e-06,1
-8.999999999999999e-06,0.0,9.180000000000001e-05,-2.4104002806967193e-06,1
-8.999999999999999e-06,0.0,9.295000000000001e-05,-2.857718123293136e-06,1
-8.999999999999999e-06,0.0,9.410000000000001e-05,-3.305035965889556e-06,1
-8.999999999999999e-06,0.0,9.525000000000001e-05,-3.7523538084859767e-06,1
-8.999999999999999e-06,0.0,9.640000000000001e-05,-4.199671651082393e-06,1
-8.999999999999999e-06,0.0,9.755e-05,-4.646989493678805e-06,1
-8.999999999999999e-06,0.0,9.87e-05,-5e-06,1
-8.999999999999999e-06,0.0,9.985e-05,-5e-06,1
-8.999999999999999e-06,0.0,0.000101,-5e-06,1
-8.999999999999999e-06,0.0,0.00010215,-5e-06,1
-8.999999999999999e-06,0.0,0.0001033,-5e-06,1
-8.999999999999999e-06,0.0,0.00010445,-5e-06,1
-8.999999999999999e-06,0.0,0.00010559999999999999,-5e-06,1
-8.999999999999999e-06,0.0,0.00010674999999999999,-5e-06,1
-8.999999999999999e-06,0.0,0.0001079,-5e-06,1
-8.999999999999999e-06,0.0,0.00010905,-5e-06,1
-8.999999999999999e-06,0.0,0.0001102,-5e-06,1
-8.999999999999999e-06,0.0,0.00011135,-5e-06,1
-8.999999999999999e-06,0.0,0.0001125,-5e-06,1
-8.999999999999999e-06,0.0,0.00011365,-5e-06,1
-8.999999999999999e-06,0.0,0.0001148,-5e-06,1
-8.999999999999999e-06,0.0,0.00011595,-4.049999999999985e-06,1
-8.999999999999999e-06,0.0,0.0001171,-2.899999999999984e-06,1
-8.999999999999999e-06,0.0,0.00011825,-1.7499999999999832e-06,1
-8.999999999999999e-06,0.0,0.0001194,-5.999999999999824e-07,1
-8.999999999999999e-06,0.0,0.00012055,5.500000000000185e-07,0
-8.999999999999999e-06,0.0,0.0001217,1.700000000000019e-06,0
-8.999999999999999e-06,0.0,0.00012285,2.85000000000002e-06,0
-8.999999999999999e-06,0.0,0.000124,4.000000000000021e-06,0
-8.000000000000001e-06,0.0,5.5e-05,1.578829422805594e-05,0
-8.000000000000001e-06,0.0,5.615e-05,1.4754506470189475e-05,0
-8.000000000000001e-06,0.0,5.7300000000000004e-05,1.3735889578985634e-05,0
-8.000000000000001e-06,0.0,5.8450000000000005e-05,1.2735390049185307e-05,0
-8.000000000000001e-06,0.0,5.96e-05,1.1756693396557378e-05,0
-8.000000000000001e-06,0.0,6.075e-05,1.0804437692278526e-05,0
-8.000000000000001e-06,0.0,6.19e-05,9.88448679614365e-06,0
-8.000000000000001e-06,0.0,6.305e-05,9.004270073602978e-06,0
-8.000000000000001e-06,0.0,6.42e-05,8.173182178770738e-06,0
-8.000000000000001e-06,0.0,6.535e-05,7.403004373737427e-06,0
-8.000000000000001e-06,0.0,6.65e-05,6.7082439194738e-06,0
-8.000000000000001e-06,0.0,6.765e-05,6.106179220726989e-06,0
-8.000000000000001e-06,0.0,6.88e-05,5.614707009820244e-06,0
-8.000000000000001e-06,0.0,6.995e-05,5.16738916722383e-06,0
-8.000000000000001e-06,0.0,7.11e-05,4.720071324627418e-06,0
-8.000000000000001e-06,0.0,7.225e-05,4.272753482030996e-06,0
-8.000000000000001e-06,0.0,7.34e-05,3.825435639434579e-06,0
-8.000000000000001e-06,0.0,7.455e-05,3.378117796838166e-06,0
-8.000000000000001e-06,0.0,7.57e-05,2.930799954241746e-06,0
-8.000000000000001e-06,0.0,7.685e-05,2.4834821116453324e-06,0
-8.000000000000001e-06,0.0,7.8e-05,2.03616426904891e-06,0
-8.000000000000001e-06,0.0,7.915e-05,1.5888464264524886e-06,0
-8.000000000000001e-06,0.0,8.03e-05,1.1415285838560731e-06,0
-8.000000000000001e-06,0.0,8.145e-05,6.942107412596571e-07,0
-8.000000000000001e-06,0.0,8.26e-05,2.4689289866324203e-07,0
-8.000000000000001e-06,0.0,8.375e-05,-2.0042494393317808e-07,1
-8.000000000000001e-06,0.0,8.49e-05,-6.477427865295965e-07,1
-8.000000000000001e-06,0.0,8.605e-05,-1.0950606291260183e-06,1
-8.000000000000001e-06,0.0,8.72e-05,-1.5423784717224333e-06,1
-8.000000000000001e-06,0.0,8.835e-05,-1.9896963143188513e-06,1
-8.000000000000001e-06,0.0,8.950000000000001e-05,-2.4370141569152663e-06,1
-8.000000000000001e-06,0.0,9.065000000000001e-05,-2.884331999511685e-06,1
-8.000000000000001e-06,0.0,9.180000000000001e-05,-3.331649842108103e-06,1
-8.000000000000001e-06,0.0,9.295000000000001e-05,-3.7789676847045237e-06,1
-8.000000000000001e-06,0.0,9.410000000000001e-05,-4.22628552730094e-06,1
-8.000000000000001e-06,0.0,9.525000000000001e-05,-4.6736033698973555e-06,1
-8.000000000000001e-06,0.0,9.640000000000001e-05,-5e-06,1
-8.000000000000001e-06,0.0,9.755e-05,-5e-06,1
-8.000000000000001e-06,0.0,9.87e-05,-5e-06,1
-8.000000000000001e-06,0.0,9.985e-05,-5e-06,1
-8.000000000000001e-06,0.0,0.000101,-5e-06,1
-8.000000000000001e-06,0.0,0.00010215,-5e-06,1
-8.000000000000001e-06,0.0,0.0001033,-5e-06,1
-8.000000000000001e-06,0.0,0.00010445,-5e-06,1
-8.000000000000001e-06,0.0,0.00010559999999999999,-5e-06,1
-8.000000000000001e-06,0.0,0.00010674999999999999,-5e-06,1
-8.000000000000001e-06,0.0,0.0001079,-5e-06,1
-8.000000000000001e-06,0.0,0.00010905,-5e-06,1
-8.000000000000001e-06,0.0,0.0001102,-5e-06,1
-8.000000000000001e-06,0.0,0.00011135,-5e-06,1
-8.000000000000001e-06,0.0,0.0001125,-5e-06,1
-8.000000000000001e-06,0.0,0.00011365,-5e-06,1
-8.000000000000001e-06,0.0,0.0001148,-5e-06,1
-8.000000000000001e-06,0.0,0.00011595,-4.049999999999985e-06,1
-8.000000000000001e-06,0.0,0.0001171,-2.899999999999984e-06,1
-8.000000000000001e-06,0.0,0.00011825,-1.7499999999999832e-06,1
-8.000000000000001e-06,0.0,0.0001194,-5.999999999999824e-07,1
-8.000000000000001e-06,0.0,0.00012055,5.500000000000185e-07,0
-8.000000000000001e-06,0.0,0.0001217,1.700000000000019e-06,0
-8.000000000000001e-06,0.0,0.00012285,2.85000000000002e-06,0
-8.000000000000001e-06,0.0,0.000124,4.000000000000021e-06,0
-7.000000000000001e-06,0.0,5.5e-05,1.5384776310850233e-05,0
-7.000000000000001e-06,0.0,5.615e-05,1.4326929906939657e-05,0
-7.000000000000001e-06,0.0,5.7300000000000004e-05,1.3281584689458208e-05,0
-7.000000000000001e-06,0.0,5.8450000000000005e-05,1.2251311419022297e-05,0
-7.000000000000001e-06,0.0,5.96e-05,1.1239382009062053e-05,0
-7.000000000000001e-06,0.0,6.075e-05,1.0250000000000002e-05,0
-7.000000000000001e-06,0.0,6.19e-05,9.288612614937458e-06,0
-7.000000000000001e-06,0.0,6.305e-05,8.362328106510567e-06,0
-7.000000000000001e-06,0.0,6.42e-05,7.4804580052591224e-06,0
-7.000000000000001e-06,0.0,6.535e-05,6.655179956893605e-06,0
-7.000000000000001e-06,0.0,6.65e-05,5.902246907382427e-06,0
-7.000000000000001e-06,0.0,6.765e-05,5.241510783830838e-06,0
-7.000000000000001e-06,0.0,6.88e-05,4.696752561957542e-06,0
-7.000000000000001e-06,0.0,6.995e-05,4.246139605812442e-06,0
-7.000000000000001e-06,0.0,7.11e-05,3.798821763216029e-06,0
-7.000000000000001e-06,0.0,7.225e-05,3.3515039206196154e-06,0
-7.000000000000001e-06,0.0,7.34e-05,2.904186078023199e-06,0
-7.000000000000001e-06,0.0,7.455e-05,2.4568682354267744e-06,0
-7.000000000000001e-06,0.0,7.57e-05,2.0095503928303606e-06,0
-7.000000000000001e-06,0.0,7.685e-05,1.5622325502339382e-06,0
-7.000000000000001e-06,0.0,7.8e-05,1.1149147076375219e-06,0
-7.000000000000001e-06,0.0,7.915e-05,6.675968650411083e-07,0
-7.000000000000001e-06,0.0,8.03e-05,2.2027902244469204e-07,0
-7.000000000000001e-06,0.0,8.145e-05,-2.270388201517285e-07,1
-7.000000000000001e-06,0.0,8.26e-05,-6.743566627481503e-07,1
-7.000000000000001e-06,0.0,8.375e-05,-1.1216745053445653e-06,1
-7.000000000000001e-06,0.0,8.49e-05,-1.5689923479409835e-06,1
-7.000000000000001e-06,0.0,8.605e-05,-2.0163101905373988e-06,1
-7.000000000000001e-06,0.0,8.72e-05,-2.46362803313382e-06,1
-7.000000000000001e-06,0.0,8.835e-05,-2.910945875730238e-06,1
-7.000000000000001e-06,0.0,8.950000000000001e-05,-3.358263718326657e-06,1
-7.000000000000001e-06,0.0,9.065000000000001e-05,-3.8055815609230724e-06,1
-7.000000000000001e-06,0.0,9.180000000000001e-05,-4.25289940351949e-06,1
-7.000000000000001e-06,0.0,9.295000000000001e-05,-4.700217246115905e-06,1
-7.000000000000001e-06,0.0,9.410000000000001e-05,-5e-06,1
-7.000000000000001e-06,0.0,9.525000000000001e-05,-5e-06,1
-7.000000000000001e-06,0.0,9.640000000000001e-05,-5e-06,1
-7.000000000000001e-06,0.0,9.755e-05,-5e-06,1
-7.000000000000001e-06,0.0,9.87e-05,-5e-06,1
-7.000000000000001e-06,0.0,9.985e-05,-5e-06,1
-7.000000000000001e-06,0.0,0.000101,-5e-06,1
-7.000000000000001e-06,0.0,0.00010215,-5e-06,1
-7.000000000000001e-06,0.0,0.0001033,-5e-06,1
-7.000000000000001e-06,0.0,0.00010445,-5e-06,1
-7.000000000000001e-06,0.0,0.00010559999999999999,-5e-06,1
-7.000000000000001e-06,0.0,0.00010674999999999999,-5e-06,1
-7.000000000000001e-06,0.0,0.0001079,-5e-06,1
-7.000000000000001e-06,0.0,0.00010905,-5e-06,1
-7.000000000000001e-06,0.0,0.0001102,-5e-06,1
-7.000000000000001e-06,0.0,0.00011135,-5e-06,1
-7.000000000000001e-06,0.0,0.0001125,-5e-06,1
-7.000000000000001e-06,0.0,0.00011365,-5e-06,1
-7.000000000000001e-06,0.0,0.0001148,-5e-06,1
-7.000000000000001e-06,0.0,0.00011595,-4.049999999999985e-06,1
-7.000000000000001e-06,0.0,0.0001171,-2.899999999999984e-06,1
-7.000000000000001e-06,0.0,0.00011825,-1.7499999999999832e-06,1
-7.000000000000001e-06,0.0,0.0001194,-5.999999999999824e-07,1
-7.000000000000001e-06,0.0,0.00012055,5.500000000000185e-07,0
-7.000000000000001e-06,0.0,0.0001217,1.700000000000019e-06,0
-7.000000000000001e-06,0.0,0.00012285,2.85000000000002e-06,0
-7.000000000000001e-06,0.0,0.000124,4.000000000000021e-06,0
-6e-06,0.0,5.5e-05,1.5027756377319945e-05,0
-6e-06,0.0,5.615e-05,1.3947639953692668e-05,0
-6e-06,0.0,5.7300000000000004e-05,1.2877342346879087e-05,0
-6e-06,0.0,5.8450000000000005e-05,1.181899119373515e-05,0
-6e-06,0.0,5.96e-05,1.0775340286178055e-05,0
-6e-06,0.0,6.075e-05,9.750000000000002e-06,0
-6e-06,0.0,6.19e-05,8.747765745025734e-06,0
-6e-06,0.0,6.305e-05,7.775087006609275e-06,0
-6e-06,0.0,6.42e-05,6.840731680114035e-06,0
-6e-06,0.0,6.535e-05,5.956701401743835e-06,0
-6e-06,0.0,6.65e-05,5.1394102980498514e-06,0
-6e-06,0.0,6.765e-05,4.410971596221373e-06,0
-6e-06,0.0,6.88e-05,3.7999999999999983e-06,0
-6e-06,0.0,6.995e-05,3.3248900444010566e-06,0
-6e-06,0.0,7.11e-05,2.8775722018046437e-06,0
-6e-06,0.0,7.225e-05,2.4302543592082265e-06,0
-6e-06,0.0,7.34e-05,1.9829365166118077e-06,0
-6e-06,0.0,7.455e-05,1.5356186740153912e-06,0
-6e-06,0.0,7.57e-05,1.0883008314189715e-06,0
-6e-06,0.0,7.685e-05,6.409829888225584e-07,0
-6e-06,0.0,7.8e-05,1.9366514622613655e-07,0
-6e-06,0.0,7.915e-05,-2.5365269637028017e-07,1
-6e-06,0.0,8.03e-05,-7.009705389667003e-07,1
-6e-06,0.0,8.145e-05,-1.1482883815631155e-06,1
-6e-06,0.0,8.26e-05,-1.595606224159532e-06,1
-6e-06,0.0,8.375e-05,-2.0429240667559526e-06,1
-6e-06,0.0,8.49e-05,-2.4902419093523706e-06,1
-6e-06,0.0,8.605e-05,-2.937559751948785e-06,1
-6e-06,0.0,8.72e-05,-3.3848775945452074e-06,1
-6e-06,0.0,8.835e-05,-3.832195437141622e-06,1
-6e-06,0.0,8.950000000000001e-05,-4.279513279738039e-06,1
-6e-06,0.0,9.065000000000001e-05,-4.72683112233446e-06,1
-6e-06,0.0,9.180000000000001e-05,-5e-06,1
-6e-06,0.0,9.295000000000001e-05,-5e-06,1
-6e-06,0.0,9.410000000000001e-05,-5e-06,1
-6e-06,0.0,9.525000000000001e-05,-5e-06,1
-6e-06,0.0,9.640000000000001e-05,-5e-06,1
-6e-06,0.0,9.755e-05,-5e-06,1
-6e-06,0.0,9.87e-05,-5e-06,1
-6e-06,0.0,9.985e-05,-5e-06,1
-6e-06,0.0,0.000101,-5e-06,1
-6e-06,0.0,0.00010215,-5e-06,1
-6e-06,0.0,0.0001033,-5e-06,1
-6e-06,0.0,0.00010445,-5e-06,1
-6e-06,0.0,0.00010559999999999999,-5e-06,1
-6e-06,0.0,0.00010674999999999999,-5e-06,1
-6e-06,0.0,0.0001079,-5e-06,1
-6e-06,0.0,0.00010905,-5e-06,1
-6e-06,0.0,0.0001102,-5e-06,1
-6e-06,0.0,0.00011135,-5e-06,1
-6e-06,0.0,0.0001125,-5e-06,1
-6e-06,0.0,0.00011365,-5e-06,1
-6e-06,0.0,0.0001148,-5e-06,1
-6e-06,0.0,0.00011595,-4.049999999999985e-06,1
-6e-06,0.0,0.0001171,-2.899999999999984e-06,1
-6e-06,0.0,0.00011825,-1.7499999999999832e-06,1
-6e-06,0.0,0.0001194,-5.999999999999824e-07,1
-6e-06,0.0,0.00012055,5.500000000000185e-07,0
-6e-06,0.0,0.0001217,1.700000000000019e-06,0
-6e-06,0.0,0.00012285,2.85000000000002e-06,0
-6e-06,0.0,0.000124,4.000000000000021e-06,0
-4.9999999999999996e-06,0.0,5.5e-05,1.472004514666935e-05,0
-4.9999999999999996e-06,0.0,5.615e-05,1.3619942839853572e-05,0
-4.9999999999999996e-06,0.0,5.7300000000000004e-05,1.2527073130503378e-05,0
-4.9999999999999996e-06,0.0,5.8450000000000005e-05,1.1443077926813243e-05,0
-4.9999999999999996e-06,0.0,5.96e-05,1.0370115930686618e-05,0
-4.9999999999999996e-06,0.0,6.075e-05,9.311072252245132e-06,0
-4.9999999999999996e-06,0.0,6.19e-05,8.269871339105874e-06,0
-4.9999999999999996e-06,0.0,6.305e-05,7.2519510338276595e-06,0
-4.9999999999999996e-06,0.0,6.42e-05,6.264987857520375e-06,0
-4.9999999999999996e-06,0.0,6.535e-05,5.320006009613214e-06,0
-4.9999999999999996e-06,0.0,6.65e-05,4.433034373659251e-06,0
-4.9999999999999996e-06,0.0,6.765e-05,3.6274052237659323e-06,0
-4.9999999999999996e-06,0.0,6.88e-05,2.9363288318623298e-06,0
-4.9999999999999996e-06,0.0,6.995e-05,2.403640482989671e-06,0
-4.9999999999999996e-06,0.0,7.11e-05,1.956322640393258e-06,0
-4.9999999999999996e-06,0.0,7.225e-05,1.5090047977968407e-06,0
-4.9999999999999996e-06,0.0,7.34e-05,1.061686955200422e-06,0
-4.9999999999999996e-06,0.0,7.455e-05,6.143691126040058e-07,0
-4.9999999999999996e-06,0.0,7.57e-05,1.6705127000758614e-07,0
-4.9999999999999996e-06,0.0,7.685e-05,-2.8026657258883567e-07,1
-4.9999999999999996e-06,0.0,7.8e-05,-7.27584415185249e-07,1
-4.9999999999999996e-06,0.0,7.915e-05,-1.1749022577816657e-06,1
-4.9999999999999996e-06,0.0,8.03e-05,-1.6222201003780843e-06,1
-4.9999999999999996e-06,0.0,8.145e-05,-2.0695379429745004e-06,1
-4.9999999999999996e-06,0.0,8.26e-05,-2.5168557855709244e-06,1
-4.9999999999999996e-06,0.0,8.375e-05,-2.964173628167339e-06,1
-4.9999999999999996e-06,0.0,8.49e-05,-3.411491470763758e-06,1
-4.9999999999999996e-06,0.0,8.605e-05,-3.858809313360172e-06,1
-4.9999999999999996e-06,0.0,8.72e-05,-4.3061271559565895e-06,1
-4.9999999999999996e-06,0.0,8.835e-05,-4.753444998553009e-06,1
-4.9999999999999996e-06,0.0,8.950000000000001e-05,-5e-06,1
-4.9999999999999996e-06,0.0,9.065000000000001e-05,-5e-06,1
-4.9999999999999996e-06,0.0,9.180000000000001e-05,-5e-06,1
-4.9999999999999996e-06,0.0,9.295000000000001e-05,-5e-06,1
-4.9999999999999996e-06,0.0,9.410000000000001e-05,-5e-06,1
-4.9999999999999996e-06,0.0,9.525000000000001e-05,-5e-06,1
-4.9999999999999996e-06,0.0,9.640000000000001e-05,-5e-06,1
-4.9999999999999996e-06,0.0,9.755e-05,-5e-06,1
-4.9999999999999996e-06,0.0,9.87e-05,-5e-06,1
-4.9999999999999996e-06,0.0,9.985e-05,-5e-06,1
-4.9999999999999996e-06,0.0,0.000101,-5e-06,1
-4.9999999999999996e-06,0.0,0.00010215,-5e-06,1
-4.9999999999999996e-06,0.0,0.0001033,-5e-06,1
-4.9999999999999996e-06,0.0,0.00010445,-5e-06,1
-4.9999999999999996e-06,0.0,0.00010559999999999999,-5e-06,1
-4.9999999999999996e-06,0.0,0.00010674999999999999,-5e-06,1
-4.9999999999999996e-06,0.0,0.0001079,-5e-06,1
-4.9999999999999996e-06,0.0,0.00010905,-5e-06,1
-4.9999999999999996e-06,0.0,0.0001102,-5e-06,1
-4.9999999999999996e-06,0.0,0.00011135,-5e-06,1
-4.9999999999999996e-06,0.0,0.0001125,-5e-06,1
-4.9999999999999996e-06,0.0,0.00011365,-5e-06,1
-4.9999999999999996e-06,0.0,0.0001148,-5e-06,1
-4.9999999999999996e-06,0.0,0.00011595,-4.049999999999985e-06,1
-4.9999999999999996e-06,0.0,0.0001171,-2.899999999999984e-06,1
-4.9999999999999996e-06,0.0,0.00011825,-1.7499999999999832e-06,1
-4.9999999999999996e-06,0.0,0.0001194,-5.999999999999824e-07,1
-4.9999999999999996e-06,0.0,0.00012055,5.500000000000185e-07,0
-4.9999999999999996e-06,0.0,0.0001217,1.700000000000019e-06,0
-4.9999999999999996e-06,0.0,0.00012285,2.85000000000002e-06,0
-4.9999999999999996e-06,0.0,0.000124,4.000000000000021e-06,0
-4.000000000000002e-06,0.0,5.5e-05,1.446424919657298e-05,0
-4.000000000000002e-06,0.0,5.615e-05,1.3346941609977078e-05,0
-4.000000000000002e-06,0.0,5.7300000000000004e-05,1.223450031999737e-05,0
-4.000000000000002e-06,0.0,5.8450000000000005e-05,1.1128074886551244e-05,0
-4.000000000000002e-06,0.0,5.96e-05,1.0029197979921868e-05,0
-4.000000000000002e-06,0.0,6.075e-05,8.939953936259556e-06,0
-4.000000000000002e-06,0.0,6.19e-05,7.86324076875773e-06,0
-4.000000000000002e-06,0.0,6.305e-05,6.803188256888677e-06,0
-4.000000000000002e-06,0.0,6.42e-05,5.765842800324452e-06,0
-4.000000000000002e-06,0.0,6.535e-05,4.760315715227055e-06,0
-4.000000000000002e-06,0.0,6.65e-05,3.8007352543677216e-06,0
-4.000000000000002e-06,0.0,6.765e-05,2.909526207742884e-06,0
-4.000000000000002e-06,0.0,6.88e-05,2.1224993899462788e-06,0
-4.000000000000002e-06,0.0,6.995e-05,1.4947191235938202e-06,0
-4.000000000000002e-06,0.0,7.11e-05,1.0350730789818749e-06,0
-4.000000000000002e-06,0.0,7.225e-05,5.877552363854537e-07,0
-4.000000000000002e-06,0.0,7.34e-05,1.40437393789037e-07,0
-4.000000000000002e-06,0.0,7.455e-05,-3.068804488073797e-07,1
-4.000000000000002e-06,0.0,7.57e-05,-7.54198291403796e-07,1
-4.000000000000002e-06,0.0,7.685e-05,-1.2015161340002127e-06,1
-4.000000000000002e-06,0.0,7.8e-05,-1.6488339765966316e-06,1
-4.000000000000002e-06,0.0,7.915e-05,-2.0961518191930534e-06,1
-4.000000000000002e-06,0.0,8.03e-05,-2.54346966178947e-06,1
-4.000000000000002e-06,0.0,8.145e-05,-2.9907875043858877e-06,1
-4.000000000000002e-06,0.0,8.26e-05,-3.438105346982305e-06,1
-4.000000000000002e-06,0.0,8.375e-05,-3.8854231895787194e-06,1
-4.000000000000002e-06,0.0,8.49e-05,-4.3327410321751366e-06,1
-4.000000000000002e-06,0.0,8.605e-05,-4.780058874771557e-06,1
-4.000000000000002e-06,0.0,8.72e-05,-5e-06,1
-4.000000000000002e-06,0.0,8.835e-05,-5e-06,1
-4.000000000000002e-06,0.0,8.950000000000001e-05,-5e-06,1
-4.000000000000002e-06,0.0,9.065000000000001e-05,-5e-06,1
-4.000000000000002e-06,0.0,9.180000000000001e-05,-5e-06,1
-4.000000000000002e-06,0.0,9.295000000000001e-05,-5e-06,1
-4.000000000000002e-06,0.0,9.410000000000001e-05,-5e-06,1
-4.000000000000002e-06,0.0,9.525000000000001e-05,-5e-06,1
-4.000000000000002e-06,0.0,9.640000000000001e-05,-5e-06,1
-4.000000000000002e-06,0.0,9.755e-05,-5e-06,1
-4.000000000000002e-06,0.0,9.87e-05,-5e-06,1
-4.000000000000002e-06,0.0,9.985e-05,-5e-06,1
-4.000000000000002e-06,0.0,0.000101,-5e-06,1
-4.000000000000002e-06,0.0,0.00010215,-5e-06,1
-4.000000000000002e-06,0.0,0.0001033,-5e-06,1
-4.000000000000002e-06,0.0,0.00010445,-5e-06,1
-4.000000000000002e-06,0.0,0.00010559999999999999,-5e-06,1
-4.000000000000002e-06,0.0,0.00010674999999999999,-5e-06,1
-4.000000000000002e-06,0.0,0.0001079,-5e-06,1
-4.000000000000002e-06,0.0,0.00010905,-5e-06,1
-4.000000000000002e-06,0.0,0.0001102,-5e-06,1
-4.000000000000002e-06,0.0,0.00011135,-5e-06,1
-4.000000000000002e-06,0.0,0.0001125,-5e-06,1
-4.000000000000002e-06,0.0,0.00011365,-5e-06,1
-4.000000000000002e-06,0.0,0.0001148,-5e-06,1
-4.000000000000002e-06,0.0,0.00011595,-4.049999999999985e-06,1
-4.000000000000002e-06,0.0,0.0001171,-2.899999999999984e-06,1
-4.000000000000002e-06,0.0,0.00011825,-1.7499999999999832e-06,1
-4.000000000000002e-06,0.0,0.0001194,-5.999999999999824e-07,1
-4.000000000000002e-06,0.0,0.00012055,5.500000000000185e-07,0
-4.000000000000002e-06,0.0,0.0001217,1.700000000000019e-06,0
-4.000000000000002e-06,0.0,0.00012285,2.85000000000002e-06,0
-4.000000000000002e-06,0.0,0.000124,4.000000000000021e-06,0
-2.9999999999999984e-06,0.0,5.5e-05,1.4262676501632067e-05,0
-2.9999999999999984e-06,0.0,5.615e-05,1.3131413453259451e-05,0
-2.9999999999999984e-06,0.0,5.7300000000000004e-05,1.2002999700059982e-05,0
-2.9999999999999984e-06,0.0,5.8450000000000005e-05,1.0878130277526578e-05,0
-2.9999999999999984e-06,0.0,5.96e-05,9.757742747053652e-06,0
-2.9999999999999984e-06,0.0,6.075e-05,8.64313102219502e-06,0
-2.9999999999999984e-06,0.0,6.19e-05,7.5361283211623824e-06,0
-2.9999999999999984e-06,0.0,6.305e-05,6.439412057962084e-06,0
-2.9999999999999984e-06,0.0,6.42e-05,5.357032966310471e-06,0
-2.9999999999999984e-06,0.0,6.535e-05,4.295375247374187e-06,0
-2.9999999999999984e-06,0.0,6.65e-05,3.2649820430708317e-06,0
-2.9999999999999984e-06,0.0,6.765e-05,2.2841744861425583e-06,0
-2.9999999999999984e-06,0.0,6.88e-05,1.3863424398922576e-06,0
-2.9999999999999984e-06,0.0,6.995e-05,6.335244598048285e-07,0
-2.9999999999999984e-06,0.0,7.11e-05,1.1382351757048362e-07,0
-2.9999999999999984e-06,0.0,7.225e-05,-3.334943250259331e-07,1
-2.9999999999999984e-06,0.0,7.34e-05,-7.808121676223464e-07,1
-2.9999999999999984e-06,0.0,7.455e-05,-1.2281300102187682e-06,1
-2.9999999999999984e-06,0.0,7.57e-05,-1.6754478528151826e-06,1
-2.9999999999999984e-06,0.0,7.685e-05,-2.1227656954116068e-06,1
-2.9999999999999984e-06,0.0,7.8e-05,-2.5700835380080235e-06,1
-2.9999999999999984e-06,0.0,7.915e-05,-3.0174013806044364e-06,1
-2.9999999999999984e-06,0.0,8.03e-05,-3.4647192232008535e-06,1
-2.9999999999999984e-06,0.0,8.145e-05,-3.912037065797273e-06,1
-2.9999999999999984e-06,0.0,8.26e-05,-4.3593549083936895e-06,1
-2.9999999999999984e-06,0.0,8.375e-05,-4.80667275099011e-06,1
-2.9999999999999984e-06,0.0,8.49e-05,-5e-06,1
-2.9999999999999984e-06,0.0,8.605e-05,-5e-06,1
-2.9999999999999984e-06,0.0,8.72e-05,-5e-06,1
-2.9999999999999984e-06,0.0,8.835e-05,-5e-06,1
-2.9999999999999984e-06,0.0,8.950000000000001e-05,-5e-06,1
-2.9999999999999984e-06,0.0,9.065000000000001e-05,-5e-06,1
-2.9999999999999984e-06,0.0,9.180000000000001e-05,-5e-06,1
-2.9999999999999984e-06,0.0,9.295000000000001e-05,-5e-06,1
-2.9999999999999984e-06,0.0,9.410000000000001e-05,-5e-06,1
-2.9999999999999984e-06,0.0,9.525000000000001e-05,-5e-06,1
-2.9999999999999984e-06,0.0,9.640000000000001e-05,-5e-06,1
-2.9999999999999984e-06,0.0,9.755e-05,-5e-06,1
-2.9999999999999984e-06,0.0,9.87e-05,-5e-06,1
-2.9999999999999984e-06,0.0,9.985e-05,-5e-06,1
-2.9999999999999984e-06,0.0,0.000101,-5e-06,1
-2.9999999999999984e-06,0.0,0.00010215,-5e-06,1
-2.9999999999999984e-06,0.0,0.0001033,-5e-06,1
-2.9999999999999984e-06,0.0,0.00010445,-5e-06,1
-2.9999999999999984e-06,0.0,0.00010559999999999999,-5e-06,1
-2.9999999999999984e-06,0.0,0.00010674999999999999,-5e-06,1
-2.9999999999999984e-06,0.0,0.0001079,-5e-06,1
-2.9999999999999984e-06,0.0,0.00010905,-5e-06,1
-2.9999999999999984e-06,0.0,0.0001102,-5e-06,1
-2.9999999999999984e-06,0.0,0.00011135,-5e-06,1
-2.9999999999999984e-06,0.0,0.0001125,-5e-06,1
-2.9999999999999984e-06,0.0,0.00011365,-5e-06,1
-2.9999999999999984e-06,0.0,0.0001148,-5e-06,1
-2.9999999999999984e-06,0.0,0.00011595,-4.049999999999985e-06,1
-2.9999999999999984e-06,0.0,0.0001171,-2.899999999999984e-06,1
-2.9999999999999984e-06,0.0,0.00011825,-1.7499999999999832e-06,1
-2.9999999999999984e-06,0.0,0.0001194,-5.999999999999824e-07,1
-2.9999999999999984e-06,0.0,0.00012055,5.500000000000185e-07,0
-2.9999999999999984e-06,0.0,0.0001217,1.700000000000019e-06,0
-2.9999999999999984e-06,0.0,0.00012285,2.85000000000002e-06,0
-2.9999999999999984e-06,0.0,0.000124,4.000000000000021e-06,0
-2.000000000000001e-06,0.0,5.5e-05,1.4117242768623691e-05,0
-2.000000000000001e-06,0.0,5.615e-05,1.2975684648865601e-05,0
-2.000000000000001e-06,0.0,5.7300000000000004e-05,1.1835430563350696e-05,0
-2.000000000000001e-06,0.0,5.8450000000000005e-05,1.0696806197066524e-05,0
-2.000000000000001e-06,0.0,5.96e-05,9.56025477448607e-06,0
-2.000000000000001e-06,0.0,6.075e-05,8.426394882026441e-06,0
-2.000000000000001e-06,0.0,6.19e-05,7.296115772464879e-06,0
-2.000000000000001e-06,0.0,6.305e-05,6.170741518546906e-06,0
-2.000000000000001e-06,0.0,6.42e-05,5.052328855678959e-06,0
-2.000000000000001e-06,0.0,6.535e-05,3.9442422192777804e-06,0
-2.000000000000001e-06,0.0,6.65e-05,2.852349955359811e-06,0
-2.000000000000001e-06,0.0,6.765e-05,1.7877447718106253e-06,0
-2.000000000000001e-06,0.0,6.88e-05,7.735924528226391e-07,0
-2.000000000000001e-06,0.0,6.995e-05,-1.3599930167606523e-07,1
-2.000000000000001e-06,0.0,7.11e-05,-8.068287800538648e-07,1
-2.000000000000001e-06,0.0,7.225e-05,-1.2547438864373131e-06,1
-2.000000000000001e-06,0.0,7.34e-05,-1.7020617290337299e-06,1
-2.000000000000001e-06,0.0,7.455e-05,-2.1493795716301517e-06,1
-2.000000000000001e-06,0.0,7.57e-05,-2.5966974142265705e-06,1
-2.000000000000001e-06,0.0,7.685e-05,-3.0440152568229834e-06,1
-2.000000000000001e-06,0.0,7.8e-05,-3.4913330994194006e-06,1
-2.000000000000001e-06,0.0,7.915e-05,-3.938650942015822e-06,1
-2.000000000000001e-06,0.0,8.03e-05,-4.385968784612244e-06,1
-2.000000000000001e-06,0.0,8.145e-05,-4.833286627208659e-06,1
-2.000000000000001e-06,0.0,8.26e-05,-5e-06,1
-2.000000000000001e-06,0.0,8.375e-05,-5e-06,1
-2.000000000000001e-06,0.0,8.49e-05,-5e-06,1
-2.000000000000001e-06,0.0,8.605e-05,-5e-06,1
-2.000000000000001e-06,0.0,8.72e-05,-5e-06,1
-2.000000000000001e-06,0.0,8.835e-05,-5e-06,1
-2.000000000000001e-06,0.0,8.950000000000001e-05,-5e-06,1
-2.000000000000001e-06,0.0,9.065000000000001e-05,-5e-06,1
-2.000000000000001e-06,0.0,9.180000000000001e-05,-5e-06,1
-2.000000000000001e-06,0.0,9.295000000000001e-05,-5e-06,1
-2.000000000000001e-06,0.0,9.410000000000001e-05,-5e-06,1
-2.000000000000001e-06,0.0,9.525000000000001e-05,-5e-06,1
-2.000000000000001e-06,0.0,9.640000000000001e-05,-5e-06,1
-2.000000000000001e-06,0.0,9.755e-05,-5e-06,1
-2.000000000000001e-06,0.0,9.87e-05,-5e-06,1
-2.000000000000001e-06,0.0,9.985e-05,-5e-06,1
-2.000000000000001e-06,0.0,0.000101,-5e-06,1
-2.000000000000001e-06,0.0,0.00010215,-5e-06,1
-2.000000000000001e-06,0.0,0.0001033,-5e-06,1
-2.000000000000001e-06,0.0,0.00010445,-5e-06,1
-2.000000000000001e-06,0.0,0.00010559999999999999,-5e-06,1
-2.000000000000001e-06,0.0,0.00010674999999999999,-5e-06,1
-2.000000000000001e-06,0.0,0.0001079,-5e-06,1
-2.000000000000001e-06,0.0,0.00010905,-5e-06,1
-2.000000000000001e-06,0.0,0.0001102,-5e-06,1
-2.000000000000001e-06,0.0,0.00011135,-5e-06,1
-2.000000000000001e-06,0.0,0.0001125,-5e-06,1
-2.000000000000001e-06,0.0,0.00011365,-5e-06,1
-2.000000000000001e-06,0.0,0.0001148,-5e-06,1
-2.000000000000001e-06,0.0,0.00011595,-4.049999999999985e-06,1
-2.000000000000001e-06,0.0,0.0001171,-2.899999999999984e-06,1
-2.000000000000001e-06,0.0,0.00011825,-1.7499999999999832e-06,1
-2.000000000000001e-06,0.0,0.0001194,-5.999999999999824e-07,1
-2.000000000000001e-06,0.0,0.00012055,5.500000000000185e-07,0
-2.000000000000001e-06,0.0,0.0001217,1.700000000000019e-06,0
-2.000000000000001e-06,0.0,0.00012285,2.85000000000002e-06,0
-2.000000000000001e-06,0.0,0.000124,4.000000000000021e-06,0
-1.0000000000000006e-06,0.0,5.5e-05,1.40293863659264e-05,0
-1.0000000000000006e-06,0.0,5.615e-05,1.2881514411415556e-05,0
-1.0000000000000006e-06,0.0,5.7300000000000004e-05,1.1733974345029923e-05,0
-1.0000000000000006e-06,0.0,5.8450000000000005e-05,1.0586850260454037e-05,0
-1.0000000000000006e-06,0.0,5.96e-05,9.440257232067193e-06,0
-1.0000000000000006e-06,0.0,6.075e-05,8.294356998076519e-06,0
-1.0000000000000006e-06,0.0,6.19e-05,7.1493842177740055e-06,0
-1.0000000000000006e-06,0.0,6.305e-05,6.005692644100176e-06,0
-1.0000000000000006e-06,0.0,6.42e-05,4.863841300535001e-06,0
-1.0000000000000006e-06,0.0,6.535e-05,3.7247676539788336e-06,0
-1.0000000000000006e-06,0.0,6.65e-05,2.5901699437494727e-06,0
-1.0000000000000006e-06,0.0,6.765e-05,1.463462781294359e-06,0
-1.0000000000000006e-06,0.0,6.88e-05,3.5261092284803863e-07,0
-1.0000000000000006e-06,0.0,6.995e-05,-7.19101054408595e-07,1
-1.0000000000000006e-06,0.0,7.11e-05,-1.654637595292623e-06,1
-1.0000000000000006e-06,0.0,7.225e-05,-2.1759934478487017e-06,1
-1.0000000000000006e-06,0.0,7.34e-05,-2.6233112904451205e-06,1
-1.0000000000000006e-06,0.0,7.455e-05,-3.070629133041534e-06,1
-1.0000000000000006e-06,0.0,7.57e-05,-3.51794697563795e-06,1
-1.0000000000000006e-06,0.0,7.685e-05,-3.965264818234372e-06,1
-1.0000000000000006e-06,0.0,7.8e-05,-4.412582660830792e-06,1
-1.0000000000000006e-06,0.0,7.915e-05,-4.859900503427209e-06,1
-1.0000000000000006e-06,0.0,8.03e-05,-5e-06,1
-1.0000000000000006e-06,0.0,8.145e-05,-5e-06,1
-1.0000000000000006e-06,0.0,8.26e-05,-5e-06,1
-1.0000000000000006e-06,0.0,8.375e-05,-5e-06,1
-1.0000000000000006e-06,0.0,8.49e-05,-5e-06,1
-1.0000000000000006e-06,0.0,8.605e-05,-5e-06,1
-1.0000000000000006e-06,0.0,8.72e-05,-5e-06,1
-1.0000000000000006e-06,0.0,8.835e-05,-5e-06,1
-1.0000000000000006e-06,0.0,8.950000000000001e-05,-5e-06,1
-1.0000000000000006e-06,0.0,9.065000000000001e-05,-5e-06,1
-1.0000000000000006e-06,0.0,9.180000000000001e-05,-5e-06,1
-1.0000000000000006e-06,0.0,9.295000000000001e-05,-5e-06,1
-1.0000000000000006e-06,0.0,9.410000000000001e-05,-5e-06,1
-1.0000000000000006e-06,0.0,9.525000000000001e-05,-5e-06,1
-1.0000000000000006e-06,0.0,9.640000000000001e-05,-5e-06,1
-1.0000000000000006e-06,0.0,9.755e-05,-5e-06,1
-1.0000000000000006e-06,0.0,9.87e-05,-5e-06,1
-1.0000000000000006e-06,0.0,9.985e-05,-5e-06,1
-1.0000000000000006e-06,0.0,0.000101,-5e-06,1
-1.0000000000000006e-06,0.0,0.00010215,-5e-06,1
-1.0000000000000006e-06,0.0,0.0001033,-5e-06,1
-1.0000000000000006e-06,0.0,0.00010445,-5e-06,1
-1.0000000000000006e-06,0.0,0.00010559999999999999,-5e-06,1
-1.0000000000000006e-06,0.0,0.00010674999999999999,-5e-06,1
-1.0000000000000006e-06,0.0,0.0001079,-5e-06,1
-1.0000000000000006e-06,0.0,0.00010905,-5e-06,1
-1.0000000000000006e-06,0.0,0.0001102,-5e-06,1
-1.0000000000000006e-06,0.0,0.00011135,-5e-06,1
-1.0000000000000006e-06,0.0,0.0001125,-5e-06,1
-1.0000000000000006e-06,0.0,0.00011365,-5e-06,1
-1.0000000000000006e-06,0.0,0.0001148,-5e-06,1
-1.0000000000000006e-06,0.0,0.00011595,-4.049999999999985e-06,1
-1.0000000000000006e-06,0.0,0.0001171,-2.899999999999984e-06,1
-1.0000000000000006e-06,0.0,0.00011825,-1.7499999999999832e-06,1
-1.0000000000000006e-06,0.0,0.0001194,-5.999999999999824e-07,1
-1.0000000000000006e-06,0.0,0.00012055,5.500000000000185e-07,0
-1.0000000000000006e-06,0.0,0.0001217,1.700000000000019e-06,0
-1.0000000000000006e-06,0.0,0.00012285,2.85000000000002e-06,0
-1.0000000000000006e-06,0.0,0.000124,4.000000000000021e-06,0
0.0,0.0,5.5e-05,1.4e-05,0
0.0,0.0,5.615e-05,1.2849999999999999e-05,0
0.0,0.0,5.7300000000000004e-05,1.1699999999999998e-05,0
0.0,0.0,5.8450000000000005e-05,1.0549999999999997e-05,0
0.0,0.0,5.96e-05,9.400000000000003e-06,0
0.0,0.0,6.075e-05,8.250000000000002e-06,0
0.0,0.0,6.19e-05,7.100000000000002e-06,0
0.0,0.0,6.305e-05,5.950000000000001e-06,0
0.0,0.0,6.42e-05,4.8e-06,0
0.0,0.0,6.535e-05,3.649999999999999e-06,0
0.0,0.0,6.65e-05,2.499999999999998e-06,0
0.0,0.0,6.765e-05,1.349999999999997e-06,0
0.0,0.0,6.88e-05,1.999999999999964e-07,0
0.0,0.0,6.995e-05,-9.500000000000045e-07,1
0.0,0.0,7.11e-05,-2.0999999999999918e-06,1
0.0,0.0,7.225e-05,-3.0972430092600842e-06,1
0.0,0.0,7.34e-05,-3.544560851856503e-06,1
0.0,0.0,7.455e-05,-3.991878694452923e-06,1
0.0,0.0,7.57e-05,-4.439196537049341e-06,1
0.0,0.0,7.685e-05,-4.886514379645757e-06,1
0.0,0.0,7.8e-05,-5e-06,1
0.0,0.0,7.915e-05,-5e-06,1
0.0,0.0,8.03e-05,-5e-06,1
0.0,0.0,8.145e-05,-5e-06,1
0.0,0.0,8.26e-05,-5e-06,1
0.0,0.0,8.375e-05,-5e-06,1
0.0,0.0,8.49e-05,-5e-06,1
0.0,0.0,8.605e-05,-5e-06,1
0.0,0.0,8.72e-05,-5e-06,1
0.0,0.0,8.835e-05,-5e-06,1
0.0,0.0,8.950000000000001e-05,-5e-06,1
0.0,0.0,9.065000000000001e-05,-5e-06,1
0.0,0.0,9.180000000000001e-05,-5e-06,1
0.0,0.0,9.295000000000001e-05,-5e-06,1
0.0,0.0,9.410000000000001e-05,-5e-06,1
0.0,0.0,9.525000000000001e-05,-5e-06,1
0.0,0.0,9.640000000000001e-05,-5e-06,1
0.0,0.0,9.755e-05,-5e-06,1
0.0,0.0,9.87e-05,-5e-06,1
0.0,0.0,9.985e-05,-5e-06,1
0.0,0.0,0.000101,-5e-06,1
0.0,0.0,0.00010215,-5e-06,1
0.0,0.0,0.0001033,-5e-06,1
0.0,0.0,0.00010445,-5e-06,1
0.0,0.0,0.00010559999999999999,-5e-06,1
0.0,0.0,0.00010674999999999999,-5e-06,1
0.0,0.0,0.0001079,-5e-06,1
0.0,0.0,0.00010905,-5e-06,1
0.0,0.0,0.0001102,-5e-06,1
0.0,0.0,0.00011135,-5e-06,1
0.0,0.0,0.0001125,-5e-06,1
0.0,0.0,0.00011365,-5e-06,1
0.0,0.0,0.0001148,-5e-06,1
0.0,0.0,0.00011595,-4.049999999999985e-06,1
0.0,0.0,0.0001171,-2.899999999999984e-06,1
0.0,0.0,0.00011825,-1.7499999999999832e-06,1
0.0,0.0,0.0001194,-5.999999999999824e-07,1
0.0,0.0,0.00012055,5.500000000000185e-07,0
0.0,0.0,0.0001217,1.700000000000019e-06,0
0.0,0.0,0.00012285,2.85000000000002e-06,0
0.0,0.0,0.000124,4.000000000000021e-06,0
1.0000000000000006e-06,0.0,5.5e-05,1.40293863659264e-05,0
1.0000000000000006e-06,0.0,5.615e-05,1.2881514411415556e-05,0
1.0000000000000006e-06,0.0,5.7300000000000004e-05,1.1733974345029923e-05,0
1.0000000000000006e-06,0.0,5.8450000000000005e-05,1.0586850260454037e-05,0
1.0000000000000006e-06,0.0,5.96e-05,9.440257232067193e-06,0
1.0000000000000006e-06,0.0,6.075e-05,8.294356998076519e-06,0
1.0000000000000006e-06,0.0,6.19e-05,7.1493842177740055e-06,0
1.0000000000000006e-06,0.0,6.305e-05,6.005692644100176e-06,0
1.0000000000000006e-06,0.0,6.42e-05,4.863841300535001e-06,0
1.0000000000000006e-06,0.0,6.535e-05,3.7247676539788336e-06,0
1.0000000000000006e-06,0.0,6.65e-05,2.5901699437494727e-06,0
1.0000000000000006e-06,0.0,6.765e-05,1.463462781294359e-06,0
1.0000000000000006e-06,0.0,6.88e-05,3.5261092284803863e-07,0
1.0000000000000006e-06,0.0,6.995e-05,-7.19101054408595e-07,1
1.0000000000000006e-06,0.0,7.11e-05,-1.654637595292623e-06,1
1.0000000000000006e-06,0.0,7.225e-05,-2.1759934478487004e-06,1
1.0000000000000006e-06,0.0,7.34e-05,-2.6233112904451218e-06,1
1.0000000000000006e-06,0.0,7.455e-05,-3.070629133041538e-06,1
1.0000000000000006e-06,0.0,7.57e-05,-3.5179469756379544e-06,1
1.0000000000000006e-06,0.0,7.685e-05,-3.965264818234371e-06,1
1.0000000000000006e-06,0.0,7.8e-05,-4.412582660830791e-06,1
1.0000000000000006e-06,0.0,7.915e-05,-4.8599005034272075e-06,1
1.0000000000000006e-06,0.0,8.03e-05,-5e-06,1
1.0000000000000006e-06,0.0,8.145e-05,-5e-06,1
1.0000000000000006e-06,0.0,8.26e-05,-5e-06,1
1.0000000000000006e-06,0.0,8.375e-05,-5e-06,1
1.0000000000000006e-06,0.0,8.49e-05,-5e-06,1
1.0000000000000006e-06,0.0,8.605e-05,-5e-06,1
1.0000000000000006e-06,0.0,8.72e-05,-5e-06,1
1.0000000000000006e-06,0.0,8.835e-05,-5e-06,1
1.0000000000000006e-06,0.0,8.950000000000001e-05,-5e-06,1
1.0000000000000006e-06,0.0,9.065000000000001e-05,-5e-06,1
1.0000000000000006e-06,0.0,9.180000000000001e-05,-5e-06,1
1.0000000000000006e-06,0.0,9.295000000000001e-05,-5e-06,1
1.0000000000000006e-06,0.0,9.410000000000001e-05,-5e-06,1
1.0000000000000006e-06,0.0,9.525000000000001e-05,-5e-06,1
1.0000000000000006e-06,0.0,9.640000000000001e-05,-5e-06,1
1.0000000000000006e-06,0.0,9.755e-05,-5e-06,1
1.0000000000000006e-06,0.0,9.87e-05,-5e-06,1
1.0000000000000006e-06,0.0,9.985e-05,-5e-06,1
1.0000000000000006e-06,0.0,0.000101,-5e-06,1
1.0000000000000006e-06,0.0,0.00010215,-5e-06,1
1.0000000000000006e-06,0.0,0.0001033,-5e-06,1
1.0000000000000006e-06,0.0,0.00010445,-5e-06,1
1.0000000000000006e-06,0.0,0.00010559999999999999,-5e-06,1
1.0000000000000006e-06,0.0,0.00010674999999999999,-5e-06,1
1.0000000000000006e-06,0.0,0.0001079,-5e-06,1
1.0000000000000006e-06,0.0,0.00010905,-5e-06,1
1.0000000000000006e-06,0.0,0.0001102,-5e-06,1
1.0000000000000006e-06,0.0,0.00011135,-5e-06,1
1.0000000000000006e-06,0.0,0.0001125,-5e-06,1
1.0000000000000006e-06,0.0,0.00011365,-5e-06,1
1.0000000000000006e-06,0.0,0.0001148,-5e-06,1
1.0000000000000006e-06,0.0,0.00011595,-4.049999999999985e-06,1
1.0000000000000006e-06,0.0,0.0001171,-2.899999999999984e-06,1
1.0000000000000006e-06,0.0,0.00011825,-1.7499999999999832e-06,1
1.0000000000000006e-06,0.0,0.0001194,-5.999999999999824e-07,1
1.0000000000000006e-06,0.0,0.00012055,5.500000000000185e-07,0
1.0000000000000006e-06,0.0,0.0001217,1.700000000000019e-06,0
1.0000000000000006e-06,0.0,0.00012285,2.85000000000002e-06,0
1.0000000000000006e-06,0.0,0.000124,4.000000000000021e-06,0
1.999999999999998e-06,0.0,5.5e-05,1.4117242768623691e-05,0
1.999999999999998e-06,0.0,5.615e-05,1.2975684648865598e-05,0
1.999999999999998e-06,0.0,5.7300000000000004e-05,1.1835430563350696e-05,0
1.999999999999998e-06,0.0,5.8450000000000005e-05,1.0696806197066524e-05,0
1.999999999999998e-06,0.0,5.96e-05,9.560254774486068e-06,0
1.999999999999998e-06,0.0,6.075e-05,8.426394882026441e-06,0
1.999999999999998e-06,0.0,6.19e-05,7.296115772464879e-06,0
1.999999999999998e-06,0.0,6.305e-05,6.170741518546905e-06,0
1.999999999999998e-06,0.0,6.42e-05,5.052328855678957e-06,0
1.999999999999998e-06,0.0,6.535e-05,3.94424221927778e-06,0
1.999999999999998e-06,0.0,6.65e-05,2.85234995535981e-06,0
1.999999999999998e-06,0.0,6.765e-05,1.7877447718106244e-06,0
1.999999999999998e-06,0.0,6.88e-05,7.735924528226374e-07,0
1.999999999999998e-06,0.0,6.995e-05,-1.3599930167606735e-07,1
1.999999999999998e-06,0.0,7.11e-05,-8.068287800538677e-07,1
1.999999999999998e-06,0.0,7.225e-05,-1.2547438864373163e-06,1
1.999999999999998e-06,0.0,7.34e-05,-1.7020617290337377e-06,1
1.999999999999998e-06,0.0,7.455e-05,-2.149379571630154e-06,1
1.999999999999998e-06,0.0,7.57e-05,-2.5966974142265697e-06,1
1.999999999999998e-06,0.0,7.685e-05,-3.044015256822991e-06,1
1.999999999999998e-06,0.0,7.8e-05,-3.4913330994194073e-06,1
1.999999999999998e-06,0.0,7.915e-05,-3.938650942015824e-06,1
1.999999999999998e-06,0.0,8.03e-05,-4.385968784612244e-06,1
1.999999999999998e-06,0.0,8.145e-05,-4.833286627208661e-06,1
1.999999999999998e-06,0.0,8.26e-05,-5e-06,1
1.999999999999998e-06,0.0,8.375e-05,-5e-06,1
1.999999999999998e-06,0.0,8.49e-05,-5e-06,1
1.999999999999998e-06,0.0,8.605e-05,-5e-06,1
1.999999999999998e-06,0.0,8.72e-05,-5e-06,1
1.999999999999998e-06,0.0,8.835e-05,-5e-06,1
1.999999999999998e-06,0.0,8.950000000000001e-05,-5e-06,1
1.999999999999998e-06,0.0,9.065000000000001e-05,-5e-06,1
1.999999999999998e-06,0.0,9.180000000000001e-05,-5e-06,1
1.999999999999998e-06,0.0,9.295000000000001e-05,-5e-06,1
1.999999999999998e-06,0.0,9.410000000000001e-05,-5e-06,1
1.999999999999998e-06,0.0,9.525000000000001e-05,-5e-06,1
1.999999999999998e-06,0.0,9.640000000000001e-05,-5e-06,1
1.999999999999998e-06,0.0,9.755e-05,-5e-06,1
1.999999999999998e-06,0.0,9.87e-05,-5e-06,1
1.999999999999998e-06,0.0,9.985e-05,-5e-06,1
1.999999999999998e-06,0.0,0.000101,-5e-06,1
1.999999999999998e-06,0.0,0.00010215,-5e-06,1
1.999999999999998e-06,0.0,0.0001033,-5e-06,1
1.999999999999998e-06,0.0,0.00010445,-5e-06,1
1.999999999999998e-06,0.0,0.00010559999999999999,-5e-06,1
1.999999999999998e-06,0.0,0.00010674999999999999,-5e-06,1
1.999999999999998e-06,0.0,0.0001079,-5e-06,1
1.999999999999998e-06,0.0,0.00010905,-5e-06,1
1.999999999999998e-06,0.0,0.0001102,-5e-06,1
1.999999999999998e-06,0.0,0.00011135,-5e-06,1
1.999999999999998e-06,0.0,0.0001125,-5e-06,1
1.999999999999998e-06,0.0,0.00011365,-5e-06,1
1.999999999999998e-06,0.0,0.0001148,-5e-06,1
1.999999999999998e-06,0.0,0.00011595,-4.049999999999985e-06,1
1.999999999999998e-06,0.0,0.0001171,-2.899999999999984e-06,1
1.999999999999998e-06,0.0,0.00011825,-1.7499999999999832e-06,1
1.999999999999998e-06,0.0,0.0001194,-5.999999999999824e-07,1
1.999999999999998e-06,0.0,0.00012055,5.500000000000185e-07,0
1.999999999999998e-06,0.0,0.0001217,1.700000000000019e-06,0
1.999999999999998e-06,0.0,0.00012285,2.85000000000002e-06,0
1.999999999999998e-06,0.0,0.000124,4.000000000000021e-06,0
3.0000000000000018e-06,0.0,5.5e-05,1.4262676501632067e-05,0
3.0000000000000018e-06,0.0,5.615e-05,1.3131413453259451e-05,0
3.0000000000000018e-06,0.0,5.7300000000000004e-05,1.2002999700059984e-05,0
3.0000000000000018e-06,0.0,5.8450000000000005e-05,1.0878130277526578e-05,0
3.0000000000000018e-06,0.0,5.96e-05,9.757742747053654e-06,0
3.0000000000000018e-06,0.0,6.075e-05,8.643131022195021e-06,0
3.0000000000000018e-06,0.0,6.19e-05,7.5361283211623824e-06,0
3.0000000000000018e-06,0.0,6.305e-05,6.439412057962086e-06,0
3.0000000000000018e-06,0.0,6.42e-05,5.357032966310472e-06,0
3.0000000000000018e-06,0.0,6.535e-05,4.295375247374188e-06,0
3.0000000000000018e-06,0.0,6.65e-05,3.2649820430708334e-06,0
3.0000000000000018e-06,0.0,6.765e-05,2.28417448614256e-06,0
3.0000000000000018e-06,0.0,6.88e-05,1.3863424398922601e-06,0
3.0000000000000018e-06,0.0,6.995e-05,6.335244598048315e-07,0
3.0000000000000018e-06,0.0,7.11e-05,1.1382351757048913e-07,0
3.0000000000000018e-06,0.0,7.225e-05,-3.3349432502592675e-07,1
3.0000000000000018e-06,0.0,7.34e-05,-7.808121676223486e-07,1
3.0000000000000018e-06,0.0,7.455e-05,-1.2281300102187644e-06,1
3.0000000000000018e-06,0.0,7.57e-05,-1.6754478528151803e-06,1
3.0000000000000018e-06,0.0,7.685e-05,-2.1227656954116013e-06,1
3.0000000000000018e-06,0.0,7.8e-05,-2.570083538008018e-06,1
3.0000000000000018e-06,0.0,7.915e-05,-3.017401380604434e-06,1
3.0000000000000018e-06,0.0,8.03e-05,-3.4647192232008552e-06,1
3.0000000000000018e-06,0.0,8.145e-05,-3.9120370657972715e-06,1
3.0000000000000018e-06,0.0,8.26e-05,-4.359354908393687e-06,1
3.0000000000000018e-06,0.0,8.375e-05,-4.806672750990108e-06,1
3.0000000000000018e-06,0.0,8.49e-05,-5e-06,1
3.0000000000000018e-06,0.0,8.605e-05,-5e-06,1
3.0000000000000018e-06,0.0,8.72e-05,-5e-06,1
3.0000000000000018e-06,0.0,8.835e-05,-5e-06,1
3.0000000000000018e-06,0.0,8.950000000000001e-05,-5e-06,1
3.0000000000000018e-06,0.0,9.065000000000001e-05,-5e-06,1
3.0000000000000018e-06,0.0,9.180000000000001e-05,-5e-06,1
3.0000000000000018e-06,0.0,9.295000000000001e-05,-5e-06,1
3.0000000000000018e-06,0.0,9.410000000000001e-05,-5e-06,1
3.0000000000000018e-06,0.0,9.525000000000001e-05,-5e-06,1
3.0000000000000018e-06,0.0,9.640000000000001e-05,-5e-06,1
3.0000000000000018e-06,0.0,9.755e-05,-5e-06,1
3.0000000000000018e-06,0.0,9.87e-05,-5e-06,1
3.0000000000000018e-06,0.0,9.985e-05,-5e-06,1
3.0000000000000018e-06,0.0,0.000101,-5e-06,1
3.0000000000000018e-06,0.0,0.00010215,-5e-06,1
3.0000000000000018e-06,0.0,0.0001033,-5e-06,1
3.0000000000000018e-06,0.0,0.00010445,-5e-06,1
3.0000000000000018e-06,0.0,0.00010559999999999999,-5e-06,1
3.0000000000000018e-06,0.0,0.00010674999999999999,-5e-06,1
3.0000000000000018e-06,0.0,0.0001079,-5e-06,1
3.0000000000000018e-06,0.0,0.00010905,-5e-06,1
3.0000000000000018e-06,0.0,0.0001102,-5e-06,1
3.0000000000000018e-06,0.0,0.00011135,-5e-06,1
3.0000000000000018e-06,0.0,0.0001125,-5e-06,1
3.0000000000000018e-06,0.0,0.00011365,-5e-06,1
3.0000000000000018e-06,0.0,0.0001148,-5e-06,1
3.0000000000000018e-06,0.0,0.00011595,-4.049999999999985e-06,1
3.0000000000000018e-06,0.0,0.0001171,-2.899999999999984e-06,1
3.0000000000000018e-06,0.0,0.00011825,-1.7499999999999832e-06,1
3.0000000000000018e-06,0.0,0.0001194,-5.999999999999824e-07,1
3.0000000000000018e-06,0.0,0.00012055,5.500000000000185e-07,0
3.0000000000000018e-06,0.0,0.0001217,1.700000000000019e-06,0
3.0000000000000018e-06,0.0,0.00012285,2.85000000000002e-06,0
3.0000000000000018e-06,0.0,0.000124,4.000000000000021e-06,0
3.999999999999999e-06,0.0,5.5e-05,1.446424919657298e-05,0
3.999999999999999e-06,0.0,5.615e-05,1.3346941609977078e-05,0
3.999999999999999e-06,0.0,5.7300000000000004e-05,1.2234500319997368e-05,0
3.999999999999999e-06,0.0,5.8450000000000005e-05,1.1128074886551242e-05,0
3.999999999999999e-06,0.0,5.96e-05,1.0029197979921867e-05,0
3.999999999999999e-06,0.0,6.075e-05,8.939953936259554e-06,0
3.999999999999999e-06,0.0,6.19e-05,7.863240768757729e-06,0
3.999999999999999e-06,0.0,6.305e-05,6.803188256888675e-06,0
3.999999999999999e-06,0.0,6.42e-05,5.76584280032445e-06,0
3.999999999999999e-06,0.0,6.535e-05,4.7603157152270534e-06,0
3.999999999999999e-06,0.0,6.65e-05,3.800735254367719e-06,0
3.999999999999999e-06,0.0,6.765e-05,2.9095262077428823e-06,0
3.999999999999999e-06,0.0,6.88e-05,2.1224993899462762e-06,0
3.999999999999999e-06,0.0,6.995e-05,1.4947191235938168e-06,0
3.999999999999999e-06,0.0,7.11e-05,1.0350730789818732e-06,0
3.999999999999999e-06,0.0,7.225e-05,5.87755236385452e-07,0
3.999999999999999e-06,0.0,7.34e-05,1.4043739378903615e-07,0
3.999999999999999e-06,0.0,7.455e-05,-3.068804488073797e-07,1
3.999999999999999e-06,0.0,7.57e-05,-7.541982914038011e-07,1
3.999999999999999e-06,0.0,7.685e-05,-1.2015161340002174e-06,1
3.999999999999999e-06,0.0,7.8e-05,-1.6488339765966337e-06,1
3.999999999999999e-06,0.0,7.915e-05,-2.0961518191930547e-06,1
3.999999999999999e-06,0.0,8.03e-05,-2.543469661789471e-06,1
3.999999999999999e-06,0.0,8.145e-05,-2.990787504385887e-06,1
3.999999999999999e-06,0.0,8.26e-05,-3.4381053469823074e-06,1
3.999999999999999e-06,0.0,8.375e-05,-3.8854231895787245e-06,1
3.999999999999999e-06,0.0,8.49e-05,-4.332741032175141e-06,1
3.999999999999999e-06,0.0,8.605e-05,-4.780058874771561e-06,1
3.999999999999999e-06,0.0,8.72e-05,-5e-06,1
3.999999999999999e-06,0.0,8.835e-05,-5e-06,1
3.999999999999999e-06,0.0,8.950000000000001e-05,-5e-06,1
3.999999999999999e-06,0.0,9.065000000000001e-05,-5e-06,1
3.999999999999999e-06,0.0,9.180000000000001e-05,-5e-06,1
3.999999999999999e-06,0.0,9.295000000000001e-05,-5e-06,1
3.999999999999999e-06,0.0,9.410000000000001e-05,-5e-06,1
3.999999999999999e-06,0.0,9.525000000000001e-05,-5e-06,1
3.999999999999999e-06,0.0,9.640000000000001e-05,-5e-06,1
3.999999999999999e-06,0.0,9.755e-05,-5e-06,1
3.999999999999999e-06,0.0,9.87e-05,-5e-06,1
3.999999999999999e-06,0.0,9.985e-05,-5e-06,1
3.999999999999999e-06,0.0,0.000101,-5e-06,1
3.999999999999999e-06,0.0,0.00010215,-5e-06,1
3.999999999999999e-06,0.0,0.0001033,-5e-06,1
3.999999999999999e-06,0.0,0.00010445,-5e-06,1
3.999999999999999e-06,0.0,0.00010559999999999999,-5e-06,1
3.999999999999999e-06,0.0,0.00010674999999999999,-5e-06,1
3.999999999999999e-06,0.0,0.0001079,-5e-06,1
3.999999999999999e-06,0.0,0.00010905,-5e-06,1
3.999999999999999e-06,0.0,0.0001102,-5e-06,1
3.999999999999999e-06,0.0,0.00011135,-5e-06,1
3.999999999999999e-06,0.0,0.0001125,-5e-06,1
3.999999999999999e-06,0.0,0.00011365,-5e-06,1
3.999999999999999e-06,0.0,0.0001148,-5e-06,1
3.999999999999999e-06,0.0,0.00011595,-4.049999999999985e-06,1
3.999999999999999e-06,0.0,0.0001171,-2.899999999999984e-06,1
3.999999999999999e-06,0.0,0.00011825,-1.7499999999999832e-06,1
3.999999999999999e-06,0.0,0.0001194,-5.999999999999824e-07,1
3.999999999999999e-06,0.0,0.00012055,5.500000000000185e-07,0
3.999999999999999e-06,0.0,0.0001217,1.700000000000019e-06,0
3.999999999999999e-06,0.0,0.00012285,2.85000000000002e-06,0
3.999999999999999e-06,0.0,0.000124,4.000000000000021e-06,0
4.999999999999996e-06,0.0,5.5e-05,1.4720045146669346e-05,0
4.999999999999996e-06,0.0,5.615e-05,1.3619942839853569e-05,0
4.999999999999996e-06,0.0,5.7300000000000004e-05,1.2527073130503374e-05,0
4.999999999999996e-06,0.0,5.8450000000000005e-05,1.1443077926813242e-05,0
4.999999999999996e-06,0.0,5.96e-05,1.0370115930686616e-05,0
4.999999999999996e-06,0.0,6.075e-05,9.31107225224513e-06,0
4.999999999999996e-06,0.0,6.19e-05,8.269871339105872e-06,0
4.999999999999996e-06,0.0,6.305e-05,7.251951033827658e-06,0
4.999999999999996e-06,0.0,6.42e-05,6.2649878575203735e-06,0
4.999999999999996e-06,0.0,6.535e-05,5.32000600961321e-06,0
4.999999999999996e-06,0.0,6.65e-05,4.433034373659249e-06,0
4.999999999999996e-06,0.0,6.765e-05,3.6274052237659297e-06,0
4.999999999999996e-06,0.0,6.88e-05,2.9363288318623272e-06,0
4.999999999999996e-06,0.0,6.995e-05,2.4036404829896693e-06,0
4.999999999999996e-06,0.0,7.11e-05,1.956322640393252e-06,0
4.999999999999996e-06,0.0,7.225e-05,1.5090047977968365e-06,0
4.999999999999996e-06,0.0,7.34e-05,1.0616869552004194e-06,0
4.999999999999996e-06,0.0,7.455e-05,6.14369112603999e-07,0
4.999999999999996e-06,0.0,7.57e-05,1.6705127000758275e-07,0
4.999999999999996e-06,0.0,7.685e-05,-2.802665725888331e-07,1
4.999999999999996e-06,0.0,7.8e-05,-7.275844151852545e-07,1
4.999999999999996e-06,0.0,7.915e-05,-1.1749022577816704e-06,1
4.999999999999996e-06,0.0,8.03e-05,-1.6222201003780869e-06,1
4.999999999999996e-06,0.0,8.145e-05,-2.069537942974503e-06,1
4.999999999999996e-06,0.0,8.26e-05,-2.516855785570924e-06,1
4.999999999999996e-06,0.0,8.375e-05,-2.9641736281673407e-06,1
4.999999999999996e-06,0.0,8.49e-05,-3.411491470763761e-06,1
4.999999999999996e-06,0.0,8.605e-05,-3.8588093133601775e-06,1
4.999999999999996e-06,0.0,8.72e-05,-4.306127155956594e-06,1
4.999999999999996e-06,0.0,8.835e-05,-4.753444998553009e-06,1
4.999999999999996e-06,0.0,8.950000000000001e-05,-5e-06,1
4.999999999999996e-06,0.0,9.065000000000001e-05,-5e-06,1
4.999999999999996e-06,0.0,9.180000000000001e-05,-5e-06,1
4.999999999999996e-06,0.0,9.295000000000001e-05,-5e-06,1
4.999999999999996e-06,0.0,9.410000000000001e-05,-5e-06,1
4.999999999999996e-06,0.0,9.525000000000001e-05,-5e-06,1
4.999999999999996e-06,0.0,9.640000000000001e-05,-5e-06,1
4.999999999999996e-06,0.0,9.755e-05,-5e-06,1
4.999999999999996e-06,0.0,9.87e-05,-5e-06,1
4.999999999999996e-06,0.0,9.985e-05,-5e-06,1
4.999999999999996e-06,0.0,0.000101,-5e-06,1
4.999999999999996e-06,0.0,0.00010215,-5e-06,1
4.999999999999996e-06,0.0,0.0001033,-5e-06,1
4.999999999999996e-06,0.0,0.00010445,-5e-06,1
4.999999999999996e-06,0.0,0.00010559999999999999,-5e-06,1
4.999999999999996e-06,0.0,0.00010674999999999999,-5e-06,1
4.999999999999996e-06,0.0,0.0001079,-5e-06,1
4.999999999999996e-06,0.0,0.00010905,-5e-06,1
4.999999999999996e-06,0.0,0.0001102,-5e-06,1
4.999999999999996e-06,0.0,0.00011135,-5e-06,1
4.999999999999996e-06,0.0,0.0001125,-5e-06,1
4.999999999999996e-06,0.0,0.00011365,-5e-06,1
4.999999999999996e-06,0.0,0.0001148,-5e-06,1
4.999999999999996e-06,0.0,0.00011595,-4.049999999999985e-06,1
4.999999999999996e-06,0.0,0.0001171,-2.899999999999984e-06,1
4.999999999999996e-06,0.0,0.00011825,-1.7499999999999832e-06,1
4.999999999999996e-06,0.0,0.0001194,-5.999999999999824e-07,1
4.999999999999996e-06,0.0,0.00012055,5.500000000000185e-07,0
4.999999999999996e-06,0.0,0.0001217,1.700000000000019e-06,0
4.999999999999996e-06,0.0,0.00012285,2.85000000000002e-06,0
4.999999999999996e-06,0.0,0.000124,4.000000000000021e-06,0
6e-06,0.0,5.5e-05,1.5027756377319945e-05,0
6e-06,0.0,5.615e-05,1.3947639953692668e-05,0
6e-06,0.0,5.7300000000000004e-05,1.2877342346879087e-05,0
6e-06,0.0,5.8450000000000005e-05,1.181899119373515e-05,0
6e-06,0.0,5.96e-05,1.0775340286178055e-05,0
6e-06,0.0,6.075e-05,9.750000000000002e-06,0
6e-06,0.0,6.19e-05,8.747765745025734e-06,0
6e-06,0.0,6.305e-05,7.775087006609275e-06,0
6e-06,0.0,6.42e-05,6.840731680114035e-06,0
6e-06,0.0,6.535e-05,5.956701401743835e-06,0
6e-06,0.0,6.65e-05,5.1394102980498514e-06,0
6e-06,0.0,6.765e-05,4.410971596221373e-06,0
6e-06,0.0,6.88e-05,3.7999999999999983e-06,0
6e-06,0.0,6.995e-05,3.324890044401059e-06,0
6e-06,0.0,7.11e-05,2.877572201804642e-06,0
6e-06,0.0,7.225e-05,2.4302543592082257e-06,0
6e-06,0.0,7.34e-05,1.98293651661181e-06,0
6e-06,0.0,7.455e-05,1.5356186740153878e-06,0
6e-06,0.0,7.57e-05,1.0883008314189723e-06,0
6e-06,0.0,7.685e-05,6.409829888225562e-07,0
6e-06,0.0,7.8e-05,1.9366514622613486e-07,0
6e-06,0.0,7.915e-05,-2.53652696370281e-07,1
6e-06,0.0,8.03e-05,-7.009705389666977e-07,1
6e-06,0.0,8.145e-05,-1.1482883815631179e-06,1
6e-06,0.0,8.26e-05,-1.5956062241595344e-06,1
6e-06,0.0,8.375e-05,-2.04292406675595e-06,1
6e-06,0.0,8.49e-05,-2.4902419093523667e-06,1
6e-06,0.0,8.605e-05,-2.9375597519487877e-06,1
6e-06,0.0,8.72e-05,-3.384877594545204e-06,1
6e-06,0.0,8.835e-05,-3.8321954371416245e-06,1
6e-06,0.0,8.950000000000001e-05,-4.279513279738042e-06,1
6e-06,0.0,9.065000000000001e-05,-4.726831122334458e-06,1
6e-06,0.0,9.180000000000001e-05,-5e-06,1
6e-06,0.0,9.295000000000001e-05,-5e-06,1
6e-06,0.0,9.410000000000001e-05,-5e-06,1
6e-06,0.0,9.525000000000001e-05,-5e-06,1
6e-06,0.0,9.640000000000001e-05,-5e-06,1
6e-06,0.0,9.755e-05,-5e-06,1
6e-06,0.0,9.87e-05,-5e-06,1
6e-06,0.0,9.985e-05,-5e-06,1
6e-06,0.0,0.000101,-5e-06,1
6e-06,0.0,0.00010215,-5e-06,1
6e-06,0.0,0.0001033,-5e-06,1
6e-06,0.0,0.00010445,-5e-06,1
6e-06,0.0,0.00010559999999999999,-5e-06,1
6e-06,0.0,0.00010674999999999999,-5e-06,1
6e-06,0.0,0.0001079,-5e-06,1
6e-06,0.0,0.00010905,-5e-06,1
6e-06,0.0,0.0001102,-5e-06,1
6e-06,0.0,0.00011135,-5e-06,1
6e-06,0.0,0.0001125,-5e-06,1
6e-06,0.0,0.00011365,-5e-06,1
6e-06,0.0,0.0001148,-5e-06,1
6e-06,0.0,0.00011595,-4.049999999999985e-06,1
6e-06,0.0,0.0001171,-2.899999999999984e-06,1
6e-06,0.0,0.00011825,-1.7499999999999832e-06,1
6e-06,0.0,0.0001194,-5.999999999999824e-07,1
6e-06,0.0,0.00012055,5.500000000000185e-07,0
6e-06,0.0,0.0001217,1.700000000000019e-06,0
6e-06,0.0,0.00012285,2.85000000000002e-06,0
6e-06,0.0,0.000124,4.000000000000021e-06,0
7.000000000000004e-06,0.0,5.5e-05,1.538477631085024e-05,0
7.000000000000004e-06,0.0,5.615e-05,1.432692990693966e-05,0
7.000000000000004e-06,0.0,5.7300000000000004e-05,1.3281584689458212e-05,0
7.000000000000004e-06,0.0,5.8450000000000005e-05,1.2251311419022299e-05,0
7.000000000000004e-06,0.0,5.96e-05,1.1239382009062055e-05,0
7.000000000000004e-06,0.0,6.075e-05,1.0250000000000004e-05,0
7.000000000000004e-06,0.0,6.19e-05,9.28861261493746e-06,0
7.000000000000004e-06,0.0,6.305e-05,8.362328106510569e-06,0
7.000000000000004e-06,0.0,6.42e-05,7.480458005259124e-06,0
7.000000000000004e-06,0.0,6.535e-05,6.655179956893609e-06,0
7.000000000000004e-06,0.0,6.65e-05,5.90224690738243e-06,0
7.000000000000004e-06,0.0,6.765e-05,5.24151078383084e-06,0
7.000000000000004e-06,0.0,6.88e-05,4.696752561957545e-06,0
7.000000000000004e-06,0.0,6.995e-05,4.246139605812448e-06,0
7.000000000000004e-06,0.0,7.11e-05,3.798821763216031e-06,0
7.000000000000004e-06,0.0,7.225e-05,3.3515039206196154e-06,0
7.000000000000004e-06,0.0,7.34e-05,2.904186078023199e-06,0
7.000000000000004e-06,0.0,7.455e-05,2.4568682354267786e-06,0
7.000000000000004e-06,0.0,7.57e-05,2.0095503928303623e-06,0
7.000000000000004e-06,0.0,7.685e-05,1.562232550233945e-06,0
7.000000000000004e-06,0.0,7.8e-05,1.1149147076375244e-06,0
7.000000000000004e-06,0.0,7.915e-05,6.675968650411088e-07,0
7.000000000000004e-06,0.0,8.03e-05,2.2027902244469247e-07,0
7.000000000000004e-06,0.0,8.145e-05,-2.2703882015172934e-07,1
7.000000000000004e-06,0.0,8.26e-05,-6.743566627481452e-07,1
7.000000000000004e-06,0.0,8.375e-05,-1.1216745053445615e-06,1
7.000000000000004e-06,0.0,8.49e-05,-1.5689923479409827e-06,1
7.000000000000004e-06,0.0,8.605e-05,-2.016310190537398e-06,1
7.000000000000004e-06,0.0,8.72e-05,-2.463628033133815e-06,1
7.000000000000004e-06,0.0,8.835e-05,-2.9109458757302297e-06,1
7.000000000000004e-06,0.0,8.950000000000001e-05,-3.358263718326651e-06,1
7.000000000000004e-06,0.0,9.065000000000001e-05,-3.805581560923068e-06,1
7.000000000000004e-06,0.0,9.180000000000001e-05,-4.252899403519489e-06,1
7.000000000000004e-06,0.0,9.295000000000001e-05,-4.700217246115905e-06,1
7.000000000000004e-06,0.0,9.410000000000001e-05,-5e-06,1
7.000000000000004e-06,0.0,9.525000000000001e-05,-5e-06,1
7.000000000000004e-06,0.0,9.640000000000001e-05,-5e-06,1
7.000000000000004e-06,0.0,9.755e-05,-5e-06,1
7.000000000000004e-06,0.0,9.87e-05,-5e-06,1
7.000000000000004e-06,0.0,9.985e-05,-5e-06,1
7.000000000000004e-06,0.0,0.000101,-5e-06,1
7.000000000000004e-06,0.0,0.00010215,-5e-06,1
7.000000000000004e-06,0.0,0.0001033,-5e-06,1
7.000000000000004e-06,0.0,0.00010445,-5e-06,1
7.000000000000004e-06,0.0,0.00010559999999999999,-5e-06,1
7.000000000000004e-06,0.0,0.00010674999999999999,-5e-06,1
7.000000000000004e-06,0.0,0.0001079,-5e-06,1
7.000000000000004e-06,0.0,0.00010905,-5e-06,1
7.000000000000004e-06,0.0,0.0001102,-5e-06,1
7.000000000000004e-06,0.0,0.00011135,-5e-06,1
7.000000000000004e-06,0.0,0.0001125,-5e-06,1
7.000000000000004e-06,0.0,0.00011365,-5e-06,1
7.000000000000004e-06,0.0,0.0001148,-5e-06,1
7.000000000000004e-06,0.0,0.00011595,-4.049999999999985e-06,1
7.000000000000004e-06,0.0,0.0001171,-2.899999999999984e-06,1
7.000000000000004e-06,0.0,0.00011825,-1.7499999999999832e-06,1
7.000000000000004e-06,0.0,0.0001194,-5.999999999999824e-07,1
7.000000000000004e-06,0.0,0.00012055,5.500000000000185e-07,0
7.000000000000004e-06,0.0,0.0001217,1.700000000000019e-06,0
7.000000000000004e-06,0.0,0.00012285,2.85000000000002e-06,0
7.000000000000004e-06,0.0,0.000124,4.000000000000021e-06,0
7.999999999999995e-06,0.0,5.5e-05,1.5788294228055933e-05,0
7.999999999999995e-06,0.0,5.615e-05,1.4754506470189472e-05,0
7.999999999999995e-06,0.0,5.7300000000000004e-05,1.373588957898563e-05,0
7.999999999999995e-06,0.0,5.8450000000000005e-05,1.2735390049185304e-05,0
7.999999999999995e-06,0.0,5.96e-05,1.1756693396557373e-05,0
7.999999999999995e-06,0.0,6.075e-05,1.0804437692278522e-05,0
7.999999999999995e-06,0.0,6.19e-05,9.884486796143645e-06,0
7.999999999999995e-06,0.0,6.305e-05,9.004270073602973e-06,0
7.999999999999995e-06,0.0,6.42e-05,8.173182178770733e-06,0
7.999999999999995e-06,0.0,6.535e-05,7.4030043737374216e-06,0
7.999999999999995e-06,0.0,6.65e-05,6.708243919473795e-06,0
7.999999999999995e-06,0.0,6.765e-05,6.106179220726983e-06,0
7.999999999999995e-06,0.0,6.88e-05,5.614707009820239e-06,0
7.999999999999995e-06,0.0,6.995e-05,5.167389167223822e-06,0
7.999999999999995e-06,0.0,7.11e-05,4.72007132462741e-06,0
7.999999999999995e-06,0.0,7.225e-05,4.272753482030995e-06,0
7.999999999999995e-06,0.0,7.34e-05,3.825435639434573e-06,0
7.999999999999995e-06,0.0,7.455e-05,3.3781177968381565e-06,0
7.999999999999995e-06,0.0,7.57e-05,2.9307999542417402e-06,0
7.999999999999995e-06,0.0,7.685e-05,2.4834821116453197e-06,0
7.999999999999995e-06,0.0,7.8e-05,2.0361642690489034e-06,0
7.999999999999995e-06,0.0,7.915e-05,1.5888464264524877e-06,0
7.999999999999995e-06,0.0,8.03e-05,1.1415285838560655e-06,0
7.999999999999995e-06,0.0,8.145e-05,6.942107412596494e-07,0
7.999999999999995e-06,0.0,8.26e-05,2.4689289866323356e-07,0
7.999999999999995e-06,0.0,8.375e-05,-2.0042494393318697e-07,1
7.999999999999995e-06,0.0,8.49e-05,-6.477427865296041e-07,1
7.999999999999995e-06,0.0,8.605e-05,-1.0950606291260191e-06,1
7.999999999999995e-06,0.0,8.72e-05,-1.5423784717224403e-06,1
7.999999999999995e-06,0.0,8.835e-05,-1.989696314318856e-06,1
7.999999999999995e-06,0.0,8.950000000000001e-05,-2.4370141569152744e-06,1
7.999999999999995e-06,0.0,9.065000000000001e-05,-2.8843319995116945e-06,1
7.999999999999995e-06,0.0,9.180000000000001e-05,-3.331649842108109e-06,1
7.999999999999995e-06,0.0,9.295000000000001e-05,-3.778967684704528e-06,1
7.999999999999995e-06,0.0,9.410000000000001e-05,-4.2262855273009485e-06,1
7.999999999999995e-06,0.0,9.525000000000001e-05,-4.673603369897365e-06,1
7.999999999999995e-06,0.0,9.640000000000001e-05,-5e-06,1
7.999999999999995e-06,0.0,9.755e-05,-5e-06,1
7.999999999999995e-06,0.0,9.87e-05,-5e-06,1
7.999999999999995e-06,0.0,9.985e-05,-5e-06,1
7.999999999999995e-06,0.0,0.000101,-5e-06,1
7.999999999999995e-06,0.0,0.00010215,-5e-06,1
7.999999999999995e-06,0.0,0.0001033,-5e-06,1
7.999999999999995e-06,0.0,0.00010445,-5e-06,1
7.999999999999995e-06,0.0,0.00010559999999999999,-5e-06,1
7.999999999999995e-06,0.0,0.00010674999999999999,-5e-06,1
7.999999999999995e-06,0.0,0.0001079,-5e-06,1
7.999999999999995e-06,0.0,0.00010905,-5e-06,1
7.999999999999995e-06,0.0,0.0001102,-5e-06,1
7.999999999999995e-06,0.0,0.00011135,-5e-06,1
7.999999999999995e-06,0.0,0.0001125,-5e-06,1
7.999999999999995e-06,0.0,0.00011365,-5e-06,1
7.999999999999995e-06,0.0,0.0001148,-5e-06,1
7.999999999999995e-06,0.0,0.00011595,-4.049999999999985e-06,1
7.999999999999995e-06,0.0,0.0001171,-2.899999999999984e-06,1
7.999999999999995e-06,0.0,0.00011825,-1.7499999999999832e-06,1
7.999999999999995e-06,0.0,0.0001194,-5.999999999999824e-07,1
7.999999999999995e-06,0.0,0.00012055,5.500000000000185e-07,0
7.999999999999995e-06,0.0,0.0001217,1.700000000000019e-06,0
7.999999999999995e-06,0.0,0.00012285,2.85000000000002e-06,0
7.999999999999995e-06,0.0,0.000124,4.000000000000021e-06,0
8.999999999999999e-06,0.0,5.5e-05,1.6235384061671344e-05,0
8.999999999999999e-06,0.0,5.615e-05,1.5226971772623118e-05,0
8.999999999999999e-06,0.0,5.7300000000000004e-05,1.4236298906667866e-05,0
8.999999999999999e-06,0.0,5.8450000000000005e-05,1.32666068987973e-05,0
8.999999999999999e-06,0.0,5.96e-05,1.2321879780235847e-05,0
8.999999999999999e-06,0.0,6.075e-05,1.140702953422391e-05,0
8.999999999999999e-06,0.0,6.19e-05,1.0528118864054973e-05,0
8.999999999999999e-06,0.0,6.305e-05,9.692615963622313e-06,0
8.999999999999999e-06,0.0,6.42e-05,8.909659944767524e-06,0
8.999999999999999e-06,0.0,6.535e-05,8.190285965961725e-06,0
8.999999999999999e-06,0.0,6.65e-05,7.5475115548644915e-06,0
8.999999999999999e-06,0.0,6.765e-05,6.9961242489276795e-06,0
8.999999999999999e-06,0.0,6.88e-05,6.535956571231628e-06,0
8.999999999999999e-06,0.0,6.995e-05,6.088638728635212e-06,0
8.999999999999999e-06,0.0,7.11e-05,5.6413208860388e-06,0
8.999999999999999e-06,0.0,7.225e-05,5.194003043442385e-06,0
8.999999999999999e-06,0.0,7.34e-05,4.746685200845963e-06,0
8.999999999999999e-06,0.0,7.455e-05,4.299367358249546e-06,0
8.999999999999999e-06,0.0,7.57e-05,3.85204951565313e-06,0
8.999999999999999e-06,0.0,7.685e-05,3.4047316730567095e-06,0
8.999999999999999e-06,0.0,7.8e-05,2.957413830460293e-06,0
8.999999999999999e-06,0.0,7.915e-05,2.510095987863877e-06,0
8.999999999999999e-06,0.0,8.03e-05,2.0627781452674564e-06,0
8.999999999999999e-06,0.0,8.145e-05,1.615460302671039e-06,0
8.999999999999999e-06,0.0,8.26e-05,1.1681424600746227e-06,0
8.999999999999999e-06,0.0,8.375e-05,7.208246174782024e-07,0
8.999999999999999e-06,0.0,8.49e-05,2.7350677488178524e-07,0
8.999999999999999e-06,0.0,8.605e-05,-1.7381106771463063e-07,1
8.999999999999999e-06,0.0,8.72e-05,-6.211289103110516e-07,1
8.999999999999999e-06,0.0,8.835e-05,-1.0684467529074658e-06,1
8.999999999999999e-06,0.0,8.950000000000001e-05,-1.515764595503884e-06,1
8.999999999999999e-06,0.0,9.065000000000001e-05,-1.9630824381003043e-06,1
8.999999999999999e-06,0.0,9.180000000000001e-05,-2.410400280696721e-06,1
8.999999999999999e-06,0.0,9.295000000000001e-05,-2.8577181232931373e-06,1
8.999999999999999e-06,0.0,9.410000000000001e-05,-3.305035965889558e-06,1
8.999999999999999e-06,0.0,9.525000000000001e-05,-3.752353808485974e-06,1
8.999999999999999e-06,0.0,9.640000000000001e-05,-4.199671651082391e-06,1
8.999999999999999e-06,0.0,9.755e-05,-4.646989493678801e-06,1
8.999999999999999e-06,0.0,9.87e-05,-5e-06,1
8.999999999999999e-06,0.0,9.985e-05,-5e-06,1
8.999999999999999e-06,0.0,0.000101,-5e-06,1
8.999999999999999e-06,0.0,0.00010215,-5e-06,1
8.999999999999999e-06,0.0,0.0001033,-5e-06,1
8.999999999999999e-06,0.0,0.00010445,-5e-06,1
8.999999999999999e-06,0.0,0.00010559999999999999,-5e-06,1
8.999999999999999e-06,0.0,0.00010674999999999999,-5e-06,1
8.999999999999999e-06,0.0,0.0001079,-5e-06,1
8.999999999999999e-06,0.0,0.00010905,-5e-06,1
8.999999999999999e-06,0.0,0.0001102,-5e-06,1
8.999999999999999e-06,0.0,0.00011135,-5e-06,1
8.999999999999999e-06,0.0,0.0001125,-5e-06,1
8.999999999999999e-06,0.0,0.00011365,-5e-06,1
8.999999999999999e-06,0.0,0.0001148,-5e-06,1
8.999999999999999e-06,0.0,0.00011595,-4.049999999999985e-06,1
8.999999999999999e-06,0.0,0.0001171,-2.899999999999984e-06,1
8.999999999999999e-06,0.0,0.00011825,-1.7499999999999832e-06,1
8.999999999999999e-06,0.0,0.0001194,-5.999999999999824e-07,1
8.999999999999999e-06,0.0,0.00012055,5.500000000000185e-07,0
8.999999999999999e-06,0.0,0.0001217,1.700000000000019e-06,0
8.999999999999999e-06,0.0,0.00012285,2.85000000000002e-06,0
8.999999999999999e-06,0.0,0.000124,4.000000000000021e-06,0
1.0000000000000003e-05,0.0,5.5e-05,1.6723082923316023e-05,0
1.0000000000000003e-05,0.0,5.615e-05,1.5740931140154166e-05,0
1.0000000000000003e-05,0.0,5.7300000000000004e-05,1.4778920102188433e-05,0
1.0000000000000003e-05,0.0,5.8450000000000005e-05,1.3840501773997116e-05,0
1.0000000000000003e-05,0.0,5.96e-05,1.2929846201391906e-05,0
1.0000000000000003e-05,0.0,6.075e-05,1.2051993223490373e-05,0
1.0000000000000003e-05,0.0,6.19e-05,1.1213022197970425e-05,0
1.0000000000000003e-05,0.0,6.305e-05,1.0420227270802833e-05,0
1.0000000000000003e-05,0.0,6.42e-05,9.682271089990154e-06,0
1.0000000000000003e-05,0.0,6.535e-05,9.009267254916099e-06,0
1.0000000000000003e-05,0.0,6.65e-05,8.412712210513328e-06,0
1.0000000000000003e-05,0.0,6.765e-05,7.905159329418348e-06,0
1.0000000000000003e-05,0.0,6.88e-05,7.457206132643018e-06,0
1.0000000000000003e-05,0.0,6.995e-05,7.0098882900466005e-06,0
1.0000000000000003e-05,0.0,7.11e-05,6.562570447450189e-06,0
1.0000000000000003e-05,0.0,7.225e-05,6.115252604853774e-06,0
1.0000000000000003e-05,0.0,7.34e-05,5.6679347622573516e-06,0
1.0000000000000003e-05,0.0,7.455e-05,5.220616919660936e-06,0
1.0000000000000003e-05,0.0,7.57e-05,4.773299077064521e-06,0
1.0000000000000003e-05,0.0,7.685e-05,4.3259812344680984e-06,0
1.0000000000000003e-05,0.0,7.8e-05,3.878663391871682e-06,0
1.0000000000000003e-05,0.0,7.915e-05,3.4313455492752616e-06,0
1.0000000000000003e-05,0.0,8.03e-05,2.9840277066788445e-06,0
1.0000000000000003e-05,0.0,8.145e-05,2.536709864082429e-06,0
1.0000000000000003e-05,0.0,8.26e-05,2.0893920214860127e-06,0
1.0000000000000003e-05,0.0,8.375e-05,1.642074178889592e-06,0
1.0000000000000003e-05,0.0,8.49e-05,1.1947563362931748e-06,0
1.0000000000000003e-05,0.0,8.605e-05,7.474384936967596e-07,0
1.0000000000000003e-05,0.0,8.72e-05,3.0012065110033777e-07,0
1.0000000000000003e-05,0.0,8.835e-05,-1.4719719149607726e-07,1
1.0000000000000003e-05,0.0,8.950000000000001e-05,-5.94515034092494e-07,1
1.0000000000000003e-05,0.0,9.065000000000001e-05,-1.041832876688914e-06,1
1.0000000000000003e-05,0.0,9.180000000000001e-05,-1.4891507192853308e-06,1
1.0000000000000003e-05,0.0,9.295000000000001e-05,-1.936468561881749e-06,1
1.0000000000000003e-05,0.0,9.410000000000001e-05,-2.3837864044781706e-06,1
1.0000000000000003e-05,0.0,9.525000000000001e-05,-2.8311042470745856e-06,1
1.0000000000000003e-05,0.0,9.640000000000001e-05,-3.2784220896710024e-06,1
1.0000000000000003e-05,0.0,9.755e-05,-3.7257399322674127e-06,1
1.0000000000000003e-05,0.0,9.87e-05,-4.173057774863834e-06,1
1.0000000000000003e-05,0.0,9.985e-05,-4.6203756174602496e-06,1
1.0000000000000003e-05,0.0,0.000101,-5e-06,1
1.0000000000000003e-05,0.0,0.00010215,-5e-06,1
1.0000000000000003e-05,0.0,0.0001033,-5e-06,1
1.0000000000000003e-05,0.0,0.00010445,-5e-06,1
1.0000000000000003e-05,0.0,0.00010559999999999999,-5e-06,1
1.0000000000000003e-05,0.0,0.00010674999999999999,-5e-06,1
1.0000000000000003e-05,0.0,0.0001079,-5e-06,1
1.0000000000000003e-05,0.0,0.00010905,-5e-06,1
1.0000000000000003e-05,0.0,0.0001102,-5e-06,1
1.0000000000000003e-05,0.0,0.00011135,-5e-06,1
1.0000000000000003e-05,0.0,0.0001125,-5e-06,1
1.0000000000000003e-05,0.0,0.00011365,-5e-06,1
1.0000000000000003e-05,0.0,0.0001148,-5e-06,1
1.0000000000000003e-05,0.0,0.00011595,-4.049999999999985e-06,1
1.0000000000000003e-05,0.0,0.0001171,-2.899999999999984e-06,1
1.0000000000000003e-05,0.0,0.00011825,-1.7499999999999832e-06,1
1.0000000000000003e-05,0.0,0.0001194,-5.999999999999824e-07,1
1.0000000000000003e-05,0.0,0.00012055,5.500000000000185e-07,0
1.0000000000000003e-05,0.0,0.0001217,1.700000000000019e-06,0
1.0000000000000003e-05,0.0,0.00012285,2.85000000000002e-06,0
1.0000000000000003e-05,0.0,0.000124,4.000000000000021e-06,0
1.1e-05,0.0,5.5e-05,1.7248456731316587e-05,0
1.1e-05,0.0,5.615e-05,1.629306870355258e-05,0
1.1e-05,0.0,5.7300000000000004e-05,1.5360010893242954e-05,0
1.1e-05,0.0,5.8450000000000005e-05,1.4452865094304714e-05,0
1.1e-05,0.0,5.96e-05,1.3575886099994777e-05,0
1.1e-05,0.0,6.075e-05,1.2734118977559564e-05,0
1.1e-05,0.0,6.19e-05,1.1933519344079614e-05,0
1.1e-05,0.0,6.305e-05,1.1181061314302255e-05,0
1.1e-05,0.0,6.42e-05,1.0484806264830058e-05,0
1.1e-05,0.0,6.535e-05,9.853890461646233e-06,0
1.1e-05,0.0,6.65e-05,9.298373876248842e-06,0
1.1e-05,0.0,6.765e-05,8.825773536650818e-06,0
1.1e-05,0.0,6.88e-05,8.3784556940544e-06,0
1.1e-05,0.0,6.995e-05,7.931137851457985e-06,0
1.1e-05,0.0,7.11e-05,7.483820008861576e-06,0
1.1e-05,0.0,7.225e-05,7.036502166265153e-06,0
1.1e-05,0.0,7.34e-05,6.589184323668735e-06,0
1.1e-05,0.0,7.455e-05,6.14186648107232e-06,0
1.1e-05,0.0,7.57e-05,5.6945486384758994e-06,0
1.1e-05,0.0,7.685e-05,5.247230795879482e-06,0
1.1e-05,0.0,7.8e-05,4.799912953283067e-06,0
1.1e-05,0.0,7.915e-05,4.352595110686646e-06,0
1.1e-05,0.0,8.03e-05,3.905277268090229e-06,0
1.1e-05,0.0,8.145e-05,3.4579594254938137e-06,0
1.1e-05,0.0,8.26e-05,3.0106415828973923e-06,0
1.1e-05,0.0,8.375e-05,2.563323740300976e-06,0
1.1e-05,0.0,8.49e-05,2.1160058977045597e-06,0
1.1e-05,0.0,8.605e-05,1.668688055108139e-06,0
1.1e-05,0.0,8.72e-05,1.2213702125117227e-06,0
1.1e-05,0.0,8.835e-05,7.740523699153066e-07,0
1.1e-05,0.0,8.950000000000001e-05,3.267345273188848e-07,0
1.1e-05,0.0,9.065000000000001e-05,-1.2058331527753193e-07,1
1.1e-05,0.0,9.180000000000001e-05,-5.67901157873947e-07,1
1.1e-05,0.0,9.295000000000001e-05,-1.0152190004703633e-06,1
1.1e-05,0.0,9.410000000000001e-05,-1.4625368430667853e-06,1
1.1e-05,0.0,9.525000000000001e-05,-1.9098546856632005e-06,1
1.1e-05,0.0,9.640000000000001e-05,-2.3571725282596185e-06,1
1.1e-05,0.0,9.755e-05,-2.8044903708560323e-06,1
1.1e-05,0.0,9.87e-05,-3.2518082134524486e-06,1
1.1e-05,0.0,9.985e-05,-3.6991260560488657e-06,1
1.1e-05,0.0,0.000101,-4.146443898645288e-06,1
1.1e-05,0.0,0.00010215,-4.5937617412417025e-06,1
1.1e-05,0.0,0.0001033,-5e-06,1
1.1e-05,0.0,0.00010445,-5e-06,1
1.1e-05,0.0,0.00010559999999999999,-5e-06,1
1.1e-05,0.0,0.00010674999999999999,-5e-06,1
1.1e-05,0.0,0.0001079,-5e-06,1
1.1e-05,0.0,0.00010905,-5e-06,1
1.1e-05,0.0,0.0001102,-5e-06,1
1.1e-05,0.0,0.00011135,-5e-06,1
1.1e-05,0.0,0.0001125,-5e-06,1
1.1e-05,0.0,0.00011365,-5e-06,1
1.1e-05,0.0,0.0001148,-5e-06,1
1.1e-05,0.0,0.00011595,-4.049999999999985e-06,1
1.1e-05,0.0,0.0001171,-2.899999999999984e-06,1
1.1e-05,0.0,0.00011825,-1.7499999999999832e-06,1
1.1e-05,0.0,0.0001194,-5.999999999999824e-07,1
1.1e-05,0.0,0.00012055,5.500000000000185e-07,0
1.1e-05,0.0,0.0001217,1.700000000000019e-06,0
1.1e-05,0.0,0.00012285,2.85000000000002e-06,0
1.1e-05,0.0,0.000124,4.000000000000021e-06,0
1.2000000000000004e-05,0.0,5.5e-05,1.780865204668481e-05,0
1.2000000000000004e-05,0.0,5.615e-05,1.6880203721290184e-05,0
1.2000000000000004e-05,0.0,5.7300000000000004e-05,1.5976037521042165e-05,0
1.2000000000000004e-05,0.0,5.8450000000000005e-05,1.5099792816493783e-05,0
1.2000000000000004e-05,0.0,5.96e-05,1.4255723688098397e-05,0
1.2000000000000004e-05,0.0,6.075e-05,1.3448784149595987e-05,0
1.2000000000000004e-05,0.0,6.19e-05,1.2684705926475005e-05,0
1.2000000000000004e-05,0.0,6.305e-05,1.197005344011838e-05,0
1.2000000000000004e-05,0.0,6.42e-05,1.1312232530251879e-05,0
1.2000000000000004e-05,0.0,6.535e-05,1.0719420541699277e-05,0
1.2000000000000004e-05,0.0,6.65e-05,1.0200378782444088e-05,0
1.2000000000000004e-05,0.0,6.765e-05,9.747023098062208e-06,0
1.2000000000000004e-05,0.0,6.88e-05,9.299705255465791e-06,0
1.2000000000000004e-05,0.0,6.995e-05,8.852387412869374e-06,0
1.2000000000000004e-05,0.0,7.11e-05,8.405069570272962e-06,0
1.2000000000000004e-05,0.0,7.225e-05,7.957751727676541e-06,0
1.2000000000000004e-05,0.0,7.34e-05,7.510433885080127e-06,0
1.2000000000000004e-05,0.0,7.455e-05,7.06311604248371e-06,0
1.2000000000000004e-05,0.0,7.57e-05,6.615798199887288e-06,0
1.2000000000000004e-05,0.0,7.685e-05,6.168480357290873e-06,0
1.2000000000000004e-05,0.0,7.8e-05,5.721162514694456e-06,0
1.2000000000000004e-05,0.0,7.915e-05,5.273844672098035e-06,0
1.2000000000000004e-05,0.0,8.03e-05,4.826526829501618e-06,0
1.2000000000000004e-05,0.0,8.145e-05,4.379208986905203e-06,0
1.2000000000000004e-05,0.0,8.26e-05,3.931891144308781e-06,0
1.2000000000000004e-05,0.0,8.375e-05,3.484573301712365e-06,0
1.2000000000000004e-05,0.0,8.49e-05,3.037255459115948e-06,0
1.2000000000000004e-05,0.0,8.605e-05,2.589937616519528e-06,0
1.2000000000000004e-05,0.0,8.72e-05,2.1426197739231127e-06,0
1.2000000000000004e-05,0.0,8.835e-05,1.695301931326697e-06,0
1.2000000000000004e-05,0.0,8.950000000000001e-05,1.2479840887302748e-06,0
1.2000000000000004e-05,0.0,9.065000000000001e-05,8.006662461338583e-07,0
1.2000000000000004e-05,0.0,9.180000000000001e-05,3.5334840353743817e-07,0
1.2000000000000004e-05,0.0,9.295000000000001e-05,-9.396943905897982e-08,1
1.2000000000000004e-05,0.0,9.410000000000001e-05,-5.412872816553948e-07,1
1.2000000000000004e-05,0.0,9.525000000000001e-05,-9.886051242518099e-07,1
1.2000000000000004e-05,0.0,9.640000000000001e-05,-1.4359229668482283e-06,1
1.2000000000000004e-05,0.0,9.755e-05,-1.8832408094446423e-06,1
1.2000000000000004e-05,0.0,9.87e-05,-2.3305586520410588e-06,1
1.2000000000000004e-05,0.0,9.985e-05,-2.7778764946374768e-06,1
1.2000000000000004e-05,0.0,0.000101,-3.2251943372338973e-06,1
1.2000000000000004e-05,0.0,0.00010215,-3.672512179830312e-06,1
1.2000000000000004e-05,0.0,0.0001033,-4.119830022426731e-06,1
1.2000000000000004e-05,0.0,0.00010445,-4.567147865023152e-06,1
1.2000000000000004e-05,0.0,0.00010559999999999999,-5e-06,1
1.2000000000000004e-05,0.0,0.00010674999999999999,-5e-06,1
1.2000000000000004e-05,0.0,0.0001079,-5e-06,1
1.2000000000000004e-05,0.0,0.00010905,-5e-06,1
1.2000000000000004e-05,0.0,0.0001102,-5e-06,1
1.2000000000000004e-05,0.0,0.00011135,-5e-06,1
1.2000000000000004e-05,0.0,0.0001125,-5e-06,1
1.2000000000000004e-05,0.0,0.00011365,-5e-06,1
1.2000000000000004e-05,0.0,0.0001148,-5e-06,1
1.2000000000000004e-05,0.0,0.00011595,-4.049999999999985e-06,1
1.2000000000000004e-05,0.0,0.0001171,-2.899999999999984e-06,1
1.2000000000000004e-05,0.0,0.00011825,-1.7499999999999832e-06,1
1.2000000000000004e-05,0.0,0.0001194,-5.999999999999824e-07,1
1.2000000000000004e-05,0.0,0.00012055,5.500000000000185e-07,0
1.2000000000000004e-05,0.0,0.0001217,1.700000000000019e-06,0
1.2000000000000004e-05,0.0,0.00012285,2.85000000000002e-06,0
1.2000000000000004e-05,0.0,0.000124,4.000000000000021e-06,0
1.3000000000000001e-05,0.0,5.5e-05,1.8400934559032694e-05,0
1.3000000000000001e-05,0.0,5.615e-05,1.7499329257319614e-05,0
1.3000000000000001e-05,0.0,5.7300000000000004e-05,1.6623710148695125e-05,0
1.3000000000000001e-05,0.0,5.8450000000000005e-05,1.5777712853273692e-05,0
1.3000000000000001e-05,0.0,5.96e-05,1.4965522536235903e-05,0
1.3000000000000001e-05,0.0,6.075e-05,1.4191931246954196e-05,0
1.3000000000000001e-05,0.0,6.19e-05,1.3462381358722073e-05,0
1.3000000000000001e-05,0.0,6.305e-05,1.2782981340671985e-05,0
1.3000000000000001e-05,0.0,6.42e-05,1.2160474926597781e-05,0
1.3000000000000001e-05,0.0,6.535e-05,1.1602140254086043e-05,0
1.3000000000000001e-05,0.0,6.65e-05,1.1115594213493104e-05,0
1.3000000000000001e-05,0.0,6.765e-05,1.0668272659473592e-05,0
1.3000000000000001e-05,0.0,6.88e-05,1.0220954816877175e-05,0
1.3000000000000001e-05,0.0,6.995e-05,9.773636974280758e-06,0
1.3000000000000001e-05,0.0,7.11e-05,9.326319131684342e-06,0
1.3000000000000001e-05,0.0,7.225e-05,8.879001289087927e-06,0
1.3000000000000001e-05,0.0,7.34e-05,8.43168344649151e-06,0
1.3000000000000001e-05,0.0,7.455e-05,7.984365603895088e-06,0
1.3000000000000001e-05,0.0,7.57e-05,7.537047761298673e-06,0
1.3000000000000001e-05,0.0,7.685e-05,7.089729918702258e-06,0
1.3000000000000001e-05,0.0,7.8e-05,6.642412076105842e-06,0
1.3000000000000001e-05,0.0,7.915e-05,6.195094233509419e-06,0
1.3000000000000001e-05,0.0,8.03e-05,5.747776390913004e-06,0
1.3000000000000001e-05,0.0,8.145e-05,5.300458548316581e-06,0
1.3000000000000001e-05,0.0,8.26e-05,4.853140705720166e-06,0
1.3000000000000001e-05,0.0,8.375e-05,4.40582286312375e-06,0
1.3000000000000001e-05,0.0,8.49e-05,3.958505020527333e-06,0
1.3000000000000001e-05,0.0,8.605e-05,3.511187177930913e-06,0
1.3000000000000001e-05,0.0,8.72e-05,3.0638693353344957e-06,0
1.3000000000000001e-05,0.0,8.835e-05,2.616551492738075e-06,0
1.3000000000000001e-05,0.0,8.950000000000001e-05,2.169233650141659e-06,0
1.3000000000000001e-05,0.0,9.065000000000001e-05,1.7219158075452423e-06,0
1.3000000000000001e-05,0.0,9.180000000000001e-05,1.274597964948827e-06,0
1.3000000000000001e-05,0.0,9.295000000000001e-05,8.272801223524091e-07,0
1.3000000000000001e-05,0.0,9.410000000000001e-05,3.79962279755989e-07,0
1.3000000000000001e-05,0.0,9.525000000000001e-05,-6.735556284043153e-08,1
1.3000000000000001e-05,0.0,9.640000000000001e-05,-5.146734054368495e-07,1
1.3000000000000001e-05,0.0,9.755e-05,-9.619912480332616e-07,1
1.3000000000000001e-05,0.0,9.87e-05,-1.4093090906296802e-06,1
1.3000000000000001e-05,0.0,9.985e-05,-1.8566269332260982e-06,1
1.3000000000000001e-05,0.0,0.000101,-2.3039447758225134e-06,1
1.3000000000000001e-05,0.0,0.00010215,-2.7512626184189297e-06,1
1.3000000000000001e-05,0.0,0.0001033,-3.198580461015346e-06,1
1.3000000000000001e-05,0.0,0.00010445,-3.645898303611763e-06,1
1.3000000000000001e-05,0.0,0.00010559999999999999,-4.093216146208177e-06,1
1.3000000000000001e-05,0.0,0.00010674999999999999,-4.540533988804596e-06,1
1.3000000000000001e-05,0.0,0.0001079,-4.987851831401011e-06,1
1.3000000000000001e-05,0.0,0.00010905,-5e-06,1
1.3000000000000001e-05,0.0,0.0001102,-5e-06,1
1.3000000000000001e-05,0.0,0.00011135,-5e-06,1
1.3000000000000001e-05,0.0,0.0001125,-5e-06,1
1.3000000000000001e-05,0.0,0.00011365,-5e-06,1
1.3000000000000001e-05,0.0,0.0001148,-5e-06,1
1.3000000000000001e-05,0.0,0.00011595,-4.049999999999985e-06,1
1.3000000000000001e-05,0.0,0.0001171,-2.899999999999984e-06,1
1.3000000000000001e-05,0.0,0.00011825,-1.7499999999999832e-06,1
1.3000000000000001e-05,0.0,0.0001194,-5.999999999999824e-07,1
1.3000000000000001e-05,0.0,0.00012055,5.500000000000185e-07,0
1.3000000000000001e-05,0.0,0.0001217,1.700000000000019e-06,0
1.3000000000000001e-05,0.0,0.00012285,2.85000000000002e-06,0
1.3000000000000001e-05,0.0,0.000124,4.000000000000021e-06,0
1.3999999999999998e-05,0.0,5.5e-05,1.9022715545545242e-05,0
1.3999999999999998e-05,0.0,5.615e-05,1.8147635801668232e-05,0
1.3999999999999998e-05,0.0,5.7300000000000004e-05,1.73e-05,0
1.3999999999999998e-05,0.0,5.8450000000000005e-05,1.648339036204941e-05,0
1.3999999999999998e-05,0.0,5.96e-05,1.5701871564097536e-05,0
1.3999999999999998e-05,0.0,6.075e-05,1.4960025055661809e-05,0
1.3999999999999998e-05,0.0,6.19e-05,1.4262966141425404e-05,0
1.3999999999999998e-05,0.0,6.305e-05,1.3616332326960724e-05,0
1.3999999999999998e-05,0.0,6.42e-05,1.30262285020525e-05,0
1.3999999999999998e-05,0.0,6.535e-05,1.2499112877839168e-05,0
1.3999999999999998e-05,0.0,6.65e-05,1.2036840063481392e-05,0
1.3999999999999998e-05,0.0,6.765e-05,1.1589522220884976e-05,0
1.3999999999999998e-05,0.0,6.88e-05,1.1142204378288559e-05,0
1.3999999999999998e-05,0.0,6.995e-05,1.0694886535692138e-05,0
1.3999999999999998e-05,0.0,7.11e-05,1.0247568693095726e-05,0
1.3999999999999998e-05,0.0,7.225e-05,9.800250850499311e-06,0
1.3999999999999998e-05,0.0,7.34e-05,9.352933007902895e-06,0
1.3999999999999998e-05,0.0,7.455e-05,8.905615165306473e-06,0
1.3999999999999998e-05,0.0,7.57e-05,8.458297322710056e-06,0
1.3999999999999998e-05,0.0,7.685e-05,8.010979480113637e-06,0
1.3999999999999998e-05,0.0,7.8e-05,7.563661637517221e-06,0
1.3999999999999998e-05,0.0,7.915e-05,7.116343794920804e-06,0
1.3999999999999998e-05,0.0,8.03e-05,6.669025952324388e-06,0
1.3999999999999998e-05,0.0,8.145e-05,6.221708109727967e-06,0
1.3999999999999998e-05,0.0,8.26e-05,5.77439026713155e-06,0
1.3999999999999998e-05,0.0,8.375e-05,5.327072424535128e-06,0
1.3999999999999998e-05,0.0,8.49e-05,4.879754581938712e-06,0
1.3999999999999998e-05,0.0,8.605e-05,4.432436739342297e-06,0
1.3999999999999998e-05,0.0,8.72e-05,3.98511889674588e-06,0
1.3999999999999998e-05,0.0,8.835e-05,3.53780105414946e-06,0
1.3999999999999998e-05,0.0,8.950000000000001e-05,3.0904832115530427e-06,0
1.3999999999999998e-05,0.0,9.065000000000001e-05,2.643165368956623e-06,0
1.3999999999999998e-05,0.0,9.180000000000001e-05,2.195847526360206e-06,0
1.3999999999999998e-05,0.0,9.295000000000001e-05,1.7485296837637894e-06,0
1.3999999999999998e-05,0.0,9.410000000000001e-05,1.301211841167373e-06,0
1.3999999999999998e-05,0.0,9.525000000000001e-05,8.538939985709528e-07,0
1.3999999999999998e-05,0.0,9.640000000000001e-05,4.0657615597453603e-07,0
1.3999999999999998e-05,0.0,9.755e-05,-4.074168662187603e-08,1
1.3999999999999998e-05,0.0,9.87e-05,-4.880595292182911e-07,1
1.3999999999999998e-05,0.0,9.985e-05,-9.353773718147141e-07,1
1.3999999999999998e-05,0.0,0.000101,-1.382695214411133e-06,1
1.3999999999999998e-05,0.0,0.00010215,-1.830013057007548e-06,1
1.3999999999999998e-05,0.0,0.0001033,-2.2773308996039664e-06,1
1.3999999999999998e-05,0.0,0.00010445,-2.7246487422003827e-06,1
1.3999999999999998e-05,0.0,0.00010559999999999999,-3.1719665847968e-06,1
1.3999999999999998e-05,0.0,0.00010674999999999999,-3.6192844273932145e-06,1
1.3999999999999998e-05,0.0,0.0001079,-4.06660226998963e-06,1
1.3999999999999998e-05,0.0,0.00010905,-4.513920112586046e-06,1
1.3999999999999998e-05,0.0,0.0001102,-4.961237955182467e-06,1
1.3999999999999998e-05,0.0,0.00011135,-5e-06,1
1.3999999999999998e-05,0.0,0.0001125,-5e-06,1
1.3999999999999998e-05,0.0,0.00011365,-5e-06,1
1.3999999999999998e-05,0.0,0.0001148,-5e-06,1
1.3999999999999998e-05,0.0,0.00011595,-4.049999999999985e-06,1
1.3999999999999998e-05,0.0,0.0001171,-2.899999999999984e-06,1
1.3999999999999998e-05,0.0,0.00011825,-1.7499999999999832e-06,1
1.3999999999999998e-05,0.0,0.0001194,-5.999999999999824e-07,1
1.3999999999999998e-05,0.0,0.00012055,5.500000000000185e-07,0
1.3999999999999998e-05,0.0,0.0001217,1.700000000000019e-06,0
1.3999999999999998e-05,0.0,0.00012285,2.85000000000002e-06,0
1.3999999999999998e-05,0.0,0.000124,4.000000000000021e-06,0
1.5000000000000002e-05,0.0,5.5e-05,1.967156809750927e-05,0
1.5000000000000002e-05,0.0,5.615e-05,1.882252276891927e-05,0
1.5000000000000002e-05,0.0,5.7300000000000004e-05,1.800214274782457e-05,0
1.5000000000000002e-05,0.0,5.8450000000000005e-05,1.721391847218149e-05,0
1.5000000000000002e-05,0.0,5.96e-05,1.646175737183053e-05,0
1.5000000000000002e-05,0.0,6.075e-05,1.5750000000000003e-05,0
1.5000000000000002e-05,0.0,6.19e-05,1.5083417818543043e-05,0
1.5000000000000002e-05,0.0,6.305e-05,1.4467183516526068e-05,0
1.5000000000000002e-05,0.0,6.42e-05,1.3906803364326445e-05,0
1.5000000000000002e-05,0.0,6.535e-05,1.3408001097025807e-05,0
1.5000000000000002e-05,0.0,6.65e-05,1.2958089624892782e-05,0
1.5000000000000002e-05,0.0,6.765e-05,1.2510771782296365e-05,0
1.5000000000000002e-05,0.0,6.88e-05,1.206345393969995e-05,0
1.5000000000000002e-05,0.0,6.995e-05,1.1616136097103527e-05,0
1.5000000000000002e-05,0.0,7.11e-05,1.1168818254507117e-05,0
1.5000000000000002e-05,0.0,7.225e-05,1.07215004119107e-05,0
1.5000000000000002e-05,0.0,7.34e-05,1.027418256931428e-05,0
1.5000000000000002e-05,0.0,7.455e-05,9.826864726717862e-06,0
1.5000000000000002e-05,0.0,7.57e-05,9.379546884121447e-06,0
1.5000000000000002e-05,0.0,7.685e-05,8.932229041525031e-06,0
1.5000000000000002e-05,0.0,7.8e-05,8.484911198928609e-06,0
1.5000000000000002e-05,0.0,7.915e-05,8.037593356332194e-06,0
1.5000000000000002e-05,0.0,8.03e-05,7.590275513735777e-06,0
1.5000000000000002e-05,0.0,8.145e-05,7.142957671139357e-06,0
1.5000000000000002e-05,0.0,8.26e-05,6.695639828542941e-06,0
1.5000000000000002e-05,0.0,8.375e-05,6.248321985946523e-06,0
1.5000000000000002e-05,0.0,8.49e-05,5.801004143350106e-06,0
1.5000000000000002e-05,0.0,8.605e-05,5.353686300753687e-06,0
1.5000000000000002e-05,0.0,8.72e-05,4.906368458157267e-06,0
1.5000000000000002e-05,0.0,8.835e-05,4.45905061556085e-06,0
1.5000000000000002e-05,0.0,8.950000000000001e-05,4.011732772964432e-06,0
1.5000000000000002e-05,0.0,9.065000000000001e-05,3.5644149303680154e-06,0
1.5000000000000002e-05,0.0,9.180000000000001e-05,3.1170970877716e-06,0
1.5000000000000002e-05,0.0,9.295000000000001e-05,2.6697792451751794e-06,0
1.5000000000000002e-05,0.0,9.410000000000001e-05,2.222461402578758e-06,0
1.5000000000000002e-05,0.0,9.525000000000001e-05,1.7751435599823423e-06,0
1.5000000000000002e-05,0.0,9.640000000000001e-05,1.3278257173859243e-06,0
1.5000000000000002e-05,0.0,9.755e-05,8.805078747895142e-07,0
1.5000000000000002e-05,0.0,9.87e-05,4.3319003219309406e-07,0
1.5000000000000002e-05,0.0,9.985e-05,-1.4127810403323928e-08,1
1.5000000000000002e-05,0.0,0.000101,-4.6144565299973896e-07,1
1.5000000000000002e-05,0.0,0.00010215,-9.087634955961557e-07,1
1.5000000000000002e-05,0.0,0.0001033,-1.356081338192576e-06,1
1.5000000000000002e-05,0.0,0.00010445,-1.8033991807889978e-06,1
1.5000000000000002e-05,0.0,0.00010559999999999999,-2.2507170233854046e-06,1
1.5000000000000002e-05,0.0,0.00010674999999999999,-2.6980348659818247e-06,1
1.5000000000000002e-05,0.0,0.0001079,-3.1453527085782452e-06,1
1.5000000000000002e-05,0.0,0.00010905,-3.59267055117466e-06,1
1.5000000000000002e-05,0.0,0.0001102,-4.0399883937710795e-06,1
1.5000000000000002e-05,0.0,0.00011135,-4.487306236367497e-06,1
1.5000000000000002e-05,0.0,0.0001125,-4.934624078963913e-06,1
1.5000000000000002e-05,0.0,0.00011365,-5e-06,1
1.5000000000000002e-05,0.0,0.0001148,-5e-06,1
1.5000000000000002e-05,0.0,0.00011595,-4.049999999999985e-06,1
1.5000000000000002e-05,0.0,0.0001171,-2.899999999999984e-06,1
1.5000000000000002e-05,0.0,0.00011825,-1.7499999999999832e-06,1
1.5000000000000002e-05,0.0,0.0001194,-5.999999999999824e-07,1
1.5000000000000002e-05,0.0,0.00012055,5.500000000000185e-07,0
1.5000000000000002e-05,0.0,0.0001217,1.700000000000019e-06,0
1.5000000000000002e-05,0.0,0.00012285,2.85000000000002e-06,0
1.5000000000000002e-05,0.0,0.000124,4.000000000000021e-06,0
1.6e-05,0.0,5.5e-05,2.0345235059857506e-05,0
1.6e-05,0.0,5.615e-05,1.9521600742398398e-05,0
1.6e-05,0.0,5.7300000000000004e-05,1.8727632176562636e-05,0
1.6e-05,0.0,5.8450000000000005e-05,1.7966699787997152e-05,0
1.6e-05,0.0,5.96e-05,1.7242529486207993e-05,0
1.6e-05,0.0,6.075e-05,1.655920499406865e-05,0
1.6e-05,0.0,6.19e-05,1.5921152184790437e-05,0
1.6e-05,0.0,6.305e-05,1.5333098483344273e-05,0
1.6e-05,0.0,6.42e-05,1.4799999999999997e-05,0
1.6e-05,0.0,6.535e-05,1.432665702890058e-05,0
1.6e-05,0.0,6.65e-05,1.3879339186304164e-05,0
1.6e-05,0.0,6.765e-05,1.343202134370775e-05,0
1.6e-05,0.0,6.88e-05,1.2984703501111327e-05,0
1.6e-05,0.0,6.995e-05,1.2537385658514913e-05,0
1.6e-05,0.0,7.11e-05,1.2090067815918499e-05,0
1.6e-05,0.0,7.225e-05,1.1642749973322084e-05,0
1.6e-05,0.0,7.34e-05,1.1195432130725663e-05,0
1.6e-05,0.0,7.455e-05,1.0748114288129248e-05,0
1.6e-05,0.0,7.57e-05,1.030079644553283e-05,0
1.6e-05,0.0,7.685e-05,9.853478602936408e-06,0
1.6e-05,0.0,7.8e-05,9.406160760339995e-06,0
1.6e-05,0.0,7.915e-05,8.958842917743577e-06,0
1.6e-05,0.0,8.03e-05,8.511525075147157e-06,0
1.6e-05,0.0,8.145e-05,8.064207232550741e-06,0
1.6e-05,0.0,8.26e-05,7.616889389954325e-06,0
1.6e-05,0.0,8.375e-05,7.169571547357903e-06,0
1.6e-05,0.0,8.49e-05,6.722253704761486e-06,0
1.6e-05,0.0,8.605e-05,6.2749358621650695e-06,0
1.6e-05,0.0,8.72e-05,5.827618019568654e-06,0
1.6e-05,0.0,8.835e-05,5.3803001769722335e-06,0
1.6e-05,0.0,8.950000000000001e-05,4.932982334375813e-06,0
1.6e-05,0.0,9.065000000000001e-05,4.485664491779395e-06,0
1.6e-05,0.0,9.180000000000001e-05,4.03834664918298e-06,0
1.6e-05,0.0,9.295000000000001e-05,3.5910288065865624e-06,0
1.6e-05,0.0,9.410000000000001e-05,3.143710963990147e-06,0
1.6e-05,0.0,9.525000000000001e-05,2.6963931213937264e-06,0
1.6e-05,0.0,9.640000000000001e-05,2.2490752787973084e-06,0
1.6e-05,0.0,9.755e-05,1.8017574362008978e-06,0
1.6e-05,0.0,9.87e-05,1.3544395936044781e-06,0
1.6e-05,0.0,9.985e-05,9.071217510080595e-07,0
1.6e-05,0.0,0.000101,4.598039084116449e-07,0
1.6e-05,0.0,0.00010215,1.2486065815223096e-08,0
1.6e-05,0.0,0.0001033,-4.3483177678119193e-07,1
1.6e-05,0.0,0.00010445,-8.821496193776087e-07,1
1.6e-05,0.0,0.00010559999999999999,-1.3294674619740258e-06,1
1.6e-05,0.0,0.00010674999999999999,-1.7767853045704425e-06,1
1.6e-05,0.0,0.0001079,-2.224103147166856e-06,1
1.6e-05,0.0,0.00010905,-2.6714209897632777e-06,1
1.6e-05,0.0,0.0001102,-3.1187388323596923e-06,1
1.6e-05,0.0,0.00011135,-3.5660566749561136e-06,1
1.6e-05,0.0,0.0001125,-4.013374517552527e-06,1
1.6e-05,0.0,0.00011365,-4.46069236014895e-06,1
1.6e-05,0.0,0.0001148,-4.908010202745366e-06,1
1.6e-05,0.0,0.00011595,-4.049999999999985e-06,1
1.6e-05,0.0,0.0001171,-2.899999999999984e-06,1
1.6e-05,0.0,0.00011825,-1.7499999999999832e-06,1
1.6e-05,0.0,0.0001194,-5.999999999999824e-07,1
1.6e-05,0.0,0.00012055,5.500000000000185e-07,0
1.6e-05,0.0,0.0001217,1.700000000000019e-06,0
1.6e-05,0.0,0.00012285,2.85000000000002e-06,0
1.6e-05,0.0,0.000124,4.000000000000021e-06,0
1.6999999999999996e-05,0.0,5.5e-05,2.1041630560342612e-05,0
1.6999999999999996e-05,0.0,5.615e-05,2.0242687021943052e-05,0
1.6999999999999996e-05,0.0,5.7300000000000004e-05,1.9474207438750757e-05,0
1.6999999999999996e-05,0.0,5.8450000000000005e-05,1.8739422715426456e-05,0
1.6999999999999996e-05,0.0,5.96e-05,1.8041863035387335e-05,0
1.6999999999999996e-05,0.0,6.075e-05,1.738535013189619e-05,0
1.6999999999999996e-05,0.0,6.19e-05,1.677397279253716e-05,0
1.6999999999999996e-05,0.0,6.305e-05,1.621204049548095e-05,0
1.6999999999999996e-05,0.0,6.42e-05,1.5704010265181098e-05,0
1.6999999999999996e-05,0.0,6.535e-05,1.5247906590311962e-05,0
1.6999999999999996e-05,0.0,6.65e-05,1.4800588747715548e-05,0
1.6999999999999996e-05,0.0,6.765e-05,1.4353270905119131e-05,0
1.6999999999999996e-05,0.0,6.88e-05,1.3905953062522712e-05,0
1.6999999999999996e-05,0.0,6.995e-05,1.3458635219926295e-05,0
1.6999999999999996e-05,0.0,7.11e-05,1.3011317377329885e-05,0
1.6999999999999996e-05,0.0,7.225e-05,1.2563999534733464e-05,0
1.6999999999999996e-05,0.0,7.34e-05,1.2116681692137047e-05,0
1.6999999999999996e-05,0.0,7.455e-05,1.1669363849540632e-05,0
1.6999999999999996e-05,0.0,7.57e-05,1.1222046006944214e-05,0
1.6999999999999996e-05,0.0,7.685e-05,1.0774728164347794e-05,0
1.6999999999999996e-05,0.0,7.8e-05,1.0327410321751378e-05,0
1.6999999999999996e-05,0.0,7.915e-05,9.880092479154956e-06,0
1.6999999999999996e-05,0.0,8.03e-05,9.432774636558539e-06,0
1.6999999999999996e-05,0.0,8.145e-05,8.985456793962125e-06,0
1.6999999999999996e-05,0.0,8.26e-05,8.538138951365705e-06,0
1.6999999999999996e-05,0.0,8.375e-05,8.090821108769284e-06,0
1.6999999999999996e-05,0.0,8.49e-05,7.64350326617287e-06,0
1.6999999999999996e-05,0.0,8.605e-05,7.196185423576451e-06,0
1.6999999999999996e-05,0.0,8.72e-05,6.748867580980034e-06,0
1.6999999999999996e-05,0.0,8.835e-05,6.301549738383616e-06,0
1.6999999999999996e-05,0.0,8.950000000000001e-05,5.854231895787195e-06,0
1.6999999999999996e-05,0.0,9.065000000000001e-05,5.40691405319078e-06,0
1.6999999999999996e-05,0.0,9.180000000000001e-05,4.959596210594364e-06,0
1.6999999999999996e-05,0.0,9.295000000000001e-05,4.512278367997946e-06,0
1.6999999999999996e-05,0.0,9.410000000000001e-05,4.064960525401526e-06,0
1.6999999999999996e-05,0.0,9.525000000000001e-05,3.6176426828051094e-06,0
1.6999999999999996e-05,0.0,9.640000000000001e-05,3.1703248402086923e-06,0
1.6999999999999996e-05,0.0,9.755e-05,2.723006997612277e-06,0
1.6999999999999996e-05,0.0,9.87e-05,2.275689155015862e-06,0
1.6999999999999996e-05,0.0,9.985e-05,1.8283713124194431e-06,0
1.6999999999999996e-05,0.0,0.000101,1.3810534698230268e-06,0
1.6999999999999996e-05,0.0,0.00010215,9.337356272266063e-07,0
1.6999999999999996e-05,0.0,0.0001033,4.864177846301919e-07,0
1.6999999999999996e-05,0.0,0.00010445,3.909994203377012e-08,0
1.6999999999999996e-05,0.0,0.00010559999999999999,-4.0821790056263644e-07,1
1.6999999999999996e-05,0.0,0.00010674999999999999,-8.555357431590599e-07,1
1.6999999999999996e-05,0.0,0.0001079,-1.3028535857554735e-06,1
1.6999999999999996e-05,0.0,0.00010905,-1.7501714283518953e-06,1
1.6999999999999996e-05,0.0,0.0001102,-2.197489270948309e-06,1
1.6999999999999996e-05,0.0,0.00011135,-2.6448071135447256e-06,1
1.6999999999999996e-05,0.0,0.0001125,-3.092124956141147e-06,1
1.6999999999999996e-05,0.0,0.00011365,-3.5394427987375658e-06,1
1.6999999999999996e-05,0.0,0.0001148,-3.986760641333982e-06,1
1.6999999999999996e-05,0.0,0.00011595,-4.049999999999985e-06,1
1.6999999999999996e-05,0.0,0.0001171,-2.899999999999984e-06,1
1.6999999999999996e-05,0.0,0.00011825,-1.7499999999999832e-06,1
1.6999999999999996e-05,0.0,0.0001194,-5.999999999999824e-07,1
1.6999999999999996e-05,0.0,0.00012055,5.500000000000185e-07,0
1.6999999999999996e-05,0.0,0.0001217,1.700000000000019e-06,0
1.6999999999999996e-05,0.0,0.00012285,2.85000000000002e-06,0
1.6999999999999996e-05,0.0,0.000124,4.000000000000021e-06,0
1.8e-05,0.0,5.5e-05,2.1758836806279893e-05,0
1.8e-05,0.0,5.615e-05,2.098379661354724e-05,0
1.8e-05,0.0,5.7300000000000004e-05,2.0239836488237178e-05,0
1.8e-05,0.0,5.8450000000000005e-05,1.9530035508183292e-05,0
1.8e-05,0.0,5.96e-05,1.88577217477028e-05,0
1.8e-05,0.0,6.075e-05,1.822645754712736e-05,0
1.8e-05,0.0,6.19e-05,1.7640009689920206e-05,0
1.8e-05,0.0,6.305e-05,1.710230086333403e-05,0
1.8e-05,0.0,6.42e-05,1.661733926912618e-05,0
1.8e-05,0.0,6.535e-05,1.6169156151723354e-05,0
1.8e-05,0.0,6.65e-05,1.5721838309126937e-05,0
1.8e-05,0.0,6.765e-05,1.527452046653052e-05,0
1.8e-05,0.0,6.88e-05,1.48272026239341e-05,0
1.8e-05,0.0,6.995e-05,1.4379884781337686e-05,0
1.8e-05,0.0,7.11e-05,1.3932566938741274e-05,0
1.8e-05,0.0,7.225e-05,1.3485249096144853e-05,0
1.8e-05,0.0,7.34e-05,1.3037931253548436e-05,0
1.8e-05,0.0,7.455e-05,1.2590613410952019e-05,0
1.8e-05,0.0,7.57e-05,1.21432955683556e-05,0
1.8e-05,0.0,7.685e-05,1.1695977725759183e-05,0
1.8e-05,0.0,7.8e-05,1.1248659883162767e-05,0
1.8e-05,0.0,7.915e-05,1.0801342040566347e-05,0
1.8e-05,0.0,8.03e-05,1.0354024197969928e-05,0
1.8e-05,0.0,8.145e-05,9.906706355373513e-06,0
1.8e-05,0.0,8.26e-05,9.459388512777094e-06,0
1.8e-05,0.0,8.375e-05,9.012070670180677e-06,0
1.8e-05,0.0,8.49e-05,8.56475282758426e-06,0
1.8e-05,0.0,8.605e-05,8.117434984987844e-06,0
1.8e-05,0.0,8.72e-05,7.670117142391423e-06,0
1.8e-05,0.0,8.835e-05,7.222799299795007e-06,0
1.8e-05,0.0,8.950000000000001e-05,6.775481457198587e-06,0
1.8e-05,0.0,9.065000000000001e-05,6.328163614602169e-06,0
1.8e-05,0.0,9.180000000000001e-05,5.880845772005755e-06,0
1.8e-05,0.0,9.295000000000001e-05,5.433527929409336e-06,0
1.8e-05,0.0,9.410000000000001e-05,4.9862100868129155e-06,0
1.8e-05,0.0,9.525000000000001e-05,4.538892244216499e-06,0
1.8e-05,0.0,9.640000000000001e-05,4.091574401620083e-06,0
1.8e-05,0.0,9.755e-05,3.6442565590236674e-06,0
1.8e-05,0.0,9.87e-05,3.1969387164272503e-06,0
1.8e-05,0.0,9.985e-05,2.749620873830834e-06,0
1.8e-05,0.0,0.000101,2.3023030312344118e-06,0
1.8e-05,0.0,0.00010215,1.854985188637997e-06,0
1.8e-05,0.0,0.0001033,1.407667346041579e-06,0
1.8e-05,0.0,0.00010445,9.603495034451652e-07,0
1.8e-05,0.0,0.00010559999999999999,5.130316608487483e-07,0
1.8e-05,0.0,0.00010674999999999999,6.571381825233027e-08,0
1.8e-05,0.0,0.0001079,-3.8160402434408476e-07,1
1.8e-05,0.0,0.00010905,-8.289218669405015e-07,1
1.8e-05,0.0,0.0001102,-1.27623970953692e-06,1
1.8e-05,0.0,0.00011135,-1.7235575521333421e-06,1
1.8e-05,0.0,0.0001125,-2.1708753947297555e-06,1
1.8e-05,0.0,0.00011365,-2.618193237326172e-06,1
1.8e-05,0.0,0.0001148,-3.065511079922594e-06,1
1.8e-05,0.0,0.00011595,-3.5128289225190086e-06,1
1.8e-05,0.0,0.0001171,-2.899999999999984e-06,1
1.8e-05,0.0,0.00011825,-1.7499999999999832e-06,1
1.8e-05,0.0,0.0001194,-5.999999999999824e-07,1
1.8e-05,0.0,0.00012055,5.500000000000185e-07,0
1.8e-05,0.0,0.0001217,1.700000000000019e-06,0
1.8e-05,0.0,0.00012285,2.85000000000002e-06,0
1.8e-05,0.0,0.000124,4.000000000000021e-06,0
1.8999999999999998e-05,0.0,5.5e-05,2.2495097567963922e-05,0
1.8999999999999998e-05,0.0,5.615e-05,2.174313035975844e-05,0
1.8999999999999998e-05,0.0,5.7300000000000004e-05,2.1022697600394507e-05,0
1.8999999999999998e-05,0.0,5.8450000000000005e-05,2.033671999232111e-05,0
1.8999999999999998e-05,0.0,5.96e-05,1.96883229878279e-05,0
1.8999999999999998e-05,0.0,6.075e-05,1.9080817466751544e-05,0
1.8999999999999998e-05,0.0,6.19e-05,1.8517667159801497e-05,0
1.8999999999999998e-05,0.0,6.305e-05,1.8002440334399234e-05,0
1.8999999999999998e-05,0.0,6.42e-05,1.7537723555731157e-05,0
1.8999999999999998e-05,0.0,6.535e-05,1.709040571313474e-05,0
1.8999999999999998e-05,0.0,6.65e-05,1.6643087870538323e-05,0
1.8999999999999998e-05,0.0,6.765e-05,1.6195770027941906e-05,0
1.8999999999999998e-05,0.0,6.88e-05,1.574845218534549e-05,0
1.8999999999999998e-05,0.0,6.995e-05,1.530113434274907e-05,0
1.8999999999999998e-05,0.0,7.11e-05,1.485381650015265e-05,0
1.8999999999999998e-05,0.0,7.225e-05,1.4406498657556237e-05,0
1.8999999999999998e-05,0.0,7.34e-05,1.3959180814959821e-05,0
1.8999999999999998e-05,0.0,7.455e-05,1.3511862972363404e-05,0
1.8999999999999998e-05,0.0,7.57e-05,1.3064545129766984e-05,0
1.8999999999999998e-05,0.0,7.685e-05,1.2617227287170567e-05,0
1.8999999999999998e-05,0.0,7.8e-05,1.2169909444574151e-05,0
1.8999999999999998e-05,0.0,7.915e-05,1.172259160197773e-05,0
1.8999999999999998e-05,0.0,8.03e-05,1.1275273759381314e-05,0
1.8999999999999998e-05,0.0,8.145e-05,1.0827955916784896e-05,0
1.8999999999999998e-05,0.0,8.26e-05,1.0380638074188476e-05,0
1.8999999999999998e-05,0.0,8.375e-05,9.93332023159206e-06,0
1.8999999999999998e-05,0.0,8.49e-05,9.486002388995643e-06,0
1.8999999999999998e-05,0.0,8.605e-05,9.038684546399223e-06,0
1.8999999999999998e-05,0.0,8.72e-05,8.591366703802807e-06,0
1.8999999999999998e-05,0.0,8.835e-05,8.14404886120639e-06,0
1.8999999999999998e-05,0.0,8.950000000000001e-05,7.69673101860997e-06,0
1.8999999999999998e-05,0.0,9.065000000000001e-05,7.249413176013555e-06,0
1.8999999999999998e-05,0.0,9.180000000000001e-05,6.8020953334171345e-06,0
1.8999999999999998e-05,0.0,9.295000000000001e-05,6.354777490820715e-06,0
1.8999999999999998e-05,0.0,9.410000000000001e-05,5.907459648224299e-06,0
1.8999999999999998e-05,0.0,9.525000000000001e-05,5.460141805627884e-06,0
1.8999999999999998e-05,0.0,9.640000000000001e-05,5.012823963031463e-06,0
1.8999999999999998e-05,0.0,9.755e-05,4.565506120435051e-06,0
1.8999999999999998e-05,0.0,9.87e-05,4.118188277838634e-06,0
1.8999999999999998e-05,0.0,9.985e-05,3.6708704352422145e-06,0
1.8999999999999998e-05,0.0,0.000101,3.2235525926457973e-06,0
1.8999999999999998e-05,0.0,0.00010215,2.7762347500493776e-06,0
1.8999999999999998e-05,0.0,0.0001033,2.328916907452963e-06,0
1.8999999999999998e-05,0.0,0.00010445,1.8815990648565423e-06,0
1.8999999999999998e-05,0.0,0.00010559999999999999,1.4342812222601285e-06,0
1.8999999999999998e-05,0.0,0.00010674999999999999,9.86963379663714e-07,0
1.8999999999999998e-05,0.0,0.0001079,5.396455370672923e-07,0
1.8999999999999998e-05,0.0,0.00010905,9.232769447087899e-08,0
1.8999999999999998e-05,0.0,0.0001102,-3.5499014812553773e-07,1
1.8999999999999998e-05,0.0,0.00011135,-8.023079907219545e-07,1
1.8999999999999998e-05,0.0,0.0001125,-1.2496258333183784e-06,1
1.8999999999999998e-05,0.0,0.00011365,-1.6969436759147949e-06,1
1.8999999999999998e-05,0.0,0.0001148,-2.1442615185112084e-06,1
1.8999999999999998e-05,0.0,0.00011595,-2.591579361107628e-06,1
1.8999999999999998e-05,0.0,0.0001171,-2.899999999999984e-06,1
1.8999999999999998e-05,0.0,0.00011825,-1.7499999999999832e-06,1
1.8999999999999998e-05,0.0,0.0001194,-5.999999999999824e-07,1
1.8999999999999998e-05,0.0,0.00012055,5.500000000000185e-07,0
1.8999999999999998e-05,0.0,0.0001217,1.700000000000019e-06,0
1.8999999999999998e-05,0.0,0.00012285,2.85000000000002e-06,0
1.8999999999999998e-05,0.0,0.000124,4.000000000000021e-06,0
2e-05,0.0,5.5e-05,2.3248809496813377e-05,0
2e-05,0.0,5.615e-05,2.2519061503119586e-05,0
2e-05,0.0,5.7300000000000004e-05,2.18211603274303e-05,0
2e-05,0.0,5.8450000000000005e-05,2.1157866213720117e-05,0
2e-05,0.0,5.96e-05,2.0532105728132364e-05,0
2e-05,0.0,6.075e-05,1.9946949688357274e-05,0
2e-05,0.0,6.19e-05,1.9405579662218075e-05,0
2e-05,0.0,6.305e-05,1.891124140709513e-05,0
2e-05,0.0,6.42e-05,1.845897311714255e-05,0
2e-05,0.0,6.535e-05,1.8011655274546132e-05,0
2e-05,0.0,6.65e-05,1.7564337431949715e-05,0
2e-05,0.0,6.765e-05,1.711701958935329e-05,0
2e-05,0.0,6.88e-05,1.6669701746756874e-05,0
2e-05,0.0,6.995e-05,1.6222383904160457e-05,0
2e-05,0.0,7.11e-05,1.577506606156404e-05,0
2e-05,0.0,7.225e-05,1.532774821896763e-05,0
2e-05,0.0,7.34e-05,1.4880430376371209e-05,0
2e-05,0.0,7.455e-05,1.4433112533774785e-05,0
2e-05,0.0,7.57e-05,1.3985794691178373e-05,0
2e-05,0.0,7.685e-05,1.3538476848581959e-05,0
2e-05,0.0,7.8e-05,1.3091159005985542e-05,0
2e-05,0.0,7.915e-05,1.2643841163389118e-05,0
2e-05,0.0,8.03e-05,1.2196523320792704e-05,0
2e-05,0.0,8.145e-05,1.1749205478196282e-05,0
2e-05,0.0,8.26e-05,1.1301887635599866e-05,0
2e-05,0.0,8.375e-05,1.0854569793003451e-05,0
2e-05,0.0,8.49e-05,1.0407251950407034e-05,0
2e-05,0.0,8.605e-05,9.959934107810612e-06,0
2e-05,0.0,8.72e-05,9.512616265214196e-06,0
2e-05,0.0,8.835e-05,9.065298422617776e-06,0
2e-05,0.0,8.950000000000001e-05,8.61798058002136e-06,0
2e-05,0.0,9.065000000000001e-05,8.170662737424943e-06,0
2e-05,0.0,9.180000000000001e-05,7.723344894828523e-06,0
2e-05,0.0,9.295000000000001e-05,7.276027052232106e-06,0
2e-05,0.0,9.410000000000001e-05,6.828709209635691e-06,0
2e-05,0.0,9.525000000000001e-05,6.381391367039268e-06,0
2e-05,0.0,9.640000000000001e-05,5.934073524442854e-06,0
2e-05,0.0,9.755e-05,5.486755681846444e-06,0
2e-05,0.0,9.87e-05,5.03943783925002e-06,0
2e-05,0.0,9.985e-05,4.592119996653604e-06,0
2e-05,0.0,0.000101,4.144802154057188e-06,0
2e-05,0.0,0.00010215,3.6974843114607725e-06,0
2e-05,0.0,0.0001033,3.250166468864353e-06,0
2e-05,0.0,0.00010445,2.802848626267938e-06,0
2e-05,0.0,0.00010559999999999999,2.3555307836715236e-06,0
2e-05,0.0,0.00010674999999999999,1.9082129410751056e-06,0
2e-05,0.0,0.0001079,1.460895098478689e-06,0
2e-05,0.0,0.00010905,1.0135772558822669e-06,0
2e-05,0.0,0.0001102,5.662594132858457e-07,0
2e-05,0.0,0.00011135,1.1894157068943194e-07,0
2e-05,0.0,0.0001125,-3.2837627190698436e-07,1
2e-05,0.0,0.00011365,-7.756941145034011e-07,1
2e-05,0.0,0.0001148,-1.223011957099825e-06,1
2e-05,0.0,0.00011595,-1.6703297996962396e-06,1
2e-05,0.0,0.0001171,-1.9950124378879087e-06,1
2e-05,0.0,0.00011825,-1.3992189406417744e-06,1
2e-05,0.0,0.0001194,-3.9999999999998346e-07,1
2e-05,0.0,0.00012055,6.881567211820232e-07,0
2e-05,0.0,0.0001217,1.8052055106936037e-06,0
2e-05,0.0,0.00012285,2.934854673873678e-06,0
2e-05,0.0,0.000124,4.071067811865496e-06,0
2.1000000000000006e-05,0.0,5.5e-05,2.40185121722126e-05,0
2.1000000000000006e-05,0.0,5.615e-05,2.331012162647676e-05,0
2.1000000000000006e-05,0.0,5.7300000000000004e-05,2.2633766793040777e-05,0
2.1000000000000006e-05,0.0,5.8450000000000005e-05,2.1992048735547874e-05,0
2.1000000000000006e-05,0.0,5.96e-05,2.1387701818744637e-05,0
2.1000000000000006e-05,0.0,6.075e-05,2.082357026140289e-05,0
2.1000000000000006e-05,0.0,6.19e-05,2.0302574965011918e-05,0
2.1000000000000006e-05,0.0,6.305e-05,1.9827669613869925e-05,0
2.1000000000000006e-05,0.0,6.42e-05,1.9380222678553935e-05,0
2.1000000000000006e-05,0.0,6.535e-05,1.8932904835957518e-05,0
2.1000000000000006e-05,0.0,6.65e-05,1.84855869933611e-05,0
2.1000000000000006e-05,0.0,6.765e-05,1.8038269150764677e-05,0
2.1000000000000006e-05,0.0,6.88e-05,1.7590951308168266e-05,0
2.1000000000000006e-05,0.0,6.995e-05,1.714363346557185e-05,0
2.1000000000000006e-05,0.0,7.11e-05,1.6696315622975432e-05,0
2.1000000000000006e-05,0.0,7.225e-05,1.6248997780379015e-05,0
2.1000000000000006e-05,0.0,7.34e-05,1.5801679937782604e-05,0
2.1000000000000006e-05,0.0,7.455e-05,1.535436209518618e-05,0
2.1000000000000006e-05,0.0,7.57e-05,1.490704425258976e-05,0
2.1000000000000006e-05,0.0,7.685e-05,1.4459726409993343e-05,0
2.1000000000000006e-05,0.0,7.8e-05,1.4012408567396924e-05,0
2.1000000000000006e-05,0.0,7.915e-05,1.356509072480051e-05,0
2.1000000000000006e-05,0.0,8.03e-05,1.3117772882204093e-05,0
2.1000000000000006e-05,0.0,8.145e-05,1.2670455039607676e-05,0
2.1000000000000006e-05,0.0,8.26e-05,1.2223137197011255e-05,0
2.1000000000000006e-05,0.0,8.375e-05,1.1775819354414838e-05,0
2.1000000000000006e-05,0.0,8.49e-05,1.132850151181842e-05,0
2.1000000000000006e-05,0.0,8.605e-05,1.0881183669222002e-05,0
2.1000000000000006e-05,0.0,8.72e-05,1.0433865826625585e-05,0
2.1000000000000006e-05,0.0,8.835e-05,9.986547984029171e-06,0
2.1000000000000006e-05,0.0,8.950000000000001e-05,9.53923014143275e-06,0
2.1000000000000006e-05,0.0,9.065000000000001e-05,9.091912298836332e-06,0
2.1000000000000006e-05,0.0,9.180000000000001e-05,8.64459445623991e-06,0
2.1000000000000006e-05,0.0,9.295000000000001e-05,8.197276613643496e-06,0
2.1000000000000006e-05,0.0,9.410000000000001e-05,7.749958771047079e-06,0
2.1000000000000006e-05,0.0,9.525000000000001e-05,7.302640928450664e-06,0
2.1000000000000006e-05,0.0,9.640000000000001e-05,6.855323085854247e-06,0
2.1000000000000006e-05,0.0,9.755e-05,6.408005243257829e-06,0
2.1000000000000006e-05,0.0,9.87e-05,5.960687400661414e-06,0
2.1000000000000006e-05,0.0,9.985e-05,5.5133695580649966e-06,0
2.1000000000000006e-05,0.0,0.000101,5.066051715468576e-06,0
2.1000000000000006e-05,0.0,0.00010215,4.618733872872156e-06,0
2.1000000000000006e-05,0.0,0.0001033,4.171416030275738e-06,0
2.1000000000000006e-05,0.0,0.00010445,3.724098187679321e-06,0
2.1000000000000006e-05,0.0,0.00010559999999999999,3.2767803450829075e-06,0
2.1000000000000006e-05,0.0,0.00010674999999999999,2.8294625024864895e-06,0
2.1000000000000006e-05,0.0,0.0001079,2.3821446598900723e-06,0
2.1000000000000006e-05,0.0,0.00010905,1.9348268172936594e-06,0
2.1000000000000006e-05,0.0,0.0001102,1.487508974697242e-06,0
2.1000000000000006e-05,0.0,0.00011135,1.0401911321008207e-06,0
2.1000000000000006e-05,0.0,0.0001125,5.928732895043991e-07,0
2.1000000000000006e-05,0.0,0.00011365,1.4555544690798532e-07,0
2.1000000000000006e-05,0.0,0.0001148,-3.01762395688431e-07,1
2.1000000000000006e-05,0.0,0.00011595,-7.490802382848477e-07,1
2.1000000000000006e-05,0.0,0.0001171,-9.975015605499162e-07,1
2.1000000000000006e-05,0.0,0.00011825,-6.415047169858365e-07,1
2.1000000000000006e-05,0.0,0.0001194,1.240998703626783e-07,0
2.1000000000000006e-05,0.0,0.00012055,1.0746165463758854e-06,0
2.1000000000000006e-05,0.0,0.0001217,2.1078371156488734e-06,0
2.1000000000000006e-05,0.0,0.00012285,3.1824347954507582e-06,0
2.1000000000000006e-05,0.0,0.000124,4.2801098892805395e-06,0
2.1999999999999996e-05,0.0,5.5e-05,2.4802877548915686e-05,0
2.1999999999999996e-05,0.0,5.615e-05,2.4114986631012743e-05,0
2.1999999999999996e-05,0.0,5.7300000000000004e-05,2.3459213896108094e-05,0
2.1999999999999996e-05,0.0,5.8450000000000005e-05,2.2838004953943323e-05,0
2.1999999999999996e-05,0.0,5.96e-05,2.2253910588263353e-05,0
2.1999999999999996e-05,0.0,6.075e-05,2.1709562926122347e-05,0
2.1999999999999996e-05,0.0,6.19e-05,2.1207643421035427e-05,0
2.1999999999999996e-05,0.0,6.305e-05,2.074879008256173e-05,0
2.1999999999999996e-05,0.0,6.42e-05,2.0301472239965314e-05,0
2.1999999999999996e-05,0.0,6.535e-05,1.9854154397368896e-05,0
2.1999999999999996e-05,0.0,6.65e-05,1.9406836554772473e-05,0
2.1999999999999996e-05,0.0,6.765e-05,1.8959518712176062e-05,0
2.1999999999999996e-05,0.0,6.88e-05,1.8512200869579645e-05,0
2.1999999999999996e-05,0.0,6.995e-05,1.806488302698322e-05,0
2.1999999999999996e-05,0.0,7.11e-05,1.761756518438681e-05,0
2.1999999999999996e-05,0.0,7.225e-05,1.7170247341790394e-05,0
2.1999999999999996e-05,0.0,7.34e-05,1.672292949919397e-05,0
2.1999999999999996e-05,0.0,7.455e-05,1.627561165659756e-05,0
2.1999999999999996e-05,0.0,7.57e-05,1.5828293814001142e-05,0
2.1999999999999996e-05,0.0,7.685e-05,1.5380975971404725e-05,0
2.1999999999999996e-05,0.0,7.8e-05,1.4933658128808301e-05,0
2.1999999999999996e-05,0.0,7.915e-05,1.4486340286211884e-05,0
2.1999999999999996e-05,0.0,8.03e-05,1.4039022443615465e-05,0
2.1999999999999996e-05,0.0,8.145e-05,1.3591704601019051e-05,0
2.1999999999999996e-05,0.0,8.26e-05,1.3144386758422634e-05,0
2.1999999999999996e-05,0.0,8.375e-05,1.2697068915826217e-05,0
2.1999999999999996e-05,0.0,8.49e-05,1.2249751073229797e-05,0
2.1999999999999996e-05,0.0,8.605e-05,1.1802433230633381e-05,0
2.1999999999999996e-05,0.0,8.72e-05,1.1355115388036959e-05,0
2.1999999999999996e-05,0.0,8.835e-05,1.0907797545440543e-05,0
2.1999999999999996e-05,0.0,8.950000000000001e-05,1.046047970284413e-05,0
2.1999999999999996e-05,0.0,9.065000000000001e-05,1.001316186024771e-05,0
2.1999999999999996e-05,0.0,9.180000000000001e-05,9.56584401765129e-06,0
2.1999999999999996e-05,0.0,9.295000000000001e-05,9.118526175054873e-06,0
2.1999999999999996e-05,0.0,9.410000000000001e-05,8.671208332458456e-06,0
2.1999999999999996e-05,0.0,9.525000000000001e-05,8.223890489862035e-06,0
2.1999999999999996e-05,0.0,9.640000000000001e-05,7.77657264726562e-06,0
2.1999999999999996e-05,0.0,9.755e-05,7.329254804669209e-06,0
2.1999999999999996e-05,0.0,9.87e-05,6.881936962072788e-06,0
2.1999999999999996e-05,0.0,9.985e-05,6.4346191194763686e-06,0
2.1999999999999996e-05,0.0,0.000101,5.987301276879955e-06,0
2.1999999999999996e-05,0.0,0.00010215,5.539983434283536e-06,0
2.1999999999999996e-05,0.0,0.0001033,5.092665591687117e-06,0
2.1999999999999996e-05,0.0,0.00010445,4.645347749090698e-06,0
2.1999999999999996e-05,0.0,0.00010559999999999999,4.1980299064942905e-06,0
2.1999999999999996e-05,0.0,0.00010674999999999999,3.7507120638978682e-06,0
2.1999999999999996e-05,0.0,0.0001079,3.303394221301452e-06,0
2.1999999999999996e-05,0.0,0.00010905,2.856076378705033e-06,0
2.1999999999999996e-05,0.0,0.0001102,2.4087585361086134e-06,0
2.1999999999999996e-05,0.0,0.00011135,1.9614406935121997e-06,0
2.1999999999999996e-05,0.0,0.0001125,1.5141228509157831e-06,0
2.1999999999999996e-05,0.0,0.00011365,1.0668050083193618e-06,0
2.1999999999999996e-05,0.0,0.0001148,6.194871657229448e-07,0
2.1999999999999996e-05,0.0,0.00011595,1.7844301506255395e-07,0
2.1999999999999996e-05,0.0,0.0001171,1.6662039607223762e-09,0
2.1999999999999996e-05,0.0,0.00011825,2.5000000000000184e-07,0
2.1999999999999996e-05,0.0,0.0001194,8.418745424597167e-07,0
2.1999999999999996e-05,0.0,0.00012055,1.6478489648438554e-06,0
2.1999999999999996e-05,0.0,0.0001217,2.5758407437802733e-06,0
2.1999999999999996e-05,0.0,0.00012285,3.5743821002433533e-06,0
2.1999999999999996e-05,0.0,0.000124,4.615773105863925e-06,0
2.3e-05,0.0,5.5e-05,2.5600699292150186e-05,0
2.3e-05,0.0,5.615e-05,2.4932463192493426e-05,0
2.3e-05,0.0,5.7300000000000004e-05,2.42963367505605e-05,0
2.3e-05,0.0,5.8450000000000005e-05,2.369461556194432e-05,0
2.3e-05,0.0,5.96e-05,2.312967661491432e-05,0
2.3e-05,0.0,6.075e-05,2.2603954772651823e-05,0
2.3e-05,0.0,6.19e-05,2.2119912420229495e-05,0
2.3e-05,0.0,6.305e-05,2.1670039643973116e-05,0
2.3e-05,0.0,6.42e-05,2.1222721801376706e-05,0
2.3e-05,0.0,6.535e-05,2.0775403958780282e-05,0
2.3e-05,0.0,6.65e-05,2.0328086116183865e-05,0
2.3e-05,0.0,6.765e-05,1.9880768273587448e-05,0
2.3e-05,0.0,6.88e-05,1.9433450430991037e-05,0
2.3e-05,0.0,6.995e-05,1.8986132588394613e-05,0
2.3e-05,0.0,7.11e-05,1.8538814745798203e-05,0
2.3e-05,0.0,7.225e-05,1.8091496903201786e-05,0
2.3e-05,0.0,7.34e-05,1.7644179060605362e-05,0
2.3e-05,0.0,7.455e-05,1.7196861218008945e-05,0
2.3e-05,0.0,7.57e-05,1.6749543375412528e-05,0
2.3e-05,0.0,7.685e-05,1.630222553281611e-05,0
2.3e-05,0.0,7.8e-05,1.5854907690219693e-05,0
2.3e-05,0.0,7.915e-05,1.5407589847623276e-05,0
2.3e-05,0.0,8.03e-05,1.4960272005026856e-05,0
2.3e-05,0.0,8.145e-05,1.4512954162430439e-05,0
2.3e-05,0.0,8.26e-05,1.4065636319834023e-05,0
2.3e-05,0.0,8.375e-05,1.3618318477237603e-05,0
2.3e-05,0.0,8.49e-05,1.3171000634641185e-05,0
2.3e-05,0.0,8.605e-05,1.2723682792044772e-05,0
2.3e-05,0.0,8.72e-05,1.2276364949448351e-05,0
2.3e-05,0.0,8.835e-05,1.1829047106851934e-05,0
2.3e-05,0.0,8.950000000000001e-05,1.1381729264255517e-05,0
2.3e-05,0.0,9.065000000000001e-05,1.0934411421659096e-05,0
2.3e-05,0.0,9.180000000000001e-05,1.048709357906268e-05,0
2.3e-05,0.0,9.295000000000001e-05,1.0039775736466264e-05,0
2.3e-05,0.0,9.410000000000001e-05,9.592457893869847e-06,0
2.3e-05,0.0,9.525000000000001e-05,9.145140051273426e-06,0
2.3e-05,0.0,9.640000000000001e-05,8.697822208677009e-06,0
2.3e-05,0.0,9.755e-05,8.250504366080599e-06,0
2.3e-05,0.0,9.87e-05,7.803186523484178e-06,0
2.3e-05,0.0,9.985e-05,7.35586868088776e-06,0
2.3e-05,0.0,0.000101,6.908550838291345e-06,0
2.3e-05,0.0,0.00010215,6.461232995694923e-06,0
2.3e-05,0.0,0.0001033,6.013915153098508e-06,0
2.3e-05,0.0,0.00010445,5.566597310502089e-06,0
2.3e-05,0.0,0.00010559999999999999,5.1192794679056735e-06,0
2.3e-05,0.0,0.00010674999999999999,4.67196162530926e-06,0
2.3e-05,0.0,0.0001079,4.224643782712843e-06,0
2.3e-05,0.0,0.00010905,3.777325940116427e-06,0
2.3e-05,0.0,0.0001102,3.330008097520011e-06,0
2.3e-05,0.0,0.00011135,2.8826902549235886e-06,0
2.3e-05,0.0,0.0001125,2.435372412327167e-06,0
2.3e-05,0.0,0.00011365,1.9880545697307535e-06,0
2.3e-05,0.0,0.0001148,1.540736727134337e-06,0
2.3e-05,0.0,0.00011595,1.1355168963504375e-06,0
2.3e-05,0.0,0.0001171,1.0012498047485106e-06,0
2.3e-05,0.0,0.00011825,1.1907636535600561e-06,0
2.3e-05,0.0,0.0001194,1.6647615158762486e-06,0
2.3e-05,0.0,0.00012055,2.348130514488228e-06,0
2.3e-05,0.0,0.0001217,3.171709649683803e-06,0
2.3e-05,0.0,0.00012285,4.086783473480774e-06,0
2.3e-05,0.0,0.000124,5.062257748298567e-06,0
2.4000000000000004e-05,0.0,5.5e-05,2.641088233970549e-05,0
2.4000000000000004e-05,0.0,5.615e-05,2.5761475970471335e-05,0
2.4000000000000004e-05,0.0,5.7300000000000004e-05,2.514409351888954e-05,0
2.4000000000000004e-05,0.0,5.8450000000000005e-05,2.456088714101925e-05,0
2.4000000000000004e-05,0.0,5.96e-05,2.4014070407844876e-05,0
2.4000000000000004e-05,0.0,6.075e-05,2.3505895570608442e-05,0
2.4000000000000004e-05,0.0,6.19e-05,2.3038607047980926e-05,0
2.4000000000000004e-05,0.0,6.305e-05,2.259128920538451e-05,0
2.4000000000000004e-05,0.0,6.42e-05,2.214397136278809e-05,0
2.4000000000000004e-05,0.0,6.535e-05,2.1696653520191668e-05,0
2.4000000000000004e-05,0.0,6.65e-05,2.1249335677595257e-05,0
2.4000000000000004e-05,0.0,6.765e-05,2.080201783499884e-05,0
2.4000000000000004e-05,0.0,6.88e-05,2.0354699992402416e-05,0
2.4000000000000004e-05,0.0,6.995e-05,1.9907382149806e-05,0
2.4000000000000004e-05,0.0,7.11e-05,1.946006430720959e-05,0
2.4000000000000004e-05,0.0,7.225e-05,1.901274646461317e-05,0
2.4000000000000004e-05,0.0,7.34e-05,1.8565428622016754e-05,0
2.4000000000000004e-05,0.0,7.455e-05,1.8118110779420337e-05,0
2.4000000000000004e-05,0.0,7.57e-05,1.767079293682392e-05,0
2.4000000000000004e-05,0.0,7.685e-05,1.7223475094227503e-05,0
2.4000000000000004e-05,0.0,7.8e-05,1.6776157251631086e-05,0
2.4000000000000004e-05,0.0,7.915e-05,1.632883940903467e-05,0
2.4000000000000004e-05,0.0,8.03e-05,1.5881521566438245e-05,0
2.4000000000000004e-05,0.0,8.145e-05,1.5434203723841834e-05,0
2.4000000000000004e-05,0.0,8.26e-05,1.498688588124541e-05,0
2.4000000000000004e-05,0.0,8.375e-05,1.4539568038648997e-05,0
2.4000000000000004e-05,0.0,8.49e-05,1.4092250196052578e-05,0
2.4000000000000004e-05,0.0,8.605e-05,1.3644932353456154e-05,0
2.4000000000000004e-05,0.0,8.72e-05,1.319761451085974e-05,0
2.4000000000000004e-05,0.0,8.835e-05,1.2750296668263323e-05,0
2.4000000000000004e-05,0.0,8.950000000000001e-05,1.2302978825666906e-05,0
2.4000000000000004e-05,0.0,9.065000000000001e-05,1.1855660983070487e-05,0
2.4000000000000004e-05,0.0,9.180000000000001e-05,1.140834314047407e-05,0
2.4000000000000004e-05,0.0,9.295000000000001e-05,1.0961025297877653e-05,0
2.4000000000000004e-05,0.0,9.410000000000001e-05,1.0513707455281232e-05,0
2.4000000000000004e-05,0.0,9.525000000000001e-05,1.0066389612684817e-05,0
2.4000000000000004e-05,0.0,9.640000000000001e-05,9.619071770088398e-06,0
2.4000000000000004e-05,0.0,9.755e-05,9.171753927491982e-06,0
2.4000000000000004e-05,0.0,9.87e-05,8.724436084895567e-06,0
2.4000000000000004e-05,0.0,9.985e-05,8.27711824229915e-06,0
2.4000000000000004e-05,0.0,0.000101,7.829800399702734e-06,0
2.4000000000000004e-05,0.0,0.00010215,7.382482557106318e-06,0
2.4000000000000004e-05,0.0,0.0001033,6.935164714509903e-06,0
2.4000000000000004e-05,0.0,0.00010445,6.487846871913481e-06,0
2.4000000000000004e-05,0.0,0.00010559999999999999,6.040529029317071e-06,0
2.4000000000000004e-05,0.0,0.00010674999999999999,5.593211186720649e-06,0
2.4000000000000004e-05,0.0,0.0001079,5.145893344124226e-06,0
2.4000000000000004e-05,0.0,0.00010905,4.698575501527814e-06,0
2.4000000000000004e-05,0.0,0.0001102,4.251257658931394e-06,0
2.4000000000000004e-05,0.0,0.00011135,3.8039398163349775e-06,0
2.4000000000000004e-05,0.0,0.0001125,3.3566219737385638e-06,0
2.4000000000000004e-05,0.0,0.00011365,2.9093041311421424e-06,0
2.4000000000000004e-05,0.0,0.0001148,2.46198628854572e-06,0
2.4000000000000004e-05,0.0,0.00011595,2.109060579010587e-06,0
2.4000000000000004e-05,0.0,0.0001171,2.0009999000199985e-06,0
2.4000000000000004e-05,0.0,0.00011825,2.153882032022083e-06,0
2.4000000000000004e-05,0.0,0.0001194,2.546169849544829e-06,0
2.4000000000000004e-05,0.0,0.00012055,3.132087735836805e-06,0
2.4000000000000004e-05,0.0,0.0001217,3.86221538571912e-06,0
2.4000000000000004e-05,0.0,0.00012285,4.695615634892394e-06,0
2.4000000000000004e-05,0.0,0.000124,5.602325267042645e-06,0
2.5e-05,0.0,5.5e-05,2.723243291566195e-05,0
2.5e-05,0.0,5.615e-05,2.6601055724416318e-05,0
2.5e-05,0.0,5.7300000000000004e-05,2.6001551682625537e-05,0
2.5e-05,0.0,5.8450000000000005e-05,2.543593677022088e-05,0
2.5e-05,0.0,5.96e-05,2.4906271696520122e-05,0
2.5e-05,0.0,6.075e-05,2.441464024932664e-05,0
2.5e-05,0.0,6.19e-05,2.395985660939231e-05,0
2.5e-05,0.0,6.305e-05,2.3512538766795894e-05,0
2.5e-05,0.0,6.42e-05,2.306522092419947e-05,0
2.5e-05,0.0,6.535e-05,2.2617903081603053e-05,0
2.5e-05,0.0,6.65e-05,2.2170585239006636e-05,0
2.5e-05,0.0,6.765e-05,2.1723267396410226e-05,0
2.5e-05,0.0,6.88e-05,2.12759495538138e-05,0
2.5e-05,0.0,6.995e-05,2.0828631711217385e-05,0
2.5e-05,0.0,7.11e-05,2.0381313868620974e-05,0
2.5e-05,0.0,7.225e-05,1.9933996026024557e-05,0
2.5e-05,0.0,7.34e-05,1.948667818342814e-05,0
2.5e-05,0.0,7.455e-05,1.9039360340831723e-05,0
2.5e-05,0.0,7.57e-05,1.85920424982353e-05,0
2.5e-05,0.0,7.685e-05,1.814472465563888e-05,0
2.5e-05,0.0,7.8e-05,1.769740681304247e-05,0
2.5e-05,0.0,7.915e-05,1.7250088970446047e-05,0
2.5e-05,0.0,8.03e-05,1.680277112784963e-05,0
2.5e-05,0.0,8.145e-05,1.6355453285253213e-05,0
2.5e-05,0.0,8.26e-05,1.590813544265679e-05,0
2.5e-05,0.0,8.375e-05,1.546081760006038e-05,0
2.5e-05,0.0,8.49e-05,1.5013499757463958e-05,0
2.5e-05,0.0,8.605e-05,1.4566181914867538e-05,0
2.5e-05,0.0,8.72e-05,1.4118864072271126e-05,0
2.5e-05,0.0,8.835e-05,1.3671546229674702e-05,0
2.5e-05,0.0,8.950000000000001e-05,1.3224228387078285e-05,0
2.5e-05,0.0,9.065000000000001e-05,1.2776910544481867e-05,0
2.5e-05,0.0,9.180000000000001e-05,1.2329592701885454e-05,0
2.5e-05,0.0,9.295000000000001e-05,1.1882274859289033e-05,0
2.5e-05,0.0,9.410000000000001e-05,1.1434957016692618e-05,0
2.5e-05,0.0,9.525000000000001e-05,1.0987639174096197e-05,0
2.5e-05,0.0,9.640000000000001e-05,1.0540321331499782e-05,0
2.5e-05,0.0,9.755e-05,1.0093003488903371e-05,0
2.5e-05,0.0,9.87e-05,9.645685646306947e-06,0
2.5e-05,0.0,9.985e-05,9.198367803710534e-06,0
2.5e-05,0.0,0.000101,8.751049961114113e-06,0
2.5e-05,0.0,0.00010215,8.303732118517696e-06,0
2.5e-05,0.0,0.0001033,7.856414275921282e-06,0
2.5e-05,0.0,0.00010445,7.409096433324868e-06,0
2.5e-05,0.0,0.00010559999999999999,6.961778590728449e-06,0
2.5e-05,0.0,0.00010674999999999999,6.514460748132031e-06,0
2.5e-05,0.0,0.0001079,6.067142905535617e-06,0
2.5e-05,0.0,0.00010905,5.6198250629391965e-06,0
2.5e-05,0.0,0.0001102,5.172507220342779e-06,0
2.5e-05,0.0,0.00011135,4.725189377746357e-06,0
2.5e-05,0.0,0.0001125,4.277871535149941e-06,0
2.5e-05,0.0,0.00011365,3.8305536925535245e-06,0
2.5e-05,0.0,0.0001148,3.390618123468178e-06,0
2.5e-05,0.0,0.00011595,3.0911821512740832e-06,0
2.5e-05,0.0,0.0001171,3.0008332754709993e-06,0
2.5e-05,0.0,0.00011825,3.128825336065635e-06,0
2.5e-05,0.0,0.0001194,3.4621977685614118e-06,0
2.5e-05,0.0,0.00012055,3.971549325652092e-06,0
2.5e-05,0.0,0.0001217,4.6216796049165035e-06,0
2.5e-05,0.0,0.00012285,5.379886634078067e-06,0
2.5e-05,0.0,0.000124,6.219544457292904e-06,0
2.6e-05,0.0,5.5e-05,2.806444913401813e-05,0
2.6e-05,0.0,5.615e-05,2.7450328405454018e-05,0
2.6e-05,0.0,5.7300000000000004e-05,2.6867875719575372e-05,0
2.6e-05,0.0,5.8450000000000005e-05,2.631897849516589e-05,0
2.6e-05,0.0,5.96e-05,2.580555501982213e-05,0
2.6e-05,0.0,6.075e-05,2.5329534058999275e-05,0
2.6e-05,0.0,6.19e-05,2.488110617080369e-05,0
2.6e-05,0.0,6.305e-05,2.4433788328207273e-05,0
2.6e-05,0.0,6.42e-05,2.3986470485610856e-05,0
2.6e-05,0.0,6.535e-05,2.353915264301444e-05,0
2.6e-05,0.0,6.65e-05,2.309183480041802e-05,0
2.6e-05,0.0,6.765e-05,2.2644516957821604e-05,0
2.6e-05,0.0,6.88e-05,2.2197199115225187e-05,0
2.6e-05,0.0,6.995e-05,2.174988127262877e-05,0
2.6e-05,0.0,7.11e-05,2.1302563430032353e-05,0
2.6e-05,0.0,7.225e-05,2.0855245587435936e-05,0
2.6e-05,0.0,7.34e-05,2.040792774483952e-05,0
2.6e-05,0.0,7.455e-05,1.99606099022431e-05,0
2.6e-05,0.0,7.57e-05,1.9513292059646684e-05,0
2.6e-05,0.0,7.685e-05,1.9065974217050267e-05,0
2.6e-05,0.0,7.8e-05,1.8618656374453843e-05,0
2.6e-05,0.0,7.915e-05,1.8171338531857433e-05,0
2.6e-05,0.0,8.03e-05,1.7724020689261016e-05,0
2.6e-05,0.0,8.145e-05,1.72767028466646e-05,0
2.6e-05,0.0,8.26e-05,1.6829385004068175e-05,0
2.6e-05,0.0,8.375e-05,1.6382067161471764e-05,0
2.6e-05,0.0,8.49e-05,1.5934749318875347e-05,0
2.6e-05,0.0,8.605e-05,1.5487431476278923e-05,0
2.6e-05,0.0,8.72e-05,1.5040113633682506e-05,0
2.6e-05,0.0,8.835e-05,1.4592795791086092e-05,0
2.6e-05,0.0,8.950000000000001e-05,1.414547794848967e-05,0
2.6e-05,0.0,9.065000000000001e-05,1.3698160105893253e-05,0
2.6e-05,0.0,9.180000000000001e-05,1.3250842263296832e-05,0
2.6e-05,0.0,9.295000000000001e-05,1.2803524420700419e-05,0
2.6e-05,0.0,9.410000000000001e-05,1.2356206578104002e-05,0
2.6e-05,0.0,9.525000000000001e-05,1.1908888735507586e-05,0
2.6e-05,0.0,9.640000000000001e-05,1.1461570892911162e-05,0
2.6e-05,0.0,9.755e-05,1.101425305031475e-05,0
2.6e-05,0.0,9.87e-05,1.0566935207718336e-05,0
2.6e-05,0.0,9.985e-05,1.011961736512192e-05,0
2.6e-05,0.0,0.000101,9.672299522525499e-06,0
2.6e-05,0.0,0.00010215,9.224981679929076e-06,0
2.6e-05,0.0,0.0001033,8.777663837332661e-06,0
2.6e-05,0.0,0.00010445,8.330345994736244e-06,0
2.6e-05,0.0,0.00010559999999999999,7.883028152139834e-06,0
2.6e-05,0.0,0.00010674999999999999,7.435710309543412e-06,0
2.6e-05,0.0,0.0001079,6.988392466946995e-06,0
2.6e-05,0.0,0.00010905,6.541074624350579e-06,0
2.6e-05,0.0,0.0001102,6.093756781754165e-06,0
2.6e-05,0.0,0.00011135,5.646438939157743e-06,0
2.6e-05,0.0,0.0001125,5.1991210965613205e-06,0
2.6e-05,0.0,0.00011365,4.751803253964908e-06,0
2.6e-05,0.0,0.0001148,4.3375745311376494e-06,0
2.6e-05,0.0,0.00011595,4.078311945654834e-06,0
2.6e-05,0.0,0.0001171,4.000714249274853e-06,0
2.6e-05,0.0,0.00011825,4.1107313266639466e-06,0
2.6e-05,0.0,0.0001194,4.400000000000003e-06,0
2.6e-05,0.0,0.00012055,4.848726011270879e-06,0
2.6e-05,0.0,0.0001217,5.431488599292543e-06,0
2.6e-05,0.0,0.00012285,6.122636680258629e-06,0
2.6e-05,0.0,0.000124,6.899494936611679e-06,0
2.7000000000000002e-05,0.0,5.5e-05,2.890611226708764e-05,0
2.7000000000000002e-05,0.0,5.615e-05,2.8308505234201143e-05,0
2.7000000000000002e-05,0.0,5.7300000000000004e-05,2.7742316113136304e-05,0
2.7000000000000002e-05,0.0,5.8450000000000005e-05,2.7209311478416718e-05,0
2.7000000000000002e-05,0.0,5.96e-05,2.6711277320236506e-05,0
2.7000000000000002e-05,0.0,6.075e-05,2.62496735748115e-05,0
2.7000000000000002e-05,0.0,6.19e-05,2.5802355732215082e-05,0
2.7000000000000002e-05,0.0,6.305e-05,2.5355037889618665e-05,0
2.7000000000000002e-05,0.0,6.42e-05,2.4907720047022248e-05,0
2.7000000000000002e-05,0.0,6.535e-05,2.446040220442583e-05,0
2.7000000000000002e-05,0.0,6.65e-05,2.4013084361829414e-05,0
2.7000000000000002e-05,0.0,6.765e-05,2.356576651923299e-05,0
2.7000000000000002e-05,0.0,6.88e-05,2.311844867663658e-05,0
2.7000000000000002e-05,0.0,6.995e-05,2.2671130834040162e-05,0
2.7000000000000002e-05,0.0,7.11e-05,2.2223812991443745e-05,0
2.7000000000000002e-05,0.0,7.225e-05,2.1776495148847328e-05,0
2.7000000000000002e-05,0.0,7.34e-05,2.132917730625091e-05,0
2.7000000000000002e-05,0.0,7.455e-05,2.0881859463654494e-05,0
2.7000000000000002e-05,0.0,7.57e-05,2.0434541621058077e-05,0
2.7000000000000002e-05,0.0,7.685e-05,1.998722377846166e-05,0
2.7000000000000002e-05,0.0,7.8e-05,1.9539905935865242e-05,0
2.7000000000000002e-05,0.0,7.915e-05,1.909258809326882e-05,0
2.7000000000000002e-05,0.0,8.03e-05,1.86452702506724e-05,0
2.7000000000000002e-05,0.0,8.145e-05,1.8197952408075984e-05,0
2.7000000000000002e-05,0.0,8.26e-05,1.7750634565479567e-05,0
2.7000000000000002e-05,0.0,8.375e-05,1.730331672288315e-05,0
2.7000000000000002e-05,0.0,8.49e-05,1.6855998880286733e-05,0
2.7000000000000002e-05,0.0,8.605e-05,1.640868103769031e-05,0
2.7000000000000002e-05,0.0,8.72e-05,1.59613631950939e-05,0
2.7000000000000002e-05,0.0,8.835e-05,1.5514045352497475e-05,0
2.7000000000000002e-05,0.0,8.950000000000001e-05,1.5066727509901057e-05,0
2.7000000000000002e-05,0.0,9.065000000000001e-05,1.4619409667304637e-05,0
2.7000000000000002e-05,0.0,9.180000000000001e-05,1.4172091824708228e-05,0
2.7000000000000002e-05,0.0,9.295000000000001e-05,1.3724773982111811e-05,0
2.7000000000000002e-05,0.0,9.410000000000001e-05,1.327745613951539e-05,0
2.7000000000000002e-05,0.0,9.525000000000001e-05,1.283013829691897e-05,0
2.7000000000000002e-05,0.0,9.640000000000001e-05,1.2382820454322553e-05,0
2.7000000000000002e-05,0.0,9.755e-05,1.193550261172614e-05,0
2.7000000000000002e-05,0.0,9.87e-05,1.1488184769129719e-05,0
2.7000000000000002e-05,0.0,9.985e-05,1.1040866926533303e-05,0
2.7000000000000002e-05,0.0,0.000101,1.0593549083936886e-05,0
2.7000000000000002e-05,0.0,0.00010215,1.014623124134047e-05,0
2.7000000000000002e-05,0.0,0.0001033,9.698913398744055e-06,0
2.7000000000000002e-05,0.0,0.00010445,9.251595556147636e-06,0
2.7000000000000002e-05,0.0,0.00010559999999999999,8.804277713551222e-06,0
2.7000000000000002e-05,0.0,0.00010674999999999999,8.356959870954805e-06,0
2.7000000000000002e-05,0.0,0.0001079,7.909642028358386e-06,0
2.7000000000000002e-05,0.0,0.00010905,7.46232418576197e-06,0
2.7000000000000002e-05,0.0,0.0001102,7.015006343165555e-06,0
2.7000000000000002e-05,0.0,0.00011135,6.567688500569132e-06,0
2.7000000000000002e-05,0.0,0.0001125,6.1203706579727145e-06,0
2.7000000000000002e-05,0.0,0.00011365,5.673090567957879e-06,0
2.7000000000000002e-05,0.0,0.0001148,5.2969874050766135e-06,0
2.7000000000000002e-05,0.0,0.00011595,5.068612024381888e-06,0
2.7000000000000002e-05,0.0,0.0001171,5.000624975587846e-06,0
2.7000000000000002e-05,0.0,0.00011825,5.0970673703508265e-06,0
2.7000000000000002e-05,0.0,0.0001194,5.352245207128447e-06,0
2.7000000000000002e-05,0.0,0.00012055,5.7522854158214095e-06,0
2.7000000000000002e-05,0.0,0.0001217,6.278469701410907e-06,0
2.7000000000000002e-05,0.0,0.00012285,6.910726512218984e-06,0
2.7000000000000002e-05,0.0,0.000124,7.630145812734664e-06,0
2.8e-05,0.0,5.5e-05,2.9756678708318396e-05,0
2.8e-05,0.0,5.615e-05,2.9174873737125994e-05,0
2.8e-05,0.0,5.7300000000000004e-05,2.862419959461425e-05,0
2.8e-05,0.0,5.8450000000000005e-05,2.8106309649329992e-05,0
2.8e-05,0.0,5.96e-05,2.762286727267713e-05,0
2.8e-05,0.0,6.075e-05,2.7170923136222885e-05,0
2.8e-05,0.0,6.19e-05,2.6723605293626468e-05,0
2.8e-05,0.0,6.305e-05,2.6276287451030044e-05,0
2.8e-05,0.0,6.42e-05,2.5828969608433627e-05,0
2.8e-05,0.0,6.535e-05,2.5381651765837217e-05,0
2.8e-05,0.0,6.65e-05,2.4934333923240793e-05,0
2.8e-05,0.0,6.765e-05,2.4487016080644375e-05,0
2.8e-05,0.0,6.88e-05,2.403969823804796e-05,0
2.8e-05,0.0,6.995e-05,2.359238039545154e-05,0
2.8e-05,0.0,7.11e-05,2.314506255285513e-05,0
2.8e-05,0.0,7.225e-05,2.2697744710258714e-05,0
2.8e-05,0.0,7.34e-05,2.2250426867662297e-05,0
2.8e-05,0.0,7.455e-05,2.1803109025065873e-05,0
2.8e-05,0.0,7.57e-05,2.1355791182469462e-05,0
2.8e-05,0.0,7.685e-05,2.090847333987304e-05,0
2.8e-05,0.0,7.8e-05,2.046115549727662e-05,0
2.8e-05,0.0,7.915e-05,2.0013837654680204e-05,0
2.8e-05,0.0,8.03e-05,1.9566519812083787e-05,0
2.8e-05,0.0,8.145e-05,1.9119201969487363e-05,0
2.8e-05,0.0,8.26e-05,1.8671884126890953e-05,0
2.8e-05,0.0,8.375e-05,1.8224566284294535e-05,0
2.8e-05,0.0,8.49e-05,1.777724844169811e-05,0
2.8e-05,0.0,8.605e-05,1.7329930599101694e-05,0
2.8e-05,0.0,8.72e-05,1.6882612756505284e-05,0
2.8e-05,0.0,8.835e-05,1.643529491390886e-05,0
2.8e-05,0.0,8.950000000000001e-05,1.5987977071312443e-05,0
2.8e-05,0.0,9.065000000000001e-05,1.5540659228716026e-05,0
2.8e-05,0.0,9.180000000000001e-05,1.5093341386119605e-05,0
2.8e-05,0.0,9.295000000000001e-05,1.4646023543523185e-05,0
2.8e-05,0.0,9.410000000000001e-05,1.4198705700926773e-05,0
2.8e-05,0.0,9.525000000000001e-05,1.3751387858330356e-05,0
2.8e-05,0.0,9.640000000000001e-05,1.3304070015733938e-05,0
2.8e-05,0.0,9.755e-05,1.2856752173137525e-05,0
2.8e-05,0.0,9.87e-05,1.2409434330541107e-05,0
2.8e-05,0.0,9.985e-05,1.1962116487944689e-05,0
2.8e-05,0.0,0.000101,1.1514798645348271e-05,0
2.8e-05,0.0,0.00010215,1.1067480802751851e-05,0
2.8e-05,0.0,0.0001033,1.0620162960155434e-05,0
2.8e-05,0.0,0.00010445,1.0172845117559018e-05,0
2.8e-05,0.0,0.00010559999999999999,9.725527274962605e-06,0
2.8e-05,0.0,0.00010674999999999999,9.278209432366186e-06,0
2.8e-05,0.0,0.0001079,8.830891589769769e-06,0
2.8e-05,0.0,0.00010905,8.383573747173353e-06,0
2.8e-05,0.0,0.0001102,7.93625590457694e-06,0
2.8e-05,0.0,0.00011135,7.488938061980518e-06,0
2.8e-05,0.0,0.0001125,7.041620219384096e-06,0
2.8e-05,0.0,0.00011365,6.6032546566255285e-06,0
2.8e-05,0.0,0.0001148,6.26498785752037e-06,0
2.8e-05,0.0,0.00011595,6.06104298632337e-06,0
2.8e-05,0.0,0.0001171,6.000555538409837e-06,0
2.8e-05,0.0,0.00011825,6.086390922693124e-06,0
2.8e-05,0.0,0.0001194,6.314504817756017e-06,0
2.8e-05,0.0,0.00012055,6.674838499944076e-06,0
2.8e-05,0.0,0.0001217,7.153324578678659e-06,0
2.8e-05,0.0,0.00012285,7.734174397688916e-06,0
2.8e-05,0.0,0.000124,8.40175425099139e-06,0
2.9000000000000004e-05,0.0,5.5e-05,3.061547262794323e-05,0
2.9000000000000004e-05,0.0,5.615e-05,3.0048789690395626e-05,0
2.9000000000000004e-05,0.0,5.7300000000000004e-05,2.9512920508622415e-05,0
2.9000000000000004e-05,0.0,5.8450000000000005e-05,2.9009412678148286e-05,0
2.9000000000000004e-05,0.0,5.96e-05,2.8539816105995295e-05,0
2.9000000000000004e-05,0.0,6.075e-05,2.809217269763427e-05,0
2.9000000000000004e-05,0.0,6.19e-05,2.764485485503786e-05,0
2.9000000000000004e-05,0.0,6.305e-05,2.7197537012441436e-05,0
2.9000000000000004e-05,0.0,6.42e-05,2.675021916984502e-05,0
2.9000000000000004e-05,0.0,6.535e-05,2.6302901327248602e-05,0
2.9000000000000004e-05,0.0,6.65e-05,2.5855583484652185e-05,0
2.9000000000000004e-05,0.0,6.765e-05,2.5408265642055768e-05,0
2.9000000000000004e-05,0.0,6.88e-05,2.496094779945935e-05,0
2.9000000000000004e-05,0.0,6.995e-05,2.4513629956862927e-05,0
2.9000000000000004e-05,0.0,7.11e-05,2.4066312114266516e-05,0
2.9000000000000004e-05,0.0,7.225e-05,2.3618994271670106e-05,0
2.9000000000000004e-05,0.0,7.34e-05,2.3171676429073682e-05,0
2.9000000000000004e-05,0.0,7.455e-05,2.2724358586477265e-05,0
2.9000000000000004e-05,0.0,7.57e-05,2.2277040743880848e-05,0
2.9000000000000004e-05,0.0,7.685e-05,2.182972290128443e-05,0
2.9000000000000004e-05,0.0,7.8e-05,2.1382405058688007e-05,0
2.9000000000000004e-05,0.0,7.915e-05,2.093508721609159e-05,0
2.9000000000000004e-05,0.0,8.03e-05,2.0487769373495172e-05,0
2.9000000000000004e-05,0.0,8.145e-05,2.0040451530898755e-05,0
2.9000000000000004e-05,0.0,8.26e-05,1.9593133688302338e-05,0
2.9000000000000004e-05,0.0,8.375e-05,1.914581584570592e-05,0
2.9000000000000004e-05,0.0,8.49e-05,1.8698498003109504e-05,0
2.9000000000000004e-05,0.0,8.605e-05,1.8251180160513087e-05,0
2.9000000000000004e-05,0.0,8.72e-05,1.780386231791667e-05,0
2.9000000000000004e-05,0.0,8.835e-05,1.7356544475320252e-05,0
2.9000000000000004e-05,0.0,8.950000000000001e-05,1.6909226632723835e-05,0
2.9000000000000004e-05,0.0,9.065000000000001e-05,1.6461908790127418e-05,0
2.9000000000000004e-05,0.0,9.180000000000001e-05,1.6014590947531e-05,0
2.9000000000000004e-05,0.0,9.295000000000001e-05,1.5567273104934577e-05,0
2.9000000000000004e-05,0.0,9.410000000000001e-05,1.5119955262338163e-05,0
2.9000000000000004e-05,0.0,9.525000000000001e-05,1.467263741974174e-05,0
2.9000000000000004e-05,0.0,9.640000000000001e-05,1.4225319577145327e-05,0
2.9000000000000004e-05,0.0,9.755e-05,1.3778001734548914e-05,0
2.9000000000000004e-05,0.0,9.87e-05,1.3330683891952493e-05,0
2.9000000000000004e-05,0.0,9.985e-05,1.2883366049356076e-05,0
2.9000000000000004e-05,0.0,0.000101,1.2436048206759662e-05,0
2.9000000000000004e-05,0.0,0.00010215,1.1988730364163247e-05,0
2.9000000000000004e-05,0.0,0.0001033,1.1541412521566823e-05,0
2.9000000000000004e-05,0.0,0.00010445,1.1094094678970407e-05,0
2.9000000000000004e-05,0.0,0.00010559999999999999,1.0646776836373997e-05,0
2.9000000000000004e-05,0.0,0.00010674999999999999,1.019945899377758e-05,0
2.9000000000000004e-05,0.0,0.0001079,9.752141151181158e-06,0
2.9000000000000004e-05,0.0,0.00010905,9.304823308584739e-06,0
2.9000000000000004e-05,0.0,0.0001102,8.857505465988323e-06,0
2.9000000000000004e-05,0.0,0.00011135,8.410187623391906e-06,0
2.9000000000000004e-05,0.0,0.0001125,7.962869780795492e-06,0
2.9000000000000004e-05,0.0,0.00011365,7.546207849269801e-06,0
2.9000000000000004e-05,0.0,0.0001148,7.239140588936164e-06,0
2.9000000000000004e-05,0.0,0.00011595,7.054973893551392e-06,0
2.9000000000000004e-05,0.0,0.0001171,7.000499987500629e-06,0
2.9000000000000004e-05,0.0,0.00011825,7.077822185373192e-06,0
2.9000000000000004e-05,0.0,0.0001194,7.28396810574596e-06,0
2.9000000000000004e-05,0.0,0.00012055,7.611432514038818e-06,0
2.9000000000000004e-05,0.0,0.0001217,8.04943437466372e-06,0
2.9000000000000004e-05,0.0,0.00012285,8.585443452885188e-06,0
2.9000000000000004e-05,0.0,0.000124,9.206555615733717e-06,0
3e-05,0.0,5.5e-05,3.1481879299133334e-05,0
3e-05,0.0,5.615e-05,3.0929669907029746e-05,0
3e-05,0.0,5.7300000000000004e-05,3.0407933189588367e-05,0
3e-05,0.0,5.8450000000000005e-05,2.9918118111459527e-05,0
3e-05,0.0,5.96e-05,2.9460740101642073e-05,0
3e-05,0.0,6.075e-05,2.9013422259045656e-05,0
3e-05,0.0,6.19e-05,2.856610441644924e-05,0
3e-05,0.0,6.305e-05,2.8118786573852822e-05,0
3e-05,0.0,6.42e-05,2.7671468731256405e-05,0
3e-05,0.0,6.535e-05,2.722415088865998e-05,0
3e-05,0.0,6.65e-05,2.677683304606357e-05,0
3e-05,0.0,6.765e-05,2.6329515203467153e-05,0
3e-05,0.0,6.88e-05,2.588219736087073e-05,0
3e-05,0.0,6.995e-05,2.5434879518274312e-05,0
3e-05,0.0,7.11e-05,2.4987561675677902e-05,0
3e-05,0.0,7.225e-05,2.4540243833081485e-05,0
3e-05,0.0,7.34e-05,2.409292599048506e-05,0
3e-05,0.0,7.455e-05,2.3645608147888644e-05,0
3e-05,0.0,7.57e-05,2.3198290305292233e-05,0
3e-05,0.0,7.685e-05,2.275097246269581e-05,0
3e-05,0.0,7.8e-05,2.2303654620099392e-05,0
3e-05,0.0,7.915e-05,2.1856336777502975e-05,0
3e-05,0.0,8.03e-05,2.1409018934906565e-05,0
3e-05,0.0,8.145e-05,2.096170109231014e-05,0
3e-05,0.0,8.26e-05,2.0514383249713724e-05,0
3e-05,0.0,8.375e-05,2.0067065407117307e-05,0
3e-05,0.0,8.49e-05,1.961974756452089e-05,0
3e-05,0.0,8.605e-05,1.9172429721924472e-05,0
3e-05,0.0,8.72e-05,1.8725111879328055e-05,0
3e-05,0.0,8.835e-05,1.827779403673163e-05,0
3e-05,0.0,8.950000000000001e-05,1.7830476194135214e-05,0
3e-05,0.0,9.065000000000001e-05,1.7383158351538797e-05,0
3e-05,0.0,9.180000000000001e-05,1.6935840508942387e-05,0
3e-05,0.0,9.295000000000001e-05,1.6488522666345963e-05,0
3e-05,0.0,9.410000000000001e-05,1.6041204823749545e-05,0
3e-05,0.0,9.525000000000001e-05,1.559388698115313e-05,0
3e-05,0.0,9.640000000000001e-05,1.5146569138556711e-05,0
3e-05,0.0,9.755e-05,1.4699251295960297e-05,0
3e-05,0.0,9.87e-05,1.4251933453363882e-05,0
3e-05,0.0,9.985e-05,1.3804615610767461e-05,0
3e-05,0.0,0.000101,1.3357297768171041e-05,0
3e-05,0.0,0.00010215,1.2909979925574624e-05,0
3e-05,0.0,0.0001033,1.246266208297821e-05,0
3e-05,0.0,0.00010445,1.2015344240381793e-05,0
3e-05,0.0,0.00010559999999999999,1.1568026397785376e-05,0
3e-05,0.0,0.00010674999999999999,1.112070855518896e-05,0
3e-05,0.0,0.0001079,1.0673390712592543e-05,0
3e-05,0.0,0.00010905,1.0226072869996126e-05,0
3e-05,0.0,0.0001102,9.778755027399705e-06,0
3e-05,0.0,0.00011135,9.331437184803287e-06,0
3e-05,0.0,0.0001125,8.884864324004707e-06,0
3e-05,0.0,0.00011365,8.498804285663788e-06,0
3e-05,0.0,0.0001148,8.217842929904123e-06,0
3e-05,0.0,0.00011595,8.049999999999997e-06,0
3e-05,0.0,0.0001171,8.000454536063498e-06,0
3e-05,0.0,0.00011825,8.070794912742266e-06,0
3e-05,0.0,0.0001194,8.258774356030059e-06,0
3e-05,0.0,0.00012055,8.55865476601841e-06,0
3e-05,0.0,0.0001217,8.962023240238257e-06,0
3e-05,0.0,0.00012285,9.458832208517788e-06,0
3e-05,0.0,0.000124,1.003840481040531e-05,0
