x_m,y_m,z_m,lsf_m,inside_conductor
0.0,-1.2e-05,5.5e-05,1.4e-05,0
0.0,-1.2e-05,5.615e-05,1.2849999999999999e-05,0
0.0,-1.2e-05,5.7300000000000004e-05,1.1699999999999998e-05,0
0.0,-1.2e-05,5.8450000000000005e-05,1.0549999999999997e-05,0
0.0,-1.2e-05,5.96e-05,9.400000000000003e-06,0
0.0,-1.2e-05,6.075e-05,8.250000000000002e-06,0
0.0,-1.2e-05,6.19e-05,7.100000000000002e-06,0
0.0,-1.2e-05,6.305e-05,7e-06,0
0.0,-1.2e-05,6.42e-05,7e-06,0
0.0,-1.2e-05,6.535e-05,7e-06,0
0.0,-1.2e-05,6.65e-05,7e-06,0
0.0,-1.2e-05,6.765e-05,7e-06,0
0.0,-1.2e-05,6.88e-05,7e-06,0
0.0,-1.2e-05,6.995e-05,7e-06,0
0.0,-1.2e-05,7.11e-05,7e-06,0
0.0,-1.2e-05,7.225e-05,7e-06,0
0.0,-1.2e-05,7.34e-05,7e-06,0
0.0,-1.2e-05,7.455e-05,7e-06,0
0.0,-1.2e-05,7.57e-05,7e-06,0
0.0,-1.2e-05,7.685e-05,7e-06,0
0.0,-1.2e-05,7.8e-05,7e-06,0
0.0,-1.2e-05,7.915e-05,7e-06,0
0.0,-1.2e-05,8.03e-05,7e-06,0
0.0,-1.2e-05,8.145e-05,7e-06,0
0.0,-1.2e-05,8.26e-05,7e-06,0
0.0,-1.2e-05,8.375e-05,7e-06,0
0.0,-1.2e-05,8.49e-05,7e-06,0
0.0,-1.2e-05,8.605e-05,7e-06,0
0.0,-1.2e-05,8.72e-05,7e-06,0
0.0,-1.2e-05,8.835e-05,7e-06,0
0.0,-1.2e-05,8.950000000000001e-05,7e-06,0
0.0,-1.2e-05,9.065000000000001e-05,7e-06,0
0.0,-1.2e-05,9.180000000000001e-05,7e-06,0
0.0,-1.2e-05,9.295000000000001e-05,7e-06,0
0.0,-1.2e-05,9.410000000000001e-05,7e-06,0
0.0,-1.2e-05,9.525000000000001e-05,7e-06,0
0.0,-1.2e-05,9.640000000000001e-05,7e-06,0
0.0,-1.2e-05,9.755e-05,7e-06,0
0.0,-1.2e-05,9.87e-05,7e-06,0
0.0,-1.2e-05,9.985e-05,7e-06,0
0.0,-1.2e-05,0.000101,7e-06,0
0.0,-1.2e-05,0.00010215,7e-06,0
0.0,-1.2e-05,0.0001033,7e-06,0
0.0,-1.2e-05,0.00010445,7e-06,0
0.0,-1.2e-05,0.00010559999999999999,7e-06,0
0.0,-1.2e-05,0.00010674999999999999,7e-06,0
0.0,-1.2e-05,0.0001079,7e-06,0
0.0,-1.2e-05,0.00010905,7e-06,0
0.0,-1.2e-05,0.0001102,7e-06,0
0.0,-1.2e-05,0.00011135,7e-06,0
0.0,-1.2e-05,0.0001125,7e-06,0
0.0,-1.2e-05,0.00011365,7e-06,0
0.0,-1.2e-05,0.0001148,7e-06,0
0.0,-1.2e-05,0.00011595,7e-06,0
0.0,-1.2e-05,0.0001171,7e-06,0
0.0,-1.2e-05,0.00011825,7e-06,0
0.0,-1.2e-05,0.0001194,7e-06,0
0.0,-1.2e-05,0.00012055,7e-06,0
0.0,-1.2e-05,0.0001217,7e-06,0
0.0,-1.2e-05,0.00012285,7e-06,0
0.0,-1.2e-05,0.000124,7e-06,0
0.0,-1.16e-05,5.5e-05,1.4e-05,0
0.0,-1.16e-05,5.615e-05,1.2849999999999999e-05,0
0.0,-1.16e-05,5.7300000000000004e-05,1.1699999999999998e-05,0
0.0,-1.16e-05,5.8450000000000005e-05,1.0549999999999997e-05,0
0.0,-1.16e-05,5.96e-05,9.400000000000003e-06,0
0.0,-1.16e-05,6.075e-05,8.250000000000002e-06,0
0.0,-1.16e-05,6.19e-05,7.100000000000002e-06,0
0.0,-1.16e-05,6.305e-05,6.6e-06,0
0.0,-1.16e-05,6.42e-05,6.6e-06,0
0.0,-1.16e-05,6.535e-05,6.6e-06,0
0.0,-1.16e-05,6.65e-05,6.6e-06,0
0.0,-1.16e-05,6.765e-05,6.6e-06,0
0.0,-1.16e-05,6.88e-05,6.6e-06,0
0.0,-1.16e-05,6.995e-05,6.6e-06,0
0.0,-1.16e-05,7.11e-05,6.6e-06,0
0.0,-1.16e-05,7.225e-05,6.6e-06,0
0.0,-1.16e-05,7.34e-05,6.6e-06,0
0.0,-1.16e-05,7.455e-05,6.6e-06,0
0.0,-1.16e-05,7.57e-05,6.6e-06,0
0.0,-1.16e-05,7.685e-05,6.6e-06,0
0.0,-1.16e-05,7.8e-05,6.6e-06,0
0.0,-1.16e-05,7.915e-05,6.6e-06,0
0.0,-1.16e-05,8.03e-05,6.6e-06,0
0.0,-1.16e-05,8.145e-05,6.6e-06,0
0.0,-1.16e-05,8.26e-05,6.6e-06,0
0.0,-1.16e-05,8.375e-05,6.6e-06,0
0.0,-1.16e-05,8.49e-05,6.6e-06,0
0.0,-1.16e-05,8.605e-05,6.6e-06,0
0.0,-1.16e-05,8.72e-05,6.6e-06,0
0.0,-1.16e-05,8.835e-05,6.6e-06,0
0.0,-1.16e-05,8.950000000000001e-05,6.6e-06,0
0.0,-1.16e-05,9.065000000000001e-05,6.6e-06,0
0.0,-1.16e-05,9.180000000000001e-05,6.6e-06,0
0.0,-1.16e-05,9.295000000000001e-05,6.6e-06,0
0.0,-1.16e-05,9.410000000000001e-05,6.6e-06,0
0.0,-1.16e-05,9.525000000000001e-05,6.6e-06,0
0.0,-1.16e-05,9.640000000000001e-05,6.6e-06,0
0.0,-1.16e-05,9.755e-05,6.6e-06,0
0.0,-1.16e-05,9.87e-05,6.6e-06,0
0.0,-1.16e-05,9.985e-05,6.6e-06,0
0.0,-1.16e-05,0.000101,6.6e-06,0
0.0,-1.16e-05,0.00010215,6.6e-06,0
0.0,-1.16e-05,0.0001033,6.6e-06,0
0.0,-1.16e-05,0.00010445,6.6e-06,0
0.0,-1.16e-05,0.00010559999999999999,6.6e-06,0
0.0,-1.16e-05,0.00010674999999999999,6.6e-06,0
0.0,-1.16e-05,0.0001079,6.6e-06,0
0.0,-1.16e-05,0.00010905,6.6e-06,0
0.0,-1.16e-05,0.0001102,6.6e-06,0
0.0,-1.16e-05,0.00011135,6.6e-06,0
0.0,-1.16e-05,0.0001125,6.6e-06,0
0.0,-1.16e-05,0.00011365,6.6e-06,0
0.0,-1.16e-05,0.0001148,6.6e-06,0
0.0,-1.16e-05,0.00011595,6.6e-06,0
0.0,-1.16e-05,0.0001171,6.6e-06,0
0.0,-1.16e-05,0.00011825,6.6e-06,0
0.0,-1.16e-05,0.0001194,6.6e-06,0
0.0,-1.16e-05,0.00012055,6.6e-06,0
0.0,-1.16e-05,0.0001217,6.6e-06,0
0.0,-1.16e-05,0.00012285,6.6e-06,0
0.0,-1.16e-05,0.000124,6.6e-06,0
0.0,-1.12e-05,5.5e-05,1.4e-05,0
0.0,-1.12e-05,5.615e-05,1.2849999999999999e-05,0
0.0,-1.12e-05,5.7300000000000004e-05,1.1699999999999998e-05,0
0.0,-1.12e-05,5.8450000000000005e-05,1.0549999999999997e-05,0
0.0,-1.12e-05,5.96e-05,9.400000000000003e-06,0
0.0,-1.12e-05,6.075e-05,8.250000000000002e-06,0
0.0,-1.12e-05,6.19e-05,7.100000000000002e-06,0
0.0,-1.12e-05,6.305e-05,6.199999999999999e-06,0
0.0,-1.12e-05,6.42e-05,6.199999999999999e-06,0
0.0,-1.12e-05,6.535e-05,6.199999999999999e-06,0
0.0,-1.12e-05,6.65e-05,6.199999999999999e-06,0
0.0,-1.12e-05,6.765e-05,6.199999999999999e-06,0
0.0,-1.12e-05,6.88e-05,6.199999999999999e-06,0
0.0,-1.12e-05,6.995e-05,6.199999999999999e-06,0
0.0,-1.12e-05,7.11e-05,6.199999999999999e-06,0
0.0,-1.12e-05,7.225e-05,6.199999999999999e-06,0
0.0,-1.12e-05,7.34e-05,6.199999999999999e-06,0
0.0,-1.12e-05,7.455e-05,6.199999999999999e-06,0
0.0,-1.12e-05,7.57e-05,6.199999999999999e-06,0
0.0,-1.12e-05,7.685e-05,6.199999999999999e-06,0
0.0,-1.12e-05,7.8e-05,6.199999999999999e-06,0
0.0,-1.12e-05,7.915e-05,6.199999999999999e-06,0
0.0,-1.12e-05,8.03e-05,6.199999999999999e-06,0
0.0,-1.12e-05,8.145e-05,6.199999999999999e-06,0
0.0,-1.12e-05,8.26e-05,6.199999999999999e-06,0
0.0,-1.12e-05,8.375e-05,6.199999999999999e-06,0
0.0,-1.12e-05,8.49e-05,6.199999999999999e-06,0
0.0,-1.12e-05,8.605e-05,6.199999999999999e-06,0
0.0,-1.12e-05,8.72e-05,6.199999999999999e-06,0
0.0,-1.12e-05,8.835e-05,6.199999999999999e-06,0
0.0,-1.12e-05,8.950000000000001e-05,6.199999999999999e-06,0
0.0,-1.12e-05,9.065000000000001e-05,6.199999999999999e-06,0
0.0,-1.12e-05,9.180000000000001e-05,6.199999999999999e-06,0
0.0,-1.12e-05,9.295000000000001e-05,6.199999999999999e-06,0
0.0,-1.12e-05,9.410000000000001e-05,6.199999999999999e-06,0
0.0,-1.12e-05,9.525000000000001e-05,6.199999999999999e-06,0
0.0,-1.12e-05,9.640000000000001e-05,6.199999999999999e-06,0
0.0,-1.12e-05,9.755e-05,6.199999999999999e-06,0
0.0,-1.12e-05,9.87e-05,6.199999999999999e-06,0
0.0,-1.12e-05,9.985e-05,6.199999999999999e-06,0
0.0,-1.12e-05,0.000101,6.199999999999999e-06,0
0.0,-1.12e-05,0.00010215,6.199999999999999e-06,0
0.0,-1.12e-05,0.0001033,6.199999999999999e-06,0
0.0,-1.12e-05,0.00010445,6.199999999999999e-06,0
0.0,-1.12e-05,0.00010559999999999999,6.199999999999999e-06,0
0.0,-1.12e-05,0.00010674999999999999,6.199999999999999e-06,0
0.0,-1.12e-05,0.0001079,6.199999999999999e-06,0
0.0,-1.12e-05,0.00010905,6.199999999999999e-06,0
0.0,-1.12e-05,0.0001102,6.199999999999999e-06,0
0.0,-1.12e-05,0.00011135,6.199999999999999e-06,0
0.0,-1.12e-05,0.0001125,6.199999999999999e-06,0
0.0,-1.12e-05,0.00011365,6.199999999999999e-06,0
0.0,-1.12e-05,0.0001148,6.199999999999999e-06,0
0.0,-1.12e-05,0.00011595,6.199999999999999e-06,0
0.0,-1.12e-05,0.0001171,6.199999999999999e-06,0
0.0,-1.12e-05,0.00011825,6.199999999999999e-06,0
0.0,-1.12e-05,0.0001194,6.199999999999999e-06,0
0.0,-1.12e-05,0.00012055,6.199999999999999e-06,0
0.0,-1.12e-05,0.0001217,6.199999999999999e-06,0
0.0,-1.12e-05,0.00012285,6.199999999999999e-06,0
0.0,-1.12e-05,0.000124,6.199999999999999e-06,0
0.0,-1.08e-05,5.5e-05,1.4e-05,0
0.0,-1.08e-05,5.615e-05,1.2849999999999999e-05,0
0.0,-1.08e-05,5.7300000000000004e-05,1.1699999999999998e-05,0
0.0,-1.08e-05,5.8450000000000005e-05,1.0549999999999997e-05,0
0.0,-1.08e-05,5.96e-05,9.400000000000003e-06,0
0.0,-1.08e-05,6.075e-05,8.250000000000002e-06,0
0.0,-1.08e-05,6.19e-05,7.100000000000002e-06,0
0.0,-1.08e-05,6.305e-05,5.950000000000001e-06,0
0.0,-1.08e-05,6.42e-05,5.7999999999999995e-06,0
0.0,-1.08e-05,6.535e-05,5.7999999999999995e-06,0
0.0,-1.08e-05,6.65e-05,5.7999999999999995e-06,0
0.0,-1.08e-05,6.765e-05,5.7999999999999995e-06,0
0.0,-1.08e-05,6.88e-05,5.7999999999999995e-06,0
0.0,-1.08e-05,6.995e-05,5.7999999999999995e-06,0
0.0,-1.08e-05,7.11e-05,5.7999999999999995e-06,0
0.0,-1.08e-05,7.225e-05,5.7999999999999995e-06,0
0.0,-1.08e-05,7.34e-05,5.7999999999999995e-06,0
0.0,-1.08e-05,7.455e-05,5.7999999999999995e-06,0
0.0,-1.08e-05,7.57e-05,5.7999999999999995e-06,0
0.0,-1.08e-05,7.685e-05,5.7999999999999995e-06,0
0.0,-1.08e-05,7.8e-05,5.7999999999999995e-06,0
0.0,-1.08e-05,7.915e-05,5.7999999999999995e-06,0
0.0,-1.08e-05,8.03e-05,5.7999999999999995e-06,0
0.0,-1.08e-05,8.145e-05,5.7999999999999995e-06,0
0.0,-1.08e-05,8.26e-05,5.7999999999999995e-06,0
0.0,-1.08e-05,8.375e-05,5.7999999999999995e-06,0
0.0,-1.08e-05,8.49e-05,5.7999999999999995e-06,0
0.0,-1.08e-05,8.605e-05,5.7999999999999995e-06,0
0.0,-1.08e-05,8.72e-05,5.7999999999999995e-06,0
0.0,-1.08e-05,8.835e-05,5.7999999999999995e-06,0
0.0,-1.08e-05,8.950000000000001e-05,5.7999999999999995e-06,0
0.0,-1.08e-05,9.065000000000001e-05,5.7999999999999995e-06,0
0.0,-1.08e-05,9.180000000000001e-05,5.7999999999999995e-06,0
0.0,-1.08e-05,9.295000000000001e-05,5.7999999999999995e-06,0
0.0,-1.08e-05,9.410000000000001e-05,5.7999999999999995e-06,0
0.0,-1.08e-05,9.525000000000001e-05,5.7999999999999995e-06,0
0.0,-1.08e-05,9.640000000000001e-05,5.7999999999999995e-06,0
0.0,-1.08e-05,9.755e-05,5.7999999999999995e-06,0
0.0,-1.08e-05,9.87e-05,5.7999999999999995e-06,0
0.0,-1.08e-05,9.985e-05,5.7999999999999995e-06,0
0.0,-1.08e-05,0.000101,5.7999999999999995e-06,0
0.0,-1.08e-05,0.00010215,5.7999999999999995e-06,0
0.0,-1.08e-05,0.0001033,5.7999999999999995e-06,0
0.0,-1.08e-05,0.00010445,5.7999999999999995e-06,0
0.0,-1.08e-05,0.00010559999999999999,5.7999999999999995e-06,0
0.0,-1.08e-05,0.00010674999999999999,5.7999999999999995e-06,0
0.0,-1.08e-05,0.0001079,5.7999999999999995e-06,0
0.0,-1.08e-05,0.00010905,5.7999999999999995e-06,0
0.0,-1.08e-05,0.0001102,5.7999999999999995e-06,0
0.0,-1.08e-05,0.00011135,5.7999999999999995e-06,0
0.0,-1.08e-05,0.0001125,5.7999999999999995e-06,0
0.0,-1.08e-05,0.00011365,5.7999999999999995e-06,0
0.0,-1.08e-05,0.0001148,5.7999999999999995e-06,0
0.0,-1.08e-05,0.00011595,5.7999999999999995e-06,0
0.0,-1.08e-05,0.0001171,5.7999999999999995e-06,0
0.0,-1.08e-05,0.00011825,5.7999999999999995e-06,0
0.0,-1.08e-05,0.0001194,5.7999999999999995e-06,0
0.0,-1.08e-05,0.00012055,5.7999999999999995e-06,0
0.0,-1.08e-05,0.0001217,5.7999999999999995e-06,0
0.0,-1.08e-05,0.00012285,5.7999999999999995e-06,0
0.0,-1.08e-05,0.000124,5.7999999999999995e-06,0
0.0,-1.04e-05,5.5e-05,1.4e-05,0
0.0,-1.04e-05,5.615e-05,1.2849999999999999e-05,0
0.0,-1.04e-05,5.7300000000000004e-05,1.1699999999999998e-05,0
0.0,-1.04e-05,5.8450000000000005e-05,1.0549999999999997e-05,0
0.0,-1.04e-05,5.96e-05,9.400000000000003e-06,0
0.0,-1.04e-05,6.075e-05,8.250000000000002e-06,0
0.0,-1.04e-05,6.19e-05,7.100000000000002e-06,0
0.0,-1.04e-05,6.305e-05,5.950000000000001e-06,0
0.0,-1.04e-05,6.42e-05,5.4e-06,0
0.0,-1.04e-05,6.535e-05,5.4e-06,0
0.0,-1.04e-05,6.65e-05,5.4e-06,0
0.0,-1.04e-05,6.765e-05,5.4e-06,0
0.0,-1.04e-05,6.88e-05,5.4e-06,0
0.0,-1.04e-05,6.995e-05,5.4e-06,0
0.0,-1.04e-05,7.11e-05,5.4e-06,0
0.0,-1.04e-05,7.225e-05,5.4e-06,0
0.0,-1.04e-05,7.34e-05,5.4e-06,0
0.0,-1.04e-05,7.455e-05,5.4e-06,0
0.0,-1.04e-05,7.57e-05,5.4e-06,0
0.0,-1.04e-05,7.685e-05,5.4e-06,0
0.0,-1.04e-05,7.8e-05,5.4e-06,0
0.0,-1.04e-05,7.915e-05,5.4e-06,0
0.0,-1.04e-05,8.03e-05,5.4e-06,0
0.0,-1.04e-05,8.145e-05,5.4e-06,0
0.0,-1.04e-05,8.26e-05,5.4e-06,0
0.0,-1.04e-05,8.375e-05,5.4e-06,0
0.0,-1.04e-05,8.49e-05,5.4e-06,0
0.0,-1.04e-05,8.605e-05,5.4e-06,0
0.0,-1.04e-05,8.72e-05,5.4e-06,0
0.0,-1.04e-05,8.835e-05,5.4e-06,0
0.0,-1.04e-05,8.950000000000001e-05,5.4e-06,0
0.0,-1.04e-05,9.065000000000001e-05,5.4e-06,0
0.0,-1.04e-05,9.180000000000001e-05,5.4e-06,0
0.0,-1.04e-05,9.295000000000001e-05,5.4e-06,0
0.0,-1.04e-05,9.410000000000001e-05,5.4e-06,0
0.0,-1.04e-05,9.525000000000001e-05,5.4e-06,0
0.0,-1.04e-05,9.640000000000001e-05,5.4e-06,0
0.0,-1.04e-05,9.755e-05,5.4e-06,0
0.0,-1.04e-05,9.87e-05,5.4e-06,0
0.0,-1.04e-05,9.985e-05,5.4e-06,0
0.0,-1.04e-05,0.000101,5.4e-06,0
0.0,-1.04e-05,0.00010215,5.4e-06,0
0.0,-1.04e-05,0.0001033,5.4e-06,0
0.0,-1.04e-05,0.00010445,5.4e-06,0
0.0,-1.04e-05,0.00010559999999999999,5.4e-06,0
0.0,-1.04e-05,0.00010674999999999999,5.4e-06,0
0.0,-1.04e-05,0.0001079,5.4e-06,0
0.0,-1.04e-05,0.00010905,5.4e-06,0
0.0,-1.04e-05,0.0001102,5.4e-06,0
0.0,-1.04e-05,0.00011135,5.4e-06,0
0.0,-1.04e-05,0.0001125,5.4e-06,0
0.0,-1.04e-05,0.00011365,5.4e-06,0
0.0,-1.04e-05,0.0001148,5.4e-06,0
0.0,-1.04e-05,0.00011595,5.4e-06,0
0.0,-1.04e-05,0.0001171,5.4e-06,0
0.0,-1.04e-05,0.00011825,5.4e-06,0
0.0,-1.04e-05,0.0001194,5.4e-06,0
0.0,-1.04e-05,0.00012055,5.4e-06,0
0.0,-1.04e-05,0.0001217,5.4e-06,0
0.0,-1.04e-05,0.00012285,5.4e-06,0
0.0,-1.04e-05,0.000124,5.4e-06,0
0.0,-1e-05,5.5e-05,1.4e-05,0
0.0,-1e-05,5.615e-05,1.2849999999999999e-05,0
0.0,-1e-05,5.7300000000000004e-05,1.1699999999999998e-05,0
0.0,-1e-05,5.8450000000000005e-05,1.0549999999999997e-05,0
0.0,-1e-05,5.96e-05,9.400000000000003e-06,0
0.0,-1e-05,6.075e-05,8.250000000000002e-06,0
0.0,-1e-05,6.19e-05,7.100000000000002e-06,0
0.0,-1e-05,6.305e-05,5.950000000000001e-06,0
0.0,-1e-05,6.42e-05,5e-06,0
0.0,-1e-05,6.535e-05,5e-06,0
0.0,-1e-05,6.65e-05,5e-06,0
0.0,-1e-05,6.765e-05,5e-06,0
0.0,-1e-05,6.88e-05,5e-06,0
0.0,-1e-05,6.995e-05,5e-06,0
0.0,-1e-05,7.11e-05,5e-06,0
0.0,-1e-05,7.225e-05,5e-06,0
0.0,-1e-05,7.34e-05,5e-06,0
0.0,-1e-05,7.455e-05,5e-06,0
0.0,-1e-05,7.57e-05,5e-06,0
0.0,-1e-05,7.685e-05,5e-06,0
0.0,-1e-05,7.8e-05,5e-06,0
0.0,-1e-05,7.915e-05,5e-06,0
0.0,-1e-05,8.03e-05,5e-06,0
0.0,-1e-05,8.145e-05,5e-06,0
0.0,-1e-05,8.26e-05,5e-06,0
0.0,-1e-05,8.375e-05,5e-06,0
0.0,-1e-05,8.49e-05,5e-06,0
0.0,-1e-05,8.605e-05,5e-06,0
0.0,-1e-05,8.72e-05,5e-06,0
0.0,-1e-05,8.835e-05,5e-06,0
0.0,-1e-05,8.950000000000001e-05,5e-06,0
0.0,-1e-05,9.065000000000001e-05,5e-06,0
0.0,-1e-05,9.180000000000001e-05,5e-06,0
0.0,-1e-05,9.295000000000001e-05,5e-06,0
0.0,-1e-05,9.410000000000001e-05,5e-06,0
0.0,-1e-05,9.525000000000001e-05,5e-06,0
0.0,-1e-05,9.640000000000001e-05,5e-06,0
0.0,-1e-05,9.755e-05,5e-06,0
0.0,-1e-05,9.87e-05,5e-06,0
0.0,-1e-05,9.985e-05,5e-06,0
0.0,-1e-05,0.000101,5e-06,0
0.0,-1e-05,0.00010215,5e-06,0
0.0,-1e-05,0.0001033,5e-06,0
0.0,-1e-05,0.00010445,5e-06,0
0.0,-1e-05,0.00010559999999999999,5e-06,0
0.0,-1e-05,0.00010674999999999999,5e-06,0
0.0,-1e-05,0.0001079,5e-06,0
0.0,-1e-05,0.00010905,5e-06,0
0.0,-1e-05,0.0001102,5e-06,0
0.0,-1e-05,0.00011135,5e-06,0
0.0,-1e-05,0.0001125,5e-06,0
0.0,-1e-05,0.00011365,5e-06,0
0.0,-1e-05,0.0001148,5e-06,0
0.0,-1e-05,0.00011595,5e-06,0
0.0,-1e-05,0.0001171,5e-06,0
0.0,-1e-05,0.00011825,5e-06,0
0.0,-1e-05,0.0001194,5e-06,0
0.0,-1e-05,0.00012055,5e-06,0
0.0,-1e-05,0.0001217,5e-06,0
0.0,-1e-05,0.00012285,5e-06,0
0.0,-1e-05,0.000124,5e-06,0
0.0,-9.6e-06,5.5e-05,1.4e-05,0
0.0,-9.6e-06,5.615e-05,1.2849999999999999e-05,0
0.0,-9.6e-06,5.7300000000000004e-05,1.1699999999999998e-05,0
0.0,-9.6e-06,5.8450000000000005e-05,1.0549999999999997e-05,0
0.0,-9.6e-06,5.96e-05,9.400000000000003e-06,0
0.0,-9.6e-06,6.075e-05,8.250000000000002e-06,0
0.0,-9.6e-06,6.19e-05,7.100000000000002e-06,0
0.0,-9.6e-06,6.305e-05,5.950000000000001e-06,0
0.0,-9.6e-06,6.42e-05,4.8e-06,0
0.0,-9.6e-06,6.535e-05,4.599999999999999e-06,0
0.0,-9.6e-06,6.65e-05,4.599999999999999e-06,0
0.0,-9.6e-06,6.765e-05,4.599999999999999e-06,0
0.0,-9.6e-06,6.88e-05,4.599999999999999e-06,0
0.0,-9.6e-06,6.995e-05,4.599999999999999e-06,0
0.0,-9.6e-06,7.11e-05,4.599999999999999e-06,0
0.0,-9.6e-06,7.225e-05,4.599999999999999e-06,0
0.0,-9.6e-06,7.34e-05,4.599999999999999e-06,0
0.0,-9.6e-06,7.455e-05,4.599999999999999e-06,0
0.0,-9.6e-06,7.57e-05,4.599999999999999e-06,0
0.0,-9.6e-06,7.685e-05,4.599999999999999e-06,0
0.0,-9.6e-06,7.8e-05,4.599999999999999e-06,0
0.0,-9.6e-06,7.915e-05,4.599999999999999e-06,0
0.0,-9.6e-06,8.03e-05,4.599999999999999e-06,0
0.0,-9.6e-06,8.145e-05,4.599999999999999e-06,0
0.0,-9.6e-06,8.26e-05,4.599999999999999e-06,0
0.0,-9.6e-06,8.375e-05,4.599999999999999e-06,0
0.0,-9.6e-06,8.49e-05,4.599999999999999e-06,0
0.0,-9.6e-06,8.605e-05,4.599999999999999e-06,0
0.0,-9.6e-06,8.72e-05,4.599999999999999e-06,0
0.0,-9.6e-06,8.835e-05,4.599999999999999e-06,0
0.0,-9.6e-06,8.950000000000001e-05,4.599999999999999e-06,0
0.0,-9.6e-06,9.065000000000001e-05,4.599999999999999e-06,0
0.0,-9.6e-06,9.180000000000001e-05,4.599999999999999e-06,0
0.0,-9.6e-06,9.295000000000001e-05,4.599999999999999e-06,0
0.0,-9.6e-06,9.410000000000001e-05,4.599999999999999e-06,0
0.0,-9.6e-06,9.525000000000001e-05,4.599999999999999e-06,0
0.0,-9.6e-06,9.640000000000001e-05,4.599999999999999e-06,0
0.0,-9.6e-06,9.755e-05,4.599999999999999e-06,0
0.0,-9.6e-06,9.87e-05,4.599999999999999e-06,0
0.0,-9.6e-06,9.985e-05,4.599999999999999e-06,0
0.0,-9.6e-06,0.000101,4.599999999999999e-06,0
0.0,-9.6e-06,0.00010215,4.599999999999999e-06,0
0.0,-9.6e-06,0.0001033,4.599999999999999e-06,0
0.0,-9.6e-06,0.00010445,4.599999999999999e-06,0
0.0,-9.6e-06,0.00010559999999999999,4.599999999999999e-06,0
0.0,-9.6e-06,0.00010674999999999999,4.599999999999999e-06,0
0.0,-9.6e-06,0.0001079,4.599999999999999e-06,0
0.0,-9.6e-06,0.00010905,4.599999999999999e-06,0
0.0,-9.6e-06,0.0001102,4.599999999999999e-06,0
0.0,-9.6e-06,0.00011135,4.599999999999999e-06,0
0.0,-9.6e-06,0.0001125,4.599999999999999e-06,0
0.0,-9.6e-06,0.00011365,4.599999999999999e-06,0
0.0,-9.6e-06,0.0001148,4.599999999999999e-06,0
0.0,-9.6e-06,0.00011595,4.599999999999999e-06,0
0.0,-9.6e-06,0.0001171,4.599999999999999e-06,0
0.0,-9.6e-06,0.00011825,4.599999999999999e-06,0
0.0,-9.6e-06,0.0001194,4.599999999999999e-06,0
0.0,-9.6e-06,0.00012055,4.599999999999999e-06,0
0.0,-9.6e-06,0.0001217,4.599999999999999e-06,0
0.0,-9.6e-06,0.00012285,4.599999999999999e-06,0
0.0,-9.6e-06,0.000124,4.599999999999999e-06,0
0.0,-9.2e-06,5.5e-05,1.4e-05,0
0.0,-9.2e-06,5.615e-05,1.2849999999999999e-05,0
0.0,-9.2e-06,5.7300000000000004e-05,1.1699999999999998e-05,0
0.0,-9.2e-06,5.8450000000000005e-05,1.0549999999999997e-05,0
0.0,-9.2e-06,5.96e-05,9.400000000000003e-06,0
0.0,-9.2e-06,6.075e-05,8.250000000000002e-06,0
0.0,-9.2e-06,6.19e-05,7.100000000000002e-06,0
0.0,-9.2e-06,6.305e-05,5.950000000000001e-06,0
0.0,-9.2e-06,6.42e-05,4.8e-06,0
0.0,-9.2e-06,6.535e-05,4.2e-06,0
0.0,-9.2e-06,6.65e-05,4.2e-06,0
0.0,-9.2e-06,6.765e-05,4.2e-06,0
0.0,-9.2e-06,6.88e-05,4.2e-06,0
0.0,-9.2e-06,6.995e-05,4.2e-06,0
0.0,-9.2e-06,7.11e-05,4.2e-06,0
0.0,-9.2e-06,7.225e-05,4.2e-06,0
0.0,-9.2e-06,7.34e-05,4.2e-06,0
0.0,-9.2e-06,7.455e-05,4.2e-06,0
0.0,-9.2e-06,7.57e-05,4.2e-06,0
0.0,-9.2e-06,7.685e-05,4.2e-06,0
0.0,-9.2e-06,7.8e-05,4.2e-06,0
0.0,-9.2e-06,7.915e-05,4.2e-06,0
0.0,-9.2e-06,8.03e-05,4.2e-06,0
0.0,-9.2e-06,8.145e-05,4.2e-06,0
0.0,-9.2e-06,8.26e-05,4.2e-06,0
0.0,-9.2e-06,8.375e-05,4.2e-06,0
0.0,-9.2e-06,8.49e-05,4.2e-06,0
0.0,-9.2e-06,8.605e-05,4.2e-06,0
0.0,-9.2e-06,8.72e-05,4.2e-06,0
0.0,-9.2e-06,8.835e-05,4.2e-06,0
0.0,-9.2e-06,8.950000000000001e-05,4.2e-06,0
0.0,-9.2e-06,9.065000000000001e-05,4.2e-06,0
0.0,-9.2e-06,9.180000000000001e-05,4.2e-06,0
0.0,-9.2e-06,9.295000000000001e-05,4.2e-06,0
0.0,-9.2e-06,9.410000000000001e-05,4.2e-06,0
0.0,-9.2e-06,9.525000000000001e-05,4.2e-06,0
0.0,-9.2e-06,9.640000000000001e-05,4.2e-06,0
0.0,-9.2e-06,9.755e-05,4.2e-06,0
0.0,-9.2e-06,9.87e-05,4.2e-06,0
0.0,-9.2e-06,9.985e-05,4.2e-06,0
0.0,-9.2e-06,0.000101,4.2e-06,0
0.0,-9.2e-06,0.00010215,4.2e-06,0
0.0,-9.2e-06,0.0001033,4.2e-06,0
0.0,-9.2e-06,0.00010445,4.2e-06,0
0.0,-9.2e-06,0.00010559999999999999,4.2e-06,0
0.0,-9.2e-06,0.00010674999999999999,4.2e-06,0
0.0,-9.2e-06,0.0001079,4.2e-06,0
0.0,-9.2e-06,0.00010905,4.2e-06,0
0.0,-9.2e-06,0.0001102,4.2e-06,0
0.0,-9.2e-06,0.00011135,4.2e-06,0
0.0,-9.2e-06,0.0001125,4.2e-06,0
0.0,-9.2e-06,0.00011365,4.2e-06,0
0.0,-9.2e-06,0.0001148,4.2e-06,0
0.0,-9.2e-06,0.00011595,4.2e-06,0
0.0,-9.2e-06,0.0001171,4.2e-06,0
0.0,-9.2e-06,0.00011825,4.2e-06,0
0.0,-9.2e-06,0.0001194,4.2e-06,0
0.0,-9.2e-06,0.00012055,4.2e-06,0
0.0,-9.2e-06,0.0001217,4.2e-06,0
0.0,-9.2e-06,0.00012285,4.2e-06,0
0.0,-9.2e-06,0.000124,4.2e-06,0
0.0,-8.8e-06,5.5e-05,1.4e-05,0
0.0,-8.8e-06,5.615e-05,1.2849999999999999e-05,0
0.0,-8.8e-06,5.7300000000000004e-05,1.1699999999999998e-05,0
0.0,-8.8e-06,5.8450000000000005e-05,1.0549999999999997e-05,0
0.0,-8.8e-06,5.96e-05,9.400000000000003e-06,0
0.0,-8.8e-06,6.075e-05,8.250000000000002e-06,0
0.0,-8.8e-06,6.19e-05,7.100000000000002e-06,0
0.0,-8.8e-06,6.305e-05,5.950000000000001e-06,0
0.0,-8.8e-06,6.42e-05,4.8e-06,0
0.0,-8.8e-06,6.535e-05,3.8e-06,0
0.0,-8.8e-06,6.65e-05,3.8e-06,0
0.0,-8.8e-06,6.765e-05,3.8e-06,0
0.0,-8.8e-06,6.88e-05,3.8e-06,0
0.0,-8.8e-06,6.995e-05,3.8e-06,0
0.0,-8.8e-06,7.11e-05,3.8e-06,0
0.0,-8.8e-06,7.225e-05,3.8e-06,0
0.0,-8.8e-06,7.34e-05,3.8e-06,0
0.0,-8.8e-06,7.455e-05,3.8e-06,0
0.0,-8.8e-06,7.57e-05,3.8e-06,0
0.0,-8.8e-06,7.685e-05,3.8e-06,0
0.0,-8.8e-06,7.8e-05,3.8e-06,0
0.0,-8.8e-06,7.915e-05,3.8e-06,0
0.0,-8.8e-06,8.03e-05,3.8e-06,0
0.0,-8.8e-06,8.145e-05,3.8e-06,0
0.0,-8.8e-06,8.26e-05,3.8e-06,0
0.0,-8.8e-06,8.375e-05,3.8e-06,0
0.0,-8.8e-06,8.49e-05,3.8e-06,0
0.0,-8.8e-06,8.605e-05,3.8e-06,0
0.0,-8.8e-06,8.72e-05,3.8e-06,0
0.0,-8.8e-06,8.835e-05,3.8e-06,0
0.0,-8.8e-06,8.950000000000001e-05,3.8e-06,0
0.0,-8.8e-06,9.065000000000001e-05,3.8e-06,0
0.0,-8.8e-06,9.180000000000001e-05,3.8e-06,0
0.0,-8.8e-06,9.295000000000001e-05,3.8e-06,0
0.0,-8.8e-06,9.410000000000001e-05,3.8e-06,0
0.0,-8.8e-06,9.525000000000001e-05,3.8e-06,0
0.0,-8.8e-06,9.640000000000001e-05,3.8e-06,0
0.0,-8.8e-06,9.755e-05,3.8e-06,0
0.0,-8.8e-06,9.87e-05,3.8e-06,0
0.0,-8.8e-06,9.985e-05,3.8e-06,0
0.0,-8.8e-06,0.000101,3.8e-06,0
0.0,-8.8e-06,0.00010215,3.8e-06,0
0.0,-8.8e-06,0.0001033,3.8e-06,0
0.0,-8.8e-06,0.00010445,3.8e-06,0
0.0,-8.8e-06,0.00010559999999999999,3.8e-06,0
0.0,-8.8e-06,0.00010674999999999999,3.8e-06,0
0.0,-8.8e-06,0.0001079,3.8e-06,0
0.0,-8.8e-06,0.00010905,3.8e-06,0
0.0,-8.8e-06,0.0001102,3.8e-06,0
0.0,-8.8e-06,0.00011135,3.8e-06,0
0.0,-8.8e-06,0.0001125,3.8e-06,0
0.0,-8.8e-06,0.00011365,3.8e-06,0
0.0,-8.8e-06,0.0001148,3.8e-06,0
0.0,-8.8e-06,0.00011595,3.8e-06,0
0.0,-8.8e-06,0.0001171,3.8e-06,0
0.0,-8.8e-06,0.00011825,3.8e-06,0
0.0,-8.8e-06,0.0001194,3.8e-06,0
0.0,-8.8e-06,0.00012055,3.8e-06,0
0.0,-8.8e-06,0.0001217,3.8e-06,0
0.0,-8.8e-06,0.00012285,3.8e-06,0
0.0,-8.8e-06,0.000124,4.000000000000021e-06,0
0.0,-8.400000000000001e-06,5.5e-05,1.4e-05,0
0.0,-8.400000000000001e-06,5.615e-05,1.2849999999999999e-05,0
0.0,-8.400000000000001e-06,5.7300000000000004e-05,1.1699999999999998e-05,0
0.0,-8.400000000000001e-06,5.8450000000000005e-05,1.0549999999999997e-05,0
0.0,-8.400000000000001e-06,5.96e-05,9.400000000000003e-06,0
0.0,-8.400000000000001e-06,6.075e-05,8.250000000000002e-06,0
0.0,-8.400000000000001e-06,6.19e-05,7.100000000000002e-06,0
0.0,-8.400000000000001e-06,6.305e-05,5.950000000000001e-06,0
0.0,-8.400000000000001e-06,6.42e-05,4.8e-06,0
0.0,-8.400000000000001e-06,6.535e-05,3.649999999999999e-06,0
0.0,-8.400000000000001e-06,6.65e-05,3.4000000000000005e-06,0
0.0,-8.400000000000001e-06,6.765e-05,3.4000000000000005e-06,0
0.0,-8.400000000000001e-06,6.88e-05,3.4000000000000005e-06,0
0.0,-8.400000000000001e-06,6.995e-05,3.4000000000000005e-06,0
0.0,-8.400000000000001e-06,7.11e-05,3.4000000000000005e-06,0
0.0,-8.400000000000001e-06,7.225e-05,3.4000000000000005e-06,0
0.0,-8.400000000000001e-06,7.34e-05,3.4000000000000005e-06,0
0.0,-8.400000000000001e-06,7.455e-05,3.4000000000000005e-06,0
0.0,-8.400000000000001e-06,7.57e-05,3.4000000000000005e-06,0
0.0,-8.400000000000001e-06,7.685e-05,3.4000000000000005e-06,0
0.0,-8.400000000000001e-06,7.8e-05,3.4000000000000005e-06,0
0.0,-8.400000000000001e-06,7.915e-05,3.4000000000000005e-06,0
0.0,-8.400000000000001e-06,8.03e-05,3.4000000000000005e-06,0
0.0,-8.400000000000001e-06,8.145e-05,3.4000000000000005e-06,0
0.0,-8.400000000000001e-06,8.26e-05,3.4000000000000005e-06,0
0.0,-8.400000000000001e-06,8.375e-05,3.4000000000000005e-06,0
0.0,-8.400000000000001e-06,8.49e-05,3.4000000000000005e-06,0
0.0,-8.400000000000001e-06,8.605e-05,3.4000000000000005e-06,0
0.0,-8.400000000000001e-06,8.72e-05,3.4000000000000005e-06,0
0.0,-8.400000000000001e-06,8.835e-05,3.4000000000000005e-06,0
0.0,-8.400000000000001e-06,8.950000000000001e-05,3.4000000000000005e-06,0
0.0,-8.400000000000001e-06,9.065000000000001e-05,3.4000000000000005e-06,0
0.0,-8.400000000000001e-06,9.180000000000001e-05,3.4000000000000005e-06,0
0.0,-8.400000000000001e-06,9.295000000000001e-05,3.4000000000000005e-06,0
0.0,-8.400000000000001e-06,9.410000000000001e-05,3.4000000000000005e-06,0
0.0,-8.400000000000001e-06,9.525000000000001e-05,3.4000000000000005e-06,0
0.0,-8.400000000000001e-06,9.640000000000001e-05,3.4000000000000005e-06,0
0.0,-8.400000000000001e-06,9.755e-05,3.4000000000000005e-06,0
0.0,-8.400000000000001e-06,9.87e-05,3.4000000000000005e-06,0
0.0,-8.400000000000001e-06,9.985e-05,3.4000000000000005e-06,0
0.0,-8.400000000000001e-06,0.000101,3.4000000000000005e-06,0
0.0,-8.400000000000001e-06,0.00010215,3.4000000000000005e-06,0
0.0,-8.400000000000001e-06,0.0001033,3.4000000000000005e-06,0
0.0,-8.400000000000001e-06,0.00010445,3.4000000000000005e-06,0
0.0,-8.400000000000001e-06,0.00010559999999999999,3.4000000000000005e-06,0
0.0,-8.400000000000001e-06,0.00010674999999999999,3.4000000000000005e-06,0
0.0,-8.400000000000001e-06,0.0001079,3.4000000000000005e-06,0
0.0,-8.400000000000001e-06,0.00010905,3.4000000000000005e-06,0
0.0,-8.400000000000001e-06,0.0001102,3.4000000000000005e-06,0
0.0,-8.400000000000001e-06,0.00011135,3.4000000000000005e-06,0
0.0,-8.400000000000001e-06,0.0001125,3.4000000000000005e-06,0
0.0,-8.400000000000001e-06,0.00011365,3.4000000000000005e-06,0
0.0,-8.400000000000001e-06,0.0001148,3.4000000000000005e-06,0
0.0,-8.400000000000001e-06,0.00011595,3.4000000000000005e-06,0
0.0,-8.400000000000001e-06,0.0001171,3.4000000000000005e-06,0
0.0,-8.400000000000001e-06,0.00011825,3.4000000000000005e-06,0
0.0,-8.400000000000001e-06,0.0001194,3.4000000000000005e-06,0
0.0,-8.400000000000001e-06,0.00012055,3.4000000000000005e-06,0
0.0,-8.400000000000001e-06,0.0001217,3.4000000000000005e-06,0
0.0,-8.400000000000001e-06,0.00012285,3.4000000000000005e-06,0
0.0,-8.400000000000001e-06,0.000124,4.000000000000021e-06,0
0.0,-8.000000000000001e-06,5.5e-05,1.4e-05,0
0.0,-8.000000000000001e-06,5.615e-05,1.2849999999999999e-05,0
0.0,-8.000000000000001e-06,5.7300000000000004e-05,1.1699999999999998e-05,0
0.0,-8.000000000000001e-06,5.8450000000000005e-05,1.0549999999999997e-05,0
0.0,-8.000000000000001e-06,5.96e-05,9.400000000000003e-06,0
0.0,-8.000000000000001e-06,6.075e-05,8.250000000000002e-06,0
0.0,-8.000000000000001e-06,6.19e-05,7.100000000000002e-06,0
0.0,-8.000000000000001e-06,6.305e-05,5.950000000000001e-06,0
0.0,-8.000000000000001e-06,6.42e-05,4.8e-06,0
0.0,-8.000000000000001e-06,6.535e-05,3.649999999999999e-06,0
0.0,-8.000000000000001e-06,6.65e-05,3.000000000000001e-06,0
0.0,-8.000000000000001e-06,6.765e-05,3.000000000000001e-06,0
0.0,-8.000000000000001e-06,6.88e-05,3.000000000000001e-06,0
0.0,-8.000000000000001e-06,6.995e-05,3.000000000000001e-06,0
0.0,-8.000000000000001e-06,7.11e-05,3.000000000000001e-06,0
0.0,-8.000000000000001e-06,7.225e-05,3.000000000000001e-06,0
0.0,-8.000000000000001e-06,7.34e-05,3.000000000000001e-06,0
0.0,-8.000000000000001e-06,7.455e-05,3.000000000000001e-06,0
0.0,-8.000000000000001e-06,7.57e-05,3.000000000000001e-06,0
0.0,-8.000000000000001e-06,7.685e-05,3.000000000000001e-06,0
0.0,-8.000000000000001e-06,7.8e-05,3.000000000000001e-06,0
0.0,-8.000000000000001e-06,7.915e-05,3.000000000000001e-06,0
0.0,-8.000000000000001e-06,8.03e-05,3.000000000000001e-06,0
0.0,-8.000000000000001e-06,8.145e-05,3.000000000000001e-06,0
0.0,-8.000000000000001e-06,8.26e-05,3.000000000000001e-06,0
0.0,-8.000000000000001e-06,8.375e-05,3.000000000000001e-06,0
0.0,-8.000000000000001e-06,8.49e-05,3.000000000000001e-06,0
0.0,-8.000000000000001e-06,8.605e-05,3.000000000000001e-06,0
0.0,-8.000000000000001e-06,8.72e-05,3.000000000000001e-06,0
0.0,-8.000000000000001e-06,8.835e-05,3.000000000000001e-06,0
0.0,-8.000000000000001e-06,8.950000000000001e-05,3.000000000000001e-06,0
0.0,-8.000000000000001e-06,9.065000000000001e-05,3.000000000000001e-06,0
0.0,-8.000000000000001e-06,9.180000000000001e-05,3.000000000000001e-06,0
0.0,-8.000000000000001e-06,9.295000000000001e-05,3.000000000000001e-06,0
0.0,-8.000000000000001e-06,9.410000000000001e-05,3.000000000000001e-06,0
0.0,-8.000000000000001e-06,9.525000000000001e-05,3.000000000000001e-06,0
0.0,-8.000000000000001e-06,9.640000000000001e-05,3.000000000000001e-06,0
0.0,-8.000000000000001e-06,9.755e-05,3.000000000000001e-06,0
0.0,-8.000000000000001e-06,9.87e-05,3.000000000000001e-06,0
0.0,-8.000000000000001e-06,9.985e-05,3.000000000000001e-06,0
0.0,-8.000000000000001e-06,0.000101,3.000000000000001e-06,0
0.0,-8.000000000000001e-06,0.00010215,3.000000000000001e-06,0
0.0,-8.000000000000001e-06,0.0001033,3.000000000000001e-06,0
0.0,-8.000000000000001e-06,0.00010445,3.000000000000001e-06,0
0.0,-8.000000000000001e-06,0.00010559999999999999,3.000000000000001e-06,0
0.0,-8.000000000000001e-06,0.00010674999999999999,3.000000000000001e-06,0
0.0,-8.000000000000001e-06,0.0001079,3.000000000000001e-06,0
0.0,-8.000000000000001e-06,0.00010905,3.000000000000001e-06,0
0.0,-8.000000000000001e-06,0.0001102,3.000000000000001e-06,0
0.0,-8.000000000000001e-06,0.00011135,3.000000000000001e-06,0
0.0,-8.000000000000001e-06,0.0001125,3.000000000000001e-06,0
0.0,-8.000000000000001e-06,0.00011365,3.000000000000001e-06,0
0.0,-8.000000000000001e-06,0.0001148,3.000000000000001e-06,0
0.0,-8.000000000000001e-06,0.00011595,3.000000000000001e-06,0
0.0,-8.000000000000001e-06,0.0001171,3.000000000000001e-06,0
0.0,-8.000000000000001e-06,0.00011825,3.000000000000001e-06,0
0.0,-8.000000000000001e-06,0.0001194,3.000000000000001e-06,0
0.0,-8.000000000000001e-06,0.00012055,3.000000000000001e-06,0
0.0,-8.000000000000001e-06,0.0001217,3.000000000000001e-06,0
0.0,-8.000000000000001e-06,0.00012285,3.000000000000001e-06,0
0.0,-8.000000000000001e-06,0.000124,4.000000000000021e-06,0
0.0,-7.6e-06,5.5e-05,1.4e-05,0
0.0,-7.6e-06,5.615e-05,1.2849999999999999e-05,0
0.0,-7.6e-06,5.7300000000000004e-05,1.1699999999999998e-05,0
0.0,-7.6e-06,5.8450000000000005e-05,1.0549999999999997e-05,0
0.0,-7.6e-06,5.96e-05,9.400000000000003e-06,0
0.0,-7.6e-06,6.075e-05,8.250000000000002e-06,0
0.0,-7.6e-06,6.19e-05,7.100000000000002e-06,0
0.0,-7.6e-06,6.305e-05,5.950000000000001e-06,0
0.0,-7.6e-06,6.42e-05,4.8e-06,0
0.0,-7.6e-06,6.535e-05,3.649999999999999e-06,0
0.0,-7.6e-06,6.65e-05,2.5999999999999997e-06,0
0.0,-7.6e-06,6.765e-05,2.5999999999999997e-06,0
0.0,-7.6e-06,6.88e-05,2.5999999999999997e-06,0
0.0,-7.6e-06,6.995e-05,2.5999999999999997e-06,0
0.0,-7.6e-06,7.11e-05,2.5999999999999997e-06,0
0.0,-7.6e-06,7.225e-05,2.5999999999999997e-06,0
0.0,-7.6e-06,7.34e-05,2.5999999999999997e-06,0
0.0,-7.6e-06,7.455e-05,2.5999999999999997e-06,0
0.0,-7.6e-06,7.57e-05,2.5999999999999997e-06,0
0.0,-7.6e-06,7.685e-05,2.5999999999999997e-06,0
0.0,-7.6e-06,7.8e-05,2.5999999999999997e-06,0
0.0,-7.6e-06,7.915e-05,2.5999999999999997e-06,0
0.0,-7.6e-06,8.03e-05,2.5999999999999997e-06,0
0.0,-7.6e-06,8.145e-05,2.5999999999999997e-06,0
0.0,-7.6e-06,8.26e-05,2.5999999999999997e-06,0
0.0,-7.6e-06,8.375e-05,2.5999999999999997e-06,0
0.0,-7.6e-06,8.49e-05,2.5999999999999997e-06,0
0.0,-7.6e-06,8.605e-05,2.5999999999999997e-06,0
0.0,-7.6e-06,8.72e-05,2.5999999999999997e-06,0
0.0,-7.6e-06,8.835e-05,2.5999999999999997e-06,0
0.0,-7.6e-06,8.950000000000001e-05,2.5999999999999997e-06,0
0.0,-7.6e-06,9.065000000000001e-05,2.5999999999999997e-06,0
0.0,-7.6e-06,9.180000000000001e-05,2.5999999999999997e-06,0
0.0,-7.6e-06,9.295000000000001e-05,2.5999999999999997e-06,0
0.0,-7.6e-06,9.410000000000001e-05,2.5999999999999997e-06,0
0.0,-7.6e-06,9.525000000000001e-05,2.5999999999999997e-06,0
0.0,-7.6e-06,9.640000000000001e-05,2.5999999999999997e-06,0
0.0,-7.6e-06,9.755e-05,2.5999999999999997e-06,0
0.0,-7.6e-06,9.87e-05,2.5999999999999997e-06,0
0.0,-7.6e-06,9.985e-05,2.5999999999999997e-06,0
0.0,-7.6e-06,0.000101,2.5999999999999997e-06,0
0.0,-7.6e-06,0.00010215,2.5999999999999997e-06,0
0.0,-7.6e-06,0.0001033,2.5999999999999997e-06,0
0.0,-7.6e-06,0.00010445,2.5999999999999997e-06,0
0.0,-7.6e-06,0.00010559999999999999,2.5999999999999997e-06,0
0.0,-7.6e-06,0.00010674999999999999,2.5999999999999997e-06,0
0.0,-7.6e-06,0.0001079,2.5999999999999997e-06,0
0.0,-7.6e-06,0.00010905,2.5999999999999997e-06,0
0.0,-7.6e-06,0.0001102,2.5999999999999997e-06,0
0.0,-7.6e-06,0.00011135,2.5999999999999997e-06,0
0.0,-7.6e-06,0.0001125,2.5999999999999997e-06,0
0.0,-7.6e-06,0.00011365,2.5999999999999997e-06,0
0.0,-7.6e-06,0.0001148,2.5999999999999997e-06,0
0.0,-7.6e-06,0.00011595,2.5999999999999997e-06,0
0.0,-7.6e-06,0.0001171,2.5999999999999997e-06,0
0.0,-7.6e-06,0.00011825,2.5999999999999997e-06,0
0.0,-7.6e-06,0.0001194,2.5999999999999997e-06,0
0.0,-7.6e-06,0.00012055,2.5999999999999997e-06,0
0.0,-7.6e-06,0.0001217,2.5999999999999997e-06,0
0.0,-7.6e-06,0.00012285,2.85000000000002e-06,0
0.0,-7.6e-06,0.000124,4.000000000000021e-06,0
0.0,-7.2000000000000005e-06,5.5e-05,1.4e-05,0
0.0,-7.2000000000000005e-06,5.615e-05,1.2849999999999999e-05,0
0.0,-7.2000000000000005e-06,5.7300000000000004e-05,1.1699999999999998e-05,0
0.0,-7.2000000000000005e-06,5.8450000000000005e-05,1.0549999999999997e-05,0
0.0,-7.2000000000000005e-06,5.96e-05,9.400000000000003e-06,0
0.0,-7.2000000000000005e-06,6.075e-05,8.250000000000002e-06,0
0.0,-7.2000000000000005e-06,6.19e-05,7.100000000000002e-06,0
0.0,-7.2000000000000005e-06,6.305e-05,5.950000000000001e-06,0
0.0,-7.2000000000000005e-06,6.42e-05,4.8e-06,0
0.0,-7.2000000000000005e-06,6.535e-05,3.649999999999999e-06,0
0.0,-7.2000000000000005e-06,6.65e-05,2.499999999999998e-06,0
0.0,-7.2000000000000005e-06,6.765e-05,2.2e-06,0
0.0,-7.2000000000000005e-06,6.88e-05,2.2e-06,0
0.0,-7.2000000000000005e-06,6.995e-05,2.2e-06,0
0.0,-7.2000000000000005e-06,7.11e-05,2.2e-06,0
0.0,-7.2000000000000005e-06,7.225e-05,2.2e-06,0
0.0,-7.2000000000000005e-06,7.34e-05,2.2e-06,0
0.0,-7.2000000000000005e-06,7.455e-05,2.2e-06,0
0.0,-7.2000000000000005e-06,7.57e-05,2.2e-06,0
0.0,-7.2000000000000005e-06,7.685e-05,2.2e-06,0
0.0,-7.2000000000000005e-06,7.8e-05,2.2e-06,0
0.0,-7.2000000000000005e-06,7.915e-05,2.2e-06,0
0.0,-7.2000000000000005e-06,8.03e-05,2.2e-06,0
0.0,-7.2000000000000005e-06,8.145e-05,2.2e-06,0
0.0,-7.2000000000000005e-06,8.26e-05,2.2e-06,0
0.0,-7.2000000000000005e-06,8.375e-05,2.2e-06,0
0.0,-7.2000000000000005e-06,8.49e-05,2.2e-06,0
0.0,-7.2000000000000005e-06,8.605e-05,2.2e-06,0
0.0,-7.2000000000000005e-06,8.72e-05,2.2e-06,0
0.0,-7.2000000000000005e-06,8.835e-05,2.2e-06,0
0.0,-7.2000000000000005e-06,8.950000000000001e-05,2.2e-06,0
0.0,-7.2000000000000005e-06,9.065000000000001e-05,2.2e-06,0
0.0,-7.2000000000000005e-06,9.180000000000001e-05,2.2e-06,0
0.0,-7.2000000000000005e-06,9.295000000000001e-05,2.2e-06,0
0.0,-7.2000000000000005e-06,9.410000000000001e-05,2.2e-06,0
0.0,-7.2000000000000005e-06,9.525000000000001e-05,2.2e-06,0
0.0,-7.2000000000000005e-06,9.640000000000001e-05,2.2e-06,0
0.0,-7.2000000000000005e-06,9.755e-05,2.2e-06,0
0.0,-7.2000000000000005e-06,9.87e-05,2.2e-06,0
0.0,-7.2000000000000005e-06,9.985e-05,2.2e-06,0
0.0,-7.2000000000000005e-06,0.000101,2.2e-06,0
0.0,-7.2000000000000005e-06,0.00010215,2.2e-06,0
0.0,-7.2000000000000005e-06,0.0001033,2.2e-06,0
0.0,-7.2000000000000005e-06,0.00010445,2.2e-06,0
0.0,-7.2000000000000005e-06,0.00010559999999999999,2.2e-06,0
0.0,-7.2000000000000005e-06,0.00010674999999999999,2.2e-06,0
0.0,-7.2000000000000005e-06,0.0001079,2.2e-06,0
0.0,-7.2000000000000005e-06,0.00010905,2.2e-06,0
0.0,-7.2000000000000005e-06,0.0001102,2.2e-06,0
0.0,-7.2000000000000005e-06,0.00011135,2.2e-06,0
0.0,-7.2000000000000005e-06,0.0001125,2.2e-06,0
0.0,-7.2000000000000005e-06,0.00011365,2.2e-06,0
0.0,-7.2000000000000005e-06,0.0001148,2.2e-06,0
0.0,-7.2000000000000005e-06,0.00011595,2.2e-06,0
0.0,-7.2000000000000005e-06,0.0001171,2.2e-06,0
0.0,-7.2000000000000005e-06,0.00011825,2.2e-06,0
0.0,-7.2000000000000005e-06,0.0001194,2.2e-06,0
0.0,-7.2000000000000005e-06,0.00012055,2.2e-06,0
0.0,-7.2000000000000005e-06,0.0001217,2.2e-06,0
0.0,-7.2000000000000005e-06,0.00012285,2.85000000000002e-06,0
0.0,-7.2000000000000005e-06,0.000124,4.000000000000021e-06,0
0.0,-6.8e-06,5.5e-05,1.4e-05,0
0.0,-6.8e-06,5.615e-05,1.2849999999999999e-05,0
0.0,-6.8e-06,5.7300000000000004e-05,1.1699999999999998e-05,0
0.0,-6.8e-06,5.8450000000000005e-05,1.0549999999999997e-05,0
0.0,-6.8e-06,5.96e-05,9.400000000000003e-06,0
0.0,-6.8e-06,6.075e-05,8.250000000000002e-06,0
0.0,-6.8e-06,6.19e-05,7.100000000000002e-06,0
0.0,-6.8e-06,6.305e-05,5.950000000000001e-06,0
0.0,-6.8e-06,6.42e-05,4.8e-06,0
0.0,-6.8e-06,6.535e-05,3.649999999999999e-06,0
0.0,-6.8e-06,6.65e-05,2.499999999999998e-06,0
0.0,-6.8e-06,6.765e-05,1.7999999999999995e-06,0
0.0,-6.8e-06,6.88e-05,1.7999999999999995e-06,0
0.0,-6.8e-06,6.995e-05,1.7999999999999995e-06,0
0.0,-6.8e-06,7.11e-05,1.7999999999999995e-06,0
0.0,-6.8e-06,7.225e-05,1.7999999999999995e-06,0
0.0,-6.8e-06,7.34e-05,1.7999999999999995e-06,0
0.0,-6.8e-06,7.455e-05,1.7999999999999995e-06,0
0.0,-6.8e-06,7.57e-05,1.7999999999999995e-06,0
0.0,-6.8e-06,7.685e-05,1.7999999999999995e-06,0
0.0,-6.8e-06,7.8e-05,1.7999999999999995e-06,0
0.0,-6.8e-06,7.915e-05,1.7999999999999995e-06,0
0.0,-6.8e-06,8.03e-05,1.7999999999999995e-06,0
0.0,-6.8e-06,8.145e-05,1.7999999999999995e-06,0
0.0,-6.8e-06,8.26e-05,1.7999999999999995e-06,0
0.0,-6.8e-06,8.375e-05,1.7999999999999995e-06,0
0.0,-6.8e-06,8.49e-05,1.7999999999999995e-06,0
0.0,-6.8e-06,8.605e-05,1.7999999999999995e-06,0
0.0,-6.8e-06,8.72e-05,1.7999999999999995e-06,0
0.0,-6.8e-06,8.835e-05,1.7999999999999995e-06,0
0.0,-6.8e-06,8.950000000000001e-05,1.7999999999999995e-06,0
0.0,-6.8e-06,9.065000000000001e-05,1.7999999999999995e-06,0
0.0,-6.8e-06,9.180000000000001e-05,1.7999999999999995e-06,0
0.0,-6.8e-06,9.295000000000001e-05,1.7999999999999995e-06,0
0.0,-6.8e-06,9.410000000000001e-05,1.7999999999999995e-06,0
0.0,-6.8e-06,9.525000000000001e-05,1.7999999999999995e-06,0
0.0,-6.8e-06,9.640000000000001e-05,1.7999999999999995e-06,0
0.0,-6.8e-06,9.755e-05,1.7999999999999995e-06,0
0.0,-6.8e-06,9.87e-05,1.7999999999999995e-06,0
0.0,-6.8e-06,9.985e-05,1.7999999999999995e-06,0
0.0,-6.8e-06,0.000101,1.7999999999999995e-06,0
0.0,-6.8e-06,0.00010215,1.7999999999999995e-06,0
0.0,-6.8e-06,0.0001033,1.7999999999999995e-06,0
0.0,-6.8e-06,0.00010445,1.7999999999999995e-06,0
0.0,-6.8e-06,0.00010559999999999999,1.7999999999999995e-06,0
0.0,-6.8e-06,0.00010674999999999999,1.7999999999999995e-06,0
0.0,-6.8e-06,0.0001079,1.7999999999999995e-06,0
0.0,-6.8e-06,0.00010905,1.7999999999999995e-06,0
0.0,-6.8e-06,0.0001102,1.7999999999999995e-06,0
0.0,-6.8e-06,0.00011135,1.7999999999999995e-06,0
0.0,-6.8e-06,0.0001125,1.7999999999999995e-06,0
0.0,-6.8e-06,0.00011365,1.7999999999999995e-06,0
0.0,-6.8e-06,0.0001148,1.7999999999999995e-06,0
0.0,-6.8e-06,0.00011595,1.7999999999999995e-06,0
0.0,-6.8e-06,0.0001171,1.7999999999999995e-06,0
0.0,-6.8e-06,0.00011825,1.7999999999999995e-06,0
0.0,-6.8e-06,0.0001194,1.7999999999999995e-06,0
0.0,-6.8e-06,0.00012055,1.7999999999999995e-06,0
0.0,-6.8e-06,0.0001217,1.7999999999999995e-06,0
0.0,-6.8e-06,0.00012285,2.85000000000002e-06,0
0.0,-6.8e-06,0.000124,4.000000000000021e-06,0
0.0,-6.4e-06,5.5e-05,1.4e-05,0
0.0,-6.4e-06,5.615e-05,1.2849999999999999e-05,0
0.0,-6.4e-06,5.7300000000000004e-05,1.1699999999999998e-05,0
0.0,-6.4e-06,5.8450000000000005e-05,1.0549999999999997e-05,0
0.0,-6.4e-06,5.96e-05,9.400000000000003e-06,0
0.0,-6.4e-06,6.075e-05,8.250000000000002e-06,0
0.0,-6.4e-06,6.19e-05,7.100000000000002e-06,0
0.0,-6.4e-06,6.305e-05,5.950000000000001e-06,0
0.0,-6.4e-06,6.42e-05,4.8e-06,0
0.0,-6.4e-06,6.535e-05,3.649999999999999e-06,0
0.0,-6.4e-06,6.65e-05,2.499999999999998e-06,0
0.0,-6.4e-06,6.765e-05,1.399999999999999e-06,0
0.0,-6.4e-06,6.88e-05,1.399999999999999e-06,0
0.0,-6.4e-06,6.995e-05,1.399999999999999e-06,0
0.0,-6.4e-06,7.11e-05,1.399999999999999e-06,0
0.0,-6.4e-06,7.225e-05,1.399999999999999e-06,0
0.0,-6.4e-06,7.34e-05,1.399999999999999e-06,0
0.0,-6.4e-06,7.455e-05,1.399999999999999e-06,0
0.0,-6.4e-06,7.57e-05,1.399999999999999e-06,0
0.0,-6.4e-06,7.685e-05,1.399999999999999e-06,0
0.0,-6.4e-06,7.8e-05,1.399999999999999e-06,0
0.0,-6.4e-06,7.915e-05,1.399999999999999e-06,0
0.0,-6.4e-06,8.03e-05,1.399999999999999e-06,0
0.0,-6.4e-06,8.145e-05,1.399999999999999e-06,0
0.0,-6.4e-06,8.26e-05,1.399999999999999e-06,0
0.0,-6.4e-06,8.375e-05,1.399999999999999e-06,0
0.0,-6.4e-06,8.49e-05,1.399999999999999e-06,0
0.0,-6.4e-06,8.605e-05,1.399999999999999e-06,0
0.0,-6.4e-06,8.72e-05,1.399999999999999e-06,0
0.0,-6.4e-06,8.835e-05,1.399999999999999e-06,0
0.0,-6.4e-06,8.950000000000001e-05,1.399999999999999e-06,0
0.0,-6.4e-06,9.065000000000001e-05,1.399999999999999e-06,0
0.0,-6.4e-06,9.180000000000001e-05,1.399999999999999e-06,0
0.0,-6.4e-06,9.295000000000001e-05,1.399999999999999e-06,0
0.0,-6.4e-06,9.410000000000001e-05,1.399999999999999e-06,0
0.0,-6.4e-06,9.525000000000001e-05,1.399999999999999e-06,0
0.0,-6.4e-06,9.640000000000001e-05,1.399999999999999e-06,0
0.0,-6.4e-06,9.755e-05,1.399999999999999e-06,0
0.0,-6.4e-06,9.87e-05,1.399999999999999e-06,0
0.0,-6.4e-06,9.985e-05,1.399999999999999e-06,0
0.0,-6.4e-06,0.000101,1.399999999999999e-06,0
0.0,-6.4e-06,0.00010215,1.399999999999999e-06,0
0.0,-6.4e-06,0.0001033,1.399999999999999e-06,0
0.0,-6.4e-06,0.00010445,1.399999999999999e-06,0
0.0,-6.4e-06,0.00010559999999999999,1.399999999999999e-06,0
0.0,-6.4e-06,0.00010674999999999999,1.399999999999999e-06,0
0.0,-6.4e-06,0.0001079,1.399999999999999e-06,0
0.0,-6.4e-06,0.00010905,1.399999999999999e-06,0
0.0,-6.4e-06,0.0001102,1.399999999999999e-06,0
0.0,-6.4e-06,0.00011135,1.399999999999999e-06,0
0.0,-6.4e-06,0.0001125,1.399999999999999e-06,0
0.0,-6.4e-06,0.00011365,1.399999999999999e-06,0
0.0,-6.4e-06,0.0001148,1.399999999999999e-06,0
0.0,-6.4e-06,0.00011595,1.399999999999999e-06,0
0.0,-6.4e-06,0.0001171,1.399999999999999e-06,0
0.0,-6.4e-06,0.00011825,1.399999999999999e-06,0
0.0,-6.4e-06,0.0001194,1.399999999999999e-06,0
0.0,-6.4e-06,0.00012055,1.399999999999999e-06,0
0.0,-6.4e-06,0.0001217,1.700000000000019e-06,0
0.0,-6.4e-06,0.00012285,2.85000000000002e-06,0
0.0,-6.4e-06,0.000124,4.000000000000021e-06,0
0.0,-6e-06,5.5e-05,1.4e-05,0
0.0,-6e-06,5.615e-05,1.2849999999999999e-05,0
0.0,-6e-06,5.7300000000000004e-05,1.1699999999999998e-05,0
0.0,-6e-06,5.8450000000000005e-05,1.0549999999999997e-05,0
0.0,-6e-06,5.96e-05,9.400000000000003e-06,0
0.0,-6e-06,6.075e-05,8.250000000000002e-06,0
0.0,-6e-06,6.19e-05,7.100000000000002e-06,0
0.0,-6e-06,6.305e-05,5.950000000000001e-06,0
0.0,-6e-06,6.42e-05,4.8e-06,0
0.0,-6e-06,6.535e-05,3.649999999999999e-06,0
0.0,-6e-06,6.65e-05,2.499999999999998e-06,0
0.0,-6e-06,6.765e-05,1.349999999999997e-06,0
0.0,-6e-06,6.88e-05,9.999999999999995e-07,0
0.0,-6e-06,6.995e-05,9.999999999999995e-07,0
0.0,-6e-06,7.11e-05,9.999999999999995e-07,0
0.0,-6e-06,7.225e-05,9.999999999999995e-07,0
0.0,-6e-06,7.34e-05,9.999999999999995e-07,0
0.0,-6e-06,7.455e-05,9.999999999999995e-07,0
0.0,-6e-06,7.57e-05,9.999999999999995e-07,0
0.0,-6e-06,7.685e-05,9.999999999999995e-07,0
0.0,-6e-06,7.8e-05,9.999999999999995e-07,0
0.0,-6e-06,7.915e-05,9.999999999999995e-07,0
0.0,-6e-06,8.03e-05,9.999999999999995e-07,0
0.0,-6e-06,8.145e-05,9.999999999999995e-07,0
0.0,-6e-06,8.26e-05,9.999999999999995e-07,0
0.0,-6e-06,8.375e-05,9.999999999999995e-07,0
0.0,-6e-06,8.49e-05,9.999999999999995e-07,0
0.0,-6e-06,8.605e-05,9.999999999999995e-07,0
0.0,-6e-06,8.72e-05,9.999999999999995e-07,0
0.0,-6e-06,8.835e-05,9.999999999999995e-07,0
0.0,-6e-06,8.950000000000001e-05,9.999999999999995e-07,0
0.0,-6e-06,9.065000000000001e-05,9.999999999999995e-07,0
0.0,-6e-06,9.180000000000001e-05,9.999999999999995e-07,0
0.0,-6e-06,9.295000000000001e-05,9.999999999999995e-07,0
0.0,-6e-06,9.410000000000001e-05,9.999999999999995e-07,0
0.0,-6e-06,9.525000000000001e-05,9.999999999999995e-07,0
0.0,-6e-06,9.640000000000001e-05,9.999999999999995e-07,0
0.0,-6e-06,9.755e-05,9.999999999999995e-07,0
0.0,-6e-06,9.87e-05,9.999999999999995e-07,0
0.0,-6e-06,9.985e-05,9.999999999999995e-07,0
0.0,-6e-06,0.000101,9.999999999999995e-07,0
0.0,-6e-06,0.00010215,9.999999999999995e-07,0
0.0,-6e-06,0.0001033,9.999999999999995e-07,0
0.0,-6e-06,0.00010445,9.999999999999995e-07,0
0.0,-6e-06,0.00010559999999999999,9.999999999999995e-07,0
0.0,-6e-06,0.00010674999999999999,9.999999999999995e-07,0
0.0,-6e-06,0.0001079,9.999999999999995e-07,0
0.0,-6e-06,0.00010905,9.999999999999995e-07,0
0.0,-6e-06,0.0001102,9.999999999999995e-07,0
0.0,-6e-06,0.00011135,9.999999999999995e-07,0
0.0,-6e-06,0.0001125,9.999999999999995e-07,0
0.0,-6e-06,0.00011365,9.999999999999995e-07,0
0.0,-6e-06,0.0001148,9.999999999999995e-07,0
0.0,-6e-06,0.00011595,9.999999999999995e-07,0
0.0,-6e-06,0.0001171,9.999999999999995e-07,0
0.0,-6e-06,0.00011825,9.999999999999995e-07,0
0.0,-6e-06,0.0001194,9.999999999999995e-07,0
0.0,-6e-06,0.00012055,9.999999999999995e-07,0
0.0,-6e-06,0.0001217,1.700000000000019e-06,0
0.0,-6e-06,0.00012285,2.85000000000002e-06,0
0.0,-6e-06,0.000124,4.000000000000021e-06,0
0.0,-5.6e-06,5.5e-05,1.4e-05,0
0.0,-5.6e-06,5.615e-05,1.2849999999999999e-05,0
0.0,-5.6e-06,5.7300000000000004e-05,1.1699999999999998e-05,0
0.0,-5.6e-06,5.8450000000000005e-05,1.0549999999999997e-05,0
0.0,-5.6e-06,5.96e-05,9.400000000000003e-06,0
0.0,-5.6e-06,6.075e-05,8.250000000000002e-06,0
0.0,-5.6e-06,6.19e-05,7.100000000000002e-06,0
0.0,-5.6e-06,6.305e-05,5.950000000000001e-06,0
0.0,-5.6e-06,6.42e-05,4.8e-06,0
0.0,-5.6e-06,6.535e-05,3.649999999999999e-06,0
0.0,-5.6e-06,6.65e-05,2.499999999999998e-06,0
0.0,-5.6e-06,6.765e-05,1.349999999999997e-06,0
0.0,-5.6e-06,6.88e-05,5.999999999999991e-07,0
0.0,-5.6e-06,6.995e-05,5.999999999999991e-07,0
0.0,-5.6e-06,7.11e-05,5.999999999999991e-07,0
0.0,-5.6e-06,7.225e-05,5.999999999999991e-07,0
0.0,-5.6e-06,7.34e-05,5.999999999999991e-07,0
0.0,-5.6e-06,7.455e-05,5.999999999999991e-07,0
0.0,-5.6e-06,7.57e-05,5.999999999999991e-07,0
0.0,-5.6e-06,7.685e-05,5.999999999999991e-07,0
0.0,-5.6e-06,7.8e-05,5.999999999999991e-07,0
0.0,-5.6e-06,7.915e-05,5.999999999999991e-07,0
0.0,-5.6e-06,8.03e-05,5.999999999999991e-07,0
0.0,-5.6e-06,8.145e-05,5.999999999999991e-07,0
0.0,-5.6e-06,8.26e-05,5.999999999999991e-07,0
0.0,-5.6e-06,8.375e-05,5.999999999999991e-07,0
0.0,-5.6e-06,8.49e-05,5.999999999999991e-07,0
0.0,-5.6e-06,8.605e-05,5.999999999999991e-07,0
0.0,-5.6e-06,8.72e-05,5.999999999999991e-07,0
0.0,-5.6e-06,8.835e-05,5.999999999999991e-07,0
0.0,-5.6e-06,8.950000000000001e-05,5.999999999999991e-07,0
0.0,-5.6e-06,9.065000000000001e-05,5.999999999999991e-07,0
0.0,-5.6e-06,9.180000000000001e-05,5.999999999999991e-07,0
0.0,-5.6e-06,9.295000000000001e-05,5.999999999999991e-07,0
0.0,-5.6e-06,9.410000000000001e-05,5.999999999999991e-07,0
0.0,-5.6e-06,9.525000000000001e-05,5.999999999999991e-07,0
0.0,-5.6e-06,9.640000000000001e-05,5.999999999999991e-07,0
0.0,-5.6e-06,9.755e-05,5.999999999999991e-07,0
0.0,-5.6e-06,9.87e-05,5.999999999999991e-07,0
0.0,-5.6e-06,9.985e-05,5.999999999999991e-07,0
0.0,-5.6e-06,0.000101,5.999999999999991e-07,0
0.0,-5.6e-06,0.00010215,5.999999999999991e-07,0
0.0,-5.6e-06,0.0001033,5.999999999999991e-07,0
0.0,-5.6e-06,0.00010445,5.999999999999991e-07,0
0.0,-5.6e-06,0.00010559999999999999,5.999999999999991e-07,0
0.0,-5.6e-06,0.00010674999999999999,5.999999999999991e-07,0
0.0,-5.6e-06,0.0001079,5.999999999999991e-07,0
0.0,-5.6e-06,0.00010905,5.999999999999991e-07,0
0.0,-5.6e-06,0.0001102,5.999999999999991e-07,0
0.0,-5.6e-06,0.00011135,5.999999999999991e-07,0
0.0,-5.6e-06,0.0001125,5.999999999999991e-07,0
0.0,-5.6e-06,0.00011365,5.999999999999991e-07,0
0.0,-5.6e-06,0.0001148,5.999999999999991e-07,0
0.0,-5.6e-06,0.00011595,5.999999999999991e-07,0
0.0,-5.6e-06,0.0001171,5.999999999999991e-07,0
0.0,-5.6e-06,0.00011825,5.999999999999991e-07,0
0.0,-5.6e-06,0.0001194,5.999999999999991e-07,0
0.0,-5.6e-06,0.00012055,5.999999999999991e-07,0
0.0,-5.6e-06,0.0001217,1.700000000000019e-06,0
0.0,-5.6e-06,0.00012285,2.85000000000002e-06,0
0.0,-5.6e-06,0.000124,4.000000000000021e-06,0
0.0,-5.2e-06,5.5e-05,1.4e-05,0
0.0,-5.2e-06,5.615e-05,1.2849999999999999e-05,0
0.0,-5.2e-06,5.7300000000000004e-05,1.1699999999999998e-05,0
0.0,-5.2e-06,5.8450000000000005e-05,1.0549999999999997e-05,0
0.0,-5.2e-06,5.96e-05,9.400000000000003e-06,0
0.0,-5.2e-06,6.075e-05,8.250000000000002e-06,0
0.0,-5.2e-06,6.19e-05,7.100000000000002e-06,0
0.0,-5.2e-06,6.305e-05,5.950000000000001e-06,0
0.0,-5.2e-06,6.42e-05,4.8e-06,0
0.0,-5.2e-06,6.535e-05,3.649999999999999e-06,0
0.0,-5.2e-06,6.65e-05,2.499999999999998e-06,0
0.0,-5.2e-06,6.765e-05,1.349999999999997e-06,0
0.0,-5.2e-06,6.88e-05,1.9999999999999957e-07,0
0.0,-5.2e-06,6.995e-05,1.9999999999999957e-07,0
0.0,-5.2e-06,7.11e-05,1.9999999999999957e-07,0
0.0,-5.2e-06,7.225e-05,1.9999999999999957e-07,0
0.0,-5.2e-06,7.34e-05,1.9999999999999957e-07,0
0.0,-5.2e-06,7.455e-05,1.9999999999999957e-07,0
0.0,-5.2e-06,7.57e-05,1.9999999999999957e-07,0
0.0,-5.2e-06,7.685e-05,1.9999999999999957e-07,0
0.0,-5.2e-06,7.8e-05,1.9999999999999957e-07,0
0.0,-5.2e-06,7.915e-05,1.9999999999999957e-07,0
0.0,-5.2e-06,8.03e-05,1.9999999999999957e-07,0
0.0,-5.2e-06,8.145e-05,1.9999999999999957e-07,0
0.0,-5.2e-06,8.26e-05,1.9999999999999957e-07,0
0.0,-5.2e-06,8.375e-05,1.9999999999999957e-07,0
0.0,-5.2e-06,8.49e-05,1.9999999999999957e-07,0
0.0,-5.2e-06,8.605e-05,1.9999999999999957e-07,0
0.0,-5.2e-06,8.72e-05,1.9999999999999957e-07,0
0.0,-5.2e-06,8.835e-05,1.9999999999999957e-07,0
0.0,-5.2e-06,8.950000000000001e-05,1.9999999999999957e-07,0
0.0,-5.2e-06,9.065000000000001e-05,1.9999999999999957e-07,0
0.0,-5.2e-06,9.180000000000001e-05,1.9999999999999957e-07,0
0.0,-5.2e-06,9.295000000000001e-05,1.9999999999999957e-07,0
0.0,-5.2e-06,9.410000000000001e-05,1.9999999999999957e-07,0
0.0,-5.2e-06,9.525000000000001e-05,1.9999999999999957e-07,0
0.0,-5.2e-06,9.640000000000001e-05,1.9999999999999957e-07,0
0.0,-5.2e-06,9.755e-05,1.9999999999999957e-07,0
0.0,-5.2e-06,9.87e-05,1.9999999999999957e-07,0
0.0,-5.2e-06,9.985e-05,1.9999999999999957e-07,0
0.0,-5.2e-06,0.000101,1.9999999999999957e-07,0
0.0,-5.2e-06,0.00010215,1.9999999999999957e-07,0
0.0,-5.2e-06,0.0001033,1.9999999999999957e-07,0
0.0,-5.2e-06,0.00010445,1.9999999999999957e-07,0
0.0,-5.2e-06,0.00010559999999999999,1.9999999999999957e-07,0
0.0,-5.2e-06,0.00010674999999999999,1.9999999999999957e-07,0
0.0,-5.2e-06,0.0001079,1.9999999999999957e-07,0
0.0,-5.2e-06,0.00010905,1.9999999999999957e-07,0
0.0,-5.2e-06,0.0001102,1.9999999999999957e-07,0
0.0,-5.2e-06,0.00011135,1.9999999999999957e-07,0
0.0,-5.2e-06,0.0001125,1.9999999999999957e-07,0
0.0,-5.2e-06,0.00011365,1.9999999999999957e-07,0
0.0,-5.2e-06,0.0001148,1.9999999999999957e-07,0
0.0,-5.2e-06,0.00011595,1.9999999999999957e-07,0
0.0,-5.2e-06,0.0001171,1.9999999999999957e-07,0
0.0,-5.2e-06,0.00011825,1.9999999999999957e-07,0
0.0,-5.2e-06,0.0001194,1.9999999999999957e-07,0
0.0,-5.2e-06,0.00012055,5.500000000000185e-07,0
0.0,-5.2e-06,0.0001217,1.700000000000019e-06,0
0.0,-5.2e-06,0.00012285,2.85000000000002e-06,0
0.0,-5.2e-06,0.000124,4.000000000000021e-06,0
0.0,-4.800000000000001e-06,5.5e-05,1.4e-05,0
0.0,-4.800000000000001e-06,5.615e-05,1.2849999999999999e-05,0
0.0,-4.800000000000001e-06,5.7300000000000004e-05,1.1699999999999998e-05,0
0.0,-4.800000000000001e-06,5.8450000000000005e-05,1.0549999999999997e-05,0
0.0,-4.800000000000001e-06,5.96e-05,9.400000000000003e-06,0
0.0,-4.800000000000001e-06,6.075e-05,8.250000000000002e-06,0
0.0,-4.800000000000001e-06,6.19e-05,7.100000000000002e-06,0
0.0,-4.800000000000001e-06,6.305e-05,5.950000000000001e-06,0
0.0,-4.800000000000001e-06,6.42e-05,4.8e-06,0
0.0,-4.800000000000001e-06,6.535e-05,3.649999999999999e-06,0
0.0,-4.800000000000001e-06,6.65e-05,2.499999999999998e-06,0
0.0,-4.800000000000001e-06,6.765e-05,1.349999999999997e-06,0
0.0,-4.800000000000001e-06,6.88e-05,1.999999999999964e-07,0
0.0,-4.800000000000001e-06,6.995e-05,-2e-07,1
0.0,-4.800000000000001e-06,7.11e-05,-2e-07,1
0.0,-4.800000000000001e-06,7.225e-05,-2e-07,1
0.0,-4.800000000000001e-06,7.34e-05,-2e-07,1
0.0,-4.800000000000001e-06,7.455e-05,-2e-07,1
0.0,-4.800000000000001e-06,7.57e-05,-2e-07,1
0.0,-4.800000000000001e-06,7.685e-05,-2e-07,1
0.0,-4.800000000000001e-06,7.8e-05,-2e-07,1
0.0,-4.800000000000001e-06,7.915e-05,-2e-07,1
0.0,-4.800000000000001e-06,8.03e-05,-2e-07,1
0.0,-4.800000000000001e-06,8.145e-05,-2e-07,1
0.0,-4.800000000000001e-06,8.26e-05,-2e-07,1
0.0,-4.800000000000001e-06,8.375e-05,-2e-07,1
0.0,-4.800000000000001e-06,8.49e-05,-2e-07,1
0.0,-4.800000000000001e-06,8.605e-05,-2e-07,1
0.0,-4.800000000000001e-06,8.72e-05,-2e-07,1
0.0,-4.800000000000001e-06,8.835e-05,-2e-07,1
0.0,-4.800000000000001e-06,8.950000000000001e-05,-2e-07,1
0.0,-4.800000000000001e-06,9.065000000000001e-05,-2e-07,1
0.0,-4.800000000000001e-06,9.180000000000001e-05,-2e-07,1
0.0,-4.800000000000001e-06,9.295000000000001e-05,-2e-07,1
0.0,-4.800000000000001e-06,9.410000000000001e-05,-2e-07,1
0.0,-4.800000000000001e-06,9.525000000000001e-05,-2e-07,1
0.0,-4.800000000000001e-06,9.640000000000001e-05,-2e-07,1
0.0,-4.800000000000001e-06,9.755e-05,-2e-07,1
0.0,-4.800000000000001e-06,9.87e-05,-2e-07,1
0.0,-4.800000000000001e-06,9.985e-05,-2e-07,1
0.0,-4.800000000000001e-06,0.000101,-2e-07,1
0.0,-4.800000000000001e-06,0.00010215,-2e-07,1
0.0,-4.800000000000001e-06,0.0001033,-2e-07,1
0.0,-4.800000000000001e-06,0.00010445,-2e-07,1
0.0,-4.800000000000001e-06,0.00010559999999999999,-2e-07,1
0.0,-4.800000000000001e-06,0.00010674999999999999,-2e-07,1
0.0,-4.800000000000001e-06,0.0001079,-2e-07,1
0.0,-4.800000000000001e-06,0.00010905,-2e-07,1
0.0,-4.800000000000001e-06,0.0001102,-2e-07,1
0.0,-4.800000000000001e-06,0.00011135,-2e-07,1
0.0,-4.800000000000001e-06,0.0001125,-2e-07,1
0.0,-4.800000000000001e-06,0.00011365,-2e-07,1
0.0,-4.800000000000001e-06,0.0001148,-2e-07,1
0.0,-4.800000000000001e-06,0.00011595,-2e-07,1
0.0,-4.800000000000001e-06,0.0001171,-2e-07,1
0.0,-4.800000000000001e-06,0.00011825,-2e-07,1
0.0,-4.800000000000001e-06,0.0001194,-2e-07,1
0.0,-4.800000000000001e-06,0.00012055,5.500000000000185e-07,0
0.0,-4.800000000000001e-06,0.0001217,1.700000000000019e-06,0
0.0,-4.800000000000001e-06,0.00012285,2.85000000000002e-06,0
0.0,-4.800000000000001e-06,0.000124,4.000000000000021e-06,0
0.0,-4.4e-06,5.5e-05,1.4e-05,0
0.0,-4.4e-06,5.615e-05,1.2849999999999999e-05,0
0.0,-4.4e-06,5.7300000000000004e-05,1.1699999999999998e-05,0
0.0,-4.4e-06,5.8450000000000005e-05,1.0549999999999997e-05,0
0.0,-4.4e-06,5.96e-05,9.400000000000003e-06,0
0.0,-4.4e-06,6.075e-05,8.250000000000002e-06,0
0.0,-4.4e-06,6.19e-05,7.100000000000002e-06,0
0.0,-4.4e-06,6.305e-05,5.950000000000001e-06,0
0.0,-4.4e-06,6.42e-05,4.8e-06,0
0.0,-4.4e-06,6.535e-05,3.649999999999999e-06,0
0.0,-4.4e-06,6.65e-05,2.499999999999998e-06,0
0.0,-4.4e-06,6.765e-05,1.349999999999997e-06,0
0.0,-4.4e-06,6.88e-05,1.999999999999964e-07,0
0.0,-4.4e-06,6.995e-05,-6.000000000000004e-07,1
0.0,-4.4e-06,7.11e-05,-6.000000000000004e-07,1
0.0,-4.4e-06,7.225e-05,-6.000000000000004e-07,1
0.0,-4.4e-06,7.34e-05,-6.000000000000004e-07,1
0.0,-4.4e-06,7.455e-05,-6.000000000000004e-07,1
0.0,-4.4e-06,7.57e-05,-6.000000000000004e-07,1
0.0,-4.4e-06,7.685e-05,-6.000000000000004e-07,1
0.0,-4.4e-06,7.8e-05,-6.000000000000004e-07,1
0.0,-4.4e-06,7.915e-05,-6.000000000000004e-07,1
0.0,-4.4e-06,8.03e-05,-6.000000000000004e-07,1
0.0,-4.4e-06,8.145e-05,-6.000000000000004e-07,1
0.0,-4.4e-06,8.26e-05,-6.000000000000004e-07,1
0.0,-4.4e-06,8.375e-05,-6.000000000000004e-07,1
0.0,-4.4e-06,8.49e-05,-6.000000000000004e-07,1
0.0,-4.4e-06,8.605e-05,-6.000000000000004e-07,1
0.0,-4.4e-06,8.72e-05,-6.000000000000004e-07,1
0.0,-4.4e-06,8.835e-05,-6.000000000000004e-07,1
0.0,-4.4e-06,8.950000000000001e-05,-6.000000000000004e-07,1
0.0,-4.4e-06,9.065000000000001e-05,-6.000000000000004e-07,1
0.0,-4.4e-06,9.180000000000001e-05,-6.000000000000004e-07,1
0.0,-4.4e-06,9.295000000000001e-05,-6.000000000000004e-07,1
0.0,-4.4e-06,9.410000000000001e-05,-6.000000000000004e-07,1
0.0,-4.4e-06,9.525000000000001e-05,-6.000000000000004e-07,1
0.0,-4.4e-06,9.640000000000001e-05,-6.000000000000004e-07,1
0.0,-4.4e-06,9.755e-05,-6.000000000000004e-07,1
0.0,-4.4e-06,9.87e-05,-6.000000000000004e-07,1
0.0,-4.4e-06,9.985e-05,-6.000000000000004e-07,1
0.0,-4.4e-06,0.000101,-6.000000000000004e-07,1
0.0,-4.4e-06,0.00010215,-6.000000000000004e-07,1
0.0,-4.4e-06,0.0001033,-6.000000000000004e-07,1
0.0,-4.4e-06,0.00010445,-6.000000000000004e-07,1
0.0,-4.4e-06,0.00010559999999999999,-6.000000000000004e-07,1
0.0,-4.4e-06,0.00010674999999999999,-6.000000000000004e-07,1
0.0,-4.4e-06,0.0001079,-6.000000000000004e-07,1
0.0,-4.4e-06,0.00010905,-6.000000000000004e-07,1
0.0,-4.4e-06,0.0001102,-6.000000000000004e-07,1
0.0,-4.4e-06,0.00011135,-6.000000000000004e-07,1
0.0,-4.4e-06,0.0001125,-6.000000000000004e-07,1
0.0,-4.4e-06,0.00011365,-6.000000000000004e-07,1
0.0,-4.4e-06,0.0001148,-6.000000000000004e-07,1
0.0,-4.4e-06,0.00011595,-6.000000000000004e-07,1
0.0,-4.4e-06,0.0001171,-6.000000000000004e-07,1
0.0,-4.4e-06,0.00011825,-6.000000000000004e-07,1
0.0,-4.4e-06,0.0001194,-5.999999999999824e-07,1
0.0,-4.4e-06,0.00012055,5.500000000000185e-07,0
0.0,-4.4e-06,0.0001217,1.700000000000019e-06,0
0.0,-4.4e-06,0.00012285,2.85000000000002e-06,0
0.0,-4.4e-06,0.000124,4.000000000000021e-06,0
0.0,-4.000000000000001e-06,5.5e-05,1.4e-05,0
0.0,-4.000000000000001e-06,5.615e-05,1.2849999999999999e-05,0
0.0,-4.000000000000001e-06,5.7300000000000004e-05,1.1699999999999998e-05,0
0.0,-4.000000000000001e-06,5.8450000000000005e-05,1.0549999999999997e-05,0
0.0,-4.000000000000001e-06,5.96e-05,9.400000000000003e-06,0
0.0,-4.000000000000001e-06,6.075e-05,8.250000000000002e-06,0
0.0,-4.000000000000001e-06,6.19e-05,7.100000000000002e-06,0
0.0,-4.000000000000001e-06,6.305e-05,5.950000000000001e-06,0
0.0,-4.000000000000001e-06,6.42e-05,4.8e-06,0
0.0,-4.000000000000001e-06,6.535e-05,3.649999999999999e-06,0
0.0,-4.000000000000001e-06,6.65e-05,2.499999999999998e-06,0
0.0,-4.000000000000001e-06,6.765e-05,1.349999999999997e-06,0
0.0,-4.000000000000001e-06,6.88e-05,1.999999999999964e-07,0
0.0,-4.000000000000001e-06,6.995e-05,-9.500000000000045e-07,1
0.0,-4.000000000000001e-06,7.11e-05,-1e-06,1
0.0,-4.000000000000001e-06,7.225e-05,-1e-06,1
0.0,-4.000000000000001e-06,7.34e-05,-1e-06,1
0.0,-4.000000000000001e-06,7.455e-05,-1e-06,1
0.0,-4.000000000000001e-06,7.57e-05,-1e-06,1
0.0,-4.000000000000001e-06,7.685e-05,-1e-06,1
0.0,-4.000000000000001e-06,7.8e-05,-1e-06,1
0.0,-4.000000000000001e-06,7.915e-05,-1e-06,1
0.0,-4.000000000000001e-06,8.03e-05,-1e-06,1
0.0,-4.000000000000001e-06,8.145e-05,-1e-06,1
0.0,-4.000000000000001e-06,8.26e-05,-1e-06,1
0.0,-4.000000000000001e-06,8.375e-05,-1e-06,1
0.0,-4.000000000000001e-06,8.49e-05,-1e-06,1
0.0,-4.000000000000001e-06,8.605e-05,-1e-06,1
0.0,-4.000000000000001e-06,8.72e-05,-1e-06,1
0.0,-4.000000000000001e-06,8.835e-05,-1e-06,1
0.0,-4.000000000000001e-06,8.950000000000001e-05,-1e-06,1
0.0,-4.000000000000001e-06,9.065000000000001e-05,-1e-06,1
0.0,-4.000000000000001e-06,9.180000000000001e-05,-1e-06,1
0.0,-4.000000000000001e-06,9.295000000000001e-05,-1e-06,1
0.0,-4.000000000000001e-06,9.410000000000001e-05,-1e-06,1
0.0,-4.000000000000001e-06,9.525000000000001e-05,-1e-06,1
0.0,-4.000000000000001e-06,9.640000000000001e-05,-1e-06,1
0.0,-4.000000000000001e-06,9.755e-05,-1e-06,1
0.0,-4.000000000000001e-06,9.87e-05,-1e-06,1
0.0,-4.000000000000001e-06,9.985e-05,-1e-06,1
0.0,-4.000000000000001e-06,0.000101,-1e-06,1
0.0,-4.000000000000001e-06,0.00010215,-1e-06,1
0.0,-4.000000000000001e-06,0.0001033,-1e-06,1
0.0,-4.000000000000001e-06,0.00010445,-1e-06,1
0.0,-4.000000000000001e-06,0.00010559999999999999,-1e-06,1
0.0,-4.000000000000001e-06,0.00010674999999999999,-1e-06,1
0.0,-4.000000000000001e-06,0.0001079,-1e-06,1
0.0,-4.000000000000001e-06,0.00010905,-1e-06,1
0.0,-4.000000000000001e-06,0.0001102,-1e-06,1
0.0,-4.000000000000001e-06,0.00011135,-1e-06,1
0.0,-4.000000000000001e-06,0.0001125,-1e-06,1
0.0,-4.000000000000001e-06,0.00011365,-1e-06,1
0.0,-4.000000000000001e-06,0.0001148,-1e-06,1
0.0,-4.000000000000001e-06,0.00011595,-1e-06,1
0.0,-4.000000000000001e-06,0.0001171,-1e-06,1
0.0,-4.000000000000001e-06,0.00011825,-1e-06,1
0.0,-4.000000000000001e-06,0.0001194,-5.999999999999824e-07,1
0.0,-4.000000000000001e-06,0.00012055,5.500000000000185e-07,0
0.0,-4.000000000000001e-06,0.0001217,1.700000000000019e-06,0
0.0,-4.000000000000001e-06,0.00012285,2.85000000000002e-06,0
0.0,-4.000000000000001e-06,0.000124,4.000000000000021e-06,0
0.0,-3.600000000000001e-06,5.5e-05,1.4e-05,0
0.0,-3.600000000000001e-06,5.615e-05,1.2849999999999999e-05,0
0.0,-3.600000000000001e-06,5.7300000000000004e-05,1.1699999999999998e-05,0
0.0,-3.600000000000001e-06,5.8450000000000005e-05,1.0549999999999997e-05,0
0.0,-3.600000000000001e-06,5.96e-05,9.400000000000003e-06,0
0.0,-3.600000000000001e-06,6.075e-05,8.250000000000002e-06,0
0.0,-3.600000000000001e-06,6.19e-05,7.100000000000002e-06,0
0.0,-3.600000000000001e-06,6.305e-05,5.950000000000001e-06,0
0.0,-3.600000000000001e-06,6.42e-05,4.8e-06,0
0.0,-3.600000000000001e-06,6.535e-05,3.649999999999999e-06,0
0.0,-3.600000000000001e-06,6.65e-05,2.499999999999998e-06,0
0.0,-3.600000000000001e-06,6.765e-05,1.349999999999997e-06,0
0.0,-3.600000000000001e-06,6.88e-05,1.999999999999964e-07,0
0.0,-3.600000000000001e-06,6.995e-05,-9.500000000000045e-07,1
0.0,-3.600000000000001e-06,7.11e-05,-1.3999999999999995e-06,1
0.0,-3.600000000000001e-06,7.225e-05,-1.3999999999999995e-06,1
0.0,-3.600000000000001e-06,7.34e-05,-1.3999999999999995e-06,1
0.0,-3.600000000000001e-06,7.455e-05,-1.3999999999999995e-06,1
0.0,-3.600000000000001e-06,7.57e-05,-1.3999999999999995e-06,1
0.0,-3.600000000000001e-06,7.685e-05,-1.3999999999999995e-06,1
0.0,-3.600000000000001e-06,7.8e-05,-1.3999999999999995e-06,1
0.0,-3.600000000000001e-06,7.915e-05,-1.3999999999999995e-06,1
0.0,-3.600000000000001e-06,8.03e-05,-1.3999999999999995e-06,1
0.0,-3.600000000000001e-06,8.145e-05,-1.3999999999999995e-06,1
0.0,-3.600000000000001e-06,8.26e-05,-1.3999999999999995e-06,1
0.0,-3.600000000000001e-06,8.375e-05,-1.3999999999999995e-06,1
0.0,-3.600000000000001e-06,8.49e-05,-1.3999999999999995e-06,1
0.0,-3.600000000000001e-06,8.605e-05,-1.3999999999999995e-06,1
0.0,-3.600000000000001e-06,8.72e-05,-1.3999999999999995e-06,1
0.0,-3.600000000000001e-06,8.835e-05,-1.3999999999999995e-06,1
0.0,-3.600000000000001e-06,8.950000000000001e-05,-1.3999999999999995e-06,1
0.0,-3.600000000000001e-06,9.065000000000001e-05,-1.3999999999999995e-06,1
0.0,-3.600000000000001e-06,9.180000000000001e-05,-1.3999999999999995e-06,1
0.0,-3.600000000000001e-06,9.295000000000001e-05,-1.3999999999999995e-06,1
0.0,-3.600000000000001e-06,9.410000000000001e-05,-1.3999999999999995e-06,1
0.0,-3.600000000000001e-06,9.525000000000001e-05,-1.3999999999999995e-06,1
0.0,-3.600000000000001e-06,9.640000000000001e-05,-1.3999999999999995e-06,1
0.0,-3.600000000000001e-06,9.755e-05,-1.3999999999999995e-06,1
0.0,-3.600000000000001e-06,9.87e-05,-1.3999999999999995e-06,1
0.0,-3.600000000000001e-06,9.985e-05,-1.3999999999999995e-06,1
0.0,-3.600000000000001e-06,0.000101,-1.3999999999999995e-06,1
0.0,-3.600000000000001e-06,0.00010215,-1.3999999999999995e-06,1
0.0,-3.600000000000001e-06,0.0001033,-1.3999999999999995e-06,1
0.0,-3.600000000000001e-06,0.00010445,-1.3999999999999995e-06,1
0.0,-3.600000000000001e-06,0.00010559999999999999,-1.3999999999999995e-06,1
0.0,-3.600000000000001e-06,0.00010674999999999999,-1.3999999999999995e-06,1
0.0,-3.600000000000001e-06,0.0001079,-1.3999999999999995e-06,1
0.0,-3.600000000000001e-06,0.00010905,-1.3999999999999995e-06,1
0.0,-3.600000000000001e-06,0.0001102,-1.3999999999999995e-06,1
0.0,-3.600000000000001e-06,0.00011135,-1.3999999999999995e-06,1
0.0,-3.600000000000001e-06,0.0001125,-1.3999999999999995e-06,1
0.0,-3.600000000000001e-06,0.00011365,-1.3999999999999995e-06,1
0.0,-3.600000000000001e-06,0.0001148,-1.3999999999999995e-06,1
0.0,-3.600000000000001e-06,0.00011595,-1.3999999999999995e-06,1
0.0,-3.600000000000001e-06,0.0001171,-1.3999999999999995e-06,1
0.0,-3.600000000000001e-06,0.00011825,-1.3999999999999995e-06,1
0.0,-3.600000000000001e-06,0.0001194,-5.999999999999824e-07,1
0.0,-3.600000000000001e-06,0.00012055,5.500000000000185e-07,0
0.0,-3.600000000000001e-06,0.0001217,1.700000000000019e-06,0
0.0,-3.600000000000001e-06,0.00012285,2.85000000000002e-06,0
0.0,-3.600000000000001e-06,0.000124,4.000000000000021e-06,0
0.0,-3.2e-06,5.5e-05,1.4e-05,0
0.0,-3.2e-06,5.615e-05,1.2849999999999999e-05,0
0.0,-3.2e-06,5.7300000000000004e-05,1.1699999999999998e-05,0
0.0,-3.2e-06,5.8450000000000005e-05,1.0549999999999997e-05,0
0.0,-3.2e-06,5.96e-05,9.400000000000003e-06,0
0.0,-3.2e-06,6.075e-05,8.250000000000002e-06,0
0.0,-3.2e-06,6.19e-05,7.100000000000002e-06,0
0.0,-3.2e-06,6.305e-05,5.950000000000001e-06,0
0.0,-3.2e-06,6.42e-05,4.8e-06,0
0.0,-3.2e-06,6.535e-05,3.649999999999999e-06,0
0.0,-3.2e-06,6.65e-05,2.499999999999998e-06,0
0.0,-3.2e-06,6.765e-05,1.349999999999997e-06,0
0.0,-3.2e-06,6.88e-05,1.999999999999964e-07,0
0.0,-3.2e-06,6.995e-05,-9.500000000000045e-07,1
0.0,-3.2e-06,7.11e-05,-1.8000000000000008e-06,1
0.0,-3.2e-06,7.225e-05,-1.8000000000000008e-06,1
0.0,-3.2e-06,7.34e-05,-1.8000000000000008e-06,1
0.0,-3.2e-06,7.455e-05,-1.8000000000000008e-06,1
0.0,-3.2e-06,7.57e-05,-1.8000000000000008e-06,1
0.0,-3.2e-06,7.685e-05,-1.8000000000000008e-06,1
0.0,-3.2e-06,7.8e-05,-1.8000000000000008e-06,1
0.0,-3.2e-06,7.915e-05,-1.8000000000000008e-06,1
0.0,-3.2e-06,8.03e-05,-1.8000000000000008e-06,1
0.0,-3.2e-06,8.145e-05,-1.8000000000000008e-06,1
0.0,-3.2e-06,8.26e-05,-1.8000000000000008e-06,1
0.0,-3.2e-06,8.375e-05,-1.8000000000000008e-06,1
0.0,-3.2e-06,8.49e-05,-1.8000000000000008e-06,1
0.0,-3.2e-06,8.605e-05,-1.8000000000000008e-06,1
0.0,-3.2e-06,8.72e-05,-1.8000000000000008e-06,1
0.0,-3.2e-06,8.835e-05,-1.8000000000000008e-06,1
0.0,-3.2e-06,8.950000000000001e-05,-1.8000000000000008e-06,1
0.0,-3.2e-06,9.065000000000001e-05,-1.8000000000000008e-06,1
0.0,-3.2e-06,9.180000000000001e-05,-1.8000000000000008e-06,1
0.0,-3.2e-06,9.295000000000001e-05,-1.8000000000000008e-06,1
0.0,-3.2e-06,9.410000000000001e-05,-1.8000000000000008e-06,1
0.0,-3.2e-06,9.525000000000001e-05,-1.8000000000000008e-06,1
0.0,-3.2e-06,9.640000000000001e-05,-1.8000000000000008e-06,1
0.0,-3.2e-06,9.755e-05,-1.8000000000000008e-06,1
0.0,-3.2e-06,9.87e-05,-1.8000000000000008e-06,1
0.0,-3.2e-06,9.985e-05,-1.8000000000000008e-06,1
0.0,-3.2e-06,0.000101,-1.8000000000000008e-06,1
0.0,-3.2e-06,0.00010215,-1.8000000000000008e-06,1
0.0,-3.2e-06,0.0001033,-1.8000000000000008e-06,1
0.0,-3.2e-06,0.00010445,-1.8000000000000008e-06,1
0.0,-3.2e-06,0.00010559999999999999,-1.8000000000000008e-06,1
0.0,-3.2e-06,0.00010674999999999999,-1.8000000000000008e-06,1
0.0,-3.2e-06,0.0001079,-1.8000000000000008e-06,1
0.0,-3.2e-06,0.00010905,-1.8000000000000008e-06,1
0.0,-3.2e-06,0.0001102,-1.8000000000000008e-06,1
0.0,-3.2e-06,0.00011135,-1.8000000000000008e-06,1
0.0,-3.2e-06,0.0001125,-1.8000000000000008e-06,1
0.0,-3.2e-06,0.00011365,-1.8000000000000008e-06,1
0.0,-3.2e-06,0.0001148,-1.8000000000000008e-06,1
0.0,-3.2e-06,0.00011595,-1.8000000000000008e-06,1
0.0,-3.2e-06,0.0001171,-1.8000000000000008e-06,1
0.0,-3.2e-06,0.00011825,-1.7499999999999832e-06,1
0.0,-3.2e-06,0.0001194,-5.999999999999824e-07,1
0.0,-3.2e-06,0.00012055,5.500000000000185e-07,0
0.0,-3.2e-06,0.0001217,1.700000000000019e-06,0
0.0,-3.2e-06,0.00012285,2.85000000000002e-06,0
0.0,-3.2e-06,0.000124,4.000000000000021e-06,0
0.0,-2.8000000000000003e-06,5.5e-05,1.4e-05,0
0.0,-2.8000000000000003e-06,5.615e-05,1.2849999999999999e-05,0
0.0,-2.8000000000000003e-06,5.7300000000000004e-05,1.1699999999999998e-05,0
0.0,-2.8000000000000003e-06,5.8450000000000005e-05,1.0549999999999997e-05,0
0.0,-2.8000000000000003e-06,5.96e-05,9.400000000000003e-06,0
0.0,-2.8000000000000003e-06,6.075e-05,8.250000000000002e-06,0
0.0,-2.8000000000000003e-06,6.19e-05,7.100000000000002e-06,0
0.0,-2.8000000000000003e-06,6.305e-05,5.950000000000001e-06,0
0.0,-2.8000000000000003e-06,6.42e-05,4.8e-06,0
0.0,-2.8000000000000003e-06,6.535e-05,3.649999999999999e-06,0
0.0,-2.8000000000000003e-06,6.65e-05,2.499999999999998e-06,0
0.0,-2.8000000000000003e-06,6.765e-05,1.349999999999997e-06,0
0.0,-2.8000000000000003e-06,6.88e-05,1.999999999999964e-07,0
0.0,-2.8000000000000003e-06,6.995e-05,-9.500000000000045e-07,1
0.0,-2.8000000000000003e-06,7.11e-05,-2.0999999999999918e-06,1
0.0,-2.8000000000000003e-06,7.225e-05,-2.2e-06,1
0.0,-2.8000000000000003e-06,7.34e-05,-2.2e-06,1
0.0,-2.8000000000000003e-06,7.455e-05,-2.2e-06,1
0.0,-2.8000000000000003e-06,7.57e-05,-2.2e-06,1
0.0,-2.8000000000000003e-06,7.685e-05,-2.2e-06,1
0.0,-2.8000000000000003e-06,7.8e-05,-2.2e-06,1
0.0,-2.8000000000000003e-06,7.915e-05,-2.2e-06,1
0.0,-2.8000000000000003e-06,8.03e-05,-2.2e-06,1
0.0,-2.8000000000000003e-06,8.145e-05,-2.2e-06,1
0.0,-2.8000000000000003e-06,8.26e-05,-2.2e-06,1
0.0,-2.8000000000000003e-06,8.375e-05,-2.2e-06,1
0.0,-2.8000000000000003e-06,8.49e-05,-2.2e-06,1
0.0,-2.8000000000000003e-06,8.605e-05,-2.2e-06,1
0.0,-2.8000000000000003e-06,8.72e-05,-2.2e-06,1
0.0,-2.8000000000000003e-06,8.835e-05,-2.2e-06,1
0.0,-2.8000000000000003e-06,8.950000000000001e-05,-2.2e-06,1
0.0,-2.8000000000000003e-06,9.065000000000001e-05,-2.2e-06,1
0.0,-2.8000000000000003e-06,9.180000000000001e-05,-2.2e-06,1
0.0,-2.8000000000000003e-06,9.295000000000001e-05,-2.2e-06,1
0.0,-2.8000000000000003e-06,9.410000000000001e-05,-2.2e-06,1
0.0,-2.8000000000000003e-06,9.525000000000001e-05,-2.2e-06,1
0.0,-2.8000000000000003e-06,9.640000000000001e-05,-2.2e-06,1
0.0,-2.8000000000000003e-06,9.755e-05,-2.2e-06,1
0.0,-2.8000000000000003e-06,9.87e-05,-2.2e-06,1
0.0,-2.8000000000000003e-06,9.985e-05,-2.2e-06,1
0.0,-2.8000000000000003e-06,0.000101,-2.2e-06,1
0.0,-2.8000000000000003e-06,0.00010215,-2.2e-06,1
0.0,-2.8000000000000003e-06,0.0001033,-2.2e-06,1
0.0,-2.8000000000000003e-06,0.00010445,-2.2e-06,1
0.0,-2.8000000000000003e-06,0.00010559999999999999,-2.2e-06,1
0.0,-2.8000000000000003e-06,0.00010674999999999999,-2.2e-06,1
0.0,-2.8000000000000003e-06,0.0001079,-2.2e-06,1
0.0,-2.8000000000000003e-06,0.00010905,-2.2e-06,1
0.0,-2.8000000000000003e-06,0.0001102,-2.2e-06,1
0.0,-2.8000000000000003e-06,0.00011135,-2.2e-06,1
0.0,-2.8000000000000003e-06,0.0001125,-2.2e-06,1
0.0,-2.8000000000000003e-06,0.00011365,-2.2e-06,1
0.0,-2.8000000000000003e-06,0.0001148,-2.2e-06,1
0.0,-2.8000000000000003e-06,0.00011595,-2.2e-06,1
0.0,-2.8000000000000003e-06,0.0001171,-2.2e-06,1
0.0,-2.8000000000000003e-06,0.00011825,-1.7499999999999832e-06,1
0.0,-2.8000000000000003e-06,0.0001194,-5.999999999999824e-07,1
0.0,-2.8000000000000003e-06,0.00012055,5.500000000000185e-07,0
0.0,-2.8000000000000003e-06,0.0001217,1.700000000000019e-06,0
0.0,-2.8000000000000003e-06,0.00012285,2.85000000000002e-06,0
0.0,-2.8000000000000003e-06,0.000124,4.000000000000021e-06,0
0.0,-2.4000000000000007e-06,5.5e-05,1.4e-05,0
0.0,-2.4000000000000007e-06,5.615e-05,1.2849999999999999e-05,0
0.0,-2.4000000000000007e-06,5.7300000000000004e-05,1.1699999999999998e-05,0
0.0,-2.4000000000000007e-06,5.8450000000000005e-05,1.0549999999999997e-05,0
0.0,-2.4000000000000007e-06,5.96e-05,9.400000000000003e-06,0
0.0,-2.4000000000000007e-06,6.075e-05,8.250000000000002e-06,0
0.0,-2.4000000000000007e-06,6.19e-05,7.100000000000002e-06,0
0.0,-2.4000000000000007e-06,6.305e-05,5.950000000000001e-06,0
0.0,-2.4000000000000007e-06,6.42e-05,4.8e-06,0
0.0,-2.4000000000000007e-06,6.535e-05,3.649999999999999e-06,0
0.0,-2.4000000000000007e-06,6.65e-05,2.499999999999998e-06,0
0.0,-2.4000000000000007e-06,6.765e-05,1.349999999999997e-06,0
0.0,-2.4000000000000007e-06,6.88e-05,1.999999999999964e-07,0
0.0,-2.4000000000000007e-06,6.995e-05,-9.500000000000045e-07,1
0.0,-2.4000000000000007e-06,7.11e-05,-2.0999999999999918e-06,1
0.0,-2.4000000000000007e-06,7.225e-05,-2.5999999999999997e-06,1
0.0,-2.4000000000000007e-06,7.34e-05,-2.5999999999999997e-06,1
0.0,-2.4000000000000007e-06,7.455e-05,-2.5999999999999997e-06,1
0.0,-2.4000000000000007e-06,7.57e-05,-2.5999999999999997e-06,1
0.0,-2.4000000000000007e-06,7.685e-05,-2.5999999999999997e-06,1
0.0,-2.4000000000000007e-06,7.8e-05,-2.5999999999999997e-06,1
0.0,-2.4000000000000007e-06,7.915e-05,-2.5999999999999997e-06,1
0.0,-2.4000000000000007e-06,8.03e-05,-2.5999999999999997e-06,1
0.0,-2.4000000000000007e-06,8.145e-05,-2.5999999999999997e-06,1
0.0,-2.4000000000000007e-06,8.26e-05,-2.5999999999999997e-06,1
0.0,-2.4000000000000007e-06,8.375e-05,-2.5999999999999997e-06,1
0.0,-2.4000000000000007e-06,8.49e-05,-2.5999999999999997e-06,1
0.0,-2.4000000000000007e-06,8.605e-05,-2.5999999999999997e-06,1
0.0,-2.4000000000000007e-06,8.72e-05,-2.5999999999999997e-06,1
0.0,-2.4000000000000007e-06,8.835e-05,-2.5999999999999997e-06,1
0.0,-2.4000000000000007e-06,8.950000000000001e-05,-2.5999999999999997e-06,1
0.0,-2.4000000000000007e-06,9.065000000000001e-05,-2.5999999999999997e-06,1
0.0,-2.4000000000000007e-06,9.180000000000001e-05,-2.5999999999999997e-06,1
0.0,-2.4000000000000007e-06,9.295000000000001e-05,-2.5999999999999997e-06,1
0.0,-2.4000000000000007e-06,9.410000000000001e-05,-2.5999999999999997e-06,1
0.0,-2.4000000000000007e-06,9.525000000000001e-05,-2.5999999999999997e-06,1
0.0,-2.4000000000000007e-06,9.640000000000001e-05,-2.5999999999999997e-06,1
0.0,-2.4000000000000007e-06,9.755e-05,-2.5999999999999997e-06,1
0.0,-2.4000000000000007e-06,9.87e-05,-2.5999999999999997e-06,1
0.0,-2.4000000000000007e-06,9.985e-05,-2.5999999999999997e-06,1
0.0,-2.4000000000000007e-06,0.000101,-2.5999999999999997e-06,1
0.0,-2.4000000000000007e-06,0.00010215,-2.5999999999999997e-06,1
0.0,-2.4000000000000007e-06,0.0001033,-2.5999999999999997e-06,1
0.0,-2.4000000000000007e-06,0.00010445,-2.5999999999999997e-06,1
0.0,-2.4000000000000007e-06,0.00010559999999999999,-2.5999999999999997e-06,1
0.0,-2.4000000000000007e-06,0.00010674999999999999,-2.5999999999999997e-06,1
0.0,-2.4000000000000007e-06,0.0001079,-2.5999999999999997e-06,1
0.0,-2.4000000000000007e-06,0.00010905,-2.5999999999999997e-06,1
0.0,-2.4000000000000007e-06,0.0001102,-2.5999999999999997e-06,1
0.0,-2.4000000000000007e-06,0.00011135,-2.5999999999999997e-06,1
0.0,-2.4000000000000007e-06,0.0001125,-2.5999999999999997e-06,1
0.0,-2.4000000000000007e-06,0.00011365,-2.5999999999999997e-06,1
0.0,-2.4000000000000007e-06,0.0001148,-2.5999999999999997e-06,1
0.0,-2.4000000000000007e-06,0.00011595,-2.5999999999999997e-06,1
0.0,-2.4000000000000007e-06,0.0001171,-2.5999999999999997e-06,1
0.0,-2.4000000000000007e-06,0.00011825,-1.7499999999999832e-06,1
0.0,-2.4000000000000007e-06,0.0001194,-5.999999999999824e-07,1
0.0,-2.4000000000000007e-06,0.00012055,5.500000000000185e-07,0
0.0,-2.4000000000000007e-06,0.0001217,1.700000000000019e-06,0
0.0,-2.4000000000000007e-06,0.00012285,2.85000000000002e-06,0
0.0,-2.4000000000000007e-06,0.000124,4.000000000000021e-06,0
0.0,-1.9999999999999995e-06,5.5e-05,1.4e-05,0
0.0,-1.9999999999999995e-06,5.615e-05,1.2849999999999999e-05,0
0.0,-1.9999999999999995e-06,5.7300000000000004e-05,1.1699999999999998e-05,0
0.0,-1.9999999999999995e-06,5.8450000000000005e-05,1.0549999999999997e-05,0
0.0,-1.9999999999999995e-06,5.96e-05,9.400000000000003e-06,0
0.0,-1.9999999999999995e-06,6.075e-05,8.250000000000002e-06,0
0.0,-1.9999999999999995e-06,6.19e-05,7.100000000000002e-06,0
0.0,-1.9999999999999995e-06,6.305e-05,5.950000000000001e-06,0
0.0,-1.9999999999999995e-06,6.42e-05,4.8e-06,0
0.0,-1.9999999999999995e-06,6.535e-05,3.649999999999999e-06,0
0.0,-1.9999999999999995e-06,6.65e-05,2.499999999999998e-06,0
0.0,-1.9999999999999995e-06,6.765e-05,1.349999999999997e-06,0
0.0,-1.9999999999999995e-06,6.88e-05,1.999999999999964e-07,0
0.0,-1.9999999999999995e-06,6.995e-05,-9.500000000000045e-07,1
0.0,-1.9999999999999995e-06,7.11e-05,-2.0999999999999918e-06,1
0.0,-1.9999999999999995e-06,7.225e-05,-3.000000000000001e-06,1
0.0,-1.9999999999999995e-06,7.34e-05,-3.000000000000001e-06,1
0.0,-1.9999999999999995e-06,7.455e-05,-3.000000000000001e-06,1
0.0,-1.9999999999999995e-06,7.57e-05,-3.000000000000001e-06,1
0.0,-1.9999999999999995e-06,7.685e-05,-3.000000000000001e-06,1
0.0,-1.9999999999999995e-06,7.8e-05,-3.000000000000001e-06,1
0.0,-1.9999999999999995e-06,7.915e-05,-3.000000000000001e-06,1
0.0,-1.9999999999999995e-06,8.03e-05,-3.000000000000001e-06,1
0.0,-1.9999999999999995e-06,8.145e-05,-3.000000000000001e-06,1
0.0,-1.9999999999999995e-06,8.26e-05,-3.000000000000001e-06,1
0.0,-1.9999999999999995e-06,8.375e-05,-3.000000000000001e-06,1
0.0,-1.9999999999999995e-06,8.49e-05,-3.000000000000001e-06,1
0.0,-1.9999999999999995e-06,8.605e-05,-3.000000000000001e-06,1
0.0,-1.9999999999999995e-06,8.72e-05,-3.000000000000001e-06,1
0.0,-1.9999999999999995e-06,8.835e-05,-3.000000000000001e-06,1
0.0,-1.9999999999999995e-06,8.950000000000001e-05,-3.000000000000001e-06,1
0.0,-1.9999999999999995e-06,9.065000000000001e-05,-3.000000000000001e-06,1
0.0,-1.9999999999999995e-06,9.180000000000001e-05,-3.000000000000001e-06,1
0.0,-1.9999999999999995e-06,9.295000000000001e-05,-3.000000000000001e-06,1
0.0,-1.9999999999999995e-06,9.410000000000001e-05,-3.000000000000001e-06,1
0.0,-1.9999999999999995e-06,9.525000000000001e-05,-3.000000000000001e-06,1
0.0,-1.9999999999999995e-06,9.640000000000001e-05,-3.000000000000001e-06,1
0.0,-1.9999999999999995e-06,9.755e-05,-3.000000000000001e-06,1
0.0,-1.9999999999999995e-06,9.87e-05,-3.000000000000001e-06,1
0.0,-1.9999999999999995e-06,9.985e-05,-3.000000000000001e-06,1
0.0,-1.9999999999999995e-06,0.000101,-3.000000000000001e-06,1
0.0,-1.9999999999999995e-06,0.00010215,-3.000000000000001e-06,1
0.0,-1.9999999999999995e-06,0.0001033,-3.000000000000001e-06,1
0.0,-1.9999999999999995e-06,0.00010445,-3.000000000000001e-06,1
0.0,-1.9999999999999995e-06,0.00010559999999999999,-3.000000000000001e-06,1
0.0,-1.9999999999999995e-06,0.00010674999999999999,-3.000000000000001e-06,1
0.0,-1.9999999999999995e-06,0.0001079,-3.000000000000001e-06,1
0.0,-1.9999999999999995e-06,0.00010905,-3.000000000000001e-06,1
0.0,-1.9999999999999995e-06,0.0001102,-3.000000000000001e-06,1
0.0,-1.9999999999999995e-06,0.00011135,-3.000000000000001e-06,1
0.0,-1.9999999999999995e-06,0.0001125,-3.000000000000001e-06,1
0.0,-1.9999999999999995e-06,0.00011365,-3.000000000000001e-06,1
0.0,-1.9999999999999995e-06,0.0001148,-3.000000000000001e-06,1
0.0,-1.9999999999999995e-06,0.00011595,-3.000000000000001e-06,1
0.0,-1.9999999999999995e-06,0.0001171,-2.899999999999984e-06,1
0.0,-1.9999999999999995e-06,0.00011825,-1.7499999999999832e-06,1
0.0,-1.9999999999999995e-06,0.0001194,-5.999999999999824e-07,1
0.0,-1.9999999999999995e-06,0.00012055,5.500000000000185e-07,0
0.0,-1.9999999999999995e-06,0.0001217,1.700000000000019e-06,0
0.0,-1.9999999999999995e-06,0.00012285,2.85000000000002e-06,0
0.0,-1.9999999999999995e-06,0.000124,4.000000000000021e-06,0
0.0,-1.6e-06,5.5e-05,1.4e-05,0
0.0,-1.6e-06,5.615e-05,1.2849999999999999e-05,0
0.0,-1.6e-06,5.7300000000000004e-05,1.1699999999999998e-05,0
0.0,-1.6e-06,5.8450000000000005e-05,1.0549999999999997e-05,0
0.0,-1.6e-06,5.96e-05,9.400000000000003e-06,0
0.0,-1.6e-06,6.075e-05,8.250000000000002e-06,0
0.0,-1.6e-06,6.19e-05,7.100000000000002e-06,0
0.0,-1.6e-06,6.305e-05,5.950000000000001e-06,0
0.0,-1.6e-06,6.42e-05,4.8e-06,0
0.0,-1.6e-06,6.535e-05,3.649999999999999e-06,0
0.0,-1.6e-06,6.65e-05,2.499999999999998e-06,0
0.0,-1.6e-06,6.765e-05,1.349999999999997e-06,0
0.0,-1.6e-06,6.88e-05,1.999999999999964e-07,0
0.0,-1.6e-06,6.995e-05,-9.500000000000045e-07,1
0.0,-1.6e-06,7.11e-05,-2.0999999999999918e-06,1
0.0,-1.6e-06,7.225e-05,-3.0972430092600842e-06,1
0.0,-1.6e-06,7.34e-05,-3.4000000000000005e-06,1
0.0,-1.6e-06,7.455e-05,-3.4000000000000005e-06,1
0.0,-1.6e-06,7.57e-05,-3.4000000000000005e-06,1
0.0,-1.6e-06,7.685e-05,-3.4000000000000005e-06,1
0.0,-1.6e-06,7.8e-05,-3.4000000000000005e-06,1
0.0,-1.6e-06,7.915e-05,-3.4000000000000005e-06,1
0.0,-1.6e-06,8.03e-05,-3.4000000000000005e-06,1
0.0,-1.6e-06,8.145e-05,-3.4000000000000005e-06,1
0.0,-1.6e-06,8.26e-05,-3.4000000000000005e-06,1
0.0,-1.6e-06,8.375e-05,-3.4000000000000005e-06,1
0.0,-1.6e-06,8.49e-05,-3.4000000000000005e-06,1
0.0,-1.6e-06,8.605e-05,-3.4000000000000005e-06,1
0.0,-1.6e-06,8.72e-05,-3.4000000000000005e-06,1
0.0,-1.6e-06,8.835e-05,-3.4000000000000005e-06,1
0.0,-1.6e-06,8.950000000000001e-05,-3.4000000000000005e-06,1
0.0,-1.6e-06,9.065000000000001e-05,-3.4000000000000005e-06,1
0.0,-1.6e-06,9.180000000000001e-05,-3.4000000000000005e-06,1
0.0,-1.6e-06,9.295000000000001e-05,-3.4000000000000005e-06,1
0.0,-1.6e-06,9.410000000000001e-05,-3.4000000000000005e-06,1
0.0,-1.6e-06,9.525000000000001e-05,-3.4000000000000005e-06,1
0.0,-1.6e-06,9.640000000000001e-05,-3.4000000000000005e-06,1
0.0,-1.6e-06,9.755e-05,-3.4000000000000005e-06,1
0.0,-1.6e-06,9.87e-05,-3.4000000000000005e-06,1
0.0,-1.6e-06,9.985e-05,-3.4000000000000005e-06,1
0.0,-1.6e-06,0.000101,-3.4000000000000005e-06,1
0.0,-1.6e-06,0.00010215,-3.4000000000000005e-06,1
0.0,-1.6e-06,0.0001033,-3.4000000000000005e-06,1
0.0,-1.6e-06,0.00010445,-3.4000000000000005e-06,1
0.0,-1.6e-06,0.00010559999999999999,-3.4000000000000005e-06,1
0.0,-1.6e-06,0.00010674999999999999,-3.4000000000000005e-06,1
0.0,-1.6e-06,0.0001079,-3.4000000000000005e-06,1
0.0,-1.6e-06,0.00010905,-3.4000000000000005e-06,1
0.0,-1.6e-06,0.0001102,-3.4000000000000005e-06,1
0.0,-1.6e-06,0.00011135,-3.4000000000000005e-06,1
0.0,-1.6e-06,0.0001125,-3.4000000000000005e-06,1
0.0,-1.6e-06,0.00011365,-3.4000000000000005e-06,1
0.0,-1.6e-06,0.0001148,-3.4000000000000005e-06,1
0.0,-1.6e-06,0.00011595,-3.4000000000000005e-06,1
0.0,-1.6e-06,0.0001171,-2.899999999999984e-06,1
0.0,-1.6e-06,0.00011825,-1.7499999999999832e-06,1
0.0,-1.6e-06,0.0001194,-5.999999999999824e-07,1
0.0,-1.6e-06,0.00012055,5.500000000000185e-07,0
0.0,-1.6e-06,0.0001217,1.700000000000019e-06,0
0.0,-1.6e-06,0.00012285,2.85000000000002e-06,0
0.0,-1.6e-06,0.000124,4.000000000000021e-06,0
0.0,-1.2000000000000004e-06,5.5e-05,1.4e-05,0
0.0,-1.2000000000000004e-06,5.615e-05,1.2849999999999999e-05,0
0.0,-1.2000000000000004e-06,5.7300000000000004e-05,1.1699999999999998e-05,0
0.0,-1.2000000000000004e-06,5.8450000000000005e-05,1.0549999999999997e-05,0
0.0,-1.2000000000000004e-06,5.96e-05,9.400000000000003e-06,0
0.0,-1.2000000000000004e-06,6.075e-05,8.250000000000002e-06,0
0.0,-1.2000000000000004e-06,6.19e-05,7.100000000000002e-06,0
0.0,-1.2000000000000004e-06,6.305e-05,5.950000000000001e-06,0
0.0,-1.2000000000000004e-06,6.42e-05,4.8e-06,0
0.0,-1.2000000000000004e-06,6.535e-05,3.649999999999999e-06,0
0.0,-1.2000000000000004e-06,6.65e-05,2.499999999999998e-06,0
0.0,-1.2000000000000004e-06,6.765e-05,1.349999999999997e-06,0
0.0,-1.2000000000000004e-06,6.88e-05,1.999999999999964e-07,0
0.0,-1.2000000000000004e-06,6.995e-05,-9.500000000000045e-07,1
0.0,-1.2000000000000004e-06,7.11e-05,-2.0999999999999918e-06,1
0.0,-1.2000000000000004e-06,7.225e-05,-3.0972430092600842e-06,1
0.0,-1.2000000000000004e-06,7.34e-05,-3.544560851856503e-06,1
0.0,-1.2000000000000004e-06,7.455e-05,-3.8e-06,1
0.0,-1.2000000000000004e-06,7.57e-05,-3.8e-06,1
0.0,-1.2000000000000004e-06,7.685e-05,-3.8e-06,1
0.0,-1.2000000000000004e-06,7.8e-05,-3.8e-06,1
0.0,-1.2000000000000004e-06,7.915e-05,-3.8e-06,1
0.0,-1.2000000000000004e-06,8.03e-05,-3.8e-06,1
0.0,-1.2000000000000004e-06,8.145e-05,-3.8e-06,1
0.0,-1.2000000000000004e-06,8.26e-05,-3.8e-06,1
0.0,-1.2000000000000004e-06,8.375e-05,-3.8e-06,1
0.0,-1.2000000000000004e-06,8.49e-05,-3.8e-06,1
0.0,-1.2000000000000004e-06,8.605e-05,-3.8e-06,1
0.0,-1.2000000000000004e-06,8.72e-05,-3.8e-06,1
0.0,-1.2000000000000004e-06,8.835e-05,-3.8e-06,1
0.0,-1.2000000000000004e-06,8.950000000000001e-05,-3.8e-06,1
0.0,-1.2000000000000004e-06,9.065000000000001e-05,-3.8e-06,1
0.0,-1.2000000000000004e-06,9.180000000000001e-05,-3.8e-06,1
0.0,-1.2000000000000004e-06,9.295000000000001e-05,-3.8e-06,1
0.0,-1.2000000000000004e-06,9.410000000000001e-05,-3.8e-06,1
0.0,-1.2000000000000004e-06,9.525000000000001e-05,-3.8e-06,1
0.0,-1.2000000000000004e-06,9.640000000000001e-05,-3.8e-06,1
0.0,-1.2000000000000004e-06,9.755e-05,-3.8e-06,1
0.0,-1.2000000000000004e-06,9.87e-05,-3.8e-06,1
0.0,-1.2000000000000004e-06,9.985e-05,-3.8e-06,1
0.0,-1.2000000000000004e-06,0.000101,-3.8e-06,1
0.0,-1.2000000000000004e-06,0.00010215,-3.8e-06,1
0.0,-1.2000000000000004e-06,0.0001033,-3.8e-06,1
0.0,-1.2000000000000004e-06,0.00010445,-3.8e-06,1
0.0,-1.2000000000000004e-06,0.00010559999999999999,-3.8e-06,1
0.0,-1.2000000000000004e-06,0.00010674999999999999,-3.8e-06,1
0.0,-1.2000000000000004e-06,0.0001079,-3.8e-06,1
0.0,-1.2000000000000004e-06,0.00010905,-3.8e-06,1
0.0,-1.2000000000000004e-06,0.0001102,-3.8e-06,1
0.0,-1.2000000000000004e-06,0.00011135,-3.8e-06,1
0.0,-1.2000000000000004e-06,0.0001125,-3.8e-06,1
0.0,-1.2000000000000004e-06,0.00011365,-3.8e-06,1
0.0,-1.2000000000000004e-06,0.0001148,-3.8e-06,1
0.0,-1.2000000000000004e-06,0.00011595,-3.8e-06,1
0.0,-1.2000000000000004e-06,0.0001171,-2.899999999999984e-06,1
0.0,-1.2000000000000004e-06,0.00011825,-1.7499999999999832e-06,1
0.0,-1.2000000000000004e-06,0.0001194,-5.999999999999824e-07,1
0.0,-1.2000000000000004e-06,0.00012055,5.500000000000185e-07,0
0.0,-1.2000000000000004e-06,0.0001217,1.700000000000019e-06,0
0.0,-1.2000000000000004e-06,0.00012285,2.85000000000002e-06,0
0.0,-1.2000000000000004e-06,0.000124,4.000000000000021e-06,0
0.0,-7.999999999999991e-07,5.5e-05,1.4e-05,0
0.0,-7.999999999999991e-07,5.615e-05,1.2849999999999999e-05,0
0.0,-7.999999999999991e-07,5.7300000000000004e-05,1.1699999999999998e-05,0
0.0,-7.999999999999991e-07,5.8450000000000005e-05,1.0549999999999997e-05,0
0.0,-7.999999999999991e-07,5.96e-05,9.400000000000003e-06,0
0.0,-7.999999999999991e-07,6.075e-05,8.250000000000002e-06,0
0.0,-7.999999999999991e-07,6.19e-05,7.100000000000002e-06,0
0.0,-7.999999999999991e-07,6.305e-05,5.950000000000001e-06,0
0.0,-7.999999999999991e-07,6.42e-05,4.8e-06,0
0.0,-7.999999999999991e-07,6.535e-05,3.649999999999999e-06,0
0.0,-7.999999999999991e-07,6.65e-05,2.499999999999998e-06,0
0.0,-7.999999999999991e-07,6.765e-05,1.349999999999997e-06,0
0.0,-7.999999999999991e-07,6.88e-05,1.999999999999964e-07,0
0.0,-7.999999999999991e-07,6.995e-05,-9.500000000000045e-07,1
0.0,-7.999999999999991e-07,7.11e-05,-2.0999999999999918e-06,1
0.0,-7.999999999999991e-07,7.225e-05,-3.0972430092600842e-06,1
0.0,-7.999999999999991e-07,7.34e-05,-3.544560851856503e-06,1
0.0,-7.999999999999991e-07,7.455e-05,-3.991878694452923e-06,1
0.0,-7.999999999999991e-07,7.57e-05,-4.200000000000001e-06,1
0.0,-7.999999999999991e-07,7.685e-05,-4.200000000000001e-06,1
0.0,-7.999999999999991e-07,7.8e-05,-4.200000000000001e-06,1
0.0,-7.999999999999991e-07,7.915e-05,-4.200000000000001e-06,1
0.0,-7.999999999999991e-07,8.03e-05,-4.200000000000001e-06,1
0.0,-7.999999999999991e-07,8.145e-05,-4.200000000000001e-06,1
0.0,-7.999999999999991e-07,8.26e-05,-4.200000000000001e-06,1
0.0,-7.999999999999991e-07,8.375e-05,-4.200000000000001e-06,1
0.0,-7.999999999999991e-07,8.49e-05,-4.200000000000001e-06,1
0.0,-7.999999999999991e-07,8.605e-05,-4.200000000000001e-06,1
0.0,-7.999999999999991e-07,8.72e-05,-4.200000000000001e-06,1
0.0,-7.999999999999991e-07,8.835e-05,-4.200000000000001e-06,1
0.0,-7.999999999999991e-07,8.950000000000001e-05,-4.200000000000001e-06,1
0.0,-7.999999999999991e-07,9.065000000000001e-05,-4.200000000000001e-06,1
0.0,-7.999999999999991e-07,9.180000000000001e-05,-4.200000000000001e-06,1
0.0,-7.999999999999991e-07,9.295000000000001e-05,-4.200000000000001e-06,1
0.0,-7.999999999999991e-07,9.410000000000001e-05,-4.200000000000001e-06,1
0.0,-7.999999999999991e-07,9.525000000000001e-05,-4.200000000000001e-06,1
0.0,-7.999999999999991e-07,9.640000000000001e-05,-4.200000000000001e-06,1
0.0,-7.999999999999991e-07,9.755e-05,-4.200000000000001e-06,1
0.0,-7.999999999999991e-07,9.87e-05,-4.200000000000001e-06,1
0.0,-7.999999999999991e-07,9.985e-05,-4.200000000000001e-06,1
0.0,-7.999999999999991e-07,0.000101,-4.200000000000001e-06,1
0.0,-7.999999999999991e-07,0.00010215,-4.200000000000001e-06,1
0.0,-7.999999999999991e-07,0.0001033,-4.200000000000001e-06,1
0.0,-7.999999999999991e-07,0.00010445,-4.200000000000001e-06,1
0.0,-7.999999999999991e-07,0.00010559999999999999,-4.200000000000001e-06,1
0.0,-7.999999999999991e-07,0.00010674999999999999,-4.200000000000001e-06,1
0.0,-7.999999999999991e-07,0.0001079,-4.200000000000001e-06,1
0.0,-7.999999999999991e-07,0.00010905,-4.200000000000001e-06,1
0.0,-7.999999999999991e-07,0.0001102,-4.200000000000001e-06,1
0.0,-7.999999999999991e-07,0.00011135,-4.200000000000001e-06,1
0.0,-7.999999999999991e-07,0.0001125,-4.200000000000001e-06,1
0.0,-7.999999999999991e-07,0.00011365,-4.200000000000001e-06,1
0.0,-7.999999999999991e-07,0.0001148,-4.200000000000001e-06,1
0.0,-7.999999999999991e-07,0.00011595,-4.049999999999985e-06,1
0.0,-7.999999999999991e-07,0.0001171,-2.899999999999984e-06,1
0.0,-7.999999999999991e-07,0.00011825,-1.7499999999999832e-06,1
0.0,-7.999999999999991e-07,0.0001194,-5.999999999999824e-07,1
0.0,-7.999999999999991e-07,0.00012055,5.500000000000185e-07,0
0.0,-7.999999999999991e-07,0.0001217,1.700000000000019e-06,0
0.0,-7.999999999999991e-07,0.00012285,2.85000000000002e-06,0
0.0,-7.999999999999991e-07,0.000124,4.000000000000021e-06,0
0.0,-3.9999999999999956e-07,5.5e-05,1.4e-05,0
0.0,-3.9999999999999956e-07,5.615e-05,1.2849999999999999e-05,0
0.0,-3.9999999999999956e-07,5.7300000000000004e-05,1.1699999999999998e-05,0
0.0,-3.9999999999999956e-07,5.8450000000000005e-05,1.0549999999999997e-05,0
0.0,-3.9999999999999956e-07,5.96e-05,9.400000000000003e-06,0
0.0,-3.9999999999999956e-07,6.075e-05,8.250000000000002e-06,0
0.0,-3.9999999999999956e-07,6.19e-05,7.100000000000002e-06,0
0.0,-3.9999999999999956e-07,6.305e-05,5.950000000000001e-06,0
0.0,-3.9999999999999956e-07,6.42e-05,4.8e-06,0
0.0,-3.9999999999999956e-07,6.535e-05,3.649999999999999e-06,0
0.0,-3.9999999999999956e-07,6.65e-05,2.499999999999998e-06,0
0.0,-3.9999999999999956e-07,6.765e-05,1.349999999999997e-06,0
0.0,-3.9999999999999956e-07,6.88e-05,1.999999999999964e-07,0
0.0,-3.9999999999999956e-07,6.995e-05,-9.500000000000045e-07,1
0.0,-3.9999999999999956e-07,7.11e-05,-2.0999999999999918e-06,1
0.0,-3.9999999999999956e-07,7.225e-05,-3.0972430092600842e-06,1
0.0,-3.9999999999999956e-07,7.34e-05,-3.544560851856503e-06,1
0.0,-3.9999999999999956e-07,7.455e-05,-3.991878694452923e-06,1
0.0,-3.9999999999999956e-07,7.57e-05,-4.439196537049341e-06,1
0.0,-3.9999999999999956e-07,7.685e-05,-4.600000000000001e-06,1
0.0,-3.9999999999999956e-07,7.8e-05,-4.600000000000001e-06,1
0.0,-3.9999999999999956e-07,7.915e-05,-4.600000000000001e-06,1
0.0,-3.9999999999999956e-07,8.03e-05,-4.600000000000001e-06,1
0.0,-3.9999999999999956e-07,8.145e-05,-4.600000000000001e-06,1
0.0,-3.9999999999999956e-07,8.26e-05,-4.600000000000001e-06,1
0.0,-3.9999999999999956e-07,8.375e-05,-4.600000000000001e-06,1
0.0,-3.9999999999999956e-07,8.49e-05,-4.600000000000001e-06,1
0.0,-3.9999999999999956e-07,8.605e-05,-4.600000000000001e-06,1
0.0,-3.9999999999999956e-07,8.72e-05,-4.600000000000001e-06,1
0.0,-3.9999999999999956e-07,8.835e-05,-4.600000000000001e-06,1
0.0,-3.9999999999999956e-07,8.950000000000001e-05,-4.600000000000001e-06,1
0.0,-3.9999999999999956e-07,9.065000000000001e-05,-4.600000000000001e-06,1
0.0,-3.9999999999999956e-07,9.180000000000001e-05,-4.600000000000001e-06,1
0.0,-3.9999999999999956e-07,9.295000000000001e-05,-4.600000000000001e-06,1
0.0,-3.9999999999999956e-07,9.410000000000001e-05,-4.600000000000001e-06,1
0.0,-3.9999999999999956e-07,9.525000000000001e-05,-4.600000000000001e-06,1
0.0,-3.9999999999999956e-07,9.640000000000001e-05,-4.600000000000001e-06,1
0.0,-3.9999999999999956e-07,9.755e-05,-4.600000000000001e-06,1
0.0,-3.9999999999999956e-07,9.87e-05,-4.600000000000001e-06,1
0.0,-3.9999999999999956e-07,9.985e-05,-4.600000000000001e-06,1
0.0,-3.9999999999999956e-07,0.000101,-4.600000000000001e-06,1
0.0,-3.9999999999999956e-07,0.00010215,-4.600000000000001e-06,1
0.0,-3.9999999999999956e-07,0.0001033,-4.600000000000001e-06,1
0.0,-3.9999999999999956e-07,0.00010445,-4.600000000000001e-06,1
0.0,-3.9999999999999956e-07,0.00010559999999999999,-4.600000000000001e-06,1
0.0,-3.9999999999999956e-07,0.00010674999999999999,-4.600000000000001e-06,1
0.0,-3.9999999999999956e-07,0.0001079,-4.600000000000001e-06,1
0.0,-3.9999999999999956e-07,0.00010905,-4.600000000000001e-06,1
0.0,-3.9999999999999956e-07,0.0001102,-4.600000000000001e-06,1
0.0,-3.9999999999999956e-07,0.00011135,-4.600000000000001e-06,1
0.0,-3.9999999999999956e-07,0.0001125,-4.600000000000001e-06,1
0.0,-3.9999999999999956e-07,0.00011365,-4.600000000000001e-06,1
0.0,-3.9999999999999956e-07,0.0001148,-4.600000000000001e-06,1
0.0,-3.9999999999999956e-07,0.00011595,-4.049999999999985e-06,1
0.0,-3.9999999999999956e-07,0.0001171,-2.899999999999984e-06,1
0.0,-3.9999999999999956e-07,0.00011825,-1.7499999999999832e-06,1
0.0,-3.9999999999999956e-07,0.0001194,-5.999999999999824e-07,1
0.0,-3.9999999999999956e-07,0.00012055,5.500000000000185e-07,0
0.0,-3.9999999999999956e-07,0.0001217,1.700000000000019e-06,0
0.0,-3.9999999999999956e-07,0.00012285,2.85000000000002e-06,0
0.0,-3.9999999999999956e-07,0.000124,4.000000000000021e-06,0
0.0,0.0,5.5e-05,1.4e-05,0
0.0,0.0,5.615e-05,1.2849999999999999e-05,0
0.0,0.0,5.7300000000000004e-05,1.1699999999999998e-05,0
0.0,0.0,5.8450000000000005e-05,1.0549999999999997e-05,0
0.0,0.0,5.96e-05,9.400000000000003e-06,0
0.0,0.0,6.075e-05,8.250000000000002e-06,0
0.0,0.0,6.19e-05,7.100000000000002e-06,0
0.0,0.0,6.305e-05,5.950000000000001e-06,0
0.0,0.0,6.42e-05,4.8e-06,0
0.0,0.0,6.535e-05,3.649999999999999e-06,0
0.0,0.0,6.65e-05,2.499999999999998e-06,0
0.0,0.0,6.765e-05,1.349999999999997e-06,0
0.0,0.0,6.88e-05,1.999999999999964e-07,0
0.0,0.0,6.995e-05,-9.500000000000045e-07,1
0.0,0.0,7.11e-05,-2.0999999999999918e-06,1
0.0,0.0,7.225e-05,-3.0972430092600842e-06,1
0.0,0.0,7.34e-05,-3.544560851856503e-06,1
0.0,0.0,7.455e-05,-3.991878694452923e-06,1
0.0,0.0,7.57e-05,-4.439196537049341e-06,1
0.0,0.0,7.685e-05,-4.886514379645757e-06,1
0.0,0.0,7.8e-05,-5e-06,1
0.0,0.0,7.915e-05,-5e-06,1
0.0,0.0,8.03e-05,-5e-06,1
0.0,0.0,8.145e-05,-5e-06,1
0.0,0.0,8.26e-05,-5e-06,1
0.0,0.0,8.375e-05,-5e-06,1
0.0,0.0,8.49e-05,-5e-06,1
0.0,0.0,8.605e-05,-5e-06,1
0.0,0.0,8.72e-05,-5e-06,1
0.0,0.0,8.835e-05,-5e-06,1
0.0,0.0,8.950000000000001e-05,-5e-06,1
0.0,0.0,9.065000000000001e-05,-5e-06,1
0.0,0.0,9.180000000000001e-05,-5e-06,1
0.0,0.0,9.295000000000001e-05,-5e-06,1
0.0,0.0,9.410000000000001e-05,-5e-06,1
0.0,0.0,9.525000000000001e-05,-5e-06,1
0.0,0.0,9.640000000000001e-05,-5e-06,1
0.0,0.0,9.755e-05,-5e-06,1
0.0,0.0,9.87e-05,-5e-06,1
0.0,0.0,9.985e-05,-5e-06,1
0.0,0.0,0.000101,-5e-06,1
0.0,0.0,0.00010215,-5e-06,1
0.0,0.0,0.0001033,-5e-06,1
0.0,0.0,0.00010445,-5e-06,1
0.0,0.0,0.00010559999999999999,-5e-06,1
0.0,0.0,0.00010674999999999999,-5e-06,1
0.0,0.0,0.0001079,-5e-06,1
0.0,0.0,0.00010905,-5e-06,1
0.0,0.0,0.0001102,-5e-06,1
0.0,0.0,0.00011135,-5e-06,1
0.0,0.0,0.0001125,-5e-06,1
0.0,0.0,0.00011365,-5e-06,1
0.0,0.0,0.0001148,-5e-06,1
0.0,0.0,0.00011595,-4.049999999999985e-06,1
0.0,0.0,0.0001171,-2.899999999999984e-06,1
0.0,0.0,0.00011825,-1.7499999999999832e-06,1
0.0,0.0,0.0001194,-5.999999999999824e-07,1
0.0,0.0,0.00012055,5.500000000000185e-07,0
0.0,0.0,0.0001217,1.700000000000019e-06,0
0.0,0.0,0.00012285,2.85000000000002e-06,0
0.0,0.0,0.000124,4.000000000000021e-06,0
0.0,3.9999999999999956e-07,5.5e-05,1.4e-05,0
0.0,3.9999999999999956e-07,5.615e-05,1.2849999999999999e-05,0
0.0,3.9999999999999956e-07,5.7300000000000004e-05,1.1699999999999998e-05,0
0.0,3.9999999999999956e-07,5.8450000000000005e-05,1.0549999999999997e-05,0
0.0,3.9999999999999956e-07,5.96e-05,9.400000000000003e-06,0
0.0,3.9999999999999956e-07,6.075e-05,8.250000000000002e-06,0
0.0,3.9999999999999956e-07,6.19e-05,7.100000000000002e-06,0
0.0,3.9999999999999956e-07,6.305e-05,5.950000000000001e-06,0
0.0,3.9999999999999956e-07,6.42e-05,4.8e-06,0
0.0,3.9999999999999956e-07,6.535e-05,3.649999999999999e-06,0
0.0,3.9999999999999956e-07,6.65e-05,2.499999999999998e-06,0
0.0,3.9999999999999956e-07,6.765e-05,1.349999999999997e-06,0
0.0,3.9999999999999956e-07,6.88e-05,1.999999999999964e-07,0
0.0,3.9999999999999956e-07,6.995e-05,-9.500000000000045e-07,1
0.0,3.9999999999999956e-07,7.11e-05,-2.0999999999999918e-06,1
0.0,3.9999999999999956e-07,7.225e-05,-3.0972430092600842e-06,1
0.0,3.9999999999999956e-07,7.34e-05,-3.544560851856503e-06,1
0.0,3.9999999999999956e-07,7.455e-05,-3.991878694452923e-06,1
0.0,3.9999999999999956e-07,7.57e-05,-4.439196537049341e-06,1
0.0,3.9999999999999956e-07,7.685e-05,-4.600000000000001e-06,1
0.0,3.9999999999999956e-07,7.8e-05,-4.600000000000001e-06,1
0.0,3.9999999999999956e-07,7.915e-05,-4.600000000000001e-06,1
0.0,3.9999999999999956e-07,8.03e-05,-4.600000000000001e-06,1
0.0,3.9999999999999956e-07,8.145e-05,-4.600000000000001e-06,1
0.0,3.9999999999999956e-07,8.26e-05,-4.600000000000001e-06,1
0.0,3.9999999999999956e-07,8.375e-05,-4.600000000000001e-06,1
0.0,3.9999999999999956e-07,8.49e-05,-4.600000000000001e-06,1
0.0,3.9999999999999956e-07,8.605e-05,-4.600000000000001e-06,1
0.0,3.9999999999999956e-07,8.72e-05,-4.600000000000001e-06,1
0.0,3.9999999999999956e-07,8.835e-05,-4.600000000000001e-06,1
0.0,3.9999999999999956e-07,8.950000000000001e-05,-4.600000000000001e-06,1
0.0,3.9999999999999956e-07,9.065000000000001e-05,-4.600000000000001e-06,1
0.0,3.9999999999999956e-07,9.180000000000001e-05,-4.600000000000001e-06,1
0.0,3.9999999999999956e-07,9.295000000000001e-05,-4.600000000000001e-06,1
0.0,3.9999999999999956e-07,9.410000000000001e-05,-4.600000000000001e-06,1
0.0,3.9999999999999956e-07,9.525000000000001e-05,-4.600000000000001e-06,1
0.0,3.9999999999999956e-07,9.640000000000001e-05,-4.600000000000001e-06,1
0.0,3.9999999999999956e-07,9.755e-05,-4.600000000000001e-06,1
0.0,3.9999999999999956e-07,9.87e-05,-4.600000000000001e-06,1
0.0,3.9999999999999956e-07,9.985e-05,-4.600000000000001e-06,1
0.0,3.9999999999999956e-07,0.000101,-4.600000000000001e-06,1
0.0,3.9999999999999956e-07,0.00010215,-4.600000000000001e-06,1
0.0,3.9999999999999956e-07,0.0001033,-4.600000000000001e-06,1
0.0,3.9999999999999956e-07,0.00010445,-4.600000000000001e-06,1
0.0,3.9999999999999956e-07,0.00010559999999999999,-4.600000000000001e-06,1
0.0,3.9999999999999956e-07,0.00010674999999999999,-4.600000000000001e-06,1
0.0,3.9999999999999956e-07,0.0001079,-4.600000000000001e-06,1
0.0,3.9999999999999956e-07,0.00010905,-4.600000000000001e-06,1
0.0,3.9999999999999956e-07,0.0001102,-4.600000000000001e-06,1
0.0,3.9999999999999956e-07,0.00011135,-4.600000000000001e-06,1
0.0,3.9999999999999956e-07,0.0001125,-4.600000000000001e-06,1
0.0,3.9999999999999956e-07,0.00011365,-4.600000000000001e-06,1
0.0,3.9999999999999956e-07,0.0001148,-4.600000000000001e-06,1
0.0,3.9999999999999956e-07,0.00011595,-4.049999999999985e-06,1
0.0,3.9999999999999956e-07,0.0001171,-2.899999999999984e-06,1
0.0,3.9999999999999956e-07,0.00011825,-1.7499999999999832e-06,1
0.0,3.9999999999999956e-07,0.0001194,-5.999999999999824e-07,1
0.0,3.9999999999999956e-07,0.00012055,5.500000000000185e-07,0
0.0,3.9999999999999956e-07,0.0001217,1.700000000000019e-06,0
0.0,3.9999999999999956e-07,0.00012285,2.85000000000002e-06,0
0.0,3.9999999999999956e-07,0.000124,4.000000000000021e-06,0
0.0,8.000000000000008e-07,5.5e-05,1.4e-05,0
0.0,8.000000000000008e-07,5.615e-05,1.2849999999999999e-05,0
0.0,8.000000000000008e-07,5.7300000000000004e-05,1.1699999999999998e-05,0
0.0,8.000000000000008e-07,5.8450000000000005e-05,1.0549999999999997e-05,0
0.0,8.000000000000008e-07,5.96e-05,9.400000000000003e-06,0
0.0,8.000000000000008e-07,6.075e-05,8.250000000000002e-06,0
0.0,8.000000000000008e-07,6.19e-05,7.100000000000002e-06,0
0.0,8.000000000000008e-07,6.305e-05,5.950000000000001e-06,0
0.0,8.000000000000008e-07,6.42e-05,4.8e-06,0
0.0,8.000000000000008e-07,6.535e-05,3.649999999999999e-06,0
0.0,8.000000000000008e-07,6.65e-05,2.499999999999998e-06,0
0.0,8.000000000000008e-07,6.765e-05,1.349999999999997e-06,0
0.0,8.000000000000008e-07,6.88e-05,1.999999999999964e-07,0
0.0,8.000000000000008e-07,6.995e-05,-9.500000000000045e-07,1
0.0,8.000000000000008e-07,7.11e-05,-2.0999999999999918e-06,1
0.0,8.000000000000008e-07,7.225e-05,-3.0972430092600842e-06,1
0.0,8.000000000000008e-07,7.34e-05,-3.544560851856503e-06,1
0.0,8.000000000000008e-07,7.455e-05,-3.991878694452923e-06,1
0.0,8.000000000000008e-07,7.57e-05,-4.2e-06,1
0.0,8.000000000000008e-07,7.685e-05,-4.2e-06,1
0.0,8.000000000000008e-07,7.8e-05,-4.2e-06,1
0.0,8.000000000000008e-07,7.915e-05,-4.2e-06,1
0.0,8.000000000000008e-07,8.03e-05,-4.2e-06,1
0.0,8.000000000000008e-07,8.145e-05,-4.2e-06,1
0.0,8.000000000000008e-07,8.26e-05,-4.2e-06,1
0.0,8.000000000000008e-07,8.375e-05,-4.2e-06,1
0.0,8.000000000000008e-07,8.49e-05,-4.2e-06,1
0.0,8.000000000000008e-07,8.605e-05,-4.2e-06,1
0.0,8.000000000000008e-07,8.72e-05,-4.2e-06,1
0.0,8.000000000000008e-07,8.835e-05,-4.2e-06,1
0.0,8.000000000000008e-07,8.950000000000001e-05,-4.2e-06,1
0.0,8.000000000000008e-07,9.065000000000001e-05,-4.2e-06,1
0.0,8.000000000000008e-07,9.180000000000001e-05,-4.2e-06,1
0.0,8.000000000000008e-07,9.295000000000001e-05,-4.2e-06,1
0.0,8.000000000000008e-07,9.410000000000001e-05,-4.2e-06,1
0.0,8.000000000000008e-07,9.525000000000001e-05,-4.2e-06,1
0.0,8.000000000000008e-07,9.640000000000001e-05,-4.2e-06,1
0.0,8.000000000000008e-07,9.755e-05,-4.2e-06,1
0.0,8.000000000000008e-07,9.87e-05,-4.2e-06,1
0.0,8.000000000000008e-07,9.985e-05,-4.2e-06,1
0.0,8.000000000000008e-07,0.000101,-4.2e-06,1
0.0,8.000000000000008e-07,0.00010215,-4.2e-06,1
0.0,8.000000000000008e-07,0.0001033,-4.2e-06,1
0.0,8.000000000000008e-07,0.00010445,-4.2e-06,1
0.0,8.000000000000008e-07,0.00010559999999999999,-4.2e-06,1
0.0,8.000000000000008e-07,0.00010674999999999999,-4.2e-06,1
0.0,8.000000000000008e-07,0.0001079,-4.2e-06,1
0.0,8.000000000000008e-07,0.00010905,-4.2e-06,1
0.0,8.000000000000008e-07,0.0001102,-4.2e-06,1
0.0,8.000000000000008e-07,0.00011135,-4.2e-06,1
0.0,8.000000000000008e-07,0.0001125,-4.2e-06,1
0.0,8.000000000000008e-07,0.00011365,-4.2e-06,1
0.0,8.000000000000008e-07,0.0001148,-4.2e-06,1
0.0,8.000000000000008e-07,0.00011595,-4.049999999999985e-06,1
0.0,8.000000000000008e-07,0.0001171,-2.899999999999984e-06,1
0.0,8.000000000000008e-07,0.00011825,-1.7499999999999832e-06,1
0.0,8.000000000000008e-07,0.0001194,-5.999999999999824e-07,1
0.0,8.000000000000008e-07,0.00012055,5.500000000000185e-07,0
0.0,8.000000000000008e-07,0.0001217,1.700000000000019e-06,0
0.0,8.000000000000008e-07,0.00012285,2.85000000000002e-06,0
0.0,8.000000000000008e-07,0.000124,4.000000000000021e-06,0
0.0,1.2000000000000004e-06,5.5e-05,1.4e-05,0
0.0,1.2000000000000004e-06,5.615e-05,1.2849999999999999e-05,0
0.0,1.2000000000000004e-06,5.7300000000000004e-05,1.1699999999999998e-05,0
0.0,1.2000000000000004e-06,5.8450000000000005e-05,1.0549999999999997e-05,0
0.0,1.2000000000000004e-06,5.96e-05,9.400000000000003e-06,0
0.0,1.2000000000000004e-06,6.075e-05,8.250000000000002e-06,0
0.0,1.2000000000000004e-06,6.19e-05,7.100000000000002e-06,0
0.0,1.2000000000000004e-06,6.305e-05,5.950000000000001e-06,0
0.0,1.2000000000000004e-06,6.42e-05,4.8e-06,0
0.0,1.2000000000000004e-06,6.535e-05,3.649999999999999e-06,0
0.0,1.2000000000000004e-06,6.65e-05,2.499999999999998e-06,0
0.0,1.2000000000000004e-06,6.765e-05,1.349999999999997e-06,0
0.0,1.2000000000000004e-06,6.88e-05,1.999999999999964e-07,0
0.0,1.2000000000000004e-06,6.995e-05,-9.500000000000045e-07,1
0.0,1.2000000000000004e-06,7.11e-05,-2.0999999999999918e-06,1
0.0,1.2000000000000004e-06,7.225e-05,-3.0972430092600842e-06,1
0.0,1.2000000000000004e-06,7.34e-05,-3.544560851856503e-06,1
0.0,1.2000000000000004e-06,7.455e-05,-3.8e-06,1
0.0,1.2000000000000004e-06,7.57e-05,-3.8e-06,1
0.0,1.2000000000000004e-06,7.685e-05,-3.8e-06,1
0.0,1.2000000000000004e-06,7.8e-05,-3.8e-06,1
0.0,1.2000000000000004e-06,7.915e-05,-3.8e-06,1
0.0,1.2000000000000004e-06,8.03e-05,-3.8e-06,1
0.0,1.2000000000000004e-06,8.145e-05,-3.8e-06,1
0.0,1.2000000000000004e-06,8.26e-05,-3.8e-06,1
0.0,1.2000000000000004e-06,8.375e-05,-3.8e-06,1
0.0,1.2000000000000004e-06,8.49e-05,-3.8e-06,1
0.0,1.2000000000000004e-06,8.605e-05,-3.8e-06,1
0.0,1.2000000000000004e-06,8.72e-05,-3.8e-06,1
0.0,1.2000000000000004e-06,8.835e-05,-3.8e-06,1
0.0,1.2000000000000004e-06,8.950000000000001e-05,-3.8e-06,1
0.0,1.2000000000000004e-06,9.065000000000001e-05,-3.8e-06,1
0.0,1.2000000000000004e-06,9.180000000000001e-05,-3.8e-06,1
0.0,1.2000000000000004e-06,9.295000000000001e-05,-3.8e-06,1
0.0,1.2000000000000004e-06,9.410000000000001e-05,-3.8e-06,1
0.0,1.2000000000000004e-06,9.525000000000001e-05,-3.8e-06,1
0.0,1.2000000000000004e-06,9.640000000000001e-05,-3.8e-06,1
0.0,1.2000000000000004e-06,9.755e-05,-3.8e-06,1
0.0,1.2000000000000004e-06,9.87e-05,-3.8e-06,1
0.0,1.2000000000000004e-06,9.985e-05,-3.8e-06,1
0.0,1.2000000000000004e-06,0.000101,-3.8e-06,1
0.0,1.2000000000000004e-06,0.00010215,-3.8e-06,1
0.0,1.2000000000000004e-06,0.0001033,-3.8e-06,1
0.0,1.2000000000000004e-06,0.00010445,-3.8e-06,1
0.0,1.2000000000000004e-06,0.00010559999999999999,-3.8e-06,1
0.0,1.2000000000000004e-06,0.00010674999999999999,-3.8e-06,1
0.0,1.2000000000000004e-06,0.0001079,-3.8e-06,1
0.0,1.2000000000000004e-06,0.00010905,-3.8e-06,1
0.0,1.2000000000000004e-06,0.0001102,-3.8e-06,1
0.0,1.2000000000000004e-06,0.00011135,-3.8e-06,1
0.0,1.2000000000000004e-06,0.0001125,-3.8e-06,1
0.0,1.2000000000000004e-06,0.00011365,-3.8e-06,1
0.0,1.2000000000000004e-06,0.0001148,-3.8e-06,1
0.0,1.2000000000000004e-06,0.00011595,-3.8e-06,1
0.0,1.2000000000000004e-06,0.0001171,-2.899999999999984e-06,1
0.0,1.2000000000000004e-06,0.00011825,-1.7499999999999832e-06,1
0.0,1.2000000000000004e-06,0.0001194,-5.999999999999824e-07,1
0.0,1.2000000000000004e-06,0.00012055,5.500000000000185e-07,0
0.0,1.2000000000000004e-06,0.0001217,1.700000000000019e-06,0
0.0,1.2000000000000004e-06,0.00012285,2.85000000000002e-06,0
0.0,1.2000000000000004e-06,0.000124,4.000000000000021e-06,0
0.0,1.6e-06,5.5e-05,1.4e-05,0
0.0,1.6e-06,5.615e-05,1.2849999999999999e-05,0
0.0,1.6e-06,5.7300000000000004e-05,1.1699999999999998e-05,0
0.0,1.6e-06,5.8450000000000005e-05,1.0549999999999997e-05,0
0.0,1.6e-06,5.96e-05,9.400000000000003e-06,0
0.0,1.6e-06,6.075e-05,8.250000000000002e-06,0
0.0,1.6e-06,6.19e-05,7.100000000000002e-06,0
0.0,1.6e-06,6.305e-05,5.950000000000001e-06,0
0.0,1.6e-06,6.42e-05,4.8e-06,0
0.0,1.6e-06,6.535e-05,3.649999999999999e-06,0
0.0,1.6e-06,6.65e-05,2.499999999999998e-06,0
0.0,1.6e-06,6.765e-05,1.349999999999997e-06,0
0.0,1.6e-06,6.88e-05,1.999999999999964e-07,0
0.0,1.6e-06,6.995e-05,-9.500000000000045e-07,1
0.0,1.6e-06,7.11e-05,-2.0999999999999918e-06,1
0.0,1.6e-06,7.225e-05,-3.0972430092600842e-06,1
0.0,1.6e-06,7.34e-05,-3.4000000000000005e-06,1
0.0,1.6e-06,7.455e-05,-3.4000000000000005e-06,1
0.0,1.6e-06,7.57e-05,-3.4000000000000005e-06,1
0.0,1.6e-06,7.685e-05,-3.4000000000000005e-06,1
0.0,1.6e-06,7.8e-05,-3.4000000000000005e-06,1
0.0,1.6e-06,7.915e-05,-3.4000000000000005e-06,1
0.0,1.6e-06,8.03e-05,-3.4000000000000005e-06,1
0.0,1.6e-06,8.145e-05,-3.4000000000000005e-06,1
0.0,1.6e-06,8.26e-05,-3.4000000000000005e-06,1
0.0,1.6e-06,8.375e-05,-3.4000000000000005e-06,1
0.0,1.6e-06,8.49e-05,-3.4000000000000005e-06,1
0.0,1.6e-06,8.605e-05,-3.4000000000000005e-06,1
0.0,1.6e-06,8.72e-05,-3.4000000000000005e-06,1
0.0,1.6e-06,8.835e-05,-3.4000000000000005e-06,1
0.0,1.6e-06,8.950000000000001e-05,-3.4000000000000005e-06,1
0.0,1.6e-06,9.065000000000001e-05,-3.4000000000000005e-06,1
0.0,1.6e-06,9.180000000000001e-05,-3.4000000000000005e-06,1
0.0,1.6e-06,9.295000000000001e-05,-3.4000000000000005e-06,1
0.0,1.6e-06,9.410000000000001e-05,-3.4000000000000005e-06,1
0.0,1.6e-06,9.525000000000001e-05,-3.4000000000000005e-06,1
0.0,1.6e-06,9.640000000000001e-05,-3.4000000000000005e-06,1
0.0,1.6e-06,9.755e-05,-3.4000000000000005e-06,1
0.0,1.6e-06,9.87e-05,-3.4000000000000005e-06,1
0.0,1.6e-06,9.985e-05,-3.4000000000000005e-06,1
0.0,1.6e-06,0.000101,-3.4000000000000005e-06,1
0.0,1.6e-06,0.00010215,-3.4000000000000005e-06,1
0.0,1.6e-06,0.0001033,-3.4000000000000005e-06,1
0.0,1.6e-06,0.00010445,-3.4000000000000005e-06,1
0.0,1.6e-06,0.00010559999999999999,-3.4000000000000005e-06,1
0.0,1.6e-06,0.00010674999999999999,-3.4000000000000005e-06,1
0.0,1.6e-06,0.0001079,-3.4000000000000005e-06,1
0.0,1.6e-06,0.00010905,-3.4000000000000005e-06,1
0.0,1.6e-06,0.0001102,-3.4000000000000005e-06,1
0.0,1.6e-06,0.00011135,-3.4000000000000005e-06,1
0.0,1.6e-06,0.0001125,-3.4000000000000005e-06,1
0.0,1.6e-06,0.00011365,-3.4000000000000005e-06,1
0.0,1.6e-06,0.0001148,-3.4000000000000005e-06,1
0.0,1.6e-06,0.00011595,-3.4000000000000005e-06,1
0.0,1.6e-06,0.0001171,-2.899999999999984e-06,1
0.0,1.6e-06,0.00011825,-1.7499999999999832e-06,1
0.0,1.6e-06,0.0001194,-5.999999999999824e-07,1
0.0,1.6e-06,0.00012055,5.500000000000185e-07,0
0.0,1.6e-06,0.0001217,1.700000000000019e-06,0
0.0,1.6e-06,0.00012285,2.85000000000002e-06,0
0.0,1.6e-06,0.000124,4.000000000000021e-06,0
0.0,1.9999999999999995e-06,5.5e-05,1.4e-05,0
0.0,1.9999999999999995e-06,5.615e-05,1.2849999999999999e-05,0
0.0,1.9999999999999995e-06,5.7300000000000004e-05,1.1699999999999998e-05,0
0.0,1.9999999999999995e-06,5.8450000000000005e-05,1.0549999999999997e-05,0
0.0,1.9999999999999995e-06,5.96e-05,9.400000000000003e-06,0
0.0,1.9999999999999995e-06,6.075e-05,8.250000000000002e-06,0
0.0,1.9999999999999995e-06,6.19e-05,7.100000000000002e-06,0
0.0,1.9999999999999995e-06,6.305e-05,5.950000000000001e-06,0
0.0,1.9999999999999995e-06,6.42e-05,4.8e-06,0
0.0,1.9999999999999995e-06,6.535e-05,3.649999999999999e-06,0
0.0,1.9999999999999995e-06,6.65e-05,2.499999999999998e-06,0
0.0,1.9999999999999995e-06,6.765e-05,1.349999999999997e-06,0
0.0,1.9999999999999995e-06,6.88e-05,1.999999999999964e-07,0
0.0,1.9999999999999995e-06,6.995e-05,-9.500000000000045e-07,1
0.0,1.9999999999999995e-06,7.11e-05,-2.0999999999999918e-06,1
0.0,1.9999999999999995e-06,7.225e-05,-3.000000000000001e-06,1
0.0,1.9999999999999995e-06,7.34e-05,-3.000000000000001e-06,1
0.0,1.9999999999999995e-06,7.455e-05,-3.000000000000001e-06,1
0.0,1.9999999999999995e-06,7.57e-05,-3.000000000000001e-06,1
0.0,1.9999999999999995e-06,7.685e-05,-3.000000000000001e-06,1
0.0,1.9999999999999995e-06,7.8e-05,-3.000000000000001e-06,1
0.0,1.9999999999999995e-06,7.915e-05,-3.000000000000001e-06,1
0.0,1.9999999999999995e-06,8.03e-05,-3.000000000000001e-06,1
0.0,1.9999999999999995e-06,8.145e-05,-3.000000000000001e-06,1
0.0,1.9999999999999995e-06,8.26e-05,-3.000000000000001e-06,1
0.0,1.9999999999999995e-06,8.375e-05,-3.000000000000001e-06,1
0.0,1.9999999999999995e-06,8.49e-05,-3.000000000000001e-06,1
0.0,1.9999999999999995e-06,8.605e-05,-3.000000000000001e-06,1
0.0,1.9999999999999995e-06,8.72e-05,-3.000000000000001e-06,1
0.0,1.9999999999999995e-06,8.835e-05,-3.000000000000001e-06,1
0.0,1.9999999999999995e-06,8.950000000000001e-05,-3.000000000000001e-06,1
0.0,1.9999999999999995e-06,9.065000000000001e-05,-3.000000000000001e-06,1
0.0,1.9999999999999995e-06,9.180000000000001e-05,-3.000000000000001e-06,1
0.0,1.9999999999999995e-06,9.295000000000001e-05,-3.000000000000001e-06,1
0.0,1.9999999999999995e-06,9.410000000000001e-05,-3.000000000000001e-06,1
0.0,1.9999999999999995e-06,9.525000000000001e-05,-3.000000000000001e-06,1
0.0,1.9999999999999995e-06,9.640000000000001e-05,-3.000000000000001e-06,1
0.0,1.9999999999999995e-06,9.755e-05,-3.000000000000001e-06,1
0.0,1.9999999999999995e-06,9.87e-05,-3.000000000000001e-06,1
0.0,1.9999999999999995e-06,9.985e-05,-3.000000000000001e-06,1
0.0,1.9999999999999995e-06,0.000101,-3.000000000000001e-06,1
0.0,1.9999999999999995e-06,0.00010215,-3.000000000000001e-06,1
0.0,1.9999999999999995e-06,0.0001033,-3.000000000000001e-06,1
0.0,1.9999999999999995e-06,0.00010445,-3.000000000000001e-06,1
0.0,1.9999999999999995e-06,0.00010559999999999999,-3.000000000000001e-06,1
0.0,1.9999999999999995e-06,0.00010674999999999999,-3.000000000000001e-06,1
0.0,1.9999999999999995e-06,0.0001079,-3.000000000000001e-06,1
0.0,1.9999999999999995e-06,0.00010905,-3.000000000000001e-06,1
0.0,1.9999999999999995e-06,0.0001102,-3.000000000000001e-06,1
0.0,1.9999999999999995e-06,0.00011135,-3.000000000000001e-06,1
0.0,1.9999999999999995e-06,0.0001125,-3.000000000000001e-06,1
0.0,1.9999999999999995e-06,0.00011365,-3.000000000000001e-06,1
0.0,1.9999999999999995e-06,0.0001148,-3.000000000000001e-06,1
0.0,1.9999999999999995e-06,0.00011595,-3.000000000000001e-06,1
0.0,1.9999999999999995e-06,0.0001171,-2.899999999999984e-06,1
0.0,1.9999999999999995e-06,0.00011825,-1.7499999999999832e-06,1
0.0,1.9999999999999995e-06,0.0001194,-5.999999999999824e-07,1
0.0,1.9999999999999995e-06,0.00012055,5.500000000000185e-07,0
0.0,1.9999999999999995e-06,0.0001217,1.700000000000019e-06,0
0.0,1.9999999999999995e-06,0.00012285,2.85000000000002e-06,0
0.0,1.9999999999999995e-06,0.000124,4.000000000000021e-06,0
0.0,2.399999999999999e-06,5.5e-05,1.4e-05,0
0.0,2.399999999999999e-06,5.615e-05,1.2849999999999999e-05,0
0.0,2.399999999999999e-06,5.7300000000000004e-05,1.1699999999999998e-05,0
0.0,2.399999999999999e-06,5.8450000000000005e-05,1.0549999999999997e-05,0
0.0,2.399999999999999e-06,5.96e-05,9.400000000000003e-06,0
0.0,2.399999999999999e-06,6.075e-05,8.250000000000002e-06,0
0.0,2.399999999999999e-06,6.19e-05,7.100000000000002e-06,0
0.0,2.399999999999999e-06,6.305e-05,5.950000000000001e-06,0
0.0,2.399999999999999e-06,6.42e-05,4.8e-06,0
0.0,2.399999999999999e-06,6.535e-05,3.649999999999999e-06,0
0.0,2.399999999999999e-06,6.65e-05,2.499999999999998e-06,0
0.0,2.399999999999999e-06,6.765e-05,1.349999999999997e-06,0
0.0,2.399999999999999e-06,6.88e-05,1.999999999999964e-07,0
0.0,2.399999999999999e-06,6.995e-05,-9.500000000000045e-07,1
0.0,2.399999999999999e-06,7.11e-05,-2.0999999999999918e-06,1
0.0,2.399999999999999e-06,7.225e-05,-2.6000000000000014e-06,1
0.0,2.399999999999999e-06,7.34e-05,-2.6000000000000014e-06,1
0.0,2.399999999999999e-06,7.455e-05,-2.6000000000000014e-06,1
0.0,2.399999999999999e-06,7.57e-05,-2.6000000000000014e-06,1
0.0,2.399999999999999e-06,7.685e-05,-2.6000000000000014e-06,1
0.0,2.399999999999999e-06,7.8e-05,-2.6000000000000014e-06,1
0.0,2.399999999999999e-06,7.915e-05,-2.6000000000000014e-06,1
0.0,2.399999999999999e-06,8.03e-05,-2.6000000000000014e-06,1
0.0,2.399999999999999e-06,8.145e-05,-2.6000000000000014e-06,1
0.0,2.399999999999999e-06,8.26e-05,-2.6000000000000014e-06,1
0.0,2.399999999999999e-06,8.375e-05,-2.6000000000000014e-06,1
0.0,2.399999999999999e-06,8.49e-05,-2.6000000000000014e-06,1
0.0,2.399999999999999e-06,8.605e-05,-2.6000000000000014e-06,1
0.0,2.399999999999999e-06,8.72e-05,-2.6000000000000014e-06,1
0.0,2.399999999999999e-06,8.835e-05,-2.6000000000000014e-06,1
0.0,2.399999999999999e-06,8.950000000000001e-05,-2.6000000000000014e-06,1
0.0,2.399999999999999e-06,9.065000000000001e-05,-2.6000000000000014e-06,1
0.0,2.399999999999999e-06,9.180000000000001e-05,-2.6000000000000014e-06,1
0.0,2.399999999999999e-06,9.295000000000001e-05,-2.6000000000000014e-06,1
0.0,2.399999999999999e-06,9.410000000000001e-05,-2.6000000000000014e-06,1
0.0,2.399999999999999e-06,9.525000000000001e-05,-2.6000000000000014e-06,1
0.0,2.399999999999999e-06,9.640000000000001e-05,-2.6000000000000014e-06,1
0.0,2.399999999999999e-06,9.755e-05,-2.6000000000000014e-06,1
0.0,2.399999999999999e-06,9.87e-05,-2.6000000000000014e-06,1
0.0,2.399999999999999e-06,9.985e-05,-2.6000000000000014e-06,1
0.0,2.399999999999999e-06,0.000101,-2.6000000000000014e-06,1
0.0,2.399999999999999e-06,0.00010215,-2.6000000000000014e-06,1
0.0,2.399999999999999e-06,0.0001033,-2.6000000000000014e-06,1
0.0,2.399999999999999e-06,0.00010445,-2.6000000000000014e-06,1
0.0,2.399999999999999e-06,0.00010559999999999999,-2.6000000000000014e-06,1
0.0,2.399999999999999e-06,0.00010674999999999999,-2.6000000000000014e-06,1
0.0,2.399999999999999e-06,0.0001079,-2.6000000000000014e-06,1
0.0,2.399999999999999e-06,0.00010905,-2.6000000000000014e-06,1
0.0,2.399999999999999e-06,0.0001102,-2.6000000000000014e-06,1
0.0,2.399999999999999e-06,0.00011135,-2.6000000000000014e-06,1
0.0,2.399999999999999e-06,0.0001125,-2.6000000000000014e-06,1
0.0,2.399999999999999e-06,0.00011365,-2.6000000000000014e-06,1
0.0,2.399999999999999e-06,0.0001148,-2.6000000000000014e-06,1
0.0,2.399999999999999e-06,0.00011595,-2.6000000000000014e-06,1
0.0,2.399999999999999e-06,0.0001171,-2.6000000000000014e-06,1
0.0,2.399999999999999e-06,0.00011825,-1.7499999999999832e-06,1
0.0,2.399999999999999e-06,0.0001194,-5.999999999999824e-07,1
0.0,2.399999999999999e-06,0.00012055,5.500000000000185e-07,0
0.0,2.399999999999999e-06,0.0001217,1.700000000000019e-06,0
0.0,2.399999999999999e-06,0.00012285,2.85000000000002e-06,0
0.0,2.399999999999999e-06,0.000124,4.000000000000021e-06,0
0.0,2.8000000000000003e-06,5.5e-05,1.4e-05,0
0.0,2.8000000000000003e-06,5.615e-05,1.2849999999999999e-05,0
0.0,2.8000000000000003e-06,5.7300000000000004e-05,1.1699999999999998e-05,0
0.0,2.8000000000000003e-06,5.8450000000000005e-05,1.0549999999999997e-05,0
0.0,2.8000000000000003e-06,5.96e-05,9.400000000000003e-06,0
0.0,2.8000000000000003e-06,6.075e-05,8.250000000000002e-06,0
0.0,2.8000000000000003e-06,6.19e-05,7.100000000000002e-06,0
0.0,2.8000000000000003e-06,6.305e-05,5.950000000000001e-06,0
0.0,2.8000000000000003e-06,6.42e-05,4.8e-06,0
0.0,2.8000000000000003e-06,6.535e-05,3.649999999999999e-06,0
0.0,2.8000000000000003e-06,6.65e-05,2.499999999999998e-06,0
0.0,2.8000000000000003e-06,6.765e-05,1.349999999999997e-06,0
0.0,2.8000000000000003e-06,6.88e-05,1.999999999999964e-07,0
0.0,2.8000000000000003e-06,6.995e-05,-9.500000000000045e-07,1
0.0,2.8000000000000003e-06,7.11e-05,-2.0999999999999918e-06,1
0.0,2.8000000000000003e-06,7.225e-05,-2.2e-06,1
0.0,2.8000000000000003e-06,7.34e-05,-2.2e-06,1
0.0,2.8000000000000003e-06,7.455e-05,-2.2e-06,1
0.0,2.8000000000000003e-06,7.57e-05,-2.2e-06,1
0.0,2.8000000000000003e-06,7.685e-05,-2.2e-06,1
0.0,2.8000000000000003e-06,7.8e-05,-2.2e-06,1
0.0,2.8000000000000003e-06,7.915e-05,-2.2e-06,1
0.0,2.8000000000000003e-06,8.03e-05,-2.2e-06,1
0.0,2.8000000000000003e-06,8.145e-05,-2.2e-06,1
0.0,2.8000000000000003e-06,8.26e-05,-2.2e-06,1
0.0,2.8000000000000003e-06,8.375e-05,-2.2e-06,1
0.0,2.8000000000000003e-06,8.49e-05,-2.2e-06,1
0.0,2.8000000000000003e-06,8.605e-05,-2.2e-06,1
0.0,2.8000000000000003e-06,8.72e-05,-2.2e-06,1
0.0,2.8000000000000003e-06,8.835e-05,-2.2e-06,1
0.0,2.8000000000000003e-06,8.950000000000001e-05,-2.2e-06,1
0.0,2.8000000000000003e-06,9.065000000000001e-05,-2.2e-06,1
0.0,2.8000000000000003e-06,9.180000000000001e-05,-2.2e-06,1
0.0,2.8000000000000003e-06,9.295000000000001e-05,-2.2e-06,1
0.0,2.8000000000000003e-06,9.410000000000001e-05,-2.2e-06,1
0.0,2.8000000000000003e-06,9.525000000000001e-05,-2.2e-06,1
0.0,2.8000000000000003e-06,9.640000000000001e-05,-2.2e-06,1
0.0,2.8000000000000003e-06,9.755e-05,-2.2e-06,1
0.0,2.8000000000000003e-06,9.87e-05,-2.2e-06,1
0.0,2.8000000000000003e-06,9.985e-05,-2.2e-06,1
0.0,2.8000000000000003e-06,0.000101,-2.2e-06,1
0.0,2.8000000000000003e-06,0.00010215,-2.2e-06,1
0.0,2.8000000000000003e-06,0.0001033,-2.2e-06,1
0.0,2.8000000000000003e-06,0.00010445,-2.2e-06,1
0.0,2.8000000000000003e-06,0.00010559999999999999,-2.2e-06,1
0.0,2.8000000000000003e-06,0.00010674999999999999,-2.2e-06,1
0.0,2.8000000000000003e-06,0.0001079,-2.2e-06,1
0.0,2.8000000000000003e-06,0.00010905,-2.2e-06,1
0.0,2.8000000000000003e-06,0.0001102,-2.2e-06,1
0.0,2.8000000000000003e-06,0.00011135,-2.2e-06,1
0.0,2.8000000000000003e-06,0.0001125,-2.2e-06,1
0.0,2.8000000000000003e-06,0.00011365,-2.2e-06,1
0.0,2.8000000000000003e-06,0.0001148,-2.2e-06,1
0.0,2.8000000000000003e-06,0.00011595,-2.2e-06,1
0.0,2.8000000000000003e-06,0.0001171,-2.2e-06,1
0.0,2.8000000000000003e-06,0.00011825,-1.7499999999999832e-06,1
0.0,2.8000000000000003e-06,0.0001194,-5.999999999999824e-07,1
0.0,2.8000000000000003e-06,0.00012055,5.500000000000185e-07,0
0.0,2.8000000000000003e-06,0.0001217,1.700000000000019e-06,0
0.0,2.8000000000000003e-06,0.00012285,2.85000000000002e-06,0
0.0,2.8000000000000003e-06,0.000124,4.000000000000021e-06,0
0.0,3.2e-06,5.5e-05,1.4e-05,0
0.0,3.2e-06,5.615e-05,1.2849999999999999e-05,0
0.0,3.2e-06,5.7300000000000004e-05,1.1699999999999998e-05,0
0.0,3.2e-06,5.8450000000000005e-05,1.0549999999999997e-05,0
0.0,3.2e-06,5.96e-05,9.400000000000003e-06,0
0.0,3.2e-06,6.075e-05,8.250000000000002e-06,0
0.0,3.2e-06,6.19e-05,7.100000000000002e-06,0
0.0,3.2e-06,6.305e-05,5.950000000000001e-06,0
0.0,3.2e-06,6.42e-05,4.8e-06,0
0.0,3.2e-06,6.535e-05,3.649999999999999e-06,0
0.0,3.2e-06,6.65e-05,2.499999999999998e-06,0
0.0,3.2e-06,6.765e-05,1.349999999999997e-06,0
0.0,3.2e-06,6.88e-05,1.999999999999964e-07,0
0.0,3.2e-06,6.995e-05,-9.500000000000045e-07,1
0.0,3.2e-06,7.11e-05,-1.8000000000000008e-06,1
0.0,3.2e-06,7.225e-05,-1.8000000000000008e-06,1
0.0,3.2e-06,7.34e-05,-1.8000000000000008e-06,1
0.0,3.2e-06,7.455e-05,-1.8000000000000008e-06,1
0.0,3.2e-06,7.57e-05,-1.8000000000000008e-06,1
0.0,3.2e-06,7.685e-05,-1.8000000000000008e-06,1
0.0,3.2e-06,7.8e-05,-1.8000000000000008e-06,1
0.0,3.2e-06,7.915e-05,-1.8000000000000008e-06,1
0.0,3.2e-06,8.03e-05,-1.8000000000000008e-06,1
0.0,3.2e-06,8.145e-05,-1.8000000000000008e-06,1
0.0,3.2e-06,8.26e-05,-1.8000000000000008e-06,1
0.0,3.2e-06,8.375e-05,-1.8000000000000008e-06,1
0.0,3.2e-06,8.49e-05,-1.8000000000000008e-06,1
0.0,3.2e-06,8.605e-05,-1.8000000000000008e-06,1
0.0,3.2e-06,8.72e-05,-1.8000000000000008e-06,1
0.0,3.2e-06,8.835e-05,-1.8000000000000008e-06,1
0.0,3.2e-06,8.950000000000001e-05,-1.8000000000000008e-06,1
0.0,3.2e-06,9.065000000000001e-05,-1.8000000000000008e-06,1
0.0,3.2e-06,9.180000000000001e-05,-1.8000000000000008e-06,1
0.0,3.2e-06,9.295000000000001e-05,-1.8000000000000008e-06,1
0.0,3.2e-06,9.410000000000001e-05,-1.8000000000000008e-06,1
0.0,3.2e-06,9.525000000000001e-05,-1.8000000000000008e-06,1
0.0,3.2e-06,9.640000000000001e-05,-1.8000000000000008e-06,1
0.0,3.2e-06,9.755e-05,-1.8000000000000008e-06,1
0.0,3.2e-06,9.87e-05,-1.8000000000000008e-06,1
0.0,3.2e-06,9.985e-05,-1.8000000000000008e-06,1
0.0,3.2e-06,0.000101,-1.8000000000000008e-06,1
0.0,3.2e-06,0.00010215,-1.8000000000000008e-06,1
0.0,3.2e-06,0.0001033,-1.8000000000000008e-06,1
0.0,3.2e-06,0.00010445,-1.8000000000000008e-06,1
0.0,3.2e-06,0.00010559999999999999,-1.8000000000000008e-06,1
0.0,3.2e-06,0.00010674999999999999,-1.8000000000000008e-06,1
0.0,3.2e-06,0.0001079,-1.8000000000000008e-06,1
0.0,3.2e-06,0.00010905,-1.8000000000000008e-06,1
0.0,3.2e-06,0.0001102,-1.8000000000000008e-06,1
0.0,3.2e-06,0.00011135,-1.8000000000000008e-06,1
0.0,3.2e-06,0.0001125,-1.8000000000000008e-06,1
0.0,3.2e-06,0.00011365,-1.8000000000000008e-06,1
0.0,3.2e-06,0.0001148,-1.8000000000000008e-06,1
0.0,3.2e-06,0.00011595,-1.8000000000000008e-06,1
0.0,3.2e-06,0.0001171,-1.8000000000000008e-06,1
0.0,3.2e-06,0.00011825,-1.7499999999999832e-06,1
0.0,3.2e-06,0.0001194,-5.999999999999824e-07,1
0.0,3.2e-06,0.00012055,5.500000000000185e-07,0
0.0,3.2e-06,0.0001217,1.700000000000019e-06,0
0.0,3.2e-06,0.00012285,2.85000000000002e-06,0
0.0,3.2e-06,0.000124,4.000000000000021e-06,0
0.0,3.5999999999999994e-06,5.5e-05,1.4e-05,0
0.0,3.5999999999999994e-06,5.615e-05,1.2849999999999999e-05,0
0.0,3.5999999999999994e-06,5.7300000000000004e-05,1.1699999999999998e-05,0
0.0,3.5999999999999994e-06,5.8450000000000005e-05,1.0549999999999997e-05,0
0.0,3.5999999999999994e-06,5.96e-05,9.400000000000003e-06,0
0.0,3.5999999999999994e-06,6.075e-05,8.250000000000002e-06,0
0.0,3.5999999999999994e-06,6.19e-05,7.100000000000002e-06,0
0.0,3.5999999999999994e-06,6.305e-05,5.950000000000001e-06,0
0.0,3.5999999999999994e-06,6.42e-05,4.8e-06,0
0.0,3.5999999999999994e-06,6.535e-05,3.649999999999999e-06,0
0.0,3.5999999999999994e-06,6.65e-05,2.499999999999998e-06,0
0.0,3.5999999999999994e-06,6.765e-05,1.349999999999997e-06,0
0.0,3.5999999999999994e-06,6.88e-05,1.999999999999964e-07,0
0.0,3.5999999999999994e-06,6.995e-05,-9.500000000000045e-07,1
0.0,3.5999999999999994e-06,7.11e-05,-1.4000000000000012e-06,1
0.0,3.5999999999999994e-06,7.225e-05,-1.4000000000000012e-06,1
0.0,3.5999999999999994e-06,7.34e-05,-1.4000000000000012e-06,1
0.0,3.5999999999999994e-06,7.455e-05,-1.4000000000000012e-06,1
0.0,3.5999999999999994e-06,7.57e-05,-1.4000000000000012e-06,1
0.0,3.5999999999999994e-06,7.685e-05,-1.4000000000000012e-06,1
0.0,3.5999999999999994e-06,7.8e-05,-1.4000000000000012e-06,1
0.0,3.5999999999999994e-06,7.915e-05,-1.4000000000000012e-06,1
0.0,3.5999999999999994e-06,8.03e-05,-1.4000000000000012e-06,1
0.0,3.5999999999999994e-06,8.145e-05,-1.4000000000000012e-06,1
0.0,3.5999999999999994e-06,8.26e-05,-1.4000000000000012e-06,1
0.0,3.5999999999999994e-06,8.375e-05,-1.4000000000000012e-06,1
0.0,3.5999999999999994e-06,8.49e-05,-1.4000000000000012e-06,1
0.0,3.5999999999999994e-06,8.605e-05,-1.4000000000000012e-06,1
0.0,3.5999999999999994e-06,8.72e-05,-1.4000000000000012e-06,1
0.0,3.5999999999999994e-06,8.835e-05,-1.4000000000000012e-06,1
0.0,3.5999999999999994e-06,8.950000000000001e-05,-1.4000000000000012e-06,1
0.0,3.5999999999999994e-06,9.065000000000001e-05,-1.4000000000000012e-06,1
0.0,3.5999999999999994e-06,9.180000000000001e-05,-1.4000000000000012e-06,1
0.0,3.5999999999999994e-06,9.295000000000001e-05,-1.4000000000000012e-06,1
0.0,3.5999999999999994e-06,9.410000000000001e-05,-1.4000000000000012e-06,1
0.0,3.5999999999999994e-06,9.525000000000001e-05,-1.4000000000000012e-06,1
0.0,3.5999999999999994e-06,9.640000000000001e-05,-1.4000000000000012e-06,1
0.0,3.5999999999999994e-06,9.755e-05,-1.4000000000000012e-06,1
0.0,3.5999999999999994e-06,9.87e-05,-1.4000000000000012e-06,1
0.0,3.5999999999999994e-06,9.985e-05,-1.4000000000000012e-06,1
0.0,3.5999999999999994e-06,0.000101,-1.4000000000000012e-06,1
0.0,3.5999999999999994e-06,0.00010215,-1.4000000000000012e-06,1
0.0,3.5999999999999994e-06,0.0001033,-1.4000000000000012e-06,1
0.0,3.5999999999999994e-06,0.00010445,-1.4000000000000012e-06,1
0.0,3.5999999999999994e-06,0.00010559999999999999,-1.4000000000000012e-06,1
0.0,3.5999999999999994e-06,0.00010674999999999999,-1.4000000000000012e-06,1
0.0,3.5999999999999994e-06,0.0001079,-1.4000000000000012e-06,1
0.0,3.5999999999999994e-06,0.00010905,-1.4000000000000012e-06,1
0.0,3.5999999999999994e-06,0.0001102,-1.4000000000000012e-06,1
0.0,3.5999999999999994e-06,0.00011135,-1.4000000000000012e-06,1
0.0,3.5999999999999994e-06,0.0001125,-1.4000000000000012e-06,1
0.0,3.5999999999999994e-06,0.00011365,-1.4000000000000012e-06,1
0.0,3.5999999999999994e-06,0.0001148,-1.4000000000000012e-06,1
0.0,3.5999999999999994e-06,0.00011595,-1.4000000000000012e-06,1
0.0,3.5999999999999994e-06,0.0001171,-1.4000000000000012e-06,1
0.0,3.5999999999999994e-06,0.00011825,-1.4000000000000012e-06,1
0.0,3.5999999999999994e-06,0.0001194,-5.999999999999824e-07,1
0.0,3.5999999999999994e-06,0.00012055,5.500000000000185e-07,0
0.0,3.5999999999999994e-06,0.0001217,1.700000000000019e-06,0
0.0,3.5999999999999994e-06,0.00012285,2.85000000000002e-06,0
0.0,3.5999999999999994e-06,0.000124,4.000000000000021e-06,0
0.0,3.999999999999999e-06,5.5e-05,1.4e-05,0
0.0,3.999999999999999e-06,5.615e-05,1.2849999999999999e-05,0
0.0,3.999999999999999e-06,5.7300000000000004e-05,1.1699999999999998e-05,0
0.0,3.999999999999999e-06,5.8450000000000005e-05,1.0549999999999997e-05,0
0.0,3.999999999999999e-06,5.96e-05,9.400000000000003e-06,0
0.0,3.999999999999999e-06,6.075e-05,8.250000000000002e-06,0
0.0,3.999999999999999e-06,6.19e-05,7.100000000000002e-06,0
0.0,3.999999999999999e-06,6.305e-05,5.950000000000001e-06,0
0.0,3.999999999999999e-06,6.42e-05,4.8e-06,0
0.0,3.999999999999999e-06,6.535e-05,3.649999999999999e-06,0
0.0,3.999999999999999e-06,6.65e-05,2.499999999999998e-06,0
0.0,3.999999999999999e-06,6.765e-05,1.349999999999997e-06,0
0.0,3.999999999999999e-06,6.88e-05,1.999999999999964e-07,0
0.0,3.999999999999999e-06,6.995e-05,-9.500000000000045e-07,1
0.0,3.999999999999999e-06,7.11e-05,-1.0000000000000016e-06,1
0.0,3.999999999999999e-06,7.225e-05,-1.0000000000000016e-06,1
0.0,3.999999999999999e-06,7.34e-05,-1.0000000000000016e-06,1
0.0,3.999999999999999e-06,7.455e-05,-1.0000000000000016e-06,1
0.0,3.999999999999999e-06,7.57e-05,-1.0000000000000016e-06,1
0.0,3.999999999999999e-06,7.685e-05,-1.0000000000000016e-06,1
0.0,3.999999999999999e-06,7.8e-05,-1.0000000000000016e-06,1
0.0,3.999999999999999e-06,7.915e-05,-1.0000000000000016e-06,1
0.0,3.999999999999999e-06,8.03e-05,-1.0000000000000016e-06,1
0.0,3.999999999999999e-06,8.145e-05,-1.0000000000000016e-06,1
0.0,3.999999999999999e-06,8.26e-05,-1.0000000000000016e-06,1
0.0,3.999999999999999e-06,8.375e-05,-1.0000000000000016e-06,1
0.0,3.999999999999999e-06,8.49e-05,-1.0000000000000016e-06,1
0.0,3.999999999999999e-06,8.605e-05,-1.0000000000000016e-06,1
0.0,3.999999999999999e-06,8.72e-05,-1.0000000000000016e-06,1
0.0,3.999999999999999e-06,8.835e-05,-1.0000000000000016e-06,1
0.0,3.999999999999999e-06,8.950000000000001e-05,-1.0000000000000016e-06,1
0.0,3.999999999999999e-06,9.065000000000001e-05,-1.0000000000000016e-06,1
0.0,3.999999999999999e-06,9.180000000000001e-05,-1.0000000000000016e-06,1
0.0,3.999999999999999e-06,9.295000000000001e-05,-1.0000000000000016e-06,1
0.0,3.999999999999999e-06,9.410000000000001e-05,-1.0000000000000016e-06,1
0.0,3.999999999999999e-06,9.525000000000001e-05,-1.0000000000000016e-06,1
0.0,3.999999999999999e-06,9.640000000000001e-05,-1.0000000000000016e-06,1
0.0,3.999999999999999e-06,9.755e-05,-1.0000000000000016e-06,1
0.0,3.999999999999999e-06,9.87e-05,-1.0000000000000016e-06,1
0.0,3.999999999999999e-06,9.985e-05,-1.0000000000000016e-06,1
0.0,3.999999999999999e-06,0.000101,-1.0000000000000016e-06,1
0.0,3.999999999999999e-06,0.00010215,-1.0000000000000016e-06,1
0.0,3.999999999999999e-06,0.0001033,-1.0000000000000016e-06,1
0.0,3.999999999999999e-06,0.00010445,-1.0000000000000016e-06,1
0.0,3.999999999999999e-06,0.00010559999999999999,-1.0000000000000016e-06,1
0.0,3.999999999999999e-06,0.00010674999999999999,-1.0000000000000016e-06,1
0.0,3.999999999999999e-06,0.0001079,-1.0000000000000016e-06,1
0.0,3.999999999999999e-06,0.00010905,-1.0000000000000016e-06,1
0.0,3.999999999999999e-06,0.0001102,-1.0000000000000016e-06,1
0.0,3.999999999999999e-06,0.00011135,-1.0000000000000016e-06,1
0.0,3.999999999999999e-06,0.0001125,-1.0000000000000016e-06,1
0.0,3.999999999999999e-06,0.00011365,-1.0000000000000016e-06,1
0.0,3.999999999999999e-06,0.0001148,-1.0000000000000016e-06,1
0.0,3.999999999999999e-06,0.00011595,-1.0000000000000016e-06,1
0.0,3.999999999999999e-06,0.0001171,-1.0000000000000016e-06,1
0.0,3.999999999999999e-06,0.00011825,-1.0000000000000016e-06,1
0.0,3.999999999999999e-06,0.0001194,-5.999999999999824e-07,1
0.0,3.999999999999999e-06,0.00012055,5.500000000000185e-07,0
0.0,3.999999999999999e-06,0.0001217,1.700000000000019e-06,0
0.0,3.999999999999999e-06,0.00012285,2.85000000000002e-06,0
0.0,3.999999999999999e-06,0.000124,4.000000000000021e-06,0
0.0,4.400000000000002e-06,5.5e-05,1.4e-05,0
0.0,4.400000000000002e-06,5.615e-05,1.2849999999999999e-05,0
0.0,4.400000000000002e-06,5.7300000000000004e-05,1.1699999999999998e-05,0
0.0,4.400000000000002e-06,5.8450000000000005e-05,1.0549999999999997e-05,0
0.0,4.400000000000002e-06,5.96e-05,9.400000000000003e-06,0
0.0,4.400000000000002e-06,6.075e-05,8.250000000000002e-06,0
0.0,4.400000000000002e-06,6.19e-05,7.100000000000002e-06,0
0.0,4.400000000000002e-06,6.305e-05,5.950000000000001e-06,0
0.0,4.400000000000002e-06,6.42e-05,4.8e-06,0
0.0,4.400000000000002e-06,6.535e-05,3.649999999999999e-06,0
0.0,4.400000000000002e-06,6.65e-05,2.499999999999998e-06,0
0.0,4.400000000000002e-06,6.765e-05,1.349999999999997e-06,0
0.0,4.400000000000002e-06,6.88e-05,1.999999999999964e-07,0
0.0,4.400000000000002e-06,6.995e-05,-5.999999999999987e-07,1
0.0,4.400000000000002e-06,7.11e-05,-5.999999999999987e-07,1
0.0,4.400000000000002e-06,7.225e-05,-5.999999999999987e-07,1
0.0,4.400000000000002e-06,7.34e-05,-5.999999999999987e-07,1
0.0,4.400000000000002e-06,7.455e-05,-5.999999999999987e-07,1
0.0,4.400000000000002e-06,7.57e-05,-5.999999999999987e-07,1
0.0,4.400000000000002e-06,7.685e-05,-5.999999999999987e-07,1
0.0,4.400000000000002e-06,7.8e-05,-5.999999999999987e-07,1
0.0,4.400000000000002e-06,7.915e-05,-5.999999999999987e-07,1
0.0,4.400000000000002e-06,8.03e-05,-5.999999999999987e-07,1
0.0,4.400000000000002e-06,8.145e-05,-5.999999999999987e-07,1
0.0,4.400000000000002e-06,8.26e-05,-5.999999999999987e-07,1
0.0,4.400000000000002e-06,8.375e-05,-5.999999999999987e-07,1
0.0,4.400000000000002e-06,8.49e-05,-5.999999999999987e-07,1
0.0,4.400000000000002e-06,8.605e-05,-5.999999999999987e-07,1
0.0,4.400000000000002e-06,8.72e-05,-5.999999999999987e-07,1
0.0,4.400000000000002e-06,8.835e-05,-5.999999999999987e-07,1
0.0,4.400000000000002e-06,8.950000000000001e-05,-5.999999999999987e-07,1
0.0,4.400000000000002e-06,9.065000000000001e-05,-5.999999999999987e-07,1
0.0,4.400000000000002e-06,9.180000000000001e-05,-5.999999999999987e-07,1
0.0,4.400000000000002e-06,9.295000000000001e-05,-5.999999999999987e-07,1
0.0,4.400000000000002e-06,9.410000000000001e-05,-5.999999999999987e-07,1
0.0,4.400000000000002e-06,9.525000000000001e-05,-5.999999999999987e-07,1
0.0,4.400000000000002e-06,9.640000000000001e-05,-5.999999999999987e-07,1
0.0,4.400000000000002e-06,9.755e-05,-5.999999999999987e-07,1
0.0,4.400000000000002e-06,9.87e-05,-5.999999999999987e-07,1
0.0,4.400000000000002e-06,9.985e-05,-5.999999999999987e-07,1
0.0,4.400000000000002e-06,0.000101,-5.999999999999987e-07,1
0.0,4.400000000000002e-06,0.00010215,-5.999999999999987e-07,1
0.0,4.400000000000002e-06,0.0001033,-5.999999999999987e-07,1
0.0,4.400000000000002e-06,0.00010445,-5.999999999999987e-07,1
0.0,4.400000000000002e-06,0.00010559999999999999,-5.999999999999987e-07,1
0.0,4.400000000000002e-06,0.00010674999999999999,-5.999999999999987e-07,1
0.0,4.400000000000002e-06,0.0001079,-5.999999999999987e-07,1
0.0,4.400000000000002e-06,0.00010905,-5.999999999999987e-07,1
0.0,4.400000000000002e-06,0.0001102,-5.999999999999987e-07,1
0.0,4.400000000000002e-06,0.00011135,-5.999999999999987e-07,1
0.0,4.400000000000002e-06,0.0001125,-5.999999999999987e-07,1
0.0,4.400000000000002e-06,0.00011365,-5.999999999999987e-07,1
0.0,4.400000000000002e-06,0.0001148,-5.999999999999987e-07,1
0.0,4.400000000000002e-06,0.00011595,-5.999999999999987e-07,1
0.0,4.400000000000002e-06,0.0001171,-5.999999999999987e-07,1
0.0,4.400000000000002e-06,0.00011825,-5.999999999999987e-07,1
0.0,4.400000000000002e-06,0.0001194,-5.999999999999824e-07,1
0.0,4.400000000000002e-06,0.00012055,5.500000000000185e-07,0
0.0,4.400000000000002e-06,0.0001217,1.700000000000019e-06,0
0.0,4.400000000000002e-06,0.00012285,2.85000000000002e-06,0
0.0,4.400000000000002e-06,0.000124,4.000000000000021e-06,0
0.0,4.799999999999998e-06,5.5e-05,1.4e-05,0
0.0,4.799999999999998e-06,5.615e-05,1.2849999999999999e-05,0
0.0,4.799999999999998e-06,5.7300000000000004e-05,1.1699999999999998e-05,0
0.0,4.799999999999998e-06,5.8450000000000005e-05,1.0549999999999997e-05,0
0.0,4.799999999999998e-06,5.96e-05,9.400000000000003e-06,0
0.0,4.799999999999998e-06,6.075e-05,8.250000000000002e-06,0
0.0,4.799999999999998e-06,6.19e-05,7.100000000000002e-06,0
0.0,4.799999999999998e-06,6.305e-05,5.950000000000001e-06,0
0.0,4.799999999999998e-06,6.42e-05,4.8e-06,0
0.0,4.799999999999998e-06,6.535e-05,3.649999999999999e-06,0
0.0,4.799999999999998e-06,6.65e-05,2.499999999999998e-06,0
0.0,4.799999999999998e-06,6.765e-05,1.349999999999997e-06,0
0.0,4.799999999999998e-06,6.88e-05,1.999999999999964e-07,0
0.0,4.799999999999998e-06,6.995e-05,-2.0000000000000253e-07,1
0.0,4.799999999999998e-06,7.11e-05,-2.0000000000000253e-07,1
0.0,4.799999999999998e-06,7.225e-05,-2.0000000000000253e-07,1
0.0,4.799999999999998e-06,7.34e-05,-2.0000000000000253e-07,1
0.0,4.799999999999998e-06,7.455e-05,-2.0000000000000253e-07,1
0.0,4.799999999999998e-06,7.57e-05,-2.0000000000000253e-07,1
0.0,4.799999999999998e-06,7.685e-05,-2.0000000000000253e-07,1
0.0,4.799999999999998e-06,7.8e-05,-2.0000000000000253e-07,1
0.0,4.799999999999998e-06,7.915e-05,-2.0000000000000253e-07,1
0.0,4.799999999999998e-06,8.03e-05,-2.0000000000000253e-07,1
0.0,4.799999999999998e-06,8.145e-05,-2.0000000000000253e-07,1
0.0,4.799999999999998e-06,8.26e-05,-2.0000000000000253e-07,1
0.0,4.799999999999998e-06,8.375e-05,-2.0000000000000253e-07,1
0.0,4.799999999999998e-06,8.49e-05,-2.0000000000000253e-07,1
0.0,4.799999999999998e-06,8.605e-05,-2.0000000000000253e-07,1
0.0,4.799999999999998e-06,8.72e-05,-2.0000000000000253e-07,1
0.0,4.799999999999998e-06,8.835e-05,-2.0000000000000253e-07,1
0.0,4.799999999999998e-06,8.950000000000001e-05,-2.0000000000000253e-07,1
0.0,4.799999999999998e-06,9.065000000000001e-05,-2.0000000000000253e-07,1
0.0,4.799999999999998e-06,9.180000000000001e-05,-2.0000000000000253e-07,1
0.0,4.799999999999998e-06,9.295000000000001e-05,-2.0000000000000253e-07,1
0.0,4.799999999999998e-06,9.410000000000001e-05,-2.0000000000000253e-07,1
0.0,4.799999999999998e-06,9.525000000000001e-05,-2.0000000000000253e-07,1
0.0,4.799999999999998e-06,9.640000000000001e-05,-2.0000000000000253e-07,1
0.0,4.799999999999998e-06,9.755e-05,-2.0000000000000253e-07,1
0.0,4.799999999999998e-06,9.87e-05,-2.0000000000000253e-07,1
0.0,4.799999999999998e-06,9.985e-05,-2.0000000000000253e-07,1
0.0,4.799999999999998e-06,0.000101,-2.0000000000000253e-07,1
0.0,4.799999999999998e-06,0.00010215,-2.0000000000000253e-07,1
0.0,4.799999999999998e-06,0.0001033,-2.0000000000000253e-07,1
0.0,4.799999999999998e-06,0.00010445,-2.0000000000000253e-07,1
0.0,4.799999999999998e-06,0.00010559999999999999,-2.0000000000000253e-07,1
0.0,4.799999999999998e-06,0.00010674999999999999,-2.0000000000000253e-07,1
0.0,4.799999999999998e-06,0.0001079,-2.0000000000000253e-07,1
0.0,4.799999999999998e-06,0.00010905,-2.0000000000000253e-07,1
0.0,4.799999999999998e-06,0.0001102,-2.0000000000000253e-07,1
0.0,4.799999999999998e-06,0.00011135,-2.0000000000000253e-07,1
0.0,4.799999999999998e-06,0.0001125,-2.0000000000000253e-07,1
0.0,4.799999999999998e-06,0.00011365,-2.0000000000000253e-07,1
0.0,4.799999999999998e-06,0.0001148,-2.0000000000000253e-07,1
0.0,4.799999999999998e-06,0.00011595,-2.0000000000000253e-07,1
0.0,4.799999999999998e-06,0.0001171,-2.0000000000000253e-07,1
0.0,4.799999999999998e-06,0.00011825,-2.0000000000000253e-07,1
0.0,4.799999999999998e-06,0.0001194,-2.0000000000000253e-07,1
0.0,4.799999999999998e-06,0.00012055,5.500000000000185e-07,0
0.0,4.799999999999998e-06,0.0001217,1.700000000000019e-06,0
0.0,4.799999999999998e-06,0.00012285,2.85000000000002e-06,0
0.0,4.799999999999998e-06,0.000124,4.000000000000021e-06,0
0.0,5.199999999999998e-06,5.5e-05,1.4e-05,0
0.0,5.199999999999998e-06,5.615e-05,1.2849999999999999e-05,0
0.0,5.199999999999998e-06,5.7300000000000004e-05,1.1699999999999998e-05,0
0.0,5.199999999999998e-06,5.8450000000000005e-05,1.0549999999999997e-05,0
0.0,5.199999999999998e-06,5.96e-05,9.400000000000003e-06,0
0.0,5.199999999999998e-06,6.075e-05,8.250000000000002e-06,0
0.0,5.199999999999998e-06,6.19e-05,7.100000000000002e-06,0
0.0,5.199999999999998e-06,6.305e-05,5.950000000000001e-06,0
0.0,5.199999999999998e-06,6.42e-05,4.8e-06,0
0.0,5.199999999999998e-06,6.535e-05,3.649999999999999e-06,0
0.0,5.199999999999998e-06,6.65e-05,2.499999999999998e-06,0
0.0,5.199999999999998e-06,6.765e-05,1.349999999999997e-06,0
0.0,5.199999999999998e-06,6.88e-05,1.9999999999999703e-07,0
0.0,5.199999999999998e-06,6.995e-05,1.9999999999999703e-07,0
0.0,5.199999999999998e-06,7.11e-05,1.9999999999999703e-07,0
0.0,5.199999999999998e-06,7.225e-05,1.9999999999999703e-07,0
0.0,5.199999999999998e-06,7.34e-05,1.9999999999999703e-07,0
0.0,5.199999999999998e-06,7.455e-05,1.9999999999999703e-07,0
0.0,5.199999999999998e-06,7.57e-05,1.9999999999999703e-07,0
0.0,5.199999999999998e-06,7.685e-05,1.9999999999999703e-07,0
0.0,5.199999999999998e-06,7.8e-05,1.9999999999999703e-07,0
0.0,5.199999999999998e-06,7.915e-05,1.9999999999999703e-07,0
0.0,5.199999999999998e-06,8.03e-05,1.9999999999999703e-07,0
0.0,5.199999999999998e-06,8.145e-05,1.9999999999999703e-07,0
0.0,5.199999999999998e-06,8.26e-05,1.9999999999999703e-07,0
0.0,5.199999999999998e-06,8.375e-05,1.9999999999999703e-07,0
0.0,5.199999999999998e-06,8.49e-05,1.9999999999999703e-07,0
0.0,5.199999999999998e-06,8.605e-05,1.9999999999999703e-07,0
0.0,5.199999999999998e-06,8.72e-05,1.9999999999999703e-07,0
0.0,5.199999999999998e-06,8.835e-05,1.9999999999999703e-07,0
0.0,5.199999999999998e-06,8.950000000000001e-05,1.9999999999999703e-07,0
0.0,5.199999999999998e-06,9.065000000000001e-05,1.9999999999999703e-07,0
0.0,5.199999999999998e-06,9.180000000000001e-05,1.9999999999999703e-07,0
0.0,5.199999999999998e-06,9.295000000000001e-05,1.9999999999999703e-07,0
0.0,5.199999999999998e-06,9.410000000000001e-05,1.9999999999999703e-07,0
0.0,5.199999999999998e-06,9.525000000000001e-05,1.9999999999999703e-07,0
0.0,5.199999999999998e-06,9.640000000000001e-05,1.9999999999999703e-07,0
0.0,5.199999999999998e-06,9.755e-05,1.9999999999999703e-07,0
0.0,5.199999999999998e-06,9.87e-05,1.9999999999999703e-07,0
0.0,5.199999999999998e-06,9.985e-05,1.9999999999999703e-07,0
0.0,5.199999999999998e-06,0.000101,1.9999999999999703e-07,0
0.0,5.199999999999998e-06,0.00010215,1.9999999999999703e-07,0
0.0,5.199999999999998e-06,0.0001033,1.9999999999999703e-07,0
0.0,5.199999999999998e-06,0.00010445,1.9999999999999703e-07,0
0.0,5.199999999999998e-06,0.00010559999999999999,1.9999999999999703e-07,0
0.0,5.199999999999998e-06,0.00010674999999999999,1.9999999999999703e-07,0
0.0,5.199999999999998e-06,0.0001079,1.9999999999999703e-07,0
0.0,5.199999999999998e-06,0.00010905,1.9999999999999703e-07,0
0.0,5.199999999999998e-06,0.0001102,1.9999999999999703e-07,0
0.0,5.199999999999998e-06,0.00011135,1.9999999999999703e-07,0
0.0,5.199999999999998e-06,0.0001125,1.9999999999999703e-07,0
0.0,5.199999999999998e-06,0.00011365,1.9999999999999703e-07,0
0.0,5.199999999999998e-06,0.0001148,1.9999999999999703e-07,0
0.0,5.199999999999998e-06,0.00011595,1.9999999999999703e-07,0
0.0,5.199999999999998e-06,0.0001171,1.9999999999999703e-07,0
0.0,5.199999999999998e-06,0.00011825,1.9999999999999703e-07,0
0.0,5.199999999999998e-06,0.0001194,1.9999999999999703e-07,0
0.0,5.199999999999998e-06,0.00012055,5.500000000000185e-07,0
0.0,5.199999999999998e-06,0.0001217,1.700000000000019e-06,0
0.0,5.199999999999998e-06,0.00012285,2.85000000000002e-06,0
0.0,5.199999999999998e-06,0.000124,4.000000000000021e-06,0
0.0,5.600000000000001e-06,5.5e-05,1.4e-05,0
0.0,5.600000000000001e-06,5.615e-05,1.2849999999999999e-05,0
0.0,5.600000000000001e-06,5.7300000000000004e-05,1.1699999999999998e-05,0
0.0,5.600000000000001e-06,5.8450000000000005e-05,1.0549999999999997e-05,0
0.0,5.600000000000001e-06,5.96e-05,9.400000000000003e-06,0
0.0,5.600000000000001e-06,6.075e-05,8.250000000000002e-06,0
0.0,5.600000000000001e-06,6.19e-05,7.100000000000002e-06,0
0.0,5.600000000000001e-06,6.305e-05,5.950000000000001e-06,0
0.0,5.600000000000001e-06,6.42e-05,4.8e-06,0
0.0,5.600000000000001e-06,6.535e-05,3.649999999999999e-06,0
0.0,5.600000000000001e-06,6.65e-05,2.499999999999998e-06,0
0.0,5.600000000000001e-06,6.765e-05,1.349999999999997e-06,0
0.0,5.600000000000001e-06,6.88e-05,6e-07,0
0.0,5.600000000000001e-06,6.995e-05,6e-07,0
0.0,5.600000000000001e-06,7.11e-05,6e-07,0
0.0,5.600000000000001e-06,7.225e-05,6e-07,0
0.0,5.600000000000001e-06,7.34e-05,6e-07,0
0.0,5.600000000000001e-06,7.455e-05,6e-07,0
0.0,5.600000000000001e-06,7.57e-05,6e-07,0
0.0,5.600000000000001e-06,7.685e-05,6e-07,0
0.0,5.600000000000001e-06,7.8e-05,6e-07,0
0.0,5.600000000000001e-06,7.915e-05,6e-07,0
0.0,5.600000000000001e-06,8.03e-05,6e-07,0
0.0,5.600000000000001e-06,8.145e-05,6e-07,0
0.0,5.600000000000001e-06,8.26e-05,6e-07,0
0.0,5.600000000000001e-06,8.375e-05,6e-07,0
0.0,5.600000000000001e-06,8.49e-05,6e-07,0
0.0,5.600000000000001e-06,8.605e-05,6e-07,0
0.0,5.600000000000001e-06,8.72e-05,6e-07,0
0.0,5.600000000000001e-06,8.835e-05,6e-07,0
0.0,5.600000000000001e-06,8.950000000000001e-05,6e-07,0
0.0,5.600000000000001e-06,9.065000000000001e-05,6e-07,0
0.0,5.600000000000001e-06,9.180000000000001e-05,6e-07,0
0.0,5.600000000000001e-06,9.295000000000001e-05,6e-07,0
0.0,5.600000000000001e-06,9.410000000000001e-05,6e-07,0
0.0,5.600000000000001e-06,9.525000000000001e-05,6e-07,0
0.0,5.600000000000001e-06,9.640000000000001e-05,6e-07,0
0.0,5.600000000000001e-06,9.755e-05,6e-07,0
0.0,5.600000000000001e-06,9.87e-05,6e-07,0
0.0,5.600000000000001e-06,9.985e-05,6e-07,0
0.0,5.600000000000001e-06,0.000101,6e-07,0
0.0,5.600000000000001e-06,0.00010215,6e-07,0
0.0,5.600000000000001e-06,0.0001033,6e-07,0
0.0,5.600000000000001e-06,0.00010445,6e-07,0
0.0,5.600000000000001e-06,0.00010559999999999999,6e-07,0
0.0,5.600000000000001e-06,0.00010674999999999999,6e-07,0
0.0,5.600000000000001e-06,0.0001079,6e-07,0
0.0,5.600000000000001e-06,0.00010905,6e-07,0
0.0,5.600000000000001e-06,0.0001102,6e-07,0
0.0,5.600000000000001e-06,0.00011135,6e-07,0
0.0,5.600000000000001e-06,0.0001125,6e-07,0
0.0,5.600000000000001e-06,0.00011365,6e-07,0
0.0,5.600000000000001e-06,0.0001148,6e-07,0
0.0,5.600000000000001e-06,0.00011595,6e-07,0
0.0,5.600000000000001e-06,0.0001171,6e-07,0
0.0,5.600000000000001e-06,0.00011825,6e-07,0
0.0,5.600000000000001e-06,0.0001194,6e-07,0
0.0,5.600000000000001e-06,0.00012055,6e-07,0
0.0,5.600000000000001e-06,0.0001217,1.700000000000019e-06,0
0.0,5.600000000000001e-06,0.00012285,2.85000000000002e-06,0
0.0,5.600000000000001e-06,0.000124,4.000000000000021e-06,0
0.0,6e-06,5.5e-05,1.4e-05,0
0.0,6e-06,5.615e-05,1.2849999999999999e-05,0
0.0,6e-06,5.7300000000000004e-05,1.1699999999999998e-05,0
0.0,6e-06,5.8450000000000005e-05,1.0549999999999997e-05,0
0.0,6e-06,5.96e-05,9.400000000000003e-06,0
0.0,6e-06,6.075e-05,8.250000000000002e-06,0
0.0,6e-06,6.19e-05,7.100000000000002e-06,0
0.0,6e-06,6.305e-05,5.950000000000001e-06,0
0.0,6e-06,6.42e-05,4.8e-06,0
0.0,6e-06,6.535e-05,3.649999999999999e-06,0
0.0,6e-06,6.65e-05,2.499999999999998e-06,0
0.0,6e-06,6.765e-05,1.349999999999997e-06,0
0.0,6e-06,6.88e-05,9.999999999999995e-07,0
0.0,6e-06,6.995e-05,9.999999999999995e-07,0
0.0,6e-06,7.11e-05,9.999999999999995e-07,0
0.0,6e-06,7.225e-05,9.999999999999995e-07,0
0.0,6e-06,7.34e-05,9.999999999999995e-07,0
0.0,6e-06,7.455e-05,9.999999999999995e-07,0
0.0,6e-06,7.57e-05,9.999999999999995e-07,0
0.0,6e-06,7.685e-05,9.999999999999995e-07,0
0.0,6e-06,7.8e-05,9.999999999999995e-07,0
0.0,6e-06,7.915e-05,9.999999999999995e-07,0
0.0,6e-06,8.03e-05,9.999999999999995e-07,0
0.0,6e-06,8.145e-05,9.999999999999995e-07,0
0.0,6e-06,8.26e-05,9.999999999999995e-07,0
0.0,6e-06,8.375e-05,9.999999999999995e-07,0
0.0,6e-06,8.49e-05,9.999999999999995e-07,0
0.0,6e-06,8.605e-05,9.999999999999995e-07,0
0.0,6e-06,8.72e-05,9.999999999999995e-07,0
0.0,6e-06,8.835e-05,9.999999999999995e-07,0
0.0,6e-06,8.950000000000001e-05,9.999999999999995e-07,0
0.0,6e-06,9.065000000000001e-05,9.999999999999995e-07,0
0.0,6e-06,9.180000000000001e-05,9.999999999999995e-07,0
0.0,6e-06,9.295000000000001e-05,9.999999999999995e-07,0
0.0,6e-06,9.410000000000001e-05,9.999999999999995e-07,0
0.0,6e-06,9.525000000000001e-05,9.999999999999995e-07,0
0.0,6e-06,9.640000000000001e-05,9.999999999999995e-07,0
0.0,6e-06,9.755e-05,9.999999999999995e-07,0
0.0,6e-06,9.87e-05,9.999999999999995e-07,0
0.0,6e-06,9.985e-05,9.999999999999995e-07,0
0.0,6e-06,0.000101,9.999999999999995e-07,0
0.0,6e-06,0.00010215,9.999999999999995e-07,0
0.0,6e-06,0.0001033,9.999999999999995e-07,0
0.0,6e-06,0.00010445,9.999999999999995e-07,0
0.0,6e-06,0.00010559999999999999,9.999999999999995e-07,0
0.0,6e-06,0.00010674999999999999,9.999999999999995e-07,0
0.0,6e-06,0.0001079,9.999999999999995e-07,0
0.0,6e-06,0.00010905,9.999999999999995e-07,0
0.0,6e-06,0.0001102,9.999999999999995e-07,0
0.0,6e-06,0.00011135,9.999999999999995e-07,0
0.0,6e-06,0.0001125,9.999999999999995e-07,0
0.0,6e-06,0.00011365,9.999999999999995e-07,0
0.0,6e-06,0.0001148,9.999999999999995e-07,0
0.0,6e-06,0.00011595,9.999999999999995e-07,0
0.0,6e-06,0.0001171,9.999999999999995e-07,0
0.0,6e-06,0.00011825,9.999999999999995e-07,0
0.0,6e-06,0.0001194,9.999999999999995e-07,0
0.0,6e-06,0.00012055,9.999999999999995e-07,0
0.0,6e-06,0.0001217,1.700000000000019e-06,0
0.0,6e-06,0.00012285,2.85000000000002e-06,0
0.0,6e-06,0.000124,4.000000000000021e-06,0
0.0,6.4e-06,5.5e-05,1.4e-05,0
0.0,6.4e-06,5.615e-05,1.2849999999999999e-05,0
0.0,6.4e-06,5.7300000000000004e-05,1.1699999999999998e-05,0
0.0,6.4e-06,5.8450000000000005e-05,1.0549999999999997e-05,0
0.0,6.4e-06,5.96e-05,9.400000000000003e-06,0
0.0,6.4e-06,6.075e-05,8.250000000000002e-06,0
0.0,6.4e-06,6.19e-05,7.100000000000002e-06,0
0.0,6.4e-06,6.305e-05,5.950000000000001e-06,0
0.0,6.4e-06,6.42e-05,4.8e-06,0
0.0,6.4e-06,6.535e-05,3.649999999999999e-06,0
0.0,6.4e-06,6.65e-05,2.499999999999998e-06,0
0.0,6.4e-06,6.765e-05,1.399999999999999e-06,0
0.0,6.4e-06,6.88e-05,1.399999999999999e-06,0
0.0,6.4e-06,6.995e-05,1.399999999999999e-06,0
0.0,6.4e-06,7.11e-05,1.399999999999999e-06,0
0.0,6.4e-06,7.225e-05,1.399999999999999e-06,0
0.0,6.4e-06,7.34e-05,1.399999999999999e-06,0
0.0,6.4e-06,7.455e-05,1.399999999999999e-06,0
0.0,6.4e-06,7.57e-05,1.399999999999999e-06,0
0.0,6.4e-06,7.685e-05,1.399999999999999e-06,0
0.0,6.4e-06,7.8e-05,1.399999999999999e-06,0
0.0,6.4e-06,7.915e-05,1.399999999999999e-06,0
0.0,6.4e-06,8.03e-05,1.399999999999999e-06,0
0.0,6.4e-06,8.145e-05,1.399999999999999e-06,0
0.0,6.4e-06,8.26e-05,1.399999999999999e-06,0
0.0,6.4e-06,8.375e-05,1.399999999999999e-06,0
0.0,6.4e-06,8.49e-05,1.399999999999999e-06,0
0.0,6.4e-06,8.605e-05,1.399999999999999e-06,0
0.0,6.4e-06,8.72e-05,1.399999999999999e-06,0
0.0,6.4e-06,8.835e-05,1.399999999999999e-06,0
0.0,6.4e-06,8.950000000000001e-05,1.399999999999999e-06,0
0.0,6.4e-06,9.065000000000001e-05,1.399999999999999e-06,0
0.0,6.4e-06,9.180000000000001e-05,1.399999999999999e-06,0
0.0,6.4e-06,9.295000000000001e-05,1.399999999999999e-06,0
0.0,6.4e-06,9.410000000000001e-05,1.399999999999999e-06,0
0.0,6.4e-06,9.525000000000001e-05,1.399999999999999e-06,0
0.0,6.4e-06,9.640000000000001e-05,1.399999999999999e-06,0
0.0,6.4e-06,9.755e-05,1.399999999999999e-06,0
0.0,6.4e-06,9.87e-05,1.399999999999999e-06,0
0.0,6.4e-06,9.985e-05,1.399999999999999e-06,0
0.0,6.4e-06,0.000101,1.399999999999999e-06,0
0.0,6.4e-06,0.00010215,1.399999999999999e-06,0
0.0,6.4e-06,0.0001033,1.399999999999999e-06,0
0.0,6.4e-06,0.00010445,1.399999999999999e-06,0
0.0,6.4e-06,0.00010559999999999999,1.399999999999999e-06,0
0.0,6.4e-06,0.00010674999999999999,1.399999999999999e-06,0
0.0,6.4e-06,0.0001079,1.399999999999999e-06,0
0.0,6.4e-06,0.00010905,1.399999999999999e-06,0
0.0,6.4e-06,0.0001102,1.399999999999999e-06,0
0.0,6.4e-06,0.00011135,1.399999999999999e-06,0
0.0,6.4e-06,0.0001125,1.399999999999999e-06,0
0.0,6.4e-06,0.00011365,1.399999999999999e-06,0
0.0,6.4e-06,0.0001148,1.399999999999999e-06,0
0.0,6.4e-06,0.00011595,1.399999999999999e-06,0
0.0,6.4e-06,0.0001171,1.399999999999999e-06,0
0.0,6.4e-06,0.00011825,1.399999999999999e-06,0
0.0,6.4e-06,0.0001194,1.399999999999999e-06,0
0.0,6.4e-06,0.00012055,1.399999999999999e-06,0
0.0,6.4e-06,0.0001217,1.700000000000019e-06,0
0.0,6.4e-06,0.00012285,2.85000000000002e-06,0
0.0,6.4e-06,0.000124,4.000000000000021e-06,0
0.0,6.800000000000003e-06,5.5e-05,1.4e-05,0
0.0,6.800000000000003e-06,5.615e-05,1.2849999999999999e-05,0
0.0,6.800000000000003e-06,5.7300000000000004e-05,1.1699999999999998e-05,0
0.0,6.800000000000003e-06,5.8450000000000005e-05,1.0549999999999997e-05,0
0.0,6.800000000000003e-06,5.96e-05,9.400000000000003e-06,0
0.0,6.800000000000003e-06,6.075e-05,8.250000000000002e-06,0
0.0,6.800000000000003e-06,6.19e-05,7.100000000000002e-06,0
0.0,6.800000000000003e-06,6.305e-05,5.950000000000001e-06,0
0.0,6.800000000000003e-06,6.42e-05,4.8e-06,0
0.0,6.800000000000003e-06,6.535e-05,3.649999999999999e-06,0
0.0,6.800000000000003e-06,6.65e-05,2.499999999999998e-06,0
0.0,6.800000000000003e-06,6.765e-05,1.800000000000002e-06,0
0.0,6.800000000000003e-06,6.88e-05,1.800000000000002e-06,0
0.0,6.800000000000003e-06,6.995e-05,1.800000000000002e-06,0
0.0,6.800000000000003e-06,7.11e-05,1.800000000000002e-06,0
0.0,6.800000000000003e-06,7.225e-05,1.800000000000002e-06,0
0.0,6.800000000000003e-06,7.34e-05,1.800000000000002e-06,0
0.0,6.800000000000003e-06,7.455e-05,1.800000000000002e-06,0
0.0,6.800000000000003e-06,7.57e-05,1.800000000000002e-06,0
0.0,6.800000000000003e-06,7.685e-05,1.800000000000002e-06,0
0.0,6.800000000000003e-06,7.8e-05,1.800000000000002e-06,0
0.0,6.800000000000003e-06,7.915e-05,1.800000000000002e-06,0
0.0,6.800000000000003e-06,8.03e-05,1.800000000000002e-06,0
0.0,6.800000000000003e-06,8.145e-05,1.800000000000002e-06,0
0.0,6.800000000000003e-06,8.26e-05,1.800000000000002e-06,0
0.0,6.800000000000003e-06,8.375e-05,1.800000000000002e-06,0
0.0,6.800000000000003e-06,8.49e-05,1.800000000000002e-06,0
0.0,6.800000000000003e-06,8.605e-05,1.800000000000002e-06,0
0.0,6.800000000000003e-06,8.72e-05,1.800000000000002e-06,0
0.0,6.800000000000003e-06,8.835e-05,1.800000000000002e-06,0
0.0,6.800000000000003e-06,8.950000000000001e-05,1.800000000000002e-06,0
0.0,6.800000000000003e-06,9.065000000000001e-05,1.800000000000002e-06,0
0.0,6.800000000000003e-06,9.180000000000001e-05,1.800000000000002e-06,0
0.0,6.800000000000003e-06,9.295000000000001e-05,1.800000000000002e-06,0
0.0,6.800000000000003e-06,9.410000000000001e-05,1.800000000000002e-06,0
0.0,6.800000000000003e-06,9.525000000000001e-05,1.800000000000002e-06,0
0.0,6.800000000000003e-06,9.640000000000001e-05,1.800000000000002e-06,0
0.0,6.800000000000003e-06,9.755e-05,1.800000000000002e-06,0
0.0,6.800000000000003e-06,9.87e-05,1.800000000000002e-06,0
0.0,6.800000000000003e-06,9.985e-05,1.800000000000002e-06,0
0.0,6.800000000000003e-06,0.000101,1.800000000000002e-06,0
0.0,6.800000000000003e-06,0.00010215,1.800000000000002e-06,0
0.0,6.800000000000003e-06,0.0001033,1.800000000000002e-06,0
0.0,6.800000000000003e-06,0.00010445,1.800000000000002e-06,0
0.0,6.800000000000003e-06,0.00010559999999999999,1.800000000000002e-06,0
0.0,6.800000000000003e-06,0.00010674999999999999,1.800000000000002e-06,0
0.0,6.800000000000003e-06,0.0001079,1.800000000000002e-06,0
0.0,6.800000000000003e-06,0.00010905,1.800000000000002e-06,0
0.0,6.800000000000003e-06,0.0001102,1.800000000000002e-06,0
0.0,6.800000000000003e-06,0.00011135,1.800000000000002e-06,0
0.0,6.800000000000003e-06,0.0001125,1.800000000000002e-06,0
0.0,6.800000000000003e-06,0.00011365,1.800000000000002e-06,0
0.0,6.800000000000003e-06,0.0001148,1.800000000000002e-06,0
0.0,6.800000000000003e-06,0.00011595,1.800000000000002e-06,0
0.0,6.800000000000003e-06,0.0001171,1.800000000000002e-06,0
0.0,6.800000000000003e-06,0.00011825,1.800000000000002e-06,0
0.0,6.800000000000003e-06,0.0001194,1.800000000000002e-06,0
0.0,6.800000000000003e-06,0.00012055,1.800000000000002e-06,0
0.0,6.800000000000003e-06,0.0001217,1.800000000000002e-06,0
0.0,6.800000000000003e-06,0.00012285,2.85000000000002e-06,0
0.0,6.800000000000003e-06,0.000124,4.000000000000021e-06,0
0.0,7.199999999999999e-06,5.5e-05,1.4e-05,0
0.0,7.199999999999999e-06,5.615e-05,1.2849999999999999e-05,0
0.0,7.199999999999999e-06,5.7300000000000004e-05,1.1699999999999998e-05,0
0.0,7.199999999999999e-06,5.8450000000000005e-05,1.0549999999999997e-05,0
0.0,7.199999999999999e-06,5.96e-05,9.400000000000003e-06,0
0.0,7.199999999999999e-06,6.075e-05,8.250000000000002e-06,0
0.0,7.199999999999999e-06,6.19e-05,7.100000000000002e-06,0
0.0,7.199999999999999e-06,6.305e-05,5.950000000000001e-06,0
0.0,7.199999999999999e-06,6.42e-05,4.8e-06,0
0.0,7.199999999999999e-06,6.535e-05,3.649999999999999e-06,0
0.0,7.199999999999999e-06,6.65e-05,2.499999999999998e-06,0
0.0,7.199999999999999e-06,6.765e-05,2.1999999999999984e-06,0
0.0,7.199999999999999e-06,6.88e-05,2.1999999999999984e-06,0
0.0,7.199999999999999e-06,6.995e-05,2.1999999999999984e-06,0
0.0,7.199999999999999e-06,7.11e-05,2.1999999999999984e-06,0
0.0,7.199999999999999e-06,7.225e-05,2.1999999999999984e-06,0
0.0,7.199999999999999e-06,7.34e-05,2.1999999999999984e-06,0
0.0,7.199999999999999e-06,7.455e-05,2.1999999999999984e-06,0
0.0,7.199999999999999e-06,7.57e-05,2.1999999999999984e-06,0
0.0,7.199999999999999e-06,7.685e-05,2.1999999999999984e-06,0
0.0,7.199999999999999e-06,7.8e-05,2.1999999999999984e-06,0
0.0,7.199999999999999e-06,7.915e-05,2.1999999999999984e-06,0
0.0,7.199999999999999e-06,8.03e-05,2.1999999999999984e-06,0
0.0,7.199999999999999e-06,8.145e-05,2.1999999999999984e-06,0
0.0,7.199999999999999e-06,8.26e-05,2.1999999999999984e-06,0
0.0,7.199999999999999e-06,8.375e-05,2.1999999999999984e-06,0
0.0,7.199999999999999e-06,8.49e-05,2.1999999999999984e-06,0
0.0,7.199999999999999e-06,8.605e-05,2.1999999999999984e-06,0
0.0,7.199999999999999e-06,8.72e-05,2.1999999999999984e-06,0
0.0,7.199999999999999e-06,8.835e-05,2.1999999999999984e-06,0
0.0,7.199999999999999e-06,8.950000000000001e-05,2.1999999999999984e-06,0
0.0,7.199999999999999e-06,9.065000000000001e-05,2.1999999999999984e-06,0
0.0,7.199999999999999e-06,9.180000000000001e-05,2.1999999999999984e-06,0
0.0,7.199999999999999e-06,9.295000000000001e-05,2.1999999999999984e-06,0
0.0,7.199999999999999e-06,9.410000000000001e-05,2.1999999999999984e-06,0
0.0,7.199999999999999e-06,9.525000000000001e-05,2.1999999999999984e-06,0
0.0,7.199999999999999e-06,9.640000000000001e-05,2.1999999999999984e-06,0
0.0,7.199999999999999e-06,9.755e-05,2.1999999999999984e-06,0
0.0,7.199999999999999e-06,9.87e-05,2.1999999999999984e-06,0
0.0,7.199999999999999e-06,9.985e-05,2.1999999999999984e-06,0
0.0,7.199999999999999e-06,0.000101,2.1999999999999984e-06,0
0.0,7.199999999999999e-06,0.00010215,2.1999999999999984e-06,0
0.0,7.199999999999999e-06,0.0001033,2.1999999999999984e-06,0
0.0,7.199999999999999e-06,0.00010445,2.1999999999999984e-06,0
0.0,7.199999999999999e-06,0.00010559999999999999,2.1999999999999984e-06,0
0.0,7.199999999999999e-06,0.00010674999999999999,2.1999999999999984e-06,0
0.0,7.199999999999999e-06,0.0001079,2.1999999999999984e-06,0
0.0,7.199999999999999e-06,0.00010905,2.1999999999999984e-06,0
0.0,7.199999999999999e-06,0.0001102,2.1999999999999984e-06,0
0.0,7.199999999999999e-06,0.00011135,2.1999999999999984e-06,0
0.0,7.199999999999999e-06,0.0001125,2.1999999999999984e-06,0
0.0,7.199999999999999e-06,0.00011365,2.1999999999999984e-06,0
0.0,7.199999999999999e-06,0.0001148,2.1999999999999984e-06,0
0.0,7.199999999999999e-06,0.00011595,2.1999999999999984e-06,0
0.0,7.199999999999999e-06,0.0001171,2.1999999999999984e-06,0
0.0,7.199999999999999e-06,0.00011825,2.1999999999999984e-06,0
0.0,7.199999999999999e-06,0.0001194,2.1999999999999984e-06,0
0.0,7.199999999999999e-06,0.00012055,2.1999999999999984e-06,0
0.0,7.199999999999999e-06,0.0001217,2.1999999999999984e-06,0
0.0,7.199999999999999e-06,0.00012285,2.85000000000002e-06,0
0.0,7.199999999999999e-06,0.000124,4.000000000000021e-06,0
0.0,7.599999999999998e-06,5.5e-05,1.4e-05,0
0.0,7.599999999999998e-06,5.615e-05,1.2849999999999999e-05,0
0.0,7.599999999999998e-06,5.7300000000000004e-05,1.1699999999999998e-05,0
0.0,7.599999999999998e-06,5.8450000000000005e-05,1.0549999999999997e-05,0
0.0,7.599999999999998e-06,5.96e-05,9.400000000000003e-06,0
0.0,7.599999999999998e-06,6.075e-05,8.250000000000002e-06,0
0.0,7.599999999999998e-06,6.19e-05,7.100000000000002e-06,0
0.0,7.599999999999998e-06,6.305e-05,5.950000000000001e-06,0
0.0,7.599999999999998e-06,6.42e-05,4.8e-06,0
0.0,7.599999999999998e-06,6.535e-05,3.649999999999999e-06,0
0.0,7.599999999999998e-06,6.65e-05,2.599999999999998e-06,0
0.0,7.599999999999998e-06,6.765e-05,2.599999999999998e-06,0
0.0,7.599999999999998e-06,6.88e-05,2.599999999999998e-06,0
0.0,7.599999999999998e-06,6.995e-05,2.599999999999998e-06,0
0.0,7.599999999999998e-06,7.11e-05,2.599999999999998e-06,0
0.0,7.599999999999998e-06,7.225e-05,2.599999999999998e-06,0
0.0,7.599999999999998e-06,7.34e-05,2.599999999999998e-06,0
0.0,7.599999999999998e-06,7.455e-05,2.599999999999998e-06,0
0.0,7.599999999999998e-06,7.57e-05,2.599999999999998e-06,0
0.0,7.599999999999998e-06,7.685e-05,2.599999999999998e-06,0
0.0,7.599999999999998e-06,7.8e-05,2.599999999999998e-06,0
0.0,7.599999999999998e-06,7.915e-05,2.599999999999998e-06,0
0.0,7.599999999999998e-06,8.03e-05,2.599999999999998e-06,0
0.0,7.599999999999998e-06,8.145e-05,2.599999999999998e-06,0
0.0,7.599999999999998e-06,8.26e-05,2.599999999999998e-06,0
0.0,7.599999999999998e-06,8.375e-05,2.599999999999998e-06,0
0.0,7.599999999999998e-06,8.49e-05,2.599999999999998e-06,0
0.0,7.599999999999998e-06,8.605e-05,2.599999999999998e-06,0
0.0,7.599999999999998e-06,8.72e-05,2.599999999999998e-06,0
0.0,7.599999999999998e-06,8.835e-05,2.599999999999998e-06,0
0.0,7.599999999999998e-06,8.950000000000001e-05,2.599999999999998e-06,0
0.0,7.599999999999998e-06,9.065000000000001e-05,2.599999999999998e-06,0
0.0,7.599999999999998e-06,9.180000000000001e-05,2.599999999999998e-06,0
0.0,7.599999999999998e-06,9.295000000000001e-05,2.599999999999998e-06,0
0.0,7.599999999999998e-06,9.410000000000001e-05,2.599999999999998e-06,0
0.0,7.599999999999998e-06,9.525000000000001e-05,2.599999999999998e-06,0
0.0,7.599999999999998e-06,9.640000000000001e-05,2.599999999999998e-06,0
0.0,7.599999999999998e-06,9.755e-05,2.599999999999998e-06,0
0.0,7.599999999999998e-06,9.87e-05,2.599999999999998e-06,0
0.0,7.599999999999998e-06,9.985e-05,2.599999999999998e-06,0
0.0,7.599999999999998e-06,0.000101,2.599999999999998e-06,0
0.0,7.599999999999998e-06,0.00010215,2.599999999999998e-06,0
0.0,7.599999999999998e-06,0.0001033,2.599999999999998e-06,0
0.0,7.599999999999998e-06,0.00010445,2.599999999999998e-06,0
0.0,7.599999999999998e-06,0.00010559999999999999,2.599999999999998e-06,0
0.0,7.599999999999998e-06,0.00010674999999999999,2.599999999999998e-06,0
0.0,7.599999999999998e-06,0.0001079,2.599999999999998e-06,0
0.0,7.599999999999998e-06,0.00010905,2.599999999999998e-06,0
0.0,7.599999999999998e-06,0.0001102,2.599999999999998e-06,0
0.0,7.599999999999998e-06,0.00011135,2.599999999999998e-06,0
0.0,7.599999999999998e-06,0.0001125,2.599999999999998e-06,0
0.0,7.599999999999998e-06,0.00011365,2.599999999999998e-06,0
0.0,7.599999999999998e-06,0.0001148,2.599999999999998e-06,0
0.0,7.599999999999998e-06,0.00011595,2.599999999999998e-06,0
0.0,7.599999999999998e-06,0.0001171,2.599999999999998e-06,0
0.0,7.599999999999998e-06,0.00011825,2.599999999999998e-06,0
0.0,7.599999999999998e-06,0.0001194,2.599999999999998e-06,0
0.0,7.599999999999998e-06,0.00012055,2.599999999999998e-06,0
0.0,7.599999999999998e-06,0.0001217,2.599999999999998e-06,0
0.0,7.599999999999998e-06,0.00012285,2.85000000000002e-06,0
0.0,7.599999999999998e-06,0.000124,4.000000000000021e-06,0
0.0,8.000000000000001e-06,5.5e-05,1.4e-05,0
0.0,8.000000000000001e-06,5.615e-05,1.2849999999999999e-05,0
0.0,8.000000000000001e-06,5.7300000000000004e-05,1.1699999999999998e-05,0
0.0,8.000000000000001e-06,5.8450000000000005e-05,1.0549999999999997e-05,0
0.0,8.000000000000001e-06,5.96e-05,9.400000000000003e-06,0
0.0,8.000000000000001e-06,6.075e-05,8.250000000000002e-06,0
0.0,8.000000000000001e-06,6.19e-05,7.100000000000002e-06,0
0.0,8.000000000000001e-06,6.305e-05,5.950000000000001e-06,0
0.0,8.000000000000001e-06,6.42e-05,4.8e-06,0
0.0,8.000000000000001e-06,6.535e-05,3.649999999999999e-06,0
0.0,8.000000000000001e-06,6.65e-05,3.000000000000001e-06,0
0.0,8.000000000000001e-06,6.765e-05,3.000000000000001e-06,0
0.0,8.000000000000001e-06,6.88e-05,3.000000000000001e-06,0
0.0,8.000000000000001e-06,6.995e-05,3.000000000000001e-06,0
0.0,8.000000000000001e-06,7.11e-05,3.000000000000001e-06,0
0.0,8.000000000000001e-06,7.225e-05,3.000000000000001e-06,0
0.0,8.000000000000001e-06,7.34e-05,3.000000000000001e-06,0
0.0,8.000000000000001e-06,7.455e-05,3.000000000000001e-06,0
0.0,8.000000000000001e-06,7.57e-05,3.000000000000001e-06,0
0.0,8.000000000000001e-06,7.685e-05,3.000000000000001e-06,0
0.0,8.000000000000001e-06,7.8e-05,3.000000000000001e-06,0
0.0,8.000000000000001e-06,7.915e-05,3.000000000000001e-06,0
0.0,8.000000000000001e-06,8.03e-05,3.000000000000001e-06,0
0.0,8.000000000000001e-06,8.145e-05,3.000000000000001e-06,0
0.0,8.000000000000001e-06,8.26e-05,3.000000000000001e-06,0
0.0,8.000000000000001e-06,8.375e-05,3.000000000000001e-06,0
0.0,8.000000000000001e-06,8.49e-05,3.000000000000001e-06,0
0.0,8.000000000000001e-06,8.605e-05,3.000000000000001e-06,0
0.0,8.000000000000001e-06,8.72e-05,3.000000000000001e-06,0
0.0,8.000000000000001e-06,8.835e-05,3.000000000000001e-06,0
0.0,8.000000000000001e-06,8.950000000000001e-05,3.000000000000001e-06,0
0.0,8.000000000000001e-06,9.065000000000001e-05,3.000000000000001e-06,0
0.0,8.000000000000001e-06,9.180000000000001e-05,3.000000000000001e-06,0
0.0,8.000000000000001e-06,9.295000000000001e-05,3.000000000000001e-06,0
0.0,8.000000000000001e-06,9.410000000000001e-05,3.000000000000001e-06,0
0.0,8.000000000000001e-06,9.525000000000001e-05,3.000000000000001e-06,0
0.0,8.000000000000001e-06,9.640000000000001e-05,3.000000000000001e-06,0
0.0,8.000000000000001e-06,9.755e-05,3.000000000000001e-06,0
0.0,8.000000000000001e-06,9.87e-05,3.000000000000001e-06,0
0.0,8.000000000000001e-06,9.985e-05,3.000000000000001e-06,0
0.0,8.000000000000001e-06,0.000101,3.000000000000001e-06,0
0.0,8.000000000000001e-06,0.00010215,3.000000000000001e-06,0
0.0,8.000000000000001e-06,0.0001033,3.000000000000001e-06,0
0.0,8.000000000000001e-06,0.00010445,3.000000000000001e-06,0
0.0,8.000000000000001e-06,0.00010559999999999999,3.000000000000001e-06,0
0.0,8.000000000000001e-06,0.00010674999999999999,3.000000000000001e-06,0
0.0,8.000000000000001e-06,0.0001079,3.000000000000001e-06,0
0.0,8.000000000000001e-06,0.00010905,3.000000000000001e-06,0
0.0,8.000000000000001e-06,0.0001102,3.000000000000001e-06,0
0.0,8.000000000000001e-06,0.00011135,3.000000000000001e-06,0
0.0,8.000000000000001e-06,0.0001125,3.000000000000001e-06,0
0.0,8.000000000000001e-06,0.00011365,3.000000000000001e-06,0
0.0,8.000000000000001e-06,0.0001148,3.000000000000001e-06,0
0.0,8.000000000000001e-06,0.00011595,3.000000000000001e-06,0
0.0,8.000000000000001e-06,0.0001171,3.000000000000001e-06,0
0.0,8.000000000000001e-06,0.00011825,3.000000000000001e-06,0
0.0,8.000000000000001e-06,0.0001194,3.000000000000001e-06,0
0.0,8.000000000000001e-06,0.00012055,3.000000000000001e-06,0
0.0,8.000000000000001e-06,0.0001217,3.000000000000001e-06,0
0.0,8.000000000000001e-06,0.00012285,3.000000000000001e-06,0
0.0,8.000000000000001e-06,0.000124,4.000000000000021e-06,0
0.0,8.400000000000001e-06,5.5e-05,1.4e-05,0
0.0,8.400000000000001e-06,5.615e-05,1.2849999999999999e-05,0
0.0,8.400000000000001e-06,5.7300000000000004e-05,1.1699999999999998e-05,0
0.0,8.400000000000001e-06,5.8450000000000005e-05,1.0549999999999997e-05,0
0.0,8.400000000000001e-06,5.96e-05,9.400000000000003e-06,0
0.0,8.400000000000001e-06,6.075e-05,8.250000000000002e-06,0
0.0,8.400000000000001e-06,6.19e-05,7.100000000000002e-06,0
0.0,8.400000000000001e-06,6.305e-05,5.950000000000001e-06,0
0.0,8.400000000000001e-06,6.42e-05,4.8e-06,0
0.0,8.400000000000001e-06,6.535e-05,3.649999999999999e-06,0
0.0,8.400000000000001e-06,6.65e-05,3.4000000000000005e-06,0
0.0,8.400000000000001e-06,6.765e-05,3.4000000000000005e-06,0
0.0,8.400000000000001e-06,6.88e-05,3.4000000000000005e-06,0
0.0,8.400000000000001e-06,6.995e-05,3.4000000000000005e-06,0
0.0,8.400000000000001e-06,7.11e-05,3.4000000000000005e-06,0
0.0,8.400000000000001e-06,7.225e-05,3.4000000000000005e-06,0
0.0,8.400000000000001e-06,7.34e-05,3.4000000000000005e-06,0
0.0,8.400000000000001e-06,7.455e-05,3.4000000000000005e-06,0
0.0,8.400000000000001e-06,7.57e-05,3.4000000000000005e-06,0
0.0,8.400000000000001e-06,7.685e-05,3.4000000000000005e-06,0
0.0,8.400000000000001e-06,7.8e-05,3.4000000000000005e-06,0
0.0,8.400000000000001e-06,7.915e-05,3.4000000000000005e-06,0
0.0,8.400000000000001e-06,8.03e-05,3.4000000000000005e-06,0
0.0,8.400000000000001e-06,8.145e-05,3.4000000000000005e-06,0
0.0,8.400000000000001e-06,8.26e-05,3.4000000000000005e-06,0
0.0,8.400000000000001e-06,8.375e-05,3.4000000000000005e-06,0
0.0,8.400000000000001e-06,8.49e-05,3.4000000000000005e-06,0
0.0,8.400000000000001e-06,8.605e-05,3.4000000000000005e-06,0
0.0,8.400000000000001e-06,8.72e-05,3.4000000000000005e-06,0
0.0,8.400000000000001e-06,8.835e-05,3.4000000000000005e-06,0
0.0,8.400000000000001e-06,8.950000000000001e-05,3.4000000000000005e-06,0
0.0,8.400000000000001e-06,9.065000000000001e-05,3.4000000000000005e-06,0
0.0,8.400000000000001e-06,9.180000000000001e-05,3.4000000000000005e-06,0
0.0,8.400000000000001e-06,9.295000000000001e-05,3.4000000000000005e-06,0
0.0,8.400000000000001e-06,9.410000000000001e-05,3.4000000000000005e-06,0
0.0,8.400000000000001e-06,9.525000000000001e-05,3.4000000000000005e-06,0
0.0,8.400000000000001e-06,9.640000000000001e-05,3.4000000000000005e-06,0
0.0,8.400000000000001e-06,9.755e-05,3.4000000000000005e-06,0
0.0,8.400000000000001e-06,9.87e-05,3.4000000000000005e-06,0
0.0,8.400000000000001e-06,9.985e-05,3.4000000000000005e-06,0
0.0,8.400000000000001e-06,0.000101,3.4000000000000005e-06,0
0.0,8.400000000000001e-06,0.00010215,3.4000000000000005e-06,0
0.0,8.400000000000001e-06,0.0001033,3.4000000000000005e-06,0
0.0,8.400000000000001e-06,0.00010445,3.4000000000000005e-06,0
0.0,8.400000000000001e-06,0.00010559999999999999,3.4000000000000005e-06,0
0.0,8.400000000000001e-06,0.00010674999999999999,3.4000000000000005e-06,0
0.0,8.400000000000001e-06,0.0001079,3.4000000000000005e-06,0
0.0,8.400000000000001e-06,0.00010905,3.4000000000000005e-06,0
0.0,8.400000000000001e-06,0.0001102,3.4000000000000005e-06,0
0.0,8.400000000000001e-06,0.00011135,3.4000000000000005e-06,0
0.0,8.400000000000001e-06,0.0001125,3.4000000000000005e-06,0
0.0,8.400000000000001e-06,0.00011365,3.4000000000000005e-06,0
0.0,8.400000000000001e-06,0.0001148,3.4000000000000005e-06,0
0.0,8.400000000000001e-06,0.00011595,3.4000000000000005e-06,0
0.0,8.400000000000001e-06,0.0001171,3.4000000000000005e-06,0
0.0,8.400000000000001e-06,0.00011825,3.4000000000000005e-06,0
0.0,8.400000000000001e-06,0.0001194,3.4000000000000005e-06,0
0.0,8.400000000000001e-06,0.00012055,3.4000000000000005e-06,0
0.0,8.400000000000001e-06,0.0001217,3.4000000000000005e-06,0
0.0,8.400000000000001e-06,0.00012285,3.4000000000000005e-06,0
0.0,8.400000000000001e-06,0.000124,4.000000000000021e-06,0
0.0,8.8e-06,5.5e-05,1.4e-05,0
0.0,8.8e-06,5.615e-05,1.2849999999999999e-05,0
0.0,8.8e-06,5.7300000000000004e-05,1.1699999999999998e-05,0
0.0,8.8e-06,5.8450000000000005e-05,1.0549999999999997e-05,0
0.0,8.8e-06,5.96e-05,9.400000000000003e-06,0
0.0,8.8e-06,6.075e-05,8.250000000000002e-06,0
0.0,8.8e-06,6.19e-05,7.100000000000002e-06,0
0.0,8.8e-06,6.305e-05,5.950000000000001e-06,0
0.0,8.8e-06,6.42e-05,4.8e-06,0
0.0,8.8e-06,6.535e-05,3.8e-06,0
0.0,8.8e-06,6.65e-05,3.8e-06,0
0.0,8.8e-06,6.765e-05,3.8e-06,0
0.0,8.8e-06,6.88e-05,3.8e-06,0
0.0,8.8e-06,6.995e-05,3.8e-06,0
0.0,8.8e-06,7.11e-05,3.8e-06,0
0.0,8.8e-06,7.225e-05,3.8e-06,0
0.0,8.8e-06,7.34e-05,3.8e-06,0
0.0,8.8e-06,7.455e-05,3.8e-06,0
0.0,8.8e-06,7.57e-05,3.8e-06,0
0.0,8.8e-06,7.685e-05,3.8e-06,0
0.0,8.8e-06,7.8e-05,3.8e-06,0
0.0,8.8e-06,7.915e-05,3.8e-06,0
0.0,8.8e-06,8.03e-05,3.8e-06,0
0.0,8.8e-06,8.145e-05,3.8e-06,0
0.0,8.8e-06,8.26e-05,3.8e-06,0
0.0,8.8e-06,8.375e-05,3.8e-06,0
0.0,8.8e-06,8.49e-05,3.8e-06,0
0.0,8.8e-06,8.605e-05,3.8e-06,0
0.0,8.8e-06,8.72e-05,3.8e-06,0
0.0,8.8e-06,8.835e-05,3.8e-06,0
0.0,8.8e-06,8.950000000000001e-05,3.8e-06,0
0.0,8.8e-06,9.065000000000001e-05,3.8e-06,0
0.0,8.8e-06,9.180000000000001e-05,3.8e-06,0
0.0,8.8e-06,9.295000000000001e-05,3.8e-06,0
0.0,8.8e-06,9.410000000000001e-05,3.8e-06,0
0.0,8.8e-06,9.525000000000001e-05,3.8e-06,0
0.0,8.8e-06,9.640000000000001e-05,3.8e-06,0
0.0,8.8e-06,9.755e-05,3.8e-06,0
0.0,8.8e-06,9.87e-05,3.8e-06,0
0.0,8.8e-06,9.985e-05,3.8e-06,0
0.0,8.8e-06,0.000101,3.8e-06,0
0.0,8.8e-06,0.00010215,3.8e-06,0
0.0,8.8e-06,0.0001033,3.8e-06,0
0.0,8.8e-06,0.00010445,3.8e-06,0
0.0,8.8e-06,0.00010559999999999999,3.8e-06,0
0.0,8.8e-06,0.00010674999999999999,3.8e-06,0
0.0,8.8e-06,0.0001079,3.8e-06,0
0.0,8.8e-06,0.00010905,3.8e-06,0
0.0,8.8e-06,0.0001102,3.8e-06,0
0.0,8.8e-06,0.00011135,3.8e-06,0
0.0,8.8e-06,0.0001125,3.8e-06,0
0.0,8.8e-06,0.00011365,3.8e-06,0
0.0,8.8e-06,0.0001148,3.8e-06,0
0.0,8.8e-06,0.00011595,3.8e-06,0
0.0,8.8e-06,0.0001171,3.8e-06,0
0.0,8.8e-06,0.00011825,3.8e-06,0
0.0,8.8e-06,0.0001194,3.8e-06,0
0.0,8.8e-06,0.00012055,3.8e-06,0
0.0,8.8e-06,0.0001217,3.8e-06,0
0.0,8.8e-06,0.00012285,3.8e-06,0
0.0,8.8e-06,0.000124,4.000000000000021e-06,0
0.0,9.200000000000003e-06,5.5e-05,1.4e-05,0
0.0,9.200000000000003e-06,5.615e-05,1.2849999999999999e-05,0
0.0,9.200000000000003e-06,5.7300000000000004e-05,1.1699999999999998e-05,0
0.0,9.200000000000003e-06,5.8450000000000005e-05,1.0549999999999997e-05,0
0.0,9.200000000000003e-06,5.96e-05,9.400000000000003e-06,0
0.0,9.200000000000003e-06,6.075e-05,8.250000000000002e-06,0
0.0,9.200000000000003e-06,6.19e-05,7.100000000000002e-06,0
0.0,9.200000000000003e-06,6.305e-05,5.950000000000001e-06,0
0.0,9.200000000000003e-06,6.42e-05,4.8e-06,0
0.0,9.200000000000003e-06,6.535e-05,4.200000000000003e-06,0
0.0,9.200000000000003e-06,6.65e-05,4.200000000000003e-06,0
0.0,9.200000000000003e-06,6.765e-05,4.200000000000003e-06,0
0.0,9.200000000000003e-06,6.88e-05,4.200000000000003e-06,0
0.0,9.200000000000003e-06,6.995e-05,4.200000000000003e-06,0
0.0,9.200000000000003e-06,7.11e-05,4.200000000000003e-06,0
0.0,9.200000000000003e-06,7.225e-05,4.200000000000003e-06,0
0.0,9.200000000000003e-06,7.34e-05,4.200000000000003e-06,0
0.0,9.200000000000003e-06,7.455e-05,4.200000000000003e-06,0
0.0,9.200000000000003e-06,7.57e-05,4.200000000000003e-06,0
0.0,9.200000000000003e-06,7.685e-05,4.200000000000003e-06,0
0.0,9.200000000000003e-06,7.8e-05,4.200000000000003e-06,0
0.0,9.200000000000003e-06,7.915e-05,4.200000000000003e-06,0
0.0,9.200000000000003e-06,8.03e-05,4.200000000000003e-06,0
0.0,9.200000000000003e-06,8.145e-05,4.200000000000003e-06,0
0.0,9.200000000000003e-06,8.26e-05,4.200000000000003e-06,0
0.0,9.200000000000003e-06,8.375e-05,4.200000000000003e-06,0
0.0,9.200000000000003e-06,8.49e-05,4.200000000000003e-06,0
0.0,9.200000000000003e-06,8.605e-05,4.200000000000003e-06,0
0.0,9.200000000000003e-06,8.72e-05,4.200000000000003e-06,0
0.0,9.200000000000003e-06,8.835e-05,4.200000000000003e-06,0
0.0,9.200000000000003e-06,8.950000000000001e-05,4.200000000000003e-06,0
0.0,9.200000000000003e-06,9.065000000000001e-05,4.200000000000003e-06,0
0.0,9.200000000000003e-06,9.180000000000001e-05,4.200000000000003e-06,0
0.0,9.200000000000003e-06,9.295000000000001e-05,4.200000000000003e-06,0
0.0,9.200000000000003e-06,9.410000000000001e-05,4.200000000000003e-06,0
0.0,9.200000000000003e-06,9.525000000000001e-05,4.200000000000003e-06,0
0.0,9.200000000000003e-06,9.640000000000001e-05,4.200000000000003e-06,0
0.0,9.200000000000003e-06,9.755e-05,4.200000000000003e-06,0
0.0,9.200000000000003e-06,9.87e-05,4.200000000000003e-06,0
0.0,9.200000000000003e-06,9.985e-05,4.200000000000003e-06,0
0.0,9.200000000000003e-06,0.000101,4.200000000000003e-06,0
0.0,9.200000000000003e-06,0.00010215,4.200000000000003e-06,0
0.0,9.200000000000003e-06,0.0001033,4.200000000000003e-06,0
0.0,9.200000000000003e-06,0.00010445,4.200000000000003e-06,0
0.0,9.200000000000003e-06,0.00010559999999999999,4.200000000000003e-06,0
0.0,9.200000000000003e-06,0.00010674999999999999,4.200000000000003e-06,0
0.0,9.200000000000003e-06,0.0001079,4.200000000000003e-06,0
0.0,9.200000000000003e-06,0.00010905,4.200000000000003e-06,0
0.0,9.200000000000003e-06,0.0001102,4.200000000000003e-06,0
0.0,9.200000000000003e-06,0.00011135,4.200000000000003e-06,0
0.0,9.200000000000003e-06,0.0001125,4.200000000000003e-06,0
0.0,9.200000000000003e-06,0.00011365,4.200000000000003e-06,0
0.0,9.200000000000003e-06,0.0001148,4.200000000000003e-06,0
0.0,9.200000000000003e-06,0.00011595,4.200000000000003e-06,0
0.0,9.200000000000003e-06,0.0001171,4.200000000000003e-06,0
0.0,9.200000000000003e-06,0.00011825,4.200000000000003e-06,0
0.0,9.200000000000003e-06,0.0001194,4.200000000000003e-06,0
0.0,9.200000000000003e-06,0.00012055,4.200000000000003e-06,0
0.0,9.200000000000003e-06,0.0001217,4.200000000000003e-06,0
0.0,9.200000000000003e-06,0.00012285,4.200000000000003e-06,0
0.0,9.200000000000003e-06,0.000124,4.200000000000003e-06,0
0.0,9.6e-06,5.5e-05,1.4e-05,0
0.0,9.6e-06,5.615e-05,1.2849999999999999e-05,0
0.0,9.6e-06,5.7300000000000004e-05,1.1699999999999998e-05,0
0.0,9.6e-06,5.8450000000000005e-05,1.0549999999999997e-05,0
0.0,9.6e-06,5.96e-05,9.400000000000003e-06,0
0.0,9.6e-06,6.075e-05,8.250000000000002e-06,0
0.0,9.6e-06,6.19e-05,7.100000000000002e-06,0
0.0,9.6e-06,6.305e-05,5.950000000000001e-06,0
0.0,9.6e-06,6.42e-05,4.8e-06,0
0.0,9.6e-06,6.535e-05,4.599999999999999e-06,0
0.0,9.6e-06,6.65e-05,4.599999999999999e-06,0
0.0,9.6e-06,6.765e-05,4.599999999999999e-06,0
0.0,9.6e-06,6.88e-05,4.599999999999999e-06,0
0.0,9.6e-06,6.995e-05,4.599999999999999e-06,0
0.0,9.6e-06,7.11e-05,4.599999999999999e-06,0
0.0,9.6e-06,7.225e-05,4.599999999999999e-06,0
0.0,9.6e-06,7.34e-05,4.599999999999999e-06,0
0.0,9.6e-06,7.455e-05,4.599999999999999e-06,0
0.0,9.6e-06,7.57e-05,4.599999999999999e-06,0
0.0,9.6e-06,7.685e-05,4.599999999999999e-06,0
0.0,9.6e-06,7.8e-05,4.599999999999999e-06,0
0.0,9.6e-06,7.915e-05,4.599999999999999e-06,0
0.0,9.6e-06,8.03e-05,4.599999999999999e-06,0
0.0,9.6e-06,8.145e-05,4.599999999999999e-06,0
0.0,9.6e-06,8.26e-05,4.599999999999999e-06,0
0.0,9.6e-06,8.375e-05,4.599999999999999e-06,0
0.0,9.6e-06,8.49e-05,4.599999999999999e-06,0
0.0,9.6e-06,8.605e-05,4.599999999999999e-06,0
0.0,9.6e-06,8.72e-05,4.599999999999999e-06,0
0.0,9.6e-06,8.835e-05,4.599999999999999e-06,0
0.0,9.6e-06,8.950000000000001e-05,4.599999999999999e-06,0
0.0,9.6e-06,9.065000000000001e-05,4.599999999999999e-06,0
0.0,9.6e-06,9.180000000000001e-05,4.599999999999999e-06,0
0.0,9.6e-06,9.295000000000001e-05,4.599999999999999e-06,0
0.0,9.6e-06,9.410000000000001e-05,4.599999999999999e-06,0
0.0,9.6e-06,9.525000000000001e-05,4.599999999999999e-06,0
0.0,9.6e-06,9.640000000000001e-05,4.599999999999999e-06,0
0.0,9.6e-06,9.755e-05,4.599999999999999e-06,0
0.0,9.6e-06,9.87e-05,4.599999999999999e-06,0
0.0,9.6e-06,9.985e-05,4.599999999999999e-06,0
0.0,9.6e-06,0.000101,4.599999999999999e-06,0
0.0,9.6e-06,0.00010215,4.599999999999999e-06,0
0.0,9.6e-06,0.0001033,4.599999999999999e-06,0
0.0,9.6e-06,0.00010445,4.599999999999999e-06,0
0.0,9.6e-06,0.00010559999999999999,4.599999999999999e-06,0
0.0,9.6e-06,0.00010674999999999999,4.599999999999999e-06,0
0.0,9.6e-06,0.0001079,4.599999999999999e-06,0
0.0,9.6e-06,0.00010905,4.599999999999999e-06,0
0.0,9.6e-06,0.0001102,4.599999999999999e-06,0
0.0,9.6e-06,0.00011135,4.599999999999999e-06,0
0.0,9.6e-06,0.0001125,4.599999999999999e-06,0
0.0,9.6e-06,0.00011365,4.599999999999999e-06,0
0.0,9.6e-06,0.0001148,4.599999999999999e-06,0
0.0,9.6e-06,0.00011595,4.599999999999999e-06,0
0.0,9.6e-06,0.0001171,4.599999999999999e-06,0
0.0,9.6e-06,0.00011825,4.599999999999999e-06,0
0.0,9.6e-06,0.0001194,4.599999999999999e-06,0
0.0,9.6e-06,0.00012055,4.599999999999999e-06,0
0.0,9.6e-06,0.0001217,4.599999999999999e-06,0
0.0,9.6e-06,0.00012285,4.599999999999999e-06,0
0.0,9.6e-06,0.000124,4.599999999999999e-06,0
0.0,9.999999999999999e-06,5.5e-05,1.4e-05,0
0.0,9.999999999999999e-06,5.615e-05,1.2849999999999999e-05,0
0.0,9.999999999999999e-06,5.7300000000000004e-05,1.1699999999999998e-05,0
0.0,9.999999999999999e-06,5.8450000000000005e-05,1.0549999999999997e-05,0
0.0,9.999999999999999e-06,5.96e-05,9.400000000000003e-06,0
0.0,9.999999999999999e-06,6.075e-05,8.250000000000002e-06,0
0.0,9.999999999999999e-06,6.19e-05,7.100000000000002e-06,0
0.0,9.999999999999999e-06,6.305e-05,5.950000000000001e-06,0
0.0,9.999999999999999e-06,6.42e-05,4.999999999999999e-06,0
0.0,9.999999999999999e-06,6.535e-05,4.999999999999999e-06,0
0.0,9.999999999999999e-06,6.65e-05,4.999999999999999e-06,0
0.0,9.999999999999999e-06,6.765e-05,4.999999999999999e-06,0
0.0,9.999999999999999e-06,6.88e-05,4.999999999999999e-06,0
0.0,9.999999999999999e-06,6.995e-05,4.999999999999999e-06,0
0.0,9.999999999999999e-06,7.11e-05,4.999999999999999e-06,0
0.0,9.999999999999999e-06,7.225e-05,4.999999999999999e-06,0
0.0,9.999999999999999e-06,7.34e-05,4.999999999999999e-06,0
0.0,9.999999999999999e-06,7.455e-05,4.999999999999999e-06,0
0.0,9.999999999999999e-06,7.57e-05,4.999999999999999e-06,0
0.0,9.999999999999999e-06,7.685e-05,4.999999999999999e-06,0
0.0,9.999999999999999e-06,7.8e-05,4.999999999999999e-06,0
0.0,9.999999999999999e-06,7.915e-05,4.999999999999999e-06,0
0.0,9.999999999999999e-06,8.03e-05,4.999999999999999e-06,0
0.0,9.999999999999999e-06,8.145e-05,4.999999999999999e-06,0
0.0,9.999999999999999e-06,8.26e-05,4.999999999999999e-06,0
0.0,9.999999999999999e-06,8.375e-05,4.999999999999999e-06,0
0.0,9.999999999999999e-06,8.49e-05,4.999999999999999e-06,0
0.0,9.999999999999999e-06,8.605e-05,4.999999999999999e-06,0
0.0,9.999999999999999e-06,8.72e-05,4.999999999999999e-06,0
0.0,9.999999999999999e-06,8.835e-05,4.999999999999999e-06,0
0.0,9.999999999999999e-06,8.950000000000001e-05,4.999999999999999e-06,0
0.0,9.999999999999999e-06,9.065000000000001e-05,4.999999999999999e-06,0
0.0,9.999999999999999e-06,9.180000000000001e-05,4.999999999999999e-06,0
0.0,9.999999999999999e-06,9.295000000000001e-05,4.999999999999999e-06,0
0.0,9.999999999999999e-06,9.410000000000001e-05,4.999999999999999e-06,0
0.0,9.999999999999999e-06,9.525000000000001e-05,4.999999999999999e-06,0
0.0,9.999999999999999e-06,9.640000000000001e-05,4.999999999999999e-06,0
0.0,9.999999999999999e-06,9.755e-05,4.999999999999999e-06,0
0.0,9.999999999999999e-06,9.87e-05,4.999999999999999e-06,0
0.0,9.999999999999999e-06,9.985e-05,4.999999999999999e-06,0
0.0,9.999999999999999e-06,0.000101,4.999999999999999e-06,0
0.0,9.999999999999999e-06,0.00010215,4.999999999999999e-06,0
0.0,9.999999999999999e-06,0.0001033,4.999999999999999e-06,0
0.0,9.999999999999999e-06,0.00010445,4.999999999999999e-06,0
0.0,9.999999999999999e-06,0.00010559999999999999,4.999999999999999e-06,0
0.0,9.999999999999999e-06,0.00010674999999999999,4.999999999999999e-06,0
0.0,9.999999999999999e-06,0.0001079,4.999999999999999e-06,0
0.0,9.999999999999999e-06,0.00010905,4.999999999999999e-06,0
0.0,9.999999999999999e-06,0.0001102,4.999999999999999e-06,0
0.0,9.999999999999999e-06,0.00011135,4.999999999999999e-06,0
0.0,9.999999999999999e-06,0.0001125,4.999999999999999e-06,0
0.0,9.999999999999999e-06,0.00011365,4.999999999999999e-06,0
0.0,9.999999999999999e-06,0.0001148,4.999999999999999e-06,0
0.0,9.999999999999999e-06,0.00011595,4.999999999999999e-06,0
0.0,9.999999999999999e-06,0.0001171,4.999999999999999e-06,0
0.0,9.999999999999999e-06,0.00011825,4.999999999999999e-06,0
0.0,9.999999999999999e-06,0.0001194,4.999999999999999e-06,0
0.0,9.999999999999999e-06,0.00012055,4.999999999999999e-06,0
0.0,9.999999999999999e-06,0.0001217,4.999999999999999e-06,0
0.0,9.999999999999999e-06,0.00012285,4.999999999999999e-06,0
0.0,9.999999999999999e-06,0.000124,4.999999999999999e-06,0
0.0,1.0400000000000002e-05,5.5e-05,1.4e-05,0
0.0,1.0400000000000002e-05,5.615e-05,1.2849999999999999e-05,0
0.0,1.0400000000000002e-05,5.7300000000000004e-05,1.1699999999999998e-05,0
0.0,1.0400000000000002e-05,5.8450000000000005e-05,1.0549999999999997e-05,0
0.0,1.0400000000000002e-05,5.96e-05,9.400000000000003e-06,0
0.0,1.0400000000000002e-05,6.075e-05,8.250000000000002e-06,0
0.0,1.0400000000000002e-05,6.19e-05,7.100000000000002e-06,0
0.0,1.0400000000000002e-05,6.305e-05,5.950000000000001e-06,0
0.0,1.0400000000000002e-05,6.42e-05,5.400000000000002e-06,0
0.0,1.0400000000000002e-05,6.535e-05,5.400000000000002e-06,0
0.0,1.0400000000000002e-05,6.65e-05,5.400000000000002e-06,0
0.0,1.0400000000000002e-05,6.765e-05,5.400000000000002e-06,0
0.0,1.0400000000000002e-05,6.88e-05,5.400000000000002e-06,0
0.0,1.0400000000000002e-05,6.995e-05,5.400000000000002e-06,0
0.0,1.0400000000000002e-05,7.11e-05,5.400000000000002e-06,0
0.0,1.0400000000000002e-05,7.225e-05,5.400000000000002e-06,0
0.0,1.0400000000000002e-05,7.34e-05,5.400000000000002e-06,0
0.0,1.0400000000000002e-05,7.455e-05,5.400000000000002e-06,0
0.0,1.0400000000000002e-05,7.57e-05,5.400000000000002e-06,0
0.0,1.0400000000000002e-05,7.685e-05,5.400000000000002e-06,0
0.0,1.0400000000000002e-05,7.8e-05,5.400000000000002e-06,0
0.0,1.0400000000000002e-05,7.915e-05,5.400000000000002e-06,0
0.0,1.0400000000000002e-05,8.03e-05,5.400000000000002e-06,0
0.0,1.0400000000000002e-05,8.145e-05,5.400000000000002e-06,0
0.0,1.0400000000000002e-05,8.26e-05,5.400000000000002e-06,0
0.0,1.0400000000000002e-05,8.375e-05,5.400000000000002e-06,0
0.0,1.0400000000000002e-05,8.49e-05,5.400000000000002e-06,0
0.0,1.0400000000000002e-05,8.605e-05,5.400000000000002e-06,0
0.0,1.0400000000000002e-05,8.72e-05,5.400000000000002e-06,0
0.0,1.0400000000000002e-05,8.835e-05,5.400000000000002e-06,0
0.0,1.0400000000000002e-05,8.950000000000001e-05,5.400000000000002e-06,0
0.0,1.0400000000000002e-05,9.065000000000001e-05,5.400000000000002e-06,0
0.0,1.0400000000000002e-05,9.180000000000001e-05,5.400000000000002e-06,0
0.0,1.0400000000000002e-05,9.295000000000001e-05,5.400000000000002e-06,0
0.0,1.0400000000000002e-05,9.410000000000001e-05,5.400000000000002e-06,0
0.0,1.0400000000000002e-05,9.525000000000001e-05,5.400000000000002e-06,0
0.0,1.0400000000000002e-05,9.640000000000001e-05,5.400000000000002e-06,0
0.0,1.0400000000000002e-05,9.755e-05,5.400000000000002e-06,0
0.0,1.0400000000000002e-05,9.87e-05,5.400000000000002e-06,0
0.0,1.0400000000000002e-05,9.985e-05,5.400000000000002e-06,0
0.0,1.0400000000000002e-05,0.000101,5.400000000000002e-06,0
0.0,1.0400000000000002e-05,0.00010215,5.400000000000002e-06,0
0.0,1.0400000000000002e-05,0.0001033,5.400000000000002e-06,0
0.0,1.0400000000000002e-05,0.00010445,5.400000000000002e-06,0
0.0,1.0400000000000002e-05,0.00010559999999999999,5.400000000000002e-06,0
0.0,1.0400000000000002e-05,0.00010674999999999999,5.400000000000002e-06,0
0.0,1.0400000000000002e-05,0.0001079,5.400000000000002e-06,0
0.0,1.0400000000000002e-05,0.00010905,5.400000000000002e-06,0
0.0,1.0400000000000002e-05,0.0001102,5.400000000000002e-06,0
0.0,1.0400000000000002e-05,0.00011135,5.400000000000002e-06,0
0.0,1.0400000000000002e-05,0.0001125,5.400000000000002e-06,0
0.0,1.0400000000000002e-05,0.00011365,5.400000000000002e-06,0
0.0,1.0400000000000002e-05,0.0001148,5.400000000000002e-06,0
0.0,1.0400000000000002e-05,0.00011595,5.400000000000002e-06,0
0.0,1.0400000000000002e-05,0.0001171,5.400000000000002e-06,0
0.0,1.0400000000000002e-05,0.00011825,5.400000000000002e-06,0
0.0,1.0400000000000002e-05,0.0001194,5.400000000000002e-06,0
0.0,1.0400000000000002e-05,0.00012055,5.400000000000002e-06,0
0.0,1.0400000000000002e-05,0.0001217,5.400000000000002e-06,0
0.0,1.0400000000000002e-05,0.00012285,5.400000000000002e-06,0
0.0,1.0400000000000002e-05,0.000124,5.400000000000002e-06,0
0.0,1.0800000000000002e-05,5.5e-05,1.4e-05,0
0.0,1.0800000000000002e-05,5.615e-05,1.2849999999999999e-05,0
0.0,1.0800000000000002e-05,5.7300000000000004e-05,1.1699999999999998e-05,0
0.0,1.0800000000000002e-05,5.8450000000000005e-05,1.0549999999999997e-05,0
0.0,1.0800000000000002e-05,5.96e-05,9.400000000000003e-06,0
0.0,1.0800000000000002e-05,6.075e-05,8.250000000000002e-06,0
0.0,1.0800000000000002e-05,6.19e-05,7.100000000000002e-06,0
0.0,1.0800000000000002e-05,6.305e-05,5.950000000000001e-06,0
0.0,1.0800000000000002e-05,6.42e-05,5.800000000000001e-06,0
0.0,1.0800000000000002e-05,6.535e-05,5.800000000000001e-06,0
0.0,1.0800000000000002e-05,6.65e-05,5.800000000000001e-06,0
0.0,1.0800000000000002e-05,6.765e-05,5.800000000000001e-06,0
0.0,1.0800000000000002e-05,6.88e-05,5.800000000000001e-06,0
0.0,1.0800000000000002e-05,6.995e-05,5.800000000000001e-06,0
0.0,1.0800000000000002e-05,7.11e-05,5.800000000000001e-06,0
0.0,1.0800000000000002e-05,7.225e-05,5.800000000000001e-06,0
0.0,1.0800000000000002e-05,7.34e-05,5.800000000000001e-06,0
0.0,1.0800000000000002e-05,7.455e-05,5.800000000000001e-06,0
0.0,1.0800000000000002e-05,7.57e-05,5.800000000000001e-06,0
0.0,1.0800000000000002e-05,7.685e-05,5.800000000000001e-06,0
0.0,1.0800000000000002e-05,7.8e-05,5.800000000000001e-06,0
0.0,1.0800000000000002e-05,7.915e-05,5.800000000000001e-06,0
0.0,1.0800000000000002e-05,8.03e-05,5.800000000000001e-06,0
0.0,1.0800000000000002e-05,8.145e-05,5.800000000000001e-06,0
0.0,1.0800000000000002e-05,8.26e-05,5.800000000000001e-06,0
0.0,1.0800000000000002e-05,8.375e-05,5.800000000000001e-06,0
0.0,1.0800000000000002e-05,8.49e-05,5.800000000000001e-06,0
0.0,1.0800000000000002e-05,8.605e-05,5.800000000000001e-06,0
0.0,1.0800000000000002e-05,8.72e-05,5.800000000000001e-06,0
0.0,1.0800000000000002e-05,8.835e-05,5.800000000000001e-06,0
0.0,1.0800000000000002e-05,8.950000000000001e-05,5.800000000000001e-06,0
0.0,1.0800000000000002e-05,9.065000000000001e-05,5.800000000000001e-06,0
0.0,1.0800000000000002e-05,9.180000000000001e-05,5.800000000000001e-06,0
0.0,1.0800000000000002e-05,9.295000000000001e-05,5.800000000000001e-06,0
0.0,1.0800000000000002e-05,9.410000000000001e-05,5.800000000000001e-06,0
0.0,1.0800000000000002e-05,9.525000000000001e-05,5.800000000000001e-06,0
0.0,1.0800000000000002e-05,9.640000000000001e-05,5.800000000000001e-06,0
0.0,1.0800000000000002e-05,9.755e-05,5.800000000000001e-06,0
0.0,1.0800000000000002e-05,9.87e-05,5.800000000000001e-06,0
0.0,1.0800000000000002e-05,9.985e-05,5.800000000000001e-06,0
0.0,1.0800000000000002e-05,0.000101,5.800000000000001e-06,0
0.0,1.0800000000000002e-05,0.00010215,5.800000000000001e-06,0
0.0,1.0800000000000002e-05,0.0001033,5.800000000000001e-06,0
0.0,1.0800000000000002e-05,0.00010445,5.800000000000001e-06,0
0.0,1.0800000000000002e-05,0.00010559999999999999,5.800000000000001e-06,0
0.0,1.0800000000000002e-05,0.00010674999999999999,5.800000000000001e-06,0
0.0,1.0800000000000002e-05,0.0001079,5.800000000000001e-06,0
0.0,1.0800000000000002e-05,0.00010905,5.800000000000001e-06,0
0.0,1.0800000000000002e-05,0.0001102,5.800000000000001e-06,0
0.0,1.0800000000000002e-05,0.00011135,5.800000000000001e-06,0
0.0,1.0800000000000002e-05,0.0001125,5.800000000000001e-06,0
0.0,1.0800000000000002e-05,0.00011365,5.800000000000001e-06,0
0.0,1.0800000000000002e-05,0.0001148,5.800000000000001e-06,0
0.0,1.0800000000000002e-05,0.00011595,5.800000000000001e-06,0
0.0,1.0800000000000002e-05,0.0001171,5.800000000000001e-06,0
0.0,1.0800000000000002e-05,0.00011825,5.800000000000001e-06,0
0.0,1.0800000000000002e-05,0.0001194,5.800000000000001e-06,0
0.0,1.0800000000000002e-05,0.00012055,5.800000000000001e-06,0
0.0,1.0800000000000002e-05,0.0001217,5.800000000000001e-06,0
0.0,1.0800000000000002e-05,0.00012285,5.800000000000001e-06,0
0.0,1.0800000000000002e-05,0.000124,5.800000000000001e-06,0
0.0,1.1200000000000001e-05,5.5e-05,1.4e-05,0
0.0,1.1200000000000001e-05,5.615e-05,1.2849999999999999e-05,0
0.0,1.1200000000000001e-05,5.7300000000000004e-05,1.1699999999999998e-05,0
0.0,1.1200000000000001e-05,5.8450000000000005e-05,1.0549999999999997e-05,0
0.0,1.1200000000000001e-05,5.96e-05,9.400000000000003e-06,0
0.0,1.1200000000000001e-05,6.075e-05,8.250000000000002e-06,0
0.0,1.1200000000000001e-05,6.19e-05,7.100000000000002e-06,0
0.0,1.1200000000000001e-05,6.305e-05,6.200000000000001e-06,0
0.0,1.1200000000000001e-05,6.42e-05,6.200000000000001e-06,0
0.0,1.1200000000000001e-05,6.535e-05,6.200000000000001e-06,0
0.0,1.1200000000000001e-05,6.65e-05,6.200000000000001e-06,0
0.0,1.1200000000000001e-05,6.765e-05,6.200000000000001e-06,0
0.0,1.1200000000000001e-05,6.88e-05,6.200000000000001e-06,0
0.0,1.1200000000000001e-05,6.995e-05,6.200000000000001e-06,0
0.0,1.1200000000000001e-05,7.11e-05,6.200000000000001e-06,0
0.0,1.1200000000000001e-05,7.225e-05,6.200000000000001e-06,0
0.0,1.1200000000000001e-05,7.34e-05,6.200000000000001e-06,0
0.0,1.1200000000000001e-05,7.455e-05,6.200000000000001e-06,0
0.0,1.1200000000000001e-05,7.57e-05,6.200000000000001e-06,0
0.0,1.1200000000000001e-05,7.685e-05,6.200000000000001e-06,0
0.0,1.1200000000000001e-05,7.8e-05,6.200000000000001e-06,0
0.0,1.1200000000000001e-05,7.915e-05,6.200000000000001e-06,0
0.0,1.1200000000000001e-05,8.03e-05,6.200000000000001e-06,0
0.0,1.1200000000000001e-05,8.145e-05,6.200000000000001e-06,0
0.0,1.1200000000000001e-05,8.26e-05,6.200000000000001e-06,0
0.0,1.1200000000000001e-05,8.375e-05,6.200000000000001e-06,0
0.0,1.1200000000000001e-05,8.49e-05,6.200000000000001e-06,0
0.0,1.1200000000000001e-05,8.605e-05,6.200000000000001e-06,0
0.0,1.1200000000000001e-05,8.72e-05,6.200000000000001e-06,0
0.0,1.1200000000000001e-05,8.835e-05,6.200000000000001e-06,0
0.0,1.1200000000000001e-05,8.950000000000001e-05,6.200000000000001e-06,0
0.0,1.1200000000000001e-05,9.065000000000001e-05,6.200000000000001e-06,0
0.0,1.1200000000000001e-05,9.180000000000001e-05,6.200000000000001e-06,0
0.0,1.1200000000000001e-05,9.295000000000001e-05,6.200000000000001e-06,0
0.0,1.1200000000000001e-05,9.410000000000001e-05,6.200000000000001e-06,0
0.0,1.1200000000000001e-05,9.525000000000001e-05,6.200000000000001e-06,0
0.0,1.1200000000000001e-05,9.640000000000001e-05,6.200000000000001e-06,0
0.0,1.1200000000000001e-05,9.755e-05,6.200000000000001e-06,0
0.0,1.1200000000000001e-05,9.87e-05,6.200000000000001e-06,0
0.0,1.1200000000000001e-05,9.985e-05,6.200000000000001e-06,0
0.0,1.1200000000000001e-05,0.000101,6.200000000000001e-06,0
0.0,1.1200000000000001e-05,0.00010215,6.200000000000001e-06,0
0.0,1.1200000000000001e-05,0.0001033,6.200000000000001e-06,0
0.0,1.1200000000000001e-05,0.00010445,6.200000000000001e-06,0
0.0,1.1200000000000001e-05,0.00010559999999999999,6.200000000000001e-06,0
0.0,1.1200000000000001e-05,0.00010674999999999999,6.200000000000001e-06,0
0.0,1.1200000000000001e-05,0.0001079,6.200000000000001e-06,0
0.0,1.1200000000000001e-05,0.00010905,6.200000000000001e-06,0
0.0,1.1200000000000001e-05,0.0001102,6.200000000000001e-06,0
0.0,1.1200000000000001e-05,0.00011135,6.200000000000001e-06,0
0.0,1.1200000000000001e-05,0.0001125,6.200000000000001e-06,0
0.0,1.1200000000000001e-05,0.00011365,6.200000000000001e-06,0
0.0,1.1200000000000001e-05,0.0001148,6.200000000000001e-06,0
0.0,1.1200000000000001e-05,0.00011595,6.200000000000001e-06,0
0.0,1.1200000000000001e-05,0.0001171,6.200000000000001e-06,0
0.0,1.1200000000000001e-05,0.00011825,6.200000000000001e-06,0
0.0,1.1200000000000001e-05,0.0001194,6.200000000000001e-06,0
0.0,1.1200000000000001e-05,0.00012055,6.200000000000001e-06,0
0.0,1.1200000000000001e-05,0.0001217,6.200000000000001e-06,0
0.0,1.1200000000000001e-05,0.00012285,6.200000000000001e-06,0
0.0,1.1200000000000001e-05,0.000124,6.200000000000001e-06,0
0.0,1.1599999999999997e-05,5.5e-05,1.4e-05,0
0.0,1.1599999999999997e-05,5.615e-05,1.2849999999999999e-05,0
0.0,1.1599999999999997e-05,5.7300000000000004e-05,1.1699999999999998e-05,0
0.0,1.1599999999999997e-05,5.8450000000000005e-05,1.0549999999999997e-05,0
0.0,1.1599999999999997e-05,5.96e-05,9.400000000000003e-06,0
0.0,1.1599999999999997e-05,6.075e-05,8.250000000000002e-06,0
0.0,1.1599999999999997e-05,6.19e-05,7.100000000000002e-06,0
0.0,1.1599999999999997e-05,6.305e-05,6.599999999999997e-06,0
0.0,1.1599999999999997e-05,6.42e-05,6.599999999999997e-06,0
0.0,1.1599999999999997e-05,6.535e-05,6.599999999999997e-06,0
0.0,1.1599999999999997e-05,6.65e-05,6.599999999999997e-06,0
0.0,1.1599999999999997e-05,6.765e-05,6.599999999999997e-06,0
0.0,1.1599999999999997e-05,6.88e-05,6.599999999999997e-06,0
0.0,1.1599999999999997e-05,6.995e-05,6.599999999999997e-06,0
0.0,1.1599999999999997e-05,7.11e-05,6.599999999999997e-06,0
0.0,1.1599999999999997e-05,7.225e-05,6.599999999999997e-06,0
0.0,1.1599999999999997e-05,7.34e-05,6.599999999999997e-06,0
0.0,1.1599999999999997e-05,7.455e-05,6.599999999999997e-06,0
0.0,1.1599999999999997e-05,7.57e-05,6.599999999999997e-06,0
0.0,1.1599999999999997e-05,7.685e-05,6.599999999999997e-06,0
0.0,1.1599999999999997e-05,7.8e-05,6.599999999999997e-06,0
0.0,1.1599999999999997e-05,7.915e-05,6.599999999999997e-06,0
0.0,1.1599999999999997e-05,8.03e-05,6.599999999999997e-06,0
0.0,1.1599999999999997e-05,8.145e-05,6.599999999999997e-06,0
0.0,1.1599999999999997e-05,8.26e-05,6.599999999999997e-06,0
0.0,1.1599999999999997e-05,8.375e-05,6.599999999999997e-06,0
0.0,1.1599999999999997e-05,8.49e-05,6.599999999999997e-06,0
0.0,1.1599999999999997e-05,8.605e-05,6.599999999999997e-06,0
0.0,1.1599999999999997e-05,8.72e-05,6.599999999999997e-06,0
0.0,1.1599999999999997e-05,8.835e-05,6.599999999999997e-06,0
0.0,1.1599999999999997e-05,8.950000000000001e-05,6.599999999999997e-06,0
0.0,1.1599999999999997e-05,9.065000000000001e-05,6.599999999999997e-06,0
0.0,1.1599999999999997e-05,9.180000000000001e-05,6.599999999999997e-06,0
0.0,1.1599999999999997e-05,9.295000000000001e-05,6.599999999999997e-06,0
0.0,1.1599999999999997e-05,9.410000000000001e-05,6.599999999999997e-06,0
0.0,1.1599999999999997e-05,9.525000000000001e-05,6.599999999999997e-06,0
0.0,1.1599999999999997e-05,9.640000000000001e-05,6.599999999999997e-06,0
0.0,1.1599999999999997e-05,9.755e-05,6.599999999999997e-06,0
0.0,1.1599999999999997e-05,9.87e-05,6.599999999999997e-06,0
0.0,1.1599999999999997e-05,9.985e-05,6.599999999999997e-06,0
0.0,1.1599999999999997e-05,0.000101,6.599999999999997e-06,0
0.0,1.1599999999999997e-05,0.00010215,6.599999999999997e-06,0
0.0,1.1599999999999997e-05,0.0001033,6.599999999999997e-06,0
0.0,1.1599999999999997e-05,0.00010445,6.599999999999997e-06,0
0.0,1.1599999999999997e-05,0.00010559999999999999,6.599999999999997e-06,0
0.0,1.1599999999999997e-05,0.00010674999999999999,6.599999999999997e-06,0
0.0,1.1599999999999997e-05,0.0001079,6.599999999999997e-06,0
0.0,1.1599999999999997e-05,0.00010905,6.599999999999997e-06,0
0.0,1.1599999999999997e-05,0.0001102,6.599999999999997e-06,0
0.0,1.1599999999999997e-05,0.00011135,6.599999999999997e-06,0
0.0,1.1599999999999997e-05,0.0001125,6.599999999999997e-06,0
0.0,1.1599999999999997e-05,0.00011365,6.599999999999997e-06,0
0.0,1.1599999999999997e-05,0.0001148,6.599999999999997e-06,0
0.0,1.1599999999999997e-05,0.00011595,6.599999999999997e-06,0
0.0,1.1599999999999997e-05,0.0001171,6.599999999999997e-06,0
0.0,1.1599999999999997e-05,0.00011825,6.599999999999997e-06,0
0.0,1.1599999999999997e-05,0.0001194,6.599999999999997e-06,0
0.0,1.1599999999999997e-05,0.00012055,6.599999999999997e-06,0
0.0,1.1599999999999997e-05,0.0001217,6.599999999999997e-06,0
0.0,1.1599999999999997e-05,0.00012285,6.599999999999997e-06,0
0.0,1.1599999999999997e-05,0.000124,6.599999999999997e-06,0
0.0,1.2e-05,5.5e-05,1.4e-05,0
0.0,1.2e-05,5.615e-05,1.2849999999999999e-05,0
0.0,1.2e-05,5.7300000000000004e-05,1.1699999999999998e-05,0
0.0,1.2e-05,5.8450000000000005e-05,1.0549999999999997e-05,0
0.0,1.2e-05,5.96e-05,9.400000000000003e-06,0
0.0,1.2e-05,6.075e-05,8.250000000000002e-06,0
0.0,1.2e-05,6.19e-05,7.100000000000002e-06,0
0.0,1.2e-05,6.305e-05,7e-06,0
0.0,1.2e-05,6.42e-05,7e-06,0
0.0,1.2e-05,6.535e-05,7e-06,0
0.0,1.2e-05,6.65e-05,7e-06,0
0.0,1.2e-05,6.765e-05,7e-06,0
0.0,1.2e-05,6.88e-05,7e-06,0
0.0,1.2e-05,6.995e-05,7e-06,0
0.0,1.2e-05,7.11e-05,7e-06,0
0.0,1.2e-05,7.225e-05,7e-06,0
0.0,1.2e-05,7.34e-05,7e-06,0
0.0,1.2e-05,7.455e-05,7e-06,0
0.0,1.2e-05,7.57e-05,7e-06,0
0.0,1.2e-05,7.685e-05,7e-06,0
0.0,1.2e-05,7.8e-05,7e-06,0
0.0,1.2e-05,7.915e-05,7e-06,0
0.0,1.2e-05,8.03e-05,7e-06,0
0.0,1.2e-05,8.145e-05,7e-06,0
0.0,1.2e-05,8.26e-05,7e-06,0
0.0,1.2e-05,8.375e-05,7e-06,0
0.0,1.2e-05,8.49e-05,7e-06,0
0.0,1.2e-05,8.605e-05,7e-06,0
0.0,1.2e-05,8.72e-05,7e-06,0
0.0,1.2e-05,8.835e-05,7e-06,0
0.0,1.2e-05,8.950000000000001e-05,7e-06,0
0.0,1.2e-05,9.065000000000001e-05,7e-06,0
0.0,1.2e-05,9.180000000000001e-05,7e-06,0
0.0,1.2e-05,9.295000000000001e-05,7e-06,0
0.0,1.2e-05,9.410000000000001e-05,7e-06,0
0.0,1.2e-05,9.525000000000001e-05,7e-06,0
0.0,1.2e-05,9.640000000000001e-05,7e-06,0
0.0,1.2e-05,9.755e-05,7e-06,0
0.0,1.2e-05,9.87e-05,7e-06,0
0.0,1.2e-05,9.985e-05,7e-06,0
0.0,1.2e-05,0.000101,7e-06,0
0.0,1.2e-05,0.00010215,7e-06,0
0.0,1.2e-05,0.0001033,7e-06,0
0.0,1.2e-05,0.00010445,7e-06,0
0.0,1.2e-05,0.00010559999999999999,7e-06,0
0.0,1.2e-05,0.00010674999999999999,7e-06,0
0.0,1.2e-05,0.0001079,7e-06,0
0.0,1.2e-05,0.00010905,7e-06,0
0.0,1.2e-05,0.0001102,7e-06,0
0.0,1.2e-05,0.00011135,7e-06,0
0.0,1.2e-05,0.0001125,7e-06,0
0.0,1.2e-05,0.00011365,7e-06,0
0.0,1.2e-05,0.0001148,7e-06,0
0.0,1.2e-05,0.00011595,7e-06,0
0.0,1.2e-05,0.0001171,7e-06,0
0.0,1.2e-05,0.00011825,7e-06,0
0.0,1.2e-05,0.0001194,7e-06,0
0.0,1.2e-05,0.00012055,7e-06,0
0.0,1.2e-05,0.0001217,7e-06,0
0.0,1.2e-05,0.00012285,7e-06,0
0.0,1.2e-05,0.000124,7e-06,0
