step,time_s,dt_s,topology,topology_status,head_position_m,E_peak_V_m,eta_peak,ne_peak_m3,sigma_e_peak_S_m,tau_i_at_E_peak_s,tau_M_at_E_peak_s,Pi_RF_at_E_peak,K_ion_z_A_m_s,current_moment_z_A_m
1,1e-14,1e-14,UNRESOLVED,UNRESOLVED,,,,,,,,,,0.0
2,2e-14,1e-14,UNRESOLVED,UNRESOLVED,,,,,,,,,,0.0
3,3e-14,1e-14,UNRESOLVED,UNRESOLVED,,,,,,,,,,0.0
4,4e-14,1e-14,UNRESOLVED,UNRESOLVED,,,,,,,,,,0.0
5,5e-14,1e-14,UNRESOLVED,UNRESOLVED,,,,,,,,,,0.0
6,6e-14,1e-14,UNRESOLVED,UNRESOLVED,,,,,,,,,,0.0
7,6.999999999999999e-14,1e-14,UNRESOLVED,UNRESOLVED,,,,,,,,,,0.0
8,7.999999999999999e-14,1e-14,UNRESOLVED,UNRESOLVED,,,,,,,,,,0.0
9,8.999999999999998e-14,1e-14,UNRESOLVED,UNRESOLVED,,,,,,,,,,0.0
10,9.999999999999997e-14,1e-14,UNRESOLVED,UNRESOLVED,,,,,,,,,,0.0
11,1.0999999999999997e-13,1e-14,UNRESOLVED,UNRESOLVED,,,,,,,,,,0.0
12,1.1999999999999997e-13,1e-14,UNRESOLVED,UNRESOLVED,,,,,,,,,,0.0
13,1.3e-13,1e-14,UNRESOLVED,UNRESOLVED,,,,,,,,,,0.0
14,1.3999999999999998e-13,1e-14,UNRESOLVED,UNRESOLVED,,,,,,,,,,0.0
15,1.5000000000000002e-13,1e-14,UNRESOLVED,UNRESOLVED,,,,,,,,,,0.0
16,1.6e-13,1e-14,UNRESOLVED,UNRESOLVED,,,,,,,,,,0.0
17,1.7e-13,1e-14,UNRESOLVED,UNRESOLVED,,,,,,,,,,0.0
18,1.8000000000000004e-13,1e-14,UNRESOLVED,UNRESOLVED,,,,,,,,,,0.0
19,1.9000000000000002e-13,1e-14,UNRESOLVED,UNRESOLVED,,,,,,,,,,0.0
20,2.0000000000000006e-13,1e-14,UNRESOLVED,UNRESOLVED,,,,,,,,,,0.0
21,2.1000000000000006e-13,1e-14,UNRESOLVED,UNRESOLVED,,,,,,,,,,0.0
22,2.2000000000000005e-13,1e-14,UNRESOLVED,UNRESOLVED,,,,,,,,,,0.0
23,2.300000000000001e-13,1e-14,UNRESOLVED,UNRESOLVED,,,,,,,,,,0.0
24,2.4000000000000004e-13,1e-14,UNRESOLVED,UNRESOLVED,,,,,,,,,,0.0
25,2.5000000000000005e-13,1e-14,UNRESOLVED,UNRESOLVED,,,,,,,,,,0.0
26,2.6000000000000005e-13,1e-14,UNRESOLVED,UNRESOLVED,,,,,,,,,,0.0
27,2.700000000000001e-13,1e-14,UNRESOLVED,UNRESOLVED,,,,,,,,,,0.0
28,2.800000000000001e-13,1e-14,UNRESOLVED,UNRESOLVED,,,,,,,,,,0.0
29,2.9000000000000013e-13,1e-14,UNRESOLVED,UNRESOLVED,,,,,,,,,,0.0
30,3.000000000000001e-13,1e-14,UNRESOLVED,UNRESOLVED,,,,,,,,,,0.0
31,3.100000000000001e-13,1e-14,UNRESOLVED,UNRESOLVED,,,,,,,,,,0.0
32,3.200000000000001e-13,1e-14,UNRESOLVED,UNRESOLVED,,,,,,,,,,0.0
33,3.300000000000001e-13,1e-14,UNRESOLVED,UNRESOLVED,,,,,,,,,,0.0
34,3.400000000000001e-13,1e-14,UNRESOLVED,UNRESOLVED,,,,,,,,,,0.0
35,3.500000000000001e-13,1e-14,UNRESOLVED,UNRESOLVED,,,,,,,,,,0.0
36,3.6000000000000013e-13,1e-14,UNRESOLVED,UNRESOLVED,,,,,,,,,,0.0
37,3.700000000000002e-13,1e-14,UNRESOLVED,UNRESOLVED,,,,,,,,,,0.0
38,3.800000000000002e-13,1e-14,UNRESOLVED,UNRESOLVED,,,,,,,,,,0.0
39,3.900000000000002e-13,1e-14,UNRESOLVED,UNRESOLVED,,,,,,,,,,0.0
40,4.000000000000002e-13,1e-14,UNRESOLVED,UNRESOLVED,,,,,,,,,,0.0
41,4.1000000000000017e-13,1e-14,UNRESOLVED,UNRESOLVED,,,,,,,,,,0.0
42,4.200000000000002e-13,1e-14,UNRESOLVED,UNRESOLVED,,,,,,,,,,0.0
43,4.300000000000002e-13,1e-14,UNRESOLVED,UNRESOLVED,,,,,,,,,,0.0
44,4.400000000000002e-13,1e-14,UNRESOLVED,UNRESOLVED,,,,,,,,,,0.0
45,4.500000000000002e-13,1e-14,UNRESOLVED,UNRESOLVED,,,,,,,,,,0.0
46,4.600000000000002e-13,1e-14,UNRESOLVED,UNRESOLVED,,,,,,,,,,0.0
47,4.700000000000001e-13,1e-14,UNRESOLVED,UNRESOLVED,,,,,,,,,,0.0
48,4.800000000000001e-13,1e-14,UNRESOLVED,UNRESOLVED,,,,,,,,,,0.0
49,4.9e-13,1e-14,UNRESOLVED,UNRESOLVED,,,,,,,,,,0.0
50,5.000000000000001e-13,1e-14,UNRESOLVED,UNRESOLVED,,,,,,,,,,0.0
51,5.1e-13,1e-14,UNRESOLVED,UNRESOLVED,,,,,,,,,,0.0
52,5.199999999999999e-13,1e-14,UNRESOLVED,UNRESOLVED,,,,,,,,,,0.0
53,5.3e-13,1e-14,UNRESOLVED,UNRESOLVED,,,,,,,,,,0.0
54,5.399999999999999e-13,1e-14,UNRESOLVED,UNRESOLVED,,,,,,,,,,0.0
55,5.499999999999998e-13,1e-14,UNRESOLVED,UNRESOLVED,,,,,,,,,,0.0
56,5.599999999999997e-13,1e-14,UNRESOLVED,UNRESOLVED,,,,,,,,,,0.0
57,5.699999999999997e-13,1e-14,UNRESOLVED,UNRESOLVED,,,,,,,,,,0.0
58,5.799999999999998e-13,1e-14,UNRESOLVED,UNRESOLVED,,,,,,,,,,0.0
59,5.899999999999996e-13,1e-14,UNRESOLVED,UNRESOLVED,,,,,,,,,,0.0
60,5.999999999999997e-13,1e-14,UNRESOLVED,UNRESOLVED,,,,,,,,,,0.0
61,6.099999999999996e-13,1e-14,UNRESOLVED,UNRESOLVED,,,,,,,,,,0.0
62,6.199999999999995e-13,1e-14,UNRESOLVED,UNRESOLVED,,,,,,,,,,0.0
63,6.299999999999994e-13,1e-14,UNRESOLVED,UNRESOLVED,,,,,,,,,,0.0
64,6.399999999999994e-13,1e-14,UNRESOLVED,UNRESOLVED,,,,,,,,,,0.0
65,6.499999999999995e-13,1e-14,UNRESOLVED,UNRESOLVED,,,,,,,,,,0.0
66,6.599999999999993e-13,1e-14,UNRESOLVED,UNRESOLVED,,,,,,,,,,0.0
67,6.699999999999994e-13,1e-14,UNRESOLVED,UNRESOLVED,,,,,,,,,,0.0
68,6.799999999999992e-13,1e-14,UNRESOLVED,UNRESOLVED,,,,,,,,,,0.0
69,6.899999999999993e-13,1e-14,UNRESOLVED,UNRESOLVED,,,,,,,,,,0.0
70,6.999999999999992e-13,1e-14,UNRESOLVED,UNRESOLVED,,,,,,,,,,0.0
71,7.099999999999991e-13,1e-14,UNRESOLVED,UNRESOLVED,,,,,,,,,,0.0
72,7.199999999999992e-13,1e-14,UNRESOLVED,UNRESOLVED,,,,,,,,,,0.0
73,7.299999999999991e-13,1e-14,UNRESOLVED,UNRESOLVED,,,,,,,,,,0.0
74,7.39999999999999e-13,1e-14,UNRESOLVED,UNRESOLVED,,,,,,,,,,0.0
75,7.499999999999989e-13,1e-14,UNRESOLVED,UNRESOLVED,,,,,,,,,,0.0
76,7.599999999999988e-13,1e-14,UNRESOLVED,UNRESOLVED,,,,,,,,,,0.0
77,7.699999999999987e-13,1e-14,UNRESOLVED,UNRESOLVED,,,,,,,,,,0.0
78,7.799999999999988e-13,1e-14,UNRESOLVED,UNRESOLVED,,,,,,,,,,0.0
79,7.899999999999988e-13,1e-14,UNRESOLVED,UNRESOLVED,,,,,,,,,,0.0
80,7.999999999999988e-13,1e-14,UNRESOLVED,UNRESOLVED,,,,,,,,,,0.0
81,8.099999999999987e-13,1e-14,UNRESOLVED,UNRESOLVED,,,,,,,,,,0.0
82,8.199999999999986e-13,1e-14,UNRESOLVED,UNRESOLVED,,,,,,,,,,0.0
83,8.299999999999988e-13,1e-14,UNRESOLVED,UNRESOLVED,,,,,,,,,,0.0
84,8.399999999999986e-13,1e-14,UNRESOLVED,UNRESOLVED,,,,,,,,,,0.0
85,8.499999999999985e-13,1e-14,UNRESOLVED,UNRESOLVED,,,,,,,,,,0.0
86,8.599999999999985e-13,1e-14,UNRESOLVED,UNRESOLVED,,,,,,,,,,0.0
87,8.699999999999985e-13,1e-14,UNRESOLVED,UNRESOLVED,,,,,,,,,,0.0
88,8.799999999999983e-13,1e-14,UNRESOLVED,UNRESOLVED,,,,,,,,,,0.0
89,8.899999999999983e-13,1e-14,UNRESOLVED,UNRESOLVED,,,,,,,,,,0.0
90,8.999999999999985e-13,1e-14,UNRESOLVED,UNRESOLVED,,,,,,,,,,0.0
91,9.099999999999985e-13,1e-14,UNRESOLVED,UNRESOLVED,,,,,,,,,,0.0
92,9.199999999999985e-13,1e-14,UNRESOLVED,UNRESOLVED,,,,,,,,,,0.0
93,9.299999999999983e-13,1e-14,UNRESOLVED,UNRESOLVED,,,,,,,,,,0.0
94,9.399999999999984e-13,1e-14,UNRESOLVED,UNRESOLVED,,,,,,,,,,0.0
95,9.499999999999982e-13,1e-14,UNRESOLVED,UNRESOLVED,,,,,,,,,,0.0
96,9.599999999999981e-13,1e-14,UNRESOLVED,UNRESOLVED,,,,,,,,,,0.0
97,9.699999999999983e-13,1e-14,UNRESOLVED,UNRESOLVED,,,,,,,,,,0.0
98,9.799999999999982e-13,1e-14,UNRESOLVED,UNRESOLVED,,,,,,,,,,0.0
99,9.89999999999998e-13,1e-14,UNRESOLVED,UNRESOLVED,,,,,,,,,,0.0
100,9.999999999999982e-13,1e-14,UNRESOLVED,UNRESOLVED,,,,,,,,,,0.0
101,1.0099999999999981e-12,1e-14,UNRESOLVED,UNRESOLVED,,,,,,,,,,0.0
102,1.019999999999998e-12,1e-14,UNRESOLVED,UNRESOLVED,,,,,,,,,,0.0
103,1.0299999999999978e-12,1e-14,UNRESOLVED,UNRESOLVED,,,,,,,,,,0.0
104,1.0399999999999978e-12,1e-14,UNRESOLVED,UNRESOLVED,,,,,,,,,,0.0
105,1.0499999999999975e-12,1e-14,UNRESOLVED,UNRESOLVED,,,,,,,,,,0.0
106,1.0599999999999977e-12,1e-14,UNRESOLVED,UNRESOLVED,,,,,,,,,,0.0
107,1.0699999999999977e-12,1e-14,UNRESOLVED,UNRESOLVED,,,,,,,,,,0.0
108,1.0799999999999976e-12,1e-14,UNRESOLVED,UNRESOLVED,,,,,,,,,,0.0
109,1.0899999999999976e-12,1e-14,UNRESOLVED,UNRESOLVED,,,,,,,,,,0.0
110,1.0999999999999977e-12,1e-14,UNRESOLVED,UNRESOLVED,,,,,,,,,,0.0
111,1.1099999999999977e-12,1e-14,UNRESOLVED,UNRESOLVED,,,,,,,,,,0.0
112,1.1199999999999974e-12,1e-14,UNRESOLVED,UNRESOLVED,,,,,,,,,,0.0
113,1.1299999999999974e-12,1e-14,UNRESOLVED,UNRESOLVED,,,,,,,,,,0.0
114,1.1399999999999974e-12,1e-14,UNRESOLVED,UNRESOLVED,,,,,,,,,,0.0
115,1.1499999999999973e-12,1e-14,UNRESOLVED,UNRESOLVED,,,,,,,,,,0.0
116,1.1599999999999973e-12,1e-14,UNRESOLVED,UNRESOLVED,,,,,,,,,,0.0
117,1.1699999999999972e-12,1e-14,UNRESOLVED,UNRESOLVED,,,,,,,,,,0.0
118,1.1799999999999972e-12,1e-14,UNRESOLVED,UNRESOLVED,,,,,,,,,,0.0
119,1.1899999999999972e-12,1e-14,UNRESOLVED,UNRESOLVED,,,,,,,,,,0.0
120,1.1999999999999973e-12,1e-14,UNRESOLVED,UNRESOLVED,,,,,,,,,,0.0
121,1.2099999999999973e-12,1e-14,UNRESOLVED,UNRESOLVED,,,,,,,,,,0.0
122,1.219999999999997e-12,1e-14,UNRESOLVED,UNRESOLVED,,,,,,,,,,0.0
123,1.229999999999997e-12,1e-14,UNRESOLVED,UNRESOLVED,,,,,,,,,,0.0
124,1.239999999999997e-12,1e-14,UNRESOLVED,UNRESOLVED,,,,,,,,,,0.0
125,1.2499999999999969e-12,1e-14,UNRESOLVED,UNRESOLVED,,,,,,,,,,0.0
126,1.2599999999999969e-12,1e-14,UNRESOLVED,UNRESOLVED,,,,,,,,,,0.0
127,1.2699999999999968e-12,1e-14,UNRESOLVED,UNRESOLVED,,,,,,,,,,0.0
128,1.2799999999999968e-12,1e-14,UNRESOLVED,UNRESOLVED,,,,,,,,,,0.0
129,1.289999999999997e-12,1e-14,UNRESOLVED,UNRESOLVED,,,,,,,,,,0.0
130,1.2999999999999969e-12,1e-14,UNRESOLVED,UNRESOLVED,,,,,,,,,,0.0
131,1.3099999999999966e-12,1e-14,UNRESOLVED,UNRESOLVED,,,,,,,,,,0.0
132,1.3199999999999966e-12,1e-14,UNRESOLVED,UNRESOLVED,,,,,,,,,,0.0
133,1.3299999999999968e-12,1e-14,UNRESOLVED,UNRESOLVED,,,,,,,,,,0.0
134,1.3399999999999965e-12,1e-14,UNRESOLVED,UNRESOLVED,,,,,,,,,,0.0
135,1.3499999999999965e-12,1e-14,UNRESOLVED,UNRESOLVED,,,,,,,,,,0.0
136,1.3599999999999964e-12,1e-14,UNRESOLVED,UNRESOLVED,,,,,,,,,,0.0
137,1.3699999999999964e-12,1e-14,UNRESOLVED,UNRESOLVED,,,,,,,,,,0.0
138,1.3799999999999965e-12,1e-14,UNRESOLVED,UNRESOLVED,,,,,,,,,,0.0
139,1.3899999999999965e-12,1e-14,UNRESOLVED,UNRESOLVED,,,,,,,,,,0.0
140,1.3999999999999965e-12,1e-14,UNRESOLVED,UNRESOLVED,,,,,,,,,,0.0
141,1.4099999999999962e-12,1e-14,UNRESOLVED,UNRESOLVED,,,,,,,,,,0.0
142,1.4199999999999962e-12,1e-14,UNRESOLVED,UNRESOLVED,,,,,,,,,,0.0
143,1.4299999999999961e-12,1e-14,UNRESOLVED,UNRESOLVED,,,,,,,,,,0.0
144,1.439999999999996e-12,1e-14,UNRESOLVED,UNRESOLVED,,,,,,,,,,0.0
145,1.449999999999996e-12,1e-14,UNRESOLVED,UNRESOLVED,,,,,,,,,,0.0
146,1.459999999999996e-12,1e-14,UNRESOLVED,UNRESOLVED,,,,,,,,,,0.0
147,1.469999999999996e-12,1e-14,UNRESOLVED,UNRESOLVED,,,,,,,,,,0.0
148,1.4799999999999961e-12,1e-14,UNRESOLVED,UNRESOLVED,,,,,,,,,,0.0
149,1.489999999999996e-12,1e-14,UNRESOLVED,UNRESOLVED,,,,,,,,,,0.0
150,1.4999999999999958e-12,1e-14,UNRESOLVED,UNRESOLVED,,,,,,,,,,0.0
151,1.5099999999999958e-12,1e-14,UNRESOLVED,UNRESOLVED,,,,,,,,,,0.0
152,1.5199999999999957e-12,1e-14,UNRESOLVED,UNRESOLVED,,,,,,,,,,0.0
153,1.5299999999999957e-12,1e-14,UNRESOLVED,UNRESOLVED,,,,,,,,,,0.0
154,1.5399999999999957e-12,1e-14,UNRESOLVED,UNRESOLVED,,,,,,,,,,0.0
155,1.5499999999999956e-12,1e-14,UNRESOLVED,UNRESOLVED,,,,,,,,,,0.0
156,1.5599999999999956e-12,1e-14,UNRESOLVED,UNRESOLVED,,,,,,,,,,0.0
157,1.5699999999999957e-12,1e-14,UNRESOLVED,UNRESOLVED,,,,,,,,,,0.0
158,1.5799999999999957e-12,1e-14,UNRESOLVED,UNRESOLVED,,,,,,,,,,0.0
159,1.5899999999999954e-12,1e-14,UNRESOLVED,UNRESOLVED,,,,,,,,,,0.0
160,1.5999999999999954e-12,1e-14,UNRESOLVED,UNRESOLVED,,,,,,,,,,0.0
161,1.6099999999999956e-12,1e-14,UNRESOLVED,UNRESOLVED,,,,,,,,,,0.0
162,1.6199999999999953e-12,1e-14,UNRESOLVED,UNRESOLVED,,,,,,,,,,0.0
163,1.6299999999999953e-12,1e-14,UNRESOLVED,UNRESOLVED,,,,,,,,,,0.0
164,1.6399999999999952e-12,1e-14,UNRESOLVED,UNRESOLVED,,,,,,,,,,0.0
165,1.6499999999999952e-12,1e-14,UNRESOLVED,UNRESOLVED,,,,,,,,,,0.0
166,1.6599999999999954e-12,1e-14,UNRESOLVED,UNRESOLVED,,,,,,,,,,0.0
167,1.6699999999999953e-12,1e-14,UNRESOLVED,UNRESOLVED,,,,,,,,,,0.0
168,1.6799999999999953e-12,1e-14,UNRESOLVED,UNRESOLVED,,,,,,,,,,0.0
169,1.689999999999995e-12,1e-14,UNRESOLVED,UNRESOLVED,,,,,,,,,,0.0
170,1.699999999999995e-12,1e-14,UNRESOLVED,UNRESOLVED,,,,,,,,,,0.0
171,1.709999999999995e-12,1e-14,UNRESOLVED,UNRESOLVED,,,,,,,,,,0.0
172,1.7199999999999949e-12,1e-14,UNRESOLVED,UNRESOLVED,,,,,,,,,,0.0
173,1.7299999999999948e-12,1e-14,UNRESOLVED,UNRESOLVED,,,,,,,,,,0.0
174,1.7399999999999948e-12,1e-14,UNRESOLVED,UNRESOLVED,,,,,,,,,,0.0
175,1.749999999999995e-12,1e-14,UNRESOLVED,UNRESOLVED,,,,,,,,,,0.0
176,1.759999999999995e-12,1e-14,UNRESOLVED,UNRESOLVED,,,,,,,,,,0.0
177,1.7699999999999949e-12,1e-14,UNRESOLVED,UNRESOLVED,,,,,,,,,,0.0
178,1.7799999999999946e-12,1e-14,UNRESOLVED,UNRESOLVED,,,,,,,,,,0.0
179,1.7899999999999946e-12,1e-14,UNRESOLVED,UNRESOLVED,,,,,,,,,,0.0
180,1.7999999999999948e-12,1e-14,UNRESOLVED,UNRESOLVED,,,,,,,,,,0.0
181,1.8099999999999945e-12,1e-14,UNRESOLVED,UNRESOLVED,,,,,,,,,,0.0
182,1.819999999999995e-12,1e-14,UNRESOLVED,UNRESOLVED,,,,,,,,,,0.0
183,1.829999999999995e-12,1e-14,UNRESOLVED,UNRESOLVED,,,,,,,,,,0.0
184,1.839999999999995e-12,1e-14,UNRESOLVED,UNRESOLVED,,,,,,,,,,0.0
185,1.849999999999995e-12,1e-14,UNRESOLVED,UNRESOLVED,,,,,,,,,,0.0
186,1.8599999999999957e-12,1e-14,UNRESOLVED,UNRESOLVED,,,,,,,,,,0.0
187,1.869999999999996e-12,1e-14,UNRESOLVED,UNRESOLVED,,,,,,,,,,0.0
188,1.879999999999996e-12,1e-14,UNRESOLVED,UNRESOLVED,,,,,,,,,,0.0
189,1.889999999999996e-12,1e-14,UNRESOLVED,UNRESOLVED,,,,,,,,,,0.0
190,1.899999999999996e-12,1e-14,UNRESOLVED,UNRESOLVED,,,,,,,,,,0.0
191,1.909999999999996e-12,1e-14,UNRESOLVED,UNRESOLVED,,,,,,,,,,0.0
192,1.9199999999999967e-12,1e-14,UNRESOLVED,UNRESOLVED,,,,,,,,,,0.0
193,1.9299999999999964e-12,1e-14,UNRESOLVED,UNRESOLVED,,,,,,,,,,0.0
194,1.939999999999997e-12,1e-14,UNRESOLVED,UNRESOLVED,,,,,,,,,,0.0
195,1.9499999999999967e-12,1e-14,UNRESOLVED,UNRESOLVED,,,,,,,,,,0.0
196,1.959999999999997e-12,1e-14,UNRESOLVED,UNRESOLVED,,,,,,,,,,0.0
197,1.969999999999997e-12,1e-14,UNRESOLVED,UNRESOLVED,,,,,,,,,,0.0
198,1.979999999999997e-12,1e-14,UNRESOLVED,UNRESOLVED,,,,,,,,,,0.0
199,1.9899999999999974e-12,1e-14,UNRESOLVED,UNRESOLVED,,,,,,,,,,0.0
200,1.999999999999997e-12,1e-14,UNRESOLVED,UNRESOLVED,,,,,,,,,,0.0
201,2.0099999999999977e-12,1e-14,UNRESOLVED,UNRESOLVED,,,,,,,,,,-5.350641805915435e-15
202,2.019999999999998e-12,1e-14,UNRESOLVED,UNRESOLVED,6.5625e-05,,,,,,,,,-6.475216094395096e-15
203,2.029999999999998e-12,1e-14,UNRESOLVED,UNRESOLVED,6.5625e-05,,,,,,,,,-4.935395327453764e-15
204,2.0399999999999986e-12,1e-14,UNRESOLVED,UNRESOLVED,6.5625e-05,,,,,,,,,-5.090230839522791e-15
205,2.0499999999999983e-12,1e-14,UNRESOLVED,UNRESOLVED,6.5625e-05,,,,,,,,,-5.464109091987449e-15
206,2.0599999999999985e-12,1e-14,UNRESOLVED,UNRESOLVED,6.5625e-05,,,,,,,,,-6.2822286182191526e-15
207,2.069999999999999e-12,1e-14,UNRESOLVED,UNRESOLVED,6.5625e-05,,,,,,,,,-6.891010784286104e-15
208,2.079999999999999e-12,1e-14,UNRESOLVED,UNRESOLVED,6.5625e-05,,,,,,,,,-7.54653059521694e-15
209,2.089999999999999e-12,1e-14,UNRESOLVED,UNRESOLVED,6.5625e-05,,,,,,,,,-8.113277908393481e-15
210,2.099999999999999e-12,1e-14,UNRESOLVED,UNRESOLVED,6.5625e-05,,,,,,,,,-8.733958655221499e-15
211,2.1099999999999997e-12,1e-14,UNRESOLVED,UNRESOLVED,6.5625e-05,,,,,,,,,-9.227066569752616e-15
212,2.12e-12,1e-14,UNRESOLVED,UNRESOLVED,6.5625e-05,,,,,,,,,-9.918744698915178e-15
213,2.13e-12,1e-14,ELECTRODE_ATTACHMENT,PENDING_CONTIGUOUS_CONFIRMATION,6.49999838838225e-05,581325.2367485169,0.2207755742496095,2783400987100437.0,2.874900109241148e-05,2.74545190159976,3.0798245074111924e-07,1.1217914637719915e-07,3.1873277317428912e-15,-1.0487841423403766e-14
214,2.14e-12,1e-14,ELECTRODE_ATTACHMENT,CONFIRMED,6.496900276838217e-05,626042.5614779793,0.2377583102843847,2783188316273886.5,2.803452715380293e-05,0.4866379103774939,3.158315374546604e-07,6.49007261291386e-07,1.888381713138159e-14,-1.1042872706640816e-14
215,2.15e-12,1e-14,ELECTRODE_ATTACHMENT,CONFIRMED,6.493921815926326e-05,670759.88602687,0.2547410462505825,2782971438793554.5,2.7415083681811285e-05,0.1081788222258594,3.2296774708276266e-07,2.9854988290449257e-06,8.900472293380494e-14,-1.1595006562241426e-14
216,2.16e-12,1e-14,ELECTRODE_ATTACHMENT,CONFIRMED,6.491060332603353e-05,715477.2103957298,0.2717237821484083,2782750292243339.0,2.687284654040323e-05,0.0289121853732358,3.2948455235241865e-07,1.1396044543122795e-05,3.481987701104291e-13,-1.2146731275018962e-14
217,2.1700000000000002e-12,1e-14,ELECTRODE_ATTACHMENT,CONFIRMED,6.488317088822415e-05,760194.5345856602,0.2887065179782802,2782524835491763.0,2.6394185610737648e-05,0.0089946924705983,3.354597843396976e-07,3.729530336209272e-05,1.1680069654633849e-12,-1.2696373282497955e-14
218,2.1800000000000004e-12,1e-14,ELECTRODE_ATTACHMENT,CONFIRMED,6.485686747998485e-05,804911.8585970936,0.3056892537403627,2782295043136389.0,2.596849977443152e-05,0.0031763924788447,3.409587727327167e-07,0.0001073415124244,3.445560649578016e-12,-1.324374241731404e-14
219,2.190000000000001e-12,1e-14,ELECTRODE_ATTACHMENT,CONFIRMED,6.483162241991882e-05,849629.1824301261,0.322671989434692,2782060901490938.0,2.558741979918525e-05,0.0012482274380838,3.460367587779185e-07,0.0002772225222905,9.119295517660788e-12,-1.3789228234664664e-14
220,2.2000000000000007e-12,1e-14,ELECTRODE_ATTACHMENT,CONFIRMED,6.480736966932636e-05,894346.5060848752,0.3396547250613129,2781822405661061.0,2.5244250360480117e-05,0.0005372238366789,3.507407701304229e-07,0.0006528764105081,2.2004550272644295e-11,-1.4332914677910534e-14
221,2.210000000000001e-12,1e-14,ELECTRODE_ATTACHMENT,CONFIRMED,6.478404784189221e-05,939063.8295615073,0.3566374606202886,2781579557377467.0,2.4933571486803708e-05,0.0002499890044029,3.551110925880053e-07,0.0014205068476353,4.9040938233029294e-11,-1.4875254608733076e-14
222,2.220000000000001e-12,1e-14,ELECTRODE_ATTACHMENT,CONFIRMED,6.47616000542598e-05,983781.1528602378,0.3736201961117008,2781332363370220.5,2.465094870244236e-05,0.0001244534449228,3.591824363304423e-07,0.002886078698369,1.0202959909925149e-10,-1.5416364498012746e-14
223,2.2300000000000008e-12,1e-14,ELECTRODE_ATTACHMENT,CONFIRMED,6.473997369001381e-05,1028498.4759812749,0.3906029315356286,2781080834138668.5,2.4392718785806675e-05,6.570883197565212e-05,3.6298486817106933e-07,0.0055241412342494,1.9991361340310207e-10,-1.5956378752013305e-14
224,2.2400000000000014e-12,1e-14,ELECTRODE_ATTACHMENT,CONFIRMED,6.471912012366757e-05,1073215.7989248235,0.4075856668921501,2780824983013750.0,2.415582908864079e-05,3.652673238442801e-05,3.6654456281791045e-07,0.0100349672387934,3.716226968662828e-10,-1.6495404840697886e-14
225,2.250000000000001e-12,1e-14,ELECTRODE_ATTACHMENT,CONFIRMED,6.469899442973807e-05,1117933.1216910814,0.42456840218134,2780564825440011.5,2.3937715418994765e-05,2.124765833804961e-05,3.698844128531218e-07,0.0174082436270515,6.594682892355097e-10,-1.7033510909083102e-14
226,2.2600000000000017e-12,1e-14,ELECTRODE_ATTACHMENT,CONFIRMED,6.467955509350231e-05,1162650.4442802323,0.4415511374032682,2780300378424847.0,2.3736208105359413e-05,1.2866911468434552e-05,3.730245274855342e-07,0.0289909920030652,1.1230415883459166e-09,-1.7570766389167506e-14
227,2.270000000000002e-12,1e-14,ELECTRODE_ATTACHMENT,CONFIRMED,6.466076377821246e-05,1207367.7666924542,0.4585338725580024,2780031659737873.0,2.354945893249569e-05,8.07573524488338e-06,3.759826430908858e-07,0.0465570789147775,1.8435383192183143e-09,-1.8107252166469935e-14
228,2.280000000000002e-12,1e-14,ELECTRODE_ATTACHMENT,CONFIRMED,6.464259052029835e-05,1252085.0889277472,0.4755166076455427,2779758640389931.5,2.337588333982872e-05,5.2334554604622205e-06,3.7877446957111997e-07,0.0723755981937154,2.9284121695556102e-09,-1.8643031714886137e-14
229,2.2900000000000026e-12,1e-14,ELECTRODE_ATTACHMENT,CONFIRMED,6.46250022248404e-05,1296802.41098627,0.4924993426659491,2779481337083522.5,2.321411568150408e-05,3.4903874641953566e-06,3.8141396098299814e-07,0.1092755359958084,4.5162450685771515e-09,-1.9178162675055672e-14
230,2.3000000000000023e-12,1e-14,ELECTRODE_ATTACHMENT,CONFIRMED,6.460796820832646e-05,1341519.7328681804,0.5094820776192817,2779199766912462.5,2.306297241605172e-05,2.3889419508888718e-06,3.839135586286149e-07,0.1607044317195607,6.781716144498372e-09,-1.9712701447802748e-14
231,2.3100000000000025e-12,1e-14,ELECTRODE_ATTACHMENT,CONFIRMED,6.459145999267089e-05,1386237.0545736349,0.5264648125056,2778913947227838.0,2.2921422734031102e-05,1.673827076907264e-06,3.8628439061307994e-07,0.2307791503330313,9.940552275907613e-09,-2.024669823500169e-14
232,2.3200000000000026e-12,1e-14,ELECTRODE_ATTACHMENT,CONFIRMED,6.457545111732695e-05,1430954.376102741,0.5434475473249447,2778623895542763.0,2.2788564693141808e-05,1.1979761857324532e-06,3.88536440623865e-07,0.3243273491169696,1.4254349753853128e-08,-2.078019899796748e-14
233,2.3300000000000028e-12,1e-14,ELECTRODE_ATTACHMENT,CONFIRMED,6.455991696842527e-05,1475671.6974554765,0.5604302820773072,2778329629466463.5,2.266360569252733e-05,8.741605353836621e-07,3.9067869133107163e-07,0.4469187014483624,2.003516758639464e-08,-2.1313246239787685e-14
234,2.340000000000003e-12,1e-14,ELECTRODE_ATTACHMENT,CONFIRMED,6.454483462381388e-05,1520389.0186319775,0.5774130167627397,2778031166659593.0,2.2545846392882893e-05,6.492457034653733e-07,3.927192467520326e-07,0.6048853995581008,2.764980688816209e-08,-2.1845878952342524e-14
235,2.350000000000003e-12,1e-14,ELECTRODE_ATTACHMENT,CONFIRMED,6.453018271147017e-05,1565106.339632378,0.5943957513812926,2777728524818288.5,2.243466739329788e-05,4.900655873939635e-07,3.94665437092466e-07,0.805331872395265,3.752370631597456e-08,-2.2378133254097415e-14
236,2.3600000000000037e-12,1e-14,ELECTRODE_ATTACHMENT,CONFIRMED,6.451594128154647e-05,1609823.6604568104,0.6113784859330164,2777421721667993.0,2.2329518128684623e-05,3.7544848060688765e-07,3.96523908925104e-07,1.056134008810342,5.014439954057805e-08,-2.2910042677386856e-14
237,2.370000000000004e-12,1e-14,ELECTRODE_ATTACHMENT,CONFIRMED,6.450209169029223e-05,1654540.981105399,0.6283612204179586,2777110774968642.0,2.222990756770844e-05,2.91597044639964e-07,3.9830070304303697e-07,1.3659284631461903,6.606449641694101e-08,-2.3441638527911023e-14
238,2.380000000000004e-12,1e-14,ELECTRODE_ATTACHMENT,CONFIRMED,6.448861649472587e-05,1699258.301578279,0.6453439548361696,2776795702528309.0,2.213539637953841e-05,2.293463472454645e-07,4.0000132190922333e-07,1.7440928391203476,8.590416419282273e-08,-2.397295009216293e-14
239,2.390000000000004e-12,1e-14,ELECTRODE_ATTACHMENT,CONFIRMED,6.447549935701611e-05,1743975.6218755697,0.6623266891876957,2776476522222955.0,2.204559030577617e-05,1.8249991259777013e-07,4.016307882887633e-07,2.200717702117248,1.1035309834715805e-07,-2.4504004838369924e-14
240,2.400000000000004e-12,1e-14,ELECTRODE_ATTACHMENT,CONFIRMED,6.446272495762101e-05,1788692.9419973956,0.6793094234725839,2776153252020325.0,2.196013452664806e-05,1.46798909607804e-07,4.0319369637994114e-07,2.7465714660765226,1.4017198422350652e-07,-2.5034828597462752e-14
241,2.410000000000004e-12,1e-14,ELECTRODE_ATTACHMENT,CONFIRMED,6.445027891632192e-05,1833410.2619438844,0.6962921576908826,2775825910006397.0,2.187870885170071e-05,1.1927120249765936e-07,4.0469425654026804e-07,3.3930592470400387,1.7619346040970269e-07,-2.5565445721769744e-14
242,2.4200000000000042e-12,1e-14,ELECTRODE_ATTACHMENT,CONFIRMED,6.443814772037072e-05,1878127.5817151552,0.7132748918426369,2775494514413075.0,2.180102359757545e-05,9.781287167491465e-08,4.0613633452443484e-07,4.152176779700802,2.1932260281313162e-07,-2.6095879224681184e-14
243,2.4300000000000044e-12,1e-14,ELECTRODE_ATTACHMENT,CONFIRMED,6.442631865904724e-05,1922844.901311329,0.7302576259278931,2775159083646097.0,2.1726816041004594e-05,8.091465998352625e-08,4.075234860041004e-07,5.036460464482825,2.705369546708836e-07,-2.6626150903984948e-14
244,2.4400000000000045e-12,1e-14,ELECTRODE_ATTACHMENT,CONFIRMED,6.44147797639945e-05,1967562.2207325308,0.7472403599466982,2774819636312300.5,2.165584735551082e-05,6.74803437891918e-08,4.0885898701843467e-07,6.058934558716945,3.308861324476543e-07,-2.715628145113151e-14
245,2.4500000000000047e-12,1e-14,ELECTRODE_ATTACHMENT,CONFIRMED,6.440351975476417e-05,2012279.539978872,0.7642230938990949,2774476191245605.0,2.158789995656116e-05,5.670436329962132e-08,4.1014586090431516e-07,7.23305645347144,4.014910408758309e-07,-2.7686290717908867e-14
246,2.460000000000005e-12,1e-14,ELECTRODE_ATTACHMENT,CONFIRMED,6.439252798928923e-05,2056996.859050474,0.7812058277851291,2774128767527963.5,2.1522775192988988e-05,4.798823927296652e-08,4.1138690217255254e-07,8.572660893693204,4.835427324608066e-07,-2.8216199037961648e-14
247,2.470000000000005e-12,1e-14,ELECTRODE_ATTACHMENT,CONFIRMED,6.43817934371558e-05,2101714.177947321,0.7981885616047951,2773777384484515.5,2.146029133294688e-05,4.08827413997631e-08,4.125846977299243e-07,10.09190390868248,5.78300947783838e-07,-2.874602469902706e-14
248,2.4800000000000048e-12,1e-14,ELECTRODE_ATTACHMENT,CONFIRMED,6.43713063550168e-05,2146431.4966694643,0.815171295358112,2773422061723318.5,2.1400281801954613e-05,3.504738556029302e-08,4.137416457754914e-07,11.80520712632672,6.870923731143985e-07,-2.9275785289153176e-14
249,2.4900000000000053e-12,1e-14,ELECTRODE_ATTACHMENT,CONFIRMED,6.436105785297563e-05,2191148.815217026,0.8321540290451264,2773062819152439.0,2.1342593636555447e-05,3.0221740808877575e-08,4.14859972671485e-07,13.727203052102832,8.11308651237728e-07,-2.9805497747126e-14
250,2.5000000000000055e-12,1e-14,ELECTRODE_ATTACHMENT,CONFIRMED,6.435103951107416e-05,2235866.1335901143,0.8491367626658793,2772699676993862.5,2.128708612352296e-05,2.620488164323355e-08,4.159417480354825e-07,15.872681804036468,9.524041803044884e-07,-3.0335178403205246e-14
251,2.5100000000000057e-12,1e-14,ELECTRODE_ATTACHMENT,CONFIRMED,6.434124334793012e-05,2280583.451788836,0.8661194962204114,2772332655794071.5,2.1233629599146745e-05,2.2840522075477537e-08,4.169888982689893e-07,18.25653971003949,1.1118937339619822e-06,-3.086484303081934e-14
252,2.520000000000006e-12,1e-14,ELECTRODE_ATTACHMENT,CONFIRMED,6.433166179186007e-05,2325300.769813304,0.8831022297087652,2771961776431875.5,2.118210438704923e-05,2.000615576071486e-08,4.1800321870821604e-07,20.893730095265436,1.2913499341657187e-06,-3.139450689329257e-14
253,2.530000000000006e-12,1e-14,ELECTRODE_ATTACHMENT,CONFIRMED,6.432228765426374e-05,2370018.0876636216,0.9000849631309805,2771587060123544.5,2.113239985623513e-05,1.7605049489404172e-08,4.1898638455809686e-07,23.79921651514068,1.4924006060025258e-06,-3.1924184786130893e-14
254,2.540000000000006e-12,1e-14,ELECTRODE_ATTACHMENT,CONFIRMED,6.431311410506756e-05,2414735.4053399083,0.917067696487102,2771208528425350.0,2.108441358378613e-05,1.5560288697450205e-08,4.1993996074943506e-07,26.987928624887832,1.7167260416587923e-06,-3.245389107544776e-14
255,2.5500000000000067e-12,1e-14,ELECTRODE_ATTACHMENT,CONFIRMED,6.430413465004675e-05,2459452.7228422672,0.9340504297771696,2770826203233588.5,2.103805060888079e-05,1.3810312269781748e-08,4.208654108409828e-07,30.474720818722947,1.9660561984073515e-06,-3.298363973281954e-14
256,2.5600000000000065e-12,1e-14,ELECTRODE_ATTACHMENT,CONFIRMED,6.429534310986023e-05,2504170.0401708074,0.9510331630012244,2770440106782248.0,2.0993222766723e-05,1.2305537680220672e-08,4.2176410507275934e-07,34.2743337213686,2.2421678532208385e-06,-3.3513444367005885e-14
257,2.5700000000000066e-12,1e-14,ELECTRODE_ATTACHMENT,CONFIRMED,6.428673360064964e-05,2548887.35732564,0.968015896159308,2770050261638461.0,2.0949848092564823e-05,1.1005791029114182e-08,4.226373276636018e-07,38.40135857073586,2.5468817343876367e-06,-3.404331825285698e-14
258,2.5800000000000068e-12,1e-14,ELECTRODE_ATTACHMENT,CONFIRMED,6.427830051606922e-05,2593604.674306883,0.9849986292514664,2769656690695890.0,2.0907850287363415e-05,9.878335978110992e-09,4.2348628343447724e-07,42.870204493232805,2.882059648345225e-06,-3.457327435768829e-14
259,2.590000000000007e-12,1e-14,ELECTRODE_ATTACHMENT,CONFIRMED,6.427003623963372e-05,2638321.9911148,1.001981362277799,2769259461210582.0,2.086715856964577e-05,8.896351675624604e-09,4.243120970806092e-07,47.695067883073385,3.249601669412693e-06,-3.5081752414526786e-14
260,2.6000000000000075e-12,1e-14,ELECTRODE_ATTACHMENT,CONFIRMED,6.426191120380386e-05,2683039.307751167,1.0189640952389805,2768859084228373.0,2.0827710245192312e-05,8.037749720340287e-09,4.251157572563132e-07,52.88989730303711,3.651443860549792e-06,-3.555032497262027e-14
261,2.6100000000000077e-12,1e-14,ELECTRODE_ATTACHMENT,CONFIRMED,6.425388068443422e-05,2727756.624218959,1.03594682813614,2768456423386770.0,2.0789449604692225e-05,7.284248903694033e-09,4.2589813492713116e-07,58.468366547873856,4.089555696131729e-06,-3.601903455006239e-14
262,2.620000000000008e-12,1e-14,ELECTRODE_ATTACHMENT,CONFIRMED,6.42459439658003e-05,2772473.9405183373,1.05292956096934,2768051506102154.0,2.07523186396328e-05,6.620647242165034e-09,4.266601706804109e-07,64.44387611578708,4.565935727284824e-06,-3.648788825022757e-14
263,2.630000000000008e-12,1e-14,ELECTRODE_ATTACHMENT,CONFIRMED,6.42381002810215e-05,2817191.2566494616,1.0699122937386405,2767644360088611.5,2.0716263038552463e-05,6.034245958570797e-09,4.2740275098470084e-07,70.82952102368903,5.082609768233808e-06,-3.6956893109683377e-14
264,2.640000000000008e-12,1e-14,ELECTRODE_ATTACHMENT,CONFIRMED,6.423034882045772e-05,2861908.572612502,1.0868950264441055,2767235013342777.0,2.0681231898252344e-05,5.514391200681616e-09,4.2812671200443437e-07,77.6380739820408,5.641628279964316e-06,-3.742605610271045e-14
265,2.6500000000000083e-12,1e-14,ELECTRODE_ATTACHMENT,CONFIRMED,6.422268873904187e-05,2906625.888407611,1.1038777590857942,2766823494127695.5,2.064717746164832e-05,5.052107517834606e-09,4.288328430966636e-07,84.8819708572763,6.245063825631852e-06,-3.7895384145497095e-14
266,2.660000000000008e-12,1e-14,ELECTRODE_ATTACHMENT,CONFIRMED,6.421511916268728e-05,2951343.2040349394,1.120860491663763,2766409830955824.0,2.0614054879438555e-05,4.639803247140641e-09,4.295218900203663e-07,92.57329829342797,6.895008602807164e-06,-3.836488410003328e-14
267,2.6700000000000082e-12,1e-14,ELECTRODE_ATTACHMENT,CONFIRMED,6.420763919388844e-05,2996060.5194946527,1.1378432241780747,2765994052571319.5,2.058182199309853e-05,4.2710325558196866e-09,4.301945578855445e-07,100.72378336226063,7.5935720565736995e-06,-3.8834562777727127e-14
268,2.6800000000000084e-12,1e-14,ELECTRODE_ATTACHMENT,CONFIRMED,6.420024791661772e-05,3040777.834786888,1.1548259566287822,2765576187931715.0,2.05504391370086e-05,3.9403023512295565e-09,4.3085151386642577e-07,109.34478511071111,8.342878576532995e-06,-3.930442694276468e-14
269,2.6900000000000085e-12,1e-14,ELECTRODE_ATTACHMENT,CONFIRMED,6.419294440060696e-05,3085495.1499118195,1.1718086890159507,2765156266189111.0,2.0519868957773343e-05,3.6429148986027485e-09,4.314933897005153e-07,118.4472878754362,9.145065279922545e-06,-3.977448331523309e-14
270,2.700000000000009e-12,1e-14,ELECTRODE_ATTACHMENT,CONFIRMED,6.418572770509002e-05,3130212.4648695886,1.188791421339635,2764734316670979.0,2.0490076249014263e-05,3.3748389917255357e-09,4.321207839929809e-07,128.04189623637126,1.0002279882287983e-05,-4.024473857402359e-14
271,2.710000000000009e-12,1e-14,ELECTRODE_ATTACHMENT,CONFIRMED,6.417859688207317e-05,3174929.7796603334,1.2057741535998858,2764310368860676.5,2.0461027800110463e-05,3.1326040599423108e-09,4.327342643438568e-07,138.1388314844442,1.0916678656493904e-05,-4.071519935953269e-14
272,2.720000000000009e-12,1e-14,ELECTRODE_ATTACHMENT,CONFIRMED,6.41715509791911e-05,3219647.094284214,1.2227568857967654,2763884452377766.0,2.0432692257531884e-05,2.913212780988069e-09,4.3333436931377356e-07,148.74792948244593,1.1890424480270554e-05,-4.1185872276174597e-14
273,2.7300000000000088e-12,1e-14,ELECTRODE_ATTACHMENT,CONFIRMED,6.416458904219842e-05,3264364.408741377,1.2397396179303288,2763456596958215.5,2.0405039997558063e-05,2.7140686884640373e-09,4.339216102423523e-07,159.87863980256145,1.292568497198756e-05,-4.165676389473956e-14
274,2.7400000000000093e-12,1e-14,ELECTRODE_ATTACHMENT,CONFIRMED,6.415771011714095e-05,3309081.7230319628,1.25672235000063,2763026832434561.0,2.0378043009305844e-05,2.532915978795454e-09,4.3449647293200067e-07,171.54002602906252,1.4024630713914549e-05,-4.2127880754547156e-14
275,2.7500000000000095e-12,1e-14,ELECTRODE_ATTACHMENT,CONFIRMED,6.415091325224473e-05,3353799.0371561213,1.2737050820077251,2762595188716097.0,2.03516747871044e-05,2.3677892828474483e-09,4.3505941920860266e-07,183.7407671198724,1.518943356185184e-05,-4.259922936524626e-14
276,2.7600000000000096e-12,1e-14,ELECTRODE_ATTACHMENT,CONFIRMED,6.41441974995561e-05,3398516.351113989,1.2906878139516669,2762161695769156.5,2.0325910231357023e-05,2.2169716078819647e-09,4.35610888369493e-07,196.48915972616535,1.6422265039698453e-05,-4.30708162086753e-14
277,2.77000000000001e-12,1e-14,ELECTRODE_ATTACHMENT,CONFIRMED,6.413756191636249e-05,3443233.6649057106,1.3076705458325093,2761726383597538.0,2.030072555711877e-05,2.0789590033746886e-09,4.3615129852810317e-07,209.7931213747441,1.7725294817262776e-05,-4.3525591766752924e-14
278,2.78000000000001e-12,1e-14,ELECTRODE_ATTACHMENT,CONFIRMED,6.413098599256289e-05,3487950.9785395493,1.3246532776533908,2761289824388068.0,2.027610219080148e-05,1.952430780025414e-09,4.3668096212381606e-07,223.66015051152377,1.910069299354316e-05,-4.3971072898121117e-14
279,2.79000000000001e-12,1e-14,ELECTRODE_ATTACHMENT,CONFIRMED,6.412445899663132e-05,3532668.2920201616,1.3416360094160802,2760852351343694.5,2.0252020941642536e-05,1.8362243310428406e-09,4.372002102068676e-07,238.0973842986657,2.0550624374193594e-05,-4.441709939828036e-14
280,2.8000000000000107e-12,1e-14,ELECTRODE_ATTACHMENT,CONFIRMED,6.411798177507048e-05,3577385.605347548,1.3586187411205777,2760413984930020.0,2.0228461399050213e-05,1.729313780200683e-09,4.377094054823039e-07,253.1116160026832,2.207724609543664e-05,-4.486366884148384e-14
281,2.8100000000000104e-12,1e-14,ELECTRODE_ATTACHMENT,CONFIRMED,6.411155507429416e-05,3622102.918521693,1.3756014727668768,2759974745853658.0,2.020540416894529e-05,1.630791822222674e-09,4.382088939556304e-07,268.7092785137819,2.368270826747692e-05,-4.531077913394679e-14
282,2.8200000000000106e-12,1e-14,ELECTRODE_ATTACHMENT,CONFIRMED,6.410517954928692e-05,3666820.2315425994,1.3925842043549788,2759534655032907.0,2.018283081166322e-05,1.5398542345818771e-09,4.3869900587401033e-07,284.8964506001648,2.5369152841124533e-05,-4.5758428496784686e-14
283,2.8300000000000108e-12,1e-14,ELECTRODE_ATTACHMENT,CONFIRMED,6.409885577146436e-05,3711537.5444102366,1.4095669358848733,2759093733569384.5,2.016072378433805e-05,1.4341699739036387e-09,4.391800566048337e-07,306.22594573601214,2.7544360032710296e-05,-4.620661549691944e-14
284,2.840000000000011e-12,1e-14,ELECTRODE_ATTACHMENT,CONFIRMED,6.40925842358503e-05,3756254.8571242928,1.42654966735644,2758652288384313.0,2.0139068472834036e-05,1.3399776964300891e-09,4.3965230192963404e-07,328.10419389885124,2.9808148692008552e-05,-4.665534201723797e-14
285,2.8500000000000115e-12,1e-14,ELECTRODE_ATTACHMENT,CONFIRMED,6.408636536973129e-05,3800972.1696847742,1.4435323987696822,2758210336830504.5,2.0117848936116175e-05,1.2537998893312558e-09,4.4011603034282123e-07,351.0257371115,3.220701727513987e-05,-4.710460718105697e-14
286,2.8600000000000112e-12,1e-14,ELECTRODE_ATTACHMENT,CONFIRMED,6.408019953625164e-05,3845689.4820916806,1.4605151301246,2757767927071288.5,2.009705020456716e-05,1.1748196115428527e-09,4.405715128674873e-07,375.012051670553,3.474575405067788e-05,-4.75544105911148e-14
287,2.870000000000012e-12,1e-14,ELECTRODE_ATTACHMENT,CONFIRMED,6.407408703997085e-05,3890406.7943450306,1.4774978614211998,2757325108311436.0,2.0076658019348888e-05,1.1023157417219866e-09,4.4101900845582836e-07,400.0841063622015,3.742917480322357e-05,-4.800475210960404e-14
288,2.880000000000012e-12,1e-14,ELECTRODE_ATTACHMENT,CONFIRMED,6.406802813179168e-05,3935124.1064448394,1.4944805926594875,2756881930759000.5,2.0056658792138865e-05,1.035650370058401e-09,4.414587646208734e-07,426.2623539602261,4.026211966117672e-05,-4.845563184687054e-14
289,2.890000000000012e-12,1e-14,ELECTRODE_ATTACHMENT,CONFIRMED,6.406202301346175e-05,3979841.4183911146,1.5114633238394672,2756438445587140.5,2.0037039567563464e-05,9.74258018741964e-10,4.4189101802910123e-07,453.5667241412131,4.324945001988704e-05,-4.89070501507946e-14
290,2.9000000000000123e-12,1e-14,ELECTRODE_ATTACHMENT,CONFIRMED,6.405607184168973e-05,4024558.730183883,1.5284460549611478,2755994704895988.5,2.001778798811888e-05,9.176364025251164e-10,4.4231599505675717e-07,482.01661773618497,4.639604556165726e-05,-4.935900759680572e-14
291,2.910000000000012e-12,1e-14,ELECTRODE_ATTACHMENT,CONFIRMED,6.405017473191191e-05,4069276.041823161,1.5454287860245357,2755550761674627.5,1.9998892261388693e-05,8.653384898657293e-10,4.427339123124602e-07,511.63090223937365,4.970680137360478e-05,-4.9811504978484896e-14
292,2.920000000000012e-12,1e-14,ELECTRODE_ATTACHMENT,CONFIRMED,6.404433176174211e-05,4113993.353308973,1.5624115170296402,2755106669763229.0,1.9980341129384003e-05,8.169656652742818e-10,4.431449771284749e-07,542.4279084968605,5.318662516398381e-05,-5.026454329871461e-14
293,2.9300000000000124e-12,1e-14,ELECTRODE_ATTACHMENT,CONFIRMED,6.40385429741339e-05,4158710.6646413384,1.5793942479764689,2754662483815409.0,1.9962123839846587e-05,7.721618264378988e-10,4.4354938802283514e-07,574.4254284998735,5.684043457718546e-05,-5.0718123761336255e-14
294,2.9400000000000125e-12,1e-14,ELECTRODE_ATTACHMENT,CONFIRMED,6.403280838028112e-05,4203427.975820291,1.5963769788650344,2754218259260842.0,1.9944230119369504e-05,7.306082768196195e-10,4.4394733513433357e-07,607.6407142098939,6.067315460729968e-05,-5.117224776328304e-14
295,2.950000000000013e-12,1e-14,ELECTRODE_ATTACHMENT,CONFIRMED,6.402712796228067e-05,4248145.286845862,1.6133597096953487,2753774052268193.0,1.992665014820173e-05,6.920192968277866e-10,4.443390006322283e-07,642.0904773451784,6.46897151098163e-05,-5.1626916887153135e-14
296,2.960000000000013e-12,1e-14,ELECTRODE_ATTACHMENT,CONFIRMED,6.402150167557832e-05,4292862.597718072,1.6303424404674198,2753329919708398.5,1.990937453661432e-05,6.561382951937223e-10,4.447245591023823e-07,677.7908900608812,6.889504841076893e-05,-5.2082132894195216e-14
297,2.970000000000013e-12,1e-14,ELECTRODE_ATTACHMENT,CONFIRMED,6.401592945121708e-05,4337579.908436964,1.6473251711812638,2752885919118333.0,1.9892394302716016e-05,6.227344575904776e-10,4.451041779114086e-07,714.7575864576902,7.329408701239416e-05,-5.253789771767905e-14
298,2.9800000000000127e-12,1e-14,ELECTRODE_ATTACHMENT,CONFIRMED,6.401041119790485e-05,4382297.219002563,1.6643079018368896,2752442108664912.5,1.9875700851615172e-05,5.915998223402598e-10,4.4547801755028316e-07,753.0056648564465,7.789176139414424e-05,-5.2994212757279726e-14
299,2.9900000000000133e-12,1e-14,ELECTRODE_ATTACHMENT,CONFIRMED,6.400494680391746e-05,4427014.529414913,1.681290632434315,2751998547109644.5,1.985928595583316e-05,5.625467237523631e-10,4.458462319587733e-07,792.5496907791747,8.269299790773016e-05,-5.3451076555027656e-14
300,3.0000000000000135e-12,1e-14,ELECTRODE_ATTACHMENT,CONFIRMED,6.399953613885091e-05,4471731.839674056,1.6982733629735554,2751555293773676.5,1.9843141736882183e-05,5.354055525811656e-10,4.4620896883192843e-07,833.4037005794496,8.770271676468022e-05,-5.390849587731623e-14
301,3.0100000000000136e-12,1e-14,ELECTRODE_ATTACHMENT,CONFIRMED,6.399417905523559e-05,4516449.14978002,1.715256093454622,2751112408503351.5,1.9827260647927207e-05,5.100227905978348e-10,4.465663699097857e-07,875.5812056679523,9.292583011477859e-05,-5.436647328666727e-14
302,3.0200000000000138e-12,1e-14,ELECTRODE_ATTACHMENT,CONFIRMED,6.398887590206098e-05,4561166.45973316,1.7322388238776487,2750669951636307.0,1.981163545745787e-05,4.862592825781583e-10,4.469185712513674e-07,919.0951972819817,9.836724023101405e-05,-5.482501170476361e-14
303,3.0300000000000135e-12,1e-14,ELECTRODE_ATTACHMENT,CONFIRMED,6.398362648231083e-05,4605883.769533521,1.749221554242653,2750227983975208.0,1.9796259233953383e-05,4.639887143259483e-10,4.472657034928002e-07,963.9581517463366,0.0001040318377338,-5.5284113986398754e-14
304,3.040000000000014e-12,1e-14,ELECTRODE_ATTACHMENT,CONFIRMED,6.397843058622427e-05,4650601.079181161,1.7662042845496573,2749786566748204.5,1.978112533132632e-05,4.4309626983964135e-10,4.476078920938888e-07,1010.1820361879376,0.0001099244999449,-5.5743783120918365e-14
305,3.0500000000000147e-12,1e-14,ELECTRODE_ATTACHMENT,CONFIRMED,6.397328799313241e-05,4695318.388676121,1.7831870147986764,2749345761576755.5,1.976622737523584e-05,4.2347744453205965e-10,4.4794525757064756e-07,1057.77831465292,0.0001160500893105,-5.620402222764894e-14
306,3.0600000000000144e-12,1e-14,ELECTRODE_ATTACHMENT,CONFIRMED,6.396819847249072e-05,4740035.698018461,1.8001697449897334,2748905630444072.5,1.9751559250167888e-05,4.050369946361452e-10,4.48277915715679e-07,1106.7579545872798,0.000122413451906,-5.6664834552115205e-14
307,3.0700000000000146e-12,1e-14,ELECTRODE_ATTACHMENT,CONFIRMED,6.396316178483206e-05,4784753.007208229,1.8171524751228472,2748466235664180.0,1.973711508723236e-05,3.8768800567033356e-10,4.4860597780714374e-07,1157.1314336420587,0.0001290194160195,-5.712622346209089e-14
308,3.0800000000000147e-12,1e-14,ELECTRODE_ATTACHMENT,CONFIRMED,6.395817768264633e-05,4829470.316245481,1.8341352051980384,2748027639851613.0,1.9722889252631087e-05,3.7135106517156166e-10,4.4892955080700603e-07,1208.9087467666309,0.0001358727908123,-5.758819244388346e-14
309,3.090000000000015e-12,1e-14,ELECTRODE_ATTACHMENT,CONFIRMED,6.395324591119274e-05,4874187.625130268,1.8511179352153255,2747589905891750.5,1.9708876336754077e-05,3.5595352689653663e-10,4.492487375491965e-07,1262.0994135556848,0.0001429783650542,-5.805074509879799e-14
310,3.1000000000000155e-12,1e-14,ELECTRODE_ATTACHMENT,CONFIRMED,6.39483662092499e-05,4918904.933862668,1.86810066517474,2747153096911795.5,1.96671965307858e-05,3.4191276764152216e-10,4.502008102141152e-07,1316.7124858178076,0.0001499206651126,-5.847829060218732e-14
311,3.1100000000000152e-12,1e-14,ELECTRODE_ATTACHMENT,CONFIRMED,6.394356183410831e-05,4963622.242460256,1.8850833950829555,2746716955773132.0,1.9606848438748828e-05,3.289632330023352e-10,4.5158648726541666e-07,1372.7567155269626,0.0001567838718232,-5.888143126986856e-14
312,3.1200000000000158e-12,1e-14,ELECTRODE_ATTACHMENT,CONFIRMED,6.393884754053353e-05,5008339.550935426,1.9020661249446795,2746281313383992.5,1.9547543795333183e-05,3.166995881626413e-10,4.5295654049967474e-07,1430.2403837262289,0.000163853881394,-5.928513388888167e-14
313,3.1300000000000155e-12,1e-14,ELECTRODE_ATTACHMENT,CONFIRMED,6.393422108754064e-05,5053056.859288214,1.9190488547599247,2745846223859845.0,1.948925534663438e-05,3.0507656483903613e-10,4.543112425446794e-07,1489.171227506059,0.0001711333393365,-5.968940155401589e-14
314,3.140000000000016e-12,1e-14,ELECTRODE_ATTACHMENT,CONFIRMED,6.392968032531604e-05,5097774.167518703,1.936031584528724,2745411741240401.0,1.9431956803691504e-05,2.940524235252194e-10,4.5565085916195357e-07,1549.5565508334416,0.0001786248586126,-6.009423745450823e-14
315,3.1500000000000163e-12,1e-14,ELECTRODE_ATTACHMENT,CONFIRMED,6.3925223190458e-05,5142491.475626926,1.953014314251088,2744977919469404.0,1.9375622800374637e-05,2.8358863884893764e-10,4.5697564945519085e-07,1611.4032329010654,0.0001863310197019,-6.049964487131079e-14
316,3.160000000000016e-12,1e-14,ELECTRODE_ATTACHMENT,CONFIRMED,6.392084770151555e-05,5187208.783612963,1.9699970439270489,2744544812375083.0,1.932022885344988e-05,2.7364961633274557e-10,4.5828586607135204e-07,1674.717736545616,0.0001942543706947,-6.090562717395197e-14
317,3.170000000000016e-12,1e-14,ELECTRODE_ATTACHMENT,CONFIRMED,6.391655195480135e-05,5231926.09147686,1.986979773556624,2744112473651372.5,1.926575132469309e-05,2.6420243710474217e-10,4.595817553946888e-07,1739.506116714923,0.0002023974274093,-6.131218781801377e-14
318,3.1800000000000163e-12,1e-14,ELECTRODE_ATTACHMENT,CONFIRMED,6.391233412046181e-05,5276643.399218698,2.0039625031398423,2743680956839776.5,1.9212167384929744e-05,2.5521662751889637e-10,4.6086355773400836e-07,1805.7740289663757,0.0002107626735331,-6.171933034261068e-14
319,3.1900000000000165e-12,1e-14,ELECTRODE_ATTACHMENT,CONFIRMED,6.390819243878492e-05,5321360.706838538,2.0209452326767288,2743250315311886.0,1.9159454979888136e-05,2.4666395100496253e-10,4.6213150750344026e-07,1873.5267379794093,0.0002193525607843,-6.212705836796179e-14
320,3.200000000000017e-12,1e-14,ELECTRODE_ATTACHMENT,CONFIRMED,6.390412521672953e-05,5366078.014336454,2.037927962167311,2742820602252544.0,1.910759279776018e-05,2.3851821978203315e-10,4.633858333969678e-07,1942.769126066876,0.0002281695090935,-6.253537559307184e-14
321,3.210000000000017e-12,1e-14,ELECTRODE_ATTACHMENT,CONFIRMED,6.390013082466033e-05,5410795.321712484,2.054910691611604,2742391870643645.0,1.9056560238371145e-05,2.3075512434427564e-10,4.646267585569688e-07,2013.5057016708663,0.0002372159068036,-6.294428579351382e-14
322,3.220000000000017e-12,1e-14,ELECTRODE_ATTACHMENT,CONFIRMED,6.389620769327457e-05,5455512.628966723,2.071893421009642,2741964173248554.5,1.900633738386596e-05,2.2335207886738382e-10,4.6585450073700773e-07,2085.740607830253,0.0002464941108874,-6.33537928193096e-14
323,3.230000000000017e-12,1e-14,ELECTRODE_ATTACHMENT,CONFIRMED,6.389235431070732e-05,5500229.936099237,2.088876150361452,2741537562597126.0,1.8956904970826063e-05,2.1628808089468376e-10,4.6706927245909876e-07,2159.4776306075173,0.0002560064471798,-6.376390059290202e-14
324,3.2400000000000173e-12,1e-14,ELECTRODE_ATTACHMENT,CONFIRMED,6.38885692198033e-05,5544947.243110078,2.105858879667053,2741112090971318.5,1.8908244363736e-05,2.0954358384622083e-10,4.682712811656586e-07,2234.720207464391,0.0002657552106249,-6.417461310721458e-14
325,3.2500000000000175e-12,1e-14,ELECTRODE_ATTACHMENT,CONFIRMED,6.388485101554406e-05,5589664.549999333,2.1228416089264783,2740687810391382.5,1.8860337529724116e-05,2.0310038105632891e-10,4.6946072936635924e-07,2311.471435576266,0.0002757426655372,-6.458593442379518e-14
326,3.2600000000000176e-12,1e-14,ELECTRODE_ATTACHMENT,CONFIRMED,6.388119834262036e-05,5634381.856767082,2.1398243381397575,2740264772602610.0,1.881316701450684e-05,1.9694150018778047e-10,4.7063781478007044e-07,2389.7340800761904,0.0002859710458732,-6.499786867103725e-14
327,3.2700000000000178e-12,1e-14,ELECTRODE_ATTACHMENT,CONFIRMED,6.387760989314013e-05,5679099.163413382,2.156807067306914,2739843029062631.0,1.87667159194702e-05,1.9105110699621782e-10,4.718027304720859e-07,2469.510582220421,0.0002964425555162,-6.541042004247788e-14
328,3.280000000000018e-12,1e-14,ELECTRODE_ATTACHMENT,CONFIRMED,6.387408440446312e-05,5723816.469938313,2.173789796427976,2739422630929246.0,1.872096787982632e-05,1.8541441752938814e-10,4.729556649868117e-07,2550.803067468301,0.0003071593685693,-6.582359279516587e-14
329,3.290000000000018e-12,1e-14,ELECTRODE_ATTACHMENT,CONFIRMED,6.387062065715437e-05,5768533.776341963,2.190772525502978,2739003629048774.5,1.8675907043786715e-05,1.8001761794361084e-10,4.7409680247609174e-07,2633.613353469653,0.0003181236296595,-6.623739124809905e-14
330,3.3000000000000187e-12,1e-14,ELECTRODE_ATTACHMENT,CONFIRMED,6.386721747304869e-05,5813251.082624371,2.207755254531935,2738586073944909.0,1.863151805269772e-05,1.748477912064439e-10,4.752263228233286e-07,2717.942957953788,0.0003293374542485,-6.665181978072556e-14
331,3.3100000000000184e-12,1e-14,ELECTRODE_ATTACHMENT,CONFIRMED,6.386387371341911e-05,5857968.388785647,2.224737983514889,2738170015808065.0,1.8587786022086452e-05,1.6989285003114604e-10,4.7634440176356893e-07,2803.7931065153234,0.0003408029289519,-6.706688283150736e-14
332,3.3200000000000186e-12,1e-14,ELECTRODE_ATTACHMENT,CONFIRMED,6.386058827724315e-05,5902685.694825858,2.241720712451864,2737755504485199.0,1.85446965235694e-05,1.651414754565541e-10,4.774512109996928e-07,2891.1647402914346,0.0003525221118651,-6.748258489654265e-14
333,3.330000000000019e-12,1e-14,ELECTRODE_ATTACHMENT,CONFIRMED,6.385736009956033e-05,5947403.000745088,2.258703441342893,2737342589470103.5,1.850223556757793e-05,1.6058306054622095e-10,4.785469183148594e-07,2980.0585235272574,0.0003644970328947,-6.789893052824395e-14
334,3.340000000000019e-12,1e-14,ELECTRODE_ATTACHMENT,CONFIRMED,6.385418814991572e-05,5992120.306543417,2.275686170188007,2736931319894142.5,1.846038958685829e-05,1.5620765873433784e-10,4.796316876813466e-07,3070.4748510254267,0.0003767296940958,-6.831592433407023e-14
335,3.350000000000019e-12,1e-14,ELECTRODE_ATTACHMENT,CONFIRMED,6.38510714308842e-05,6036837.612220905,2.2926688989872277,2736521744517431.5,1.8419145420705945e-05,1.5200593639361778e-10,4.807056793659132e-07,3162.413855476874,0.0003892220700135,-6.873357097530996e-14
336,3.3600000000000192e-12,1e-14,ELECTRODE_ATTACHMENT,CONFIRMED,6.384800897667054e-05,6081554.917777665,2.3096516277405974,2736113911720438.5,1.8378490299896192e-05,1.4796912924279102e-10,4.817690500318197e-07,3255.875414670599,0.0004019761080284,-6.915187516591305e-14
337,3.3700000000000198e-12,1e-14,ELECTRODE_ATTACHMENT,CONFIRMED,6.384499985178053e-05,6126272.223213762,2.326634356448143,2735707869495999.5,1.833841183227607e-05,1.4408900224928638e-10,4.828219528376174e-07,3350.859158579596,0.0004149937287057,-6.957078135537778e-14
338,3.38000000000002e-12,1e-14,ELECTRODE_ATTACHMENT,CONFIRMED,6.384204314975948e-05,6170989.528529423,2.343617085109949,2735303665441734.5,1.8298897988983347e-05,1.4035781271640603e-10,4.838645375328378e-07,3447.364476322308,0.0004282768261472,-6.999035574493652e-14
339,3.39000000000002e-12,1e-14,ELECTRODE_ATTACHMENT,CONFIRMED,6.383913799179156e-05,6215706.833724761,2.360599813726059,2734901346765034.5,1.8259937091343093e-05,1.3676827627463856e-10,4.848969505485157e-07,3545.390522980744,0.0004418272683474,-7.04107307542474e-14
340,3.4000000000000202e-12,1e-14,ELECTRODE_ATTACHMENT,CONFIRMED,6.383628338615535e-05,6260424.138799744,2.37758254229646,2734500964323380.5,1.822151782521645e-05,1.3331353552365256e-10,4.859193343677903e-07,3644.936220910428,0.00045564689818,-7.084391693701179e-14
341,3.41000000000002e-12,1e-14,ELECTRODE_ATTACHMENT,CONFIRMED,6.383346540276432e-05,6305141.4437484285,2.394565270818896,2734102950197646.5,1.8183631739823114e-05,1.2998713109622443e-10,4.869317603594479e-07,3745.999748228855,0.0004697375944145,-7.12777050019906e-14
342,3.42000000000002e-12,1e-14,ELECTRODE_ATTACHMENT,CONFIRMED,6.383068380087556e-05,6349858.7485708725,2.411547999293388,2733707347587886.0,1.8146268100037287e-05,1.267829749348669e-10,4.879343655669789e-07,3848.57955744964,0.000484101154041,-7.171210106343571e-14
343,3.4300000000000207e-12,1e-14,ELECTRODE_ATTACHMENT,CONFIRMED,6.382793834069491e-05,6394576.05326724,2.4285307277199983,2733314199308237.0,1.8109416474315937e-05,1.2369532559587939e-10,4.889272840655931e-07,3952.6738921642855,0.0004987695139599,-7.214711127965598e-14
344,3.4400000000000205e-12,1e-14,ELECTRODE_ATTACHMENT,CONFIRMED,6.382522878346318e-05,6439293.357837661,2.445513456098777,2732923547780600.5,1.8073066724051128e-05,1.2071876540843007e-10,4.899106470412737e-07,4058.280793244943,0.0005137537625,-7.258274223895372e-14
345,3.450000000000021e-12,1e-14,ELECTRODE_ATTACHMENT,CONFIRMED,6.382255489111408e-05,6484010.662282254,2.462496184429769,2732535435041378.5,1.8037208993447704e-05,1.1784817933433888e-10,4.90884582865144e-07,4165.398104899775,0.0005290209424307,-7.301900068688126e-14
346,3.460000000000021e-12,1e-14,ELECTRODE_ATTACHMENT,CONFIRMED,6.381991642624123e-05,6528727.96660116,2.479478912713028,2732149902739771.5,1.8001833699762688e-05,1.1507873538793312e-10,4.918492171670669e-07,4274.02348061118,0.0005445729109024,-7.345589295461456e-14
347,3.470000000000021e-12,1e-14,ELECTRODE_ATTACHMENT,CONFIRMED,6.381731212801903e-05,6573445.270794566,2.496461640948624,2731767059205873.0,1.796693196506329e-05,1.1240586648808855e-10,4.928046608078093e-07,4384.154281307292,0.0005604115165417,-7.389342571460814e-14
348,3.480000000000021e-12,1e-14,ELECTRODE_ATTACHMENT,CONFIRMED,6.381474165650582e-05,6618162.574862639,2.5134443691366206,2731386954244726.5,1.7932494781313587e-05,1.0982525362606538e-10,4.937510324568133e-07,4495.78777334714,0.0005765385757425,-7.433160541383443e-14
349,3.4900000000000213e-12,1e-14,ELECTRODE_ATTACHMENT,CONFIRMED,6.38122048146849e-05,6662879.878805498,2.5304270972770646,2731009628086615.0,1.789851332603306e-05,1.0733281024310967e-10,4.94688449901688e-07,4608.921063197868,0.0005929558817501,-7.477043848694853e-14
350,3.5000000000000214e-12,1e-14,ELECTRODE_ATTACHMENT,CONFIRMED,6.380970140577383e-05,6707597.1826232765,2.5474098253700053,2730635120544298.5,1.7864979014475083e-05,1.0492466772116842e-10,4.9561702846815e-07,4723.551088912907,0.0006096652066953,-7.520993139610702e-14
351,3.5100000000000216e-12,1e-14,ELECTRODE_ATTACHMENT,CONFIRMED,6.380723123331062e-05,6752314.486316094,2.5643925534154883,2730263471008866.0,1.7831883491660882e-05,1.0259716189854828e-10,4.965368810838565e-07,4839.674625452599,0.0006266683018848,-7.565009062989784e-14
352,3.5200000000000218e-12,1e-14,ELECTRODE_ATTACHMENT,CONFIRMED,6.38047941012331e-05,6797031.789884083,2.5813752814135635,2729894718445863.5,1.7799218624728872e-05,1.0034682052999518e-10,4.974481183403562e-07,4957.2882898832,0.0006439668980901,-7.609092270244842e-14
353,3.530000000000022e-12,1e-14,ELECTRODE_ATTACHMENT,CONFIRMED,6.380238981395238e-05,6841749.093327375,2.598358009364281,2729528901391686.5,1.7766976495585085e-05,9.817035161762665e-11,4.983508485532233e-07,5076.3885464554405,0.0006615627058351,-7.653243415267997e-14
354,3.540000000000022e-12,1e-14,ELECTRODE_ATTACHMENT,CONFIRMED,6.380001817642054e-05,6886466.396646089,2.615340737267688,2729166057950226.5,1.7735149393840837e-05,9.606463254543354e-11,4.992451778204323e-07,5196.971711564248,0.0006794574156821,-7.697463154368174e-14
355,3.5500000000000226e-12,1e-14,ELECTRODE_ATTACHMENT,CONFIRMED,6.379767899419286e-05,6931183.69984037,2.6323234651238363,2728806225789768.5,1.7703729810024845e-05,9.402669995577096e-11,5.001312100790344e-07,5319.033958591444,0.0006976526985159,-7.741752146218411e-14
356,3.5600000000000224e-12,1e-14,ELECTRODE_ATTACHMENT,CONFIRMED,6.37953720734851e-05,6975901.002910329,2.6493061929327695,2728449442140121.0,1.767271042905729e-05,9.205374031145533e-11,5.010090471601931e-07,5442.571322632577,0.0007161502058254,-7.786111051811321e-14
357,3.5700000000000226e-12,1e-14,ELECTRODE_ATTACHMENT,CONFIRMED,6.379309722122616e-05,7020618.305856119,2.6662889206945466,2728095743789977.0,1.7642084123974264e-05,9.01430810917661e-11,5.018787888426303e-07,5567.579705110315,0.0007349515699846,-7.83054053442151e-14
358,3.580000000000023e-12,1e-14,ELECTRODE_ATTACHMENT,CONFIRMED,6.37908542451064e-05,7065335.608677837,2.683271648409204,2727745167084497.0,1.7611843949891496e-05,8.829218257496124e-11,5.027405329045372e-07,5694.054878275364,0.0007540584045296,-7.875041259573577e-14
359,3.590000000000023e-12,1e-14,ELECTRODE_ATTACHMENT,CONFIRMED,6.378864295362161e-05,7110052.911375635,2.7002543760767983,2727397747923101.0,1.758198313819671e-05,8.649863016377772e-11,5.035943751740014e-07,5821.992489597682,0.0007734723044351,-7.919613895015126e-14
360,3.600000000000023e-12,1e-14,ELECTRODE_ATTACHMENT,CONFIRMED,6.378646315611374e-05,7154770.213949643,2.71723710369738,2727053521757465.0,1.7552495090960766e-05,8.476012721396853e-11,5.044404095779953e-07,5951.388066048858,0.000793194846387,-7.964259110693721e-14
361,3.610000000000023e-12,1e-14,ELECTRODE_ATTACHMENT,CONFIRMED,6.378431466280739e-05,7199487.51639999,2.7342198312709973,2726712523589718.5,1.752337337555791e-05,8.307448832913229e-11,5.052787281899769e-07,6082.237018278297,0.0008132275890538,-8.00897757873741e-14
362,3.6200000000000233e-12,1e-14,ELECTRODE_ATTACHMENT,CONFIRMED,6.378206442122986e-05,7244204.818765601,2.7512025588124343,2726374787970827.0,1.7494611719463328e-05,8.143963308665918e-11,5.061094212768053e-07,6214.534644799524,0.0008335720733682,-8.053769973462478e-14
363,3.6300000000000243e-12,1e-14,ELECTRODE_ATTACHMENT,CONFIRMED,6.377984655718771e-05,7288922.121008093,2.768185286307112,2726040348999137.0,1.746620400533412e-05,7.985358017075797e-11,5.069325773417031e-07,6348.276135618269,0.0008542298227535,-8.098636971385007e-14
364,3.640000000000023e-12,1e-14,ELECTRODE_ATTACHMENT,CONFIRMED,6.377766085881443e-05,7333639.423127635,2.7851680137550967,2725709240319003.5,1.743814426613428e-05,7.831444186965951e-11,5.077482831699736e-07,6483.456576438742,0.0008752023434258,-8.143579251201485e-14
365,3.650000000000024e-12,1e-14,ELECTRODE_ATTACHMENT,CONFIRMED,6.377550711591582e-05,7378356.725124322,2.8021507411564235,2725381495119781.0,1.7410426680529532e-05,7.682041892503752e-11,5.085566238707886e-07,6620.070952321225,0.0008964911246415,-8.188597493960505e-14
366,3.660000000000024e-12,1e-14,ELECTRODE_ATTACHMENT,CONFIRMED,6.377338511996972e-05,7423074.026998304,2.8191334685111493,2725057146134934.5,1.7383045568426548e-05,7.536979570200498e-11,5.093576829184744e-07,6758.114151355255,0.0009180976389555,-8.233692382515466e-14
367,3.6700000000000245e-12,1e-14,ELECTRODE_ATTACHMENT,CONFIRMED,6.377129466412255e-05,7467791.328749711,2.836116195819324,2724736225641263.5,1.735599538667313e-05,7.396093565872678e-11,5.101515421926606e-07,6897.580968237345,0.0009400233424761,-8.278864112915742e-14
368,3.680000000000024e-12,1e-14,ELECTRODE_ATTACHMENT,CONFIRMED,6.37692355431859e-05,7512508.630378681,2.8530989230809998,2724418765458275.0,1.732927072491271e-05,7.259227709490187e-11,5.109382820173236e-07,7038.46610775634,0.0009622696751171,-8.324112461031923e-14
369,3.690000000000024e-12,1e-14,ELECTRODE_ATTACHMENT,CONFIRMED,6.376720755363396e-05,7557225.931885344,2.8700816502962248,2724104796947535.0,1.730286630158579e-05,7.126232915997037e-11,5.117179811987869e-07,7180.764188188087,0.0009848380608473,-8.369439501495476e-14
370,3.700000000000024e-12,1e-14,ELECTRODE_ATTACHMENT,CONFIRMED,6.376521049360141e-05,7601943.233269839,2.887064377465053,2723794351012015.5,1.7276776960072365e-05,6.996966810333533e-11,5.124907170627105e-07,7324.469744601816,0.0010077299079369,-8.414845925664838e-14
371,3.710000000000024e-12,1e-14,ELECTRODE_ATTACHMENT,CONFIRMED,6.376324416287069e-05,7646660.534532282,2.9040471045875287,2723487458096359.5,1.725099766497547e-05,6.871293375022682e-11,5.132565654899237e-07,7469.577232077205,0.0010309466092012,-8.46033242698802e-14
372,3.720000000000025e-12,1e-14,ELECTRODE_ATTACHMENT,CONFIRMED,6.37613083628643e-05,7691377.835672828,2.9210298316637107,2723184148186790.5,1.7225523498532018e-05,6.749082618804593e-11,5.14015600951377e-07,7616.081028837962,0.0010544895422414,-8.505899701010675e-14
373,3.730000000000025e-12,1e-14,ELECTRODE_ATTACHMENT,CONFIRMED,6.375940289663645e-05,7736095.136691621,2.9380125586936527,2722884450811144.0,1.720034965714902e-05,6.630210264915965e-11,5.147678965421446e-07,7763.975439301834,0.0010783600696825,-8.551548445374826e-14
374,3.740000000000025e-12,1e-14,ELECTRODE_ATTACHMENT,CONFIRMED,6.375752756886379e-05,7780812.437588768,2.9549952856773967,2722588395039014.5,1.7175471448059947e-05,6.514557457713683e-11,5.155135240145112e-07,7913.254697049416,0.0011025595394078,-8.597279359818272e-14
375,3.750000000000025e-12,1e-14,ELECTRODE_ATTACHMENT,CONFIRMED,6.375568218583545e-05,7825529.738364429,2.9719780126150024,2722296009482014.0,1.715088428609636e-05,6.40201048643668e-11,5.162525538101725e-07,8063.912967713919,0.0011270892847912,-8.643093146174521e-14
376,3.760000000000025e-12,1e-14,ELECTRODE_ATTACHMENT,CONFIRMED,6.375386655544243e-05,7870247.039018737,2.9889607395065205,2722007322294134.5,1.7126583690570447e-05,6.292460524988334e-11,5.169850550915731e-07,8215.944351792838,0.0011519506249259,-8.688990508373291e-14
377,3.770000000000025e-12,1e-14,ELECTRODE_ATTACHMENT,CONFIRMED,6.37520804871665e-05,7914964.3395518195,3.005943466352,2721722361172212.0,1.7102565282263798e-05,6.185803386700772e-11,5.17711095772412e-07,8369.342887384199,0.0011771448648504,-8.734972152441435e-14
378,3.7800000000000255e-12,1e-14,ELECTRODE_ATTACHMENT,CONFIRMED,6.375032379206833e-05,7959681.639963822,3.022926193151496,2721441153356489.0,1.7078824780518478e-05,6.081939293117362e-11,5.184307425473339e-07,8524.10255284884,0.0012026732957713,-8.781038786504334e-14
379,3.790000000000026e-12,1e-14,ELECTRODE_ATTACHMENT,CONFIRMED,6.374859628277557e-05,8004398.940254867,3.039908919905054,2721163725631268.5,1.705535800042619e-05,5.98077265589811e-11,5.191440609208406e-07,8680.217269400331,0.0012285371952839,-8.82719112078763e-14
380,3.800000000000026e-12,1e-14,ELECTRODE_ATTACHMENT,CONFIRMED,6.374689777346994e-05,8049116.240425108,3.0568916466127334,2720890104325653.0,1.7032160850111844e-05,5.88221187101494e-11,5.198511152354377e-07,8837.680903624787,0.0012547378275885,-8.873429867619418e-14
381,3.810000000000026e-12,1e-14,ELECTRODE_ATTACHMENT,CONFIRMED,6.374522807987448e-05,8093833.540474681,3.0738743732745855,2720620315314373.0,1.7009229328107783e-05,5.7861691244631785e-11,5.205519686990426e-07,8996.4872699316,0.001281276443705,-8.919755741432607e-14
382,3.820000000000026e-12,1e-14,ELECTRODE_ATTACHMENT,CONFIRMED,6.374358701924012e-05,8138550.840403717,3.09085709989066,2720354384018693.0,1.698655952081525e-05,5.69256020876824e-11,5.212466834116775e-07,9156.630132937413,0.0013081542816838,-8.966169458767737e-14
383,3.8300000000000255e-12,1e-14,ELECTRODE_ATTACHMENT,CONFIRMED,6.374197441033203e-05,8183268.140212368,3.107839826461015,2720092335407392.0,1.696414760004964e-05,5.601304349616919e-11,5.219353203914645e-07,9318.103209784704,0.0013353725668142,-9.012671738276035e-14
384,3.8400000000000265e-12,1e-14,ELECTRODE_ATTACHMENT,CONFIRMED,6.374039007341568e-05,8227985.4399007615,3.1248225529856986,2719834193997821.0,1.6941989820666483e-05,5.512324041988539e-11,5.226179395999474e-07,9480.900172396541,0.0013629325118294,-9.059263300722649e-14
385,3.850000000000027e-12,1e-14,ELECTRODE_ATTACHMENT,CONFIRMED,6.373883383024283e-05,8272702.739469053,3.1418052794647693,2719579983857025.0,1.6920082518264937e-05,5.4255448952034057e-11,5.23294599966759e-07,9645.0146496694,0.0013908353171089,-9.105944868990232e-14
386,3.860000000000027e-12,1e-14,ELECTRODE_ATTACHMENT,CONFIRMED,6.373730550403707e-05,8317420.038917362,3.1587880058982742,2719329728602936.0,1.689842210696605e-05,5.340895486345912e-11,5.23965359413648e-07,9810.440229605207,0.0014190821708779,-9.152717168082729e-14
387,3.870000000000027e-12,1e-14,ELECTRODE_ATTACHMENT,CONFIRMED,6.373580491947932e-05,8362137.33824585,3.1757707322862725,2719083451405621.0,1.6877005077262735e-05,5.258307221555496e-11,5.246302748778963e-07,9977.170461384756,0.0014476742494041,-9.199580925129331e-14
388,3.880000000000027e-12,1e-14,ELECTRODE_ATTACHMENT,CONFIRMED,6.373433190269326e-05,8406854.637454646,3.192753458628815,2718841174988599.0,1.68558279939391e-05,5.1777142047131594e-11,5.252894023351289e-07,10145.198857383231,0.0014766127171908,-9.246536869388685e-14
389,3.890000000000027e-12,1e-14,ELECTRODE_ATTACHMENT,CONFIRMED,6.373288628123038e-05,8451571.936543902,3.209736184925958,2718602921630205.0,1.683488749405621e-05,5.099053113081831e-11,5.259427968215466e-07,10314.518895130132,0.0015058987271679,-9.293585732253233e-14
390,3.9000000000000274e-12,1e-14,ELECTRODE_ATTACHMENT,CONFIRMED,6.373146788405525e-05,8496289.235513754,3.226718911177754,2718368713165013.0,1.6814180285002125e-05,5.0222630794885964e-11,5.265905124555931e-07,10485.12401921435,0.0015355334208799,-9.340728247253821e-14
391,3.910000000000028e-12,1e-14,ELECTRODE_ATTACHMENT,CONFIRMED,6.373007654153052e-05,8541006.53436435,3.243701637384259,2718138570985308.5,1.6793703142603648e-05,4.947285580663266e-11,5.27232602459071e-07,10657.007643136432,0.0015654498166264,-9.38687985661782e-14
392,3.9200000000000285e-12,1e-14,ELECTRODE_ATTACHMENT,CONFIRMED,6.372871825273245e-05,8585723.833100673,3.2606843635473655,2717912197077406.5,1.677345094081881e-05,4.874064331365384e-11,5.278691811267656e-07,10830.164422119808,0.0015956490380096,-9.43211709224443e-14
393,3.930000000000028e-12,1e-14,ELECTRODE_ATTACHMENT,CONFIRMED,6.372739836787766e-05,8630441.131727414,3.2776670896688547,2717689315419792.0,1.6753418765483235e-05,4.8025451839872845e-11,5.285003578518626e-07,11004.588975320756,0.0016261940111325,-9.477453163077056e-14
394,3.940000000000028e-12,1e-14,ELECTRODE_ATTACHMENT,CONFIRMED,6.372611638639407e-05,8675158.430244675,3.2946498157487665,2717469947263223.5,1.6733603606714718e-05,4.732676033298504e-11,5.291261835105899e-07,11180.274749163596,0.0016570857101704,-9.522888819734543e-14
395,3.950000000000028e-12,1e-14,ELECTRODE_ATTACHMENT,CONFIRMED,6.372487181788938e-05,8719875.728652593,3.311632541787151,2717254113424548.5,1.6714002515815877e-05,4.664406726024512e-11,5.297467081521373e-07,11357.215167289707,0.0016883250988109,-9.568424814750435e-14
396,3.960000000000029e-12,1e-14,ELECTRODE_ATTACHMENT,CONFIRMED,6.372366418187122e-05,8764593.02695135,3.328615267784078,2717041834288312.5,1.66946126036695e-05,4.597688975005407e-11,5.303619810173874e-07,11535.403632142466,0.0017199131304501,-9.614061902630579e-14
397,3.970000000000029e-12,1e-14,ELECTRODE_ATTACHMENT,CONFIRMED,6.372249300747638e-05,8809310.325141001,3.345597993739569,2716833129808402.5,1.6675431039183393e-05,4.53247627766785e-11,5.309720505571768e-07,11714.833526506272,0.0017518507483862,-9.65980083985902e-14
398,3.980000000000029e-12,1e-14,ELECTRODE_ATTACHMENT,CONFIRMED,6.372135783320904e-05,8854027.623221725,3.3625807196536925,2716628019509726.0,1.6656455047782568e-05,4.468723838566614e-11,5.315769644501119e-07,11895.498215003152,0.0017841388860095,-9.705642384904189e-14
399,3.990000000000029e-12,1e-14,ELECTRODE_ATTACHMENT,CONFIRMED,6.372025820668725e-05,8898744.921193661,3.3795634455265,2716426522489920.5,1.663768190994749e-05,4.4063884957690605e-11,5.321767696199419e-07,12077.391045545097,0.0018167784669893,-9.75158729822516e-14
400,4.000000000000029e-12,1e-14,ELECTRODE_ATTACHMENT,CONFIRMED,6.371919368439814e-05,8943462.219056945,3.396546171358044,2716228657421094.5,1.66191089597966e-05,4.3454286508680574e-11,5.327715122525056e-07,12260.505350745483,0.0018497704054579,-9.797636342278032e-14
401,4.010000000000029e-12,1e-14,ELECTRODE_ATTACHMENT,CONFIRMED,6.371816383146035e-05,8988179.516811697,3.4135288971483697,2716034442551596.0,1.6600733583711507e-05,4.28580420242312e-11,5.333612378122647e-07,12444.834449289852,0.0018831156061911,-9.843790281522464e-14
402,4.020000000000029e-12,1e-14,ELECTRODE_ATTACHMENT,CONFIRMED,6.371716822139447e-05,9032896.814458048,3.4305116228975274,2715843895707806.5,1.6582553219003486e-05,4.2274764826413005e-11,5.339459910584317e-07,12630.371647267575,0.001916814964786,-9.890049882428367e-14
403,4.0300000000000295e-12,1e-14,ELECTRODE_ATTACHMENT,CONFIRMED,6.371620643590084e-05,9077614.111996172,3.4474943486055807,2715657034295959.0,1.656456535261975e-05,4.17040819712113e-11,5.345258160607081e-07,12817.11023946519,0.0019508693678358,-9.936415913482624e-14
404,4.04000000000003e-12,1e-14,ELECTRODE_ATTACHMENT,CONFIRMED,6.371527806464413e-05,9122331.409426188,3.464477074272579,2715473875303979.5,1.654676751988822e-05,4.114563367493422e-11,5.351007562146383e-07,13005.04351062212,0.0019852796931009,-9.982889145196067e-14
405,4.05000000000003e-12,1e-14,ELECTRODE_ATTACHMENT,CONFIRMED,6.371438270504484e-05,9167048.706748232,3.4814597998985706,2715294435303347.5,1.6529157303299368e-05,4.0599072768024767e-11,5.356708542565945e-07,13194.164736650857,0.0020200468096782,-1.0029470350110433e-13
406,4.06000000000003e-12,1e-14,ELECTRODE_ATTACHMENT,CONFIRMED,6.371351996207743e-05,9211766.003962446,3.4984425254836107,2715118730450976.5,1.651173233132395e-05,4.0064064174809994e-11,5.362361522783994e-07,13384.46718582171,0.002055171578166,-1.007616030280551e-13
407,4.070000000000031e-12,1e-14,ELECTRODE_ATTACHMENT,CONFIRMED,6.371268944807453e-05,9256483.301068967,3.515425251027752,2714946776491111.5,1.6494490277265368e-05,3.954028441780454e-11,5.367966917415978e-07,13575.944119913422,0.0020906548508273,-1.0122959779906392e-13
408,4.08000000000003e-12,1e-14,ELECTRODE_ATTACHMENT,CONFIRMED,6.371189078253743e-05,9301200.598067949,3.5324079765310503,2714778588757241.0,1.6477428858145493e-05,3.9027421145267873e-11,5.373525134913874e-07,13768.588795330688,0.0021264974717493,-1.0169869560090809e-13
409,4.0900000000000304e-12,1e-14,ELECTRODE_ATTACHMENT,CONFIRMED,6.37111235919523e-05,9345917.894959534,3.5493907019935618,2714614182174025.0,1.6460545833622822e-05,3.852517268079118e-11,5.379036577702157e-07,13962.3944641893,0.0021627002770005,-1.0216890424096557e-13
410,4.100000000000031e-12,1e-14,ELECTRODE_ATTACHMENT,CONFIRMED,6.371038750961215e-05,9390635.191743832,3.5663734274153294,2714453571259236.5,1.644383900494192e-05,3.8033247593760736e-11,5.384501642310549e-07,14157.354375369883,0.0021992640947845,-1.0264023154729069e-13
411,4.1100000000000316e-12,1e-14,ELECTRODE_ATTACHMENT,CONFIRMED,6.370968217544407e-05,9435352.488421032,3.5833561527964224,2714296770125708.5,1.6427306213913008e-05,3.755136428960992e-11,5.389920719503603e-07,14353.461775541771,0.0022361897455916,-1.0311268536869081e-13
412,4.120000000000032e-12,1e-14,ELECTRODE_ATTACHMENT,CONFIRMED,6.370900723584197e-05,9480069.784991277,3.6003388781368963,2714143792483300.0,1.6410945341920843e-05,3.707925061883963e-11,5.395294194407236e-07,14550.709910156424,0.002273478042347,-1.0358627357480304e-13
413,4.130000000000031e-12,1e-14,ELECTRODE_ATTACHMENT,CONFIRMED,6.370836234350407e-05,9524787.081454668,3.617321603436789,2713994651640863.5,1.639475430896177e-05,3.6616643503838955e-11,5.400622446632266e-07,14749.092024412494,0.0023111297905567,-1.0406100405617301e-13
414,4.140000000000031e-12,1e-14,ELECTRODE_ATTACHMENT,CONFIRMED,6.370774715727564e-05,9569504.377811393,3.634304328696172,2713849360508223.5,1.6378731072708106e-05,3.616328858259494e-11,5.405905850395055e-07,14948.601364193595,0.0023491457884503,-1.0453688472433407e-13
415,4.150000000000032e-12,1e-14,ELECTRODE_ATTACHMENT,CONFIRMED,6.370716134199615e-05,9614221.674061578,3.651287053915093,2713707931598159.0,1.6362873627598947e-05,3.571893986843759e-11,5.411144774635314e-07,15149.231176977832,0.0023875268271213,-1.0501392351188745e-13
416,4.160000000000032e-12,1e-14,ELECTRODE_ATTACHMENT,CONFIRMED,6.37066045683511e-05,9658938.970205368,3.668269779093608,2713570377028394.5,1.634718000395654e-05,3.528335942500415e-11,5.416339583131161e-07,15350.974712721883,0.0024262736906648,-1.0549210608741924e-13
417,4.1700000000000325e-12,1e-14,ELECTRODE_ATTACHMENT,CONFIRMED,6.370607664592254e-05,9703656.26624293,3.685252504231781,2713436692475453.0,1.633164817053669e-05,3.485631705566104e-11,5.421490666675949e-07,15553.825316709532,0.0024653871422327,-1.0597144565128837e-13
418,4.180000000000032e-12,1e-14,ELECTRODE_ATTACHMENT,CONFIRMED,6.370557735242134e-05,9748373.562174348,3.70223522932964,2713306877258844.5,1.6316276154888146e-05,3.443759000666063e-11,5.426598403182458e-07,15757.776319808934,0.0025048679409454,-1.0645196657278241e-13
419,4.190000000000032e-12,1e-14,ELECTRODE_ATTACHMENT,CONFIRMED,6.370510637063736e-05,9793090.857999802,3.719217954387256,2713180942216761.0,1.6301062089731277e-05,3.4026962683347264e-11,5.431663141984857e-07,15962.820991493028,0.002544716849413,-1.0693367686318841e-13
420,4.200000000000032e-12,1e-14,ELECTRODE_ATTACHMENT,CONFIRMED,6.370466338873102e-05,9837808.153719418,3.7362006794046794,2713058897800586.0,1.6286004140370114e-05,3.362422637877301e-11,5.43668522768703e-07,16168.952607097635,0.0025849346237444,-1.0741658455517267e-13
421,4.210000000000032e-12,1e-14,ELECTRODE_ATTACHMENT,CONFIRMED,6.370424810010455e-05,9882525.4493334,3.753183404381984,2712940754076885.0,1.627110050392465e-05,3.3229179014108013e-11,5.441665000264941e-07,16376.164448584746,0.0026255220136709,-1.0790069770286705e-13
422,4.220000000000033e-12,1e-14,ELECTRODE_ATTACHMENT,CONFIRMED,6.370386020327648e-05,9927242.744841838,3.770166129319205,2712826520729407.0,1.6256349408584295e-05,3.284162489027399e-11,5.446602795166594e-07,16584.449805282315,0.0026664797626687,-1.0838602438195445e-13
423,4.230000000000033e-12,1e-14,ELECTRODE_ATTACHMENT,CONFIRMED,6.370349940176015e-05,9971960.040244909,3.787148854216409,2712716207061072.5,1.6241749112881517e-05,3.2461374450249874e-11,5.451498943409761e-07,16793.801974604303,0.0027078086080781,-1.0887257268975623e-13
424,4.240000000000033e-12,1e-14,ELECTRODE_ATTACHMENT,CONFIRMED,6.37031654039454e-05,10016677.335542776,3.804131579073659,2712609821995968.5,1.6227297904985276e-05,3.2088244051539146e-11,5.45635377167745e-07,17004.214262748763,0.0027495092812205,-1.0936035074531973e-13
425,4.250000000000033e-12,1e-14,ELECTRODE_ATTACHMENT,CONFIRMED,6.370285792298379e-05,10061394.630735625,3.821114303891026,2712507374081333.0,1.6212994102013523e-05,3.1722055748307524e-11,5.461167602411193e-07,17215.67998537599,0.0027915825075136,-1.0984936668950617e-13
426,4.260000000000033e-12,1e-14,ELECTRODE_ATTACHMENT,CONFIRMED,6.370257667667704e-05,10106111.925823549,3.838097028668544,2712408871489542.0,1.6198836049364213e-05,3.1362637082730055e-11,5.465940753902203e-07,17428.192468266778,0.0028340290065826,-1.1033962868507884e-13
427,4.270000000000033e-12,1e-14,ELECTRODE_ATTACHMENT,CONFIRMED,6.37023213873686e-05,10150829.220806744,3.855079753406288,2712314322020083.5,1.6184822120064083e-05,3.1009820885107073e-11,5.470673540380525e-07,17641.745047962846,0.002876849492371,-1.1083114491679381e-13
428,4.2800000000000335e-12,1e-14,ELECTRODE_ATTACHMENT,CONFIRMED,6.370209178183827e-05,10195546.515685366,3.872062478104318,2712223733101535.5,1.6170950714134997e-05,3.066344508233894e-11,5.475366272102094e-07,17856.331072387264,0.0029200446732479,-1.1132392359148829e-13
429,4.290000000000034e-12,1e-14,ELECTRODE_ATTACHMENT,CONFIRMED,6.370188759119979e-05,10240263.810459582,3.889045202762696,2712137111793530.0,1.615722025797695e-05,3.032335251436238e-11,5.480019255433879e-07,18071.94390144796,0.0029636152521128,-1.118179729381722e-13
430,4.300000000000034e-12,1e-14,ELECTRODE_ATTACHMENT,CONFIRMED,6.370170855080128e-05,10284981.105129505,3.9060279273814658,2712054464788715.0,1.6143629203767438e-05,2.998939075817845e-11,5.484632792937105e-07,18288.57690762318,0.003007561926499,-1.1231330120811829e-13
431,4.310000000000034e-12,1e-14,ELECTRODE_ATTACHMENT,CONFIRMED,6.370155440012842e-05,10329698.39969538,3.92301065196072,2711975798414705.0,1.613017602887659e-05,2.966141195911596e-11,5.489207183448613e-07,18506.223476531413,0.0030518853886744,-1.1280991667495485e-13
432,4.320000000000034e-12,1e-14,ELECTRODE_ATTACHMENT,CONFIRMED,6.37014248827103e-05,10374415.69415733,3.939993376500506,2711901118636029.0,1.611685923529772e-05,2.933927266900081e-11,5.493742722160371e-07,18724.87700748264,0.0030965863257393,-1.1330782763475645e-13
433,4.3300000000000335e-12,1e-14,ELECTRODE_ATTACHMENT,CONFIRMED,6.370131974602795e-05,10419132.988515494,3.9569761010008766,2711830431056063.5,1.6103677349092608e-05,2.902283369090689e-11,5.498239700697248e-07,18944.5309140158,0.0031416654197233,-1.1380704240613716e-13
434,4.340000000000034e-12,1e-14,ELECTRODE_ATTACHMENT,CONFIRMED,6.370123874142521e-05,10463850.282770053,3.9739588254618985,2711763740918959.5,1.6090628919851283e-05,2.8711959930191007e-11,5.502698407193045e-07,19165.17862442015,0.0031871233476793,-1.1430756934780165e-13
435,4.3500000000000346e-12,1e-14,ELECTRODE_ATTACHMENT,CONFIRMED,6.370118162402592e-05,10508567.576921197,3.9909415498836474,2711701053111563.0,1.6077712520165708e-05,2.8406520251525077e-11,5.50711912636484e-07,19386.81358224148,0.003232960781775,-1.1480941682563982e-13
436,4.360000000000035e-12,1e-14,ELECTRODE_ATTACHMENT,CONFIRMED,6.370114815264634e-05,10553284.87096906,4.007924274266172,2711642372165319.5,1.606492674511713e-05,2.8106387341653396e-11,5.511502139585664e-07,19609.429246773638,0.0032791783893834,-1.1531259529249153e-13
437,4.370000000000035e-12,1e-14,ELECTRODE_ATTACHMENT,CONFIRMED,6.370113809015543e-05,10598002.164913842,4.024906998609548,2711587702258172.0,1.6052270211776428e-05,2.781143757761588e-11,5.515847724955629e-07,19833.01909353681,0.0033257768331793,-1.1581907925004053e-13
438,4.380000000000035e-12,1e-14,ELECTRODE_ATTACHMENT,CONFIRMED,6.37011516213019e-05,10642719.458756212,4.0418897229140285,2711537047216503.5,1.6039741558717583e-05,2.752155090019073e-11,5.520156157371352e-07,20057.57661474337,0.0033727567804573,-1.163268964038487e-13
439,4.390000000000035e-12,1e-14,ELECTRODE_ATTACHMENT,CONFIRMED,6.370118850222703e-05,10687436.752496405,4.058872447179706,2711490410571910.0,1.6027339445867977e-05,2.723661069233464e-11,5.524427708482025e-07,20283.09531933354,0.0034201188852236,-1.1683605527432629e-13
440,4.400000000000035e-12,1e-14,ELECTRODE_ATTACHMENT,CONFIRMED,6.370124853202742e-05,10732154.046134591,4.075855171406643,2711447795508233.0,1.6015062553720828e-05,2.6956503662381484e-11,5.528662646867329e-07,20509.568733806984,0.00346786379795,-1.1734656450112876e-13
441,4.410000000000036e-12,1e-14,ELECTRODE_ATTACHMENT,CONFIRMED,6.370133156700373e-05,10776871.339671174,4.092837895594994,2711409204868669.0,1.6002909582915403e-05,2.668111973179849e-11,5.532861238091774e-07,20736.99040260939,0.0035159921661208,-1.1785843288528797e-13
442,4.4200000000000365e-12,1e-14,ELECTRODE_ATTACHMENT,CONFIRMED,6.370143737059298e-05,10821588.63310638,4.109820619744843,2711374641165106.0,1.5990879253841865e-05,2.641035192730275e-11,5.537023744752968e-07,20965.353888483587,0.0035645046308207,-1.1837166901736673e-13
443,4.430000000000036e-12,1e-14,ELECTRODE_ATTACHMENT,CONFIRMED,6.370156570981597e-05,10866305.926440315,4.126803343856232,2711344106567292.0,1.5978970306137977e-05,2.614409627714093e-11,5.541150426569637e-07,21194.6527729648,0.003613401828925,-1.1888628151055385e-13
444,4.440000000000036e-12,1e-14,ELECTRODE_ATTACHMENT,CONFIRMED,6.370171635519743e-05,10911023.219673209,4.1437860679292475,2711317602904645.0,1.596718149827132e-05,2.5882251711352307e-11,5.545241540442561e-07,21424.880656772,0.0036626843931741,-1.1940227900092866e-13
445,4.450000000000036e-12,1e-14,ELECTRODE_ATTACHMENT,CONFIRMED,6.370188908068794e-05,10955740.51280519,4.160768791963938,2711295131668050.0,1.5955511607131922e-05,2.562471996584664e-11,5.549297340514161e-07,21656.03116018604,0.0037123529522443,-1.1991967014757329e-13
446,4.460000000000036e-12,1e-14,ELECTRODE_ATTACHMENT,CONFIRMED,6.370208366358804e-05,11000457.805836422,4.177751515960366,2711276694011634.0,1.594395942763496e-05,2.5371405490128077e-11,5.55331807822681e-07,21888.097923418496,0.0037624081308186,-1.2043846363268701e-13
447,4.470000000000037e-12,1e-14,ELECTRODE_ATTACHMENT,CONFIRMED,6.370229988447441e-05,11045175.09876714,4.1947342399186205,2711262290754537.0,1.5932523772333166e-05,2.5122215358510797e-11,5.557304002379901e-07,22121.0746069702,0.0038128505496543,-1.2095866816169978e-13
448,4.480000000000037e-12,1e-14,ELECTRODE_ATTACHMENT,CONFIRMED,6.370253752712808e-05,11089892.391597455,4.211716963838746,2711251922382663.0,1.5921203471038875e-05,2.487705918467873e-11,5.561255359185643e-07,22354.95489197817,0.0038636808256494,-1.214802924633853e-13
449,4.490000000000037e-12,1e-14,ELECTRODE_ATTACHMENT,CONFIRMED,6.370279637846436e-05,11134609.684327604,4.228699687720828,2711245589050416.5,1.5909997370455115e-05,2.4635849039443584e-11,5.565172392323734e-07,22589.7324805552,0.0039148995719068,-1.2200334528997505e-13
450,4.500000000000037e-12,1e-14,ELECTRODE_ATTACHMENT,CONFIRMED,6.370307622846483e-05,11179326.976957696,4.245682411564912,2711243290582425.0,1.5898904333815846e-05,2.439849937157092e-11,5.56905534299478e-07,22825.40109611754,0.0039665073977972,-1.2252783541727077e-13
451,4.510000000000037e-12,1e-14,ELECTRODE_ATTACHMENT,CONFIRMED,6.370337687011111e-05,11224044.269487994,4.262665135371094,2711245026475249.0,1.5887923240534745e-05,2.416492693154044e-11,5.572904449972654e-07,23061.954483705933,0.0040185049090194,-1.230537716447657e-13
452,4.520000000000037e-12,1e-14,ELECTRODE_ATTACHMENT,CONFIRMED,6.370369809932017e-05,11268761.561918613,4.279647859139422,2711250795899067.0,1.587705298586261e-05,2.3935050698122816e-11,5.576719949655663e-07,23299.38641029507,0.0040708927076598,-1.235811627957457e-13
453,4.530000000000037e-12,1e-14,ELECTRODE_ATTACHMENT,CONFIRMED,6.370403971488165e-05,11313478.85424976,4.296630582869972,2711260597699359.5,1.5866292480552893e-05,2.3708791807650705e-11,5.580502076116689e-07,23537.690665097027,0.0041236713922496,-1.241100177174066e-13
454,4.540000000000038e-12,1e-14,ELECTRODE_ATTACHMENT,CONFIRMED,6.370440151839655e-05,11358196.146481622,4.313613306562815,2711274430398563.5,1.585564065053523e-05,2.3486073485876598e-11,5.584251061152245e-07,23776.861059854666,0.00417684155782,-1.2464034528096842e-13
455,4.550000000000038e-12,1e-14,ELECTRODE_ATTACHMENT,CONFIRMED,6.370478331421763e-05,11402913.438614398,4.330596030218028,2711292292197720.5,1.584509643659683e-05,2.326682098230827e-11,5.587967134330474e-07,24016.891429127674,0.0042304037959567,-1.251721543817894e-13
456,4.560000000000038e-12,1e-14,ELECTRODE_ATTACHMENT,CONFIRMED,6.370518490939142e-05,11447630.730537098,4.347578753793457,2711314180978102.5,1.5834658794097513e-05,2.3050961507453928e-11,5.59165052302893e-07,24257.775629970023,0.0042843586947171,-1.2570545393924837e-13
457,4.570000000000039e-12,1e-14,ELECTRODE_ATTACHMENT,CONFIRMED,6.370560611360161e-05,11492348.022360029,4.364561477330997,2711340094302789.0,1.5824326692587106e-05,2.2838424170205456e-11,5.595301452508397e-07,24499.507543992077,0.0043387068390811,-1.2624025289754721e-13
458,4.580000000000038e-12,1e-14,ELECTRODE_ATTACHMENT,CONFIRMED,6.370604673911394e-05,11537065.314083325,4.381544200830699,2711370029418334.5,1.5814099115588093e-05,2.2629139920638368e-11,5.598920145930002e-07,24742.081075841685,0.004393448810603,-1.2677656947761006e-13
459,4.590000000000038e-12,1e-14,ELECTRODE_ATTACHMENT,CONFIRMED,6.370650660072233e-05,11581782.605707211,4.3985269242926455,2711403983256311.5,1.5803975060279393e-05,2.242304149274501e-11,5.602506824408689e-07,24985.490154051506,0.0044485851875904,-1.2731440917017817e-13
460,4.600000000000039e-12,1e-14,ELECTRODE_ATTACHMENT,CONFIRMED,6.370698551569865e-05,11626499.89723182,4.415509647716888,2711441952434695.5,1.5793953537212506e-05,2.2220063349727235e-11,5.606061707056717e-07,25229.728731288847,0.0045041165451488,-1.2785377531859102e-13
461,4.6100000000000395e-12,1e-14,ELECTRODE_ATTACHMENT,CONFIRMED,6.370748330374073e-05,11671217.188657384,4.432492371103517,2711483933259482.5,1.578403357003556e-05,2.202014163122096e-11,5.609585011025831e-07,25474.79078459857,0.0045600434552268,-1.2839467696549225e-13
462,4.62000000000004e-12,1e-14,ELECTRODE_ATTACHMENT,CONFIRMED,6.370799978692165e-05,11715934.479984084,4.4494750944525965,2711529921726327.0,1.577421419522412e-05,2.1823214102378557e-11,5.613076951548394e-07,25720.670315637028,0.0046163664866577,-1.289371231784523e-13
463,4.630000000000039e-12,1e-14,ELECTRODE_ATTACHMENT,CONFIRMED,6.370853478964107e-05,11760651.771212082,4.466457817764193,2711579913522054.5,1.5764494461817492e-05,2.16292201047328e-11,5.616537741977931e-07,25967.36135090209,0.004673086205201,-1.294811230500832e-13
464,4.640000000000039e-12,1e-14,ELECTRODE_ATTACHMENT,CONFIRMED,6.370908813857822e-05,11805369.062341604,4.48344054103839,2711633904026155.0,1.5754873431161068e-05,2.143810050877307e-11,5.619967593828829e-07,26214.85794195704,0.0047302031735817,-1.3002668569814984e-13
465,4.65000000000004e-12,1e-14,ELECTRODE_ATTACHMENT,CONFIRMED,6.370965966264567e-05,11850086.353372812,4.500423264275249,2711691888312261.0,1.574535017665468e-05,2.1249797668166846e-11,5.623366716815184e-07,26463.154165647607,0.0047877179515281,-1.3057382026568357e-13
466,4.66000000000004e-12,1e-14,ELECTRODE_ATTACHMENT,CONFIRMED,6.371024919294452e-05,11894803.644305917,4.517405987474852,2711753861149611.0,1.5735923783506587e-05,2.106425537556095e-11,5.626735318888879e-07,26712.24412431449,0.0048456310958081,-1.3112253592109445e-13
467,4.6700000000000405e-12,1e-14,ELECTRODE_ATTACHMENT,CONFIRMED,6.371085656272057e-05,11939520.935141126,4.534388710637275,2711819817004486.5,1.5726593348493082e-05,2.0881418819901915e-11,5.630073606276854e-07,26962.12194599954,0.0049039431602643,-1.3167284185828356e-13
468,4.68000000000004e-12,1e-14,ELECTRODE_ATTACHMENT,CONFIRMED,6.371148160732161e-05,11984238.225878632,4.551371433762593,2711889750041643.5,1.571735797972355e-05,2.0701234545216228e-11,5.633381783517625e-07,27212.781784646853,0.004962654695847,-1.3222474729675597e-13
469,4.69000000000004e-12,1e-14,ELECTRODE_ATTACHMENT,CONFIRMED,6.371212416415575e-05,12028955.516518608,4.56835415685087,2711963654125719.0,1.5708216796410826e-05,2.0523650410793926e-11,5.636660053497032e-07,27464.217820298487,0.0050217662506466,-1.327782614817324e-13
470,4.70000000000004e-12,1e-14,ELECTRODE_ATTACHMENT,CONFIRMED,6.371278407265083e-05,12073672.80706129,4.585336879902197,2712041522822622.0,1.5699168928646672e-05,2.034861555272128e-11,5.639908617483274e-07,27716.424259285937,0.0050812783699238,-1.33333393684262e-13
471,4.71000000000004e-12,1e-14,ELECTRODE_ATTACHMENT,CONFIRMED,6.37134611742147e-05,12118390.097506844,4.602319602916638,2712123349400907.5,1.569021351718231e-05,2.0176080346712224e-11,5.643127675161211e-07,27969.395334415294,0.0051411915961388,-1.3389015320133357e-13
472,4.720000000000041e-12,1e-14,ELECTRODE_ATTACHMENT,CONFIRMED,6.371415531219665e-05,12163107.387855507,4.619302325894281,2712209126833133.0,1.5681349713213796e-05,2.0005996372187015e-11,5.646317424665985e-07,28223.1253051494,0.0052015064689789,-1.3444854935598864e-13
473,4.730000000000041e-12,1e-14,ELECTRODE_ATTACHMENT,CONFIRMED,6.371486633184955e-05,12207824.678107483,4.6362850488352025,2712298847797199.0,1.5672576678172244e-05,1.9838316377552816e-11,5.649478062615921e-07,28477.608457783957,0.0052622235253848,-1.3500859149743254e-13
474,4.740000000000041e-12,1e-14,ELECTRODE_ATTACHMENT,CONFIRMED,6.371559408029319e-05,12252541.968262948,4.653267771739473,2712392504677665.0,1.5663893583518566e-05,1.9672994246639546e-11,5.6526097841448e-07,28732.839105619893,0.0053233432995755,-1.3557028900114605e-13
475,4.750000000000041e-12,1e-14,ELECTRODE_ATTACHMENT,CONFIRMED,6.371633840647809e-05,12297259.258322123,4.670250494607174,2712490089567062.0,1.5655299610542825e-05,1.950998496624752e-11,5.655712782933443e-07,28988.81158913185,0.0053848663230719,-1.3613365126899748e-13
476,4.760000000000041e-12,1e-14,ELECTRODE_ATTACHMENT,CONFIRMED,6.371709916115077e-05,12341976.548285274,4.687233217438407,2712591594267170.0,1.5646793950167924e-05,1.934924459476608e-11,5.658787251240677e-07,29245.520276131934,0.0054467931247186,-1.366986877293538e-13
477,4.770000000000041e-12,1e-14,ELECTRODE_ATTACHMENT,CONFIRMED,6.371787619681916e-05,12386693.838152518,4.704215940233216,2712697010290294.0,1.5638375802757662e-05,1.9190730231823272e-11,5.66183337993365e-07,29502.959561928717,0.0055091242307052,-1.3726540783719125e-13
478,4.7800000000000414e-12,1e-14,ELECTRODE_ATTACHMENT,CONFIRMED,6.371866936771943e-05,12431411.127924152,4.721198662991713,2712806328860512.5,1.5630044377928837e-05,1.903439998892621e-11,5.664851358517565e-07,29761.12386948497,0.0055718601645856,-1.3783382107420817e-13
479,4.7900000000000416e-12,1e-14,ELECTRODE_ATTACHMENT,CONFIRMED,6.371947852978327e-05,12476128.417600349,4.738181385713968,2712919540914911.0,1.5621798894367545e-05,1.8880212961059355e-11,5.667841375164794e-07,30020.007649568244,0.0056350014472962,-1.3840393694893378e-13
480,4.800000000000042e-12,1e-14,ELECTRODE_ATTACHMENT,CONFIRMED,6.372030354060607e-05,12520845.707181346,4.7551641084000655,2713036637104800.0,1.5613638579649386e-05,1.8728129199201417e-11,5.670803616743399e-07,30279.60538090055,0.0056985485971727,-1.3897576499684062e-13
481,4.810000000000042e-12,1e-14,ELECTRODE_ATTACHMENT,CONFIRMED,6.372114425941578e-05,12565562.996667355,4.772146831050091,2713157607796914.5,1.5605562670063537e-05,1.857810968373024e-11,5.6737382688451e-07,30539.911570302924,0.0057625021299658,-1.3954931478045466e-13
482,4.820000000000042e-12,1e-14,ELECTRODE_ATTACHMENT,CONFIRMED,6.372200054704254e-05,12610280.286058605,4.789129553664128,2713282443074594.5,1.5597570410440578e-05,1.8430116298681542e-11,5.676645515812677e-07,30800.92075283743,0.0058268625588555,-1.4012459588946498e-13
483,4.8300000000000414e-12,1e-14,ELECTRODE_ATTACHMENT,CONFIRMED,6.372287226588909e-05,12654997.575355304,4.806112276242256,2713411132738950.5,1.5589661053984043e-05,1.8284111806831345e-11,5.67952554076681e-07,31062.627491945303,0.0058916303944641,-1.4070161794083525e-13
484,4.8400000000000416e-12,1e-14,ELECTRODE_ATTACHMENT,CONFIRMED,6.372375927990169e-05,12699714.864557726,4.823094998784579,2713543666310010.5,1.5581833862105466e-05,1.8140059825571662e-11,5.682378525632409e-07,31325.02637958271,0.0059568061448684,-1.4128039057891306e-13
485,4.8500000000000425e-12,1e-14,ELECTRODE_ATTACHMENT,CONFIRMED,6.372466145454197e-05,12744432.153666032,4.840077721291158,2713680033027849.0,1.5574088104263038e-05,1.79979248035521e-11,5.685204651164378e-07,31588.11203635174,0.0060223903156094,-1.4186092347553944e-13
486,4.860000000000043e-12,1e-14,ELECTRODE_ATTACHMENT,CONFIRMED,6.372557865675911e-05,12789149.442680497,4.8570604437621,2713820221853703.5,1.556642305780352e-05,1.7857671998057654e-11,5.688004096972911e-07,31851.879111631035,0.0060883834097028,-1.424432263301592e-13
487,4.870000000000043e-12,1e-14,ELECTRODE_ATTACHMENT,CONFIRMED,6.372651075496307e-05,12833866.731601344,4.874043166197487,2713964221471063.5,1.555883800780759e-05,1.7719267453099155e-11,5.690777041548268e-07,32116.322283701025,0.0061547859276462,-1.430273088718398e-13
488,4.880000000000043e-12,1e-14,ELECTRODE_ATTACHMENT,CONFIRMED,6.372745761899842e-05,12878584.0204288,4.891025888597407,2714112020286655.5,1.5551332246937804e-05,1.7582677978188986e-11,5.693523662285248e-07,32381.43625986876,0.0062215983674261,-1.436131808567999e-13
489,4.890000000000043e-12,1e-14,ELECTRODE_ATTACHMENT,CONFIRMED,6.372841912011864e-05,12923301.309163123,4.908008610961955,2714263606431539.0,1.55439050752905e-05,1.7447871127778383e-11,5.696244135506937e-07,32647.215776588735,0.0062888212245242,-1.442008520679834e-13
490,4.900000000000043e-12,1e-14,ELECTRODE_ATTACHMENT,CONFIRMED,6.372939513096043e-05,12968018.59780452,4.924991333291213,2714418967762216.0,1.5536555800250975e-05,1.7314815181333613e-11,5.698938636487871e-07,32913.6555995796,0.0063564549919211,-1.4479033231637396e-13
491,4.910000000000044e-12,1e-14,ELECTRODE_ATTACHMENT,CONFIRMED,6.373038552551917e-05,13012735.88635328,4.9419740555852885,2714578091861657.0,1.5529283736351183e-05,1.718347912402739e-11,5.701607339476954e-07,33180.750523940675,0.0064245001601007,-1.4538163144110365e-13
492,4.9200000000000445e-12,1e-14,ELECTRODE_ATTACHMENT,CONFIRMED,6.373139017912487e-05,13057453.174809584,4.95895677784425,2714740966040312.0,1.552208820513053e-05,1.7053832628025504e-11,5.704250417719838e-07,33448.495374264014,0.0064929572170516,-1.4597475930956085e-13
493,4.930000000000044e-12,1e-14,ELECTRODE_ATTACHMENT,CONFIRMED,6.373240896841864e-05,13102170.463173736,4.975939500068217,2714907577337104.0,1.5514968534999344e-05,1.692584603434604e-11,5.706868043480937e-07,33716.88500474671,0.006561826648269,-1.465697258174989e-13
494,4.940000000000044e-12,1e-14,ELECTRODE_ATTACHMENT,CONFIRMED,6.373344177132969e-05,13146887.751445904,4.992922222257249,2715077912520406.0,1.55079240611053e-05,1.6799490335273766e-11,5.709460388064949e-07,33985.914299297736,0.0066311089367537,-1.4716654088914306e-13
495,4.950000000000044e-12,1e-14,ELECTRODE_ATTACHMENT,CONFIRMED,6.3734488467053e-05,13191605.039626434,5.009904944411479,2715251958088999.5,1.5500954125202414e-05,1.6674737157307422e-11,5.71202762183801e-07,34255.578171646375,0.0067008045630118,-1.4776521447729826e-13
496,4.960000000000044e-12,1e-14,ELECTRODE_ATTACHMENT,CONFIRMED,6.373554893602718e-05,13236322.327715522,5.02688766653098,2715429700273019.5,1.54940580755228e-05,1.6551558744625265e-11,5.714569914248399e-07,34525.87156544438,0.0067709140050516,-1.4836575656345662e-13
497,4.970000000000045e-12,1e-14,ELECTRODE_ATTACHMENT,CONFIRMED,6.37366230599131e-05,13281039.615713429,5.0438703886158525,2715611125034880.0,1.5487235266650985e-05,1.642992794304745e-11,5.717087433846843e-07,34796.7894543695,0.0068414377383808,-1.4896817715790374e-13
498,4.980000000000045e-12,1e-14,ELECTRODE_ATTACHMENT,CONFIRMED,6.373771072157288e-05,13325756.903620403,5.0608531106661925,2715796218070185.0,1.548048505940071e-05,1.6309818184480914e-11,5.719580348306456e-07,35068.32684222526,0.0069123762360015,-1.4957248629982582e-13
499,4.990000000000045e-12,1e-14,ELECTRODE_ATTACHMENT,CONFIRMED,6.37388118050494e-05,13370474.191436753,5.077835832682113,2715984964808623.5,1.5473806820694248e-05,1.6191203471829054e-11,5.722048824442251e-07,35340.478763039435,0.0069837299684051,-1.5017869405741526e-13
500,5.000000000000045e-12,1e-14,ELECTRODE_ATTACHMENT,CONFIRMED,6.373992619554616e-05,13415191.479162697,5.094818554663699,2716177350414843.5,1.5467199923444136e-05,1.60740583643512e-11,5.724493028230288e-07,35613.24028115999,0.0070554994035649,-1.507868105279775e-13
501,5.010000000000045e-12,1e-14,ELECTRODE_ATTACHMENT,CONFIRMED,6.374105377940768e-05,13459908.766798465,5.11180127661104,2716373359789316.5,1.5460663746437195e-05,1.5958357963456057e-11,5.726913124826473e-07,35886.606491349885,0.0071276850069288,-1.5139684583803602e-13
502,5.020000000000045e-12,1e-14,ELECTRODE_ATTACHMENT,CONFIRMED,6.374219444410033e-05,13504626.054344373,5.128783998524252,2716572977569181.0,1.54541976742209e-05,1.584407789891458e-11,5.729309278584966e-07,36160.57251888076,0.0072002872414104,-1.5200881014343799e-13
503,5.0300000000000454e-12,1e-14,ELECTRODE_ATTACHMENT,CONFIRMED,6.374334807819354e-05,13549343.341800692,5.145766720403443,2716776188129072.0,1.5447801096991955e-05,1.573119431547925e-11,5.731681653076253e-07,36435.13351962329,0.007273306567379,-1.526227136294592e-13
504,5.0400000000000456e-12,1e-14,ELECTRODE_ATTACHMENT,CONFIRMED,6.374451457134131e-05,13594060.629167706,5.162749442248715,2716982975581934.0,1.5441473410487125e-05,1.561968385989492e-11,5.734030411104843e-07,36710.28468013705,0.0073467434426486,-1.5323856651090876e-13
505,5.050000000000046e-12,1e-14,ELECTRODE_ATTACHMENT,CONFIRMED,6.374569381426448e-05,13638777.916445592,5.1797321640601375,2717193323779817.0,1.54352140158761e-05,1.550952366828924e-11,5.736355714726666e-07,36986.02121775805,0.0074205983224657,-1.5385637903223297e-13
506,5.060000000000046e-12,1e-14,ELECTRODE_ATTACHMENT,CONFIRMED,6.374688569873291e-05,13683495.20363474,5.196714885837861,2717407216314661.0,1.5429022319656507e-05,1.5400691353928578e-11,5.738657725266108e-07,37262.338380687215,0.0074948716594971,-1.5447616146762045e-13
507,5.070000000000046e-12,1e-14,ELECTRODE_ATTACHMENT,CONFIRMED,6.374809011754842e-05,13728212.490735332,5.2136976075819526,2717624636519055.0,1.542289773355097e-05,1.5293164995330318e-11,5.74093660333272e-07,37539.231448072926,0.0075695639038147,-1.5509792412110417e-13
508,5.080000000000046e-12,1e-14,ELECTRODE_ATTACHMENT,CONFIRMED,6.37493069645279e-05,13772929.777747732,5.230680329292549,2717845567466994.0,1.5416839674406102e-05,1.5186923124716056e-11,5.743192508837637e-07,37816.69573009718,0.0076446755028811,-1.5572167732666645e-13
509,5.090000000000046e-12,1e-14,ELECTRODE_ATTACHMENT,CONFIRMED,6.375053613448681e-05,13817647.06467223,5.247663050969764,2718069991974609.0,1.5410847564093504e-05,1.5081944716798028e-11,5.745425601009649e-07,38094.72656805648,0.0077202069015336,-1.563474314483397e-13
510,5.100000000000047e-12,1e-14,ELECTRODE_ATTACHMENT,CONFIRMED,6.375177752322318e-05,13862364.351509016,5.264645772613665,2718297892600887.0,1.5404920829412643e-05,1.4978209177885934e-11,5.747636038410977e-07,38373.31933444271,0.0077961585419662,-1.5697519688031075e-13
511,5.1100000000000475e-12,1e-14,ELECTRODE_ATTACHMENT,CONFIRMED,6.375303102750169e-05,13907081.638258444,5.2816284942243925,2718529251648374.5,1.539905890199553e-05,1.4875696335303495e-11,5.74982397895277e-07,38652.469433024766,0.0078725308637127,-1.5760421381537145e-13
512,5.120000000000048e-12,1e-14,ELECTRODE_ATTACHMENT,CONFIRMED,6.375429644638827e-05,13951798.924920572,5.298611215801963,2718764051163865.0,1.5393261218213343e-05,1.4774386427107248e-11,5.751989579910269e-07,38932.17229892423,0.0079493242931326,-1.582351821143231e-13
513,5.130000000000047e-12,1e-14,ELECTRODE_ATTACHMENT,CONFIRMED,6.37555736702138e-05,13996516.211495724,5.315593937346503,2719002272912487.5,1.5387527218934143e-05,1.467426009209373e-11,5.754132997994015e-07,39212.42339907996,0.0080265392628317,-1.5886819617379434e-13
514,5.140000000000047e-12,1e-14,ELECTRODE_ATTACHMENT,CONFIRMED,6.375686260108623e-05,14041233.497984124,5.332576658858096,2719243898401953.0,1.5381856349566796e-05,1.4575298360090306e-11,5.756254389314567e-07,39493.21823199303,0.0081041762037986,-1.595032665207065e-13
515,5.150000000000047e-12,1e-14,ELECTRODE_ATTACHMENT,CONFIRMED,6.375816314197391e-05,14085950.784386115,5.349559380336872,2719488908886088.5,1.5376248059989013e-05,1.4477482642517132e-11,5.758353909390773e-07,39774.552327762925,0.0081822355442731,-1.6014040371249546e-13
516,5.160000000000048e-12,1e-14,ELECTRODE_ATTACHMENT,CONFIRMED,6.375947519669232e-05,14130668.070702037,5.366542101782961,2719737285365463.0,1.5370701804460734e-05,1.4380794723213769e-11,5.760431713163822e-07,40056.42124816104,0.0082607177097227,-1.607796183372118e-13
517,5.1700000000000485e-12,1e-14,ELECTRODE_ATTACHMENT,CONFIRMED,6.376079866989114e-05,14175385.356932096,5.383524823196441,2719989008588003.0,1.536521704153915e-05,1.4285216749521188e-11,5.762487955011059e-07,40338.820586703434,0.0083396231228185,-1.6142092101361946e-13
518,5.180000000000049e-12,1e-14,ELECTRODE_ATTACHMENT,CONFIRMED,6.376213346704157e-05,14220102.643076694,5.400507544577465,2720244059049593.0,1.5359793233995205e-05,1.4190731223610288e-11,5.764522788759545e-07,40621.74596872522,0.0084189522034108,-1.620643223912966e-13
519,5.190000000000048e-12,1e-14,ELECTRODE_ATTACHMENT,CONFIRMED,6.376347949442385e-05,14264819.9291361,5.417490265926135,2720502416994660.5,1.5354429848731793e-05,1.4097320994051389e-11,5.76653636769933e-07,40905.193051450144,0.008498705368503,-1.6270983315073286e-13
520,5.200000000000048e-12,1e-14,ELECTRODE_ATTACHMENT,CONFIRMED,6.376483665911514e-05,14309537.215110634,5.434472987242571,2720764062416747.0,1.5349126356703304e-05,1.4004969247614756e-11,5.768528844596541e-07,41189.15752406241,0.0085788830322247,-1.633574543567968e-13
521,5.210000000000048e-12,1e-14,ELECTRODE_ATTACHMENT,CONFIRMED,6.376620485846693e-05,14354254.501000589,5.451455708526887,2721028975059065.0,1.5343882232836758e-05,1.3913659501296592e-11,5.770500371706157e-07,41473.63510777602,0.0086594856044979,-1.6400719000684056e-13
522,5.2200000000000484e-12,1e-14,ELECTRODE_ATTACHMENT,CONFIRMED,6.376758398364265e-05,14398971.786806198,5.4684384297791695,2721297134412065.0,1.5338696955937557e-05,1.3823375594562787e-11,5.772451100790915e-07,41758.62155594918,0.0087405134913345,-1.646590670612954e-13
523,5.2300000000000494e-12,1e-14,ELECTRODE_ATTACHMENT,CONFIRMED,6.376897394454905e-05,14443689.07252778,5.4854211509995405,2721568519711871.0,1.533357000860166e-05,1.3734101681803419e-11,5.774381183138093e-07,42044.11265418751,0.0088219670979274,-1.6531309632717445e-13
524,5.240000000000049e-12,1e-14,ELECTRODE_ATTACHMENT,CONFIRMED,6.377037465183544e-05,14488406.358165648,5.502403872188118,2721843109945782.0,1.5328500877169062e-05,1.3645822224992415e-11,5.776290769561043e-07,42330.10422033586,0.0089038468264769,-1.6596928864294198e-13
525,5.250000000000049e-12,1e-14,ELECTRODE_ATTACHMENT,CONFIRMED,6.377178601688275e-05,14533123.643720172,5.519386593345044,2722120883852779.5,1.532348905165047e-05,1.3558521986545164e-11,5.778180010411094e-07,42616.59210454566,0.008986153076159,-1.666276548786091e-13
526,5.260000000000049e-12,1e-14,ELECTRODE_ATTACHMENT,CONFIRMED,6.377320795179302e-05,14577840.929191653,5.536369314470432,2722401819924010.5,1.531853402565529e-05,1.3472186022368809e-11,5.78004905558921e-07,42903.57218934024,0.0090688862430932,-1.6728820593583094e-13
527,5.270000000000049e-12,1e-14,ELECTRODE_ATTACHMENT,CONFIRMED,6.377464036937889e-05,14622558.214580476,5.553352035564427,2722685896403260.5,1.5313635296320895e-05,1.3386799675098315e-11,5.781898054557445e-07,43191.04038968135,0.0091520467203092,-1.6795095274590314e-13
528,5.28000000000005e-12,1e-14,ELECTRODE_ATTACHMENT,CONFIRMED,6.37760831831535e-05,14667275.499886893,5.570334756627126,2722973091287413.0,1.5308792364243147e-05,1.3302348567514028e-11,5.783727156350223e-07,43478.99265303268,0.0092356348977126,-1.6861590627385945e-13
529,5.2900000000000496e-12,1e-14,ELECTRODE_ATTACHMENT,CONFIRMED,6.377753630732045e-05,14711992.78511132,5.587317477658688,2723263382326896.5,1.5304004733408155e-05,1.3218818596133396e-11,5.785536509585358e-07,43767.424959426186,0.0093196511620503,-1.6928307751682217e-13
530,5.30000000000005e-12,1e-14,ELECTRODE_ATTACHMENT,CONFIRMED,6.377899965676395e-05,14756710.07025406,5.604300198659227,2723556747026114.0,1.5299271911125235e-05,1.3136195924973835e-11,5.787326262474925e-07,44056.33332152399,0.0094040958968741,-1.6995247750393916e-13
531,5.31000000000005e-12,1e-14,ELECTRODE_ATTACHMENT,CONFIRMED,6.378047314703936e-05,14801427.355315492,5.621282919628885,2723853162643864.0,1.529459340796106e-05,1.3054466979479471e-11,5.789096562835901e-07,44345.71378468286,0.0094889694825042,-1.7062411729647674e-13
532,5.32000000000005e-12,1e-14,ELECTRODE_ATTACHMENT,CONFIRMED,6.37819566943636e-05,14846144.640295932,5.638265640567785,2724152606193747.0,1.528996873767495e-05,1.2973618440608396e-11,5.790847558100633e-07,44635.562427016106,0.0095742722959912,-1.7129800798791545e-13
533,5.33000000000005e-12,1e-14,ELECTRODE_ATTACHMENT,CONFIRMED,6.378345021560612e-05,14890861.925195772,5.655248361476075,2724455054444556.0,1.528539741715529e-05,1.2893637239074529e-11,5.792579395327113e-07,44925.875359456666,0.009660004711078,-1.7197416070403996e-13
534,5.3400000000000495e-12,1e-14,ELECTRODE_ATTACHMENT,CONFIRMED,6.378495362827968e-05,14935579.21001534,5.672231082353879,2724760483920659.0,1.5280878966357068e-05,1.281451054974054e-11,5.794292221209067e-07,45216.648725817984,0.0097461670981598,-1.72652586603034e-13
535,5.3500000000000505e-12,1e-14,ELECTRODE_ATTACHMENT,CONFIRMED,6.378646685053153e-05,14980296.494754992,5.689213803201333,2725068870902363.5,1.5276412908240484e-05,1.2736225786156276e-11,5.795986182085866e-07,45507.878702856,0.0098327598242442,-1.733332968755707e-13
536,5.360000000000051e-12,1e-14,ELECTRODE_ATTACHMENT,CONFIRMED,6.378798980113479e-05,15025013.779415106,5.70619652401858,2725380191426272.5,1.5271998768710586e-05,1.2658770595239176e-11,5.797661423952275e-07,45799.56150033014,0.0099197832529099,-1.7401630274490456e-13
537,5.370000000000051e-12,1e-14,ELECTRODE_ATTACHMENT,CONFIRMED,6.37895223994798e-05,15069731.063996054,5.723179244805761,2725694421285625.0,1.5267636076558007e-05,1.2582132852092266e-11,5.799318092468e-07,46091.693361063495,0.0100072377442647,-1.747016154669618e-13
538,5.380000000000051e-12,1e-14,ELECTRODE_ATTACHMENT,CONFIRMED,6.379106456556587e-05,15114448.34849821,5.7401619655630185,2726011536030628.5,1.5263324363400627e-05,1.2506300654955537e-11,5.800956332967109e-07,46384.27056100333,0.0100951236549024,-1.7538924633042964e-13
539,5.390000000000051e-12,1e-14,ELECTRODE_ATTACHMENT,CONFIRMED,6.379261621999295e-05,15159165.632921943,5.757144686290493,2726331510968769.0,1.525906316362633e-05,1.2431262320287008e-11,5.802576290467229e-07,46677.28940928068,0.0101834413378594,-1.7607920665684686e-13
540,5.400000000000051e-12,1e-14,ELECTRODE_ATTACHMENT,CONFIRMED,6.379417728395373e-05,15203882.917267602,5.774127406988315,2726654321165124.0,1.5254852014336631e-05,1.2357006377969647e-11,5.804178109678656e-07,46970.746248269934,0.0102721911425697,-1.7677150780069135e-13
541,5.410000000000052e-12,1e-14,ELECTRODE_ATTACHMENT,CONFIRMED,6.37957476792256e-05,15248600.201535624,5.791110127656654,2726979941442647.0,1.5250690455291306e-05,1.2283521566640172e-11,5.80576193501324e-07,47264.637453648815,0.0103613734148199,-1.7746616114946999e-13
542,5.4200000000000524e-12,1e-14,ELECTRODE_ATTACHMENT,CONFIRMED,6.379732732816301e-05,15293317.485726357,5.808092848295638,2727308346382453.0,1.524657802885394e-05,1.2210796829137113e-11,5.807327910593165e-07,47558.95943445605,0.0104509884967025,-1.7816317812380375e-13
543,5.4300000000000526e-12,1e-14,ELECTRODE_ATTACHMENT,CONFIRMED,6.379891615368989e-05,15338034.769840151,5.825075568905405,2727639510324085.0,1.5242514279938404e-05,1.2138821308063484e-11,5.808876180259534e-07,47853.70863315088,0.010541036726569,-1.7886257017751626e-13
544,5.440000000000052e-12,1e-14,ELECTRODE_ATTACHMENT,CONFIRMED,6.380051407929205e-05,15382752.053877484,5.842058289486132,2727973407365770.0,1.5238498755956153e-05,1.2067584341461514e-11,5.810406887580862e-07,48148.881525672085,0.0106315184389821,-1.795643487977195e-13
545,5.450000000000052e-12,1e-14,ELECTRODE_ATTACHMENT,CONFIRMED,6.380212102901007e-05,15427469.337838674,5.859041010037941,2728310011364665.0,1.5234531006764504e-05,1.19970754585965e-11,5.811920175861355e-07,48444.47462149474,0.0107224339646663,-1.8026852550489853e-13
546,5.460000000000052e-12,1e-14,ELECTRODE_ATTACHMENT,CONFIRMED,6.380373692743197e-05,15472186.621724185,5.876023730561009,2728649295937090.0,1.523061058461566e-05,1.1927284375845554e-11,5.81341618814912e-07,48740.484463689936,0.0108137836304591,-1.8097511185299773e-13
547,5.470000000000053e-12,1e-14,ELECTRODE_ATTACHMENT,CONFIRMED,6.380536169968628e-05,15516903.905534357,5.893006451055465,2728991234458747.5,1.5226737044106665e-05,1.185820099268973e-11,5.814895067244176e-07,49036.90762898105,0.0109055677592598,-1.8168411942950362e-13
548,5.479959348391847e-12,9.959348391794638e-15,ELECTRODE_ATTACHMENT,CONFIRMED,6.380698866909633e-05,15561439.4063198,5.909920134031615,2729334399350333.0,1.5222925435961691e-05,1.1790091986946455e-11,5.816351035841915e-07,49332.53313274874,0.0109974109235916,-1.823926658155389e-13
549,5.4898749288476895e-12,9.91558045584209e-15,ELECTRODE_ATTACHMENT,CONFIRMED,6.380861714674961e-05,15605779.188710611,5.926759487117655,2729678623703228.5,1.5219175935689634e-05,1.1722960307102191e-11,5.817783991862886e-07,49627.26000478107,0.0110892792127429,-1.8310051030659994e-13
550,5.499747291678573e-12,9.872362830883473e-15,ELECTRODE_ATTACHMENT,CONFIRMED,6.381024703760404e-05,15649925.71354946,5.943525444891889,2730023866208415.5,1.5215487313511617e-05,1.1656784050185936e-11,5.819194371078295e-07,49921.09612758482,0.0111811723965712,-1.8380767185453184e-13
551,5.509576975925155e-12,9.82968424658241e-15,ELECTRODE_ATTACHMENT,CONFIRMED,6.381187824950013e-05,15693881.391281107,5.960218922792511,2730370086337820.5,1.5211858369479393e-05,1.159154197557144e-11,5.820582599273193e-07,50214.049274374025,0.0112730902467081,-1.8451416900819465e-13
552,5.5193645096758255e-12,9.787533750670493e-15,ELECTRODE_ATTACHMENT,CONFIRMED,6.38135106930597e-05,15737648.583374662,5.976840817657755,2730717244323269.0,1.5208287932521136e-05,1.1527213479874951e-11,5.82194909255128e-07,50506.12711142777,0.0113650325364894,-1.852200199250627e-13
553,5.5291104103733775e-12,9.745900697552241e-15,ELECTRODE_ATTACHMENT,CONFIRMED,6.381514428158875e-05,15781229.603695048,5.99339200824675,2731065301136161.0,1.5204774859524944e-05,1.146377857299268e-11,5.823294257628121e-07,50797.33720038103,0.011456999040887,-1.859252423824031e-13
554,5.538815185110781e-12,9.7047747374038e-15,ELECTRODE_ATTACHMENT,CONFIRMED,6.38167789309845e-05,15824626.719825564,6.009873355741794,2731414218467840.0,1.5201318034458183e-05,1.1401217855218393e-11,5.824618492113265e-07,51087.687000448896,0.0115489895364444,-1.8662985378805279e-13
555,5.5484793309165214e-12,9.664145805739594e-15,ELECTRODE_ATTACHMENT,CONFIRMED,6.381841455964618e-05,15867842.154343802,6.026285704232934,2731763958710627.0,1.5197916367521154e-05,1.1339512495384093e-11,5.825922184781806e-07,51377.183870588175,0.0116410038012138,-1.873338711908086e-13
556,5.558103335029945e-12,9.624004113424366e-15,ELECTRODE_ATTACHMENT,CONFIRMED,6.382005108838929e-05,15910878.086052986,6.042629881185589,2732114484939488.0,1.5194568794333292e-05,1.1278644209970715e-11,5.82720571583585e-07,51665.835071598376,0.0117330416146956,-1.8803731129045213e-13
557,5.567687675167052e-12,9.584340137107461e-15,ELECTRODE_ATTACHMENT,CONFIRMED,6.382168844036374e-05,15953736.651170507,6.0589066978919455,2732465760894315.5,1.5191274275150632e-05,1.1218595243138743e-11,5.828469457156322e-07,51953.647768164155,0.0118251027577814,-1.8874019044741693e-13
558,5.577232819777111e-12,9.545144610059319e-15,ELECTRODE_ATTACHMENT,CONFIRMED,6.382332654097487e-05,15996419.944475438,6.075116949906753,2732817750962794.0,1.5188031794112925e-05,1.1159348347631828e-11,5.829713772545563e-07,52240.629030840406,0.0119171870126974,-1.8944252469214845e-13
559,5.5867392282905e-12,9.50640851338954e-15,ELECTRODE_ATTACHMENT,CONFIRMED,6.382496531780784e-05,16038930.020416792,6.091261417468216,2733170420163828.0,1.5184840358519233e-05,1.1100886766508782e-11,5.830939017961088e-07,52526.7858379832,0.0120092941629513,-1.901443297340508e-13
560,5.596207351358129e-12,9.468123067628692e-15,ELECTRODE_ATTACHMENT,CONFIRMED,6.382660470055505e-05,16081268.894184072,6.107340865904578,2733523734131512.0,1.5181698998130593e-05,1.1043194215662446e-11,5.832145541740925e-07,52812.12507762704,0.0121014239932802,-1.908456209702297e-13
561,5.605637631082784e-12,9.43027972465556e-15,ELECTRODE_ATTACHMENT,CONFIRMED,6.382824462094623e-05,16123438.542742085,6.123356046027106,2733877659099617.0,1.5178606764498593e-05,1.0986254867085269e-11,5.833333684820901e-07,53096.65354931388,0.0121935762896014,-1.915464134938845e-13
562,5.6150305012427375e-12,9.392870159953908e-15,ELECTRODE_ATTACHMENT,CONFIRMED,6.382988501268151e-05,16165440.905830454,6.1393076945097045,2734232161886576.5,1.5175562730318806e-05,1.0930053332845936e-11,5.834503780944138e-07,53380.37796586822,0.0122857508389641,-1.9224672210242367e-13
563,5.62438638750792e-12,9.35588626518241e-15,ELECTRODE_ATTACHMENT,CONFIRMED,6.38315258113669e-05,16207277.886930522,6.155196534256109,2734587209880951.0,1.5172565988807826e-05,1.0874574649740271e-11,5.83565615686323e-07,53663.30495512858,0.0123779474295035,-1.9294656130530718e-13
564,5.633705707648964e-12,9.319320141043296e-15,ELECTRODE_ATTACHMENT,CONFIRMED,6.383316695445242e-05,16248951.354200147,6.171023274754911,2734942771027353.0,1.5169615653102984e-05,1.0819804264584385e-11,5.836791132535289e-07,53945.44106163177,0.0124701658503963,-1.936459453316277e-13
565,5.6429888717393996e-12,9.283164090435491e-15,ELECTRODE_ATTACHMENT,CONFIRMED,6.383480838117238e-05,16290463.141377876,6.186788612422947,2735298813812815.0,1.5166710855683778e-05,1.0765728020118556e-11,5.837909021310222e-07,54226.79274825236,0.0125624058918178,-1.9434488813743887e-13
566,5.652236282351279e-12,9.247410611879124e-15,ELECTRODE_ATTACHMENT,CONFIRMED,6.383645003248826e-05,16331815.048657484,6.202493230937421,2735655307253583.0,1.5163850747814065e-05,1.0712332141492722e-11,5.83901013011248e-07,54507.366397797625,0.0126546673449006,-1.9504340341284105e-13
567,5.661448334744477e-12,9.212052393198552e-15,ELECTRODE_ATTACHMENT,CONFIRMED,6.383809185103346e-05,16373008.843534866,6.218137801557549,2736012220882318.5,1.5161034499004008e-05,1.0659603223304438e-11,5.840094759616614e-07,54787.16831456514,0.0127469500016951,-1.957415045888374e-13
568,5.670625417049929e-12,9.177082305452275e-15,ELECTRODE_ATTACHMENT,CONFIRMED,6.38397337810602e-05,16414046.261627026,6.233722983435585,2736369524735698.0,1.5158261296491242e-05,1.0607528217164864e-11,5.841163204416804e-07,55066.204725854644,0.0128392536551307,-1.9643920484396466e-13
569,5.679767910447027e-12,9.142493397098256e-15,ELECTRODE_ATTACHMENT,CONFIRMED,6.384137576838863e-05,16454929.007465675,6.249249423918219,2736727189342387.5,1.5155530344740058e-05,1.0556094419765903e-11,5.842215753190698e-07,55344.481783445975,0.012931578098979,-1.9713651711071065e-13
570,5.688876189335411e-12,9.1082788883841e-15,ELECTRODE_ATTACHMENT,CONFIRMED,6.384301776035744e-05,16495658.755265266,6.264717758838256,2737085185711386.0,1.5152840864958222e-05,1.0505289461426396e-11,5.843252688857703e-07,55622.005565035724,0.0130239231278182,-1.978334540817272e-13
571,5.697950621501363e-12,9.0744321659517e-15,ELECTRODE_ATTACHMENT,CONFIRMED,6.384465970577667e-05,16536237.149667028,6.280128612797193,2737443485320720.5,1.5150192094630447e-05,1.0455101295094273e-11,5.844274288732031e-07,55898.782075638745,0.0131162885369987,-1.9853002821584146e-13
572,5.7069915682790095e-12,9.040946777647126e-15,ELECTRODE_ATTACHMENT,CONFIRMED,6.3846301554882e-05,16576665.806459973,6.295482599439035,2737802060106477.0,1.514758328706796e-05,1.0405518185783507e-11,5.845280824670653e-07,56174.817248954896,0.0132086741226097,-1.992262517624093e-13
573,5.715999384706536e-12,9.007816427526297e-15,ELECTRODE_ATTACHMENT,CONFIRMED,6.384794325929245e-05,16616946.31327936,6.310780321715564,2738160882452162.5,1.5145013710973403e-05,1.0356528700426268e-11,5.846272563216402e-07,56450.11694870088,0.0133010796814476,-1.999221367385235e-13
574,5.7249744196775844e-12,8.975034971047837e-15,ELECTRODE_ATTACHMENT,CONFIRMED,6.384958477196703e-05,16657080.230283603,6.326022372143405,2738519925178379.5,1.5142482650020633e-05,1.0308121698121176e-11,5.84724976573636e-07,56724.686969907576,0.0133935050109851,-2.006176949355034e-13
575,5.73391701608803e-12,8.942596410445117e-15,ELECTRODE_ATTACHMENT,CONFIRMED,6.385122604716324e-05,16697069.090810888,6.341209333053411,2738879161532805.0,1.513998940244856e-05,1.0260286320758979e-11,5.8482126885558e-07,56998.533040189,0.0134859499093409,-2.0131293793307094e-13
576,5.742827510978299e-12,8.910494890269323e-15,ELECTRODE_ATTACHMENT,CONFIRMED,6.38528670403976e-05,16736914.402015202,6.356341776832196,2739238565180461.0,1.51375332806687e-05,1.0213011984010091e-11,5.849161583087776e-07,57271.66082097486,0.013578414175251,-2.0200787710448059e-13
577,5.751706235671396e-12,8.878724693096423e-15,ELECTRODE_ATTACHMENT,CONFIRMED,6.38545077084076e-05,16776617.645483945,6.371420266156712,2739598110194270.0,1.5135113610885715e-05,1.0166288368655842e-11,5.850096695958563e-07,57544.07590871875,0.0136708976080408,-2.0270252404271639e-13
578,5.760553515906787e-12,8.847280235390879e-15,ELECTRODE_ATTACHMENT,CONFIRMED,6.38561480091153e-05,16816180.277836304,6.386445354221479,2739957771045877.0,1.513272973273057e-05,1.0120105412250143e-11,5.851018269129122e-07,57815.78383607154,0.0137634000075984,-2.033969143940949e-13
579,5.769369671970306e-12,8.816156063519337e-15,ELECTRODE_ATTACHMENT,CONFIRMED,6.385778790159185e-05,16855603.731304433,6.4014175849593205,2740317522596743.5,1.5130380998905692e-05,1.0074453301095094e-11,5.851926540012697e-07,58086.79007303146,0.0138559211743485,-2.040910400986099e-13
580,5.778155018820215e-12,8.785346849908042e-15,ELECTRODE_ATTACHMENT,CONFIRMED,6.385942734602662e-05,16894889.414296854,6.416337493255323,2740677340089487.0,1.5128066774841746e-05,1.0029322462518444e-11,5.852821741588739e-07,58357.100028061606,0.0139484609092283,-2.047849053057072e-13
581,5.786909866209552e-12,8.754847389337747e-15,ELECTRODE_ATTACHMENT,CONFIRMED,6.386106630369092e-05,16934038.711945884,6.4312056051547435,2741037199139471.0,1.5125786438365564e-05,9.984703557438065e-12,5.853704102513265e-07,58626.71904918571,0.0140410190136624,-2.0547852043017394e-13
582,5.795634518804922e-12,8.724652595370609e-15,ELECTRODE_ATTACHMENT,CONFIRMED,6.386270473690615e-05,16973052.98663853,6.446022438064626,2741397075726629.0,1.5123539379378746e-05,9.940587473202515e-12,5.85457384722578e-07,58895.65242505369,0.0141335952895394,-2.0617189570797246e-13
583,5.804329276301825e-12,8.694757496903232e-15,ELECTRODE_ATTACHMENT,CONFIRMED,6.386434260901322e-05,17011933.578532465,6.460788500949767,2741756946187517.0,1.5121324999546558e-05,9.896965316694468e-12,5.855431196052932e-07,59163.90538598566,0.0142261895391891,-2.06865041200387e-13
584,5.812994433536666e-12,8.665157234840941e-15,ELECTRODE_ATTACHMENT,CONFIRMED,6.386597988434292e-05,17050681.806056757,6.475504294522876,2742116787207589.0,1.5119142711996782e-05,9.853828407686767e-12,5.856276365308963e-07,59431.48310498896,0.0143188015653612,-2.0755796679804719e-13
585,5.8216302805955536e-12,8.635847058888135e-15,ELECTRODE_ATTACHMENT,CONFIRMED,6.38676165281872e-05,17089298.96639848,6.490170311429384,2742476575813682.0,1.5116991941028003e-05,9.811168272439654e-12,5.857109567393132e-07,59698.39069875312,0.0144114311712037,-2.0825068222483438e-13
586,5.830237102920005e-12,8.606822324449952e-15,ELECTRODE_ATTACHMENT,CONFIRMED,6.386925250677156e-05,17127786.33597527,6.504787036426905,2742836289366709.0,1.5114872121827216e-05,9.76897663752945e-12,5.857931010884152e-07,59964.633228620434,0.0145040781602425,-2.089431970416757e-13
587,5.838815181409645e-12,8.578078489640739e-15,ELECTRODE_ATTACHMENT,CONFIRMED,6.387088778722836e-05,17166145.170894604,6.519354946559673,2743195905554554.5,1.5112782700196107e-05,9.727245423898632e-12,5.858740900631825e-07,60230.21570153485,0.0145967423363618,-2.096355206502286e-13
588,5.84736479252204e-12,8.549611112395251e-15,ELECTRODE_ATTACHMENT,CONFIRMED,6.387252233757088e-05,17204376.707400493,6.53387451132817,2743555402385156.0,1.5110723132285884e-05,9.685966741117774e-12,5.859539437845937e-07,60495.14307097173,0.0146894235037855,-2.1032766229645981e-13
589,5.8558862083697194e-12,8.521415847677987e-15,ELECTRODE_ATTACHMENT,CONFIRMED,6.387415612666843e-05,17242482.162306834,6.548346192853722,2743914758179779.5,1.5108692884340398e-05,9.645132881851832e-12,5.860326820182465e-07,60759.42023784023,0.0147821214670577,-2.110196310741231e-13
590,5.864379696814506e-12,8.49348844478707e-15,ELECTRODE_ATTACHMENT,CONFIRMED,6.387578912422212e-05,17280462.733419675,6.562770446038851,2744273951566468.5,1.5106691432446983e-05,9.604736316520438e-12,5.861103241827321e-07,61023.05205137224,0.0148748360310257,-2.1171143592813778e-13
591,5.872845521559255e-12,8.465824744749053e-15,ELECTRODE_ATTACHMENT,CONFIRMED,6.387742130074157e-05,17318319.599947296,6.577147718723025,2744632961473673.0,1.5104718262295028e-05,9.564769688145748e-12,5.861868893577554e-07,61286.043309987435,0.0149675670008227,-2.1240308565787425e-13
592,5.8812839422370566e-12,8.438420677800542e-15,ELECTRODE_ATTACHMENT,CONFIRMED,6.387905262752212e-05,17356053.92289896,6.5914784518340985,2744991767124043.0,1.51027728689418e-05,9.525225807379752e-12,5.862623962920251e-07,61548.39876213884,0.0150603141818508,-2.1309458892034563e-13
593,5.88969521449801e-12,8.411272260953713e-15,ELECTRODE_ATTACHMENT,CONFIRMED,6.388068307662329e-05,17393666.84547313,6.605763079535735,2745350348028389.0,1.5100854756585369e-05,9.486097647703312e-12,5.863368634109111e-07,61810.12310714191,0.0151530773797647,-2.1378595423331138e-13
594,5.898079590093652e-12,8.38437559564247e-15,ELECTRODE_ATTACHMENT,CONFIRMED,6.38823126208473e-05,17431159.49343499,6.6200020293707995,2745708683979798.0,1.5098963438344291e-05,9.447378340790542e-12,5.864103088238835e-07,62071.22099598411,0.015245856400457,-2.144771899782977e-13
595,5.906437316959097e-12,8.357726865445539e-15,ELECTRODE_ATTACHMENT,CONFIRMED,6.388394123371873e-05,17468532.975483682,6.6341957224008095,2746066755047904.5,1.5097098436043914e-05,9.40906117203187e-12,5.864827503317371e-07,62331.69703211603,0.0153386510500421,-2.151683044035304e-13
596,5.914768639292982e-12,8.331322333884344e-15,ELECTRODE_ATTACHMENT,CONFIRMED,6.388556888946481e-05,17505788.383609794,6.648344573341723,2746424541573308.0,1.5095259280008974e-05,9.371139576209149e-12,5.865542054336106e-07,62591.55577222615,0.0154314611348419,-2.1585930562679242e-13
597,5.9230737976352735e-12,8.305158342292093e-15,ELECTRODE_ATTACHMENT,CONFIRMED,6.38871955629959e-05,17542926.79344337,6.662448990696087,2746782024162137.0,1.5093445508862312e-05,9.333607133316998e-12,5.866246913338078e-07,62850.80172699874,0.015524286461372,-2.1655020163820082e-13
598,5.931353028943025e-12,8.279231307751907e-15,ELECTRODE_ATTACHMENT,CONFIRMED,6.388882122988723e-05,17579949.26459259,6.676509376881668,2747139183680749.0,1.5091656669329498e-05,9.296457564524611e-12,5.866942249484251e-07,63109.4393618551,0.0156171268363276,-2.172410003029104e-13
599,5.939606566664127e-12,8.253537721100945e-15,ELECTRODE_ATTACHMENT,CONFIRMED,6.389044586636076e-05,17616856.84097364,6.690526128356734,2747496001250568.0,1.5089892316049105e-05,9.259684728272451e-12,5.867628229117967e-07,63367.473097679314,0.0157099820665704,-2.1793170936374386e-13
600,5.947834640809124e-12,8.228074144998386e-15,ELECTRODE_ATTACHMENT,CONFIRMED,6.389206944926771e-05,17653650.551131833,6.704499635742003,2747852458243051.5,1.5088152011388535e-05,9.22328261649866e-12,5.86830501582756e-07,63624.90731152811,0.0158028519591158,-2.186223364437532e-13
601,5.9560374780211785e-12,8.202837212054523e-15,ELECTRODE_ATTACHMENT,CONFIRMED,6.389369195607174e-05,17690331.40855438,6.718430283939432,2748208536274783.5,1.5086435325265105e-05,9.187245350990184e-12,5.86897277050728e-07,63881.74633732549,0.0158957363211206,-2.193128890487109e-13
602,5.9642153016441975e-12,8.177823623019267e-15,ELECTRODE_ATTACHMENT,CONFIRMED,6.389531336483255e-05,17726900.41197519,6.732318452247972,2748564217202692.0,1.5084741834972244e-05,9.15156717985357e-12,5.86963165141652e-07,64137.99446654379,0.0159886349598706,-2.200033745695385e-13
603,5.972368331789225e-12,8.153030145026982e-15,ELECTRODE_ATTACHMENT,CONFIRMED,6.389693365418996e-05,17763358.545671653,6.74616451447628,2748919483119385.0,1.508307112501072e-05,9.11624247410124e-12,5.870281814237423e-07,64393.65594886908,0.0160815476827695,-2.2069380028466818e-13
604,5.9804967853991216e-12,8.12845360989663e-15,ELECTRODE_ATTACHMENT,CONFIRMED,6.389855280334865e-05,17799706.779753834,6.759968839052548,2749274316348603.5,1.5081422786924524e-05,9.081265724348596e-12,5.870923412130925e-07,64648.73499285309,0.0161744742973271,-2.2138417336234559e-13
605,5.988600876311606e-12,8.104090912484218e-15,ELECTRODE_ATTACHMENT,CONFIRMED,6.390017079206313e-05,17835946.0704466,6.773731789131653,2749628699440781.0,1.5079796419141462e-05,9.046631537617548e-12,5.871556595791295e-07,64903.23576655343,0.016267414611149,-2.2207450086287161e-13
606,5.996680815320692e-12,8.079939009086353e-15,ELECTRODE_ATTACHMENT,CONFIRMED,6.390178760062337e-05,17872077.360363986,6.787453722699353,2749982615168719.5,1.5078191626818212e-05,9.012334634243274e-12,5.872181513499178e-07,65157.16239815633,0.0163603684319254,-2.2276478974078521e-13
607,6.004736810236585e-12,8.055994915892741e-15,ELECTRODE_ATTACHMENT,CONFIRMED,6.390340320984076e-05,17908101.578777358,6.801134992674126,2750336046523366.5,1.507660802168963e-05,8.978369844879166e-12,5.872798311173256e-07,65410.51897659151,0.0164533355674212,-2.2345504684699403e-13
608,6.012769065944071e-12,8.03225570748577e-15,ELECTRODE_ATTACHMENT,CONFIRMED,6.390501760103446e-05,17944019.641876463,6.8147759470063205,2750688976709694.5,1.5075045221922302e-05,8.944732107597214e-12,5.873407132420499e-07,65663.309552132,0.0165463158254666,-2.2414527893084518e-13
609,6.020777784459456e-12,8.008718515385964e-15,ELECTRODE_ATTACHMENT,CONFIRMED,6.39066307560183e-05,17979832.453023788,6.828376928774748,2751041389142680.5,1.5073502851972092e-05,8.911416465080286e-12,5.87400811858512e-07,65915.53813698007,0.0166393090139461,-2.24835492642148e-13
610,6.0287631649860974e-12,7.98538052664093e-15,ELECTRODE_ATTACHMENT,CONFIRMED,6.390824265708793e-05,18015540.90300324,6.841938276281132,2751393267443383.5,1.50719805424456e-05,8.878418061901976e-12,5.874601408796213e-07,66167.20870584605,0.0167323149407911,-2.2552569453314474e-13
611,6.036725403968554e-12,7.962238982457074e-15,ELECTRODE_ATTACHMENT,CONFIRMED,6.39098532870084e-05,18051145.870194227,6.855460323116213,2751744595435113.0,1.5070477929971914e-05,8.845732141954184e-12,5.875187140011627e-07,66418.32519601582,0.0168253334137798,-2.262155574553039e-13
612,6.044664695145448e-12,7.93929117689372e-15,ELECTRODE_ATTACHMENT,CONFIRMED,6.391146262900216e-05,18086648.221081708,6.868943398353467,2752095357139674.5,1.5068994657045112e-05,8.813354045643327e-12,5.875765447073443e-07,66668.89150990125,0.0169183642412933,-2.269057659135625e-13
613,6.0525812296009344e-12,7.916534455486775e-15,ELECTRODE_ATTACHMENT,CONFIRMED,6.391307066670442e-05,18122048.81007251,6.882387826479336,2752445536773766.0,1.5067530371936797e-05,8.781279207796603e-12,5.876336462736378e-07,66918.91151256158,0.0170114072311379,-2.2759598170533603e-13
614,6.0604751958150656e-12,7.893966214132371e-15,ELECTRODE_ATTACHMENT,CONFIRMED,6.391467738421935e-05,18157348.479998764,6.895793927584425,2752795118745350.5,1.5066084728544757e-05,8.749503155008098e-12,5.876900317721253e-07,67168.3890342664,0.0171044621913415,-2.2828621101208516e-13
615,6.06834677971285e-12,7.871583897783625e-15,ELECTRODE_ATTACHMENT,CONFIRMED,6.391628276607435e-05,18192548.062267043,6.909162017420145,2753144087650206.5,1.5064657386279124e-05,8.718021503379081e-12,5.877457140754084e-07,67417.32787050362,0.0171975289299352,-2.2897645992578705e-13
616,6.076196164712145e-12,7.849384999295157e-15,ELECTRODE_ATTACHMENT,CONFIRMED,6.391788679720937e-05,18227648.3770728,6.922492407480148,2753492428268526.5,1.5063248009944688e-05,8.686829956264122e-12,5.878007058606821e-07,67665.73178249168,0.0172906072549467,-2.2966673445154536e-13
617,6.084023531770425e-12,7.827367058279918e-15,ELECTRODE_ATTACHMENT,CONFIRMED,6.391948946296653e-05,18262650.23360908,6.935785405079603,2753840125561596.0,1.506185626962643e-05,8.655924302085933e-12,5.878550196137016e-07,67913.60449767778,0.0173836969743917,-2.303570405093848e-13
618,6.091829059430425e-12,7.805527659998433e-15,ELECTRODE_ATTACHMENT,CONFIRMED,6.392109074908007e-05,18297554.430271044,6.949041313432849,2754187164668546.5,1.5060481840577949e-05,8.62530041221541e-12,5.879086676326565e-07,68160.94971023184,0.0174767978962678,-2.3104738393586586e-13
619,6.099612923864704e-12,7.783864434280386e-15,ELECTRODE_ATTACHMENT,CONFIRMED,6.39226906416664e-05,18332361.754855,6.962260431728997,2754533530903187.0,1.505912440311292e-05,8.594954238915743e-12,5.879616620319388e-07,68407.77108152592,0.0175699098285465,-2.317377704856575e-13
620,6.107375298919181e-12,7.762375054476997e-15,ELECTRODE_ATTACHMENT,CONFIRMED,6.392428912721485e-05,18367072.984753165,6.9754430552059015,2754879209750904.0,1.50577836424993e-05,8.564881813347409e-12,5.880140147458235e-07,68654.07224060809,0.0176630325791676,-2.324282058330751e-13
621,6.115116356155624e-12,7.741057236443212e-15,ELECTRODE_ATTACHMENT,CONFIRMED,6.392588619257804e-05,18401688.887143653,6.9885894752223,2755224186865634.0,1.5056459248856308e-05,8.535079243632637e-12,5.880657375320542e-07,68899.85678466482,0.0177561659560316,-2.3311869557357936e-13
622,6.122836264893173e-12,7.719908737548806e-15,ELECTRODE_ATTACHMENT,CONFIRMED,6.392748182496326e-05,18436210.219176084,7.001699979328315,2755568448066903.5,1.5055150917054028e-05,8.505542712976849e-12,5.881168419753428e-07,69145.12827947557,0.0178493097669938,-2.338092452252413e-13
623,6.130535192248891e-12,7.698927355717366e-15,ELECTRODE_ATTACHMENT,CONFIRMED,6.392907601192343e-05,18470637.728153087,7.014774851334377,2755911979336936.0,1.5053858346615596e-05,8.476268477845138e-12,5.881673394907824e-07,69389.89025985972,0.0179424638198584,-2.3449986023017236e-13
624,6.1382133031773835e-12,7.678110928492221e-15,ELECTRODE_ATTACHMENT,CONFIRMED,6.393066874134883e-05,18504972.15170725,7.027814371378439,2756254766817823.5,1.5052581241621918e-05,8.447252866192307e-12,5.882172413271734e-07,69634.14623011264,0.0180356279223719,-2.351905459559187e-13
625,6.145870760509511e-12,7.657457332128515e-15,ELECTRODE_ATTACHMENT,CONFIRMED,6.393226000145866e-05,18539214.217974454,7.040818815991782,2756596796808761.0,1.5051319310618743e-05,8.418492275743995e-12,5.882665585702743e-07,69877.89966443669,0.0181288018822181,-2.3588130769682785e-13
626,6.153507724990222e-12,7.636964480710382e-15,ELECTRODE_ATTACHMENT,CONFIRMED,6.393384978079316e-05,18573364.645762887,7.05378845816323,2756938055763344.5,1.505007226652612e-05,8.389983172327822e-12,5.883153021459703e-07,70121.15400736146,0.0182219855070119,-2.365721506753779e-13
627,6.1611243553155135e-12,7.616630325292724e-15,ELECTRODE_ATTACHMENT,CONFIRMED,6.393543806820567e-05,18607424.144718368,7.0667235674019215,2757278530286922.0,1.5048839826550133e-05,8.361722088252379e-12,5.883634828233651e-07,70363.91267415759,0.0183151786042942,-2.372630800434789e-13
628,6.168720808168581e-12,7.596452853066457e-15,ELECTRODE_ATTACHMENT,CONFIRMED,6.393702485285509e-05,18641393.415486064,7.079624409798727,2757618207134011.5,1.5047621712096793e-05,8.333705620732657e-12,5.884111112178024e-07,70606.17905124325,0.0184083809815266,-2.3795410088374525e-13
629,6.176297238255127e-12,7.57643008654656e-15,ELECTRODE_ATTACHMENT,CONFIRMED,6.39386101241986e-05,18675273.149868265,7.092491248086174,2757957073205770.0,1.5046417648688184e-05,8.30593043036041e-12,5.884581977938084e-07,70847.9564965817,0.0185015924460863,-2.386452182107351e-13
630,6.18385379833791e-12,7.55656008278253e-15,ELECTRODE_ATTACHMENT,CONFIRMED,6.394019387198424e-05,18709064.030978963,7.1053243416971466,2758295115547517.0,1.5045227365880528e-05,8.278393239617808e-12,5.885047528679741e-07,71089.24834007327,0.0185948128052612,-2.39336436972166e-13
631,6.1913906392705004e-12,7.53684093258982e-15,ELECTRODE_ATTACHMENT,CONFIRMED,6.394177608624411e-05,18742766.733394723,7.11812394682219,2758632321346316.0,1.5044050597184408e-05,8.251090831433104e-12,5.885507866117601e-07,71330.05788393879,0.0186880418662447,-2.4002776205009923e-13
632,6.198907910030302e-12,7.517270759802395e-15,ELECTRODE_ATTACHMENT,CONFIRMED,6.394335675728756e-05,18776381.92330256,7.130890316465664,2758968677928603.5,1.5042887079986852e-05,8.224020047776648e-12,5.885963090542417e-07,71570.38840309832,0.0187812794361323,-2.4071919826209974e-13
633,6.206405757750847e-12,7.497847720545165e-15,ELECTRODE_ATTACHMENT,CONFIRMED,6.394493587569447e-05,18809910.258644007,7.143623700500469,2759304172757871.5,1.50417365554754e-05,8.197177788296534e-12,5.886413300847869e-07,71810.24314553913,0.0188745253219155,-2.414107503623691e-13
634,6.213884327753373e-12,7.47857000252582e-15,ELECTRODE_ATTACHMENT,CONFIRMED,6.394651343230889e-05,18843352.38925659,7.156324345721754,2759638793432399.5,1.5040598768563924e-05,8.17056100899182e-12,5.886858594556737e-07,72049.62533268113,0.0189677793304788,-2.421024230428515e-13
635,6.221343763577719e-12,7.459435824345736e-15,ELECTRODE_ATTACHMENT,CONFIRMED,6.394808941823272e-05,18876708.95701191,7.168992495899384,2759972527683032.5,1.503947346782033e-05,8.144166720922551e-12,5.887299067846449e-07,72288.5381597339,0.0190610412685948,-2.4279422093431963e-13
636,6.228784207012547e-12,7.44044343482873e-15,ELECTRODE_ATTACHMENT,CONFIRMED,6.394966382481969e-05,18909980.59595073,7.181628391829226,2760305363371010.0,1.5038360405395947e-05,8.117991988955494e-12,5.88773481557405e-07,72526.98479604682,0.0191543109429202,-2.434861486074299e-13
637,6.236205798124915e-12,7.421591112367983e-15,ELECTRODE_ATTACHMENT,CONFIRMED,6.39512366436693e-05,18943167.93241531,7.194232271383403,2760637288485835.5,1.5037259336956603e-05,8.092033930544017e-12,5.888165931300619e-07,72764.9683854547,0.0192475881599923,-2.441782105728424e-13
638,6.243608675289205e-12,7.402877164289619e-15,ELECTRODE_ATTACHMENT,CONFIRMED,6.395280786662119e-05,18976271.58517872,7.206804369559424,2760968291143202.5,1.5036170021615405e-05,8.066289714541399e-12,5.888592507315074e-07,73002.49204661581,0.0193408727262246,-2.4487041128202485e-13
639,6.2509929752154384e-12,7.384299926233222e-15,ELECTRODE_ATTACHMENT,CONFIRMED,6.395437748574929e-05,19009292.165571343,7.219344918528211,2761298359582960.5,1.5035092221867134e-05,8.040756560046444e-12,5.889014634657455e-07,73239.55887334362,0.0194341644479034,-2.455627551314147e-13
640,6.258358832976988e-12,7.36585776154828e-15,ELECTRODE_ATTACHMENT,CONFIRMED,6.395594549335653e-05,19042230.27760511,7.231854147681287,2761627482167104.0,1.5034025703523987e-05,8.015431735279948e-12,5.889432403141742e-07,73476.1719349363,0.0195274631311845,-2.462552464613427e-13
641,6.265706382037693e-12,7.3475490607063e-15,ELECTRODE_ATTACHMENT,CONFIRMED,6.395751188196951e-05,19075086.5180944,7.244332283676688,2761955647377816.5,1.503297023565304e-05,7.990312556491903e-12,5.889845901378099e-07,73712.33427649544,0.0196207685820892,-2.4694788955698045e-13
642,6.273035754278421e-12,7.329372240728038e-15,ELECTRODE_ATTACHMENT,CONFIRMED,6.395907664433312e-05,19107861.476775035,7.256779550484157,2762282843815555.5,1.503192559051504e-05,7.96539638689754e-12,5.890255216794636e-07,73948.04891924339,0.0197140806065014,-2.476406886492679e-13
643,6.280347080023048e-12,7.311325744625355e-15,ELECTRODE_ATTACHMENT,CONFIRMED,6.396063977340564e-05,19140555.73642029,7.269196169429208,2762609060197176.5,1.5030891543504715e-05,7.940680635642028e-12,5.890660435658689e-07,74183.31886083228,0.0198073990101636,-2.4833364791582015e-13
644,6.287640488063904e-12,7.293408040857388e-15,ELECTRODE_ATTACHMENT,CONFIRMED,6.39622012623538e-05,19173169.872954942,7.281582359236426,2762934285354094.5,1.5029867873092446e-05,7.916162756792334e-12,5.891061643097613e-07,74418.14707565082,0.0199007235986749,-2.4902677148181684e-13
645,6.294916105686705e-12,7.275617622800467e-15,ELECTRODE_ATTACHMENT,CONFIRMED,6.396376110454785e-05,19205704.45556652,7.293938336071728,2763258508230485.0,1.5028854360767245e-05,7.891840248356049e-12,5.891458923119128e-07,74652.53651512244,0.019994054177487,-2.497200634208699e-13
646,6.302174058694936e-12,7.257953008231487e-15,ELECTRODE_ATTACHMENT,CONFIRMED,6.396531929355697e-05,19238160.04681436,7.306264313583784,2763581717881518.5,1.502785079098111e-05,7.867710651325855e-12,5.891852358631215e-07,74886.49010800017,0.0200873905519017,-2.504135277558752e-13
647,6.30941447143376e-12,7.240412738824158e-15,ELECTRODE_ATTACHMENT,CONFIRMED,6.396687582314474e-05,19270537.20273661,7.318560502944639,2763903903471633.0,1.5026856951094602e-05,7.843771548748959e-12,5.892242031461565e-07,75120.01076065692,0.0201807325270677,-2.511071684598442e-13
648,6.3166374668134175e-12,7.222995379658012e-15,ELECTRODE_ATTACHMENT,CONFIRMED,6.396843068726455e-05,19302836.472954925,7.330827112889491,2764225054272843.0,1.5025872631323667e-05,7.820020564820777e-12,5.892628022376637e-07,75353.10135737073,0.0202740799079785,-2.518009894567208e-13
649,6.323843166332158e-12,7.205699518739528e-15,ELECTRODE_ATTACHMENT,CONFIRMED,6.396998388005541e-05,19335058.400776703,7.343064349755503,2764545159663073.0,1.502489762468773e-05,7.796455364002382e-12,5.893010411100236e-07,75585.76476060276,0.020367432499469,-2.524949946221774e-13
650,6.3310316900986934e-12,7.188523766535299e-15,ELECTRODE_ATTACHMENT,CONFIRMED,6.397153539583761e-05,19367203.523296,7.355272417520146,2764864209124540.0,1.502393172695882e-05,7.773073650160218e-12,5.893389276331786e-07,75818.00381127628,0.0204607901062135,-2.531891877843985e-13
651,6.33820315685421e-12,7.171466755516508e-15,ELECTRODE_ATTACHMENT,CONFIRMED,6.39730852291087e-05,19399272.371491384,7.367451517838339,2765182192242151.0,1.5022974736612017e-05,7.749873165728647e-12,5.893764695764109e-07,76049.82132904329,0.0205541525327226,-2.538835727248445e-13
652,6.345357683993925e-12,7.154527139714818e-15,ELECTRODE_ATTACHMENT,CONFIRMED,6.397463337453936e-05,19431265.47032272,7.379601850079238,2765499098701945.0,1.5022026454776855e-05,7.726851690893251e-12,5.894136746100893e-07,76281.22011255415,0.0206475195833413,-2.545781531790008e-13
653,6.352495387588214e-12,7.137703594289078e-15,ELECTRODE_ATTACHMENT,CONFIRMED,6.397617982696956e-05,19463183.33882565,7.391723611362082,2765814918289559.5,1.502108668518989e-05,7.704007042795282e-12,5.894505503073776e-07,76512.20293971905,0.0207408910622468,-2.552729328371143e-13
654,6.359616382403317e-12,7.120994815102469e-15,ELECTRODE_ATTACHMENT,CONFIRMED,6.397772458140476e-05,19495026.490203906,7.403816996591272,2766129640888728.0,1.502015523414832e-05,7.681337074756416e-12,5.894871041459017e-07,76742.77256796401,0.0208342667734455,-2.559679153449092e-13
655,6.366720781921627e-12,7.104399518310152e-15,ELECTRODE_ATTACHMENT,CONFIRMED,6.397926763301208e-05,19526795.431920253,7.415882198490919,2766443256479808.0,1.5019231910464576e-05,7.658839675522793e-12,5.895233435093902e-07,76972.93173448615,0.0209276465207714,-2.5666310430429345e-13
656,6.373808698361583e-12,7.087916439956677e-15,ELECTRODE_ATTACHMENT,CONFIRMED,6.398080897711678e-05,19558490.66578543,7.427919407638589,2766755755138337.0,1.501831652542198e-05,7.636512768528227e-12,5.895592756892717e-07,77202.68315650265,0.021021030107884,-2.573585032740482e-13
657,6.380880242697166e-12,7.071544335583153e-15,ELECTRODE_ATTACHMENT,CONFIRMED,6.398234860919861e-05,19590112.6880453,7.439928812498429,2767067127033614.5,1.50174088927313e-05,7.61435431117588e-12,5.895949078862459e-07,77432.02953149617,0.0211144173382659,-2.580541157705036e-13
658,6.38793552467701e-12,7.055281979843933e-15,ELECTRODE_ATTACHMENT,CONFIRMED,6.398388652488845e-05,19621661.989466265,7.451910599453603,2767377362427316.0,1.5016508828488356e-05,7.592362294137827e-12,5.896302472118157e-07,77660.97353745588,0.0212078080152214,-2.587499452682013e-13
659,6.394974652843143e-12,7.039128166132207e-15,ELECTRODE_ATTACHMENT,CONFIRMED,6.398542271996487e-05,19653139.05541904,7.463864952838099,2767686451672128.0,1.5015616151132427e-05,7.570534740672053e-12,5.896653006897919e-07,77889.5178331149,0.0213012019418736,-2.594459952005431e-13
660,6.401997734549357e-12,7.023081706214815e-15,ELECTRODE_ATTACHMENT,CONFIRMED,6.398695719035089e-05,19684544.36596104,7.475792054968014,2767994385210413.0,1.5014730681405649e-05,7.54886970595613e-12,5.897000752577661e-07,78117.66505818574,0.021394598921164,-2.60142268960429e-13
661,6.4090048759792335e-12,7.007141429875364e-15,ELECTRODE_ATTACHMENT,CONFIRMED,6.39884899321107e-05,19715878.395916738,7.48769208617209,2768301153572901.0,1.5013852242313223e-05,7.527365276437587e-12,5.897345777685509e-07,78345.41783358883,0.0214879987558496,-2.608387699008785e-13
662,6.4159961821638e-12,6.9913061845659824e-15,ELECTRODE_ATTACHMENT,CONFIRMED,6.399002094144658e-05,19747141.614956625,7.4995652248216835,2768606747377398.5,1.5012980659084565e-05,7.506019569200132e-12,5.897688149915926e-07,78572.77876167865,0.0215814012485014,-2.615355013356421e-13
663,6.422971756998866e-12,6.975574835067253e-15,ELECTRODE_ATTACHMENT,CONFIRMED,6.399155021469584e-05,19778334.48767489,7.5114116473602754,2768911157327531.5,1.5012115759135163e-05,7.484830731345137e-12,5.898027936143548e-07,78799.75042646802,0.0216748062015031,-2.622324665398016e-13
664,6.4299317032620215e-12,6.959946263155829e-15,ELECTRODE_ATTACHMENT,CONFIRMED,6.399307774832784e-05,19809457.473665334,7.523231528332302,2769214374211506.5,1.5011257372029358e-05,7.463796939388383e-12,5.898365202436744e-07,79026.33539384691,0.0217682134170493,-2.629296687503563e-13
665,6.436876122629302e-12,6.944419367280189e-15,ELECTRODE_ATTACHMENT,CONFIRMED,6.3994603538941e-05,19840511.027595896,7.535025040411456,2769516388900894.5,1.5010405329443844e-05,7.442916398671356e-12,5.898700014070879e-07,79252.53621179814,0.021861622697144,-2.636271111667988e-13
666,6.443805115691545e-12,6.928993062243514e-15,ELECTRODE_ATTACHMENT,CONFIRMED,6.399612758326008e-05,19871495.59928173,7.546792354428441,2769817192349441.0,1.5009559465131975e-05,7.422187342786736e-12,5.899032435541337e-07,79478.35541060977,0.0219550338435988,-2.6432479695168053e-13
667,6.450718781970439e-12,6.913666278894105e-15,ELECTRODE_ATTACHMENT,CONFIRMED,6.399764987813329e-05,19902411.633757163,7.558533639398301,2770116775591895.5,1.5008719614888795e-05,7.40160803301753e-12,5.899362530576266e-07,79703.79550308583,0.0220484466580323,-2.6502272923116436e-13
668,6.4576172199342624e-12,6.898437963822938e-15,ELECTRODE_ATTACHMENT,CONFIRMED,6.399917042052967e-05,19933259.57134582,7.570249062547042,2770415129742862.5,1.5007885616516844e-05,7.381176757789908e-12,5.899690362149064e-07,79928.85898475036,0.0221418609418675,-2.657209110955672e-13
669,6.464500527013331e-12,6.883307079067951e-15,ELECTRODE_ATTACHMENT,CONFIRMED,6.400068920753636e-05,19964039.847730003,7.581938789338001,2770712245995677.0,1.5007057309792591e-05,7.360891832138714e-12,5.90001599249065e-07,80153.54833405282,0.0222352764963319,-2.664193455998945e-13
670,6.4713687996151565e-12,6.8682726018252295e-15,ELECTRODE_ATTACHMENT,CONFIRMED,6.40022062363561e-05,19994752.8940182,7.593602983497464,2771008115621295.5,1.5006234536433672e-05,7.34075159718599e-12,5.900339483101438e-07,80377.86601256579,0.0223286931224552,-2.671180357643601e-13
671,6.4782221331393226e-12,6.853333524166755e-15,ELECTRODE_ATTACHMENT,CONFIRMED,6.400372150430467e-05,20025399.136811763,7.605241807040007,2771302729967213.0,1.500541714006672e-05,7.320754419631563e-12,5.900660894763123e-07,80601.81446518311,0.0224221106210685,-2.6781698457489906e-13
672,6.485060621992087e-12,6.838488852764393e-15,ELECTRODE_ATTACHMENT,CONFIRMED,6.40052350088084e-05,20055978.99827007,7.616855420293221,2771596080456395.0,1.5004604966195922e-05,7.300898691255795e-12,5.900980287550202e-07,80825.3961203124,0.0225155287928025,-2.6851619498367084e-13
673,6.491884359600707e-12,6.823737608620242e-15,ELECTRODE_ATTACHMENT,CONFIRMED,6.400674674740176e-05,20086492.89617477,7.628443981922137,2771888158586231.5,1.500379786217216e-05,7.281182828433783e-12,5.901297720841293e-07,81048.61339006768,0.0226089474380876,-2.692156699095521e-13
674,6.498693438427511e-12,6.8090788268029605e-15,ELECTRODE_ATTACHMENT,CONFIRMED,6.400825671772511e-05,20116941.243992586,7.640007648953056,2772178955927510.0,1.5002995677162809e-05,7.261605271661047e-12,5.901613253330219e-07,81271.46867045642,0.0227023663571519,-2.6991541223861997e-13
675,6.5054879499837e-12,6.794511556189973e-15,ELECTRODE_ATTACHMENT,CONFIRMED,6.400976491752224e-05,20147324.45093704,7.651546576797005,2772468464123405.0,1.5002198262122184e-05,7.242164485090221e-12,5.901926943036883e-07,81493.96434156464,0.02279578535002,-2.7061542482462625e-13
676,6.512267984842916e-12,6.7800348592154855e-15,ELECTRODE_ATTACHMENT,CONFIRMED,6.401127134463831e-05,20177642.922029108,7.663060919272759,2772756674888488.0,1.5001405469762528e-05,7.222858956078427e-12,5.902238847317925e-07,81716.10276773952,0.0228892042165127,-2.713157104894642e-13
677,6.51903363265454e-12,6.76564781162392e-15,ELECTRODE_ATTACHMENT,CONFIRMED,6.401277599701747e-05,20207897.05815681,7.6745508286294895,2773043580007755.0,1.5000617154525626e-05,7.2036871947450144e-12,5.902549022877189e-07,81937.88629777,0.0229826227562456,-2.720162720236245e-13
678,6.525784982156769e-12,6.751349502229046e-15,ELECTRODE_ATTACHMENT,CONFIRMED,6.401427887270087e-05,20238087.256133597,7.686016455568917,2773329171335669.0,1.4999833172554964e-05,7.184647733539601e-12,5.902857525775963e-07,82159.31726506307,0.0230760407686287,-2.727171121866441e-13
679,6.532522121189447e-12,6.7371390326781416e-15,ELECTRODE_ATTACHMENT,CONFIRMED,6.401577996982452e-05,20268213.908755586,7.697457949267076,2773613440795223.5,1.4999053381668472e-05,7.16573912681998e-12,5.903164411443062e-07,82380.39798781753,0.0231694580528642,-2.7341823370754613e-13
680,6.539245136706669e-12,6.723015517221509e-15,ELECTRODE_ATTACHMENT,CONFIRMED,6.401727928661718e-05,20298277.404858176,7.708875457395787,2773896380377017.0,1.4998277641331794e-05,7.146959950439446e-12,5.903469734684669e-07,82601.13076919761,0.0232628744079473,-2.741196392852712e-13
681,6.5459541147891565e-12,6.708978082486959e-15,ELECTRODE_ATTACHMENT,CONFIRMED,6.401877682139849e-05,20328278.129371267,7.720269126143641,2774177982138350.5,1.4997505812632083e-05,7.128308801343705e-12,5.903773549694048e-07,82821.51789750144,0.0233562896326644,-2.748213315891041e-13
682,6.5526491406564144e-12,6.695025867259049e-15,ELECTRODE_ATTACHMENT,CONFIRMED,6.402027257257691e-05,20358216.463373616,7.731639100236656,2774458238202335.5,1.4996737758252335e-05,7.109784297176777e-12,5.904075910061013e-07,83041.56164632816,0.0234497035255927,-2.7552331325908696e-13
683,6.559330298678679e-12,6.681158022263393e-15,ELECTRODE_ATTACHMENT,CONFIRMED,6.402176653864785e-05,20388092.784146268,7.742985522958538,2774737140757021.0,1.4995973342446225e-05,7.0913850758958105e-12,5.904376868781269e-07,83261.26427474261,0.0235431158850991,-2.7622558690642935e-13
684,6.565997672388634e-12,6.667373709955431e-15,ELECTRODE_ATTACHMENT,CONFIRMED,6.402325871819179e-05,20417907.465225022,7.7543085361706385,2775014682054534.0,1.4995212431013406e-05,7.073109795394513e-12,5.904676478265548e-07,83480.62802743763,0.0236365265093403,-2.769281524605285e-13
685,6.572651344492948e-12,6.653672104313643e-15,ELECTRODE_ATTACHMENT,CONFIRMED,6.402474910987249e-05,20447660.87645184,7.765608280331457,2775290854410234.5,1.4994454891275365e-05,7.054957133135066e-12,5.904974790348583e-07,83699.655134893,0.0237299351962608,-2.7763101438795284e-13
686,6.579291396883585e-12,6.640052390637471e-15,ELECTRODE_ATTACHMENT,CONFIRMED,6.402623771243489e-05,20477353.384025667,7.776884894515951,2775565650201887.5,1.499370059205164e-05,7.036925785788061e-12,5.90527185629792e-07,83918.34781353449,0.0238233417435935,-2.783341759521522e-13
687,6.585917910648936e-12,6.6265137653492656e-15,ELECTRODE_ATTACHMENT,CONFIRMED,6.402772452470357e-05,20506985.350552004,7.78813851643436,2775839061868847.0,1.4992949403636625e-05,7.019014468880619e-12,5.90556772682256e-07,84136.70826588808,0.0239167459488583,-2.790376396529994e-13
688,6.592530966084735e-12,6.613055435800581e-15,ELECTRODE_ATTACHMENT,CONFIRMED,6.402920954558116e-05,20536557.135091864,7.799369282450798,2776111081911255.5,1.4992201197776712e-05,7.001221916452145e-12,5.905862452081449e-07,84354.7386807335,0.0240101476093618,-2.797414079634693e-13
689,6.599130642704818e-12,6.59967662008261e-15,ELECTRODE_ATTACHMENT,CONFIRMED,6.403069277404663e-05,20566069.09320976,7.810577327601481,2776381702889255.5,1.4991455847647962e-05,6.9835468807177086e-12,5.906156081691795e-07,84572.44123325497,0.024103546522197,-2.8044548333000497e-13
690,6.6057170192516575e-12,6.5863765468404316e-15,ELECTRODE_ATTACHMENT,CONFIRMED,6.40321742091538e-05,20595521.577020887,7.821762785612643,2776650917422217.0,1.4990713227834129e-05,6.965988131738806e-12,5.906448664737256e-07,84789.81808518995,0.0241969424842424,-2.811498681728787e-13
691,6.61229017370675e-12,6.573154455091343e-15,ELECTRODE_ATTACHMENT,CONFIRMED,6.403365385002953e-05,20624914.93523765,7.832925788918207,2776918718187978.0,1.4989973214305168e-05,6.948544457101188e-12,5.906740249775971e-07,85006.87138497722,0.0242903352921622,-2.8185456488654397e-13
692,6.618850183300797e-12,6.5600095940468974e-15,ELECTRODE_ATTACHMENT,CONFIRMED,6.403513169587231e-05,20654249.513215017,7.844066468677004,2777185097922092.5,1.4989235684396126e-05,6.931214661599963e-12,5.907030884848424e-07,85223.60326789932,0.024383724742405,-2.825595758399839e-13
693,6.625397124523737e-12,6.5469412229387045e-15,ELECTRODE_ATTACHMENT,CONFIRMED,6.403660774595075e-05,20683525.652995396,7.855184954789831,2777450049417100.5,1.4988500516786425e-05,6.913997566931303e-12,5.907320617485199e-07,85440.0158562262,0.0244771106312034,-2.8326490337705244e-13
694,6.631931073134583e-12,6.5339486108477e-15,ELECTRODE_ATTACHMENT,CONFIRMED,6.4038081999602e-05,20712743.69335284,7.866281375916226,2777713565521802.5,1.498776759147955e-05,6.896892011390769e-12,5.907609494714576e-07,85656.11125935691,0.0245704927545746,-2.839705498168084e-13
695,6.63845210417112e-12,6.521031036537208e-15,ELECTRODE_ATTACHMENT,CONFIRMED,6.403955445623035e-05,20741903.969836235,7.877355859490874,2777975639140549.0,1.4987036789783125e-05,6.879896849578276e-12,5.907897563069992e-07,85871.89157395774,0.0246638709083194,-2.846765174538472e-13
696,6.644960291959409e-12,6.508187788289157e-15,ELECTRODE_ATTACHMENT,CONFIRMED,6.404102511530577e-05,20771006.814811744,7.888408531739722,2778236263232545.0,1.4986307994289347e-05,6.86301095210941e-12,5.908184868597362e-07,86087.35888409775,0.0247572448880212,-2.85382808558622e-13
697,6.651455710123153e-12,6.495418163743851e-15,ELECTRODE_ATTACHMENT,CONFIRMED,6.404249397636255e-05,20800052.5575048,7.899439517695936,2778495430811160.0,1.4985581088855829e-05,6.846233205332709e-12,5.908471456862293e-07,86302.51526138534,0.0248506144890466,-2.860894253777626e-13
698,6.657938431592896e-12,6.482721469742985e-15,ELECTRODE_ATTACHMENT,CONFIRMED,6.404396103899793e-05,20829041.524041303,7.910448941215539,2778753134943252.0,1.49848559585867e-05,6.829562511053056e-12,5.908757372957149e-07,86517.3627651015,0.0249439795065449,-2.8679637013438896e-13
699,6.664408528615072e-12,6.470097022175749e-15,ELECTRODE_ATTACHMENT,CONFIRMED,6.404542630287079e-05,20857974.037487894,7.92143692499272,2779009368748507.0,1.49841324898142e-05,6.812997786261041e-12,5.909042661507987e-07,86731.90344232971,0.0250373397354476,-2.8750364502841685e-13
700,6.670866072760899e-12,6.457544145828224e-15,ELECTRODE_ATTACHMENT,CONFIRMED,6.404688976770024e-05,20886850.41789192,7.932403590574975,2779264125398782.5,1.4983410570080494e-05,6.7965379628678454e-12,5.9093273666814e-07,86946.13932808694,0.0251306949704683,-2.8821125223686057e-13
701,6.6773111349351365e-12,6.445062174235689e-15,ELECTRODE_ATTACHMENT,CONFIRMED,6.404835143326445e-05,20915670.98232036,7.943349058377952,2779517398117467.5,1.498269008811988e-05,6.780181987445891e-12,5.9096115321912e-07,87160.07244545012,0.025224045006102,-2.889191939141294e-13
702,6.6837437853846735e-12,6.432650449537952e-15,ELECTRODE_ATTACHMENT,CONFIRMED,6.404981129939939e-05,20944436.04489857,7.954273447700096,2779769180178848.5,1.4981970933841322e-05,6.763928820974717e-12,5.909895201305012e-07,87373.70480568371,0.0253173896366258,-2.896274721923196e-13
703,6.690164093707011e-12,6.4203083223376014e-15,ELECTRODE_ATTACHMENT,CONFIRMED,6.405126936599753e-05,20973145.91684788,7.965176876736988,2780019464907489.0,1.4981252998311292e-05,6.74777743859237e-12,5.910178416850752e-07,87587.038408363,0.025410728656098,-2.9033608918150043e-13
704,6.6965721288585734e-12,6.408035151561099e-15,ELECTRODE_ATTACHMENT,CONFIRMED,6.405272563300674e-05,21001800.90652292,7.976059462595481,2780268245677620.0,1.4980536173736912e-05,6.7317268293518746e-12,5.910461221222975e-07,87800.07524149682,0.0255040618583581,-2.9104504696999625e-13
705,6.702967959162896e-12,6.395830304322595e-15,ELECTRODE_ATTACHMENT,CONFIRMED,6.405418010042904e-05,21030401.31944824,7.986921321307619,2780515515912533.0,1.497982035344944e-05,6.715775995982709e-12,5.910743656389127e-07,88012.81728164933,0.0255973890370265,-2.917543476246644e-13
706,6.709351652318686e-12,6.383693155790486e-15,ELECTRODE_ATTACHMENT,CONFIRMED,6.405563276831948e-05,21058947.45835429,7.997762567844315,2780761269083997.0,1.497910543188802e-05,6.6999239546572965e-12,5.911025763895694e-07,88225.26649405896,0.0256907099855048,-2.924639931911664e-13
707,6.715723275407743e-12,6.371623089056603e-15,ELECTRODE_ATTACHMENT,CONFIRMED,6.405708363678507e-05,21087439.62321293,8.00858331612881,2781005498711667.5,1.4978391304583762e-05,6.684169734762209e-12,5.911307584874216e-07,88437.42483275692,0.0257840244969752,-2.931739856942365e-13
708,6.72208289490275e-12,6.359619495008024e-15,ELECTRODE_ATTACHMENT,CONFIRMED,6.405853270598358e-05,21115878.11127219,8.019383679049902,2781248198362520.5,1.4977677868144052e-05,6.668512378674191e-12,5.911589160047253e-07,88649.29424068298,0.0258773323644007,-2.938843271379453e-13
709,6.728430576674951e-12,6.347681772201259e-15,ELECTRODE_ATTACHMENT,CONFIRMED,6.405997997612255e-05,21144263.21709058,8.030163768474958,2781489361650285.0,1.4976965020237208e-05,6.652950941540666e-12,5.911870529734179e-07,88860.8766498003,0.0259706333805249,-2.945950195059579e-13
710,6.73476638600169e-12,6.335809326739144e-15,ELECTRODE_ATTACHMENT,CONFIRMED,6.406142544745822e-05,21172595.232570928,8.040923695262773,2781728982234892.0,1.4976252659577373e-05,6.637484491064693e-12,5.912151733856944e-07,89072.1739812095,0.0260639273378719,-2.953060647617897e-13
711,6.74109038757384e-12,6.324001572149885e-15,ELECTRODE_ATTACHMENT,CONFIRMED,6.406286912029443e-05,21200874.44699352,8.05166356927615,2781967053821925.0,1.4975540685909697e-05,6.622112107294365e-12,5.912432811945682e-07,89283.18814526017,0.0261572140287467,-2.9601746484905585e-13
712,6.747402645503109e-12,6.312257929268653e-15,ELECTRODE_ATTACHMENT,CONFIRMED,6.406431099498172e-05,21229101.147048615,8.062383499394256,2782203570162086.5,1.4974828999995748e-05,6.606832882416527e-12,5.912713803144273e-07,89493.92104165995,0.0262504932452339,-2.9672922169171815e-13
713,6.75370322332923e-12,6.300577826121344e-15,ELECTRODE_ATTACHMENT,CONFIRMED,6.406575107191627e-05,21257275.61686896,8.073083593524963,2782438525050667.5,1.4974117503599232e-05,6.5916459205543616e-12,5.91299474621578e-07,89704.37455958637,0.0263437647791995,-2.974413302495077e-13
714,6.75999218402704e-12,6.288960697810612e-15,ELECTRODE_ATTACHMENT,CONFIRMED,6.406718935153893e-05,21285398.138061155,8.083763958616764,2782671912327029.0,1.4973406099471905e-05,6.576550337569399e-12,5.913275679547807e-07,89914.55057779228,0.0264370284222895,-2.98153799195156e-13
715,6.766269590013444e-12,6.277405986404198e-15,ELECTRODE_ATTACHMENT,CONFIRMED,6.40686258343339e-05,21313468.98973688,8.09442470067064,2782903725874090.5,1.4972694691339813e-05,6.561545260867256e-12,5.913556641157755e-07,90124.45096471293,0.0265302839659303,-2.988666305726297e-13
716,6.77253550315427e-12,6.265913140825211e-15,ELECTRODE_ATTACHMENT,CONFIRMED,6.407006052082818e-05,21341488.448543426,8.105065924751635,2783133959617823.0,1.4971983183889696e-05,6.546629829207426e-12,5.913837668698008e-07,90334.07757856947,0.0266235312013282,-2.9957982622955387e-13
717,6.778789984771015e-12,6.254481616744672e-15,ELECTRODE_ATTACHMENT,CONFIRMED,6.407149341159072e-05,21369456.788694285,8.115687735000494,2783362607526757.0,1.497127148275564e-05,6.531803192516517e-12,5.914118799461034e-07,90543.43226747608,0.026716769919471,-3.0029338799507483e-13
718,6.785033095647491e-12,6.2431108764760736e-15,ELECTRODE_ATTACHMENT,CONFIRMED,6.407292450723144e-05,21397374.28199828,8.126290234644706,2783589663611492.5,1.497055949450604e-05,6.517064511705712e-12,5.914400070384378e-07,90752.51686953763,0.0268099999111264,-3.0100731768008213e-13
719,6.791264896036363e-12,6.231800388871846e-15,ELECTRODE_ATTACHMENT,CONFIRMED,6.407435380840043e-05,21425241.197889213,8.13687352600979,2783815121924218.5,1.4969847126630669e-05,6.5024129584913414e-12,5.914681518055591e-07,90961.33321295373,0.026903220966843,-3.017216170774282e-13
720,6.797485445665585e-12,6.220549629221917e-15,ELECTRODE_ATTACHMENT,CONFIRMED,6.407578131578715e-05,21453057.803454507,8.14743771053015,2784038976558241.0,1.4969134287528089e-05,6.487847715219241e-12,5.914963178717082e-07,91169.8831161175,0.0269964328769505,-3.0243628796214557e-13
721,6.803694803744739e-12,6.20935807915404e-15,ELECTRODE_ATTACHMENT,CONFIRMED,6.407720703011942e-05,21480824.363463476,8.157982888759816,2784261221647516.0,1.4968420886493172e-05,6.4733679746925695e-12,5.915245088270881e-07,91378.16838771329,0.0270896354315589,-3.03151332091658e-13
722,6.8098930289712754e-12,6.198225226536144e-15,ELECTRODE_ATTACHMENT,CONFIRMED,6.407863095216281e-05,21508541.140395485,8.168509160383149,2784481851366192.5,1.496770683370493e-05,6.458972940002743e-12,5.915527282283322e-07,91586.190826816,0.0271828284205599,-3.038667512059912e-13
723,6.816080179536656e-12,6.187150565380456e-15,ELECTRODE_ATTACHMENT,CONFIRMED,6.408005308271967e-05,21536208.394467205,8.179016624225177,2784700859928160.0,1.4966992040214469e-05,6.444661824364008e-12,5.91580979598966e-07,91793.95222298511,0.0272760116336262,-3.0458254702797894e-13
724,6.822256313132406e-12,6.176133595749289e-15,ELECTRODE_ATTACHMENT,CONFIRMED,6.408147342262845e-05,21563826.383659564,8.189505378261845,2784918241586604.5,1.4966276417933238e-05,6.4304338509510605e-12,5.916092664298605e-07,92001.4543563591,0.0273691848602113,-3.052987212634629e-13
725,6.828421486956068e-12,6.165173823662841e-15,ELECTRODE_ATTACHMENT,CONFIRMED,6.408289197276288e-05,21591395.36374476,8.199975519630263,2785133990633571.0,1.4965559879621384e-05,6.416288252739636e-12,5.91637592179679e-07,92208.69899775165,0.0274623478895508,-3.060152756014964e-13
726,6.834575757717077e-12,6.154270761008406e-15,ELECTRODE_ATTACHMENT,CONFIRMED,6.40843087340312e-05,21618915.58831215,8.210427144638537,2785348101399532.5,1.49648423388764e-05,6.402224272350524e-12,5.916659602753153e-07,92415.68790874144,0.0275555005106616,-3.0673221171453724e-13
727,6.840719181642528e-12,6.143423925451573e-15,ELECTRODE_ATTACHMENT,CONFIRMED,6.408572370737549e-05,21646387.30879429,8.22086034877568,2785560568252965.0,1.4964123710121853e-05,6.388241161896274e-12,5.916943741123283e-07,92622.42284176554,0.0276486425123426,-3.074495312586433e-13
728,6.846851814482877e-12,6.132632840348734e-15,ELECTRODE_ATTACHMENT,CONFIRMED,6.408713689377088e-05,21673810.77449223,8.231275226721188,2785771385599932.0,1.4963403908596418e-05,6.374338182831059e-12,5.917228370553643e-07,92828.90554020781,0.0277417736831743,-3.081672358736609e-13
729,6.8529737115175386e-12,6.121897034661526e-15,ELECTRODE_ATTACHMENT,CONFIRMED,6.408854829422491e-05,21701186.23260077,8.241671872354642,2785980547883668.0,1.4962682850343032e-05,6.36051460580319e-12,5.917513524385777e-07,93035.13773849008,0.02783489381152,-3.08885327183414e-13
730,6.859084927560412e-12,6.111216042872556e-15,ELECTRODE_ATTACHMENT,CONFIRMED,6.40899579097767e-05,21728513.928233005,8.252050378765047,2786188049584178.5,1.4961960452198228e-05,6.346769710510642e-12,5.917799235660413e-07,93241.12116215864,0.027928002685525,-3.096038067958869e-13
731,6.8651855169653136e-12,6.100589404902861e-15,ELECTRODE_ATTACHMENT,CONFIRMED,6.409136574149648e-05,21755794.1044446,8.26241083826003,2786393885217837.0,1.496123663178165e-05,6.333102785559249e-12,5.918085537121544e-07,93446.85752797144,0.0280211000931171,-3.1032267630340725e-13
732,6.871275533631345e-12,6.09001666603072e-15,ELECTRODE_ATTACHMENT,CONFIRMED,6.40927717904847e-05,21783027.002257973,8.272753342375037,2786598049336993.0,1.4960511307485798e-05,6.319513128323423e-12,5.918372461220379e-07,93652.34854398557,0.0281141858220077,-3.1104193728282284e-13
733,6.877355031008157e-12,6.0794973768121365e-15,ELECTRODE_ATTACHMENT,CONFIRMED,6.409417605787154e-05,21810212.860685576,8.283077981882164,2786800536529587.0,1.4959784398465862e-05,6.306000044809835e-12,5.918660040119299e-07,93857.59590963944,0.0282072596596902,-3.1176159129568e-13
734,6.883424062101159e-12,6.069031093002461e-15,ELECTRODE_ATTACHMENT,CONFIRMED,6.40955785448162e-05,21837351.916753504,8.293384846799126,2787001341418763.0,1.495905582462974e-05,6.292562849523262e-12,5.918948305695728e-07,94062.60131584,0.0283003213934425,-3.124816398883945e-13
735,6.88948267947664e-12,6.058617375479767e-15,ELECTRODE_ATTACHMENT,CONFIRMED,6.409697925250625e-05,21864444.405524097,8.303674026397854,2787200458662498.0,1.4958325506628307e-05,6.279200865335269e-12,5.919237289545912e-07,94267.36644504302,0.0283933708103254,-3.13202084592424e-13
736,6.895530935266809e-12,6.048255790169286e-15,ELECTRODE_ATTACHMENT,CONFIRMED,6.409837818215713e-05,21891490.56011864,8.313945609213098,2787397882953229.0,1.4957593365845717e-05,6.265913423355185e-12,5.919527022988687e-07,94471.892971336,0.0284864076971838,-3.139229269244349e-13
737,6.901568881174778e-12,6.037945907969445e-15,ELECTRODE_ATTACHMENT,CONFIRMED,6.409977533501137e-05,21918490.61173959,8.32419968305088,2787593609017491.5,1.4956859324389956e-05,6.252699862803478e-12,5.919817537069158e-07,94676.18256051923,0.0285794318406467,-3.146441683864676e-13
738,6.907596568479457e-12,6.0276873046790776e-15,ELECTRODE_ATTACHMENT,CONFIRMED,6.410117071233812e-05,21945444.789692577,8.334436334996838,2787787631615553.0,1.49561233050835e-05,6.23955953088748e-12,5.920108862562341e-07,94880.23687018656,0.0286724430271281,-3.153658104661013e-13
739,6.913614048040383e-12,6.017479560925941e-15,ELECTRODE_ATTACHMENT,CONFIRMED,6.410256431543258e-05,21972353.321407825,8.344655651424377,2787979945541066.5,1.4955385231454157e-05,6.2264917826795204e-12,5.920401029976733e-07,95084.05754980272,0.028765441042826,-3.1608785463661213e-13
740,6.91962137030248e-12,6.00732226209656e-15,ELECTRODE_ATTACHMENT,CONFIRMED,6.410395614561535e-05,21999216.432461478,8.354857718002759,2788170545620717.0,1.4954645027726052e-05,6.213495980997173e-12,5.920694069557823e-07,95287.64624078243,0.028858425673724,-3.168103023571329e-13
741,6.925618585300747e-12,5.997214998267266e-15,ELECTRODE_ATTACHMENT,CONFIRMED,6.410534620423195e-05,22026034.34659674,8.365042619705127,2788359426713880.5,1.4953902618810709e-05,6.2005714962856955e-12,5.920988011291582e-07,95491.00457656862,0.0289513967055909,-3.175331550728075e-13
742,6.931605742664884e-12,5.987157364136485e-15,ELECTRODE_ATTACHMENT,CONFIRMED,6.410673449265222e-05,22052807.28574432,8.375210440816277,2788546583712280.5,1.4953157930298377e-05,6.187717706502747e-12,5.921282884907861e-07,95694.13418270701,0.0290443539239813,-3.182564142149454e-13
743,6.937582891623842e-12,5.977148958958163e-15,ELECTRODE_ATTACHMENT,CONFIRMED,6.410812101226982e-05,22079535.47004292,8.38536126494044,2788732011539660.0,1.4952410888449384e-05,6.1749339970050986e-12,5.921578719883754e-07,95897.03667692281,0.0291372971142359,-3.1898008120117233e-13
744,6.9435500810103184e-12,5.96718938647636e-15,ELECTRODE_ATTACHMENT,CONFIRMED,6.41095057645017e-05,22106219.117859367,8.395495175008929,2788915705151448.5,1.4951661420185707e-05,6.1622197604374084e-12,5.921875545446926e-07,96099.71366919536,0.0292302260614819,-3.197041574355783e-13
745,6.949507359265181e-12,5.957278254861079e-15,ELECTRODE_ATTACHMENT,CONFIRMED,6.411088875078757e-05,22132858.445808183,8.405612253287552,2789097659534439.0,1.4950909453082666e-05,6.14957439662314e-12,5.922173390578855e-07,96302.1667618306,0.0293231405506329,-3.204286443088653e-13
746,6.955454774441825e-12,5.947415176645057e-15,ELECTRODE_ATTACHMENT,CONFIRMED,6.411226997258941e-05,22159453.668771323,8.415712581384135,2789277869706468.0,1.4950154915360709e-05,6.136997312457262e-12,5.922472284018049e-07,96504.39754953524,0.0294160403663898,-3.211535431984912e-13
747,6.961392374210487e-12,5.9375997686618175e-15,ELECTRODE_ATTACHMENT,CONFIRMED,6.411364943139098e-05,22186004.999917384,8.425796240255801,2789456330716101.0,1.4949397735877354e-05,6.1244879218009645e-12,5.922772254263234e-07,96706.40761948937,0.0295089252932413,-3.218788554688121e-13
748,6.967320205862472e-12,5.927831651984655e-15,ELECTRODE_ATTACHMENT,CONFIRMED,6.411502712869727e-05,22212512.650720373,8.435863310216106,2789633037642323.5,1.4948637844119288e-05,6.112045645378399e-12,5.923073329576442e-07,96908.19855141544,0.0296017951154633,-3.226045824712221e-13
749,6.9732383163143375e-12,5.918110451866728e-15,ELECTRODE_ATTACHMENT,CONFIRMED,6.411640306603417e-05,22238976.830978625,8.445913870942215,2789807985594230.0,1.4947875170194536e-05,6.099669910675001e-12,5.923375537986092e-07,97109.7719176512,0.0296946496171205,-3.233307255442931e-13
750,6.979146752112021e-12,5.908435797682188e-15,ELECTRODE_ATTACHMENT,CONFIRMED,6.41177772449479e-05,22265397.748833105,8.45594800148186,2789981169710728.5,1.49471096448248e-05,6.087360151837857e-12,5.923678907290027e-07,97311.12928321792,0.0297874885820659,-3.240572860139081e-13
751,6.985045559434889e-12,5.8988073228683485e-15,ELECTRODE_ATTACHMENT,CONFIRMED,6.411914966700444e-05,22291775.61078564,8.465965780260259,2790152585160239.5,1.4946341199337886e-05,6.075115809577723e-12,5.923983465058483e-07,97512.27220588992,0.0298803117939417,-3.247842651933984e-13
752,6.990934784099757e-12,5.889224664868719e-15,ELECTRODE_ATTACHMENT,CONFIRMED,6.412052033378942e-05,22318110.621716782,8.47596728508691,2790322227140404.0,1.4945569765660252e-05,6.062936331072831e-12,5.924289238637032e-07,97713.20223626253,0.0299731190361794,-3.255116643836733e-13
753,6.996814471564834e-12,5.879687465077132e-15,ELECTRODE_ATTACHMENT,CONFIRMED,6.41218892469073e-05,22344402.984903444,8.485952593162267,2790490090877794.5,1.4944795276309724e-05,6.0508211698744175e-12,5.924596255149465e-07,97913.9209178186,0.0300659100920002,-3.262394848733516e-13
754,7.002684666933617e-12,5.8701953687828175e-15,ELECTRODE_ATTACHMENT,CONFIRMED,6.412325640798119e-05,22358647.78873375,8.491362481718454,2790656171627630.5,1.4944779598019083e-05,6.044275886874645e-12,5.924602470533333e-07,98020.05370732352,0.0301162827246808,-3.268072302848829e-13
755,7.008549731959844e-12,5.865065026227248e-15,ELECTRODE_ATTACHMENT,CONFIRMED,6.41246222855771e-05,22358647.76049356,8.491362470993401,2790819313931793.0,1.4945653274543038e-05,6.044275899837736e-12,5.924256136653029e-07,98014.32354886497,0.0301163545083931,-3.271848483421884e-13
756,7.0144147970003435e-12,5.865065040498241e-15,ELECTRODE_ATTACHMENT,CONFIRMED,6.412598742766901e-05,22358647.732305404,8.491362460288109,2790978152407597.0,1.4946503902804888e-05,6.0442759127769385e-12,5.923918978229021e-07,98008.74519487939,0.0301163828343121,-3.275624696479793e-13
757,7.020279862055141e-12,5.8650650547981776e-15,ELECTRODE_ATTACHMENT,CONFIRMED,6.412735182445385e-05,22358647.704169556,8.491362449602681,2791132686805240.0,1.4947331481466836e-05,6.044275925692131e-12,5.923590992665339e-07,98003.31860241848,0.0301163677011838,-3.279400934999799e-13
758,7.026144927124268e-12,5.865065069127092e-15,ELECTRODE_ATTACHMENT,CONFIRMED,6.412871546624802e-05,22358647.67608619,8.49136243893719,2791282916887618.0,1.4948136009259095e-05,6.044275938583233e-12,5.923272177424386e-07,97998.04372949908,0.0301163091078812,-3.283177191955568e-13
759,7.0320099922077535e-12,5.8650650834849545e-15,ELECTRODE_ATTACHMENT,CONFIRMED,6.413007834348593e-05,22358647.648055434,8.491362428291673,2791428842430330.0,1.494891748497993e-05,6.044275951450189e-12,5.922962530026895e-07,97992.9205351025,0.0301162070534035,-3.286953460317184e-13
760,7.0378750573056255e-12,5.865065097871814e-15,ELECTRODE_ATTACHMENT,CONFIRMED,6.413144044671889e-05,22358647.62007744,8.491362417666197,2791570463221679.0,1.494967590749562e-05,6.0442759642929215e-12,5.922662048051889e-07,97987.94897917504,0.0301160615368772,-3.290729733051211e-13
761,7.043740122417914e-12,5.865065112287663e-15,ELECTRODE_ATTACHMENT,CONFIRMED,6.413280176661373e-05,22358647.592152417,8.491362407060837,2791707779062675.5,1.4950411275740488e-05,6.044275977111341e-12,5.922370729136653e-07,97983.12902262696,0.030115872557556,-3.294506003120697e-13
762,7.049605187544647e-12,5.865065126732495e-15,ELECTRODE_ATTACHMENT,CONFIRMED,6.413416229395157e-05,22358647.56428055,8.491362396475667,2791840789767039.0,1.4951123588716936e-05,6.0442759899053575e-12,5.922088570976653e-07,97978.46062733117,0.0301156401148202,-3.298282263485191e-13
763,7.055470252685853e-12,5.8650651412063456e-15,ELECTRODE_ATTACHMENT,CONFIRMED,6.41355220196266e-05,22358647.536462013,8.491362385910747,2791969495161200.0,1.4951812845495416e-05,6.044276002674898e-12,5.921815571325541e-07,97973.94375612296,0.0301153642081774,-3.302058507100784e-13
764,7.061335317841562e-12,5.8650651557092125e-15,ELECTRODE_ATTACHMENT,CONFIRMED,6.413688093464482e-05,22358647.508696947,8.491362375366137,2792093895084303.0,1.4952479045214496e-05,6.044276015419891e-12,5.921551727995072e-07,97969.57837279885,0.0301150448372617,-3.305834726920118e-13
765,7.067200383011804e-12,5.865065170241106e-15,ELECTRODE_ATTACHMENT,CONFIRMED,6.413823903012279e-05,22358647.480985463,8.491362364841875,2792213989388208.0,1.495312218708082e-05,6.044276028140289e-12,5.92129703885509e-07,97965.36444211603,0.0301146820018346,-3.309610915892415e-13
766,7.073065448196605e-12,5.865065184802042e-15,ELECTRODE_ATTACHMENT,CONFIRMED,6.41395962972865e-05,22358647.45332789,8.49136235433809,2792329777937493.0,1.495374227036914e-05,6.044276040835938e-12,5.921051501833482e-07,97961.30192979384,0.0301142757017851,-3.313387066963508e-13
767,7.078930513395997e-12,5.8650651993920175e-15,ELECTRODE_ATTACHMENT,CONFIRMED,6.414095272747022e-05,22358647.4257243,8.491362343854803,2792441260609456.5,1.4954339294422329e-05,6.044276053506813e-12,5.920815114916134e-07,97957.39080250896,0.0301138259371283,-3.3171631730758535e-13
768,7.084795578610008e-12,5.86506521401104e-15,ELECTRODE_ATTACHMENT,CONFIRMED,6.414230831211516e-05,22358647.39817492,8.491362333392106,2792548437294119.0,1.4954913258651407e-05,6.044276066152798e-12,5.920587876146897e-07,97953.63102789859,0.0301133327080074,-3.320939227168552e-13
769,7.0906606438386684e-12,5.8650652286591516e-15,ELECTRODE_ATTACHMENT,CONFIRMED,6.414366304276847e-05,22358647.37067985,8.491362322950035,2792651307894224.5,1.495546416253551e-05,6.044276078773854e-12,5.920369783627556e-07,97950.02257455728,0.030112796014692,-3.3247152221773905e-13
770,7.096525709082005e-12,5.865065243336314e-15,ELECTRODE_ATTACHMENT,CONFIRMED,6.414501691108204e-05,22358647.343239333,8.49136231252868,2792749872325244.0,1.4955992005621948e-05,6.0442760913698736e-12,5.920160835517776e-07,97946.56541203811,0.0301122158575792,-3.328491151034845e-13
771,7.102390774340048e-12,5.865065258042562e-15,ELECTRODE_ATTACHMENT,CONFIRMED,6.414636990881136e-05,22358647.315853488,8.49136230212809,2792844130515376.5,1.495649678752618e-05,6.044276103940794e-12,5.919961030035091e-07,97943.25951085107,0.0301115922371932,-3.332267006670117e-13
772,7.108255839612825e-12,5.865065272777903e-15,ELECTRODE_ATTACHMENT,CONFIRMED,6.414772202781446e-05,22358647.288522497,8.491362291748331,2792934082405550.5,1.4956978507931847e-05,6.044276116486536e-12,5.919770365454846e-07,97940.1048424627,0.0301109251541855,-3.336042782009151e-13
773,7.1141209049003675e-12,5.865065287542346e-15,ELECTRODE_ATTACHMENT,CONFIRMED,6.414907326005063e-05,22358647.26124655,8.491362281389478,2793019727949426.5,1.4957437166590769e-05,6.044276129007008e-12,5.919588840110186e-07,97937.10137929603,0.0301102146093348,-3.3398184699746636e-13
774,7.119985970202703e-12,5.865065302335888e-15,ELECTRODE_ATTACHMENT,CONFIRMED,6.415042359757958e-05,22358647.234025855,8.49136227105161,2793101067113398.5,1.4957872763322947e-05,6.044276141502118e-12,5.919416452391998e-07,97934.2490947296,0.0301094606035472,-3.343594063486159e-13
775,7.125851035519862e-12,5.865065317158565e-15,ELECTRODE_ATTACHMENT,CONFIRMED,6.415177303256018e-05,22358647.206860505,8.491362260734757,2793178099876596.0,1.4958285298016612e-05,6.044276153971827e-12,5.919253200748898e-07,97931.54796309606,0.0301086631378555,-3.347369555459962e-13
776,7.1317161008518724e-12,5.865065332010349e-15,ELECTRODE_ATTACHMENT,CONFIRMED,6.415312155724942e-05,22358647.179750733,8.491362250439014,2793250826230885.0,1.4958674770628168e-05,6.044276166416022e-12,5.919099083687198e-07,97928.99795968377,0.0301078222134204,-3.351144938809235e-13
777,7.137581166198763e-12,5.865065346891284e-15,ELECTRODE_ATTACHMENT,CONFIRMED,6.415446916400147e-05,22358647.15269671,8.491362240164444,2793319246180872.5,1.4959041181182273e-05,6.044276178834625e-12,5.918954099770866e-07,97926.59906073443,0.0301069378315297,-3.354920206444004e-13
778,7.143446231560565e-12,5.865065361801351e-15,ELECTRODE_ATTACHMENT,CONFIRMED,6.415581584526641e-05,22358647.125698566,8.491362229911093,2793383359743902.5,1.4959384529771787e-05,6.044276191227581e-12,5.918818247621498e-07,97924.35124344306,0.0301060099935984,-3.358695351271177e-13
779,7.1493112969373055e-12,5.865065376740565e-15,ELECTRODE_ATTACHMENT,CONFIRMED,6.415716159358948e-05,22358647.098756537,8.491362219679056,2793443166950062.5,1.4959704816557824e-05,6.044276203594776e-12,5.918691525918303e-07,97922.25448595845,0.0301050387011691,-3.36247036619458e-13
780,7.155176362329015e-12,5.865065391708946e-15,ELECTRODE_ATTACHMENT,CONFIRMED,6.41585064016098e-05,22358647.071870737,8.491362209468372,2793498667842184.0,1.4960002041769735e-05,6.044276215936161e-12,5.918573933398053e-07,97920.30876738083,0.0301040239559115,-3.3662452441149666e-13
781,7.161041427735721e-12,5.865065406706494e-15,ELECTRODE_ATTACHMENT,CONFIRMED,6.415985026205956e-05,22358647.04504136,8.491362199279116,2793549862475843.0,1.4960276205705137e-05,6.0442762282516494e-12,5.918465468855073e-07,97918.51406776343,0.0301029657596229,-3.370019977930044e-13
782,7.166906493157454e-12,5.865065421733228e-15,ELECTRODE_ATTACHMENT,CONFIRMED,6.41611931677629e-05,22358647.018268596,8.491362189111364,2793596750919362.0,1.496052730872988e-05,6.044276240541149e-12,5.918366131141206e-07,97916.87036811092,0.0301018641142279,-3.373794560534516e-13
783,7.1727715585942434e-12,5.86506543678913e-15,ELECTRODE_ATTACHMENT,CONFIRMED,6.416253511163496e-05,22358646.99155261,8.49136217896517,2793639333253811.5,1.4960755351278117e-05,6.04427625280458e-12,5.918275919165791e-07,97915.37765037913,0.0301007190217786,-3.377568984820073e-13
784,7.178636624046118e-12,5.865065451874243e-15,ELECTRODE_ATTACHMENT,CONFIRMED,6.416387608668101e-05,22358646.964893498,8.49136216884058,2793677609573010.5,1.4960960333852253e-05,6.044276265041908e-12,5.918194831895637e-07,97914.03589747402,0.0300995304844541,-3.381343243675441e-13
785,7.1845016895131065e-12,5.865065466988547e-15,ELECTRODE_ATTACHMENT,CONFIRMED,6.416521608599525e-05,22358646.9382916,8.491362158737715,2793711579983529.0,1.4961142257022974e-05,6.044276277252976e-12,5.918122868355002e-07,97912.84509325393,0.0300982985045619,-3.385117329986402e-13
786,7.1903667549952394e-12,5.865065482132076e-15,ELECTRODE_ATTACHMENT,CONFIRMED,6.416655510276013e-05,22358646.911746968,8.491362148656602,2793741244604690.5,1.496130112142928e-05,6.044276289437756e-12,5.918060027625554e-07,97911.80522252496,0.030097023084536,-3.388891236635804e-13
787,7.196231820492544e-12,5.865065497304813e-15,ELECTRODE_ATTACHMENT,CONFIRMED,6.416789313024521e-05,22358646.885259807,8.491362138597314,2793766603568569.0,1.4961436927778452e-05,6.044276301596153e-12,5.918006308846377e-07,97910.91627104419,0.0300957042269383,-3.3926649565036004e-13
788,7.2020968860050496e-12,5.865065512506773e-15,ELECTRODE_ATTACHMENT,CONFIRMED,6.416923016180635e-05,22358646.858830247,8.491362128559905,2793787657019994.0,1.4961549676846067e-05,6.044276313728112e-12,5.91796171121392e-07,97910.17822551727,0.0300943419344582,-3.396438482466863e-13
789,7.207961951532787e-12,5.8650655277379694e-15,ELECTRODE_ATTACHMENT,CONFIRMED,6.417056619088471e-05,22358646.83245855,8.491362118544462,2793804405116550.0,1.4961639369476022e-05,6.044276325833509e-12,5.917926233981996e-07,97909.59107359988,0.0300929362099127,-3.4002118073998093e-13
790,7.213827017075786e-12,5.865065542998413e-15,ELECTRODE_ATTACHMENT,CONFIRMED,6.41719012110059e-05,22358646.806144796,8.49136210855103,2793816848028579.0,1.4961706006580529e-05,6.044276337912309e-12,5.917899876461757e-07,97909.15480389495,0.030091487056246,-3.403984924173829e-13
791,7.219692082634075e-12,5.865065558288107e-15,ELECTRODE_ATTACHMENT,CONFIRMED,6.41732352157791e-05,22358646.77988916,8.491362098579671,2793824985939179.5,1.4961749589140114e-05,6.044276349964431e-12,5.917882638021661e-07,97908.8694059544,0.03008999447653,-3.407757825657502e-13
792,7.2255571482076835e-12,5.865065573607055e-15,ELECTRODE_ATTACHMENT,CONFIRMED,6.417456819889604e-05,22358646.75369193,8.491362088630494,2793828819044209.0,1.4961770118203637e-05,6.04427636198974e-12,5.91787451808748e-07,97908.734870279,0.0300884584739647,-3.41153050471663e-13
793,7.2314222137966375e-12,5.865065588955271e-15,ELECTRODE_ATTACHMENT,CONFIRMED,6.417590015413026e-05,22358646.72755315,8.491362078703514,2793828347552286.5,1.496176759488828e-05,6.044276373988223e-12,5.917875516142261e-07,97908.75118831536,0.0300868790518765,-3.4153029542142453e-13
794,7.23728727940097e-12,5.865065604332759e-15,ELECTRODE_ATTACHMENT,CONFIRMED,6.417723107533624e-05,22358646.70147312,8.491362068798841,2793823571684788.0,1.4961742020379576e-05,6.044276385959735e-12,5.917885631726306e-07,97908.91835245948,0.0300852562137206,-3.419075167010652e-13
795,7.24315234502071e-12,5.86506561973954e-15,ELECTRODE_ATTACHMENT,CONFIRMED,6.417856095644845e-05,22358646.67545185,8.491362058916494,2793814491675853.0,1.4961693395931387e-05,6.044276397904275e-12,5.917904864437181e-07,97909.23635605232,0.0300835899630787,-3.422847135963437e-13
796,7.249017410655887e-12,5.865065635175592e-15,ELECTRODE_ATTACHMENT,CONFIRMED,6.417988979148058e-05,22358646.64948964,8.49136204905657,2793801107772385.0,1.4961621722865922e-05,6.044276409821706e-12,5.917933213929679e-07,97909.70519338384,0.0300818803036609,-3.4266188539274997e-13
797,7.254882476306527e-12,5.86506565064096e-15,ELECTRODE_ATTACHMENT,CONFIRMED,6.418121757452463e-05,22358646.62358663,8.49136203921913,2793783420234047.5,1.496152700257375e-05,6.044276421711962e-12,5.917970679915802e-07,97910.32485968957,0.0300801272393048,-3.430390313755076e-13
798,7.2607475419726624e-12,5.865065666135616e-15,ELECTRODE_ATTACHMENT,CONFIRMED,6.418254429975019e-05,22358646.597742982,8.491362029404236,2793761429333270.0,1.4961409236513791e-05,6.044276433574968e-12,5.918017262164769e-07,97911.09535115153,0.0300783307739753,-3.434161508295758e-13
799,7.266612607654322e-12,5.865065681659589e-15,ELECTRODE_ATTACHMENT,CONFIRMED,6.418386996140347e-05,22358646.571958877,8.49136201961195,2793735135355246.0,1.4961268426213316e-05,6.044276445410645e-12,5.918072960502981e-07,97912.01666489807,0.0300764909117651,-3.4379324303965097e-13
800,7.2724776733515365e-12,5.86506569721289e-15,ELECTRODE_ATTACHMENT,CONFIRMED,6.418519455380668e-05,22358646.54623449,8.49136200984235,2793704538597934.0,1.4961104573267966e-05,6.0442764572189055e-12,5.918137774814025e-07,97913.08879900372,0.0300746076568946,-3.441703072901722e-13
801,7.27834273906433e-12,5.865065712795516e-15,ELECTRODE_ATTACHMENT,CONFIRMED,6.418651807135704e-05,22358646.520569973,8.491362000095489,2793669639372059.5,1.4960917679341744e-05,6.0442764689996885e-12,5.918211705038651e-07,97914.31175248839,0.0300726810137116,-3.445473428653193e-13
802,7.284207804792738e-12,5.8650657284074725e-15,ELECTRODE_ATTACHMENT,CONFIRMED,6.418784050852607e-05,22358646.49496553,8.491361990371438,2793630438001114.0,1.4960707746167024e-05,6.044276480752893e-12,5.918294751174769e-07,97915.68552531814,0.0300707109866921,-3.4492434904901876e-13
803,7.290072870536788e-12,5.865065744048761e-15,ELECTRODE_ATTACHMENT,CONFIRMED,6.418916185985887e-05,22358646.46942136,8.491361980670275,2793586934821356.0,1.4960474775544551e-05,6.044276492478432e-12,5.918386913277433e-07,97917.21011840444,0.0300686975804394,-3.4530132512494346e-13
804,7.295937936296507e-12,5.8650657597194144e-15,ELECTRODE_ATTACHMENT,CONFIRMED,6.419048211997321e-05,22358646.44393753,8.491361970992033,2793539130181812.0,1.4960218769343457e-05,6.04427650417627e-12,5.918488191458832e-07,97918.88553360313,0.0300666407996841,-3.456782703765172e-13
805,7.301803002071926e-12,5.865065775419415e-15,ELECTRODE_ATTACHMENT,CONFIRMED,6.419180128355888e-05,22358646.418514278,8.491361961336793,2793487024444277.0,1.4959939729501224e-05,6.044276515846305e-12,5.918598585888292e-07,97920.71177371645,0.0300645406492853,-3.460551840869156e-13
806,7.307668067863075e-12,5.865065791148779e-15,ELECTRODE_ATTACHMENT,CONFIRMED,6.419311934537688e-05,22358646.393151857,8.491361951704661,2793430617983313.0,1.4959637658023724e-05,6.044276527488413e-12,5.91871809679226e-07,97922.688842492,0.0300623971342294,-3.464320655390693e-13
807,7.313533133669982e-12,5.8650658069075284e-15,ELECTRODE_ATTACHMENT,CONFIRMED,6.419443630025865e-05,22358646.36785029,8.491361942095635,2793369911186254.5,1.4959312556985236e-05,6.044276539102591e-12,5.918846724454291e-07,97924.8167446203,0.0300602102596302,-3.468089140156657e-13
808,7.319398199492678e-12,5.865065822695635e-15,ELECTRODE_ATTACHMENT,CONFIRMED,6.419575214310538e-05,22358646.342609823,8.491361932509818,2793304904453201.0,1.4958964428528396e-05,6.044276550688719e-12,5.918984469215053e-07,97927.09548573865,0.0300579800307297,-3.4718572879915105e-13
809,7.325263265331191e-12,5.865065838513138e-15,ELECTRODE_ATTACHMENT,CONFIRMED,6.419706686888725e-05,22358646.317430664,8.49136192294728,2793235598197024.0,1.495859327486422e-05,6.044276562246707e-12,5.919131331472324e-07,97929.52507242876,0.0300557064528974,-3.4756250917173467e-13
810,7.33112833118555e-12,5.865065854360026e-15,ELECTRODE_ATTACHMENT,CONFIRMED,6.419838047264274e-05,22358646.29231297,8.49136191340809,2793161992843365.0,1.4958199098272137e-05,6.04427657377648e-12,5.919287311680972e-07,97932.10551221657,0.0300533895316307,-3.479392544153891e-13
811,7.33699339705579e-12,5.865065870236312e-15,ELECTRODE_ATTACHMENT,CONFIRMED,6.41996929494778e-05,22358646.26725686,8.491361903892287,2793084088830635.0,1.495778190109994e-05,6.044276585277984e-12,5.919452410352966e-07,97934.83681357252,0.0300510292725543,-3.483159638118531e-13
812,7.34285846294193e-12,5.8650658861419965e-15,ELECTRODE_ATTACHMENT,CONFIRMED,6.420100429456532e-05,22358646.24226251,8.491361894399937,2793001886610016.0,1.4957341685763827e-05,6.044276596751137e-12,5.919626628057366e-07,97937.71898591185,0.0300486256814207,-3.486926366426341e-13
813,7.348723528844007e-12,5.865065902077112e-15,ELECTRODE_ATTACHMENT,CONFIRMED,6.420231450314425e-05,22358646.217330184,8.491361884931143,2792915386645459.5,1.4956878454748371e-05,6.044276608195824e-12,5.919809965420329e-07,97940.75203959523,0.0300461787641109,-3.490692721890126e-13
814,7.354588594762048e-12,5.865065918041637e-15,ELECTRODE_ATTACHMENT,CONFIRMED,6.420362357051908e-05,22358646.19245993,8.491361875485923,2792824589413688.0,1.4956392210606553e-05,6.044276619612012e-12,5.92000242312509e-07,97943.93598592615,0.0300436885266325,-3.4944586973204e-13
815,7.360453660696083e-12,5.8650659340355856e-15,ELECTRODE_ATTACHMENT,CONFIRMED,6.420493149205897e-05,22358646.16765205,8.491361866064393,2792729495404194.5,1.4955882955959717e-05,6.0442766309995695e-12,5.920204001911989e-07,97947.27083715452,0.0300411549751218,-3.49822428552546e-13
816,7.366318726646144e-12,5.865065950058961e-15,ELECTRODE_ATTACHMENT,CONFIRMED,6.420623826319725e-05,22358646.14290662,8.491361856666579,2792630105119243.0,1.4955350693497632e-05,6.044276642358461e-12,5.920414702578437e-07,97950.75660647303,0.0300385781158422,-3.5019894793113613e-13
817,7.372183792612256e-12,5.8650659661117815e-15,ELECTRODE_ATTACHMENT,CONFIRMED,6.420754387943056e-05,22358646.11822388,8.491361847292573,2792526419073867.5,1.4954795425978418e-05,6.044276653688581e-12,5.920634525978958e-07,97954.39330802024,0.0300359579551853,-3.505754271481989e-13
818,7.37804885859445e-12,5.865065982194049e-15,ELECTRODE_ATTACHMENT,CONFIRMED,6.420884833631844e-05,22358646.09360393,8.491361837942414,2792418437795873.0,1.4954217156228628e-05,6.04427666498987e-12,5.920863473025144e-07,97958.18095687823,0.0300332944996699,-3.5095186548390436e-13
819,7.383913924592755e-12,5.865065998305757e-15,ELECTRODE_ATTACHMENT,CONFIRMED,6.421015162948239e-05,22358646.069047,8.491361828616188,2792306161825835.0,1.4953615887143174e-05,6.044276676262241e-12,5.921101544685695e-07,97962.11956907444,0.030030587755943,-3.5132826221820796e-13
820,7.389778990607202e-12,5.865066014446929e-15,ELECTRODE_ATTACHMENT,CONFIRMED,6.421145375460545e-05,22358646.044553265,8.491361819313964,2792189591717098.0,1.4952991621685362e-05,6.0442766875055995e-12,5.921348741986414e-07,97966.20916158099,0.0300278377307795,-3.517046166308537e-13
821,7.39564405663782e-12,5.865066030617566e-15,ELECTRODE_ATTACHMENT,CONFIRMED,6.421275470743141e-05,22358646.020122856,8.491361810035787,2792068728035778.0,1.4952344362886888e-05,6.044276698719887e-12,5.921605066010198e-07,97970.44975231409,0.0300250444310814,-3.5208092800137485e-13
822,7.401509122684637e-12,5.865066046817666e-15,ELECTRODE_ATTACHMENT,CONFIRMED,6.42140544837643e-05,22358645.995755937,8.491361800781723,2791943571360760.0,1.4951674113847849e-05,6.044276709905029e-12,5.921870517897047e-07,97974.8413601351,0.030022207863879,-3.524571956090971e-13
823,7.407374188747684e-12,5.8650660630472565e-15,ELECTRODE_ATTACHMENT,CONFIRMED,6.42153530794676e-05,22358645.97145272,8.491361791551855,2791814122283698.5,1.4950980877736689e-05,6.0442767210609355e-12,5.922145098844088e-07,97979.38400485065,0.0300193280363301,-3.528334187331417e-13
824,7.41323925482699e-12,5.865066079306322e-15,ELECTRODE_ATTACHMENT,CONFIRMED,6.421665049046376e-05,22358645.947213408,8.491361782346251,2791680381409017.0,1.4950264657790255e-05,6.044276732187506e-12,5.922428810105564e-07,97984.0777072124,0.0300164049557206,-3.532095966524266e-13
825,7.419104320922585e-12,5.865066095594869e-15,ELECTRODE_ATTACHMENT,CONFIRMED,6.421794671273361e-05,22358645.92303808,8.49136177316495,2791542349353909.0,1.4949525457313798e-05,6.0442767432847066e-12,5.922721652992833e-07,97988.92248891608,0.0300134386294635,-3.5358572864566907e-13
826,7.424969387034498e-12,5.865066111912912e-15,ELECTRODE_ATTACHMENT,CONFIRMED,6.421924174231558e-05,22358645.898927048,8.491361764008067,2791400026748335.0,1.49487632796809e-05,6.044276754352391e-12,5.923023628874405e-07,97993.9183726047,0.0300104290651004,-3.539618139913883e-13
827,7.430834453162758e-12,5.86506612826047e-15,ELECTRODE_ATTACHMENT,CONFIRMED,6.422053557530525e-05,22358645.87488033,8.49136175487561,2791253414235023.5,1.494797812833357e-05,6.044276765390556e-12,5.923334739175914e-07,97999.06538186414,0.0300073762702997,-3.54337851967908e-13
828,7.436699519307396e-12,5.865066144637521e-15,ELECTRODE_ATTACHMENT,CONFIRMED,6.42218282078547e-05,22358645.850898195,8.491361745767684,2791102512469471.0,1.4947170006782148e-05,6.0442767763990746e-12,5.92365498538017e-07,98004.36354122803,0.0300042802528583,-3.547138418533581e-13
829,7.442564585468438e-12,5.865066161044096e-15,ELECTRODE_ATTACHMENT,CONFIRMED,6.422311963617193e-05,22358645.8269808,8.491361736684336,2790947322119940.5,1.4946338918605368e-05,6.0442767873778745e-12,5.923984369027127e-07,98009.81287617482,0.0300011410207006,-3.550897829256785e-13
830,7.44842965164592e-12,5.865066177480176e-15,ELECTRODE_ATTACHMENT,CONFIRMED,6.422440985652028e-05,22358645.80312827,8.491361727625629,2790787843867462.0,1.4945484867450325e-05,6.0442767983268975e-12,5.924322891713924e-07,98015.41341312863,0.0299979585818785,-3.5546567446261894e-13
831,7.454294717839866e-12,5.865066193945789e-15,ELECTRODE_ATTACHMENT,CONFIRMED,6.422569886521787e-05,22358645.779340837,8.49136171859164,2790624078405830.0,1.4944607857032468e-05,6.044276809246045e-12,5.924670555094889e-07,98021.16517946048,0.0299947329445719,-3.5584151574174353e-13
832,7.460159784050306e-12,5.8650662104409294e-15,ELECTRODE_ATTACHMENT,CONFIRMED,6.422698665863699e-05,22358645.75561868,8.491361709582446,2790456026441605.0,1.494370789113563e-05,6.0442768201352235e-12,5.925027360881541e-07,98027.06820348752,0.0299914641170887,-3.5621730604043293e-13
833,7.466024850277272e-12,5.865066226965615e-15,ELECTRODE_ATTACHMENT,CONFIRMED,6.422827323320357e-05,22358645.731961917,8.491361700598084,2790283688694111.5,1.4942784973611974e-05,6.044276830994389e-12,5.925393310842621e-07,98033.12251447272,0.0299881521078638,-3.5659304463588553e-13
834,7.471889916520792e-12,5.86506624351983e-15,ELECTRODE_ATTACHMENT,CONFIRMED,6.422955858539664e-05,22358645.708370764,8.491361691638643,2790107065895437.0,1.4941839108382038e-05,6.044276841823432e-12,5.925768406804085e-07,98039.32814262698,0.0299847969254604,-3.569687308051212e-13
835,7.477754982780894e-12,5.8650662601035904e-15,ELECTRODE_ATTACHMENT,CONFIRMED,6.423084271174774e-05,22358645.684845377,8.491361682704177,2789926158790434.0,1.49408702994347e-05,6.04427685262229e-12,5.926152650649143e-07,98045.68511910737,0.0299813985785693,-3.573443638249817e-13
836,7.483620049057614e-12,5.865066276716913e-15,ELECTRODE_ATTACHMENT,CONFIRMED,6.423212560884034e-05,22358645.66138592,8.49136167379475,2789740968136713.0,1.4939878550827173e-05,6.0442768633908816e-12,5.92654604431826e-07,98052.19347601869,0.0299779570760088,-3.577199429721359e-13
837,7.489485115350973e-12,5.865066293359783e-15,ELECTRODE_ATTACHMENT,CONFIRMED,6.423340727330946e-05,22358645.637992576,8.49136166491043,2789551494704650.0,1.4938863866685015e-05,6.044276874129129e-12,5.926948589809177e-07,98058.85324641324,0.0299744724267252,-3.580954675230793e-13
838,7.495350181661004e-12,5.865066310032227e-15,ELECTRODE_ATTACHMENT,CONFIRMED,6.423468770184094e-05,22358645.614665512,8.491361656051286,2789357739277377.0,1.4937826251202134e-05,6.044276884836951e-12,5.927360289176917e-07,98065.66446429119,0.0299709446397923,-3.584709367541383e-13
839,7.501215247987738e-12,5.8650663267342345e-15,ELECTRODE_ATTACHMENT,CONFIRMED,6.423596689117103e-05,22358645.591404915,8.49136164721738,2789159702650789.0,1.493676570864074e-05,6.044276895514263e-12,5.927781144533825e-07,98072.62716460104,0.0299673737244117,-3.5884634994147197e-13
840,7.507080314331203e-12,5.865066343465819e-15,ELECTRODE_ATTACHMENT,CONFIRMED,6.423724483808586e-05,22358645.568210937,8.491361638408774,2788957385633535.5,1.4935682243331392e-05,6.044276906160991e-12,5.928211158049571e-07,98079.74138323953,0.0299637596899127,-3.592217063610736e-13
841,7.51294538069143e-12,5.865066360226984e-15,ELECTRODE_ATTACHMENT,CONFIRMED,6.423852153942087e-05,22358645.545083813,8.49136162962556,2788750789047026.0,1.493457585967294e-05,6.0442769167770335e-12,5.928650331951177e-07,98087.00715705277,0.0299601025457522,-3.5959700528877497e-13
842,7.518810447068448e-12,5.8650663770177306e-15,ELECTRODE_ATTACHMENT,CONFIRMED,6.423979699206034e-05,22358645.52202357,8.491361620867746,2788539913725424.5,1.493344656213258e-05,6.044276927362377e-12,5.929098668523024e-07,98094.4245238344,0.0299564023015146,-3.599722460002465e-13
843,7.524675513462287e-12,5.865066393838064e-15,ELECTRODE_ATTACHMENT,CONFIRMED,6.42410711929369e-05,22358645.49903055,8.491361612135462,2788324760515651.0,1.4932294355245784e-05,6.044276937916862e-12,5.929556170106897e-07,98101.99352233017,0.0299526589669125,-3.6034742777100124e-13
844,7.530540579872974e-12,5.865066410687998e-15,ELECTRODE_ATTACHMENT,CONFIRMED,6.424234413903102e-05,22358645.476104837,8.491361603428738,2788105330277378.5,1.493111924361634e-05,6.044276948440453e-12,5.930022839101983e-07,98109.71419223354,0.0299488725517857,-3.607225498763966e-13
845,7.536405646300541e-12,5.8650664275675335e-15,ELECTRODE_ATTACHMENT,CONFIRMED,6.424361582737044e-05,22358645.453246605,8.491361594747644,2787881623883032.5,1.4929921231916332e-05,6.044276958933064e-12,5.930498677964907e-07,98117.58657418899,0.0299450430661016,-3.610976115916368e-13
846,7.542270712745017e-12,5.8650664444766645e-15,ELECTRODE_ATTACHMENT,CONFIRMED,6.424488625502979e-05,22358645.430456065,8.491361586092257,2787653642217790.5,1.4928700324886114e-05,6.044276969394605e-12,5.930983689209762e-07,98125.61070979199,0.0299411705199556,-3.614726121917754e-13
847,7.548135779206435e-12,5.8650664614154124e-15,ELECTRODE_ATTACHMENT,CONFIRMED,6.424615541913009e-05,22358645.407733317,8.491361577462618,2787421386179579.5,1.492745652733434e-05,6.044276979825031e-12,5.93147787540811e-07,98133.78664158787,0.0299372549235703,-3.6184755095171645e-13
848,7.554000845684818e-12,5.865066478383772e-15,ELECTRODE_ATTACHMENT,CONFIRMED,6.424742331683818e-05,22358645.385078575,8.491361568858807,2787184856679075.5,1.4926189844137935e-05,6.044276990224232e-12,5.931981239189025e-07,98142.11441307489,0.0299332962872962,-3.6222242714621924e-13
849,7.559865912180198e-12,5.865066495381762e-15,ELECTRODE_ATTACHMENT,CONFIRMED,6.424868994536633e-05,22358645.36249209,8.491361560280913,2786944054639701.0,1.492490028024207e-05,6.044277000592107e-12,5.932493783239129e-07,98150.59406870288,0.0299292946216117,-3.625972400499e-13
850,7.565730978692608e-12,5.865066512409356e-15,ELECTRODE_ATTACHMENT,CONFIRMED,6.424995530197175e-05,22358645.339973893,8.49136155172896,2786698980997625.0,1.4923587840660192e-05,6.044277010928635e-12,5.933015510302587e-07,98159.22565387264,0.0299252499371219,-3.629719889372306e-13
851,7.571596045222075e-12,5.865066529466599e-15,ELECTRODE_ATTACHMENT,CONFIRMED,6.425121938395617e-05,22358645.31752422,8.491361543203027,2786449636701762.0,1.4922252530473995e-05,6.044277021233707e-12,5.93354642318116e-07,98168.00921493923,0.0299211622445602,-3.633466730825471e-13
852,7.577461111768629e-12,5.865066546553447e-15,ELECTRODE_ATTACHMENT,CONFIRMED,6.42524821886653e-05,22358645.295143276,8.491361534703195,2786196022713767.0,1.4920894354833411e-05,6.044277031507235e-12,5.934086524734232e-07,98176.94479921072,0.0299170315547874,-3.637212917600465e-13
853,7.583326178332298e-12,5.86506656366996e-15,ELECTRODE_ATTACHMENT,CONFIRMED,6.42537437134884e-05,22358645.2728312,8.491361526229522,2785938140008038.0,1.4919513318956608e-05,6.044277041749144e-12,5.93463581787882e-07,98186.03245494861,0.029912857878792,-3.640958442437936e-13
854,7.589191244913114e-12,5.8650665808161045e-15,ELECTRODE_ATTACHMENT,CONFIRMED,6.425500395585785e-05,22358645.250588167,8.49136151778207,2785675989571712.5,1.491810942812998e-05,6.044277051959361e-12,5.93519430558963e-07,98195.27223136848,0.0299086412276896,-3.6447032980771973e-13
855,7.595056311511106e-12,5.86506659799191e-15,ELECTRODE_ATTACHMENT,CONFIRMED,6.425626291324871e-05,22358645.22841435,8.4913615093609,2785409572404666.5,1.491668268770814e-05,6.044277062137811e-12,5.935761990899061e-07,98204.6641786409,0.0299043816127236,-3.648447477256279e-13
856,7.600921378126303e-12,5.8650666151973536e-15,ELECTRODE_ATTACHMENT,CONFIRMED,6.425752058317827e-05,22358645.206309967,8.491361500966102,2785138889519512.0,1.4915233103113904e-05,6.044277072284384e-12,5.936338876897258e-07,98214.2083478921,0.0299000790452653,-3.652190972711929e-13
857,7.606786444758735e-12,5.865066632432464e-15,ELECTRODE_ATTACHMENT,CONFIRMED,6.425877696320561e-05,22358645.184275117,8.49136149259771,2784863941941595.5,1.4913760679838291e-05,6.0442770823990414e-12,5.936924966732138e-07,98223.90479120302,0.0298957335368126,-3.655933777179658e-13
858,7.612651511408432e-12,5.8650666496972244e-15,ELECTRODE_ATTACHMENT,CONFIRMED,6.42600320509312e-05,22358645.16230994,8.491361484255782,2784584730708997.0,1.4912265423440502e-05,6.044277092481715e-12,5.937520263609416e-07,98233.75356161133,0.0298913450989915,-3.6596758833937403e-13
859,7.618516578075425e-12,5.8650666669916484e-15,ELECTRODE_ATTACHMENT,CONFIRMED,6.426128584399638e-05,22358645.14041472,8.491361475940419,2784301256872528.0,1.491074733954792e-05,6.044277102532281e-12,5.938124770792645e-07,98243.7547131126,0.0298869137435556,-3.663417284087262e-13
860,7.624381644759741e-12,5.865066684315741e-15,ELECTRODE_ATTACHMENT,CONFIRMED,6.426253834008309e-05,22358645.118589576,8.49136146765167,2784013521495729.0,1.4909206433856106e-05,6.044277112550675e-12,5.938738491603245e-07,98253.90830065875,0.0298824394823856,-3.6671579719921236e-13
861,7.63024671146141e-12,5.865066701669515e-15,ELECTRODE_ATTACHMENT,CONFIRMED,6.426378953691332e-05,22358645.096834667,8.491361459389596,2783721525654868.0,1.4907642712128774e-05,6.044277122536831e-12,5.939361429420552e-07,98264.21438015987,0.0298779223274896,-3.6708979398390757e-13
862,7.636111778180463e-12,5.865066719052965e-15,ELECTRODE_ATTACHMENT,CONFIRMED,6.426503943224875e-05,22358645.075150207,8.491361451154274,2783425270438939.0,1.4906056180197783e-05,6.044277132490649e-12,5.939993587681834e-07,98274.67300848525,0.0298733622910036,-3.674637180357742e-13
863,7.64197684491693e-12,5.865066736466103e-15,ELECTRODE_ATTACHMENT,CONFIRMED,6.426628802389037e-05,22358645.05353634,8.491361442945767,2783124756949659.0,1.4904446843963144e-05,6.044277142412059e-12,5.940634969882345e-07,98285.28424346284,0.0298687593851905,-3.6783756862766404e-13
864,7.647841911670839e-12,5.865066753908909e-15,ELECTRODE_ATTACHMENT,CONFIRMED,6.4267535309678e-05,22358645.03199322,8.491361434764125,2782819986301467.0,1.4902814709392976e-05,6.044277152301e-12,5.941285579575357e-07,98296.04814388044,0.0298641136224407,-3.682113450323201e-13
865,7.653706978442221e-12,5.865066771381408e-15,ELECTRODE_ATTACHMENT,CONFIRMED,6.426878128748995e-05,22358645.010521047,8.491361426609426,2782510959621522.0,1.4901159782523543e-05,6.04427716215737e-12,5.941945420372189e-07,98306.96476948692,0.0298594250152721,-3.685850465223796e-13
866,7.659572045231104e-12,5.865066788883615e-15,ELECTRODE_ATTACHMENT,CONFIRMED,6.427002595524261e-05,22358644.989119995,8.491361418481741,2782197678049700.0,1.4899482069459184e-05,6.044277171981095e-12,5.942614495942265e-07,98318.03418099192,0.0298546935763299,-3.689586723703777e-13
867,7.66543711203752e-12,5.865066806415509e-15,ELECTRODE_ATTACHMENT,CONFIRMED,6.427126931089007e-05,22358644.967790224,8.491361410381122,2781880142738592.5,1.489778157637236e-05,6.044277181772099e-12,5.943292810013135e-07,98329.25644006688,0.0298499193183867,-3.693322218487466e-13
868,7.6713021788615e-12,5.865066823977107e-15,ELECTRODE_ATTACHMENT,CONFIRMED,6.427251135242371e-05,22358644.94653188,8.491361402307636,2781558354853504.5,1.48960583095036e-05,6.044277191530319e-12,5.943980366370532e-07,98340.6316093456,0.0298451022543421,-3.6970569422982134e-13
869,7.677167245703066e-12,5.865066841568403e-15,ELECTRODE_ATTACHMENT,CONFIRMED,6.427375207787183e-05,22358644.925345205,8.491361394261363,2781232315572451.5,1.4894312275161504e-05,6.04427720125564e-12,5.944677168858402e-07,98352.15975242584,0.0298402423972235,-3.700790887858394e-13
870,7.683032312562255e-12,5.865066859189404e-15,ELECTRODE_ATTACHMENT,CONFIRMED,6.427499148529925e-05,22358644.904230308,8.491361386242353,2780902026086158.5,1.489254347972274e-05,6.044277210948008e-12,5.945383221378946e-07,98363.84093386824,0.0298353397601851,-3.704524047889446e-13
871,7.688897379439094e-12,5.8650668768401256e-15,ELECTRODE_ATTACHMENT,CONFIRMED,6.427622957280695e-05,22358644.88318736,8.491361378250666,2780567487598056.0,1.4890751929632011e-05,6.044277220607355e-12,5.946098527892681e-07,98375.67521919837,0.0298303943565085,-3.708256415111899e-13
872,7.694762446333616e-12,5.865066894520559e-15,ELECTRODE_ATTACHMENT,CONFIRMED,6.427746633853171e-05,22358644.862216577,8.491361370286388,2780228701324279.5,1.4888937631402068e-05,6.044277230233572e-12,5.946823092418458e-07,98387.66267490765,0.0298254061996029,-3.711987982245385e-13
873,7.700627513245845e-12,5.86506691223071e-15,ELECTRODE_ATTACHMENT,CONFIRMED,6.427870178064572e-05,22358644.84131806,8.491361362349553,2779885668493666.0,1.488710059161368e-05,6.044277239826617e-12,5.947556919033525e-07,98399.80336845256,0.029820375303004,-3.715718742008657e-13
874,7.706492580175817e-12,5.8650669299706e-15,ELECTRODE_ATTACHMENT,CONFIRMED,6.427993589735626e-05,22358644.82049212,8.491361354440281,2779538390347752.0,1.4885240816915609e-05,6.044277249386348e-12,5.948300011873568e-07,98412.09736825811,0.0298153016803757,-3.719448687119657e-13
875,7.712357647123556e-12,5.8650669477401946e-15,ELECTRODE_ATTACHMENT,CONFIRMED,6.428116868690527e-05,22358644.79973878,8.491361346558582,2779186868140770.5,1.4883358314024632e-05,6.044277258912754e-12,5.949052375132751e-07,98424.54474371459,0.0298101853455078,-3.72317781029546e-13
876,7.718222714089096e-12,5.865066965539528e-15,ELECTRODE_ATTACHMENT,CONFIRMED,6.428240014756903e-05,22358644.779058263,8.491361338704541,2778831103139649.0,1.4881453089725508e-05,6.044277268405733e-12,5.949814013063773e-07,98437.14556518226,0.0298050263123182,-3.7269061042523746e-13
877,7.724087781072464e-12,5.8650669833685996e-15,ELECTRODE_ATTACHMENT,CONFIRMED,6.42836302776578e-05,22358644.758450773,8.491361330878233,2778471096624008.5,1.4879525150870953e-05,6.044277277865191e-12,5.950584929977913e-07,98449.89990399034,0.0297998245948516,-3.7306335617059323e-13
878,7.729952848073691e-12,5.8650670012273976e-15,ELECTRODE_ATTACHMENT,CONFIRMED,6.428485907551554e-05,22358644.73791643,8.491361323079705,2778106849886156.0,1.4877574504381644e-05,6.044277287291073e-12,5.951365130245071e-07,98462.80783243742,0.0297945802072798,-3.734360175370907e-13
879,7.735817915092807e-12,5.865067019115929e-15,ELECTRODE_ATTACHMENT,CONFIRMED,6.428608653951941e-05,22358644.71745548,8.49136131530905,2777738364231088.0,1.4875601157246205e-05,6.044277296683259e-12,5.952154618293828e-07,98475.86942379392,0.029789293163902,-3.7380859379613516e-13
880,7.741682982129842e-12,5.865067037034213e-15,ELECTRODE_ATTACHMENT,CONFIRMED,6.42873126680796e-05,22358644.697067976,8.491361307566287,2777365640976483.5,1.4873605116521167e-05,6.044277306041736e-12,5.952953398611496e-07,98489.08475230024,0.0297839634791436,-3.7418108421906105e-13
881,7.747548049184822e-12,5.865067054982236e-15,ELECTRODE_ATTACHMENT,CONFIRMED,6.428853745963884e-05,22358644.67675417,8.491361299851514,2776988681452703.5,1.4871586389331003e-05,6.044277315366381e-12,5.953761475744152e-07,98502.45389317082,0.029778591167558,-3.745534880771351e-13
882,7.753413116257784e-12,5.865067072960018e-15,ELECTRODE_ATTACHMENT,CONFIRMED,6.428976091267218e-05,22358644.656514224,8.49136129216479,2776607487002787.5,1.4869544982868053e-05,6.044277324657127e-12,5.954578854296722e-07,98515.97692259279,0.029773176243825,-3.7492580464155977e-13
883,7.759278183348752e-12,5.8650670909675444e-15,ELECTRODE_ATTACHMENT,CONFIRMED,6.429098302568662e-05,22358644.636348367,8.491361284506207,2776222058982450.5,1.4867480904392551e-05,6.0442773339138605e-12,5.955405538933e-07,98529.65391772792,0.0297677187227519,-3.7529803318347324e-13
884,7.765143250457756e-12,5.865067109004817e-15,ELECTRODE_ATTACHMENT,CONFIRMED,6.429220379722074e-05,22358644.616256643,8.491361276875777,2775832398760080.5,1.4865394161232617e-05,6.044277343136564e-12,5.956241534375719e-07,98543.48495671178,0.0297622186192722,-3.756701729739525e-13
885,7.771008317584827e-12,5.865067127071865e-15,ELECTRODE_ATTACHMENT,CONFIRMED,6.429342322584446e-05,22358644.59623929,8.49136126927359,2775438507716735.5,1.4863284760784192e-05,6.044277352325129e-12,5.957086845406607e-07,98557.47011865728,0.0297566759484469,-3.760422232840176e-13
886,7.776873384729996e-12,5.865067145168653e-15,ELECTRODE_ATTACHMENT,CONFIRMED,6.429464131015859e-05,22358644.576296527,8.491361261699733,2775040387246141.0,1.486115271051108e-05,6.044277361479456e-12,5.957941476866435e-07,98571.609483654,0.0297510907254639,-3.764141833846317e-13
887,7.782738451893292e-12,5.8650671632952094e-15,ELECTRODE_ATTACHMENT,CONFIRMED,6.429585804879469e-05,22358644.556428447,8.491361254154238,2774638038754687.5,1.4858998017944877e-05,6.044277370599502e-12,5.958805433655081e-07,98585.90313276864,0.0297454629656377,-3.7678605254670396e-13
888,7.788603519074744e-12,5.865067181451541e-15,ELECTRODE_ATTACHMENT,CONFIRMED,6.429707344041455e-05,22358644.53663524,8.491361246637178,2774231463661424.0,1.4856820690685017e-05,6.0442773796851775e-12,5.95967872073157e-07,98600.35114804716,0.0297397926844097,-3.771578300410931e-13
889,7.794468586274381e-12,5.865067199637633e-15,ELECTRODE_ATTACHMENT,CONFIRMED,6.429828748371008e-05,22358644.516917154,8.491361239148647,2773820663398060.5,1.4854620736398687e-05,6.044277388736372e-12,5.96056134311416e-07,98614.95361251588,0.0297340798973484,-3.7752951513860925e-13
890,7.800333653492234e-12,5.865067217853499e-15,ELECTRODE_ATTACHMENT,CONFIRMED,6.429950017740286e-05,22358644.497274257,8.49136123168867,2773405639408961.0,1.4852398162820884e-05,6.0442773977530534e-12,5.961453305880364e-07,98629.71061018016,0.0297283246201487,-3.7790110711001466e-13
891,7.806198720728333e-12,5.8650672360991335e-15,ELECTRODE_ATTACHMENT,CONFIRMED,6.430071152024389e-05,22358644.477706745,8.491361224257325,2772986393151141.0,1.4850152977754332e-05,6.044277406735128e-12,5.962354614167044e-07,98644.62222602824,0.0297225268686324,-3.782726052260289e-13
892,7.81206378798271e-12,5.8650672543745415e-15,ELECTRODE_ATTACHMENT,CONFIRMED,6.430192151101324e-05,22358644.458214805,8.491361216854681,2772562926094266.5,1.4847885189069509e-05,6.044277415682515e-12,5.963265273170449e-07,98659.68854603078,0.0297166866587482,-3.7864400875732906e-13
893,7.817928855255387e-12,5.865067272679732e-15,ELECTRODE_ATTACHMENT,CONFIRMED,6.430313014851983e-05,22358644.43879859,8.491361209480795,2772135239720647.0,1.4845594804704593e-05,6.044277424595139e-12,5.964185288146282e-07,98674.909657142,0.0297108040065713,-3.790153169745529e-13
894,7.823793922546402e-12,5.865067291014703e-15,ELECTRODE_ATTACHMENT,CONFIRMED,6.430433743160109e-05,22358644.41945833,8.491361202135753,2771703335525236.0,1.484328183266549e-05,6.044277433472903e-12,5.965114664409768e-07,98690.28564730112,0.0297048789283038,-3.7938652914830146e-13
895,7.829658989855779e-12,5.865067309379455e-15,ELECTRODE_ATTACHMENT,CONFIRMED,6.430554335912266e-05,22358644.40019415,8.491361194819609,2771267215015625.0,1.4840946281025782e-05,6.044277442315736e-12,5.966053407335705e-07,98705.81660543261,0.0296989114402741,-3.79757644549141e-13
896,7.835524057183553e-12,5.865067327773985e-15,ELECTRODE_ATTACHMENT,CONFIRMED,6.43067479299781e-05,22358644.38100619,8.491361187532409,2770826879712042.5,1.4838588157926716e-05,6.044277451123589e-12,5.967001522358532e-07,98721.50262144745,0.0296929015589374,-3.801286624476051e-13
897,7.841389124529755e-12,5.865067346198319e-15,ELECTRODE_ATTACHMENT,CONFIRMED,6.43079511430886e-05,22358644.36189468,8.491361180274243,2770382331147348.5,1.483620747157719e-05,6.044277459896344e-12,5.967959014972402e-07,98737.34378624553,0.0296868493008757,-3.8049958211419917e-13
898,7.847254191894406e-12,5.865067364652422e-15,ELECTRODE_ATTACHMENT,CONFIRMED,6.430915299740274e-05,22358644.342859764,8.491361173045167,2769933570867033.0,1.4833804230253751e-05,6.044277468633944e-12,5.968925890731226e-07,98753.34019171448,0.0296807546827971,-3.808704028193981e-13
899,7.853119259277543e-12,5.865067383136343e-15,ELECTRODE_ATTACHMENT,CONFIRMED,6.431035349189615e-05,22358644.32390161,8.491361165845245,2769480600429210.5,1.483137844230054e-05,6.0442774773363045e-12,5.969902155248762e-07,98769.49193073247,0.0296746177215365,-3.8124112383365554e-13
900,7.858984326679193e-12,5.865067401650028e-15,ELECTRODE_ATTACHMENT,CONFIRMED,6.431155262557127e-05,22358644.3050204,8.491361158674541,2769023421404618.0,1.4828930116129294e-05,6.0442774860033495e-12,5.970887814198666e-07,98785.79909716864,0.0296684384340554,-3.8161174442739925e-13
901,7.864849394099387e-12,5.865067420193514e-15,ELECTRODE_ATTACHMENT,CONFIRMED,6.431275039745704e-05,22358644.286216255,8.491361151533109,2768562035376611.5,1.482645926021934e-05,6.044277494635012e-12,5.971882873314564e-07,98802.26178588415,0.0296622168374413,-3.819822638710376e-13
902,7.870714461538153e-12,5.8650674387668015e-15,ELECTRODE_ATTACHMENT,CONFIRMED,6.431394680660865e-05,22358644.26748941,8.491361144421033,2768096443941161.0,1.4823965883117549e-05,6.044277503231198e-12,5.972887338390126e-07,98818.88009273389,0.0296559529489086,-3.8235268143496157e-13
903,7.876579528995523e-12,5.865067457369892e-15,ELECTRODE_ATTACHMENT,CONFIRMED,6.431514185210729e-05,22358644.248840056,8.491361137338382,2767626648706850.5,1.4821449993438338e-05,6.044277511791815e-12,5.973901215279122e-07,98835.6541145671,0.029649646785798,-3.8272299638954633e-13
904,7.882444596471526e-12,5.865067476002779e-15,ELECTRODE_ATTACHMENT,CONFIRMED,6.431633553305984e-05,22358644.230268303,8.491361130285208,2767152651294868.5,1.481891159986364e-05,6.044277520316806e-12,5.974924509895501e-07,98852.58394922822,0.0296432983655764,-3.8309320800515293e-13
905,7.888309663966192e-12,5.865067494665477e-15,ELECTRODE_ATTACHMENT,CONFIRMED,6.431752784859864e-05,22358644.21177432,8.491361123261564,2766674453339009.0,1.4816350711142882e-05,6.0442775288061e-12,5.975957228213464e-07,98869.66969555862,0.0296369077058368,-3.834633155521329e-13
906,7.89417473147955e-12,5.86506751335798e-15,ELECTRODE_ATTACHMENT,CONFIRMED,6.431871879788118e-05,22358644.193358324,8.491361116267543,2766192056485667.0,1.4813767336092982e-05,6.044277537259595e-12,5.976999376267526e-07,98886.91145339808,0.029630474824299,-3.83833318300829e-13
907,7.90003979901163e-12,5.865067532080279e-15,ELECTRODE_ATTACHMENT,CONFIRMED,6.431990838008986e-05,22358644.175020427,8.491361109303181,2765705462393833.0,1.48111614835983e-05,6.044277545677241e-12,5.978050960152598e-07,98904.3093235848,0.0296239997388087,-3.8420321552157714e-13
908,7.905904866562463e-12,5.865067550832385e-15,ELECTRODE_ATTACHMENT,CONFIRMED,6.432109659443184e-05,22358644.156760816,8.49136110236855,2765214672735092.0,1.4808533162610655e-05,6.044277554058949e-12,5.979111986024051e-07,98921.86340795789,0.0296174824673379,-3.845730064847099e-13
909,7.911769934132075e-12,5.865067569614308e-15,ELECTRODE_ATTACHMENT,CONFIRMED,6.432228344013857e-05,22358644.138579696,8.491361095463727,2764719689193615.0,1.4805882382149255e-05,6.0442775624046315e-12,5.9801824600978e-07,98939.57380935807,0.0296109230279848,-3.8494269046055914e-13
910,7.917635001720503e-12,5.865067588426041e-15,ELECTRODE_ATTACHMENT,CONFIRMED,6.432346891646574e-05,22358644.120477248,8.491361088588786,2764220513466161.0,1.4803209151300729e-05,6.0442775707141995e-12,5.98126238865037e-07,98957.44063162898,0.0296043214389739,-3.8531226671945734e-13
911,7.92350006932777e-12,5.865067607267576e-15,ELECTRODE_ATTACHMENT,CONFIRMED,6.43246530226929e-05,22358644.102453616,8.491361081743772,2763717147262068.5,1.480051347921908e-05,6.044277578987589e-12,5.982351778018973e-07,98975.46397961772,0.0295976777186555,-3.8568173453174004e-13
912,7.929365136953908e-12,5.865067626138931e-15,ELECTRODE_ATTACHMENT,CONFIRMED,6.432583575812329e-05,22358644.084508948,8.49136107492875,2763209592303253.0,1.479779537512564e-05,6.044277587224729e-12,5.983450634601592e-07,98993.64395917715,0.029590991885506,-3.86051093167749e-13
913,7.935230204598948e-12,5.865067645040106e-15,ELECTRODE_ATTACHMENT,CONFIRMED,6.432701712208356e-05,22358644.06664341,8.491361068143782,2762697850324205.0,1.479505484830911e-05,6.04427759542555e-12,5.984558964857049e-07,99011.98067716647,0.0295842639581279,-3.864203418978338e-13
914,7.94109527226292e-12,5.8650676639711e-15,ELECTRODE_ATTACHMENT,CONFIRMED,6.432819711392353e-05,22358644.048857197,8.491361061388934,2762181923071981.0,1.4792291908125476e-05,6.044277603589957e-12,5.985676775305085e-07,99030.47424145331,0.0295774939552498,-3.867894799923564e-13
915,7.946960339945851e-12,5.865067682931889e-15,ELECTRODE_ATTACHMENT,CONFIRMED,6.432937573301599e-05,22358644.03115052,8.491361054664294,2761661812306205.0,1.4789506563998026e-05,6.044277611717856e-12,5.986804072526449e-07,99049.1247609146,0.0295706818957264,-3.871585067216884e-13
916,7.952825407647774e-12,5.86506770192252e-15,ELECTRODE_ATTACHMENT,CONFIRMED,6.433055297875633e-05,22358644.01352348,8.491361047969903,2761137519799061.0,1.478669882541731e-05,6.044277619809194e-12,5.987940863162957e-07,99067.93234543693,0.0295638277985376,-3.875274213562196e-13
917,7.958690475368718e-12,5.86506772094296e-15,ELECTRODE_ATTACHMENT,CONFIRMED,6.433172885056252e-05,22358643.99597628,8.491361041305833,2760609047335290.0,1.4783868701941118e-05,6.044277627863888e-12,5.9890871539176e-07,99086.89710591946,0.02955693168279,-3.878962231663562e-13
918,7.96455554310871e-12,5.865067739993227e-15,ELECTRODE_ATTACHMENT,CONFIRMED,6.433290334787473e-05,22358643.978509057,8.491361034672137,2760076396712185.0,1.4781016203194476e-05,6.044277635881868e-12,5.990242951554599e-07,99106.01915427424,0.0295499935677155,-3.8826491142252537e-13
919,7.970420610867783e-12,5.865067759073307e-15,ELECTRODE_ATTACHMENT,CONFIRMED,6.433407647015509e-05,22358643.961122,8.491361028068884,2759539569739587.0,1.4778141338869595e-05,6.0442776438630485e-12,5.991408262899502e-07,99125.29860342822,0.029543013472672,-3.8863348539517524e-13
920,7.976285678645967e-12,5.8650677781832084e-15,ELECTRODE_ATTACHMENT,CONFIRMED,6.433524821688753e-05,22358643.94381529,8.491361021496145,2758998568239881.0,1.4775244118725871e-05,6.044277651807346e-12,5.992583094839271e-07,99144.73556732424,0.0295359914171432,-3.890019443547801e-13
921,7.98215074644329e-12,5.865067797322946e-15,ELECTRODE_ATTACHMENT,CONFIRMED,6.433641858757751e-05,22358643.92658913,8.491361014953997,2758453394047993.0,1.4772324552589848e-05,6.0442776597146725e-12,5.993767454322352e-07,99164.33016092272,0.0295289274207385,-3.893702875718419e-13
922,7.988015814259782e-12,5.86506781649249e-15,ELECTRODE_ATTACHMENT,CONFIRMED,6.433758758175187e-05,22358643.90944364,8.491361008442485,2757904049011381.0,1.47693826503552e-05,6.0442776675849705e-12,5.994961348358769e-07,99184.0825002021,0.0295218215031927,-3.897385143168904e-13
923,7.993880882095474e-12,5.865067835691869e-15,ELECTRODE_ATTACHMENT,CONFIRMED,6.433875519895846e-05,22358643.892378982,8.491361001961673,2757350534990038.0,1.4766418421982718e-05,6.0442776754181584e-12,5.996164784020208e-07,99203.9927021615,0.0295146736843666,-3.9010662386048884e-13
924,7.999745949950395e-12,5.865067854921071e-15,ELECTRODE_ATTACHMENT,CONFIRMED,6.433992143876612e-05,22358643.875395373,8.491360995511641,2756792853856479.0,1.4763431877500248e-05,6.044277683214147e-12,5.997377768440109e-07,99224.06088482193,0.0295074839842464,-3.9047461547323406e-13
925,8.005611017824575e-12,5.865067874180109e-15,ELECTRODE_ATTACHMENT,CONFIRMED,6.434108630076425e-05,22358643.85849292,8.49136098909243,2756231007495744.0,1.4760423027002732e-05,6.044277690972882e-12,5.99860030881374e-07,99244.2871672266,0.0295002524229438,-3.908424884257605e-13
926,8.011476085718044e-12,5.865067893468969e-15,ELECTRODE_ATTACHMENT,CONFIRMED,6.434224978456279e-05,22358643.84167184,8.491360982704121,2755664997805388.5,1.4757391880652108e-05,6.044277698694267e-12,5.999832412398298e-07,99264.67166944413,0.0294929790206961,-3.9121024198874133e-13
927,8.017341153630832e-12,5.8650679127876475e-15,ELECTRODE_ATTACHMENT,CONFIRMED,6.43434118897919e-05,22358643.824932262,8.49136097634677,2755094826695481.0,1.4754338448677358e-05,6.044277706378232e-12,6.001074086512994e-07,99285.21451256864,0.029485663797866,-3.9157787543289053e-13
928,8.023206221562968e-12,5.865067932136165e-15,ELECTRODE_ATTACHMENT,CONFIRMED,6.434457261610172e-05,22358643.808274455,8.491360970020475,2754520496088599.5,1.4751262741374406e-05,6.044277714024668e-12,6.002325338539145e-07,99305.91581872255,0.0294783067749419,-3.9194538802896764e-13
929,8.029071289514483e-12,5.865067951514494e-15,ELECTRODE_ATTACHMENT,CONFIRMED,6.434573196316225e-05,22358643.79169846,8.491360963725246,2753942007919823.0,1.4748164769106188e-05,6.044277721633549e-12,6.003586175920252e-07,99326.77571105554,0.0294709079725369,-3.92312779047776e-13
930,8.034936357485406e-12,5.865067970922665e-15,ELECTRODE_ATTACHMENT,CONFIRMED,6.434688993066315e-05,22358643.77520448,8.491360957461165,2753359364136731.0,1.4745044542302528e-05,6.044277729204784e-12,6.004856606162118e-07,99347.79431374918,0.02946346741139,-3.9268004776017e-13
931,8.040801425475766e-12,5.865067990360668e-15,ELECTRODE_ATTACHMENT,CONFIRMED,6.43480465183134e-05,22358643.758792736,8.491360951228316,2752772566699396.0,1.4741902071460186e-05,6.044277736738263e-12,6.006136636832911e-07,99368.97175201724,0.0294559851123654,-3.9304719343705413e-13
932,8.046666493485595e-12,5.865068009828503e-15,ELECTRODE_ATTACHMENT,CONFIRMED,6.434920172584123e-05,22358643.742463358,8.491360945026747,2752181617580380.0,1.4738737367142788e-05,6.044277744233941e-12,6.007426275563286e-07,99390.30815210615,0.0294484610964524,-3.9341421534938613e-13
933,8.052531561514923e-12,5.865068029326159e-15,ELECTRODE_ATTACHMENT,CONFIRMED,6.43503555529939e-05,22358643.72621652,8.491360938856527,2751586518764729.0,1.4735550439980832e-05,6.04427775169173e-12,6.008725530046448e-07,99411.80364129807,0.0294408953847655,-3.937811127681806e-13
934,8.058396629563775e-12,5.865068048853641e-15,ELECTRODE_ATTACHMENT,CONFIRMED,6.435150799953745e-05,22358643.710052416,8.491360932717729,2750987272249970.5,1.473234130067164e-05,6.044277759111537e-12,6.010034408038282e-07,99433.45834791203,0.0294332879985444,-3.941478849645086e-13
935,8.064261697632186e-12,5.865068068410953e-15,ELECTRODE_ATTACHMENT,CONFIRMED,6.435265906525655e-05,22358643.693971217,8.491360926610414,2750383880046103.5,1.472910995997934e-05,6.044277766493293e-12,6.011352917357418e-07,99455.27240130499,0.0294256389591541,-3.9451453120950283e-13
936,8.070126765720184e-12,5.865068087998109e-15,ELECTRODE_ATTACHMENT,CONFIRMED,6.435380874995427e-05,22358643.67797301,8.491360920534618,2749776344175598.0,1.4725856428734842e-05,6.0442777738369535e-12,6.012681065885347e-07,99477.24593187336,0.0294179482880839,-3.948810507743585e-13
937,8.075991833827799e-12,5.865068107615096e-15,ELECTRODE_ATTACHMENT,CONFIRMED,6.435495705345194e-05,22358643.662058048,8.491360914490437,2749164666673389.0,1.4722580717835802e-05,6.044277781142397e-12,6.014018861566517e-07,99499.37907105648,0.0294102160069491,-3.952474429303376e-13
938,8.081856901955061e-12,5.865068127261896e-15,ELECTRODE_ATTACHMENT,CONFIRMED,6.435610397558887e-05,22358643.646226503,8.491360908477937,2748548849586871.0,1.47192828382466e-05,6.0442777884095534e-12,6.015366312408422e-07,99521.67195133599,0.0294024421374894,-3.9561370694876813e-13
939,8.087721970101999e-12,5.865068146938537e-15,ELECTRODE_ATTACHMENT,CONFIRMED,6.43572495162223e-05,22358643.63047849,8.49136090249716,2747928894975893.0,1.4715962800998325e-05,6.044277795638366e-12,6.016723426481709e-07,99544.12470623801,0.0293946267015692,-3.9597984210104883e-13
940,8.093587038268644e-12,5.865068166644997e-15,ELECTRODE_ATTACHMENT,CONFIRMED,6.435839367522707e-05,22358643.6148142,8.491360896548178,2747304804912753.0,1.4712620617188726e-05,6.044277802828747e-12,6.018090211920282e-07,99566.73747033584,0.0293867697211784,-3.9634584765865053e-13
941,8.099452106455025e-12,5.865068186381296e-15,ELECTRODE_ATTACHMENT,CONFIRMED,6.435953645249549e-05,22358643.599233795,8.491360890631057,2746676581482194.0,1.47092562979822e-05,6.044277809980618e-12,6.019466676921395e-07,99589.51037925071,0.0293788712184311,-3.9671172289311945e-13
942,8.105317174661173e-12,5.8650682061474266e-15,ELECTRODE_ATTACHMENT,CONFIRMED,6.436067784793719e-05,22358643.583737448,8.491360884745859,2746044226781397.0,1.4705869854609751e-05,6.044277817093907e-12,6.020852829745761e-07,99612.44356965364,0.0293709312155664,-3.9707746707607923e-13
943,8.111182242887117e-12,5.8650682259433806e-15,ELECTRODE_ATTACHMENT,CONFIRMED,6.436181786147893e-05,22358643.568325337,8.49136087889265,2745407742919979.5,1.4702461298368987e-05,6.044277824168531e-12,6.02224867871765e-07,99635.53717926738,0.0293629497349482,-3.9744307947923293e-13
944,8.117047311132885e-12,5.86506824576916e-15,ELECTRODE_ATTACHMENT,CONFIRMED,6.436295649306432e-05,22358643.552997667,8.49136087307151,2744767132019984.5,1.4699030640624055e-05,6.044277831204393e-12,6.023654232224998e-07,99658.79134686822,0.0293549267990652,-3.978085593743652e-13
945,8.122912379398509e-12,5.86506826562477e-15,ELECTRODE_ATTACHMENT,CONFIRMED,6.436409374265384e-05,22358643.537754517,8.491360867282467,2744122396215880.0,1.469557789280565e-05,6.04427783820146e-12,6.025069498719508e-07,99682.2062122864,0.02934686243053,-3.98173906033346e-13
946,8.12877744768402e-12,5.8650682855102e-15,ELECTRODE_ATTACHMENT,CONFIRMED,6.436522961022445e-05,22358643.522596102,8.491360861525612,2743473537654551.5,1.469210306641096e-05,6.044277845159624e-12,6.026494486716757e-07,99705.78191641027,0.0293387566520805,-3.985391187281306e-13
947,8.134642515989445e-12,5.865068305425472e-15,ELECTRODE_ATTACHMENT,CONFIRMED,6.436636409576955e-05,22358643.50752263,8.491360855801009,2742820558495298.0,1.4688606173003649e-05,6.044277852078804e-12,6.027929204796307e-07,99729.51860118618,0.0293306094865789,-3.9890419673076507e-13
948,8.140507584314816e-12,5.865068325370561e-15,ELECTRODE_ATTACHMENT,CONFIRMED,6.436749719929878e-05,22358643.492534216,8.491360850108713,2742163460909824.5,1.4685087224213818e-05,6.044277858958937e-12,6.029373661601808e-07,99753.41640962061,0.0293224209570116,-3.992691393133864e-13
949,8.14637265266016e-12,5.865068345345489e-15,ELECTRODE_ATTACHMENT,CONFIRMED,6.436862892083783e-05,22358643.477631006,8.491360844448776,2741502247082238.5,1.4681546231737998e-05,6.0442778657999584e-12,6.030827865841107e-07,99777.47548578208,0.0293141910864897,-3.996339457482253e-13
950,8.152237721025511e-12,5.8650683653502234e-15,ELECTRODE_ATTACHMENT,CONFIRMED,6.436975926042824e-05,22358643.462813266,8.491360838821294,2740836919209043.5,1.4677983207339092e-05,6.04427787260175e-12,6.032291826286359e-07,99801.69597480413,0.0293059198982485,-3.99998615307609e-13
951,8.158102789410895e-12,5.865068385384789e-15,ELECTRODE_ATTACHMENT,CONFIRMED,6.437088821812737e-05,22358643.448081058,8.491360833226302,2740167479499133.0,1.4674398162846368e-05,6.044277879364274e-12,6.033765551774131e-07,99826.07802288454,0.0292976074156477,-4.0036314726396333e-13
952,8.163967857816345e-12,5.8650684054491766e-15,ELECTRODE_ATTACHMENT,CONFIRMED,6.437201579400801e-05,22358643.433434635,8.491360827663886,2739493930173788.0,1.4670791110155404e-05,6.044277886087423e-12,6.035249051205536e-07,99850.62177729004,0.0292892536621711,-4.007275408898158e-13
953,8.169832926241888e-12,5.865068425543383e-15,ELECTRODE_ATTACHMENT,CONFIRMED,6.437314198815844e-05,22358643.418874107,8.491360822134093,2738816273466665.0,1.4667162061228095e-05,6.044277892771144e-12,6.036742333546309e-07,99875.32738635584,0.0292808586614267,-4.0109179545779605e-13
954,8.175697994687555e-12,5.865068445667422e-15,ELECTRODE_ATTACHMENT,CONFIRMED,6.437426680068215e-05,22358643.404399607,8.491360816636972,2738134511623798.5,1.4663511028092593e-05,6.044277899415375e-12,6.038245407826955e-07,99900.19499948864,0.0292724224371466,-4.014559102406408e-13
955,8.181563063153374e-12,5.8650684658212704e-15,ELECTRODE_ATTACHMENT,CONFIRMED,6.437539023169763e-05,22358643.390011415,8.491360811172626,2737448646903587.5,1.4659838022843273e-05,6.044277906019988e-12,6.03975828314284e-07,99925.22476716951,0.0292639450131874,-4.0181988451119494e-13
956,8.18742813163938e-12,5.865068486004944e-15,ELECTRODE_ATTACHMENT,CONFIRMED,6.437651228133837e-05,22358643.375709597,8.491360805741083,2736758681576796.0,1.4656143057640736e-05,6.044277912584955e-12,6.041280968654314e-07,99950.41684095297,0.029255426413529,-4.0218371754241323e-13
957,8.193293200145599e-12,5.865068506218431e-15,ELECTRODE_ATTACHMENT,CONFIRMED,6.437763294975256e-05,22358643.361494426,8.491360800342449,2736064617926543.0,1.4652426144711735e-05,6.044277919110147e-12,6.042813473586831e-07,99975.7713734723,0.029246866662276,-4.0254740860736453e-13
958,8.199158268672061e-12,5.8650685264617434e-15,ELECTRODE_ATTACHMENT,CONFIRMED,6.437875223710297e-05,22358643.347365946,8.491360794976739,2735366458248299.0,1.4648687296349178e-05,6.044277925595544e-12,6.044355807231061e-07,100001.288518438,0.0292382657836562,-4.0291095697923165e-13
959,8.205023337218797e-12,5.865068546734872e-15,ELECTRODE_ATTACHMENT,CONFIRMED,6.437987014356685e-05,22358643.333324403,8.491360789644045,2734664204849879.0,1.4644926524912084e-05,6.0442779320410335e-12,6.045907978943004e-07,100026.96843064296,0.0292296238020219,-4.032743619313164e-13
960,8.210888405785833e-12,5.865068567037816e-15,ELECTRODE_ATTACHMENT,CONFIRMED,6.438098666933569e-05,22358643.319369957,8.491360784344426,2733957860051437.0,1.464114384282554e-05,6.044277938446546e-12,6.047469998144125e-07,100052.81126596236,0.0292209407418488,-4.036376227370406e-13
961,8.216753474373203e-12,5.86506858737056e-15,ELECTRODE_ATTACHMENT,CONFIRMED,6.438210181461516e-05,22358643.305502735,8.491360779077938,2733247426185461.0,1.4637339262580686e-05,6.044277944812016e-12,6.04904187432145e-07,100078.81718135616,0.0292122166277364,-4.0400073866994804e-13
962,8.222618542980934e-12,5.865068607733125e-15,ELECTRODE_ATTACHMENT,CONFIRMED,6.438321557962484e-05,22358643.291722942,8.491360773844653,2732532905596765.0,1.4633512796734694e-05,6.044277951137353e-12,6.050623617027701e-07,100104.98633487152,0.029203451484408,-4.0436370900370796e-13
963,8.228483611609062e-12,5.865068628125495e-15,ELECTRODE_ATTACHMENT,CONFIRMED,6.438432796459821e-05,22358643.278030775,8.491360768644643,2731814300642484.5,1.4629664457910683e-05,6.04427795742247e-12,6.052215235881425e-07,100131.31888564466,0.0291946453367106,-4.0472653301211675e-13
964,8.23434868025761e-12,5.865068648547676e-15,ELECTRODE_ATTACHMENT,CONFIRMED,6.438543896978241e-05,22358643.264426302,8.491360763477939,2731091613692069.0,1.4625794258797747e-05,6.044277963667337e-12,6.053816740567101e-07,100157.81499390172,0.0291857982096141,-4.050892099690999e-13
965,8.240213748926608e-12,5.8650686689996635e-15,ELECTRODE_ATTACHMENT,CONFIRMED,6.43865485954381e-05,22358643.25090977,8.491360758344635,2730364847127278.5,1.4621902212150905e-05,6.044277969871829e-12,6.055428140835265e-07,100184.47482096314,0.029176910128213,-4.0545173914871586e-13
966,8.24607881761609e-12,5.865068689481464e-15,ELECTRODE_ATTACHMENT,CONFIRMED,6.438765684183935e-05,22358643.237481367,8.491360753244797,2729634003342174.5,1.4617988330791044e-05,6.044277976035871e-12,6.057049446502646e-07,100211.29852924384,0.0291679811177245,-4.058141198251578e-13
967,8.251943886326082e-12,5.865068709993061e-15,ELECTRODE_ATTACHMENT,CONFIRMED,6.43887637092735e-05,22358643.224141177,8.491360748178462,2728899084743115.5,1.4614052627604896e-05,6.044277982159423e-12,6.058680667452283e-07,100238.28628225526,0.0291590112034892,-4.0617635127275445e-13
968,8.257808955056617e-12,5.865068730534465e-15,ELECTRODE_ATTACHMENT,CONFIRMED,6.438986919804093e-05,22358643.210889425,8.491360743145714,2728160093748750.0,1.461009511554503e-05,6.044277988242375e-12,6.060321813633651e-07,100265.43824460896,0.0291500004109714,-4.0653843276597453e-13
969,8.263674023807724e-12,5.865068751105671e-15,ELECTRODE_ATTACHMENT,CONFIRMED,6.439097330845506e-05,22358643.197726235,8.4913607381466,2727417032790011.0,1.4606115807629793e-05,6.0442779942846766e-12,6.061972895062795e-07,100292.75458201708,0.0291409487657582,-4.0690036357942866e-13
970,8.26953909257943e-12,5.865068771706672e-15,ELECTRODE_ATTACHMENT,CONFIRMED,6.439207604084208e-05,22358643.184651848,8.491360733181212,2726669904310109.0,1.4602114716943288e-05,6.0442780002862096e-12,6.06363392182244e-07,100320.235461296,0.0291318562935606,-4.0726214298787156e-13
971,8.275404161371768e-12,5.865068792337466e-15,ELECTRODE_ATTACHMENT,CONFIRMED,6.439317739554092e-05,22358643.17166632,8.491360728249573,2725918710764527.0,1.4598091856635328e-05,6.0442780062469595e-12,6.065304904062153e-07,100347.88105036633,0.0291227230202118,-4.076237702662026e-13
972,8.281269230184768e-12,5.865068812998064e-15,ELECTRODE_ATTACHMENT,CONFIRMED,6.4394277372903e-05,22358643.15876992,8.491360723351779,2725163454621011.0,1.45940472399214e-05,6.044278012166796e-12,6.066985851998441e-07,100375.691518258,0.0291135489716689,-4.0798524468947204e-13
973,8.287134299018455e-12,5.86506883368846e-15,ELECTRODE_ATTACHMENT,CONFIRMED,6.439537597329222e-05,22358643.145962797,8.491360718487892,2724404138359567.5,1.4589980880082665e-05,6.044278018045654e-12,6.068676775914894e-07,100403.66703510984,0.0291043341740118,-4.083465655328814e-13
974,8.292999367872863e-12,5.865068854408629e-15,ELECTRODE_ATTACHMENT,CONFIRMED,6.439647319708472e-05,22358643.13324508,8.491360713657961,2723640764472454.0,1.4585892790465876e-05,6.044278023883468e-12,6.070377686162328e-07,100431.80777217278,0.029095078653443,-4.0870773207178317e-13
975,8.298864436748022e-12,5.865068875158605e-15,ELECTRODE_ATTACHMENT,CONFIRMED,6.43975690446688e-05,22358643.12061693,8.491360708862048,2722873335464174.5,1.4581782984483378e-05,6.044278029680166e-12,6.072088593158898e-07,100460.11390181206,0.0290857824362884,-4.090687435816885e-13
976,8.304729505643961e-12,5.865068895938358e-15,ELECTRODE_ATTACHMENT,CONFIRMED,6.439866351644475e-05,22358643.108078536,8.491360704100218,2722101853851471.5,1.4577651475613047e-05,6.044278035435668e-12,6.073809507390248e-07,100488.58559750968,0.0290764455489962,-4.0942959933826533e-13
977,8.310594574560707e-12,5.865068916747892e-15,ELECTRODE_ATTACHMENT,CONFIRMED,6.439975661282483e-05,22358643.095630094,8.491360699372551,2721326322163320.5,1.4573498277398293e-05,6.044278041149878e-12,6.075540439409638e-07,100517.22303386648,0.0290670680181381,-4.0979029861734326e-13
978,8.316459643498294e-12,5.865068937587211e-15,ELECTRODE_ATTACHMENT,CONFIRMED,6.440084833423297e-05,22358643.083271705,8.491360694679084,2720546742940923.0,1.456932340344797e-05,6.044278046822753e-12,6.077281399838083e-07,100546.0263866034,0.0290576498704078,-4.1015084069491373e-13
979,8.322324712456751e-12,5.865068958456309e-15,ELECTRODE_ATTACHMENT,CONFIRMED,6.440193868110475e-05,22358643.071003605,8.491360690019906,2719763118737699.5,1.4565126867436389e-05,6.044278052454178e-12,6.079032399364491e-07,100574.99583256598,0.0290481911326221,-4.105112248471345e-13
980,8.328189781436106e-12,5.865068979355194e-15,ELECTRODE_ATTACHMENT,CONFIRMED,6.440302765388729e-05,22358643.05882584,8.491360685395037,2718975452119283.0,1.4560908683103253e-05,6.044278058044142e-12,6.080793448745794e-07,100604.13154972336,0.0290386918317197,-4.1087145035033106e-13
981,8.33405485043639e-12,5.865069000283849e-15,ELECTRODE_ATTACHMENT,CONFIRMED,6.440411525303906e-05,22358643.04673871,8.49136068080459,2718183745663513.0,1.455666886425364e-05,6.0442780635924954e-12,6.082564558807101e-07,100633.433717175,0.029029151994763,-4.1123151648099963e-13
982,8.33991991945763e-12,5.865069021242271e-15,ELECTRODE_ATTACHMENT,CONFIRMED,6.440520147902978e-05,22358643.034742348,8.491360676248615,2717388001960427.5,1.455240742475795e-05,6.044278069099187e-12,6.084345740441824e-07,100662.90251514866,0.0290195716489359,-4.1159142251580843e-13
983,8.345784988499864e-12,5.865069042230461e-15,ELECTRODE_ATTACHMENT,CONFIRMED,6.44062863323403e-05,22358643.02283688,8.491360671727158,2716588223612257.0,1.4548124378551882e-05,6.044278074564156e-12,6.086137004611826e-07,100692.5381250049,0.0290099508215448,-4.119511677315997e-13
984,8.351650057563113e-12,5.8650690632484265e-15,ELECTRODE_ATTACHMENT,CONFIRMED,6.440736981346251e-05,22358643.01102249,8.491360667240292,2715784413233418.5,1.4543819739636386e-05,6.044278079987319e-12,6.087938362347557e-07,100722.3407292394,0.0290002895400187,-4.123107514053949e-13
985,8.357515126647408e-12,5.8650690842961545e-15,ELECTRODE_ATTACHMENT,CONFIRMED,6.440845192289914e-05,22358642.999299347,8.49136066278808,2714976573450505.0,1.4539493522077644e-05,6.0442780853685945e-12,6.089749824748207e-07,100752.310511485,0.0289905878319086,-4.1267017281439444e-13
986,8.363380195752782e-12,5.865069105373643e-15,ELECTRODE_ATTACHMENT,CONFIRMED,6.440953266116374e-05,22358642.98766762,8.491360658370585,2714164706902284.5,1.4535145740007008e-05,6.0442780907079065e-12,6.091571402981842e-07,100782.44765651402,0.0289808457248878,-4.1302943123598093e-13
987,8.369245264879263e-12,5.865069126480885e-15,ELECTRODE_ATTACHMENT,CONFIRMED,6.441061202878045e-05,22358642.97612748,8.491360653987872,2713348816239686.0,1.4530776407620978e-05,6.044278096005179e-12,6.09340310828555e-07,100812.75235024076,0.0289710632467518,-4.1338852594772126e-13
988,8.375110334026881e-12,5.865069147617891e-15,ELECTRODE_ATTACHMENT,CONFIRMED,6.4411690026284e-05,22358642.96467902,8.49136064963998,2712528904125799.0,1.4526385539181165e-05,6.044278101260365e-12,6.095244951965597e-07,100843.22477972352,0.0289612404254177,-4.137474562273686e-13
989,8.380975403195666e-12,5.865069168784656e-15,ELECTRODE_ATTACHMENT,CONFIRMED,6.441276665421953e-05,22358642.953322586,8.491360645327033,2711704973235862.0,1.452197314901424e-05,6.044278106473314e-12,6.097096945397553e-07,100873.86513316902,0.0289513772889256,-4.141062213528681e-13
990,8.386840472385646e-12,5.865069189981166e-15,ELECTRODE_ATTACHMENT,CONFIRMED,6.441384191314241e-05,22358642.942058157,8.491360641049031,2710877026257258.0,1.4517539251511929e-05,6.0442781116440255e-12,6.098959100026461e-07,100904.67359993071,0.0289414738654361,-4.1446482060235364e-13
991,8.392705541596855e-12,5.86506921120742e-15,ELECTRODE_ATTACHMENT,CONFIRMED,6.441491580361832e-05,22358642.93088596,8.491360636806057,2710045065889506.5,1.4513083861130928e-05,6.0442781167724015e-12,6.100831427366975e-07,100935.65037051558,0.0289315301832326,-4.148232532541538e-13
992,8.39857061082932e-12,5.8650692324634255e-15,ELECTRODE_ATTACHMENT,CONFIRMED,6.441598832622289e-05,22358642.91980616,8.491360632598175,2709209094844255.0,1.4508606992392903e-05,6.044278121858361e-12,6.102713939003512e-07,100966.7956365844,0.02892154627072,-4.151815185867949e-13
993,8.404435680083067e-12,5.86506925374917e-15,ELECTRODE_ATTACHMENT,CONFIRMED,6.441705948154179e-05,22358642.90881891,8.49136062842544,2708369115845274.0,1.4504108659884434e-05,6.0442781269018396e-12,6.104606646590408e-07,100998.10959095444,0.0289115221564249,-4.1553961587900084e-13
994,8.410300749358131e-12,5.865069275064649e-15,ELECTRODE_ATTACHMENT,CONFIRMED,6.441812927017054e-05,22358642.897924434,8.491360624287937,2707525131628449.0,1.4499588878256972e-05,6.044278131902732e-12,6.106509561852061e-07,101029.59242760293,0.0289014578689957,-4.158975444096973e-13
995,8.416165818654543e-12,5.865069296409869e-15,ELECTRODE_ATTACHMENT,CONFIRMED,6.441919769271438e-05,22358642.88712284,8.49136062018571,2706677144941772.0,1.4495047662226816e-05,6.044278136860992e-12,6.108422696583095e-07,101061.24434166784,0.0288913534372021,-4.162553034580131e-13
996,8.422030887972328e-12,5.865069317784824e-15,ELECTRODE_ATTACHMENT,CONFIRMED,6.442026474978817e-05,22358642.876414303,8.491360616118826,2705825158545336.0,1.4490485026575068e-05,6.044278141776529e-12,6.110346062648501e-07,101093.06552945216,0.0288812088899354,-4.166128923032838e-13
997,8.427895957311518e-12,5.8650693391895004e-15,ELECTRODE_ATTACHMENT,CONFIRMED,6.442133044201635e-05,22358642.86579902,8.491360612087355,2704969175211327.0,1.4485900986147576e-05,6.044278146649266e-12,6.112279671983808e-07,101125.05618842572,0.0288710242562083,-4.169703102250528e-13
998,8.433761026672142e-12,5.8650693606239004e-15,ELECTRODE_ATTACHMENT,CONFIRMED,6.442239477003272e-05,22358642.855277095,8.491360608091341,2704109197724015.5,1.4481295555854915e-05,6.0442781514791455e-12,6.114223536595229e-07,101157.21651722737,0.0288607995651548,-4.1732755650307365e-13
999,8.43962609605423e-12,5.865069382088025e-15,ELECTRODE_ATTACHMENT,CONFIRMED,6.442345773448042e-05,22358642.844848752,8.491360604130866,2703245228879751.0,1.447666875067236e-05,6.044278156266072e-12,6.116177668559815e-07,101189.54671566868,0.0288505348460302,-4.176846304173141e-13
1000,8.445491165457812e-12,5.865069403581869e-15,ELECTRODE_ATTACHMENT,CONFIRMED,6.442451933601181e-05,22358642.83451408,8.491360600205969,2702377271486952.5,1.4472020585639806e-05,6.044278161009994e-12,6.118142080025627e-07,101222.04698473524,0.028840230128211,-4.1804153124795707e-13
1001,8.451356234882917e-12,5.865069425105425e-15,ELECTRODE_ATTACHMENT,CONFIRMED,6.442557957528835e-05,22358642.824273363,8.491360596316749,2701505328366103.0,1.4467351075861735e-05,6.044278165710797e-12,6.12011678321189e-07,101254.71752659112,0.0288298854411951,-4.183982582754035e-13
1002,8.457221304329574e-12,5.865069446658693e-15,ELECTRODE_ATTACHMENT,CONFIRMED,6.442663845298049e-05,22358642.814126614,8.49136059246322,2700629402349740.5,1.4462660236507244e-05,6.044278170368455e-12,6.122101790409136e-07,101287.55854457864,0.0288195008146007,-4.187548107802734e-13
1003,8.463086373797819e-12,5.86506946824167e-15,ELECTRODE_ATTACHMENT,CONFIRMED,6.442769596976759e-05,22358642.804074176,8.491360588645508,2699749496282450.5,1.4457948082809884e-05,6.044278174982829e-12,6.1240971139794e-07,101320.57024322508,0.028809076278168,-4.191111880434117e-13
1004,8.468951443287671e-12,5.865069489854345e-15,ELECTRODE_ATTACHMENT,CONFIRMED,6.442875212633783e-05,22358642.794115968,8.49136058486358,2698865613020859.5,1.445321463006774e-05,6.044278179553949e-12,6.126102766356349e-07,101353.7528282399,0.0287986118617568,-4.1946738934588553e-13
1005,8.474816512799168e-12,5.865069511496728e-15,ELECTRODE_ATTACHMENT,CONFIRMED,6.442980692338807e-05,22358642.78425237,8.491360581117586,2697977755433626.0,1.4448459893643292e-05,6.044278184081634e-12,6.12811876004547e-07,101387.10650652443,0.0287881075953493,-4.1982341396899237e-13
1006,8.480681582332337e-12,5.865069533168801e-15,ELECTRODE_ATTACHMENT,CONFIRMED,6.443086036162376e-05,22358642.77448356,8.491360577407587,2697085926401433.0,1.444368388896344e-05,6.044278188565816e-12,6.130145107624221e-07,101420.6314861689,0.0287775635090475,-4.2017926119425765e-13
1007,8.486546651887207e-12,5.865069554870576e-15,ELECTRODE_ATTACHMENT,CONFIRMED,6.443191244175889e-05,22358642.76480953,8.491360573733589,2696190128816983.0,1.4438886631519446e-05,6.044278193006485e-12,6.132181821742201e-07,101454.32797645588,0.0287669796330738,-4.2053493030343926e-13
1008,8.49241172146381e-12,5.865069576602028e-15,ELECTRODE_ATTACHMENT,CONFIRMED,6.443296316451582e-05,22358642.75523056,8.491360570095686,2695290365584984.0,1.4434068136866864e-05,6.044278197403522e-12,6.134228915121318e-07,101488.19618786636,0.0287563559977719,-4.208904205785297e-13
1009,8.498276791062173e-12,5.865069598363173e-15,ELECTRODE_ATTACHMENT,CONFIRMED,6.443401253062529e-05,22358642.74574672,8.491360566493919,2694386639622148.5,1.4429228420625536e-05,6.04427820175689e-12,6.136286400555959e-07,101522.23633207889,0.0287456926336055,-4.2124573130175867e-13
1010,8.504141860682326e-12,5.865069620153997e-15,ELECTRODE_ATTACHMENT,CONFIRMED,6.443506054082617e-05,22358642.73635834,8.491360562928401,2693478953857181.0,1.4424367498479516e-05,6.044278206066441e-12,6.138354290913157e-07,101556.44862197596,0.0287349895711594,-4.216008617555961e-13
1011,8.510006930324301e-12,5.865069641974486e-15,ELECTRODE_ATTACHMENT,CONFIRMED,6.44361071958655e-05,22358642.72706539,8.491360559399126,2692567311230772.5,1.4419485386177076e-05,6.044278210332183e-12,6.140432599132749e-07,101590.8332716419,0.028724246841138,-4.219558112227507e-13
1012,8.515871999988126e-12,5.865069663824666e-15,ELECTRODE_ATTACHMENT,CONFIRMED,6.443715249649833e-05,22358642.717868168,8.491360555906208,2691651714695591.5,1.4414582099530596e-05,6.044278214553984e-12,6.14252133822758e-07,101625.3904963712,0.0287134644743666,-4.22310578986179e-13
1013,8.52173706967383e-12,5.865069685704492e-15,ELECTRODE_ATTACHMENT,CONFIRMED,6.443819644348769e-05,22358642.708766785,8.491360552449683,2690732167216276.5,1.4409657654416582e-05,6.0442782187317945e-12,6.14462052128364e-07,101660.12051266724,0.0287026425017903,-4.2266516432908045e-13
1014,8.527602139381444e-12,5.865069707614004e-15,ELECTRODE_ATTACHMENT,CONFIRMED,6.44392390376044e-05,22358642.69976142,8.491360549029633,2689808671769428.0,1.4404712066775594e-05,6.044278222865527e-12,6.146730161460254e-07,101695.0235382473,0.0286917809544746,-4.230195665349062e-13
1015,8.533467209110997e-12,5.865069729553171e-15,ELECTRODE_ATTACHMENT,CONFIRMED,6.444028027962708e-05,22358642.690852217,8.491360545646094,2688881231343599.5,1.4399745352612198e-05,6.0442782269551225e-12,6.148850271990261e-07,101730.09979204444,0.0286808798636048,-4.233737848873578e-13
1016,8.539332278862518e-12,5.865069751521977e-15,ELECTRODE_ATTACHMENT,CONFIRMED,6.444132017034198e-05,22358642.682039347,8.491360542299144,2687949848939291.0,1.4394757527994954e-05,6.044278231000495e-12,6.150980866180177e-07,101765.34949421111,0.0286699392604866,-4.2372781867038907e-13
1017,8.54519734863604e-12,5.865069773520442e-15,ELECTRODE_ATTACHMENT,CONFIRMED,6.444235871054294e-05,22358642.673322976,8.491360538988843,2687014527568939.0,1.4389748609056324e-05,6.044278235001571e-12,6.153121957410385e-07,101800.77286612176,0.0286589591765452,-4.2408166716821145e-13
1018,8.551062418431587e-12,5.865069795548552e-15,ELECTRODE_ATTACHMENT,CONFIRMED,6.44433959010313e-05,22358642.664703272,8.491360535715252,2686075270256910.5,1.4384718611992676e-05,6.044278238958279e-12,6.155273559135303e-07,101836.37013037564,0.0286479396433257,-4.2443532966529435e-13
1019,8.556927488249194e-12,5.865069817606306e-15,ELECTRODE_ATTACHMENT,CONFIRMED,6.444443174261577e-05,22358642.65618036,8.491360532478424,2685132080039493.0,1.4379667553064214e-05,6.044278242870552e-12,6.157435684883572e-07,101872.1415107998,0.028636880692493,-4.247888054463666e-13
1020,8.562792558088888e-12,5.865069839693697e-15,ELECTRODE_ATTACHMENT,CONFIRMED,6.444546623611242e-05,22358642.64775453,8.491360529278465,2684184959964886.5,1.4374595448594931e-05,6.044278246738257e-12,6.159608348258224e-07,101908.08723245334,0.0286257823558322,-4.2514209379642293e-13
1021,8.5686576279507e-12,5.865069861810727e-15,ELECTRODE_ATTACHMENT,CONFIRMED,6.444649938234452e-05,22358642.63942573,8.491360526115356,2683233913093196.5,1.4369502314972578e-05,6.044278250561428e-12,6.16179156293688e-07,101944.20752162654,0.0286146446652464,-4.2549519400072085e-13
1022,8.574522697834658e-12,5.865069883957382e-15,ELECTRODE_ATTACHMENT,CONFIRMED,6.444753118214246e-05,22358642.631194305,8.491360522989226,2682278942496424.0,1.436438816864862e-05,6.044278254339901e-12,6.163985342671918e-07,101980.50260584983,0.0286034676527601,-4.258481053447873e-13
1023,8.58038776774079e-12,5.865069906133653e-15,ELECTRODE_ATTACHMENT,CONFIRMED,6.444856163634375e-05,22358642.62306033,8.491360519900107,2681320051258458.5,1.4359253026138173e-05,6.044278258073639e-12,6.166189701290665e-07,102016.97271389158,0.028592251350516,-4.2620082711441906e-13
1024,8.58625283766913e-12,5.8650699283395406e-15,ELECTRODE_ATTACHMENT,CONFIRMED,6.444959074579281e-05,22358642.61502404,8.491360516848083,2680357242475068.5,1.4354096904019978e-05,6.0442782617625434e-12,6.168404652695578e-07,102053.61807576408,0.0285809957907767,-4.265533585956856e-13
1025,8.592117907619704e-12,5.865069950575049e-15,ELECTRODE_ATTACHMENT,CONFIRMED,6.4450618511341e-05,22358642.607085507,8.49136051383319,2679390519253893.0,1.4348919818936362e-05,6.044278265406566e-12,6.170630210864426e-07,102090.43892272488,0.0285697010059236,-4.269056990749306e-13
1026,8.597982977592545e-12,5.865069972840166e-15,ELECTRODE_ATTACHMENT,CONFIRMED,6.445164493384648e-05,22358642.599244952,8.491360510855507,2678419884714436.5,1.4343721787593153e-05,6.044278269005616e-12,6.172866389850494e-07,102127.43548728163,0.0285583670284577,-4.2725784783877725e-13
1027,8.60384804758768e-12,5.865069995134876e-15,ELECTRODE_ATTACHMENT,CONFIRMED,6.445267001417415e-05,22358642.591502503,8.491360507915081,2677445341988053.0,1.4338502826759682e-05,6.044278272559634e-12,6.175113203782752e-07,102164.6080031936,0.0285469938909986,-4.2760980417412606e-13
1028,8.609713117605138e-12,5.865070017459197e-15,ELECTRODE_ATTACHMENT,CONFIRMED,6.445369375319553e-05,22358642.583858304,8.491360505011968,2676466894217946.5,1.4333262953268709e-05,6.044278276068553e-12,6.177370666866055e-07,102201.95670547566,0.0285355816262854,-4.27961567368161e-13
1029,8.615578187644951e-12,5.865070039813107e-15,ELECTRODE_ATTACHMENT,CONFIRMED,6.445471615178875e-05,22358642.576312568,8.491360502146252,2675484544559154.0,1.4328002184016376e-05,6.0442782795322724e-12,6.179638793381329e-07,102239.48183040194,0.0285241302671758,-4.2831313670835106e-13
1030,8.62144325770715e-12,5.865070062196597e-15,ELECTRODE_ATTACHMENT,CONFIRMED,6.44557372108384e-05,22358642.56886548,8.491360499317999,2674498296178543.5,1.432272053596218e-05,6.044278282950711e-12,6.181917597685773e-07,102277.183615508,0.0285126398466468,-4.2866451148245116e-13
1031,8.627308327791759e-12,5.865070084609676e-15,ELECTRODE_ATTACHMENT,CONFIRMED,6.44567569312355e-05,22358642.56151715,8.491360496527252,2673508152254802.0,1.4317418026128922e-05,6.044278286323819e-12,6.184207094213031e-07,102315.06229959372,0.0285011103977933,-4.2901569097850547e-13
1032,8.633173397898811e-12,5.865070107052341e-15,ELECTRODE_ATTACHMENT,CONFIRMED,6.445777531387741e-05,22358642.554267764,8.491360493774078,2672514115978426.5,1.4312094671602636e-05,6.044278289651505e-12,6.18650729747341e-07,102353.118122728,0.0284895419538297,-4.293666744848506e-13
1033,8.639038468028336e-12,5.865070129524575e-15,ELECTRODE_ATTACHMENT,CONFIRMED,6.445879235966776e-05,22358642.547117375,8.49136049105851,2671516190551717.0,1.4306750489532583e-05,6.044278292933746e-12,6.188818222054055e-07,102391.35132624992,0.0284779345480881,-4.297174612901169e-13
1034,8.644903538180363e-12,5.865070152026363e-15,ELECTRODE_ATTACHMENT,CONFIRMED,6.445980806951633e-05,22358642.540066306,8.491360488380653,2670514379188767.5,1.4301385497131147e-05,6.044278296170402e-12,6.191139882619167e-07,102429.76215277538,0.0284662882140202,-4.3006805068323123e-13
1035,8.650768608354922e-12,5.865070174557719e-15,ELECTRODE_ATTACHMENT,CONFIRMED,6.446082244433906e-05,22358642.533114664,8.491360485740561,2669508685115454.5,1.4295999711673852e-05,6.044278299361414e-12,6.193472293910185e-07,102468.35084619671,0.0284546029851954,-4.304184419534184e-13
1036,8.656633678552038e-12,5.865070197118636e-15,ELECTRODE_ATTACHMENT,CONFIRMED,6.446183548505789e-05,22358642.5262626,8.491360483138285,2668499111569432.0,1.4290593150499272e-05,6.04427830250672e-12,6.195815470745987e-07,102507.11765168751,0.0284428788953013,-4.30768634390206e-13
1037,8.662498748771747e-12,5.865070219709094e-15,ELECTRODE_ATTACHMENT,CONFIRMED,6.446284719260073e-05,22358642.51951019,8.491360480573857,2667485661800120.5,1.4285165831009004e-05,6.0442783056062776e-12,6.198169428023086e-07,102546.06281570572,0.0284311159781439,-4.3111862728342294e-13
1038,8.668363819014077e-12,5.865070242329106e-15,ELECTRODE_ATTACHMENT,CONFIRMED,6.446385756790138e-05,22358642.512857765,8.4913604780474,2666468339068698.0,1.4279717770667596e-05,6.044278308659943e-12,6.200534180715852e-07,102585.18658599874,0.0284193142676478,-4.314684199232067e-13
1039,8.674228889279057e-12,5.865070264978658e-15,ELECTRODE_ATTACHMENT,CONFIRMED,6.446486661189947e-05,22358642.50630533,8.491360475558917,2665447146648091.0,1.427424898700254e-05,6.044278311667706e-12,6.20290974387669e-07,102624.48921160308,0.0284074737978549,-4.3181801160000133e-13
1040,8.680093959566714e-12,5.865070287657741e-15,ELECTRODE_ATTACHMENT,CONFIRMED,6.446587432554035e-05,22358642.49985316,8.491360473108514,2664422087822967.0,1.4268759497604164e-05,6.044278314629448e-12,6.205296132636259e-07,102663.97094285162,0.0283955946029257,-4.321674016045624e-13
1041,8.68595902987708e-12,5.865070310366346e-15,ELECTRODE_ATTACHMENT,CONFIRMED,6.446688070977508e-05,22358642.493501376,8.491360470696234,2663393165889723.5,1.4263249320125648e-05,6.0442783175451095e-12,6.207693362203673e-07,102703.63203137432,0.0283836767171381,-4.3251658922795734e-13
1042,8.691824100210182e-12,5.865070333104483e-15,ELECTRODE_ATTACHMENT,CONFIRMED,6.446788576556027e-05,22358642.48725012,8.491360468322133,2662360384156480.0,1.4257718472282935e-05,6.044278320414623e-12,6.210101447866697e-07,102743.4727301025,0.028371720174888,-4.328655737615708e-13
1043,8.697689170566056e-12,5.865070355872118e-15,ELECTRODE_ATTACHMENT,CONFIRMED,6.446888949385812e-05,22358642.481099505,8.491360465986254,2661323745943068.0,1.4252166971854691e-05,6.044278323237941e-12,6.212520404991979e-07,102783.49329327227,0.0283597250106889,-4.332143544971025e-13
1044,8.703554240944727e-12,5.865070378669291e-15,ELECTRODE_ATTACHMENT,CONFIRMED,6.446989189563628e-05,22358642.47504982,8.491360463688707,2660283254581023.5,1.4246594836682256e-05,6.044278326014929e-12,6.214950249025234e-07,102823.69397642928,0.0283476912591724,-4.3356293072657597e-13
1045,8.709419311346222e-12,5.865070401495959e-15,ELECTRODE_ATTACHMENT,CONFIRMED,6.447089297186778e-05,22358642.469101127,8.491360461429514,2659238913413576.0,1.4241002084669602e-05,6.044278328745559e-12,6.217390995491469e-07,102864.07503642932,0.0283356189550867,-4.339113017423349e-13
1046,8.715284381770574e-12,5.865070424352118e-15,ELECTRODE_ATTACHMENT,CONFIRMED,6.447189272353099e-05,22358642.46325361,8.491360459208742,2658190725795640.5,1.4235388733783277e-05,6.0442783314297456e-12,6.219842659995182e-07,102904.63673144428,0.0283235081332982,-4.342594668370482e-13
1047,8.721149452217813e-12,5.865070447237769e-15,ELECTRODE_ATTACHMENT,CONFIRMED,6.447289115160954e-05,22358642.4575074,8.491360457026449,2657138695093807.5,1.4229754802052345e-05,6.044278334067428e-12,6.222305258220592e-07,102945.37932096457,0.0283113588287903,-4.3460742530371244e-13
1048,8.727014522687965e-12,5.865070470152904e-15,ELECTRODE_ATTACHMENT,CONFIRMED,6.447388825709227e-05,22358642.45186273,8.491360454882718,2656082824686333.0,1.422410030756836e-05,6.044278336658504e-12,6.224778805931834e-07,102986.30306580351,0.0282991710766638,-4.3495517643565323e-13
1049,8.732879593181062e-12,5.865070493097535e-15,ELECTRODE_ATTACHMENT,CONFIRMED,6.447488404097315e-05,22358642.44631971,8.49136045277759,2655023117963133.0,1.42184252684853e-05,6.044278339202915e-12,6.227263318973189e-07,103027.40822809962,0.0282869449121366,-4.353027195265301e-13
1050,8.738744663697135e-12,5.865070516071613e-15,ELECTRODE_ATTACHMENT,CONFIRMED,6.447587850425118e-05,22358642.440878477,8.49136045071112,2653959578325767.0,1.4212729703019524e-05,6.044278341700607e-12,6.229758813269283e-07,103068.6950713208,0.0282746803705433,-4.356500538703341e-13
1051,8.74460973423621e-12,5.865070539075178e-15,ELECTRODE_ATTACHMENT,CONFIRMED,6.447687164793037e-05,22358642.4355392,8.491360448683372,2652892209187436.0,1.4207013629449707e-05,6.044278344151495e-12,6.232265304825331e-07,103110.16386026853,0.0282623774873361,-4.359971787613953e-13
1052,8.75047480479832e-12,5.865070562108202e-15,ELECTRODE_ATTACHMENT,CONFIRMED,6.447786347301973e-05,22358642.43030216,8.491360446694449,2651821013972968.0,1.4201277066116788e-05,6.044278346555456e-12,6.234782809727336e-07,103151.81486108172,0.0282500362980841,-4.3634409349438244e-13
1053,8.756339875383489e-12,5.8650705851706854e-15,ELECTRODE_ATTACHMENT,CONFIRMED,6.447885398053307e-05,22358642.425167337,8.491360444744348,2650745996118811.5,1.419552003142398e-05,6.044278348912493e-12,6.237311344142297e-07,103193.64834123722,0.0282376568384721,-4.3669079736430564e-13
1054,8.762204945991751e-12,5.865070608262605e-15,ELECTRODE_ATTACHMENT,CONFIRMED,6.447984317148905e-05,22358642.420134984,8.491360442833162,2649667159073024.0,1.4189742543836612e-05,6.0442783512224974e-12,6.239850924318469e-07,103235.66456955804,0.0282252391443029,-4.37037289666519e-13
1055,8.768070016623134e-12,5.8650706313839685e-15,ELECTRODE_ATTACHMENT,CONFIRMED,6.448083104691104e-05,22358642.415205225,8.49136044096094,2648584506295263.0,1.4183944621882168e-05,6.044278353485405e-12,6.242401566585555e-07,103277.86381621394,0.028212783251495,-4.373835696967219e-13
1056,8.773935087277669e-12,5.86507065453478e-15,ELECTRODE_ATTACHMENT,CONFIRMED,6.448181760782714e-05,22358642.41037821,8.491360439127737,2647498041256777.0,1.41781262841502e-05,6.044278355701146e-12,6.244963287354934e-07,103320.2463527262,0.0282002891960839,-4.3772963675096406e-13
1057,8.779800157955384e-12,5.865070677715013e-15,ELECTRODE_ATTACHMENT,CONFIRMED,6.448280285527006e-05,22358642.405654263,8.491360437333677,2646407767440395.5,1.4172287549292258e-05,6.044278357869584e-12,6.247536103119899e-07,103362.81245197248,0.0281877570142218,-4.3807549012564636e-13
1058,8.785665228656307e-12,5.865070700924657e-15,ELECTRODE_ATTACHMENT,CONFIRMED,6.448378679027704e-05,22358642.40103329,8.491360435578724,2645313688340519.0,1.4166428436021896e-05,6.044278359990749e-12,6.250120030455866e-07,103405.56238818612,0.0281751867421759,-4.3842112911752067e-13
1059,8.79153029938047e-12,5.865070724163725e-15,ELECTRODE_ATTACHMENT,CONFIRMED,6.448476941388989e-05,22358642.396515567,8.491360433862985,2644215807463109.0,1.4160548963114546e-05,6.044278362064519e-12,6.252715086020624e-07,103448.49643696604,0.0281625784163308,-4.387665530236965e-13
1060,8.797395370127904e-12,5.865070747432208e-15,ELECTRODE_ATTACHMENT,CONFIRMED,6.448575072715483e-05,22358642.39210128,8.491360432186529,2643114128325679.5,1.4154649149407526e-05,6.0442783640908105e-12,6.255321286554541e-07,103491.61487527676,0.0281499320731871,-4.391117611416418e-13
1061,8.803260440898635e-12,5.865070770730075e-15,ELECTRODE_ATTACHMENT,CONFIRMED,6.448673073112245e-05,22358642.38779052,8.491360430549388,2642008654457285.0,1.4148729013799954e-05,6.044278366069581e-12,6.257938648880811e-07,103534.91798145238,0.028137247749361,-4.394567527691836e-13
1062,8.809125511692691e-12,5.865070794057355e-15,ELECTRODE_ATTACHMENT,CONFIRMED,6.44877094268477e-05,22358642.38358356,8.491360428951669,2640899389398515.0,1.4142788575252712e-05,6.044278368000704e-12,6.260567189905678e-07,103578.40603520248,0.028124525481585,-4.39801527204513e-13
1063,8.814990582510106e-12,5.865070817414013e-15,ELECTRODE_ATTACHMENT,CONFIRMED,6.448868681538981e-05,22358642.37948044,8.491360427393385,2639786336701478.0,1.4136827852788387e-05,6.044278369884159e-12,6.263206926618672e-07,103622.07931761272,0.0281117653067071,-4.401460837461858e-13
1064,8.820855653350907e-12,5.86507084080006e-15,ELECTRODE_ATTACHMENT,CONFIRMED,6.448966289781218e-05,22358642.37548133,8.491360425874605,2638669499929796.0,1.4130846865491214e-05,6.04427837171987e-12,6.265857876092844e-07,103665.93811115164,0.0280989672616911,-4.4049042169312565e-13
1065,8.826720724215122e-12,5.8650708642154734e-15,ELECTRODE_ATTACHMENT,CONFIRMED,6.44906376751824e-05,22358642.37158641,8.491360424395394,2637548882658593.0,1.412484563250702e-05,6.044278373507755e-12,6.268520055485005e-07,103709.98269967356,0.0280861313836166,-4.408345403446257e-13
1066,8.832585795102782e-12,5.865070887660251e-15,ELECTRODE_ATTACHMENT,CONFIRMED,6.449161114857214e-05,22358642.36779585,8.491360422955818,2636424488474487.5,1.4118824173043188e-05,6.044278375247736e-12,6.271193482035946e-07,103754.21336842234,0.0280732577096787,-4.411784390003524e-13
1067,8.838450866013917e-12,5.865070911134385e-15,ELECTRODE_ATTACHMENT,CONFIRMED,6.449258331905715e-05,22358642.36410984,8.491360421555944,2635296320975576.5,1.4112782506368583e-05,6.044278376939728e-12,6.273878173070711e-07,103798.63040403562,0.028060346277188,-4.415221169603452e-13
1068,8.844315936948557e-12,5.8650709346378895e-15,ELECTRODE_ATTACHMENT,CONFIRMED,6.449355418771713e-05,22358642.360528484,8.49136042019582,2634164383771432.0,1.4106720651813526e-05,6.0442783785836764e-12,6.276574145998793e-07,103843.23409454792,0.0280473971235702,-4.4186557352502326e-13
1069,8.850181007906727e-12,5.865070958170721e-15,ELECTRODE_ATTACHMENT,CONFIRMED,6.449452375563575e-05,22358642.35705189,8.491360418875479,2633028680483087.0,1.4100638628769696e-05,6.0442783801795364e-12,6.279281418314416e-07,103888.0247293954,0.0280344102863661,-4.422088079951827e-13
1070,8.856046078888462e-12,5.8650709817328895e-15,ELECTRODE_ATTACHMENT,CONFIRMED,6.449549202390054e-05,22358642.353680387,8.491360417595049,2631889214743027.5,1.409453645669011e-05,6.044278381727161e-12,6.282000007596754e-07,103933.00259942138,0.0280213858032325,-4.425518196720021e-13
1071,8.861911149893782e-12,5.865071005324403e-15,ELECTRODE_ATTACHMENT,CONFIRMED,6.449645899360288e-05,22358642.350414,8.491360416354542,2630745990195180.0,1.4088414155089068e-05,6.044278383226527e-12,6.284729931510184e-07,103978.16799687671,0.0280083237119402,-4.428946078570454e-13
1072,8.86777622092273e-12,5.8650710289452396e-15,ELECTRODE_ATTACHMENT,CONFIRMED,6.449742466583788e-05,22358642.347252905,8.491360415154022,2629599010494903.5,1.4082271743542075e-05,6.044278384677568e-12,6.287471207804523e-07,104023.52121542676,0.0279952240503753,-4.4323717185226194e-13
1073,8.873641291975325e-12,5.865071052595384e-15,ELECTRODE_ATTACHMENT,CONFIRMED,6.449838904170443e-05,22358642.34419721,8.49136041399353,2628448279308978.0,1.4076109241685824e-05,6.044278386080225e-12,6.290223854315286e-07,104069.06255015428,0.0279820868565389,-4.435795109599901e-13
1074,8.8795063630516e-12,5.8650710762748255e-15,ELECTRODE_ATTACHMENT,CONFIRMED,6.449935212230506e-05,22358642.341247167,8.491360412873165,2627293800315594.5,1.4069926669218084e-05,6.0442783874343806e-12,6.29298788896393e-07,104114.79229756523,0.0279689121685468,-4.439216244829602e-13
1075,8.885371434151584e-12,5.865071099983569e-15,ELECTRODE_ATTACHMENT,CONFIRMED,6.450031390874593e-05,22358642.338402912,8.491360411792973,2626135577204345.0,1.4063724045897708e-05,6.04427838873998e-12,6.2957633297581e-07,104160.71075559022,0.0279557000246294,-4.442635117242948e-13
1076,8.891236505275306e-12,5.865071123721615e-15,ELECTRODE_ATTACHMENT,CONFIRMED,6.450127440213675e-05,22358642.335664563,8.491360410753003,2624973613676212.5,1.4057501391544536e-05,6.044278389996966e-12,6.298550194791883e-07,104206.8182235902,0.0279424504631315,-4.446051719875138e-13
1077,8.897101576422795e-12,5.865071147488943e-15,ELECTRODE_ATTACHMENT,CONFIRMED,6.450223360359079e-05,22358642.333032317,8.491360409753328,2623807913443558.5,1.4051258726039345e-05,6.04427839120525e-12,6.301348502246067e-07,104253.11500236104,0.0279291635225124,-4.4494660457653526e-13
1078,8.90296664759408e-12,5.865071171285547e-15,ELECTRODE_ATTACHMENT,CONFIRMED,6.450319151422473e-05,22358642.33050632,8.491360408794009,2622638480230115.0,1.4044996069323817e-05,6.044278392364756e-12,6.304158270388379e-07,104299.6013941368,0.0279158392413459,-4.4528780879567773e-13
1079,8.90883171878919e-12,5.865071195111418e-15,ELECTRODE_ATTACHMENT,CONFIRMED,6.45041481351587e-05,22358642.32808669,8.491360407875078,2621465317770973.0,1.4038713441400448e-05,6.044278393475441e-12,6.306979517573756e-07,104346.27770259375,0.0279024776583197,-4.456287839496618e-13
1080,8.914696790008159e-12,5.865071218966556e-15,ELECTRODE_ATTACHMENT,CONFIRMED,6.45051034675162e-05,22358642.325773574,8.491360406996606,2620288429812571.5,1.403241086233252e-05,6.0442783945372294e-12,6.309812262244597e-07,104393.14423285588,0.0278890788122357,-4.459695293436158e-13
1081,8.920561861251011e-12,5.865071242850944e-15,ELECTRODE_ATTACHMENT,CONFIRMED,6.450605751242406e-05,22358642.323567186,8.491360406158662,2619107820112688.5,1.402608835224403e-05,6.044278395550028e-12,6.312656522931016e-07,104440.20129149866,0.02787564274201,-4.463100442830741e-13
1082,8.926426932517774e-12,5.865071266764579e-15,ELECTRODE_ATTACHMENT,CONFIRMED,6.450701027101235e-05,22358642.3214677,8.491360405361322,2617923492440429.0,1.4019745931319628e-05,6.044278396513753e-12,6.315512318251111e-07,104487.44918655304,0.0278621694866728,-4.4665032807398254e-13
1083,8.932292003808483e-12,5.865071290707448e-15,ELECTRODE_ATTACHMENT,CONFIRMED,6.450796174441438e-05,22358642.319475207,8.491360404604617,2616735450576214.5,1.401338361980458e-05,6.044278397428367e-12,6.31837966691122e-07,104534.88822750907,0.0278486590853673,-4.4699038002269724e-13
1084,8.938157075123161e-12,5.865071314679555e-15,ELECTRODE_ATTACHMENT,CONFIRMED,6.450891193376665e-05,22358642.31758992,8.491360403888617,2615543698311773.0,1.4007001438004695e-05,6.044278398293777e-12,6.321258587706181e-07,104582.518725322,0.0278351115773513,-4.473301994359922e-13
1085,8.944022146461842e-12,5.865071338680869e-15,ELECTRODE_ATTACHMENT,CONFIRMED,6.450986084020878e-05,22358642.315811917,8.491360403213369,2614348239450128.0,1.4000599406286284e-05,6.044278399109932e-12,6.324149099519597e-07,104630.34099241487,0.0278215270019955,-4.4766978562105604e-13
1086,8.949887217824555e-12,5.8650713627114106e-15,ELECTRODE_ATTACHMENT,CONFIRMED,6.451080846488345e-05,22358642.314141456,8.491360402578962,2613149077805587.5,1.3994177545076072e-05,6.0442783998767215e-12,6.327051221324112e-07,104678.35534268504,0.0278079053987848,-4.480091378854993e-13
1087,8.955752289211325e-12,5.865071386771147e-15,ELECTRODE_ATTACHMENT,CONFIRMED,6.45117548089364e-05,22358642.312578585,8.491360401985416,2611946217203733.0,1.3987735874861175e-05,6.044278400594125e-12,6.329964972181658e-07,104726.56209150545,0.0277942468073166,-4.483482555373524e-13
1088,8.961617360622185e-12,5.8650714108600795e-15,ELECTRODE_ATTACHMENT,CONFIRMED,6.451269987351638e-05,22358642.31112351,8.491360401432807,2610739661481411.0,1.3981274416189012e-05,6.0442784012620495e-12,6.332890371243752e-07,104774.96155573244,0.0277805512673022,-4.486871378850713e-13
1089,8.967482432057163e-12,5.865071434978208e-15,ELECTRODE_ATTACHMENT,CONFIRMED,6.451364365977504e-05,22358642.30977644,8.491360400921216,2609529414486718.0,1.3974793189667272e-05,6.044278401880399e-12,6.335827437751737e-07,104823.55405370862,0.0277668188185661,-4.490257842375394e-13
1090,8.97334750351629e-12,5.865071459125496e-15,ELECTRODE_ATTACHMENT,CONFIRMED,6.451458616886697e-05,22358642.308537375,8.491360400450647,2608315480078993.0,1.396829221596386e-05,6.044278402449164e-12,6.338776191037061e-07,104872.33990526584,0.0277530495010453,-4.493641939040662e-13
1091,8.97921257499959e-12,5.86507148330198e-15,ELECTRODE_ATTACHMENT,CONFIRMED,6.451552740194962e-05,22358642.307406664,8.491360400021225,2607097862128807.0,1.3961771515806791e-05,6.0442784029681935e-12,6.341736650521569e-07,104921.31943173397,0.0277392433547906,-4.497023661943966e-13
1092,8.985077646507099e-12,5.865071507507617e-15,ELECTRODE_ATTACHMENT,CONFIRMED,6.45164673601832e-05,22358642.30638434,8.491360399632967,2605876564517948.0,1.3955231109984184e-05,6.044278403437473e-12,6.344708835717759e-07,104970.4929559404,0.0277254004199648,-4.5004030041870555e-13
1093,8.99094271803884e-12,5.865071531742413e-15,ELECTRODE_ATTACHMENT,CONFIRMED,6.451740604473078e-05,22358642.305470616,8.491360399285952,2604651591139414.0,1.394867101934418e-05,6.044278403856901e-12,6.347692766229061e-07,105019.86080221832,0.0277115207368441,-4.5037799588760717e-13
1094,8.996807789594848e-12,5.865071556006351e-15,ELECTRODE_ATTACHMENT,CONFIRMED,6.451834345675804e-05,22358642.30466559,8.491360398980222,2603422945897400.5,1.3942091264794892e-05,6.04427840422643e-12,6.350688461750115e-07,105069.4232964092,0.0276976043458168,-4.5071545191215246e-13
1095,9.002672861175147e-12,5.865071580299411e-15,ELECTRODE_ATTACHMENT,CONFIRMED,6.45192795974334e-05,22358642.303969417,8.491360398715827,2602190632707289.0,1.3935491867304332e-05,6.044278404545995e-12,6.353695942067057e-07,105119.1807658685,0.0276836512873839,-4.510526678038321e-13
1096,9.008537932779768e-12,5.86507160462162e-15,ELECTRODE_ATTACHMENT,CONFIRMED,6.452021446792801e-05,22358642.303382315,8.491360398492857,2600954655495638.0,1.3928872847900365e-05,6.044278404815492e-12,6.356715227057787e-07,105169.13353947058,0.0276696616021591,-4.5138964287458316e-13
1097,9.01440300440874e-12,5.865071628972938e-15,ELECTRODE_ATTACHMENT,CONFIRMED,6.452114806941544e-05,22358642.302904397,8.491360398311356,2599715018200168.0,1.3922234227670637e-05,6.044278405034873e-12,6.359746336692266e-07,105219.28194761196,0.027655635330868,-4.5172637643678573e-13
1098,9.020268076062094e-12,5.865071653353366e-15,ELECTRODE_ATTACHMENT,CONFIRMED,6.4522080403072e-05,22358642.302535843,8.491360398171388,2598471724769754.0,1.391557602776252e-05,6.044278405204049e-12,6.362789291032792e-07,105269.62632221756,0.0276415725143487,-4.520628678032682e-13
1099,9.026133147739856e-12,5.865071677762901e-15,ELECTRODE_ATTACHMENT,CONFIRMED,6.452301147007637e-05,22358642.302276734,8.491360398072983,2597224779164413.0,1.3908898269383084e-05,6.0442784053229844e-12,6.365844110234274e-07,105320.16699674354,0.027627473193551,-4.5239911628731036e-13
1100,9.031998219442058e-12,5.865071702201526e-15,ELECTRODE_ATTACHMENT,CONFIRMED,6.452394127160977e-05,22358642.302127317,8.491360398016234,2595974185355292.0,1.3902200973798969e-05,6.044278405391575e-12,6.368910814544549e-07,105370.9043061848,0.0276133374095371,-4.5273512120264323e-13
1101,9.037863291168728e-12,5.865071726669233e-15,ELECTRODE_ATTACHMENT,CONFIRMED,6.45248698088559e-05,22358642.30208768,8.49136039800118,2594719947324658.0,1.3895484162336376e-05,6.0442784054097706e-12,6.37198942430464e-07,105421.838587077,0.0275991652034807,-4.5307088186345314e-13
1102,9.043728362919893e-12,5.865071751166016e-15,ELECTRODE_ATTACHMENT,CONFIRMED,6.452579708300074e-05,22358642.302157976,8.491360398027878,2593462069065886.0,1.3888747856381006e-05,6.044278405377502e-12,6.375079959949059e-07,105472.97017750288,0.0275849566166674,-4.5340639758438454e-13
1103,9.049593434695585e-12,5.865071775691867e-15,ELECTRODE_ATTACHMENT,CONFIRMED,6.452672309523275e-05,22358642.30233839,8.491360398096397,2592200554583447.0,1.3881992077377967e-05,6.044278405294684e-12,6.378182442006104e-07,105524.29941709708,0.0275707116904945,-4.5374166768054084e-13
1104,9.055458506495833e-12,5.8650718002467645e-15,ELECTRODE_ATTACHMENT,CONFIRMED,6.452764784674262e-05,22358642.302629128,8.491360398206814,2590935407892898.5,1.3875216846831747e-05,6.044278405161226e-12,6.381296891098143e-07,105575.8266470508,0.0275564304664709,-4.5407669146748717e-13
1105,9.061323578320665e-12,5.865071824830723e-15,ELECTRODE_ATTACHMENT,CONFIRMED,6.452857133872335e-05,22358642.3030302,8.491360398359129,2589666633020871.0,1.3868422186306136e-05,6.044278404977124e-12,6.384423327941907e-07,105627.55221011484,0.0275421129862162,-4.5441146826125427e-13
1106,9.067188650170107e-12,5.865071849443699e-15,ELECTRODE_ATTACHMENT,CONFIRMED,6.45294935723702e-05,22358642.303541925,8.491360398553475,2588394234005058.0,1.3861608117424143e-05,6.044278404742227e-12,6.387561773348808e-07,105679.476450609,0.0275277592914626,-4.5474599737833755e-13
1107,9.073053722044191e-12,5.8650718740857285e-15,ELECTRODE_ATTACHMENT,CONFIRMED,6.453041454888055e-05,22358642.30416436,8.491360398789862,2587118214894204.0,1.3854774661868005e-05,6.044278404456509e-12,6.390712248225201e-07,105731.59971442186,0.0275133694240522,-4.550802781357042e-13
1108,9.078918793942948e-12,5.865071898756751e-15,ELECTRODE_ATTACHMENT,CONFIRMED,6.453133426945404e-05,22358642.30489761,8.491360399068336,2585838579748093.0,1.3847921841379042e-05,6.044278404119927e-12,6.393874773572709e-07,105783.92234901836,0.0274989434259386,-4.554143098507893e-13
1109,9.084783865866406e-12,5.8650719234568004e-15,ELECTRODE_ATTACHMENT,CONFIRMED,6.453225273529241e-05,22358642.30574194,8.491360399388995,2584555332637536.0,1.3841049677757635e-05,6.044278403732355e-12,6.397049370488534e-07,105836.4447034462,0.0274844813391868,-4.557480918415056e-13
1110,9.090648937814592e-12,5.8650719481858496e-15,ELECTRODE_ATTACHMENT,CONFIRMED,6.453316994759944e-05,22358642.30669743,8.491360399751871,2583268477644361.0,1.3834158192863174e-05,6.044278403293757e-12,6.400236060165727e-07,105889.16712833734,0.027469983205972,-4.560816234262393e-13
1111,9.096514009787536e-12,5.8650719729438815e-15,ELECTRODE_ATTACHMENT,CONFIRMED,6.4534085907581e-05,22358642.30776424,8.491360400157024,2581978018861401.0,1.382724740861398e-05,6.044278402804056e-12,6.403434863893514e-07,105942.08997591572,0.0274554490685805,-4.564149039238556e-13
1112,9.102379081785266e-12,5.865071997730901e-15,ELECTRODE_ATTACHMENT,CONFIRMED,6.4535000616445e-05,22358642.30894253,8.491360400604515,2580683960392482.0,1.382031734698723e-05,6.044278402263187e-12,6.406645803057609e-07,105995.21360000128,0.027440878969409,-4.567479326537011e-13
1113,9.108244153807812e-12,5.8650720225468896e-15,ELECTRODE_ATTACHMENT,CONFIRMED,6.453591407540124e-05,22358642.31023248,8.491360401094411,2579386306352409.0,1.3813368030018929e-05,6.044278401671061e-12,6.409868899140502e-07,106048.5383560156,0.027426272950965,-4.570807089356055e-13
1114,9.114109225855204e-12,5.865072047391836e-15,ELECTRODE_ATTACHMENT,CONFIRMED,6.45368262856616e-05,22358642.311634224,8.491360401626766,2578085060866960.5,1.38063994798038e-05,6.044278401027618e-12,6.413104173721783e-07,106102.06460098624,0.027411631055866,-4.574132320898833e-13
1115,9.119974297927473e-12,5.865072072265731e-15,ELECTRODE_ATTACHMENT,CONFIRMED,6.453773724843973e-05,22358642.31314787,8.491360402201618,2576780228072869.0,1.3799411718495285e-05,6.0442784003328114e-12,6.416351648478447e-07,106155.79269355212,0.0273969533268397,-4.577455014373364e-13
1116,9.125839370024641e-12,5.865072097168587e-15,ELECTRODE_ATTACHMENT,CONFIRMED,6.453864696495125e-05,22358642.31477365,8.491360402819057,2575471812117815.0,1.379240476830542e-05,6.044278399586525e-12,6.419611345185207e-07,106209.72299396992,0.0273822398067246,-4.580775162992594e-13
1117,9.13170444214674e-12,5.865072122100357e-15,ELECTRODE_ATTACHMENT,CONFIRMED,6.453955543641355e-05,22358642.31651164,8.49136040347911,2574159817160412.5,1.378537865150479e-05,6.044278398788738e-12,6.422883285714819e-07,106263.85586411694,0.0273674905384684,-4.584092759974372e-13
1118,9.1375695142938e-12,5.865072147061042e-15,ELECTRODE_ATTACHMENT,CONFIRMED,6.454046266404588e-05,22358642.318362117,8.491360404181883,2572844247370197.0,1.3778333390422488e-05,6.0442783979393134e-12,6.426167492038386e-07,106318.19166749949,0.0273527055651296,-4.587407798541496e-13
1119,9.14343458646585e-12,5.8650721720506574e-15,ELECTRODE_ATTACHMENT,CONFIRMED,6.454136864906923e-05,22358642.32032507,8.491360404927374,2571525106927616.0,1.3771269007446026e-05,6.0442783970382585e-12,6.429463986225674e-07,106372.73076925376,0.0273378849298753,-4.590720271921746e-13
1120,9.14929965866292e-12,5.865072197069164e-15,ELECTRODE_ATTACHMENT,CONFIRMED,6.454227339270633e-05,22358642.322400708,8.491360405715657,2570202400024013.0,1.376418552502129e-05,6.0442783960854765e-12,6.432772790445445e-07,106427.4735361557,0.0273230286759831,-4.594030173347888e-13
1121,9.155164730885036e-12,5.865072222116569e-15,ELECTRODE_ATTACHMENT,CONFIRMED,6.454317689618159e-05,22358642.3245892,8.491360406546804,2568876130861619.5,1.3757082965652452e-05,6.044278395080894e-12,6.436093926965773e-07,106482.42033662372,0.0273081368468402,-4.597337496057714e-13
1122,9.161029803132228e-12,5.865072247192854e-15,ELECTRODE_ATTACHMENT,CONFIRMED,6.454407916072116e-05,22358642.326890677,8.491360407420858,2567546303653540.5,1.3749961351901927e-05,6.044278394024447e-12,6.439427418154357e-07,106537.57154072465,0.0272932094859428,-4.600642233294058e-13
1123,9.166894875404528e-12,5.8650722722980244e-15,ELECTRODE_ATTACHMENT,CONFIRMED,6.454498018755272e-05,22358642.32930533,8.491360408337894,2566212922623743.0,1.3742820706390294e-05,6.044278392916044e-12,6.442773286478867e-07,106592.92752017948,0.0272782466368968,-4.603944378304826e-13
1124,9.17275994770196e-12,5.865072297432039e-15,ELECTRODE_ATTACHMENT,CONFIRMED,6.454587997790566e-05,22358642.33183328,8.491360409297958,2564875992007044.5,1.3735661051796232e-05,6.044278391755643e-12,6.446131554507256e-07,106648.48864836764,0.0272632483434169,-4.607243924342998e-13
1125,9.178625020024552e-12,5.865072322594901e-15,ELECTRODE_ATTACHMENT,CONFIRMED,6.454677853301089e-05,22358642.33447469,8.491360410301114,2563535516049100.5,1.372848241085648e-05,6.044278390543152e-12,6.449502244908083e-07,106704.255300334,0.0272482146493274,-4.610540864666673e-13
1126,9.18449009237234e-12,5.865072347786616e-15,ELECTRODE_ATTACHMENT,CONFIRMED,6.454767585410081e-05,22358642.337229688,8.491360411347408,2562191499006392.0,1.3721284806365743e-05,6.044278389278525e-12,6.452885380450859e-07,106760.22785279264,0.0272331455985609,-4.613835192539092e-13
1127,9.190355164745347e-12,5.865072373007152e-15,ELECTRODE_ATTACHMENT,CONFIRMED,6.454857194240945e-05,22358642.34009844,8.491360412436899,2560843945146213.0,1.3714068261176626e-05,6.044278387961685e-12,6.456280984006375e-07,106816.40668413402,0.0272180412351593,-4.617126901228644e-13
1128,9.196220237143604e-12,5.8650723982565204e-15,ELECTRODE_ATTACHMENT,CONFIRMED,6.454946679917223e-05,22358642.34308115,8.491360413569673,2559492858746660.0,1.3706832798199583e-05,6.04427838659253e-12,6.459689078547024e-07,106872.79217442998,0.0272029016032732,-4.62041598400892e-13
1129,9.202085309567138e-12,5.865072423534685e-15,ELECTRODE_ATTACHMENT,CONFIRMED,6.455036042562603e-05,22358642.34617783,8.49136041474573,2558138244096617.0,1.3699578440402872e-05,6.044278385171058e-12,6.463109687147147e-07,106929.3847054372,0.0271877267471613,-4.623702434158692e-13
1130,9.207950382015981e-12,5.865072448841659e-15,ELECTRODE_ATTACHMENT,CONFIRMED,6.455125282300912e-05,22358642.34938873,8.491360415965165,2556780105495747.5,1.3692305210812412e-05,6.044278383697159e-12,6.466542832983381e-07,106986.18466060676,0.0271725167111913,-4.626986244961981e-13
1131,9.213815454490158e-12,5.865072474177416e-15,ELECTRODE_ATTACHMENT,CONFIRMED,6.45521439925612e-05,22358642.35271401,8.491360417228037,2555418447254475.5,1.368501313251181e-05,6.0442783821707565e-12,6.469988539334973e-07,107043.19242508692,0.0271572715398392,-4.630267409708058e-13
1132,9.219680526989696e-12,5.865072499541945e-15,ELECTRODE_ATTACHMENT,CONFIRMED,6.455303393552334e-05,22358642.356153782,8.491360418534395,2554053273693979.0,1.3677702228642238e-05,6.0442783805917995e-12,6.473446829584139e-07,107100.40838572892,0.0271419912776889,-4.633545921691457e-13
1133,9.225545599514633e-12,5.865072524935258e-15,ELECTRODE_ATTACHMENT,CONFIRMED,6.455392265313787e-05,22358642.35970819,8.491360419884286,2552684589146175.5,1.367037252240238e-05,6.044278378960219e-12,6.476917727216405e-07,107157.8329310936,0.0271266759694325,-4.636821774212034e-13
1134,9.23141067206499e-12,5.865072550357306e-15,ELECTRODE_ATTACHMENT,CONFIRMED,6.455481014664845e-05,22358642.363377385,8.491360421277772,2551312397953709.0,1.366302403704838e-05,6.044278377275944e-12,6.48040125582094e-07,107215.46645145668,0.0271113256598702,-4.640094960574942e-13
1135,9.237275744640798e-12,5.865072575808112e-15,ELECTRODE_ATTACHMENT,CONFIRMED,6.45556964173e-05,22358642.36716155,8.491360422714923,2549936704469940.0,1.3655656795893738e-05,6.0442783755389005e-12,6.483897439090926e-07,107273.30933881468,0.0270959403939102,-4.643365474090696e-13
1136,9.243140817242086e-12,5.8650726012876616e-15,ELECTRODE_ATTACHMENT,CONFIRMED,6.455658146633868e-05,22358642.371060815,8.491360424195786,2548557513058928.0,1.3648270822309286e-05,6.044278373749021e-12,6.487406300823882e-07,107331.36198689022,0.0270805202165679,-4.646633308075193e-13
1137,9.249005889868883e-12,5.865072626795915e-15,ELECTRODE_ATTACHMENT,CONFIRMED,6.45574652950119e-05,22358642.375075337,8.49136042572042,2547174828095424.0,1.3640866139723093e-05,6.0442783719062335e-12,6.49092786492203e-07,107389.62479113833,0.0270650651729668,-4.64989845584969e-13
1138,9.254870962521217e-12,5.865072652332897e-15,ELECTRODE_ATTACHMENT,CONFIRMED,6.455834790456814e-05,22358642.37920524,8.491360427288871,2545788653964855.0,1.3633442771620415e-05,6.044278370010484e-12,6.494462155392631e-07,107448.09814875164,0.0270495753083376,-4.653160910740882e-13
1139,9.260736035199114e-12,5.865072677898572e-15,ELECTRODE_ATTACHMENT,CONFIRMED,6.455922929625711e-05,22358642.38345066,8.491360428901197,2544398995063313.0,1.3626000741543608e-05,6.0442783680617056e-12,6.498009196348365e-07,107506.78245866696,0.0270340506680184,-4.656420666080909e-13
1140,9.266601107902609e-12,5.865072703492939e-15,ELECTRODE_ATTACHMENT,CONFIRMED,6.45601094713297e-05,22358642.387811817,8.491360430557474,2543005855797541.0,1.361854007309207e-05,6.0442783660598025e-12,6.501569012007666e-07,107565.67812157144,0.0270184912974547,-4.659677715207361e-13
1141,9.272466180631725e-12,5.865072729115985e-15,ELECTRODE_ATTACHMENT,CONFIRMED,6.456098843103773e-05,22358642.3922888,8.491360432257743,2541609240584920.5,1.3611060789922174e-05,6.044278364004738e-12,6.505141626695085e-07,107624.78553990676,0.0270028972421988,-4.662932051463314e-13
1142,9.27833125338649e-12,5.865072754767692e-15,ELECTRODE_ATTACHMENT,CONFIRMED,6.456186617663424e-05,22358642.396881785,8.491360434002065,2540209153853460.0,1.360356291574721e-05,6.044278361896416e-12,6.508727064841647e-07,107684.10511787726,0.0269872685479102,-4.666183668197359e-13
1143,9.284196326166941e-12,5.865072780448064e-15,ELECTRODE_ATTACHMENT,CONFIRMED,6.456274270937325e-05,22358642.40159091,8.491360435790497,2538805600041781.0,1.3596046474337292e-05,6.044278359734787e-12,6.512325350985224e-07,107743.6372614542,0.0269716052603551,-4.669432558763616e-13
1144,9.290061398973097e-12,5.865072806157085e-15,ELECTRODE_ATTACHMENT,CONFIRMED,6.456361803050977e-05,22358642.406416263,8.491360437623069,2537398583599105.0,1.3588511489519313e-05,6.044278357519802e-12,6.515936509770883e-07,107803.38237838238,0.0269559074254064,-4.672678716521766e-13
1145,9.295926471804992e-12,5.865072831894744e-15,ELECTRODE_ATTACHMENT,CONFIRMED,6.456449214129985e-05,22358642.41135813,8.49136043949989,2535988108985242.0,1.3580957985176857e-05,6.044278355251337e-12,6.519560565951267e-07,107863.34087818772,0.026940175089044,-4.675922134837069e-13
1146,9.301791544662652e-12,5.865072857661013e-15,ELECTRODE_ATTACHMENT,CONFIRMED,6.456536504300048e-05,22358642.416416485,8.49136044142095,2534574180670576.0,1.3573385985250147e-05,6.0442783529293976e-12,6.523197544386952e-07,107923.51317217946,0.0269244082973535,-4.67916280708038e-13
1147,9.307656617546109e-12,5.865072883455894e-15,ELECTRODE_ATTACHMENT,CONFIRMED,6.456623673686957e-05,22358642.421591613,8.49136044338636,2533156803136053.0,1.356579551373596e-05,6.044278350553858e-12,6.526847470046817e-07,107983.89967346126,0.0269086070965275,-4.682400726628186e-13
1148,9.31352169045539e-12,5.865072909279382e-15,ELECTRODE_ATTACHMENT,CONFIRMED,6.456710722416597e-05,22358642.426883623,8.491360445396158,2531735980873169.0,1.3558186594687572e-05,6.044278348124665e-12,6.530510368008423e-07,108044.50079693335,0.0268927715328647,-4.685635886862621e-13
1149,9.31938676339052e-12,5.865072935131464e-15,ELECTRODE_ATTACHMENT,CONFIRMED,6.456797650614936e-05,22358642.43229264,8.491360447450393,2530311718383955.5,1.3550559252214683e-05,6.044278345641764e-12,6.534186263458377e-07,108105.31695930024,0.0268769016527694,-4.688868281171496e-13
1150,9.32525183635153e-12,5.86507296101212e-15,ELECTRODE_ATTACHMENT,CONFIRMED,6.456884458408031e-05,22358642.43781889,8.491360449549152,2528884020180965.0,1.3542913510483334e-05,6.04427834310505e-12,6.537875181692719e-07,108166.34857907784,0.0268609975027526,-4.692097902948314e-13
1151,9.331116909338451e-12,5.865072986921322e-15,ELECTRODE_ATTACHMENT,CONFIRMED,6.456971145922026e-05,22358642.443462376,8.491360451692435,2527452890787262.5,1.3535249393715884e-05,6.044278340514515e-12,6.541577148117274e-07,108227.59607659672,0.0268450591294302,-4.695324745592289e-13
1152,9.336981982351313e-12,5.865073012859094e-15,ELECTRODE_ATTACHMENT,CONFIRMED,6.45705771328314e-05,22358642.449223354,8.491360453880336,2526018334736408.5,1.3527566926190856e-05,6.044278337870054e-12,6.545292188248074e-07,108289.05987401251,0.0268290865795247,-4.698548802508389e-13
1153,9.342847055390136e-12,5.865073038825403e-15,ELECTRODE_ATTACHMENT,CONFIRMED,6.457144160617673e-05,22358642.45510188,8.491360456112883,2524580356572447.0,1.3519866132242947e-05,6.044278335171634e-12,6.549020327711699e-07,108350.74039530862,0.0268130798998634,-4.701770067107341e-13
1154,9.348712128454958e-12,5.8650730648202485e-15,ELECTRODE_ATTACHMENT,CONFIRMED,6.457230488052e-05,22358642.46109824,8.491360458390178,2523138960849893.0,1.351214703626292e-05,6.044278332419128e-12,6.552761592245683e-07,108412.63806630563,0.0267970391373799,-4.70498853280566e-13
1155,9.3545772015458e-12,5.8650730908436125e-15,ELECTRODE_ATTACHMENT,CONFIRMED,6.457316695712569e-05,22358642.46721248,8.491360460712244,2521694152133719.5,1.350440966269755e-05,6.044278329612504e-12,6.556516007698888e-07,108474.75331466449,0.0267809643391121,-4.708204193025684e-13
1156,9.360442274662696e-12,5.865073116895473e-15,ELECTRODE_ATTACHMENT,CONFIRMED,6.4574027837259e-05,22358642.473444752,8.491360463079134,2520245934999341.0,1.3496654036049527e-05,6.044278326751702e-12,6.560283600031896e-07,108537.08656989498,0.0267648555522037,-4.711417041195568e-13
1157,9.366307347805674e-12,5.8650731429758286e-15,ELECTRODE_ATTACHMENT,CONFIRMED,6.457488752218581e-05,22358642.47979523,8.491360465490917,2518794314032606.0,1.3488880180877402e-05,6.044278323836642e-12,6.56406439531741e-07,108599.63826336226,0.0267487128239033,-4.714627070749331e-13
1158,9.372172420974758e-12,5.86507316908467e-15,ELECTRODE_ATTACHMENT,CONFIRMED,6.457574601317269e-05,22358642.486264057,8.491360467947647,2517339293829778.0,1.348108812179552e-05,6.044278320867258e-12,6.567858419740624e-07,108662.40882829232,0.0267325362015642,-4.717834275126879e-13
1159,9.378037494169981e-12,5.865073195221975e-15,ELECTRODE_ATTACHMENT,CONFIRMED,6.45766033114868e-05,22358642.49285137,8.491360470449374,2515880878997526.0,1.347327788347396e-05,6.044278317843482e-12,6.571665699599623e-07,108725.39869977902,0.0267163257326449,-4.721038647774017e-13
1160,9.383902567391369e-12,5.8650732213877474e-15,ELECTRODE_ATTACHMENT,CONFIRMED,6.457745941839595e-05,22358642.499557287,8.491360472996147,2514419074152909.0,1.3465449490638407e-05,6.044278314765264e-12,6.575486261305797e-07,108788.6083147904,0.026700081464708,-4.724240182142478e-13
1161,9.389767640638948e-12,5.865073247581971e-15,ELECTRODE_ATTACHMENT,CONFIRMED,6.457831433516853e-05,22358642.506382003,8.491360475588035,2512953883923364.5,1.3457602968070164e-05,6.044278311632511e-12,6.579320131384218e-07,108852.03811217612,0.026683803445421,-4.727438871689954e-13
1162,9.395632713912757e-12,5.865073273804613e-15,ELECTRODE_ATTACHMENT,CONFIRMED,6.457916806307354e-05,22358642.5133256,8.491360478225074,2511485312946693.0,1.3449738340606004e-05,6.044278308445192e-12,6.583167336474042e-07,108915.68853267231,0.0266674917225555,-4.730634709880089e-13
1163,9.40149778721281e-12,5.865073300055679e-15,ELECTRODE_ATTACHMENT,CONFIRMED,6.458002060338045e-05,22358642.52038829,8.491360480907343,2510013365871045.0,1.3441855633138144e-05,6.044278305203204e-12,6.587027903328922e-07,108979.56001891066,0.0266511463439877,-4.733827690182554e-13
1164,9.407362860539145e-12,5.865073326335157e-15,ELECTRODE_ATTACHMENT,CONFIRMED,6.458087195735933e-05,22358642.527570225,8.491360483634894,2508538047354910.5,1.3433954870614154e-05,6.044278301906481e-12,6.590901858817408e-07,109043.65301542309,0.0266347673576976,-4.73701780607301e-13
1165,9.413227933891789e-12,5.865073352643034e-15,ELECTRODE_ATTACHMENT,CONFIRMED,6.458172212628073e-05,22358642.53487148,8.491360486407762,2507059362067099.5,1.34260360780369e-05,6.044278298554985e-12,6.594789229923344e-07,109107.96796864847,0.0266183548117691,-4.74020505103319e-13
1166,9.419093007270769e-12,5.865073378979285e-15,ELECTRODE_ATTACHMENT,CONFIRMED,6.458257111141565e-05,22358642.54229223,8.491360489226015,2505577314686734.0,1.3418099280464444e-05,6.044278295148635e-12,6.59869004374629e-07,109172.50532694111,0.0266019087543901,-4.743389418550868e-13
1167,9.424958080676112e-12,5.865073405343906e-15,ELECTRODE_ATTACHMENT,CONFIRMED,6.458341891403561e-05,22358642.549832616,8.491360492089699,2504091909903231.5,1.3410144503009992e-05,6.04427829168737e-12,6.602604327501931e-07,109237.26554057612,0.0265854292338521,-4.746570902119918e-13
1168,9.430823154107849e-12,5.865073431736901e-15,ELECTRODE_ATTACHMENT,CONFIRMED,6.458426553541254e-05,22358642.55749281,8.49136049499889,2502603152416293.0,1.3402171770841825e-05,6.044278288171107e-12,6.606532108522474e-07,109302.24906175678,0.0265689162985504,-4.749749495240329e-13
1169,9.436688227566007e-12,5.865073458158233e-15,ELECTRODE_ATTACHMENT,CONFIRMED,6.458511097681875e-05,22358642.56527293,8.49136049795362,2501111046935887.5,1.3394181109183215e-05,6.0442782845998e-12,6.610473414257077e-07,109367.45634462072,0.0265523699969834,-4.752925191418223e-13
1170,9.442553301050617e-12,5.865073484607897e-15,ELECTRODE_ATTACHMENT,CONFIRMED,6.458595523952704e-05,22358642.573173117,8.49136050095395,2499615598182239.5,1.338617254331234e-05,6.04427828097338e-12,6.614428272272275e-07,109432.88784524788,0.0265357903777528,-4.756097984165885e-13
1171,9.4484183745617e-12,5.865073511085877e-15,ELECTRODE_ATTACHMENT,CONFIRMED,6.458679832481051e-05,22358642.581193574,8.491360503999958,2498116810885815.0,1.3378146098562244e-05,6.0442782772917455e-12,6.618396710252375e-07,109498.54402166726,0.0265191774895641,-4.75926786700177e-13
1172,9.454283448099294e-12,5.8650735375921865e-15,ELECTRODE_ATTACHMENT,CONFIRMED,6.458764023394263e-05,22358642.589334324,8.491360507091649,2496614689787308.0,1.337010180032074e-05,6.044278273554897e-12,6.622378755999896e-07,109564.42533386196,0.0265025313812246,-4.762434833450552e-13
1173,9.460148521663421e-12,5.865073564126764e-15,ELECTRODE_ATTACHMENT,CONFIRMED,6.458848096819722e-05,22358642.59759567,8.491360510229143,2495109239637625.0,1.3362039674030312e-05,6.0442782697626886e-12,6.626374437435992e-07,109630.53224378033,0.0264858521016457,-4.765598877043122e-13
1174,9.46601359525411e-12,5.865073590689641e-15,ELECTRODE_ATTACHMENT,CONFIRMED,6.458932052884842e-05,22358642.605977576,8.491360513412422,2493600465197875.5,1.335395974518811e-05,6.044278265915142e-12,6.630383782600865e-07,109696.86521533736,0.0264691396998405,-4.768759991316619e-13
1175,9.47187866887139e-12,5.865073617280783e-15,ELECTRODE_ATTACHMENT,CONFIRMED,6.459015891717065e-05,22358642.614480328,8.491360516641596,2492088371239352.0,1.3345862039345808e-05,6.044278262012122e-12,6.634406819654206e-07,109763.42471442788,0.0264523942249257,-4.771918169814476e-13
1176,9.47774374251529e-12,5.865073643900184e-15,ELECTRODE_ATTACHMENT,CONFIRMED,6.45909961344386e-05,22358642.623103984,8.491360519916686,2490572962543520.5,1.3337746582109554e-05,6.044278258053605e-12,6.638443576875627e-07,109830.21120892862,0.0264356157261196,-4.775073406086408e-13
1177,9.48360881618584e-12,5.865073670547816e-15,ELECTRODE_ATTACHMENT,CONFIRMED,6.459183218192724e-05,22358642.631848782,8.491360523237782,2489054243902005.0,1.3329613399139911e-05,6.044278254039476e-12,6.642494082665078e-07,109897.22516870905,0.0264188042527435,-4.778225693688448e-13
1178,9.489473889883062e-12,5.8650736972236875e-15,ELECTRODE_ATTACHMENT,CONFIRMED,6.459266706091176e-05,22358642.640714724,8.491360526604888,2487532220116575.5,1.3321462516151765e-05,6.044278249969741e-12,6.646558365543302e-07,109964.46706563476,0.0264019598542202,-4.781375026182974e-13
1179,9.495338963606987e-12,5.865073723927775e-15,ELECTRODE_ATTACHMENT,CONFIRMED,6.459350077266759e-05,22358642.649702087,8.49136053001811,2486006895999129.0,1.3313293958914232e-05,6.0442782458442724e-12,6.650636454152258e-07,110031.93737357944,0.0263850825800752,-4.784521397138738e-13
1180,9.501204037357648e-12,5.865073750660071e-15,ELECTRODE_ATTACHMENT,CONFIRMED,6.459433331847033e-05,22358642.658810955,8.49136053347747,2484478276371682.5,1.330510775325063e-05,6.0442782416630295e-12,6.654728377255565e-07,110099.636568428,0.0263681724799355,-4.787664800130864e-13
1181,9.50706911113507e-12,5.865073777420564e-15,ELECTRODE_ATTACHMENT,CONFIRMED,6.45951646995958e-05,22358642.668041408,8.491360536983011,2482946366066351.5,1.329690392503838e-05,6.044278237425968e-12,6.658834163738945e-07,110167.56512808536,0.0263512296035299,-4.790805228740911e-13
1182,9.51293418493928e-12,5.865073804209222e-15,ELECTRODE_ATTACHMENT,CONFIRMED,6.459599491731988e-05,22358642.677393757,8.491360540534842,2481411169925342.0,1.328868250020888e-05,6.044278233132963e-12,6.662953842610677e-07,110235.72353248588,0.0263342540006892,-4.793942676556859e-13
1183,9.518799258770303e-12,5.865073831026046e-15,ELECTRODE_ATTACHMENT,CONFIRMED,6.459682397291872e-05,22358642.68686799,8.491360544132966,2479872692800932.5,1.3280443504747538e-05,6.044278228784004e-12,6.667087443002018e-07,110304.1122635963,0.026317245721345,-4.797077137173149e-13
1184,9.524664332628176e-12,5.865073857871024e-15,ELECTRODE_ATTACHMENT,CONFIRMED,6.459765186766855e-05,22358642.69646428,8.491360547777443,2478330939555462.5,1.32721869646936e-05,6.044278224379014e-12,6.671234994167675e-07,110372.731805427,0.0263002048155309,-4.800208604190699e-13
1185,9.530529406512922e-12,5.8650738847441414e-15,ELECTRODE_ATTACHMENT,CONFIRMED,6.459847860284566e-05,22358642.706182774,8.491360551468333,2476785915061315.5,1.3263912906140112e-05,6.044278219917933e-12,6.675396525486257e-07,110441.58264403803,0.0262831313333812,-4.803337071216937e-13
1186,9.536394480424564e-12,5.865073911645369e-15,ELECTRODE_ATTACHMENT,CONFIRMED,6.459930417972649e-05,22358642.71602369,8.491360555205713,2475237624200907.5,1.3255621355233844e-05,6.044278215400655e-12,6.679572066460707e-07,110510.66526754745,0.0262660253251318,-4.806462531865813e-13
1187,9.54225955436314e-12,5.865073938574727e-15,ELECTRODE_ATTACHMENT,CONFIRMED,6.460012859958752e-05,22358642.72598708,8.491360558989605,2473686071866670.5,1.3247312338175211e-05,6.0442782108271604e-12,6.683761646718785e-07,110579.98016613648,0.0262488868411189,-4.80958497975783e-13
1188,9.548124628328673e-12,5.865073965532168e-15,ELECTRODE_ATTACHMENT,CONFIRMED,6.460095186370529e-05,22358642.73607311,8.491360562820075,2472131262961039.5,1.3238985881218188e-05,6.044278206197368e-12,6.687965296013506e-07,110649.5278320602,0.02623171593178,-4.812704408520061e-13
1189,9.553989702321188e-12,5.865073992517699e-15,ELECTRODE_ATTACHMENT,CONFIRMED,6.460177397335634e-05,22358642.746281914,8.491360566697173,2470573202396438.0,1.3230642010670255e-05,6.044278201511221e-12,6.692183044223606e-07,110719.30875965294,0.0262145126476528,-4.815820811786182e-13
1190,9.55985477634072e-12,5.8650740195313036e-15,ELECTRODE_ATTACHMENT,CONFIRMED,6.460259492981734e-05,22358642.756613653,8.491360570620959,2469011895095262.5,1.3222280752892292e-05,6.0442781967686395e-12,6.696414921354021e-07,110789.3234453375,0.0261972770393758,-4.818934183196482e-13
1191,9.565719850387293e-12,5.865074046572947e-15,ELECTRODE_ATTACHMENT,CONFIRMED,6.46034147343648e-05,22358642.767068423,8.491360574591468,2467447345989869.0,1.3213902134298506e-05,6.044278191969588e-12,6.700660957536333e-07,110859.5723876312,0.0261800091576877,-4.822044516397885e-13
1192,9.571584924460937e-12,5.865074073642647e-15,ELECTRODE_ATTACHMENT,CONFIRMED,6.460423338827536e-05,22358642.77764645,8.49136057860879,2465879560022560.5,1.3205506181356389e-05,6.044278187113954e-12,6.70492118302924e-07,110930.05608715591,0.0261627090534275,-4.825151805043997e-13
1193,9.577449998561677e-12,5.8650741007403575e-15,ELECTRODE_ATTACHMENT,CONFIRMED,6.460505089282554e-05,22358642.7883478,8.491360582672945,2464308542145567.0,1.3197092920586587e-05,6.044278182201711e-12,6.709195628219043e-07,111000.77504664296,0.0261453767775342,-4.828256042795089e-13
1194,9.58331507268954e-12,5.865074127866101e-15,ELECTRODE_ATTACHMENT,CONFIRMED,6.460586724929184e-05,22358642.799172603,8.491360586783987,2462734297321037.0,1.3188662378562869e-05,6.0442781772328e-12,6.713484323620101e-07,111071.7297709431,0.0261280123810465,-4.831357223318158e-13
1195,9.58918014684456e-12,5.865074155019846e-15,ELECTRODE_ATTACHMENT,CONFIRMED,6.460668245895068e-05,22358642.810121067,8.491360590941992,2461156830521019.5,1.3180214581912009e-05,6.044278172207126e-12,6.717787299875321e-07,111142.9207670344,0.0261106159151033,-4.83445534028694e-13
1196,9.595045221026762e-12,5.865074182201559e-15,ELECTRODE_ATTACHMENT,CONFIRMED,6.460749652307844e-05,22358642.82119331,8.491360595147006,2459576146727451.0,1.3171749557313754e-05,6.044278167124631e-12,6.722104587756619e-07,111214.34854402876,0.0260931874309428,-4.837550387381901e-13
1197,9.600910295236173e-12,5.86507420941126e-15,ELECTRODE_ATTACHMENT,CONFIRMED,6.460830944295134e-05,22358642.832389437,8.491360599399068,2457992250932139.0,1.3163267331500689e-05,6.044278161985273e-12,6.726436218165427e-07,111286.0136131805,0.0260757269799027,-4.840642358290316e-13
1198,9.60677536947282e-12,5.8650742366489115e-15,ELECTRODE_ATTACHMENT,CONFIRMED,6.460912121984555e-05,22358642.843709607,8.491360603698244,2456405148136749.0,1.3154767931258212e-05,6.044278156788972e-12,6.730782222133148e-07,111357.91648789508,0.0260582346134202,-4.843731246706243e-13
1199,9.612640443736736e-12,5.865074263914513e-15,ELECTRODE_ATTACHMENT,CONFIRMED,6.460993185503707e-05,22358642.85515397,8.491360608044578,2454814843352791.0,1.3146251383424426e-05,6.044278151535664e-12,6.735142630821655e-07,111430.0576837362,0.0260407103830315,-4.84681704633057e-13
1200,9.618505518027944e-12,5.865074291208034e-15,ELECTRODE_ATTACHMENT,CONFIRMED,6.461074134980176e-05,22358642.86672261,8.491360612438113,2453221341601600.0,1.3137717714890067e-05,6.0442781462253094e-12,6.739517475523785e-07,111502.43771843384,0.0260231543403718,-4.849899750871021e-13
1201,9.624370592346472e-12,5.865074318529484e-15,ELECTRODE_ATTACHMENT,CONFIRMED,6.461154970541531e-05,22358642.878415786,8.491360616878945,2451624647914326.5,1.3129166952598413e-05,6.0442781408577926e-12,6.743906787663824e-07,111575.0571118943,0.0260055665371756,-4.852979354042219e-13
1202,9.630235666692353e-12,5.865074345878829e-15,ELECTRODE_ATTACHMENT,CONFIRMED,6.461235692315329e-05,22358642.890233528,8.491360621367088,2450024767331919.0,1.3120599123545236e-05,6.044278135433089e-12,6.748310598797995e-07,111647.91638620482,0.0259879470252755,-4.856055849565653e-13
1203,9.636100741065609e-12,5.8650743732560554e-15,ELECTRODE_ATTACHMENT,CONFIRMED,6.4613163004291e-05,22358642.902176,8.491360625902596,2448421704905109.0,1.3112014254778689e-05,6.044278129951135e-12,6.752728940614967e-07,111721.01606564484,0.0259702958566032,-4.859129231169737e-13
1204,9.641965815466268e-12,5.865074400661155e-15,ELECTRODE_ATTACHMENT,CONFIRMED,6.461396795010357e-05,22358642.914243396,8.491360630485548,2446815465694399.5,1.3103412373399238e-05,6.044278124411839e-12,6.757161844936336e-07,111794.35667669355,0.0259526130831887,-4.862199492589825e-13
1205,9.647830889894362e-12,5.86507442809412e-15,ELECTRODE_ATTACHMENT,CONFIRMED,6.461477176186595e-05,22358642.92643577,8.491360635115965,2445206054770044.0,1.30947935065596e-05,6.044278118815173e-12,6.761609343717146e-07,111867.93874803676,0.0259348987571602,-4.865266627568229e-13
1206,9.653695964349918e-12,5.865074455554936e-15,ELECTRODE_ATTACHMENT,CONFIRMED,6.46155744408528e-05,22358642.93875329,8.491360639793912,2443593477212037.0,1.3086157681464633e-05,6.044278113161057e-12,6.766071469046384e-07,111941.76281057722,0.025917152930744,-4.868330629854251e-13
1207,9.65956103883296e-12,5.865074483043554e-15,ELECTRODE_ATTACHMENT,CONFIRMED,6.461637598833855e-05,22358642.95119612,8.491360644519446,2441977738110097.0,1.3077504925371276e-05,6.044278107449425e-12,6.770548253147477e-07,112015.82939744186,0.0258993756562647,-4.871391493204184e-13
1208,9.66542611334352e-12,5.865074510560012e-15,ELECTRODE_ATTACHMENT,CONFIRMED,6.461717640559733e-05,22358642.963764388,8.491360649292622,2440358842563651.0,1.3068835265588465e-05,6.044278101680209e-12,6.77503972837882e-07,112090.13904399057,0.0258815669861446,-4.874449211381381e-13
1209,9.671291187881624e-12,5.865074538104264e-15,ELECTRODE_ATTACHMENT,CONFIRMED,6.461797569390307e-05,22358642.976458192,8.491360654113471,2438736795681821.0,1.3060148729477044e-05,6.044278095853373e-12,6.779545927234277e-07,112164.69228782388,0.0258637269729034,-4.877503778156219e-13
1210,9.6771562624473e-12,5.86507456567629e-15,ELECTRODE_ATTACHMENT,CONFIRMED,6.461877385452928e-05,22358642.989277758,8.491360658982082,2437111602583407.0,1.3051445344449702e-05,6.044278089968805e-12,6.784066882343695e-07,112239.48966879364,0.025845855669159,-4.880555187306169e-13
1211,9.683021337040578e-12,5.865074593276085e-15,ELECTRODE_ATTACHMENT,CONFIRMED,6.461957088874936e-05,22358643.002223108,8.491360663898465,2435483268396874.0,1.3042725137970869e-05,6.044278084026501e-12,6.788602626473425e-07,112314.53172900809,0.0258279531276259,-4.88360343261577e-13
1212,9.68888641166148e-12,5.8650746209036524e-15,ELECTRODE_ATTACHMENT,CONFIRMED,6.462036679783619e-05,22358643.015294503,8.491360668862717,2433851798260335.0,1.3033988137556656e-05,6.044278078026336e-12,6.793153192526844e-07,112389.81901284466,0.0258100194011166,-4.886648507876729e-13
1213,9.694751486310039e-12,5.86507464855895e-15,ELECTRODE_ATTACHMENT,CONFIRMED,6.462116158306243e-05,22358643.028491944,8.491360673874839,2432217197321537.0,1.3025234370774768e-05,6.044278071968313e-12,6.797718613544868e-07,112465.35206695407,0.0257920545425401,-4.889690406887856e-13
1214,9.70061656098628e-12,5.865074676241975e-15,ELECTRODE_ATTACHMENT,CONFIRMED,6.462195524570036e-05,22358643.04181568,8.491360678934921,2430579470737846.5,1.301646386524441e-05,6.044278065852317e-12,6.80229892270649e-07,112541.13144027372,0.0257740586049028,-4.892729123455145e-13
1215,9.706481635690232e-12,5.865074703952702e-15,ELECTRODE_ATTACHMENT,CONFIRMED,6.46227477870219e-05,22358643.05526583,8.491360684043018,2428938623676231.0,1.3007676648636217e-05,6.044278059678292e-12,6.806894153329306e-07,112617.15768403288,0.0257560316413076,-4.895764651391775e-13
1216,9.712346710421924e-12,5.865074731691142e-15,ELECTRODE_ATTACHMENT,CONFIRMED,6.462353920829857e-05,22358643.06884247,8.491360689199153,2427294661313248.0,1.299887274867218e-05,6.044278053446204e-12,6.811504338870035e-07,112693.43135176234,0.0257379737049542,-4.89879698451814e-13
1217,9.718211785181379e-12,5.865074759457254e-15,ELECTRODE_ATTACHMENT,CONFIRMED,6.462432951080156e-05,22358643.082545783,8.491360694403394,2425647588835026.5,1.2990052193125546e-05,6.044278047155971e-12,6.816129512925067e-07,112769.95299930446,0.0257198848491386,-4.901826116661863e-13
1218,9.724076859968632e-12,5.8650747872510205e-15,ELECTRODE_ATTACHMENT,CONFIRMED,6.462511869580161e-05,22358643.09637588,8.491360699655784,2423997411437254.0,1.2981215009820752e-05,6.0442780408075405e-12,6.820769709230986e-07,112846.72318482069,0.0257017651272534,-4.904852041657824e-13
1219,9.729941934783704e-12,5.865074815072447e-15,ELECTRODE_ATTACHMENT,CONFIRMED,6.462590676456908e-05,22358643.110332903,8.491360704956382,2422344134325159.5,1.2972361226633326e-05,6.044278034400844e-12,6.825424961665133e-07,112923.74246880124,0.0256836145927872,-4.907874753348184e-13
1220,9.735807009626626e-12,5.865074842921513e-15,ELECTRODE_ATTACHMENT,CONFIRMED,6.462669371837387e-05,22358643.124417026,8.491360710305244,2420687762713499.0,1.2963490871489827e-05,6.044278027935809e-12,6.830095304246112e-07,113001.011414074,0.0256654332993247,-4.910894245582408e-13
1221,9.741672084497424e-12,5.865074870798199e-15,ELECTRODE_ATTACHMENT,CONFIRMED,6.462747955848547e-05,22358643.13862837,8.49136071570243,2419028301826539.5,1.2954603972367736e-05,6.044278021412373e-12,6.834780771134376e-07,113078.53058581322,0.0256472213005465,-4.913910512217285e-13
1222,9.747537159396129e-12,5.86507489870248e-15,ELECTRODE_ATTACHMENT,CONFIRMED,6.46282642861729e-05,22358643.15296707,8.491360721147974,2417365756898043.5,1.2945700557295392e-05,6.044278014830482e-12,6.839481396632746e-07,113156.30055154844,0.0256289786502289,-4.916923547116953e-13
1223,9.753402234322762e-12,5.865074926634357e-15,ELECTRODE_ATTACHMENT,CONFIRMED,6.462904790270472e-05,22358643.167433213,8.491360726641924,2415700133171255.0,1.2936780654351918e-05,6.044278008190086e-12,6.844197215186965e-07,113234.32188117383,0.0256107054022435,-4.919933344152912e-13
1224,9.759267309277358e-12,5.865074954593799e-15,ELECTRODE_ATTACHMENT,CONFIRMED,6.4629830409349e-05,22358643.182026956,8.491360732184331,2414031435898881.0,1.2927844291667109e-05,6.044278001491118e-12,6.848928261386269e-07,113312.59514695792,0.0255924016105578,-4.922939897204055e-13
1225,9.765132384259936e-12,5.86507498258082e-15,ELECTRODE_ATTACHMENT,CONFIRMED,6.463061180737337e-05,22358643.19674847,8.491360737775265,2412359670343080.5,1.2918891497421357e-05,6.044277994733498e-12,6.853674569963933e-07,113391.12092355244,0.0255740673292343,-4.925943200156712e-13
1226,9.770997459270531e-12,5.8650750105953655e-15,ELECTRODE_ATTACHMENT,CONFIRMED,6.463139209804492e-05,22358643.211597897,8.491360743414777,2410684841775443.5,1.2909922299845593e-05,6.0442779879171654e-12,6.858436175797821e-07,113469.89978800116,0.0255557026124306,-4.928943246904628e-13
1227,9.776862534309168e-12,5.8650750386374325e-15,ELECTRODE_ATTACHMENT,CONFIRMED,6.463217128263022e-05,22358643.22657535,8.49136074910291,2409006955476979.5,1.2900936727221167e-05,6.044277981042064e-12,6.863213113910973e-07,113548.93231974944,0.0255373075143993,-4.931940031349006e-13
1228,9.782727609375876e-12,5.865075066707024e-15,ELECTRODE_ATTACHMENT,CONFIRMED,6.463294936239537e-05,22358643.24168089,8.491360754839691,2407326016738100.5,1.2891934807879809e-05,6.0442779741081654e-12,6.868005419472138e-07,113628.21910065303,0.0255188820894875,-4.934933547398537e-13
1229,9.78859268447068e-12,5.865075094804115e-15,ELECTRODE_ATTACHMENT,CONFIRMED,6.463372633860584e-05,22358643.256914727,8.491360760625193,2405642030858605.0,1.2882916570203483e-05,6.044277967115375e-12,6.872813127796379e-07,113707.76071498945,0.0255004263921374,-4.937923788969434e-13
1230,9.794457759593607e-12,5.865075122928675e-15,ELECTRODE_ATTACHMENT,CONFIRMED,6.463450221252666e-05,22358643.27227703,8.491360766459486,2403955003147662.5,1.287388204262437e-05,6.044277960063616e-12,6.877636274345618e-07,113787.55774946572,0.0254819404768856,-4.940910749985423e-13
1231,9.800322834744688e-12,5.8650751510807074e-15,ELECTRODE_ATTACHMENT,CONFIRMED,6.46352769854222e-05,22358643.28776789,8.4913607723426,2402264938923798.0,1.2864831253624725e-05,6.044277952952842e-12,6.882474894729221e-07,113867.61079322782,0.0254634243983628,-4.943894424377778e-13
1232,9.80618790992395e-12,5.865075179260183e-15,ELECTRODE_ATTACHMENT,CONFIRMED,6.463605065855635e-05,22358643.30338738,8.491360778274569,2400571843514876.0,1.2855764231736842e-05,6.044277945783029e-12,6.88732902470457e-07,113947.92043787002,0.0254448782112936,-4.946874806085346e-13
1233,9.812052985131416e-12,5.865075207467093e-15,ELECTRODE_ATTACHMENT,CONFIRMED,6.463682323319239e-05,22358643.319135733,8.491360784255475,2398875722258085.0,1.2846681005542928e-05,6.044277938554061e-12,6.892198700177662e-07,114028.48727744712,0.0254263019704975,-4.949851889054581e-13
1234,9.81791806036712e-12,5.865075235701424e-15,ELECTRODE_ATTACHMENT,CONFIRMED,6.463759471059297e-05,22358643.335013047,8.491360790285357,2397176580499922.5,1.2837581603675052e-05,6.044277931265896e-12,6.897083957203658e-07,114109.3119084806,0.025407695730887,-4.952825667239543e-13
1235,9.823783135631082e-12,5.865075263963155e-15,ELECTRODE_ATTACHMENT,CONFIRMED,6.463836509202016e-05,22358643.351019435,8.491360796364258,2395474423596175.0,1.2828466054815029e-05,6.0442779239184825e-12,6.901984831987513e-07,114190.39492997008,0.0253890595474686,-4.955796134601943e-13
1236,9.829648210923334e-12,5.8650752922522644e-15,ELECTRODE_ATTACHMENT,CONFIRMED,6.463913437873545e-05,22358643.367155008,8.491360802492228,2393769256911908.0,1.2819334387694375e-05,6.044277916511766e-12,6.906901360884521e-07,114271.73694340292,0.0253703934753422,-4.958763285111145e-13
1237,9.835513286243902e-12,5.865075320568743e-15,ELECTRODE_ATTACHMENT,CONFIRMED,6.463990257199967e-05,22358643.38342,8.49136080866934,2392061085821446.5,1.2810186631094166e-05,6.044277909045645e-12,6.911833580400953e-07,114353.338552765,0.0253516975697016,-4.961727112744203e-13
1238,9.841378361592814e-12,5.865075348912583e-15,ELECTRODE_ATTACHMENT,CONFIRMED,6.464066967307302e-05,22358643.399814483,8.491360814895632,2390349915708360.0,1.2801022813845014e-05,6.044277901520085e-12,6.916781527194615e-07,114435.20036454812,0.0253329718858332,-4.964687611485889e-13
1239,9.847243436970096e-12,5.8650753772837455e-15,ELECTRODE_ATTACHMENT,CONFIRMED,6.464143568321504e-05,22358643.41633856,8.491360821171142,2388635751965445.0,1.2791842964826936e-05,6.044277893935037e-12,6.921745238075467e-07,114517.32298776173,0.0253142164791165,-4.967644775328678e-13
1240,9.85310851237578e-12,5.865075405682245e-15,ELECTRODE_ATTACHMENT,CONFIRMED,6.464220060368466e-05,22358643.432992328,8.491360827495905,2386918599994713.0,1.278264711296928e-05,6.044277886290453e-12,6.926724750006232e-07,114599.7070339425,0.025295431405024,-4.970598598272824e-13
1241,9.858973587809889e-12,5.865075434108041e-15,ELECTRODE_ATTACHMENT,CONFIRMED,6.464296443574011e-05,22358643.449776035,8.491360833870019,2385198465207368.5,1.2773435287250646e-05,6.0442778785862296e-12,6.931720100102983e-07,114682.35311716556,0.0252766167191212,-4.973549074326351e-13
1242,9.86483866327245e-12,5.8650754625611255e-15,ELECTRODE_ATTACHMENT,CONFIRMED,6.464372718063896e-05,22358643.46668983,8.491360840293536,2383475353023798.0,1.2764207516698802e-05,6.044277870822289e-12,6.936731325635761e-07,114765.26185405267,0.0252577724770661,-4.976496197505075e-13
1243,9.870703738763493e-12,5.865075491041482e-15,ELECTRODE_ATTACHMENT,CONFIRMED,6.464448883963805e-05,22358643.48373368,8.491360846766446,2381749268873552.0,1.2754963830390596e-05,6.044277862998651e-12,6.941758464029183e-07,114848.43386378136,0.0252388987346085,-4.979439961832631e-13
1244,9.87656881428304e-12,5.865075519549092e-15,ELECTRODE_ATTACHMENT,CONFIRMED,6.525694189144368e-05,41710457.94655559,15.840788810186623,3498330354645121.0,1.790880875400696e-05,2.346030219233578e-12,4.944040630742089e-07,210740.705307592,0.1919357634382549,-4.982380361340506e-13
1245,9.882433889831123e-12,5.8650755480839455e-15,ELECTRODE_ATTACHMENT,CONFIRMED,6.526113170942013e-05,41710457.798486665,15.84078875395304,3503069018193827.0,1.7933067135150194e-05,2.346030230658407e-12,4.937352738419805e-07,210455.63155570035,0.1921426543399191,-4.985317390068037e-13
1246,9.888298965407768e-12,5.865075576646018e-15,ELECTRODE_ATTACHMENT,CONFIRMED,6.526531541674079e-05,41710457.65027675,15.840788697665912,3507808508970137.0,1.7957329751086284e-05,2.3460302420941147e-12,4.930681752538621e-07,210171.27844598427,0.1923495553261586,-4.988251042062472e-13
1247,9.894164041013005e-12,5.865075605235286e-15,ELECTRODE_ATTACHMENT,CONFIRMED,6.526949302594195e-05,41710457.50192583,15.840788641325227,3512548819240932.5,1.7981596562227507e-05,2.3460302535407026e-12,4.924027620216595e-07,209887.64372433384,0.1925564660845566,-4.991181311378936e-13
1248,9.900029116646855e-12,5.865075633851757e-15,ELECTRODE_ATTACHMENT,CONFIRMED,6.527366454953112e-05,41710457.35343405,15.840788584931053,3517289941269847.0,1.800586752896954e-05,2.346030264998159e-12,4.917390288779227e-07,209604.7251454825,0.192763386302636,-4.994108192080519e-13
1249,9.90589419230935e-12,5.865075662495398e-15,ELECTRODE_ATTACHMENT,CONFIRMED,6.527782999998707e-05,41710457.20480153,15.840788528483426,3522031867317293.0,1.8030142611691545e-05,2.3460302764664737e-12,4.910769705758485e-07,209322.5204729647,0.1929703156678561,-4.997031678238249e-13
1250,9.911759268000515e-12,5.865075691166185e-15,ELECTRODE_ATTACHMENT,CONFIRMED,6.528198938975978e-05,41710457.05602829,15.840788471982355,3526774589640484.0,1.8054421770756308e-05,2.346030287945648e-12,4.904165818891853e-07,209041.02747907367,0.1931772538676145,-4.999951763931117e-13
1251,9.917624343720381e-12,5.865075719864121e-15,ELECTRODE_ATTACHMENT,CONFIRMED,6.528614273127065e-05,41710456.90711442,15.84078841542788,3531518100493451.0,1.8078704966510347e-05,2.346030299435672e-12,4.897578576121366e-07,208760.24394482287,0.1933842005892496,-5.002868443246142e-13
1252,9.92348941946897e-12,5.8650757485891785e-15,ELECTRODE_ATTACHMENT,CONFIRMED,6.52902900369124e-05,41710456.75806008,15.840788358820054,3536262392127069.0,1.8102992159284008e-05,2.346030310936535e-12,4.891007925592667e-07,208480.1676599045,0.1935911555200401,-5.005781710278347e-13
1253,9.929354495246313e-12,5.865075777341338e-15,ELECTRODE_ATTACHMENT,CONFIRMED,6.529443131904929e-05,41710456.60886534,15.840788302158908,3541007456789078.0,1.8127283309391583e-05,2.3460303224482306e-12,4.884453815654067e-07,208200.79642264944,0.1937981183472059,-5.008691559130806e-13
1254,9.935219571052433e-12,5.865075806120577e-15,ELECTRODE_ATTACHMENT,CONFIRMED,6.529856659001694e-05,41710456.459530175,15.840788245444433,3545753286724101.0,1.8151578377131425e-05,2.3460303339707613e-12,4.877916194855595e-07,207922.1280399859,0.1940050887579079,-5.011597983914645e-13
1255,9.94108464688736e-12,5.865075834926904e-15,ELECTRODE_ATTACHMENT,CONFIRMED,6.530269586212265e-05,41710456.3100548,15.840788188676704,3550499874173671.5,1.817587732278604e-05,2.3460303455041115e-12,4.871395011948073e-07,207644.16032740255,0.194212066439252,-5.014500978749097e-13
1256,9.94694972275112e-12,5.865075863760279e-15,ELECTRODE_ATTACHMENT,CONFIRMED,6.530681914764521e-05,41710456.1604393,15.84078813185576,3555247211376249.0,1.8200180106622228e-05,2.3460303570482748e-12,4.864890215882183e-07,207366.89110890636,0.1944190510782871,-5.017400537761496e-13
1257,9.952814798643742e-12,5.8650758926206884e-15,ELECTRODE_ATTACHMENT,CONFIRMED,6.531093645883516e-05,41710456.01068364,15.840788074981589,3559995290567245.0,1.822448668889118e-05,2.3460303686032504e-12,4.858401755807538e-07,207090.3182169833,0.1946260423620065,-5.020296655087298e-13
1258,9.958679874565249e-12,5.865075921508126e-15,ELECTRODE_ATTACHMENT,CONFIRMED,6.531504780791463e-05,41710455.86078806,15.840788018054278,3564744103979045.0,1.8248797029828576e-05,2.3460303801690242e-12,4.851929581071775e-07,206814.43949256145,0.1948330399773507,-5.023189324870141e-13
1259,9.964544950515673e-12,5.86507595042256e-15,ELECTRODE_ATTACHMENT,CONFIRMED,6.531915320707762e-05,41710455.710752524,15.840787961073811,3569493643841027.5,1.8273111089654737e-05,2.346030391745595e-12,4.845473641219623e-07,206539.25278496853,0.1950400436112047,-5.02607854126181e-13
1260,9.970410026495037e-12,5.865075979363988e-15,ELECTRODE_ATTACHMENT,CONFIRMED,6.532325266848986e-05,41710455.56057727,15.840787904040289,3574243902379586.5,1.8297428828574668e-05,2.346030403332947e-12,4.839033885992015e-07,206264.7559518973,0.1952470529504035,-5.028964298422322e-13
1261,9.97627510250337e-12,5.865076008332368e-15,ELECTRODE_ATTACHMENT,CONFIRMED,6.532734620428897e-05,41710455.410262235,15.840787846953672,3578994871818154.5,1.8321750206778237e-05,2.3460304149310867e-12,4.832610265325169e-07,205990.94685936213,0.1954540676817273,-5.031846590519882e-13
1262,9.982140178540698e-12,5.865076037327717e-15,ELECTRODE_ATTACHMENT,CONFIRMED,6.533143382658452e-05,41710455.25980764,15.840787789814062,3583746544377224.0,1.834607518444025e-05,2.346030426539992e-12,4.826202729349681e-07,205717.82338166583,0.1956610874919088,-5.034725411730967e-13
1263,9.988005254607047e-12,5.865076066349979e-15,ELECTRODE_ATTACHMENT,CONFIRMED,6.533551554745795e-05,41710455.109213404,15.840787732621418,3588498912274369.0,1.837040372172059e-05,2.3460304381596718e-12,4.819811228389655e-07,205445.38340135623,0.195868112067627,-5.037600756240287e-13
1264,9.993870330702446e-12,5.865076095399178e-15,ELECTRODE_ATTACHMENT,CONFIRMED,6.533959137896284e-05,41710454.95847978,15.840787675375832,3593251967724266.0,1.839473577876428e-05,2.346030449790109e-12,4.813435712961792e-07,205173.62480919345,0.1960751410955155,-5.04047261824088e-13
1265,9.99973540682692e-12,5.865076124475272e-15,ELECTRODE_ATTACHMENT,CONFIRMED,6.534366133312474e-05,41710454.80760677,15.840787618077307,3598005702938717.0,1.8419071315701656e-05,2.3460304614313e-12,4.807076133774505e-07,204902.54550410804,0.1962821742621574,-5.043340991934069e-13
1266,1.0005600482980498e-11,5.8650761535782495e-15,ELECTRODE_ATTACHMENT,CONFIRMED,6.53477254219414e-05,41710454.65659452,15.840787560725913,3602760110126672.5,1.8443410292648438e-05,2.346030473083234e-12,4.800732441727056e-07,204632.143393166,0.1964892112540897,-5.046205871529512e-13
1267,1.0011465559163209e-11,5.8650761827080855e-15,ELECTRODE_ATTACHMENT,CONFIRMED,6.535178365738271e-05,41710454.50544308,15.840787503321652,3607515181494249.5,1.846775266970584e-05,2.346030484745908e-12,4.794404587908657e-07,204362.41639152975,0.1966962517578021,-5.049067251245234e-13
1268,1.0017330635375072e-11,5.865076211864771e-15,ELECTRODE_ATTACHMENT,CONFIRMED,6.535583605139084e-05,41710454.35415256,15.840787445864567,3612270909244757.0,1.8492098406960696e-05,2.3460304964193146e-12,4.788092523597622e-07,204093.3624224222,0.196903295459739,-5.051925125307617e-13
1269,1.002319571161612e-11,5.8650762410482874e-15,ELECTRODE_ATTACHMENT,CONFIRMED,6.535988261588014e-05,41710454.202723,15.840787388354682,3617027285578717.5,1.851644746448561e-05,2.3460305081034488e-12,4.781796200260474e-07,203824.97941708856,0.1971103420462997,-5.054779487951458e-13
1270,1.002906078788638e-11,5.865076270258624e-15,ELECTRODE_ATTACHMENT,CONFIRMED,6.536392336273743e-05,41710454.05115462,15.840787330792075,3621784302693887.0,1.8540799802339e-05,2.346030519798294e-12,4.775515569551109e-07,203557.26531476225,0.1973173912038415,-5.057630333419975e-13
1271,1.0034925864185876e-11,5.8650762994957366e-15,ELECTRODE_ATTACHMENT,CONFIRMED,6.536795830382185e-05,41710453.89944742,15.840787273176748,3626541952785279.0,1.856515538056521e-05,2.3460305315038515e-12,4.769250583309923e-07,203290.21806262428,0.1975244426186764,-5.060477655964821e-13
1272,1.0040790940514635e-11,5.865076328759629e-15,ELECTRODE_ATTACHMENT,CONFIRMED,6.5371987450965e-05,41710453.74760149,15.840787215508737,3631300228045185.5,1.8589514159194723e-05,2.346030543220112e-12,4.7630011935629605e-07,203023.8356157701,0.1977314959770752,-5.063321449846109e-13
1273,1.0046656016872684e-11,5.865076358050281e-15,ELECTRODE_ATTACHMENT,CONFIRMED,6.5376010815971e-05,41710453.595616914,15.840787157788064,3636059120663199.0,1.8613876098244135e-05,2.3460305549470718e-12,4.756767352521072e-07,202758.11593717235,0.1979385509652675,-5.066161709332456e-13
1274,1.0052521093260051e-11,5.865076387367679e-15,ELECTRODE_ATTACHMENT,CONFIRMED,6.538002841061648e-05,41710453.443493806,15.84078710001478,3640818622826233.5,1.86382411577164e-05,2.346030566684719e-12,4.7505490125790597e-07,202493.0569976449,0.1981456072694431,-5.068998428700979e-13
1275,1.0058386169676763e-11,5.8650764167117975e-15,ELECTRODE_ATTACHMENT,CONFIRMED,6.538404024665075e-05,41710453.2912323,15.84078704218894,3645578726718550.0,1.86626092976008e-05,2.3460305784330457e-12,4.744346126314857e-07,202228.6567758076,0.1983526645757521,-5.071831602237327e-13
1276,1.0064251246122848e-11,5.8650764460826154e-15,ELECTRODE_ATTACHMENT,CONFIRMED,6.53880463357957e-05,41710453.138832405,15.840786984310544,3650339424521774.0,1.8686980477873208e-05,2.346030590192051e-12,4.738158646488674e-07,201964.91325804917,0.1985597225703053,-5.0746612242357e-13
1277,1.0070116322598329e-11,5.8650764754801284e-15,ELECTRODE_ATTACHMENT,CONFIRMED,6.539204668974601e-05,41710452.9862943,15.840786926379652,3655100708414921.0,1.8711354658496098e-05,2.3460306019617204e-12,4.7319865260421757e-07,201701.82443849405,0.1987667809391767,-5.07748728899888e-13
1278,1.0075981399103232e-11,5.865076504904302e-15,ELECTRODE_ATTACHMENT,CONFIRMED,6.53960413201691e-05,41710452.83361801,15.84078686839628,3659862570574417.0,1.8735731799418693e-05,2.346030613742052e-12,4.725829718097649e-07,201439.388318965,0.198973839368403,-5.08030979083824e-13
1279,1.0081846475637588e-11,5.86507653435513e-15,ELECTRODE_ATTACHMENT,CONFIRMED,6.540003023870521e-05,41710452.6808037,15.8407868103605,3664625003174119.0,1.8760111860577065e-05,2.346030625533032e-12,4.7196881759572013e-07,201177.60290895007,0.1991808975439859,-5.083128724073781e-13
1280,1.008771155220142e-11,5.865076563832581e-15,ELECTRODE_ATTACHMENT,CONFIRMED,6.540401345696743e-05,41710452.52785135,15.840786752272288,3669387998385342.0,1.8784494801894263e-05,2.3460306373346647e-12,4.713561853101914e-07,200916.46622556524,0.1993879551518897,-5.085944083034122e-13
1281,1.0093576628794756e-11,5.865076593336661e-15,ELECTRODE_ATTACHMENT,CONFIRMED,6.540799098654186e-05,41710452.37476118,15.840786694131731,3674151548376877.0,1.880888058328044e-05,2.346030649146931e-12,4.7074507031910517e-07,200655.97629352307,0.1995950118780478,-5.088755862056589e-13
1282,1.0099441705417624e-11,5.865076622867328e-15,ELECTRODE_ATTACHMENT,CONFIRMED,6.541196283898751e-05,41710452.22153321,15.840786635938848,3678915645315012.0,1.883326916463291e-05,2.3460306609698304e-12,4.701354680061241e-07,200396.13114509505,0.1998020674083576,-5.091564055487146e-13
1283,1.0105306782070047e-11,5.865076652424577e-15,ELECTRODE_ATTACHMENT,CONFIRMED,6.54159290258365e-05,41710452.068167485,15.840786577693647,3683680281363560.0,1.885766050583634e-05,2.3460306728033575e-12,4.695273737725673e-07,200136.92882007884,0.2000091214286852,-5.09436865768049e-13
1284,1.0111171858752056e-11,5.8650766820083965e-15,ELECTRODE_ATTACHMENT,CONFIRMED,6.541988955859395e-05,41710451.9146643,15.840786519396238,3688445448683874.5,1.8882054566762773e-05,2.3460306846474925e-12,4.6892078303733046e-07,199878.3673657657,0.2002161736248665,-5.097169663000061e-13
1285,1.0117036935463676e-11,5.865076711618732e-15,ELECTRODE_ATTACHMENT,CONFIRMED,6.542384444873826e-05,41710451.76102352,15.840786461046577,3693211139434876.0,1.890645130727183e-05,2.3460306965022444e-12,4.68315691236805e-07,199620.44483690197,0.2004232236827031,-5.099967065818e-13
1286,1.0122902012204932e-11,5.8650767412556126e-15,ELECTRODE_ATTACHMENT,CONFIRMED,6.542779370772092e-05,41710451.60724539,15.840786402644753,3697977345773072.0,1.893085068721076e-05,2.3460307083675933e-12,4.677120938248001e-07,199363.15929566065,0.2006302712879711,-5.102760860515283e-13
1287,1.0128767088975851e-11,5.865076770918984e-15,ELECTRODE_ATTACHMENT,CONFIRMED,6.543173734696675e-05,41710451.45333,15.840786344190798,3702744059852581.0,1.8955252666414596e-05,2.346030720243533e-12,4.671099862724637e-07,199106.5088116044,0.2008373161264156,-5.105551041481642e-13
1288,1.0134632165776459e-11,5.865076800608834e-15,ELECTRODE_ATTACHMENT,CONFIRMED,6.543567537787384e-05,41710451.29927728,15.840786285684686,3707511273825153.0,1.897965720470623e-05,2.3460307321300706e-12,4.6650936406820366e-07,198850.4914616519,0.2010443578837519,-5.10833760311562e-13
1289,1.0140497242606784e-11,5.865076830325176e-15,ELECTRODE_ATTACHMENT,CONFIRMED,6.543960781181361e-05,41710451.1450875,15.840786227126529,3712278979840193.0,1.9004064261896565e-05,2.3460307440271807e-12,4.6591022271761e-07,198595.10533004845,0.2012513962456721,-5.111120539824634e-13
1290,1.0146362319466851e-11,5.865076860067953e-15,ELECTRODE_ATTACHMENT,CONFIRMED,6.544353466013105e-05,41710450.99076083,15.840786168516376,3717047170044781.0,1.902847379778459e-05,2.346030755934856e-12,4.653125577433782e-07,198340.34850832916,0.2014584308978408,-5.113899846024949e-13
1291,1.0152227396356688e-11,5.865076889837141e-15,ELECTRODE_ATTACHMENT,CONFIRMED,6.544745593414448e-05,41710450.83629716,15.840786109854198,3721815836583698.5,1.9052885772157533e-05,2.346030767853101e-12,4.647163646852306e-07,198086.21909528563,0.2016654615258946,-5.11667551614168e-13
1292,1.0158092473276322e-11,5.8650769196327545e-15,ELECTRODE_ATTACHMENT,CONFIRMED,6.545137164514579e-05,41710450.68169663,15.84078605114004,3726584971599447.0,1.907730014479096e-05,2.346030779781906e-12,4.6412163909984043e-07,197832.7151969364,0.201872487815448,-5.119447544608882e-13
1293,1.0163957550225776e-11,5.865076949454767e-15,ELECTRODE_ATTACHMENT,CONFIRMED,6.545528180440052e-05,41710450.52695938,15.840785992373965,3731354567232271.0,1.9101716875448844e-05,2.34603079172126e-12,4.635283765607561e-07,197579.8349264929,0.2020795094520919,-5.122215925869529e-13
1294,1.016982262720508e-11,5.865076979303151e-15,ELECTRODE_ATTACHMENT,CONFIRMED,6.545918642314774e-05,41710450.37208552,15.840785933556,3736124615620182.0,1.912613592388377e-05,2.3460308036711567e-12,4.6293657265832406e-07,197327.57640432665,0.2022865261213943,-5.124980654375537e-13
1295,1.0175687704214258e-11,5.865077009177893e-15,ELECTRODE_ATTACHMENT,CONFIRMED,6.546308551260028e-05,41710450.217075154,15.840785874686196,3740895108898978.5,1.9150557249836984e-05,2.3460308156315845e-12,4.623462229996138e-07,197075.9377579376,0.2024935375089016,-5.127741724587797e-13
1296,1.0181552781253338e-11,5.8650770390789615e-15,ELECTRODE_ATTACHMENT,CONFIRMED,6.546697908394474e-05,41710450.06192835,15.840785815764574,3745666039202271.0,1.917498081303852e-05,2.3460308276025408e-12,4.617573232083429e-07,196824.91712192143,0.2027005433001385,-5.130499130976195e-13
1297,1.0187417858322343e-11,5.865077069006352e-15,ELECTRODE_ATTACHMENT,CONFIRMED,6.547086714834145e-05,41710449.90664524,15.840785756791188,3750437398661500.0,1.919940657320731e-05,2.346030839584014e-12,4.611698689248022e-07,196574.5126379389,0.2029075431806107,-5.133252868019621e-13
1298,1.0193282935421304e-11,5.865077098960036e-15,ELECTRODE_ATTACHMENT,CONFIRMED,6.54747497169247e-05,41710449.75122585,15.840785697766046,3755209179405965.0,1.9223834490051325e-05,2.3460308515760016e-12,4.605838558057811e-07,196324.72245468255,0.2031145368358034,-5.136002930205998e-13
1299,1.0199148012550245e-11,5.8650771289400044e-15,ELECTRODE_ATTACHMENT,CONFIRMED,6.547862680080257e-05,41710449.59567035,15.840785638689212,3759981373562839.0,1.924826452326765e-05,2.346030863578492e-12,4.599992795244942e-07,196075.54472784704,0.2033215239511849,-5.13874931203232e-13
1300,1.0205013089709191e-11,5.865077158946232e-15,ELECTRODE_ATTACHMENT,CONFIRMED,6.548249841105723e-05,41710449.439978816,15.840785579560716,3764753973257199.0,1.9272696632542628e-05,2.346030875591479e-12,4.594161357705072e-07,195826.97762009615,0.2035285042122053,-5.141492008004649e-13
1301,1.021087816689817e-11,5.865077188978698e-15,ELECTRODE_ATTACHMENT,CONFIRMED,6.548636455874474e-05,41710449.284151405,15.840785520380614,3769526970612041.0,1.929713077755197e-05,2.3460308876149506e-12,4.5883442024966373e-07,195579.01930103288,0.2037354773042993,-5.144231012638154e-13
1302,1.0216743244117206e-11,5.865077219037377e-15,ELECTRODE_ATTACHMENT,CONFIRMED,6.54902252548954e-05,41710449.128188096,15.8407854611489,3774300357748308.0,1.9321566917960866e-05,2.3460308996489082e-12,4.582541286840128e-07,195331.6679471664,0.2039424429128841,-5.146966320457115e-13
1303,1.0222608321366328e-11,5.865077249122272e-15,ELECTRODE_ATTACHMENT,CONFIRMED,6.549408051051346e-05,41710448.972089045,15.840785401865636,3779074126784908.0,1.9346005013424094e-05,2.346030911693338e-12,4.576752568117357e-07,195084.92174188403,0.2041494007233641,-5.149697925994968e-13
1304,1.0228473398645562e-11,5.8650772792333455e-15,ELECTRODE_ATTACHMENT,CONFIRMED,6.549793033657752e-05,41710448.815854445,15.840785342530896,3783848269838741.5,1.9370445023586144e-05,2.3460309237482285e-12,4.5709780038707563e-07,194838.7788754188,0.2043563504211294,-5.152425823794314e-13
1305,1.0234338475954932e-11,5.865077309370573e-15,ELECTRODE_ATTACHMENT,CONFIRMED,6.550177474404032e-05,41710448.65948426,15.840785283144658,3788622779024720.0,1.9394886908081324e-05,2.34603093581358e-12,4.565217551802636e-07,194593.237544818,0.2045632916915562,-5.15515000840693e-13
1306,1.0240203553294466e-11,5.865077339533949e-15,ELECTRODE_ATTACHMENT,CONFIRMED,6.550561374382893e-05,41710448.50297862,15.84078522370698,3793397646455787.0,1.941933062653389e-05,2.3460309478893824e-12,4.559471169774488e-07,194348.2959539147,0.2047702242200096,-5.157870474393815e-13
1307,1.024606863066419e-11,5.865077369723456e-15,ELECTRODE_ATTACHMENT,CONFIRMED,6.550944734684475e-05,41710448.34633767,15.840785164217912,3798172864242947.0,1.9443776138558137e-05,2.346030959975627e-12,4.553738815806274e-07,194103.95231329696,0.2049771476918433,-5.160587216325182e-13
1308,1.0251933708064127e-11,5.865077399939068e-15,ELECTRODE_ATTACHMENT,CONFIRMED,6.55132755639636e-05,41710448.18956144,15.840785104677472,3802948424495282.0,1.9468223403758557e-05,2.3460309720723085e-12,4.548020448075711e-07,193860.20484027665,0.2051840617924008,-5.163300228780516e-13
1309,1.025779878549431e-11,5.865077430180771e-15,ELECTRODE_ATTACHMENT,CONFIRMED,6.551709840603575e-05,41710448.032650165,15.840785045085743,3807724319319977.0,1.9492672381729883e-05,2.3460309841794107e-12,4.542316024917582e-07,193617.0517588617,0.2053909662070173,-5.166009506348573e-13
1310,1.026366386295476e-11,5.865077460448527e-15,ELECTRODE_ATTACHMENT,CONFIRMED,6.552091588388602e-05,41710447.87560378,15.840784985442696,3812500540822340.0,1.9517123032057296e-05,2.3460309962969374e-12,4.536625504823025e-07,193374.49129972293,0.2055978606210167,-5.168715043627383e-13
1311,1.0269528940445502e-11,5.865077490742344e-15,ELECTRODE_ATTACHMENT,CONFIRMED,6.552472800831373e-05,41710447.718422525,15.840784925748434,3817277081105828.0,1.9541575314316452e-05,2.34603100842487e-12,4.530948846438848e-07,193132.52170016864,0.2058047447197189,-5.171416835224318e-13
1312,1.0275394017966564e-11,5.865077521062177e-15,ELECTRODE_ATTACHMENT,CONFIRMED,6.552853479009288e-05,41710447.56110644,15.840784866002966,3822053932272066.5,1.9566029188073666e-05,2.346031020563207e-12,4.5252860085668324e-07,192891.14120411145,0.2060116181884342,-5.174114875756076e-13
1313,1.0281259095517972e-11,5.86507755140802e-15,ELECTRODE_ATTACHMENT,CONFIRMED,6.55323362399721e-05,41710447.40365565,15.840784806206337,3826831086420875.0,1.9590484612885967e-05,2.3460310327119386e-12,4.519636950163045e-07,192650.34806204104,0.2062184807124691,-5.17680915984872e-13
1314,1.0287124173099752e-11,5.865077581779846e-15,ELECTRODE_ATTACHMENT,CONFIRMED,6.553613236867484e-05,41710447.24607022,15.840784746358576,3831608535650286.0,1.961494154830128e-05,2.3460310448710574e-12,4.514001630337156e-07,192410.14053099437,0.2064253319771234,-5.179499682137688e-13
1315,1.0292989250711927e-11,5.865077612177644e-15,ELECTRODE_ATTACHMENT,CONFIRMED,6.553992318689922e-05,41710447.08835022,15.84078468645971,3836386272056570.5,1.9639399953858497e-05,2.3460310570405604e-12,4.508380008351754e-07,192170.51687452613,0.2066321716676941,-5.182186437267824e-13
1316,1.0298854328354529e-11,5.865077642601402e-15,ELECTRODE_ATTACHMENT,CONFIRMED,6.554370870531827e-05,41710446.930495925,15.840784626509835,3841164287734259.0,1.9663859789087584e-05,2.346031069220426e-12,4.502772043621676e-07,191931.4753626824,0.2068389994694763,-5.184869419893415e-13
1317,1.030471940602758e-11,5.865077673051067e-15,ELECTRODE_ATTACHMENT,CONFIRMED,6.554748893457993e-05,41710446.77250718,15.840784566508908,3845942574776165.5,1.9688321013509745e-05,2.3460310814106644e-12,4.4971776957133276e-07,191693.014271967,0.2070458150677589,-5.187548624678153e-13
1318,1.0310584483731108e-11,5.865077703526662e-15,ELECTRODE_ATTACHMENT,CONFIRMED,6.555126388530702e-05,41710446.61438432,15.84078450645704,3850721125273409.0,1.971278358663748e-05,2.3460310936112524e-12,4.4915969243440114e-07,191455.13188531884,0.2072526181478344,-5.190224046295247e-13
1319,1.0316449561465136e-11,5.865077734028133e-15,ELECTRODE_ATTACHMENT,CONFIRMED,6.555503356809744e-05,41710446.456127375,15.840784446354252,3855499931315437.0,1.9737247467974743e-05,2.3460311058221855e-12,4.48602968938127e-07,191217.826492079,0.2074594083949921,-5.192895679427367e-13
1320,1.0322314639229691e-11,5.865077764555466e-15,ELECTRODE_ATTACHMENT,CONFIRMED,6.555879799352411e-05,41710446.29773637,15.840784386200548,3860278984990046.0,1.976171261701705e-05,2.346031118043464e-12,4.480475950842212e-07,190981.0963879637,0.2076661854945209,-5.195563518766682e-13
1321,1.03281797170248e-11,5.865077795108661e-15,ELECTRODE_ATTACHMENT,CONFIRMED,6.556255717213506e-05,41710446.13921151,15.84078432599601,3865058278383409.0,1.9786178993251603e-05,2.3460311302750706e-12,4.474935668892849e-07,190744.93987503767,0.2078729491317137,-5.198227559014931e-13
1322,1.0334044794850487e-11,5.865077825687676e-15,ELECTRODE_ATTACHMENT,CONFIRMED,6.556631111445351e-05,41710445.98055279,15.840784265740638,3869837803580092.0,1.9810646556157363e-05,2.346031142517003e-12,4.469408803847456e-07,190509.35526168376,0.2080796989918632,-5.200887794883365e-13
1323,1.033990987270678e-11,5.865077856292509e-15,ELECTRODE_ATTACHMENT,CONFIRMED,6.557005983097787e-05,41710445.821760476,15.840784205434522,3874617552663081.0,1.98351152652052e-05,2.3460311547692477e-12,4.463895316167906e-07,190274.3408625777,0.2082864347602678,-5.203544221092851e-13
1324,1.0345774950593703e-11,5.86507788692312e-15,ELECTRODE_ATTACHMENT,CONFIRMED,6.557380333218188e-05,41710445.662834525,15.840784145077665,3879397517713804.0,1.985958507985802e-05,2.3460311670318e-12,4.4583951664630156e-07,190039.8949986577,0.2084931561222276,-5.206196832373822e-13
1325,1.0351640028511282e-11,5.865077917579499e-15,ELECTRODE_ATTACHMENT,CONFIRMED,6.557754162851454e-05,41710445.50377512,15.840784084670116,3884177690812152.0,1.9884055959570865e-05,2.346031179304651e-12,4.4529083154879083e-07,189806.01599709867,0.2086998627630489,-5.208845623466341e-13
1326,1.0357505106459543e-11,5.865077948261628e-15,ELECTRODE_ATTACHMENT,CONFIRMED,6.55812747304003e-05,41710445.34458237,15.840784024211924,3888958064036505.0,1.990852786379103e-05,2.3460311915877922e-12,4.4474347241433685e-07,189572.70219128448,0.2089065543680435,-5.211490589120112e-13
1327,1.0363370184438512e-11,5.865077978969481e-15,ELECTRODE_ATTACHMENT,CONFIRMED,6.558500264823901e-05,41710445.18525624,15.840783963703084,3893738629463751.0,1.9933000751958175e-05,2.3460312038812224e-12,4.441974353475195e-07,189339.95192077963,0.2091132306225291,-5.214131724094488e-13
1328,1.0369235262448215e-11,5.865078009703057e-15,ELECTRODE_ATTACHMENT,CONFIRMED,6.558872539240601e-05,41710445.02579704,15.840783903143702,3898519379169312.0,1.9957474583504452e-05,2.3460312161849226e-12,4.436527164673577e-07,189107.7635313048,0.2093198912118337,-5.216769023158526e-13
1329,1.037510034048868e-11,5.8650780404623086e-15,ELECTRODE_ATTACHMENT,CONFIRMED,6.559244297325225e-05,41710444.866204776,15.840783842533789,3903300305227162.5,1.9981949317854616e-05,2.3460312284988897e-12,4.431093119072449e-07,188876.13537470635,0.2095265358212909,-5.21940248109097e-13
1330,1.0380965418559929e-11,5.865078071247224e-15,ELECTRODE_ATTACHMENT,CONFIRMED,6.55961554011042e-05,41710444.706479564,15.84078378187338,3908081399709858.5,2.0006424914426152e-05,2.3460312408231147e-12,4.42567217814886e-07,188645.0658089317,0.2097331641362456,-5.222032092680287e-13
1331,1.0386830496661984e-11,5.865078102057786e-15,ELECTRODE_ATTACHMENT,CONFIRMED,6.559986268626401e-05,41710444.54662152,15.840783721162529,3912862654688555.0,2.0030901332629372e-05,2.346031253157588e-12,4.4202643035223554e-07,188414.553198002,0.2099397758420522,-5.22465785272471e-13
1332,1.039269557479488e-11,5.865078132893969e-15,ELECTRODE_ATTACHMENT,CONFIRMED,6.56035648390096e-05,41710444.38663072,15.840783660401254,3917644062233031.0,2.0055378531867547e-05,2.3460312655023047e-12,4.4148694569543507e-07,188184.59591198544,0.2101463706240761,-5.227279756032209e-13
1333,1.0398560652958636e-11,5.865078163755763e-15,ELECTRODE_ATTACHMENT,CONFIRMED,6.560726186959456e-05,41710444.22650734,15.840783599589631,3922425614411713.0,2.0079856471537e-05,2.346031277857253e-12,4.409487600347505e-07,187955.19232697145,0.2103529481676958,-5.229897797420576e-13
1334,1.0404425731153278e-11,5.865078194643133e-15,ELECTRODE_ATTACHMENT,CONFIRMED,6.561095378824836e-05,41710444.06625132,15.840783538727631,3927207303291695.0,2.0104335111027285e-05,2.346031290222435e-12,4.4041186957451054e-07,187726.34082504228,0.210559508158301,-5.232511971717379e-13
1335,1.0410290809378832e-11,5.865078225556088e-15,ELECTRODE_ATTACHMENT,CONFIRMED,6.561464060517631e-05,41710443.905862965,15.84078347781538,3931989120938765.0,2.0128814409721225e-05,2.3460313025978267e-12,4.3987627053304563e-07,187498.0397942509,0.2107660502812985,-5.235122273760057e-13
1336,1.0416155887635327e-11,5.8650782564945685e-15,ELECTRODE_ATTACHMENT,CONFIRMED,6.561832233055973e-05,41710443.74534236,15.840783416852895,3936771059417426.0,2.0153294326995083e-05,2.346031314983424e-12,4.393419591426265e-07,187270.28762859065,0.2109725742221079,-5.237728698395874e-13
1337,1.0422020965922786e-11,5.865078287458561e-15,ELECTRODE_ATTACHMENT,CONFIRMED,6.562199897455577e-05,41710443.584689446,15.84078335584017,3941553110790919.0,2.017777482221865e-05,2.3460313273792293e-12,4.3880893164940363e-07,187043.0827279705,0.211179079666163,-5.240331240481963e-13
1338,1.0427886044241234e-11,5.8650783184480745e-15,ELECTRODE_ATTACHMENT,CONFIRMED,6.562567054729776e-05,41710443.42390452,15.8407832947773,3946335267121245.0,2.0202255854755386e-05,2.346031339785223e-12,4.382771843133461e-07,186816.4234981916,0.2113855662989175,-5.242929894885376e-13
1339,1.0433751122590695e-11,5.865078349463058e-15,ELECTRODE_ATTACHMENT,CONFIRMED,6.562933705889503e-05,41710443.262987606,15.840783233664313,3951117520469190.0,2.0226737383962507e-05,2.3460313522013997e-12,4.3774671340818227e-07,186590.30835091887,0.2115920338058409,-5.245524656483074e-13
1340,1.0439616200971199e-11,5.865078380503498e-15,ELECTRODE_ATTACHMENT,CONFIRMED,6.563299851943307e-05,41710443.10193879,15.840783172501228,3955899862894346.0,2.025121936919115e-05,2.3460313646277527e-12,4.372175152213387e-07,186364.73570365604,0.2117984818724207,-5.248115520161937e-13
1341,1.044548127938277e-11,5.865078411569382e-15,ELECTRODE_ATTACHMENT,CONFIRMED,6.56366549389736e-05,41710442.94075824,15.840783111288111,3960682286455136.0,2.0275701769786435e-05,2.346031377064272e-12,4.36689586053882e-07,186139.70397972155,0.2120049101841651,-5.250702480818836e-13
1342,1.0451346357825433e-11,5.865078442660679e-15,ELECTRODE_ATTACHMENT,CONFIRMED,6.564030632755451e-05,41710442.77944601,15.840783050024992,3965464783208833.0,2.0300184545087625e-05,2.34603138951095e-12,4.361629222204582e-07,185915.21160822152,0.2122113184266012,-5.253285533360588e-13
1343,1.0457211436299208e-11,5.865078473777375e-15,ELECTRODE_ATTACHMENT,CONFIRMED,6.56439526951901e-05,41710442.61800224,15.840782988711906,3970247345211589.0,2.0324667654428208e-05,2.346031401967779e-12,4.356375200492346e-07,185691.2570240259,0.212417706285278,-5.255864672704038e-13
1344,1.0463076514804128e-11,5.865078504919448e-15,ELECTRODE_ATTACHMENT,CONFIRMED,6.564759405187096e-05,41710442.456427015,15.840782927348902,3975029964518453.0,2.0349151057136056e-05,2.346031414434751e-12,4.351133758818409e-07,185467.8386677428,0.2126240734457668,-5.258439893776042e-13
1345,1.0468941593340216e-11,5.865078536086879e-15,ELECTRODE_ATTACHMENT,CONFIRMED,6.565123040756408e-05,41710442.2947205,15.84078286593604,3979812633183394.5,2.0373634712533508e-05,2.3460314269118518e-12,4.345904860733101e-07,185244.95498569432,0.2128304195936616,-5.261011191513501e-13
1346,1.0474806671907495e-11,5.865078567279629e-15,ELECTRODE_ATTACHMENT,CONFIRMED,6.565486177221295e-05,41710442.13288278,15.840782804473342,3984595343259330.0,2.0398118579937506e-05,2.3460314393990777e-12,4.340688469920214e-07,185022.60442989017,0.2130367444145799,-5.263578560863382e-13
1347,1.0480671750505991e-11,5.865078598497696e-15,ELECTRODE_ATTACHMENT,CONFIRMED,6.565848815573757e-05,41710441.97091389,15.840782742960831,3989378086798141.5,2.0422602618659687e-05,2.346031451896425e-12,4.33548455019642e-07,184800.78545800445,0.2132430475941635,-5.266141996782736e-13
1348,1.0486536829135734e-11,5.865078629741063e-15,ELECTRODE_ATTACHMENT,CONFIRMED,6.566210956803449e-05,41710441.808814034,15.840782681398585,3994160855850703.0,2.044708678800656e-05,2.346031464403877e-12,4.330293065510689e-07,184579.49653335148,0.2134493288180814,-5.268701494238718e-13
1349,1.0492401907796744e-11,5.865078661009693e-15,ELECTRODE_ATTACHMENT,CONFIRMED,6.566572601897689e-05,41710441.64658329,15.840782619786625,3998943642466901.5,2.0471571047279536e-05,2.346031476921428e-12,4.3251139799437283e-07,184358.7361248599,0.2136555877720283,-5.271257048208626e-13
1350,1.0498266986489047e-11,5.8650786923035706e-15,ELECTRODE_ATTACHMENT,CONFIRMED,6.566933751841464e-05,41710441.48422181,15.840782558125015,4003726438695661.0,2.0496055355775134e-05,2.346031489449067e-12,4.3199472577074067e-07,184138.5027070496,0.2138618241417265,-5.273808653679882e-13
1351,1.0504132065212672e-11,5.865078723622668e-15,ELECTRODE_ATTACHMENT,CONFIRMED,6.567294407617431e-05,41710441.321729615,15.84078249641377,4008509236584964.0,2.052053967278505e-05,2.3460315019867912e-12,4.3147928631441837e-07,183918.7947600064,0.2140680376129259,-5.276356305650102e-13
1352,1.0509997143967638e-11,5.865078754966979e-15,ELECTRODE_ATTACHMENT,CONFIRMED,6.567654570205932e-05,41710441.15910687,15.840782434652931,4013292028181879.0,2.0545023957596283e-05,2.34603151453459e-12,4.309650760726549e-07,183699.61076935937,0.2142742278714067,-5.278899999127083e-13
1353,1.0515862222753976e-11,5.865078786336475e-15,ELECTRODE_ATTACHMENT,CONFIRMED,6.568014240584984e-05,41710440.99635372,15.84078237284258,4018074805532576.0,2.0569508169491237e-05,2.34603152709245e-12,4.304520915056474e-07,183480.94922625672,0.2144803946029794,-5.281439729128836e-13
1354,1.0521727301571706e-11,5.865078817731125e-15,ELECTRODE_ATTACHMENT,CONFIRMED,6.5683734197303e-05,41710440.833470166,15.8407823109827,4022857560682359.0,2.059399226774788e-05,2.346031539660371e-12,4.299403290864826e-07,183262.80862734007,0.2146865374934843,-5.283975490683599e-13
1355,1.0527592380420856e-11,5.865078849150929e-15,ELECTRODE_ATTACHMENT,CONFIRMED,6.56873210861528e-05,41710440.6704565,15.8407822490734,4027640285675679.0,2.0618476211639832e-05,2.3460315522383333e-12,4.29429785301084e-07,183045.1874747242,0.2148926562287959,-5.286507278829881e-13
1356,1.0533457459301452e-11,5.865078880595834e-15,ELECTRODE_ATTACHMENT,CONFIRMED,6.569090308211033e-05,41710440.5073126,15.840782187114645,4032422972556166.0,2.064295996043649e-05,2.346031564826344e-12,4.2892045664815524e-07,182828.08427596936,0.2150987504948178,-5.28903508861643e-13
1357,1.0539322538213518e-11,5.86507891206586e-15,ELECTRODE_ATTACHMENT,CONFIRMED,6.569448019486363e-05,41710440.3440388,15.840782125106555,4037205613366647.0,2.0667443473403145e-05,2.346031577424377e-12,4.284123396391248e-07,182611.49754406256,0.2153048199774927,-5.291558915102345e-13
1358,1.054518761715708e-11,5.8650789435609446e-15,ELECTRODE_ATTACHMENT,CONFIRMED,6.569805243407793e-05,41710440.18063508,15.840782063049128,4041988200149170.5,2.0691926709801103e-05,2.3460315900324352e-12,4.279054307980926e-07,182395.4257973894,0.2155108643627932,-5.294078753356998e-13
1359,1.0551052696132159e-11,5.865078975081089e-15,ELECTRODE_ATTACHMENT,CONFIRMED,6.570161980939555e-05,41710440.01710164,15.840782000942433,4046770724945029.5,2.071640962888783e-05,2.3460316026505023e-12,4.27399726661774e-07,182179.8675597148,0.215716883336731,-5.296594598460125e-13
1360,1.0556917775138786e-11,5.865079006626257e-15,ELECTRODE_ATTACHMENT,CONFIRMED,6.570518233043604e-05,41710439.8534385,15.84078193878648,4051553179794785.5,2.074089218991699e-05,2.3460316152785776e-12,4.268952237794472e-07,181964.82136015708,0.2159228765853513,-5.299106445501789e-13
1361,1.0562782854176982e-11,5.865079038196444e-15,ELECTRODE_ATTACHMENT,CONFIRMED,6.570874000679617e-05,41710439.68964582,15.840781876581332,4056335556738290.0,2.076537435213865e-05,2.3460316279166477e-12,4.263919187128981e-07,181750.2857331672,0.2161288437947389,-5.301614289582473e-13
1362,1.0568647933246774e-11,5.8650790697916204e-15,ELECTRODE_ATTACHMENT,CONFIRMED,6.571229284805013e-05,41710439.52572368,15.840781814327016,4061117847814709.0,2.078985607479937e-05,2.346031640564707e-12,4.2588980803636683e-07,181536.259218504,0.2163347846510159,-5.304118125813029e-13
1363,1.0574513012348186e-11,5.865079101411768e-15,ELECTRODE_ATTACHMENT,CONFIRMED,6.571584086374933e-05,41710439.3616723,15.840781752023616,4065900045062546.5,2.0814337317142315e-05,2.3460316532227397e-12,4.253888883364954e-07,181322.74036121357,0.2165406988403454,-5.30661794931476e-13
1364,1.0580378091481242e-11,5.865079133056849e-15,ELECTRODE_ATTACHMENT,CONFIRMED,6.571938406342272e-05,41710439.19749166,15.840781689671132,4070682140519666.0,2.0838818038407357e-05,2.346031665890744e-12,4.2488915621227334e-07,181109.72771160395,0.2167465860489276,-5.309113755219381e-13
1365,1.0586243170645968e-11,5.865079164726861e-15,ELECTRODE_ATTACHMENT,CONFIRMED,6.572292245657662e-05,41710439.033181965,15.840781627269632,4075464126223316.0,2.086329819783123e-05,2.3460316785687068e-12,4.243906082749853e-07,180897.21982522515,0.2169524459630068,-5.311605538669099e-13
1366,1.0592108249842393e-11,5.865079196421768e-15,ELECTRODE_ATTACHMENT,CONFIRMED,6.572645605269497e-05,41710438.868743286,15.840781564819146,4080245994210150.0,2.0887777754647644e-05,2.3460316912566226e-12,4.2389324114815884e-07,180685.21526284484,0.2171582782688671,-5.314093294816579e-13
1367,1.0597973329070531e-11,5.865079228141557e-15,ELECTRODE_ATTACHMENT,CONFIRMED,6.57299848612392e-05,41710438.70417576,15.840781502319723,4085027736516254.0,2.0912256668087363e-05,2.34603170395448e-12,4.233970514675117e-07,180473.71259042752,0.2173640826528368,-5.316577018825011e-13
1368,1.060383840833042e-11,5.865079259886201e-15,ELECTRODE_ATTACHMENT,CONFIRMED,6.57335088916484e-05,41710438.53947948,15.840781439771405,4089809345177167.0,2.0936734897378385e-05,2.346031716662272e-12,4.229020358808999e-07,180262.7103791111,0.2175698588012871,-5.3190567058681e-13
1369,1.0609703487622075e-11,5.865079291655679e-15,ELECTRODE_ATTACHMENT,CONFIRMED,6.573702815333934e-05,41710438.37465454,15.840781377174224,4094590812227903.0,2.0961212401745983e-05,2.3460317293799917e-12,4.224081910482661e-07,180052.20720518558,0.2177756064006342,-5.321532351130106e-13
1370,1.0615568566945526e-11,5.865079323449979e-15,ELECTRODE_ATTACHMENT,CONFIRMED,6.574054265570652e-05,41710438.2097012,15.84078131452828,4099372129702977.5,2.0985689140412927e-05,2.3460317421076186e-12,4.219155136415873e-07,179842.20165007169,0.2179813251373416,-5.324003949805856e-13
1371,1.0621433646300797e-11,5.865079355269048e-15,ELECTRODE_ATTACHMENT,CONFIRMED,6.574405240812218e-05,41710438.044619374,15.84078125183354,4104153289636430.0,2.1010165072599507e-05,2.3460317548451584e-12,4.214240003448248e-07,179632.69230029645,0.2181870146979155,-5.326471497100752e-13
1372,1.0627298725687908e-11,5.8650793871128964e-15,ELECTRODE_ATTACHMENT,CONFIRMED,6.574755741993647e-05,41710437.87940921,15.840781189090055,4108934284061845.0,2.103464015752372e-05,2.3460317675926017e-12,4.2093364785387194e-07,179423.67774747405,0.2183926747689124,-5.328934988230821e-13
1373,1.0633163805106888e-11,5.865079418981505e-15,ELECTRODE_ATTACHMENT,CONFIRMED,6.575105770047737e-05,41710437.71407095,15.84078112629793,4113715105012377.5,2.105911435440132e-05,2.346031780349929e-12,4.2044445287650427e-07,179215.15658828447,0.2185983050369376,-5.331394418422725e-13
1374,1.0639028884557764e-11,5.865079450874822e-15,ELECTRODE_ATTACHMENT,CONFIRMED,6.575455325905082e-05,41710437.54860466,15.840781063457175,4118495744520776.0,2.1083587622446017e-05,2.346031793117135e-12,4.1995641213232853e-07,179007.12742444943,0.2188039051886441,-5.333849782913752e-13
1375,1.0644893964040557e-11,5.865079482792839e-15,ELECTRODE_ATTACHMENT,CONFIRMED,6.575804410494073e-05,41710437.38301045,15.840781000567844,4123276194619405.5,2.110805992086955e-05,2.3460318058942104e-12,4.194695223527322e-07,178799.5888627127,0.2190094749107356,-5.336301076951889e-13
1376,1.0650759043555292e-11,5.865079514735528e-15,ELECTRODE_ATTACHMENT,CONFIRMED,6.576153024740906e-05,41710437.217288345,15.840780937629937,4128056447340271.0,2.1132531208881807e-05,2.3460318186811557e-12,4.189837802808339e-07,178592.5395148177,0.2192150138899654,-5.338748295795783e-13
1377,1.0656624123101996e-11,5.865079546702889e-15,ELECTRODE_ATTACHMENT,CONFIRMED,6.576501169569586e-05,41710437.051438645,15.840780874643574,4132836494715039.0,2.1157001445690936e-05,2.3460318314779455e-12,4.184991826714338e-07,178385.97799748904,0.2194205218131424,-5.341191434714832e-13
1378,1.0662489202680691e-11,5.8650795786948654e-15,ELECTRODE_ATTACHMENT,CONFIRMED,6.576848845901935e-05,41710436.885461286,15.840780811608727,4137616328775065.0,2.118147059050353e-05,2.3460318442845848e-12,4.180157262909627e-07,178179.90293240684,0.2196259983671247,-5.343630488989139e-13
1379,1.0668354282291404e-11,5.865079610711464e-15,ELECTRODE_ATTACHMENT,CONFIRMED,6.57719605465759e-05,41710436.71935645,15.840780748525468,4142395941551413.0,2.120593860252465e-05,2.346031857101062e-12,4.175334079174348e-07,177974.3129461896,0.2198314432388255,-5.346065453909569e-13
1380,1.0674219361934156e-11,5.865079642752656e-15,ELECTRODE_ATTACHMENT,CONFIRMED,6.577542796754014e-05,41710436.55312425,15.84078068539384,4147175325074881.0,2.1230405440958e-05,2.3460318699273647e-12,4.17052224340397e-07,177769.20667037202,0.2200368561152135,-5.348496324777764e-13
1381,1.0680084441608974e-11,5.865079674818413e-15,ELECTRODE_ATTACHMENT,CONFIRMED,6.577889073106504e-05,41710436.38676486,15.840780622213906,4151954471376023.0,2.1254871065006048e-05,2.3460318827634824e-12,4.16572172360881e-07,177564.58274138387,0.2202422366833129,-5.350923096906169e-13
1382,1.0685949521315882e-11,5.8650797069087084e-15,ELECTRODE_ATTACHMENT,CONFIRMED,6.578234884628183e-05,41710436.22027834,15.84078055898569,4156733372485174.0,2.127933543387014e-05,2.3460318956094095e-12,4.1609324879135386e-07,177360.4398005291,0.2204475846302032,-5.35334576561803e-13
1383,1.0691814601054904e-11,5.8650797390235246e-15,ELECTRODE_ATTACHMENT,CONFIRMED,6.578580232230024e-05,41710436.05366485,15.840780495709256,4161512020432472.0,2.130379850675061e-05,2.346031908465134e-12,4.1561545045567077e-07,177156.7764939662,0.2206528996430225,-5.355764326247442e-13
1384,1.0697679680826067e-11,5.8650797711628365e-15,ELECTRODE_ATTACHMENT,CONFIRMED,6.578925116820839e-05,41710435.88692449,15.840780432384635,4166290407247881.5,2.1328260242846905e-05,2.3460319213306467e-12,4.1513877418902604e-07,176953.5914726869,0.2208581814089669,-5.358178774139344e-13
1385,1.0703544760629395e-11,5.865079803326617e-15,ELECTRODE_ATTACHMENT,CONFIRMED,6.57926953930729e-05,41710435.72005733,15.840780369011863,4171068524961218.0,2.1352720601357696e-05,2.346031934205944e-12,4.1466321683790564e-07,176750.88339249557,0.2210634296152911,-5.360589104649565e-13
1386,1.0709409840464913e-11,5.865079835514859e-15,ELECTRODE_ATTACHMENT,CONFIRMED,6.579613500593898e-05,41710435.55306354,15.840780305591,4175846365602170.5,2.1377179541481036e-05,2.346031947091011e-12,4.1418877526003947e-07,176548.65091399013,0.2212686439493112,-5.362995313144828e-13
1387,1.0715274920332638e-11,5.865079867727529e-15,ELECTRODE_ATTACHMENT,CONFIRMED,6.579957001583038e-05,41710435.38594324,15.840780242122085,4180623921200325.5,2.1401637022414416e-05,2.346031959985841e-12,4.1371544632435403e-07,176346.8927025406,0.2214738240984039,-5.365397395002773e-13
1388,1.0721140000232604e-11,5.8650798999646025e-15,ELECTRODE_ATTACHMENT,CONFIRMED,6.580300043174959e-05,41710435.218696564,15.84078017860518,4185401183785189.5,2.1426093003354957e-05,2.346031972890421e-12,4.132432269109253e-07,176145.60742826978,0.221678969750008,-5.367795345611987e-13
1389,1.0727005080164827e-11,5.865079932226052e-15,ELECTRODE_ATTACHMENT,CONFIRMED,6.580642626267774e-05,41710435.051323526,15.840780115040282,4190178145386214.0,2.1450547443499467e-05,2.346031985804752e-12,4.127721139109314e-07,175944.79376603191,0.2218840805916237,-5.370189160372e-13
1390,1.073287016012934e-11,5.865079964511881e-15,ELECTRODE_ATTACHMENT,CONFIRMED,6.580984751757474e-05,41710434.88382441,15.840780051427505,4194954798032817.5,2.1475000302044597e-05,2.3460319987288106e-12,4.123021042266067e-07,175744.45039539578,0.2220891563108187,-5.372578834693349e-13
1391,1.0738735240126163e-11,5.865079996822027e-15,ELECTRODE_ATTACHMENT,CONFIRMED,6.581326420537927e-05,41710434.71619928,15.840779987766869,4199731133754410.0,2.149945153818695e-05,2.346032011662593e-12,4.1183319477119443e-07,175544.57600062125,0.2222941965952222,-5.374964363997555e-13
1392,1.074460032015532e-11,5.8650800291564815e-15,ELECTRODE_ATTACHMENT,CONFIRMED,6.581667633500893e-05,41710434.54844812,15.840779924058364,4204507144580416.0,2.152390111112321e-05,2.3460320246061003e-12,4.11365382468901e-07,175345.1692706409,0.2224992011325286,-5.37734574371714e-13
1393,1.0750465400216837e-11,5.8650800615152506e-15,ELECTRODE_ATTACHMENT,CONFIRMED,6.582008391536018e-05,41710434.38057123,15.84077986030212,4209282822540298.0,2.1548348980050256e-05,2.346032037559308e-12,4.1089866425484964e-07,175146.2288990425,0.2227041696105024,-5.379722969295718e-13
1394,1.0756330480310731e-11,5.8650800938982716e-15,ELECTRODE_ATTACHMENT,CONFIRMED,6.582348695530842e-05,41710434.21256862,15.840779796498122,4214058159663581.0,2.1572795104165277e-05,2.346032050522217e-12,4.1043303707503516e-07,174947.75358404606,0.2229091017169723,-5.382096036187919e-13
1395,1.0762195560437038e-11,5.865080126305541e-15,ELECTRODE_ATTACHMENT,CONFIRMED,6.582688546370812e-05,41710434.0444405,15.84077973264646,4218833147979873.0,2.159723944266589e-05,2.3460320634948085e-12,4.0996849788627753e-07,174749.7420284873,0.2231139971398378,-5.384464939859489e-13
1396,1.0768060640595774e-11,5.865080158737021e-15,ELECTRODE_ATTACHMENT,CONFIRMED,6.583027944939276e-05,41710433.876186885,15.84077966874714,4223607779518893.0,2.162168195475029e-05,2.3460320764770847e-12,4.095050436561773e-07,174552.19293979552,0.2233188555670647,-5.386829675787245e-13
1397,1.0773925720786968e-11,5.865080191192713e-15,ELECTRODE_ATTACHMENT,CONFIRMED,6.583366892117493e-05,41710433.707808,15.84077960480024,4228382046310490.5,2.164612259961735e-05,2.3460320894690278e-12,4.0904267136306994e-07,174355.10502997754,0.2235236766866928,-5.389190239459157e-13
1398,1.077979080101064e-11,5.865080223672569e-15,ELECTRODE_ATTACHMENT,CONFIRMED,6.583705388784639e-05,41710433.5393038,15.84077954080575,4233155940384673.0,2.1670561336466697e-05,2.3460321024706385e-12,4.0858137799598156e-07,174158.47701559533,0.2237284601868289,-5.391546626374314e-13
1399,1.0785655881266818e-11,5.865080256176597e-15,ELECTRODE_ATTACHMENT,CONFIRMED,6.584043435817808e-05,41710433.37067461,15.840779476763796,4237929453771625.0,2.1694998124498928e-05,2.346032115481893e-12,4.081211605545829e-07,173962.30761775043,0.2239332057556568,-5.393898832042997e-13
1400,1.0791520961555524e-11,5.865080288704733e-15,ELECTRODE_ATTACHMENT,CONFIRMED,6.584381034092026e-05,41710433.20192048,15.840779412674388,4242702578501735.0,2.1719432922915653e-05,2.3460321285027895e-12,4.0766201604914643e-07,173766.59556206147,0.2241379130814294,-5.396246851986653e-13
1401,1.079738604187678e-11,5.865080321256974e-15,ELECTRODE_ATTACHMENT,CONFIRMED,6.584718184480238e-05,41710433.03304147,15.840779348537554,4247475306605617.5,2.1743865690919643e-05,2.346032141533321e-12,4.0720394150050134e-07,173571.33957864734,0.2243425818524742,-5.398590681737928e-13
1402,1.0803251122230612e-11,5.865080353833303e-15,ELECTRODE_ATTACHMENT,CONFIRMED,6.585054887853339e-05,41710432.864037804,15.84077928435338,4252247630114138.5,2.1768296387714965e-05,2.3460321545734706e-12,4.067469339399891e-07,173376.53840210868,0.2245472117571953,-5.400930316840714e-13
1403,1.0809116202617047e-11,5.865080386433675e-15,ELECTRODE_ATTACHMENT,CONFIRMED,6.585391145080153e-05,41710432.69490953,15.840779220121876,4257019541058436.0,2.179272497250705e-05,2.346032167623236e-12,4.062909904094206e-07,173182.19077150754,0.2247518024840698,-5.403265752850127e-13
1404,1.0814981283036103e-11,5.865080419058091e-15,ELECTRODE_ATTACHMENT,CONFIRMED,6.585726957027453e-05,41710432.52565676,15.840779155843096,4261791031469946.5,2.1817151404502896e-05,2.3460321806826063e-12,4.0583610796103125e-07,172988.2954303501,0.2249563537216537,-5.405596985332562e-13
1405,1.0820846363487812e-11,5.865080451706517e-15,ELECTRODE_ATTACHMENT,CONFIRMED,6.586062324559963e-05,41710432.35627961,15.84077909151708,4266562093380426.5,2.1841575642911115e-05,2.3460321937515745e-12,4.0538228365743883e-07,172794.8511265679,0.2251608651585791,-5.407924009865696e-13
1406,1.0826711443972192e-11,5.865080484378937e-15,ELECTRODE_ATTACHMENT,CONFIRMED,6.586397248540361e-05,41710432.18677832,15.840779027143912,4271332718821978.0,2.18659976469421e-05,2.346032206830121e-12,4.049295145715995e-07,172601.85661249995,0.2253653364835587,-5.410246822038518e-13
1407,1.0832576524489266e-11,5.865080517075305e-15,ELECTRODE_ATTACHMENT,CONFIRMED,6.586731729829292e-05,41710432.01715288,15.8407789627236,4276102899827070.0,2.189041737580811e-05,2.346032219918248e-12,4.04477797786765e-07,172409.3106448725,0.2255697673853819,-5.412565417451339e-13
1408,1.0838441605039062e-11,5.865080549795621e-15,ELECTRODE_ATTACHMENT,CONFIRMED,6.587065769285355e-05,41710431.847403504,15.84077889825622,4280872628428565.0,2.191483478872342e-05,2.3460322330159362e-12,4.0402713039644013e-07,172217.21198478335,0.2257741575529205,-5.414879791715811e-13
1409,1.0844306685621602e-11,5.86508058253984e-15,ELECTRODE_ATTACHMENT,CONFIRMED,6.587399367765124e-05,41710431.67753026,15.840778833741796,4285641896659738.5,2.193924984490444e-05,2.346032246123184e-12,4.0357750950433954e-07,172025.55939768135,0.2259785066751258,-5.417189940454961e-13
1410,1.085017176623691e-11,5.86508061530796e-15,ELECTRODE_ATTACHMENT,CONFIRMED,6.587732526123146e-05,41710431.507533245,15.840778769180368,4290410696554308.0,2.196366250356981e-05,2.3460322592399798e-12,4.0312893222434597e-07,171834.35165335005,0.2261828144410325,-5.419495859303198e-13
1411,1.0856036846885008e-11,5.865080648099948e-15,ELECTRODE_ATTACHMENT,CONFIRMED,6.588065245211957e-05,41710431.33741272,15.840778704572028,4295179020146452.0,2.1988072723940555e-05,2.346032272366308e-12,4.026813956804675e-07,171643.58752588936,0.2263870805397588,-5.421797543906353e-13
1412,1.0861901927565924e-11,5.8650806809157706e-15,ELECTRODE_ATTACHMENT,CONFIRMED,6.588397525882065e-05,41710431.16716865,15.84077863991677,4299946859470836.0,2.201248046524018e-05,2.3460322855021677e-12,4.0223489700679643e-07,171453.2657936965,0.2265913046605049,-5.424094989921656e-13
1413,1.086776700827968e-11,5.865080713755419e-15,ELECTRODE_ATTACHMENT,CONFIRMED,6.588729368981973e-05,41710430.99680122,15.840778575214664,4304714206562635.0,2.203688568669481e-05,2.346032298647545e-12,4.0178943334746653e-07,171263.38523944977,0.2267954864925576,-5.426388193017813e-13
1414,1.08736320890263e-11,5.865080746618865e-15,ELECTRODE_ATTACHMENT,CONFIRMED,6.589060775358176e-05,41710430.826310575,15.840778510465768,4309481053457560.0,2.206128834753329e-05,2.3460323118024306e-12,4.0134500185661204e-07,171073.94465009012,0.2269996257252892,-5.428677148874981e-13
1415,1.0879497169805804e-11,5.865080779506077e-15,ELECTRODE_ATTACHMENT,CONFIRMED,6.589391745855176e-05,41710430.65569688,15.84077844567013,4314247392191876.0,2.2085688406987345e-05,2.346032324966811e-12,4.00901599698326e-07,170884.9428168035,0.2272037220481589,-5.430961853184818e-13
1416,1.0885362250618224e-11,5.865080812417028e-15,ELECTRODE_ATTACHMENT,CONFIRMED,6.58972228131547e-05,41710430.484960064,15.84077838082774,4319013214802433.5,2.211008582429165e-05,2.3460323381406905e-12,4.004592240466197e-07,170696.37853500224,0.2274077751507111,-5.433242301650466e-13
1417,1.0891227331463574e-11,5.865080845351727e-15,ELECTRODE_ATTACHMENT,CONFIRMED,6.590052382579564e-05,41710430.3141005,15.840778315938731,4323778513326685.0,2.2134480558683987e-05,2.3460323513240423e-12,4.0001787208538094e-07,170508.25060431103,0.2276117847225837,-5.435518489986629e-13
1418,1.0897092412341885e-11,5.865080878310106e-15,ELECTRODE_ATTACHMENT,CONFIRMED,6.590382050485984e-05,41710430.14311821,15.840778251003115,4328543279802713.0,2.215887256940536e-05,2.3460323645168626e-12,3.9957754100833333e-07,170320.55782854534,0.2278157504535,-5.437790413919537e-13
1419,1.0902957493253176e-11,5.865080911292157e-15,ELECTRODE_ATTACHMENT,CONFIRMED,6.590711285871268e-05,41710429.97201327,15.840778186020914,4333307506269252.0,2.218326181570009e-05,2.3460323777191483e-12,3.991382280189965e-07,170133.29901569616,0.2280196720332745,-5.440058069186985e-13
1420,1.0908822574197474e-11,5.865080944297871e-15,ELECTRODE_ATTACHMENT,CONFIRMED,6.591040089569987e-05,41710429.800785854,15.840778120992208,4338071184765713.0,2.2207648256816007e-05,2.346032390930883e-12,3.986999303306445e-07,169946.47297791328,0.2282235491518138,-5.442321451538371e-13
1421,1.0914687655174799e-11,5.865080977327208e-15,ELECTRODE_ATTACHMENT,CONFIRMED,6.591368462414724e-05,41710429.62943608,15.840778055917026,4342834307332207.0,2.223203185200448e-05,2.346032404152059e-12,3.9826264516626683e-07,169760.07853148703,0.2284273814991165,-5.444580556734695e-13
1422,1.092055273618518e-11,5.865081010380147e-15,ELECTRODE_ATTACHMENT,CONFIRMED,6.591696405236112e-05,41710429.45796408,15.840777990795424,4347596866009569.0,2.225641256052061e-05,2.346032417382666e-12,3.9782636975852724e-07,169574.11449683178,0.2286311687652744,-5.446835380548579e-13
1423,1.0926417817228635e-11,5.8650810434566655e-15,ELECTRODE_ATTACHMENT,CONFIRMED,6.592023918862807e-05,41710429.28637002,15.840777925627467,4352358852839381.0,2.22807903416233e-05,2.346032430622691e-12,3.973911013497251e-07,169388.57969846917,0.2288349106404739,-5.449085918764311e-13
1424,1.0932282898305192e-11,5.865081076556729e-15,ELECTRODE_ATTACHMENT,CONFIRMED,6.59235100412152e-05,41710429.11465398,15.840777860413192,4357120259863997.0,2.2305165154575424e-05,2.346032443872128e-12,3.969568371917549e-07,169203.47296501038,0.2290386068149949,-5.451332167177827e-13
1425,1.0938147979414874e-11,5.865081109680321e-15,ELECTRODE_ATTACHMENT,CONFIRMED,6.592677661836996e-05,41710428.94281607,15.840777795152626,4361881079126565.0,2.232953695864393e-05,2.346032457130969e-12,3.965235745460669e-07,169018.79312913984,0.2292422569792139,-5.453574121596759e-13
1426,1.0944013060557702e-11,5.8650811428274235e-15,ELECTRODE_ATTACHMENT,CONFIRMED,6.593003892832045e-05,41710428.770856455,15.840777729845838,4366641302671053.0,2.2353905713099925e-05,2.3460324703992005e-12,3.960913106836285e-07,168834.5390275991,0.229445860823605,-5.455811777840453e-13
1427,1.09498781417337e-11,5.865081175998002e-15,ELECTRODE_ATTACHMENT,CONFIRMED,6.593329697927523e-05,41710428.598775245,15.840777664492876,4371400922542271.0,2.237827137721887e-05,2.3460324836768133e-12,3.956600428848845e-07,168650.7095011691,0.2296494180387395,-5.458045131739976e-13
1428,1.0955743222942892e-11,5.865081209192034e-15,ELECTRODE_ATTACHMENT,CONFIRMED,6.593655077942353e-05,41710428.42657253,15.84077759909376,4376159930785896.0,2.2402633910280625e-05,2.346032496963804e-12,3.9522976843971866e-07,168467.3033946539,0.229852928315286,-5.460274179138134e-13
1429,1.09616083041853e-11,5.865081242409511e-15,ELECTRODE_ATTACHMENT,CONFIRMED,6.593980033693523e-05,41710428.2542485,15.84077753364858,4380918319448495.0,2.2426993271569644e-05,2.3460325102601525e-12,3.9480048464741457e-07,168284.31955686538,0.230056391344016,-5.462498915889533e-13
1430,1.0967473385460952e-11,5.865081275650382e-15,ELECTRODE_ATTACHMENT,CONFIRMED,6.594304565996094e-05,41710428.08180322,15.840777468157349,4385676080577551.0,2.2451349420375032e-05,2.346032523565859e-12,3.9437218881661763e-07,168101.75684060442,0.2302598068157981,-5.464719337860531e-13
1431,1.0973338466769866e-11,5.865081308914648e-15,ELECTRODE_ATTACHMENT,CONFIRMED,6.594628675663192e-05,41710427.90923695,15.840777402620166,4390433206221481.0,2.247570231599072e-05,2.3460325368809002e-12,3.939448782652963e-07,167919.6141026477,0.2304631744216055,-5.466935440929322e-13
1432,1.0979203548112068e-11,5.8650813422022496e-15,ELECTRODE_ATTACHMENT,CONFIRMED,6.594952363506038e-05,41710427.73654963,15.840777337037014,4395189688429668.0,2.250005191771553e-05,2.346032550205281e-12,3.935185503207045e-07,167737.8902037276,0.2306664938525099,-5.469147220985895e-13
1433,1.098506862948758e-11,5.865081375513202e-15,ELECTRODE_ATTACHMENT,CONFIRMED,6.595275630333927e-05,41710427.56374153,15.840777271407989,4399945519252477.5,2.252439818485336e-05,2.3460325635389814e-12,3.9309320231934286e-07,167556.58400851997,0.2308697647996899,-5.471354673932125e-13
1434,1.0990933710896428e-11,5.865081408847454e-15,ELECTRODE_ATTACHMENT,CONFIRMED,6.595598476954247e-05,41710427.39081276,15.84077720573314,4404700690741287.0,2.2548741076713265e-05,2.346032576881993e-12,3.926688316069218e-07,167375.69438562542,0.2310729869544268,-5.473557795681731e-13
1435,1.0996798792338632e-11,5.865081442204985e-15,ELECTRODE_ATTACHMENT,CONFIRMED,6.595920904172482e-05,41710427.217763364,15.84077714001248,4409455194948506.5,2.257308055260959e-05,2.346032590234313e-12,3.922454355383231e-07,167195.22020755353,0.231276160008106,-5.475756582160312e-13
1436,1.100266387381422e-11,5.865081475585782e-15,ELECTRODE_ATTACHMENT,CONFIRMED,6.59624291279221e-05,41710427.04459358,15.840777074246091,4414209023927602.5,2.2597416571862102e-05,2.346032603595921e-12,3.9182301147756325e-07,167015.16035070864,0.231479283652221,-5.477951029305401e-13
1437,1.1008528955323208e-11,5.865081508989802e-15,ELECTRODE_ATTACHMENT,CONFIRMED,6.596564503615118e-05,41710426.871303454,15.840777008434005,4418962169733124.0,2.2621749093796093e-05,2.346032616966815e-12,3.9140155679775533e-07,166835.51369537148,0.2316823575783705,-5.480141133066427e-13
1438,1.1014394036865623e-11,5.865081542417038e-15,ELECTRODE_ATTACHMENT,CONFIRMED,6.596885677440997e-05,41710426.69789316,15.84077694257628,4423714624420725.0,2.2646078077742496e-05,2.3460326303469817e-12,3.909810688810732e-07,166656.2791256857,0.2318853814782622,-5.482326889404791e-13
1439,1.1020259118441491e-11,5.865081575867455e-15,ELECTRODE_ATTACHMENT,CONFIRMED,6.59720643506775e-05,41710426.5243628,15.840776876672956,4428466380047186.0,2.2670403483038055e-05,2.346032643736412e-12,3.905615451187132e-07,166477.4555296404,0.2320883550437118,-5.484508294293841e-13
1440,1.1026124200050834e-11,5.86508160934103e-15,ELECTRODE_ATTACHMENT,CONFIRMED,6.597526777291402e-05,41710426.35071254,15.8407768107241,4433217428670445.0,2.2694725269025416e-05,2.3460326571350937e-12,3.9014298291085803e-07,166299.04179905544,0.2322912779666458,-5.486685343718925e-13
1441,1.1031989281693672e-11,5.865081642837735e-15,ELECTRODE_ATTACHMENT,CONFIRMED,6.597846704906094e-05,41710426.17694243,15.840776744729723,4437967762349612.0,2.2719043395053203e-05,2.346032670543024e-12,3.897253796666409e-07,166121.03682956524,0.2324941499390995,-5.488858033677383e-13
1442,1.1037854363370028e-11,5.865081676357559e-15,ELECTRODE_ATTACHMENT,CONFIRMED,6.5981662187041e-05,41710426.003052734,15.840776678689936,4442717373145001.0,2.2743357820476244e-05,2.3460326839601797e-12,3.893087328041077e-07,165943.43952060462,0.2326969706532224,-5.4910263601786e-13
1443,1.104371944507993e-11,5.865081709900449e-15,ELECTRODE_ATTACHMENT,CONFIRMED,6.598485319475818e-05,41710425.82904343,15.840776612604715,4447466253118149.0,2.27676685046556e-05,2.3460326973865667e-12,3.888930397501822e-07,165766.2487753906,0.232899739801273,-5.493190319243981e-13
1444,1.1049584526823395e-11,5.8650817434664165e-15,ELECTRODE_ATTACHMENT,CONFIRMED,6.598804008009787e-05,41710425.6549148,15.84077654647418,4452214394331841.5,2.2791975406958744e-05,2.34603271082216e-12,3.884782979406288e-07,165589.46350091073,0.2331024570756274,-5.495349906907025e-13
1445,1.1055449608600452e-11,5.865081777055399e-15,ELECTRODE_ATTACHMENT,CONFIRMED,6.599122285092684e-05,41710425.48066684,15.840776480298327,4456961788850138.5,2.281627848675964e-05,2.3460327242669603e-12,3.880645048200176e-07,165413.0826079044,0.2333051221687719,-5.49750511921328e-13
1446,1.106131469041112e-11,5.8650818106674e-15,ELECTRODE_ATTACHMENT,CONFIRMED,6.599440151509331e-05,41710425.30629982,15.84077641407726,4461708428738394.5,2.2840577703438918e-05,2.3460327377209475e-12,3.876516578416885e-07,165237.10501085015,0.2335077347733117,-5.499655952220431e-13
1447,1.106717977225542e-11,5.865081844302369e-15,ELECTRODE_ATTACHMENT,CONFIRMED,6.599757608042701e-05,41710425.13181369,15.840776347810955,4466454306063285.0,2.2864873016383936e-05,2.346032751184125e-12,3.872397544677152e-07,165061.52962794816,0.2337102945819642,-5.501802401998259e-13
1448,1.107304485413338e-11,5.865081877960313e-15,ELECTRODE_ATTACHMENT,CONFIRMED,6.600074655473914e-05,41710424.957208775,15.840776281499537,4471199412892829.0,2.2889164384988952e-05,2.346032764656469e-12,3.868287921688704e-07,164886.3553811082,0.2339128012875681,-5.503944464628715e-13
1449,1.1078909936045023e-11,5.865081911641173e-15,ELECTRODE_ATTACHMENT,CONFIRMED,6.600391294582259e-05,41710424.78248501,15.840776215142984,4475943741296415.0,2.2913451768655243e-05,2.3460327781379826e-12,3.864187684245899e-07,164711.581195931,0.234115254583076,-5.506082136205885e-13
1450,1.1084775017990368e-11,5.865081945344958e-15,ELECTRODE_ATTACHMENT,CONFIRMED,6.600707526145178e-05,41710424.60764269,15.840776148741403,4480687283344824.0,2.2937735126791184e-05,2.3460327916286445e-12,3.8600968072293876e-07,164537.20600169705,0.2343176541615634,-5.508215412836064e-13
1451,1.109064009996944e-11,5.865081979071612e-15,ELECTRODE_ATTACHMENT,CONFIRMED,6.601023350938288e-05,41710424.43268192,15.84077608229484,4485430031110252.0,2.2962014418812425e-05,2.346032805128446e-12,3.856015265605749e-07,164363.2287313489,0.2345199997162233,-5.510344290637732e-13
1452,1.109650518198226e-11,5.865082012821116e-15,ELECTRODE_ATTACHMENT,CONFIRMED,6.601338769735376e-05,41710424.25760274,15.840776015803309,4490171976666337.0,2.298628960414196e-05,2.346032818637384e-12,3.8519430344271587e-07,164189.64832147714,0.234722290940369,-5.512468765741593e-13
1453,1.1102370264028856e-11,5.86508204659346e-15,ELECTRODE_ATTACHMENT,CONFIRMED,6.601653783308399e-05,41710424.08240533,15.840775949266872,4494913112088179.0,2.301056064221032e-05,2.346032832155444e-12,3.847880088831029e-07,164016.46371230643,0.234924527527437,-5.514588834290588e-13
1454,1.1108235346109245e-11,5.865082080388611e-15,ELECTRODE_ATTACHMENT,CONFIRMED,6.601968392427505e-05,41710423.90708991,15.84077588268562,4499653429452369.0,2.3034827492455607e-05,2.3460328456826106e-12,3.843826404039681e-07,163843.6738476808,0.2351267091709864,-5.516704492439942e-13
1455,1.1114100428223447e-11,5.865082114206527e-15,ELECTRODE_ATTACHMENT,CONFIRMED,6.602282597861017e-05,41710423.73165648,15.840775816059548,4504392920837008.0,2.305909011432371e-05,2.3460328592188818e-12,3.839781955359986e-07,163671.27767504723,0.2353288355646981,-5.518815736357123e-13
1456,1.1119965510371496e-11,5.865082148047205e-15,ELECTRODE_ATTACHMENT,CONFIRMED,6.60259640037546e-05,41710423.55610527,15.840775749388747,4509131578321735.0,2.3083348467268345e-05,2.3460328727642426e-12,3.835746718183038e-07,163499.27414544375,0.2355309064023793,-5.520922562221923e-13
1457,1.1125830592553408e-11,5.8650821819106075e-15,ELECTRODE_ATTACHMENT,CONFIRMED,6.602909800735538e-05,41710423.38043632,15.840775682673229,4513869393987748.0,2.3107602510751253e-05,2.346032886318687e-12,3.831720667983804e-07,163327.6622134827,0.2357329213779613,-5.523024966226451e-13
1458,1.1131695674769204e-11,5.865082215796718e-15,ELECTRODE_ATTACHMENT,CONFIRMED,6.603222799704169e-05,41710423.20464988,15.840775615913095,4518606359917830.0,2.313185220424225e-05,2.3460328998821974e-12,3.827703780320797e-07,163156.44083733862,0.2359348801855033,-5.525122944575152e-13
1459,1.1137560757018907e-11,5.8650822497054936e-15,ELECTRODE_ATTACHMENT,CONFIRMED,6.603535398042467e-05,41710423.028745934,15.840775549108336,4523342468196372.0,2.31560975072194e-05,2.3460329134547727e-12,3.8236960308357324e-07,162985.6089787312,0.2361367825191891,-5.527216493484813e-13
1460,1.1143425839302546e-11,5.865082283636935e-15,ELECTRODE_ATTACHMENT,CONFIRMED,6.603847596509749e-05,41710422.852724805,15.840775482259067,4528077710909398.0,2.3180338379169135e-05,2.346032927036392e-12,3.819697395253194e-07,162815.16560291412,0.2363386280733344,-5.529305609184634e-13
1461,1.1149290921620135e-11,5.86508231759098e-15,ELECTRODE_ATTACHMENT,CONFIRMED,6.604159395863552e-05,41710422.676586404,15.840775415365265,4532812080144588.0,2.3204574779586357e-05,2.3460329406270597e-12,3.815707849380309e-07,162645.10967865726,0.2365404165423787,-5.531390287916165e-13
1462,1.1155156003971703e-11,5.865082351567649e-15,ELECTRODE_ATTACHMENT,CONFIRMED,6.604470796859626e-05,41710422.50033111,15.840775348427062,4537545567991303.0,2.322880666797456e-05,2.346032954226748e-12,3.8117273691064077e-07,162475.44017823707,0.2367421476208981,-5.533470525933426e-13
1463,1.1161021086357271e-11,5.86508238556687e-15,ELECTRODE_ATTACHMENT,CONFIRMED,6.604781800251941e-05,41710422.32395886,15.840775281444447,4542278166540608.0,2.3253034003845965e-05,2.3460329678354603e-12,3.8077559304026953e-07,162306.15607741763,0.2369438210035931,-5.535546319502811e-13
1464,1.116688616877686e-11,5.865082419588652e-15,ELECTRODE_ATTACHMENT,CONFIRMED,6.605092406792695e-05,41710422.14746987,15.840775214417496,4547009867885298.0,2.327725674672169e-05,2.346032981453179e-12,3.8037935093219273e-07,162137.25635544062,0.2371454363853008,-5.537617664903226e-13
1465,1.1172751251230491e-11,5.865082453632948e-15,ELECTRODE_ATTACHMENT,CONFIRMED,6.60540261723231e-05,41710421.97086424,15.84077514734625,4551740664119919.0,2.3301474856131764e-05,2.3460329950798974e-12,3.7998400819980843e-07,161968.73999500912,0.2373469934609885,-5.539684558426014e-13
1466,1.1178616333718192e-11,5.865082487699745e-15,ELECTRODE_ATTACHMENT,CONFIRMED,6.605712432319449e-05,41710421.794142164,15.840775080230776,4556470547340794.0,2.3325688291615327e-05,2.346033008715602e-12,3.795895624646041e-07,161800.60598227495,0.2375484919257582,-5.541746996375029e-13
1467,1.1184481416239984e-11,5.865082521789005e-15,ELECTRODE_ATTACHMENT,CONFIRMED,6.606021852801009e-05,41710421.617303714,15.840775013071106,4561199509646048.0,2.3349897012720768e-05,2.3460330223602853e-12,3.791960113561244e-07,161632.85330682376,0.2377499314748459,-5.543804975066622e-13
1468,1.1190346498795884e-11,5.865082555900714e-15,ELECTRODE_ATTACHMENT,CONFIRMED,6.606330879422128e-05,41710421.44034906,15.840774945867304,4565927543135631.0,2.337410097900579e-05,2.346033036013936e-12,3.7880335251193953e-07,161465.48096166254,0.2379513118036236,-5.545858490829693e-13
1469,1.119621158138592e-11,5.865082590034841e-15,ELECTRODE_ATTACHMENT,CONFIRMED,6.606639512926199e-05,41710421.26327829,15.840774878619406,4570654639911341.0,2.3398300150037568e-05,2.3460330496765453e-12,3.7841158357761234e-07,161298.48794320485,0.2381526326075995,-5.547907540005689e-13
1470,1.1202076664010112e-11,5.8650826241913645e-15,ELECTRODE_ATTACHMENT,CONFIRMED,6.606947754054855e-05,41710421.08609169,15.840774811327517,4575380792076850.0,2.3422494485392862e-05,2.346033063348092e-12,3.780207022066673e-07,161131.87325125883,0.2383538935824207,-5.549952118948624e-13
1471,1.120794174666848e-11,5.865082658370231e-15,ELECTRODE_ATTACHMENT,CONFIRMED,6.607255603547995e-05,41710420.908789165,15.840774743991606,4580105991737727.0,2.344668394465816e-05,2.3460330770285837e-12,3.776307060605577e-07,160965.63588901042,0.2385550944238683,-5.551992224025085e-13
1472,1.1213806829361052e-11,5.865082692571459e-15,ELECTRODE_ATTACHMENT,CONFIRMED,6.607563062143767e-05,41710420.731371,15.840774676611767,4584830231001462.0,2.3470868487429773e-05,2.346033090717999e-12,3.7724159280863484e-07,160799.77486301385,0.2387562348278671,-5.554027851614302e-13
1473,1.1219671912087846e-11,5.865082726794998e-15,ELECTRODE_ATTACHMENT,CONFIRMED,6.607870130578596e-05,41710420.553837374,15.84077460918809,4589553501977492.0,2.3495048073313974e-05,2.3460331044163214e-12,3.768533601281165e-07,160634.2891831764,0.2389573144904816,-5.556058998108123e-13
1474,1.1225536994848886e-11,5.865082761040804e-15,ELECTRODE_ATTACHMENT,CONFIRMED,6.608176809587166e-05,41710420.37618823,15.840774541720537,4594275796777222.0,2.3519222661927124e-05,2.34603311812356e-12,3.764660057040552e-07,160469.17786274306,0.2391583331079127,-5.55808565991101e-13
1475,1.1231402077644196e-11,5.8650827953089e-15,ELECTRODE_ATTACHMENT,CONFIRMED,6.608483099902438e-05,41710420.198423915,15.840774474209235,4598997107514052.0,2.3543392212895786e-05,2.3460331318396847e-12,3.760795272293072e-07,160304.43991828777,0.2393592903765101,-5.560107833440138e-13
1476,1.1237267160473794e-11,5.865082829599213e-15,ELECTRODE_ATTACHMENT,CONFIRMED,6.608789002255647e-05,41710420.02054442,15.840774406654202,4603717426303399.0,2.356755668585685e-05,2.3460331455646948e-12,3.7569392240450173e-07,160140.07436969585,0.2395601859927612,-5.562125515125343e-13
1477,1.1243132243337703e-11,5.865082863911737e-15,ELECTRODE_ATTACHMENT,CONFIRMED,6.609094517376313e-05,41710419.842549965,15.840774339055509,4608436745262722.0,2.3591716040457675e-05,2.346033159298576e-12,3.7530918893800964e-07,159976.08024015342,0.2397610196532998,-5.564138701409168e-13
1478,1.1248997326235952e-11,5.865082898246441e-15,ELECTRODE_ATTACHMENT,CONFIRMED,6.609399645992238e-05,41710419.66444065,15.840774271413189,4613155056511548.0,2.3615870236356172e-05,2.3460331730413204e-12,3.7492532454591285e-07,159812.45655613294,0.2399617910549032,-5.566147388746886e-13
1479,1.1254862409168554e-11,5.865082932603301e-15,ELECTRODE_ATTACHMENT,CONFIRMED,6.609704388829518e-05,41710419.486216605,15.8407742037273,4617872352171492.0,2.3640019233220987e-05,2.346033186792917e-12,3.7454232695197364e-07,159649.2023473811,0.2401624998944947,-5.568151573606502e-13
1480,1.1260727492135535e-11,5.865082966982291e-15,ELECTRODE_ATTACHMENT,CONFIRMED,6.610008746612539e-05,41710419.30787804,15.840774135997917,4622588624366285.0,2.3664162990731547e-05,2.34603320055335e-12,3.74160193887605e-07,159486.3166469056,0.2403631458691453,-5.570151252468801e-13
1481,1.126659257513692e-11,5.865083001383376e-15,ELECTRODE_ATTACHMENT,CONFIRMED,6.610312720063986e-05,41710419.12942492,15.840774068225032,4627303865221796.0,2.368830146857827e-05,2.346033214322623e-12,3.737789230918384e-07,159323.7984909607,0.2405637286760704,-5.57214642182732e-13
1482,1.1272457658172726e-11,5.865083035806557e-15,ELECTRODE_ATTACHMENT,CONFIRMED,6.610616309904849e-05,41710418.9508576,15.84077400040877,4632018066866058.0,2.371243462646263e-05,2.3460332281007056e-12,3.733985123112957e-07,159161.6469190381,0.2407642480126387,-5.574137078188434e-13
1483,1.1278322741242978e-11,5.865083070251765e-15,ELECTRODE_ATTACHMENT,CONFIRMED,6.610919516854425e-05,41710418.772176094,15.840773932549148,4636731221429290.0,2.373656242409729e-05,2.3460332418876003e-12,3.730189593001578e-07,158999.86097384946,0.2409647035763639,-5.576123218071319e-13
1484,1.1284187824347696e-11,5.865083104719002e-15,ELECTRODE_ATTACHMENT,CONFIRMED,6.611222341630314e-05,41710418.59338057,15.840773864646222,4641443321043922.0,2.3760684821206226e-05,2.3460332556832923e-12,3.7264026182013534e-07,158838.4397013171,0.2411650950649119,-5.57810483800797e-13
1485,1.1290052907486906e-11,5.8650831392082326e-15,ELECTRODE_ATTACHMENT,CONFIRMED,6.611524784948445e-05,41710418.414471135,15.840773796700034,4646154357844621.0,2.3784801777524884e-05,2.3460332694877735e-12,3.72262417640438e-07,158677.38215055948,0.2413654221760994,-5.580081934543273e-13
1486,1.1295917990660623e-11,5.865083173719436e-15,ELECTRODE_ATTACHMENT,CONFIRMED,6.611826847523052e-05,41710418.23544792,15.840773728710635,4650864323968312.0,2.3808913252800263e-05,2.346033283301036e-12,3.7188542453774633e-07,158516.6873738795,0.2415656846078947,-5.582054504234965e-13
1487,1.1301783073868876e-11,5.865083208252589e-15,ELECTRODE_ATTACHMENT,CONFIRMED,6.612128530066703e-05,41710418.056311086,15.840773660678089,4655573211554204.0,2.3833019206791055e-05,2.346033297123063e-12,3.715092802961809e-07,158356.3544267518,0.2417658820584207,-5.584022543653691e-13
1488,1.1307648157111686e-11,5.865083242807658e-15,ELECTRODE_ATTACHMENT,CONFIRMED,6.612429833290286e-05,41710417.8770609,15.840773592602488,4660281012743815.0,2.3857119599267758e-05,2.3460333109538376e-12,3.711339827072738e-07,158196.3823678105,0.2419660142259544,-5.585986049383027e-13
1489,1.1313513240389072e-11,5.865083277384595e-15,ELECTRODE_ATTACHMENT,CONFIRMED,6.612730757903025e-05,41710417.697697245,15.8407735244838,4664987719680994.0,2.3881214390012817e-05,2.3460333247933678e-12,3.707595295699386e-07,158036.77025883432,0.2421660808089238,-5.587945018019431e-13
1490,1.1319378323701052e-11,5.865083311983418e-15,ELECTRODE_ATTACHMENT,CONFIRMED,6.613031304612484e-05,41710417.51822045,15.84077345632214,4669693324511947.0,2.3905303538820746e-05,2.346033338641627e-12,3.703859186904422e-07,157877.51716473847,0.2423660815059177,-5.589899446172371e-13
1491,1.1325243407047658e-11,5.865083346604068e-15,ELECTRODE_ATTACHMENT,CONFIRMED,6.613331474124553e-05,41710417.33863062,15.840773388117553,4674397819385262.0,2.3929387005498243e-05,2.3460333524986083e-12,3.700131478823749e-07,157718.62215355886,0.2425660160156794,-5.59184933046425e-13
1492,1.1331108490428904e-11,5.865083381246521e-15,ELECTRODE_ATTACHMENT,CONFIRMED,6.613631267143481e-05,41710417.15892784,15.840773319870069,4679101196451929.0,2.3953464749864308e-05,2.3460333663643045e-12,3.696412149666223e-07,157560.08429644065,0.2427658840371087,-5.593794667530469e-13
1493,1.1336973573844816e-11,5.865083415910762e-15,ELECTRODE_ATTACHMENT,CONFIRMED,6.613930684371859e-05,41710416.979112245,15.840773251579744,4683803447865370.0,2.397753673175038e-05,2.346033380238705e-12,3.692701177713361e-07,157401.9026676268,0.2429656852692658,-5.595735454019445e-13
1494,1.1342838657295412e-11,5.8650834505967634e-15,ELECTRODE_ATTACHMENT,CONFIRMED,6.614229726510632e-05,41710416.79918403,15.840773183246643,4688504565781458.0,2.400160291100047e-05,2.346033394121797e-12,3.688998541319059e-07,157244.0763444453,0.2431654194113701,-5.597671686592618e-13
1495,1.1348703740780716e-11,5.865083485304493e-15,ELECTRODE_ATTACHMENT,CONFIRMED,6.614528394259097e-05,41710416.619143374,15.840773114870842,4693204542358545.0,2.4025663247471245e-05,2.346033408013564e-12,3.685304218909305e-07,157086.60440729742,0.2433650861628017,-5.599603361924482e-13
1496,1.135456882430075e-11,5.8650835200339096e-15,ELECTRODE_ATTACHMENT,CONFIRMED,6.614826688314912e-05,41710416.43899034,15.84077304645236,4697903369757485.0,2.404971770103221e-05,2.3460334219140026e-12,3.6816181889818946e-07,156929.48593964445,0.2435646852231008,-5.601530476702585e-13
1497,1.1360433907855534e-11,5.865083554785008e-15,ELECTRODE_ATTACHMENT,CONFIRMED,6.61512460937411e-05,41710416.25872499,15.840772977991222,4702601040141657.0,2.40737662315658e-05,2.346033435823108e-12,3.67794043010615e-07,156772.72002799658,0.2437642162919693,-5.603453027627555e-13
1498,1.1366298991445092e-11,5.86508358955777e-15,ELECTRODE_ATTACHMENT,CONFIRMED,6.615422158131077e-05,41710416.07834766,15.84077290948756,4707297545676990.0,2.4097808798967456e-05,2.3460334497408524e-12,3.674270920922647e-07,156616.30576190265,0.2439636790692763,-5.605371011413146e-13
1499,1.1372164075069444e-11,5.865083624352131e-15,ELECTRODE_ATTACHMENT,CONFIRMED,6.615719335278585e-05,41710415.8978584,15.840772840941383,4711992878531989.0,2.4121845363145867e-05,2.3460334636672337e-12,3.6706096401429205e-07,156460.24223393458,0.244163073255051,-5.607284424786214e-13
1500,1.1378029158728612e-11,5.865083659168086e-15,ELECTRODE_ATTACHMENT,CONFIRMED,6.616016141507777e-05,41710415.71725728,15.840772772352732,4716687030877758.0,2.4145875884022988e-05,2.3460334776022466e-12,3.6669565665491977e-07,156304.52853967773,0.2443623985494883,-5.609193264486761e-13
1501,1.1383894242422618e-11,5.865083694005617e-15,ELECTRODE_ATTACHMENT,CONFIRMED,6.616312577508173e-05,41710415.53654456,15.840772703721694,4721379994888022.0,2.41699003215342e-05,2.34603349154587e-12,3.663311678994121e-07,156149.16377771992,0.2445616546529511,-5.611097527267957e-13
1502,1.1389759326151482e-11,5.8650837288646765e-15,ELECTRODE_ATTACHMENT,CONFIRMED,6.616608643967683e-05,41710415.355720274,15.840772635048284,4726071762739156.0,2.4193918635628453e-05,2.3460335054981038e-12,3.659674956400467e-07,155994.14704963707,0.2447608412659662,-5.612997209896132e-13
1503,1.1395624409915228e-11,5.865083763745259e-15,ELECTRODE_ATTACHMENT,CONFIRMED,6.616904341572609e-05,41710415.17478466,15.8407725663326,4730762326610204.0,2.4217930786268365e-05,2.3460335194589254e-12,3.656046377760874e-07,155839.47745998454,0.2449599580892313,-5.614892309150838e-13
1504,1.1401489493713874e-11,5.8650837986473145e-15,ELECTRODE_ATTACHMENT,CONFIRMED,6.617199671007633e-05,41710414.99373778,15.840772497574651,4735451678682908.0,2.4241936733430363e-05,2.3460335334283334e-12,3.652425922137569e-07,155685.1541162825,0.2451590048236102,-5.616782821824814e-13
1505,1.1407354577547445e-11,5.865083833570834e-15,ELECTRODE_ATTACHMENT,CONFIRMED,6.61749463295585e-05,41710414.812579885,15.840772428774544,4740139811141729.0,2.4265936437104775e-05,2.346033547406308e-12,3.648813568662102e-07,155531.17612900725,0.2453579811701391,-5.618668744724063e-13
1506,1.141321966141596e-11,5.8650838685157696e-15,ELECTRODE_ATTACHMENT,CONFIRMED,6.617789228098746e-05,41710414.63131094,15.840772359932265,4744826716173873.0,2.428992985729602e-05,2.34603356139285e-12,3.645209296535061e-07,155377.54261157647,0.2455568868300208,-5.620550074667811e-13
1507,1.141908474531944e-11,5.865083903482126e-15,ELECTRODE_ATTACHMENT,CONFIRMED,6.618083457116209e-05,41710414.44993126,15.840772291047925,4749512385969315.0,2.4313916954022653e-05,2.3460335753879375e-12,3.6416130850258206e-07,155224.25268034136,0.2457557215046342,-5.622426808488589e-13
1508,1.1424949829257912e-11,5.865083938469845e-15,ELECTRODE_ATTACHMENT,CONFIRMED,6.61837732068655e-05,41710414.26844084,15.840772222121537,4754196812720823.0,2.433789768731755e-05,2.346033589391569e-12,3.638024913472255e-07,155071.3054545718,0.2459544848955267,-5.624298943032179e-13
1509,1.1430814913231389e-11,5.865083973478923e-15,ELECTRODE_ATTACHMENT,CONFIRMED,6.618670819486472e-05,41710414.08683993,15.840772153153178,4758879988623982.0,2.4361872017228e-05,2.3460336034037266e-12,3.6344447612804884e-07,154918.7000564476,0.2461531767044217,-5.626166475157716e-13
1510,1.14366799972399e-11,5.865084008509316e-15,ELECTRODE_ATTACHMENT,CONFIRMED,6.618963954191111e-05,41710413.90512865,15.840772084142907,4763561905877218.0,2.438583990381582e-05,2.3460336174244e-12,3.63087260792462e-07,154766.43561104572,0.2463517966332159,-5.628029401737622e-13
1511,1.144254508128346e-11,5.8650840435610005e-15,ELECTRODE_ATTACHMENT,CONFIRMED,6.619256725474019e-05,41710413.72330716,15.84077201509078,4768242556681825.0,2.4409801307157556e-05,2.3460336314535762e-12,3.627308432946456e-07,154614.51124632923,0.2465503443839816,-5.629887719657707e-13
1512,1.1448410165362094e-11,5.865084078633942e-15,ELECTRODE_ATTACHMENT,CONFIRMED,6.61954913400717e-05,41710413.54137555,15.840771945996831,4772921933241985.0,2.4433756187344477e-05,2.3460336454912517e-12,3.623752215955257e-07,154462.92609313605,0.2467488196589657,-5.631741425817096e-13
1513,1.1454275249475822e-11,5.8650841137281285e-15,ELECTRODE_ATTACHMENT,CONFIRMED,6.619841180460968e-05,41710413.359334014,15.84077187686114,4777600027764796.0,2.4457704504482824e-05,2.346033659537406e-12,3.6202039366274653e-07,154311.67928516856,0.2469472221605944,-5.633590517128346e-13
1514,1.1460140333624666e-11,5.865084148843516e-15,ELECTRODE_ATTACHMENT,CONFIRMED,6.620132865504252e-05,41710413.17718259,15.84077180768371,4782276832460295.0,2.448164621869388e-05,2.3460336735920416e-12,3.616663574706448e-07,154160.76995898056,0.2471455515914688,-5.635434990517375e-13
1515,1.1466005417808646e-11,5.865084183980106e-15,ELECTRODE_ATTACHMENT,CONFIRMED,6.620424189804294e-05,41710412.994921565,15.840771738464657,4786952339541482.0,2.450558129011407e-05,2.346033687655135e-12,3.613131110002242e-07,154010.19725396924,0.247343807654373,-5.637274842923558e-13
1516,1.1471870502027784e-11,5.865084219137838e-15,ELECTRODE_ATTACHMENT,CONFIRMED,6.620715154026804e-05,41710412.81255103,15.840771669204011,4791626541224345.0,2.4529509678895143e-05,2.346033701726676e-12,3.6096065223912826e-07,153859.96031236125,0.247541990052268,-5.639110071299688e-13
1517,1.1477735586282098e-11,5.8650842543166905e-15,ELECTRODE_ATTACHMENT,CONFIRMED,6.621005758835942e-05,41710412.63007104,15.8407715999018,4796299429727883.0,2.455343134520424e-05,2.3460337158066638e-12,3.6060897918161625e-07,153710.05827920252,0.2477400984882949,-5.640940672612007e-13
1518,1.1483600670571616e-11,5.865084289516659e-15,ELECTRODE_ATTACHMENT,CONFIRMED,6.62129600489431e-05,41710412.44748188,15.840771530558127,4800970997274131.0,2.457734624922405e-05,2.346033729895075e-12,3.602580898285364e-07,153560.490302349,0.2479381326657796,-5.642766643840263e-13
1519,1.1489465754896354e-11,5.865084324737688e-15,ELECTRODE_ATTACHMENT,CONFIRMED,6.621585892862967e-05,41710412.2647836,15.840771461173016,4805641236088186.0,2.460125435115297e-05,2.346033743991906e-12,3.599079821873001e-07,153411.25553245313,0.2481360922882276,-5.644587981977679e-13
1520,1.1495330839256334e-11,5.865084359979766e-15,ELECTRODE_ATTACHMENT,CONFIRMED,6.621875423401423e-05,41710412.08197638,15.840771391746529,4810310138398229.0,2.4625155611205127e-05,2.3460337580971426e-12,3.595586542718577e-07,153262.3531229551,0.2483339770593294,-5.646404684030985e-13
1521,1.1501195923651578e-11,5.865084395242858e-15,ELECTRODE_ATTACHMENT,CONFIRMED,6.62216459716765e-05,41710411.8990603,15.840771322278698,4814977696435551.0,2.4649049989610613e-05,2.346033772210778e-12,3.5921010410267226e-07,153113.78223007065,0.2485317866829589,-5.648216747020455e-13
1522,1.1507061008082105e-11,5.865084430526947e-15,ELECTRODE_ATTACHMENT,CONFIRMED,6.622453414818084e-05,41710411.71603562,15.840771252769624,4819643902434576.0,2.4672937446615523e-05,2.346033786332795e-12,3.58862329706695e-07,152965.54201278192,0.2487295208631768,-5.650024167979912e-13
1523,1.1512926092547936e-11,5.865084465831988e-15,ELECTRODE_ATTACHMENT,CONFIRMED,6.622741877007628e-05,41710411.53290245,15.840771183219347,4824308748632886.0,2.469681794248217e-05,2.3460338004631816e-12,3.5851532911733916e-07,152817.63163282507,0.2489271793042294,-5.651826943956748e-13
1524,1.1518791177049096e-11,5.865084501157955e-15,ELECTRODE_ATTACHMENT,CONFIRMED,6.623029984389648e-05,41710411.349660896,15.840771113627913,4828972227271246.0,2.4720691437489096e-05,2.3460338146019322e-12,3.581691003744565e-07,152670.05025468036,0.2491247617105492,-5.653625072011933e-13
1525,1.15246562615856e-11,5.865084536504831e-15,ELECTRODE_ATTACHMENT,CONFIRMED,6.623317737615997e-05,41710411.16631104,15.84077104399534,4833634330593627.0,2.4744557891931324e-05,2.3460338287490386e-12,3.578236415243113e-07,152522.7970455615,0.2493222677867568,-5.655418549220042e-13
1526,1.1530521346157471e-11,5.865084571872597e-15,ELECTRODE_ATTACHMENT,CONFIRMED,6.623605137337002e-05,41710410.98285317,15.84077097432175,4838295050847231.0,2.476841726612036e-05,2.34603384290448e-12,3.574789506195561e-07,152375.87117540618,0.2495196972376644,-5.657207372669296e-13
1527,1.1536386430764732e-11,5.865084607261201e-15,ELECTRODE_ATTACHMENT,CONFIRMED,6.623892184201467e-05,41710410.79928736,15.840770904607163,4842954380282516.0,2.4792269520384407e-05,2.3460338570682495e-12,3.571350257192072e-07,152229.27181686342,0.2497170497682713,-5.658991539461529e-13
1528,1.1542251515407404e-11,5.865084642670626e-15,ELECTRODE_ATTACHMENT,CONFIRMED,6.62417887885669e-05,41710410.6156138,15.840770834851662,4847612311153220.0,2.4816114615068448e-05,2.346033871240334e-12,3.567918648886196e-07,152082.99814528503,0.2499143250837694,-5.660771046712255e-13
1529,1.1548116600085503e-11,5.8650846781008365e-15,ELECTRODE_ATTACHMENT,CONFIRMED,6.624465221948451e-05,41710410.43183255,15.840770765055256,4852268835716385.0,2.483995251053439e-05,2.346033885420728e-12,3.5644946619946325e-07,151937.04933871364,0.2501115228895403,-5.66254589155065e-13
1530,1.1553981684799056e-11,5.865084713551822e-15,ELECTRODE_ATTACHMENT,CONFIRMED,6.624751214121033e-05,41710410.247943774,15.84077069521802,4856923946232381.0,2.486378316716117e-05,2.346033899609417e-12,3.5610782772969817e-07,151791.4245778739,0.2503086428911605,-5.664316071119599e-13
1531,1.155984676954808e-11,5.8650847490235434e-15,ELECTRODE_ATTACHMENT,CONFIRMED,6.625036856017208e-05,41710410.063947685,15.84077062534002,4861577634964931.0,2.4887606545344896e-05,2.3460339138063885e-12,3.557669475635508e-07,151646.12304616123,0.2505056847943992,-5.666081582575706e-13
1532,1.1565711854332596e-11,5.8650847845159725e-15,ELECTRODE_ATTACHMENT,CONFIRMED,6.625322148278252e-05,41710409.8798444,15.840770555421312,4866229894181137.0,2.4911422605498965e-05,2.346033928011632e-12,3.554268237914892e-07,151501.1439296316,0.2507026483052205,-5.667842423089296e-13
1533,1.1571576939152624e-11,5.86508482002908e-15,ELECTRODE_ATTACHMENT,CONFIRMED,6.625607091543945e-05,41710409.69563401,15.840770485461931,4870880716151500.0,2.493523130805418e-05,2.346033942225137e-12,3.5508745451019993e-07,151356.48641699148,0.2508995331297831,-5.669598589844452e-13
1534,1.1577442024008187e-11,5.865084855562843e-15,ELECTRODE_ATTACHMENT,CONFIRMED,6.62589168645258e-05,41710409.51131674,15.84077041546196,4875530093149950.0,2.4959032613458903e-05,2.346033956446889e-12,3.547488378225633e-07,151212.14969958784,0.2510963389744436,-5.671350080039033e-13
1535,1.1583307108899303e-11,5.8650848911172244e-15,ELECTRODE_ATTACHMENT,CONFIRMED,6.626175933640955e-05,41710409.32689263,15.84077034542141,4880178017453865.0,2.4982826482179128e-05,2.3460339706768865e-12,3.5441097183763065e-07,151068.1329713971,0.2512930655457533,-5.673096890884665e-13
1536,1.1589172193825996e-11,5.865084926692217e-15,ELECTRODE_ATTACHMENT,CONFIRMED,6.626459833744392e-05,41710409.142362006,15.840770275340407,4884824481344099.0,2.5006612874698658e-05,2.3460339849151027e-12,3.5407385467059974e-07,150924.43542901738,0.2514897125504657,-5.674839019606816e-13
1537,1.1595037278788283e-11,5.865084962287757e-15,ELECTRODE_ATTACHMENT,CONFIRMED,6.626743387396727e-05,41710408.95772484,15.840770205218943,4889469477105006.0,2.503039175151921e-05,2.3460339991615395e-12,3.5373748444279137e-07,150781.0562716548,0.2516862796955293,-5.676576463444741e-13
1538,1.1600902363786188e-11,5.8650849979038484e-15,ELECTRODE_ATTACHMENT,CONFIRMED,6.627026595230319e-05,41710408.77298132,15.840770135057092,4894112997024463.0,2.505416307316056e-05,2.3460340134161814e-12,3.534018592816261e-07,150637.99470111664,0.251882766688095,-5.678309219651563e-13
1539,1.1606767448819729e-11,5.8650850335404544e-15,ELECTRODE_ATTACHMENT,CONFIRMED,6.627309457876056e-05,41710408.588131696,15.840770064854944,4898755033393895.0,2.507792680016059e-05,2.346034027679011e-12,3.5306697732060135e-07,150495.24992180066,0.2520791732355154,-5.680037285494264e-13
1540,1.1612632533888928e-11,5.865085069197529e-15,ELECTRODE_ATTACHMENT,CONFIRMED,6.627591975963358e-05,41710408.40317604,15.84076999461252,4903395578508299.0,2.510168289307552e-05,2.346034041950023e-12,3.527328366992674e-07,150352.82114068384,0.2522754990453428,-5.681760658253688e-13
1541,1.1618497618993803e-11,5.865085104875059e-15,ELECTRODE_ATTACHMENT,CONFIRMED,6.62787415012018e-05,41710408.21811445,15.840769924329868,4908034624666271.0,2.512543131247998e-05,2.346034056229208e-12,3.5239943556320414e-07,150210.7075673136,0.2524717438253327,-5.683479335224585e-13
1542,1.1624362704134375e-11,5.8650851405730216e-15,ELECTRODE_ATTACHMENT,CONFIRMED,6.628155980973006e-05,41710408.03294712,15.84076985400706,4912672164170026.0,2.5149172018967117e-05,2.346034070516553e-12,3.520667720639992e-07,150068.90841379837,0.2526679072834458,-5.685193313715634e-13
1543,1.1630227789310668e-11,5.865085176291384e-15,ELECTRODE_ATTACHMENT,CONFIRMED,6.628437469146877e-05,41710407.847674206,15.840769783644156,4917308189325427.0,2.5172904973148755e-05,2.346034084812043e-12,3.5173484435922353e-07,149927.4228947971,0.252863989127847,-5.686902591049436e-13
1544,1.1636092874522698e-11,5.865085212030109e-15,ELECTRODE_ATTACHMENT,CONFIRMED,6.628718615265366e-05,41710407.66229592,15.840769713241226,4921942692442005.0,2.5196630135655492e-05,2.346034099115667e-12,3.514036506124099e-07,149786.2502275098,0.2530599890669065,-5.688607164562542e-13
1545,1.1641957959770488e-11,5.8650852477891685e-15,ELECTRODE_ATTACHMENT,CONFIRMED,6.6289994199506e-05,41710407.47681219,15.840769642798255,4926575665832987.0,2.5220347467136887e-05,2.346034113427424e-12,3.5107318899302877e-07,149645.38963166677,0.2532559068091991,-5.690307031605465e-13
1546,1.1647823045054056e-11,5.865085283568559e-15,ELECTRODE_ATTACHMENT,CONFIRMED,6.629279883823259e-05,41710407.29122337,15.840769572315374,4931207101815319.0,2.5244056928261463e-05,2.3460341277472904e-12,3.5074345767646706e-07,149504.84032952157,0.2534517420635111,-5.692002189542723e-13
1547,1.1653688130373422e-11,5.865085319368227e-15,ELECTRODE_ATTACHMENT,CONFIRMED,6.62956000750258e-05,41710407.105529614,15.840769501792638,4935836992709690.0,2.5267758479716975e-05,2.346034142075254e-12,3.504144548440047e-07,149364.60154583902,0.253647494538835,-5.693692635752847e-13
1548,1.1659553215728612e-11,5.8650853551881355e-15,ELECTRODE_ATTACHMENT,CONFIRMED,6.629839791606356e-05,41710406.91973094,15.840769431230058,4940465330840557.0,2.5291452082210428e-05,2.3460341564113128e-12,3.500861786827924e-07,149224.6725078858,0.253843163944371,-5.695378367628355e-13
1549,1.1665418301119639e-11,5.865085391028284e-15,ELECTRODE_ATTACHMENT,CONFIRMED,6.630119236750944e-05,41710406.73382759,15.840769360627723,4945092108536170.0,2.531513769646825e-05,2.3460341707554498e-12,3.497586273858294e-07,149085.05244542242,0.2540387499895321,-5.697059382575842e-13
1550,1.1671283386546527e-11,5.865085426888626e-15,ELECTRODE_ATTACHMENT,CONFIRMED,6.630398343551273e-05,41710406.5478197,15.840769289985689,4949717318128595.0,2.5338815283236403e-05,2.346034185107652e-12,3.4943179915194123e-07,148945.7405906926,0.2542342523839413,-5.698735678015952e-13
1551,1.1677148472009296e-11,5.8650854627691306e-15,ELECTRODE_ATTACHMENT,CONFIRMED,6.630677112620836e-05,41710406.36170735,15.84076921930398,4954340951953740.0,2.536248480328053e-05,2.3460341994679135e-12,3.491056921857573e-07,148806.73617841344,0.2544296708374327,-5.700407251383392e-13
1552,1.1683013557507966e-11,5.8650854986697865e-15,ELECTRODE_ATTACHMENT,CONFIRMED,6.630955544571705e-05,41710406.17549084,15.840769148582712,4958963002351378.0,2.538614621738605e-05,2.346034213836214e-12,3.487803046976893e-07,148668.03844576798,0.2546250050600565,-5.702074100127e-13
1553,1.1688878643042556e-11,5.865085534590536e-15,ELECTRODE_ATTACHMENT,CONFIRMED,6.631233640014527e-05,41710405.98917013,15.840769077821871,4963583461665172.0,2.5409799486358294e-05,2.3460342282125557e-12,3.48455634903909e-07,148529.6466323927,0.2548202547620716,-5.703736221709685e-13
1554,1.1694743728613087e-11,5.865085570531389e-15,ELECTRODE_ATTACHMENT,CONFIRMED,6.631511399558527e-05,41710405.802745536,15.84076900702158,4968202322242701.0,2.5433444571022657e-05,2.3460342425969095e-12,3.48131681026326e-07,148391.55998037205,0.2550154196539574,-5.705393613608522e-13
1555,1.1700608814219582e-11,5.865085606492274e-15,ELECTRODE_ATTACHMENT,CONFIRMED,6.631788823811523e-05,41710405.61621708,15.84076893618184,4972819576435481.0,2.545708143222467e-05,2.3460342569892802e-12,3.478084412925666e-07,148253.7777342251,0.2552104994464042,-5.70704627331472e-13
1556,1.1706473899862056e-11,5.8650856424732004e-15,ELECTRODE_ATTACHMENT,CONFIRMED,6.632065913379914e-05,41710405.42958496,15.840768865302737,4977435216598992.0,2.548071003083014e-05,2.3460342713896485e-12,3.474859139359524e-07,148116.2991408999,0.2554054938503219,-5.708694198333653e-13
1557,1.1712338985540528e-11,5.865085678474121e-15,ELECTRODE_ATTACHMENT,CONFIRMED,6.632342668868691e-05,41710405.24284942,15.840768794384353,4982049235092703.0,2.5504330327725336e-05,2.346034285797998e-12,3.4716409719547734e-07,147979.1234497625,0.2556004025768379,-5.710337386184896e-13
1558,1.1718204071255024e-11,5.865085714494997e-15,ELECTRODE_ATTACHMENT,CONFIRMED,6.632619090881443e-05,41710405.0560104,15.84076872342667,4986661624280094.0,2.552794228381704e-05,2.3460343002143294e-12,3.4684298931578774e-07,147842.24991258688,0.2557952253372952,-5.711975834402199e-13
1559,1.172406915700556e-11,5.865085750535824e-15,ELECTRODE_ATTACHMENT,CONFIRMED,6.63289518002036e-05,41710404.869068205,15.8407686524298,4991272376528683.0,2.55515458600327e-05,2.346034314638624e-12,3.4652258854716e-07,147705.67778354822,0.2559899618432593,-5.713609540533568e-13
1560,1.1729934242792155e-11,5.865085786596562e-15,ELECTRODE_ATTACHMENT,CONFIRMED,6.633170936886226e-05,41710404.68202295,15.840768581393796,4995881484210049.0,2.5575141017320567e-05,2.3460343290708704e-12,3.4620289314547947e-07,147569.4063192121,0.2561846118065149,-5.715238502141228e-13
1561,1.1735799328614836e-11,5.865085822677177e-15,ELECTRODE_ATTACHMENT,CONFIRMED,6.633446362078437e-05,41710404.49487485,15.84076851031873,5000488939699856.0,2.5598727716649786e-05,2.3460343435110528e-12,3.458839013722197e-07,147433.43477852637,0.2563791749390687,-5.716862716801667e-13
1562,1.1741664414473611e-11,5.865085858777633e-15,ELECTRODE_ATTACHMENT,CONFIRMED,6.633721456195e-05,41710404.30762396,15.840768439204629,5005094735377880.0,2.562230591901056e-05,2.3460343579591657e-12,3.455656114944208e-07,147297.76242281083,0.2565736509531475,-5.718482182105646e-13
1563,1.1747529500368512e-11,5.8650858948979135e-15,ELECTRODE_ATTACHMENT,CONFIRMED,6.633996219832526e-05,41710404.12027048,15.84076836805156,5009698863628029.0,2.564587558541425e-05,2.3460343724151962e-12,3.452480217846686e-07,147162.38851574992,0.2567680395612026,-5.72009689565821e-13
1564,1.1753394586299548e-11,5.86508593103799e-15,ELECTRODE_ATTACHMENT,CONFIRMED,6.634270653586251e-05,41710403.93281444,15.840768296859547,5014301316838372.0,2.566943667689353e-05,2.3460343868791375e-12,3.449311305210738e-07,147027.31232338236,0.2569623404759081,-5.72170685507872e-13
1565,1.1759259672266748e-11,5.8650859671978445e-15,ELECTRODE_ATTACHMENT,CONFIRMED,6.634544758050025e-05,41710403.74525621,15.840768225628722,5018902087401162.0,2.5692989154502455e-05,2.3460344013509664e-12,3.446149359872511e-07,146892.53311409423,0.2571565534101664,-5.723312058000884e-13
1566,1.1765124758270126e-11,5.8650860033774164e-15,ELECTRODE_ATTACHMENT,CONFIRMED,6.634818533816322e-05,41710403.557595775,15.840768154359084,5023501167712859.0,2.571653297931665e-05,2.346034415830681e-12,3.442994364722984e-07,146758.05015860748,0.2573506780771012,-5.72491250207273e-13
1567,1.1770989844309705e-11,5.865086039576702e-15,ELECTRODE_ATTACHMENT,CONFIRMED,6.635091981476244e-05,41710403.369833365,15.840768083050715,5028098550174155.0,2.57400681124334e-05,2.346034430318262e-12,3.4398463027077626e-07,146623.86272997342,0.2575447141900662,-5.726508184956663e-13
1568,1.1776854930385498e-11,5.865086075795656e-15,ELECTRODE_ATTACHMENT,CONFIRMED,6.63536510161952e-05,41710403.18196909,15.840768011703656,5032694227190001.0,2.576359451497177e-05,2.3460344448137056e-12,3.4367051568268724e-07,146489.97010356234,0.2577386614626401,-5.728099104329452e-13
1569,1.1782720016497533e-11,5.865086112034265e-15,ELECTRODE_ATTACHMENT,CONFIRMED,6.635637894834516e-05,41710402.994003125,15.840767940317988,5037288191169628.0,2.578711214807277e-05,2.346034459316994e-12,3.433570910134553e-07,146356.37155705612,0.2579325196086329,-5.729685257882298e-13
1570,1.1788585102645826e-11,5.865086148292486e-15,ELECTRODE_ATTACHMENT,CONFIRMED,6.635910361708229e-05,41710402.80593556,15.840767868893728,5041880434526574.0,2.581062097289943e-05,2.3460344738281238e-12,3.430443545739058e-07,146223.06637043823,0.2581262883420812,-5.731266643320784e-13
1571,1.1794450188830397e-11,5.865086184570309e-15,ELECTRODE_ATTACHMENT,CONFIRMED,6.6361825028263e-05,41710402.61776664,15.840767797430974,5046470949678706.0,2.583412095063696e-05,2.346034488347072e-12,3.4273230468024485e-07,146090.05382598666,0.2583199673772552,-5.732843258364959e-13
1572,1.1800315275051263e-11,5.86508622086768e-15,ELECTRODE_ATTACHMENT,CONFIRMED,6.636454318773018e-05,41710402.429496415,15.840767725929748,5051059729048248.0,2.585761204249285e-05,2.3460345028738383e-12,3.424209396540392e-07,145957.3332082633,0.2585135564286531,-5.734415100749293e-13
1573,1.1806180361308449e-11,5.865086257184597e-15,ELECTRODE_ATTACHMENT,CONFIRMED,6.636725810131304e-05,41710402.2411252,15.840767654390168,5055646765061801.0,2.5881094209697032e-05,2.346034517408397e-12,3.421102578221962e-07,145824.90380410792,0.2587070552110091,-5.735982168222754e-13
1574,1.1812045447601972e-11,5.865086293520992e-15,ELECTRODE_ATTACHMENT,CONFIRMED,6.636996977482745e-05,41710402.05265297,15.840767582812228,5060232050150372.0,2.590456741350196e-05,2.34603453195075e-12,3.4180025751694387e-07,145692.76490262643,0.2589004634392861,-5.737544458548776e-13
1575,1.1817910533931849e-11,5.865086329876875e-15,ELECTRODE_ATTACHMENT,CONFIRMED,6.637267821407571e-05,41710401.864079945,15.840767511196002,5064815576749396.0,2.5928031615182772e-05,2.346034546500881e-12,3.4149093707581033e-07,145560.91579518522,0.2590937808286843,-5.739101969505312e-13
1576,1.1823775620298099e-11,5.865086366252202e-15,ELECTRODE_ATTACHMENT,CONFIRMED,6.637538342484676e-05,41710401.67540633,15.840767439541578,5069397337298761.0,2.5951486776037423e-05,2.346034561058771e-12,3.411822948416045e-07,145429.35577540175,0.2592870070946388,-5.740654698884835e-13
1577,1.1829640706700748e-11,5.865086402646928e-15,ELECTRODE_ATTACHMENT,CONFIRMED,6.637808541291607e-05,41710401.48663219,15.840767367848976,5073977324242831.0,2.597493285738672e-05,2.3460345756244213e-12,3.40874329162397e-07,145298.08413913497,0.2594801419528178,-5.742202644494347e-13
1578,1.1835505793139808e-11,5.865086439061054e-15,ELECTRODE_ATTACHMENT,CONFIRMED,6.638078418404578e-05,41710401.297757775,15.84076729611829,5078555530030474.0,2.5998369820574596e-05,2.346034590197807e-12,3.405670383914984e-07,145167.10018447912,0.2596731851191304,-5.743745804155432e-13
1579,1.1841370879615304e-11,5.865086475494518e-15,ELECTRODE_ATTACHMENT,CONFIRMED,6.63834797439847e-05,41710401.10878312,15.840767224349536,5083131947115083.0,2.6021797626968103e-05,2.346034604778928e-12,3.402604208874418e-07,145036.40321175288,0.2598661363097192,-5.745284175704221e-13
1580,1.184723596612725e-11,5.8650865119473196e-15,ELECTRODE_ATTACHMENT,CONFIRMED,6.638617209846837e-05,41710400.91970848,15.840767152542808,5087706567954602.0,2.6045216237957616e-05,2.3460346193677624e-12,3.39954475013962e-07,144905.99252349354,0.2600589952409689,-5.746817756991466e-13
1581,1.1853101052675667e-11,5.865086548419407e-15,ELECTRODE_ATTACHMENT,CONFIRMED,6.638886125321896e-05,41710400.73053393,15.840767080698138,5092279385011550.0,2.606862561495692e-05,2.346034633964307e-12,3.396491991399768e-07,144775.86742444665,0.2602517616295012,-5.748346545882501e-13
1582,1.185896613926058e-11,5.865086584910768e-15,ELECTRODE_ATTACHMENT,CONFIRMED,6.639154721394555e-05,41710400.54125964,15.84076700881559,5096850390753047.0,2.6092025719403343e-05,2.3460346485685475e-12,3.393445916395668e-07,144646.027221559,0.2604444351921798,-5.74987054025731e-13
1583,1.1864831225882e-11,5.86508662142137e-15,ELECTRODE_ATTACHMENT,CONFIRMED,6.639422998634388e-05,41710400.351885885,15.840766936895267,5101419577650837.0,2.61154165127579e-05,2.3460346631804632e-12,3.39040650891957e-07,144516.4712239706,0.2606370156461105,-5.751389738010521e-13
1584,1.1870696312539951e-11,5.865086657951159e-15,ELECTRODE_ATTACHMENT,CONFIRMED,6.639690957609664e-05,41710400.16241264,15.840766864937155,5105986938181313.0,2.6138797956505413e-05,2.3460346778000558e-12,3.38737375281497e-07,144387.19874300444,0.2608295027086385,-5.752904137051411e-13
1585,1.1876561399234452e-11,5.865086694500139e-15,ELECTRODE_ATTACHMENT,CONFIRMED,6.639958598887331e-05,41710399.972840175,15.840766792941366,5110552464825541.0,2.6162170012154607e-05,2.346034692427303e-12,3.384347631976422e-07,144258.2090921613,0.2610218960973553,-5.754413735303954e-13
1586,1.188242648596552e-11,5.865086731068258e-15,ELECTRODE_ATTACHMENT,CONFIRMED,6.64022592303303e-05,41710399.78316856,15.840766720907922,5115116150069284.0,2.618553264123825e-05,2.346034707062201e-12,3.38132813034935e-07,144129.5015871093,0.2612141955300939,-5.755918530706805e-13
1587,1.1888291572733175e-11,5.865086767655504e-15,ELECTRODE_ATTACHMENT,CONFIRMED,6.640492930611092e-05,41710399.593398005,15.840766648836905,5119677986403029.0,2.6208885805313303e-05,2.3460347217047343e-12,3.378315231929851e-07,144001.07554567713,0.2614064007249344,-5.75741852121335e-13
1588,1.1894156659537435e-11,5.865086804261836e-15,ELECTRODE_ATTACHMENT,CONFIRMED,6.640759622184548e-05,41710399.40352868,15.84076657672837,5124237966322010.0,2.623222946596104e-05,2.346034736354888e-12,3.375308920764513e-07,143872.93028784572,0.2615985114002026,-5.758913704791706e-13
1589,1.1900021746378324e-11,5.8650868408872214e-15,ELECTRODE_ATTACHMENT,CONFIRMED,6.641025998315124e-05,41710399.2135607,15.840766504582367,5128796082326231.0,2.6255563584787137e-05,2.3460347510126546e-12,3.3723091809502233e-07,143745.06513573945,0.2617905272744697,-5.760404079424732e-13
1590,1.1905886833255856e-11,5.865086877531636e-15,ELECTRODE_ATTACHMENT,CONFIRMED,6.641292059563256e-05,41710399.02349421,15.840766432398958,5133352326920493.0,2.6278888123421825e-05,2.3460347656780224e-12,3.3693159966339855e-07,143617.4794136193,0.2619824480665558,-5.761889643110059e-13
1591,1.1911751920170049e-11,5.865086914195057e-15,ELECTRODE_ATTACHMENT,CONFIRMED,6.641557806488077e-05,41710398.83332943,15.84076636017822,5137906692614416.0,2.630220304352001e-05,2.346034780350974e-12,3.366329352012732e-07,143490.17244787476,0.2621742734955305,-5.763370393860114e-13
1592,1.1917617007120928e-11,5.865086950877435e-15,ELECTRODE_ATTACHMENT,CONFIRMED,6.641823239647434e-05,41710398.643066384,15.84076628792016,5142459171922467.0,2.6325508306761407e-05,2.3460347950315083e-12,3.3633492313331336e-07,143363.14356701443,0.2623660032807101,-5.764846329702102e-13
1593,1.1923482094108507e-11,5.865086987578771e-15,ELECTRODE_ATTACHMENT,CONFIRMED,6.642088359597889e-05,41710398.452705406,15.840766215624912,5147009757363980.0,2.6348803874850667e-05,2.3460348097195978e-12,3.360375618891422e-07,143236.3921016611,0.262557637141666,-5.766317448678076e-13
1594,1.1929347181132806e-11,5.865087024298995e-15,ELECTRODE_ATTACHMENT,CONFIRMED,6.642353166894712e-05,41710398.26224653,15.84076614329248,5151558441463185.0,2.637208970951748e-05,2.346034824415242e-12,3.357408499033201e-07,143109.9173845404,0.2627491747982165,-5.767783748844911e-13
1595,1.1935212268193844e-11,5.865087061038107e-15,ELECTRODE_ATTACHMENT,CONFIRMED,6.642617662091898e-05,41710398.07168994,15.84076607092294,5156105216749230.0,2.639536577251672e-05,2.3460348391184255e-12,3.3544478561532665e-07,142983.71875047576,0.2629406159704348,-5.769245228274338e-13
1596,1.1941077355291639e-11,5.865087097796067e-15,ELECTRODE_ATTACHMENT,CONFIRMED,6.642881845742161e-05,41710397.881035775,15.84076599851634,5160650075756206.0,2.6418632025628563e-05,2.3460348538291392e-12,3.351493674695421e-07,142857.79553637904,0.2631319603786462,-5.770701885052952e-13
1597,1.1946942442426214e-11,5.865087134572849e-15,ELECTRODE_ATTACHMENT,CONFIRMED,6.643145718396945e-05,41710397.69028419,15.840765926072743,5165193011023170.0,2.6441888430658617e-05,2.34603486854737e-12,3.348545939152297e-07,142732.1470812438,0.2633232077434312,-5.772153717282263e-13
1598,1.1952807529597582e-11,5.865087171368425e-15,ELECTRODE_ATTACHMENT,CONFIRMED,6.643409280606414e-05,41710397.49943535,15.840765853592211,5169734015094173.0,2.646513494943804e-05,2.3460348832731045e-12,3.345604634065171e-07,142606.77272613705,0.2635143577856244,-5.773600723078658e-13
1599,1.1958672616805763e-11,5.8650872081827616e-15,ELECTRODE_ATTACHMENT,CONFIRMED,6.643672532919465e-05,41710397.30848952,15.840765781074843,5174273080518281.0,2.6488371543823676e-05,2.346034898006322e-12,3.342669744023786e-07,142481.67181419217,0.2637054102263188,-5.775042900573482e-13
1600,1.1964537704050782e-11,5.865087245015805e-15,ELECTRODE_ATTACHMENT,CONFIRMED,6.643935475883737e-05,41710397.11744662,15.84076570852061,5178810199849602.0,2.6511598175698177e-05,2.3460349127470312e-12,3.339741253666171e-07,142356.84369059897,0.2638963647868591,-5.776480247912974e-13
1601,1.197040279133265e-11,5.865087281867579e-15,ELECTRODE_ATTACHMENT,CONFIRMED,6.644198110045599e-05,41710396.92630701,15.840765635929651,5183345365647310.0,2.6534814806970143e-05,2.3460349274952007e-12,3.3368191476784645e-07,142232.28770260033,0.2640872211888543,-5.777912763258382e-13
1602,1.1976267878651387e-11,5.865087318738001e-15,ELECTRODE_ATTACHMENT,CONFIRMED,6.644460435950163e-05,41710396.735070735,15.84076556330198,5187878570475667.0,2.6558021399574165e-05,2.3460349422508305e-12,3.3339034107947405e-07,142108.00319948047,0.2642779791541665,-5.779340444785889e-13
1603,1.1982132966007016e-11,5.865087355627077e-15,ELECTRODE_ATTACHMENT,CONFIRMED,6.644722454141288e-05,41710396.543738015,15.84076549063768,5192409806904052.0,2.658121791547111e-05,2.3460349570139014e-12,3.330994027796817e-07,141983.98953256,0.2644686384049217,-5.780763290686704e-13
1604,1.1987998053399547e-11,5.865087392534754e-15,ELECTRODE_ATTACHMENT,CONFIRMED,6.644984165161575e-05,41710396.35230895,15.840765417936792,5196939067506981.0,2.660440431664809e-05,2.3460349717844055e-12,3.3280909835140965e-07,141860.24605518705,0.2646591986635036,-5.78218129916702e-13
1605,1.1993863140829012e-11,5.865087429461016e-15,ELECTRODE_ATTACHMENT,CONFIRMED,6.645245569552376e-05,41710396.16078374,15.840765345199388,5201466344864135.0,2.6627580565118655e-05,2.34603498656233e-12,3.325194262823384e-07,141736.77212273065,0.2648496596525588,-5.783594468448078e-13
1606,1.1999728228295416e-11,5.8650874664058255e-15,ELECTRODE_ATTACHMENT,CONFIRMED,6.645506667853799e-05,41710395.969162576,15.840765272425545,5205991631560382.0,2.6650746622922932e-05,2.3460350013476573e-12,3.322303850648712e-07,141613.56709257304,0.2650400210949968,-5.78500279676615e-13
1607,1.2005593315798784e-11,5.865087503369144e-15,ELECTRODE_ATTACHMENT,CONFIRMED,6.64576746060471e-05,41710395.777445495,15.840765199615271,5210514920185804.0,2.667390245212775e-05,2.3460350161403867e-12,3.319419731961159e-07,141490.63032410108,0.2652302827139878,-5.786406282372571e-13
1608,1.2011458403339135e-11,5.865087540350966e-15,ELECTRODE_ATTACHMENT,CONFIRMED,6.646027948342723e-05,41710395.58563274,15.840765126768668,5215036203335720.0,2.6697048014826705e-05,2.346035030940496e-12,3.316541891778695e-07,141367.96117870137,0.2654204442329691,-5.787804923533762e-13
1609,1.2017323490916486e-11,5.8650875773512414e-15,ELECTRODE_ATTACHMENT,CONFIRMED,6.646288131604228e-05,41710395.393724486,15.840765053885788,5219555473610709.0,2.6720183273140345e-05,2.3460350457479774e-12,3.3136703151659916e-07,141245.55901975054,0.2656105053756417,-5.789198718531237e-13
1610,1.2023188578530857e-11,5.865087614369944e-15,ELECTRODE_ATTACHMENT,CONFIRMED,6.646548010924378e-05,41710395.201720834,15.840764980966682,5224072723616638.0,2.6743308189216295e-05,2.3460350605628173e-12,3.3108049872342546e-07,141123.42321260908,0.265800465865973,-5.790587665661624e-13
1611,1.2029053666182264e-11,5.865087651407044e-15,ELECTRODE_ATTACHMENT,CONFIRMED,6.646807586837083e-05,41710395.00962194,15.840764908011408,5228587945964684.0,2.676642272522936e-05,2.3460350753850077e-12,3.30794589314106e-07,141001.55312461362,0.2659903254281966,-5.791971763236673e-13
1612,1.2034918753870727e-11,5.865087688462519e-15,ELECTRODE_ATTACHMENT,CONFIRMED,6.647066859875041e-05,41710394.817428045,15.840764835020051,5233101133271360.0,2.6789526843381645e-05,2.3460350902145272e-12,3.305093018090176e-07,140879.94812507043,0.2661800837868159,-5.793351009583305e-13
1613,1.2040783841596263e-11,5.865087725536319e-15,ELECTRODE_ATTACHMENT,CONFIRMED,6.647325830569712e-05,41710394.625139214,15.840764761992638,5237612278158538.0,2.6812620505902696e-05,2.346035105051374e-12,3.302246347331394e-07,140758.6075852467,0.2663697406666001,-5.794725403043575e-13
1614,1.2046648929358891e-11,5.8650877626284345e-15,ELECTRODE_ATTACHMENT,CONFIRMED,6.647584499451338e-05,41710394.43275558,15.840764688929225,5242121373253474.0,2.683570367504965e-05,2.3460351198955334e-12,3.2994058661603627e-07,140637.53087836475,0.2665592957925902,-5.796094941974737e-13
1615,1.2052514017158628e-11,5.8650877997388346e-15,ELECTRODE_ATTACHMENT,CONFIRMED,6.647842867048945e-05,41710394.240277424,15.84076461582991,5246628411188833.0,2.685877631310729e-05,2.3460351347469882e-12,3.29657155991842e-07,140516.71737959472,0.2667487488900981,-5.79745962474925e-13
1616,1.2058379104995495e-11,5.865087836867471e-15,ELECTRODE_ATTACHMENT,CONFIRMED,6.64810093389034e-05,41710394.0477048,15.84076454269472,5251133384602714.0,2.6881838382388235e-05,2.346035149605732e-12,3.293743413992425e-07,140396.16646604642,0.2669380996847052,-5.798819449754775e-13
1617,1.2064244192869512e-11,5.86508787401433e-15,ELECTRODE_ATTACHMENT,CONFIRMED,6.648358700502112e-05,41710393.85503796,15.840764469523748,5255636286138673.0,2.6904889845233047e-05,2.346035164471744e-12,3.290921413814585e-07,140275.87751676352,0.267127347902268,-5.800174415394218e-13
1618,1.2070109280780691e-11,5.86508791117936e-15,ELECTRODE_ATTACHMENT,CONFIRMED,6.648616167409646e-05,41710393.66227692,15.840764396317,5260137108445750.0,2.6927930664010363e-05,2.346035179345026e-12,3.2881055448623e-07,140155.8499127146,0.2673164932689124,-5.801524520085717e-13
1619,1.2075974368729054e-11,5.865087948362565e-15,ELECTRODE_ATTACHMENT,CONFIRMED,6.648873335137118e-05,41710393.46942194,15.840764323074575,5264635844178490.0,2.6950960801116965e-05,2.3460351942255568e-12,3.285295792657991e-07,140036.08303678883,0.2675055355110422,-5.802869762262692e-13
1620,1.2081839456714618e-11,5.865087985563893e-15,ELECTRODE_ATTACHMENT,CONFIRMED,6.649130204207502e-05,41710393.276473165,15.840764249796534,5269132485996970.0,2.6973980218978025e-05,2.3460352091133243e-12,3.282492142768934e-07,139916.57627378663,0.2676944743553353,-5.804210140373853e-13
1621,1.20877045447374e-11,5.8650880227833115e-15,ELECTRODE_ATTACHMENT,CONFIRMED,6.649386775142562e-05,41710393.083430775,15.840764176482937,5273627026566823.0,2.699698888004709e-05,2.346035224008315e-12,3.279694580807101e-07,139797.32901041376,0.2678833095287452,-5.8055456528832e-13
1622,1.2093569632797422e-11,5.8650880600207884e-15,ELECTRODE_ATTACHMENT,CONFIRMED,6.649643048462873e-05,41710392.89029488,15.840764103133829,5278119458559263.0,2.701998674680631e-05,2.3460352389105203e-12,3.276903092428993e-07,139678.34063527366,0.2680720407585018,-5.80687629827005e-13
1623,1.2099434720894698e-11,5.865088097276302e-15,ELECTRODE_ATTACHMENT,CONFIRMED,6.64989902468781e-05,41710392.69706569,15.840764029749286,5282609774651109.0,2.7042973781766512e-05,2.346035253819925e-12,3.27411766333548e-07,139559.61053886157,0.2682606677721142,-5.808202075029059e-13
1624,1.2105299809029248e-11,5.865088134549813e-15,ELECTRODE_ATTACHMENT,CONFIRMED,6.650154704335558e-05,41710392.50374329,15.840763956329347,5287097967524809.0,2.706594994746737e-05,2.346035268736522e-12,3.2713382792716317e-07,139441.13811355614,0.2684491902973686,-5.80952298167023e-13
1625,1.2111164897201088e-11,5.865088171841305e-15,ELECTRODE_ATTACHMENT,CONFIRMED,6.650410087923107e-05,41710392.3103279,15.840763882874093,5291584029868465.0,2.7088915206477463e-05,2.3460352836602935e-12,3.268564926026569e-07,139322.92275361437,0.2686376080623325,-5.810839016718946e-13
1626,1.211702998541024e-11,5.8650882091507356e-15,ELECTRODE_ATTACHMENT,CONFIRMED,6.650665175966268e-05,41710392.11681959,15.840763809383548,5296067954375858.0,2.7111869521394467e-05,2.346035298591236e-12,3.265797589433293e-07,139204.96385516287,0.268825920795352,-5.812150178715962e-13
1627,1.2122895073656718e-11,5.8650882464780906e-15,ELECTRODE_ATTACHMENT,CONFIRMED,6.650919968979664e-05,41710391.9232187,15.84076373585784,5300549733746472.0,2.7134812854845253e-05,2.3460353135293213e-12,3.263036255368527e-07,139087.26081619333,0.2690141282250588,-5.813456466217462e-13
1628,1.212876016194054e-11,5.865088283823304e-15,ELECTRODE_ATTACHMENT,CONFIRMED,6.651174467476734e-05,41710391.7295252,15.840763662296965,5305029360685518.0,2.7157745169485982e-05,2.3460353284745533e-12,3.260280909752562e-07,138969.81303655272,0.2692022300803608,-5.814757877795006e-13
1629,1.2134625250261727e-11,5.865088321186384e-15,ELECTRODE_ATTACHMENT,CONFIRMED,6.651428671969746e-05,41710391.535739325,15.840763588701012,5309506827903960.0,2.718066642800232e-05,2.346035343426912e-12,3.2575315385490905e-07,138852.61991793927,0.2693902260904543,-5.816054412035626e-13
1630,1.2140490338620295e-11,5.8650883585672806e-15,ELECTRODE_ATTACHMENT,CONFIRMED,6.651682582969789e-05,41710391.34186124,15.84076351507003,5313982128118538.0,2.720357659310944e-05,2.3460353583863857e-12,3.254788127765057e-07,138735.68086389438,0.2695781159848176,-5.817346067541803e-13
1631,1.214635542701626e-11,5.865088395965965e-15,ELECTRODE_ATTACHMENT,CONFIRMED,6.65193620098678e-05,41710391.147891134,15.840763441404109,5318455254051794.0,2.7226475627552256e-05,2.34603537335296e-12,3.2520506634504933e-07,138618.9952797964,0.269765899493215,-5.818632842931483e-13
1632,1.2152220515449644e-11,5.8650884333824e-15,ELECTRODE_ATTACHMENT,CONFIRMED,6.65218952652947e-05,41710390.95382915,15.840763367703286,5322926198432095.0,2.7249363494105485e-05,2.3460353883266254e-12,3.2493191316983666e-07,138502.56257285332,0.2699535763456957,-5.819914736838094e-13
1633,1.215808560392046e-11,5.8650884708165644e-15,ELECTRODE_ATTACHMENT,CONFIRMED,6.652442560105436e-05,41710390.75967539,15.840763293967612,5327394953993658.0,2.727224015557381e-05,2.3460354033073707e-12,3.24659351864442e-07,138386.38215209663,0.2701411462725961,-5.82119174791057e-13
1634,1.2163950692428728e-11,5.865088508268427e-15,ELECTRODE_ATTACHMENT,CONFIRMED,6.652695302221103e-05,41710390.56543006,15.840763220197164,5331861513476575.0,2.7295105574791977e-05,2.346035418295181e-12,3.243873810467019e-07,138270.4534283749,0.2703286090045413,-5.822463874813376e-13
1635,1.2169815780974468e-11,5.865088545737953e-15,ELECTRODE_ATTACHMENT,CONFIRMED,6.65294775338172e-05,41710390.37109326,15.840763146391971,5336325869626838.0,2.731795971462493e-05,2.3460354332900503e-12,3.241159993386998e-07,138154.77581434636,0.2705159642724433,-5.823731116226492e-13
1636,1.2175680869557692e-11,5.865088583225127e-15,ELECTRODE_ATTACHMENT,CONFIRMED,6.653199914091396e-05,41710390.176665306,15.840763072552168,5340788015196362.0,2.7340802537967928e-05,2.346035448291953e-12,3.238452053667506e-07,138039.348724474,0.2707032118075076,-5.824993470845503e-13
1637,1.218154595817842e-11,5.865088620729883e-15,ELECTRODE_ATTACHMENT,CONFIRMED,6.653451784853071e-05,41710389.982146166,15.840762998677732,5345247942943011.0,2.736363400774672e-05,2.346035463300891e-12,3.235749977613849e-07,137924.17157501623,0.2708903513412248,-5.826250937381494e-13
1638,1.2187411046836674e-11,5.865088658252229e-15,ELECTRODE_ATTACHMENT,CONFIRMED,6.653703366168541e-05,41710389.78753613,15.840762924768772,5349705645630620.0,2.738645408691757e-05,2.346035478316844e-12,3.233053751573344e-07,137809.24378402362,0.2710773826053808,-5.827503514561193e-13
1639,1.2193276135532469e-11,5.865088695792112e-15,ELECTRODE_ATTACHMENT,CONFIRMED,6.653954658538446e-05,41710389.59283531,15.840762850825335,5354161116029024.0,2.7409262738467516e-05,2.3460354933398024e-12,3.2303633619351596e-07,137694.56477132972,0.271264305332053,-5.828751201126914e-13
1640,1.2199141224265816e-11,5.865088733349507e-15,ELECTRODE_ATTACHMENT,CONFIRMED,6.654205662462288e-05,41710389.398043886,15.840762776847493,5358614346914078.0,2.7432059925414356e-05,2.3460355083697505e-12,3.2276787951301695e-07,137580.13395854647,0.2714511192536117,-5.829993995836599e-13
1641,1.220500631303674e-11,5.865088770924377e-15,ELECTRODE_ATTACHMENT,CONFIRMED,6.654456378438419e-05,41710389.20316196,15.840762702835272,5363065331067684.0,2.74548456108069e-05,2.3460355234066815e-12,3.225000037630798e-07,137465.95076905613,0.2716378241027208,-5.831231897463809e-13
1642,1.2210871401845255e-11,5.865088808516705e-15,ELECTRODE_ATTACHMENT,CONFIRMED,6.654706806964053e-05,41710389.00818973,15.840762628788765,5367514061277815.0,2.7477619757724983e-05,2.346035538450581e-12,3.2223270759508773e-07,137352.01462800667,0.2718244196123402,-5.832464904797782e-13
1643,1.2216736490691383e-11,5.865088846126453e-15,ELECTRODE_ATTACHMENT,CONFIRMED,6.654956948535262e-05,41710388.813127406,15.840762554708038,5371960530338539.0,2.7500382329279677e-05,2.3460355535014323e-12,3.219659896645489e-07,137238.32496230424,0.2720109055157262,-5.833693016643429e-13
1644,1.2222601579575135e-11,5.865088883753581e-15,ELECTRODE_ATTACHMENT,CONFIRMED,6.655206803646989e-05,41710388.61797513,15.840762480593146,5376404731050044.0,2.752313328861337e-05,2.346035568559225e-12,3.216998486310816e-07,137124.88120060673,0.2721972815464309,-5.834916231821337e-13
1645,1.2228466668496535e-11,5.865088921398063e-15,ELECTRODE_ATTACHMENT,CONFIRMED,6.655456372793038e-05,41710388.42273296,15.840762406444115,5380846656218663.0,2.7545872598899917e-05,2.346035583623953e-12,3.214342831583998e-07,137011.6827733175,0.2723835474383029,-5.83613454916779e-13
1646,1.2234331757455594e-11,5.8650889590598815e-15,ELECTRODE_ATTACHMENT,CONFIRMED,6.655705656466092e-05,41710388.22740119,15.840762332261058,5385286298656897.0,2.7568600223344728e-05,2.3460355986955962e-12,3.2116929191429867e-07,136898.72911258033,0.2725697029254931,-5.837347967534826e-13
1647,1.2240196846452334e-11,5.8650889967389904e-15,ELECTRODE_ATTACHMENT,CONFIRMED,6.655954655157697e-05,41710388.031979896,15.840762258044,5389723651183442.0,2.759131612518497e-05,2.346035613774146e-12,3.209048735706385e-07,136786.0196522712,0.2727557477424484,-5.838556485790191e-13
1648,1.224606193548677e-11,5.8650890344353675e-15,ELECTRODE_ATTACHMENT,CONFIRMED,6.656203369358284e-05,41710387.83646933,15.84076218379304,5394158706623210.0,2.7614020267689576e-05,2.3460356288595842e-12,3.2064102680333177e-07,136673.55382799383,0.2729416816239194,-5.839760102817409e-13
1649,1.225192702455892e-11,5.865089072148962e-15,ELECTRODE_ATTACHMENT,CONFIRMED,6.656451799557156e-05,41710387.64086956,15.8407621095082,5398591457807357.0,2.763671261415949e-05,2.346035643951906e-12,3.2037775029232733e-07,136561.3310770717,0.2731275043049546,-5.840958817515754e-13
1650,1.2257792113668798e-11,5.865089109879765e-15,ELECTRODE_ATTACHMENT,CONFIRMED,6.6566999462425e-05,41710387.44518074,15.840762035189544,5403021897573306.0,2.7659393127927693e-05,2.3460356590510986e-12,3.2011504272159637e-07,136449.3508385432,0.2733132155209068,-5.842152628800308e-13
1651,1.2263657202816423e-11,5.865089147627747e-15,ELECTRODE_ATTACHMENT,CONFIRMED,6.656947809901388e-05,41710387.2494031,15.840761960837153,5407450018764770.0,2.7682061772359418e-05,2.3460356741571453e-12,3.1985290277911746e-07,136337.61255315534,0.273498815007432,-5.843341535601944e-13
1652,1.2269522292001818e-11,5.865089185392863e-15,ELECTRODE_ATTACHMENT,CONFIRMED,6.657195391019776e-05,41710387.05353676,15.840761886451077,5411875814231780.0,2.77047185108522e-05,2.3460356892700355e-12,3.19591329156863e-07,136226.11566335688,0.2736843025004898,-5.844525536867374e-13
1653,1.2275387381224994e-11,5.8650892231750896e-15,ELECTRODE_ATTACHMENT,CONFIRMED,6.657442690082513e-05,41710386.85758191,15.840761812031383,5416299276830706.0,2.772736330683605e-05,2.346035704389755e-12,3.19330320550784e-07,136114.8596132928,0.2738696777363453,-5.845704631559135e-13
1654,1.2281252470485967e-11,5.8650892609743885e-15,ELECTRODE_ATTACHMENT,CONFIRMED,6.657689707573338e-05,41710386.66153871,15.840761737578138,5420720399424284.0,2.7749996123773536e-05,2.346035719516292e-12,3.1906987566079627e-07,136003.843848798,0.2740549404515688,-5.846878818655618e-13
1655,1.228711755978476e-11,5.865089298790731e-15,ELECTRODE_ATTACHMENT,CONFIRMED,6.657936443974883e-05,41710386.4654073,15.840761663091394,5425139174881640.0,2.7772616925159983e-05,2.346035734649636e-12,3.188099931907658e-07,135893.06781739107,0.2742400903830374,-5.848048097151096e-13
1656,1.2292982649121382e-11,5.86508933662409e-15,ELECTRODE_ATTACHMENT,CONFIRMED,6.65818289976869e-05,41710386.269187845,15.840761588571212,5429555596078312.0,2.7795225674523503e-05,2.3460357497897733e-12,3.185506718484951e-07,135782.53096826855,0.2744251272679363,-5.849212466055729e-13
1657,1.2298847738495856e-11,5.865089374474434e-15,ELECTRODE_ATTACHMENT,CONFIRMED,6.658429075435183e-05,41710386.07288047,15.840761514017638,5433969655896279.0,2.781782233542521e-05,2.3460357649366935e-12,3.182919103457082e-07,135672.2327522987,0.2746100508437589,-5.850371924395566e-13
1658,1.23047128279082e-11,5.865089412341734e-15,ELECTRODE_ATTACHMENT,CONFIRMED,6.6586749714537e-05,41710385.876485445,15.84076143943078,5438381347223981.0,2.7840406871459255e-05,2.3460357800903786e-12,3.180337073980381e-07,135562.1726220161,0.2747948608483089,-5.851526471212596e-13
1659,1.2310577917358424e-11,5.865089450225946e-15,ELECTRODE_ATTACHMENT,CONFIRMED,6.658920588302486e-05,41710385.680002846,15.84076136481066,5442790662956347.0,2.786297924625304e-05,2.34603579525082e-12,3.1777606172501085e-07,135452.35003161433,0.2749795570196992,-5.852676105564753e-13
1660,1.2316443006846552e-11,5.865089488127051e-15,ELECTRODE_ATTACHMENT,CONFIRMED,6.659165926458686e-05,41710385.48343282,15.84076129015734,5447197595994818.0,2.788553942346731e-05,2.3460358104180078e-12,3.175189720500327e-07,135342.76443694113,0.2751641390963544,-5.853820826525889e-13
1661,1.2322308096372595e-11,5.8650895260450176e-15,ELECTRODE_ATTACHMENT,CONFIRMED,6.659410986398367e-05,41710385.2867756,15.8407612154709,5451602139247371.0,2.7908087366796253e-05,2.346035825591923e-12,3.172624371003763e-07,135233.41529549254,0.2753486068170121,-5.854960633185877e-13
1662,1.2328173185936576e-11,5.865089563979807e-15,ELECTRODE_ATTACHMENT,CONFIRMED,6.659655768596499e-05,41710385.09003128,15.84076114075138,5456004285628544.0,2.7930623039967608e-05,2.3460358407725608e-12,3.170064556071668e-07,135124.30206640618,0.2755329599207209,-5.85609552465053e-13
1663,1.2334038275538508e-11,5.865089601931403e-15,ELECTRODE_ATTACHMENT,CONFIRMED,6.659900273526979e-05,41710384.89320008,15.840761065998873,5460404028059461.0,2.7953146406742905e-05,2.3460358559599013e-12,3.167510263053671e-07,135015.42421045635,0.2757171981468463,-5.857225500041701e-13
1664,1.2339903365178407e-11,5.865089639899754e-15,ELECTRODE_ATTACHMENT,CONFIRMED,6.660144501662614e-05,41710384.69628214,15.840760991213418,5464801359467856.0,2.7975657430917468e-05,2.346035871153934e-12,3.1649614793376553e-07,134906.78119004716,0.2759013212350665,-5.858350558497253e-13
1665,1.2345768454856291e-11,5.865089677884835e-15,ELECTRODE_ATTACHMENT,CONFIRMED,6.660388453475137e-05,41710384.499277614,15.840760916395082,5469196272788097.0,2.799815607632057e-05,2.346035886354648e-12,3.1624181923496123e-07,134798.37246920748,0.276085328925376,-5.859470699171077e-13
1666,1.235163354457218e-11,5.865089715886621e-15,ELECTRODE_ATTACHMENT,CONFIRMED,6.660632129435205e-05,41710384.3021867,15.840760841543936,5473588760961212.0,2.8020642306815607e-05,2.346035901562029e-12,3.159880389553508e-07,134690.19751358486,0.2762692209580863,-5.860585921233126e-13
1667,1.2357498634326084e-11,5.865089753905073e-15,ELECTRODE_ATTACHMENT,CONFIRMED,6.660875530012405e-05,41710384.10500949,15.84076076666002,5477978816934913.0,2.804311608630019e-05,2.346035916776068e-12,3.157348058451147e-07,134582.25579043938,0.2764529970738254,-5.861696223869414e-13
1668,1.2363363724118024e-11,5.865089791940169e-15,ELECTRODE_ATTACHMENT,CONFIRMED,6.661118655675248e-05,41710383.90774618,15.840760691743403,5482366433663618.0,2.806557737870624e-05,2.3460359319967493e-12,3.154821186582038e-07,134474.5467686387,0.276636657013541,-5.862801606282059e-13
1669,1.2369228813948016e-11,5.865089829991873e-15,ELECTRODE_ATTACHMENT,CONFIRMED,6.661361506891178e-05,41710383.71039696,15.840760616794157,5486751604108479.0,2.8088026148000157e-05,2.346035947224061e-12,3.1522997615232613e-07,134367.06991865192,0.2768202005184998,-5.863902067689272e-13
1670,1.2375093903816075e-11,5.8650898680601524e-15,ELECTRODE_ATTACHMENT,CONFIRMED,6.661604084126578e-05,41710383.51296194,15.840760541812326,5491134321237406.0,2.8110462358182936e-05,2.3460359624579928e-12,3.14978377088933e-07,134259.8247125433,0.2770036273302881,-5.864997607325379e-13
1671,1.238095899372222e-11,5.865089906144984e-15,ELECTRODE_ATTACHMENT,CONFIRMED,6.661846387846765e-05,41710383.315441415,15.840760466798024,5495514578025088.0,2.8132885973290295e-05,2.346035977698523e-12,3.147273202332059e-07,134152.8106239681,0.277186937190816,-5.866088224440864e-13
1672,1.2386824083666466e-11,5.865089944246309e-15,ELECTRODE_ATTACHMENT,CONFIRMED,6.662088418515997e-05,41710383.1178354,15.840760391751251,5499892367453022.0,2.8155296957392786e-05,2.3460359929456495e-12,3.1447680435404325e-07,134046.02712816463,0.2773701298423109,-5.867173918302327e-13
1673,1.2392689173648829e-11,5.865089982364126e-15,ELECTRODE_ATTACHMENT,CONFIRMED,6.662330176597475e-05,41710382.920144096,15.840760316672094,5504267682509535.0,2.8177695274595928e-05,2.3460360081993552e-12,3.142268282240472e-07,133939.4737019508,0.2775532050273272,-5.868254688192565e-13
1674,1.2398554263669327e-11,5.865090020498389e-15,ELECTRODE_ATTACHMENT,CONFIRMED,6.662571662553343e-05,41710382.7223677,15.840760241560613,5508640516189809.0,2.8200080889040337e-05,2.346036023459629e-12,3.139773906195101e-07,133833.14982371716,0.2777361624887412,-5.869330533410552e-13
1675,1.2404419353727978e-11,5.8650900586490725e-15,ELECTRODE_ATTACHMENT,CONFIRMED,6.662812876844695e-05,41710382.52450636,15.840760166416878,5513010861495906.0,2.8222453764901825e-05,2.346036038726456e-12,3.1372849032040225e-07,133727.0549734221,0.2779190019697549,-5.870401453271465e-13
1676,1.2410284443824791e-11,5.865090096816141e-15,ELECTRODE_ATTACHMENT,CONFIRMED,6.663053819931575e-05,41710382.32656022,15.840760091240934,5517378711436791.0,2.8244813866391577e-05,2.3460360539998263e-12,3.1348012611035733e-07,133621.1886325855,0.2781017232138948,-5.871467447106696e-13
1677,1.2416149533959791e-11,5.865090134999568e-15,ELECTRODE_ATTACHMENT,CONFIRMED,6.663294492272979e-05,41710382.1285294,15.840760016032831,5521744059028357.0,2.826716115775623e-05,2.346036069279732e-12,3.132322967766609e-07,133515.55028428353,0.278284325965014,-5.872528514263864e-13
1678,1.2422014624132992e-11,5.8650901731993295e-15,ELECTRODE_ATTACHMENT,CONFIRMED,6.663534894326858e-05,41710381.93041424,15.840759940792696,5526106897293452.0,2.8289495603278028e-05,2.3460360845661444e-12,3.1298500111023644e-07,133410.13941314424,0.2784668099672965,-5.873584654106874e-13
1679,1.2427879714344407e-11,5.8650902114153616e-15,ELECTRODE_ATTACHMENT,CONFIRMED,6.663775026550126e-05,41710381.73221472,15.840759865520528,5530467219261899.0,2.831181716727491e-05,2.346036099859066e-12,3.1273823790563285e-07,133304.9555053394,0.2786491749652487,-5.874635866015849e-13
1680,1.2433744804594056e-11,5.8650902496476655e-15,ELECTRODE_ATTACHMENT,CONFIRMED,6.664014889398647e-05,41710381.53393112,15.840759790216424,5534825017970525.0,2.8334125814100678e-05,2.346036115158475e-12,3.1249200596101164e-07,133199.9980485819,0.278831420703711,-5.875682149387229e-13
1681,1.2439609894881951e-11,5.865090287896189e-15,ELECTRODE_ATTACHMENT,CONFIRMED,6.664254483327258e-05,41710381.33556352,15.840759714880418,5539180286463182.0,2.83564215081451e-05,2.3460361304643666e-12,3.122463040781336e-07,133095.26653211797,0.279013546927851,-5.876723503633747e-13
1682,1.2445474985208112e-11,5.865090326160917e-15,ELECTRODE_ATTACHMENT,CONFIRMED,6.664493808789756e-05,41710381.137112126,15.840759639512592,5543533017790774.0,2.8378704213834044e-05,2.346036145776723e-12,3.120011310623465e-07,132990.76044672343,0.2791955533831688,-5.877759928184435e-13
1683,1.2451340075572556e-11,5.865090364441808e-15,ELECTRODE_ATTACHMENT,CONFIRMED,6.664732866238908e-05,41710380.938577086,15.840759564112997,5547883205011279.0,2.840097389562959e-05,2.3460361610955335e-12,3.117564857225725e-07,132886.47928469733,0.279377439815496,-5.878791422484686e-13
1684,1.2457205165975291e-11,5.865090402738835e-15,ELECTRODE_ATTACHMENT,CONFIRMED,6.664971656126451e-05,41710380.73995856,15.840759488681693,5552230841189775.0,2.842323051803016e-05,2.3460361764207875e-12,3.1151236687129506e-07,132782.42253985684,0.2795592059709965,-5.879817985996216e-13
1685,1.2463070256416345e-11,5.86509044105197e-15,ELECTRODE_ATTACHMENT,CONFIRMED,6.665210178903094e-05,41710380.54125679,15.84075941321878,5556575919398466.0,2.8445474045570647e-05,2.346036191752464e-12,3.112687733245465e-07,132678.58970753223,0.2797408515961701,-5.880839618197138e-13
1686,1.2468935346895726e-11,5.865090479381159e-15,ELECTRODE_ATTACHMENT,CONFIRMED,6.665448435018523e-05,41710380.34247182,15.840759337724268,5560918432716702.0,2.8467704442822563e-05,2.34603620709056e-12,3.1102570390189535e-07,132574.9802845602,0.279922376437847,-5.881856318581901e-13
1687,1.2474800437413452e-11,5.8650905177264e-15,ELECTRODE_ATTACHMENT,CONFIRMED,6.665686424921404e-05,41710380.14360385,15.84075926219823,5565258374231009.0,2.848992167439412e-05,2.346036222435061e-12,3.10783157426434e-07,132471.59376928018,0.280103780243196,-5.882868086661386e-13
1688,1.2480665527969539e-11,5.865090556087651e-15,ELECTRODE_ATTACHMENT,CONFIRMED,6.665924149059377e-05,41710379.944653146,15.840759186640774,5569595737035108.0,2.8512125704930376e-05,2.346036237785944e-12,3.1054113272476613e-07,132368.42966152867,0.2802850627597232,-5.883874921962893e-13
1689,1.2486530618564003e-11,5.865090594464862e-15,ELECTRODE_ATTACHMENT,CONFIRMED,6.666161607879072e-05,41710379.74561978,15.840759111051929,5573930514229944.0,2.853431649911335e-05,2.346036253143207e-12,3.102996286269947e-07,132265.48746263274,0.2804662237352685,-5.884876824030127e-13
1690,1.2492395709196864e-11,5.865090632858018e-15,ELECTRODE_ATTACHMENT,CONFIRMED,6.666398801826099e-05,41710379.54650389,15.840759035431736,5578262698923708.0,2.855649402166221e-05,2.346036268506837e-12,3.1005864396670844e-07,132162.76667540564,0.2806472629180116,-5.885873792423244e-13
1691,1.2498260799868127e-11,5.865090671267093e-15,ELECTRODE_ATTACHMENT,CONFIRMED,6.66663573134506e-05,41710379.34730566,15.840758959780274,5582592284231862.0,2.857865823733328e-05,2.3460362838768207e-12,3.0981817758097096e-07,132060.26680414207,0.2808281800564713,-5.886865826718875e-13
1692,1.2504125890577819e-11,5.865090709692054e-15,ELECTRODE_ATTACHMENT,CONFIRMED,6.666872396879543e-05,41710379.14802536,15.840758884097646,5586919263277163.0,2.8600809110920262e-05,2.3460362992531377e-12,3.095782283103077e-07,131957.9873546126,0.2810089748995079,-5.887852926510136e-13
1693,1.2509990981325954e-11,5.865090748132845e-15,ELECTRODE_ATTACHMENT,CONFIRMED,6.667108798872132e-05,41710378.94866305,15.840758808383868,5591243629189689.0,2.8622946607254348e-05,2.346036314635783e-12,3.093387949986934e-07,131855.92783405725,0.2811896471963193,-5.888835091406615e-13
1694,1.2515856072112542e-11,5.8650907865894576e-15,ELECTRODE_ATTACHMENT,CONFIRMED,6.667344937764404e-05,41710378.749218896,15.84075873263901,5595565375106861.0,2.864507069120429e-05,2.3460363300247424e-12,3.0909987649354117e-07,131754.0877511821,0.2813701966964468,-5.889812321034425e-13
1695,1.2521721162937603e-11,5.865090825061857e-15,ELECTRODE_ATTACHMENT,CONFIRMED,6.667580813996937e-05,41710378.549693055,15.840758656863128,5599884494173471.0,2.8667181327676583e-05,2.346036345420006e-12,3.0886147164568884e-07,131652.46661615296,0.2815506231497737,-5.890784615036199e-13
1696,1.2527586253801155e-11,5.865090863550016e-15,ELECTRODE_ATTACHMENT,CONFIRMED,6.667816428009304e-05,41710378.35008574,15.840758581056306,5604200979541703.0,2.86892784816156e-05,2.346036360821554e-12,3.086235793093877e-07,131551.063940591,0.2817309263065287,-5.891751973071138e-13
1697,1.2533451344703208e-11,5.865090902053885e-15,ELECTRODE_ATTACHMENT,CONFIRMED,6.668051780240086e-05,41710378.15039716,15.840758505218618,5608514824371158.0,2.8711362118003616e-05,2.346036376229375e-12,3.083861983422909e-07,131449.8792375671,0.281911105917283,-5.892714394814978e-13
1698,1.2539316435643782e-11,5.865090940573438e-15,ELECTRODE_ATTACHMENT,CONFIRMED,6.668286871126865e-05,41710377.95062736,15.840758429350084,5612826021828881.0,2.8733432201861076e-05,2.3460363916434623e-12,3.081493276054405e-07,131348.91202159633,0.2820911617329523,-5.893671879960033e-13
1699,1.2545181526622892e-11,5.865090979108657e-15,ELECTRODE_ATTACHMENT,CONFIRMED,6.668521701106228e-05,41710377.750776574,15.8407583534508,5617134565089382.0,2.87554886982466e-05,2.346036407063798e-12,3.079129659632562e-07,131248.1618086342,0.2822710935048004,-5.894624428215221e-13
1700,1.2551046617640549e-11,5.865091017659495e-15,ELECTRODE_ATTACHMENT,CONFIRMED,6.66875627061378e-05,41710377.550845,15.840758277520829,5621440447334663.0,2.8777531572257165e-05,2.3460364224903687e-12,3.0767711228352323e-07,131147.62811607047,0.2824509009844378,-5.895572039306064e-13
1701,1.2556911708696776e-11,5.8650910562259204e-15,ELECTRODE_ATTACHMENT,CONFIRMED,6.668990580084127e-05,41710377.350832686,15.840758201560194,5625743661754242.0,2.8799560789028255e-05,2.3460364379231682e-12,3.074417654373803e-07,131047.31046272388,0.2826305839238205,-5.896514712974702e-13
1702,1.2562776799791584e-11,5.865091094807921e-15,ELECTRODE_ATTACHMENT,CONFIRMED,6.6692246299509e-05,41710377.15073988,15.840758125568993,5630044201545176.0,2.882157631373393e-05,2.346036453362179e-12,3.072069242993085e-07,130947.20836883863,0.2828101420752566,-5.897452448979926e-13
1703,1.2568641890924988e-11,5.8650911334054484e-15,ELECTRODE_ATTACHMENT,CONFIRMED,6.669458420646742e-05,41710376.95056684,15.840758049547318,5634342059912087.0,2.884357811158695e-05,2.34603646880738e-12,3.069725877471188e-07,130847.32135607846,0.2829895751914039,-5.898385247097193e-13
1704,1.2574506982097006e-11,5.865091172018451e-15,ELECTRODE_ATTACHMENT,CONFIRMED,6.669691952603313e-05,41710376.75031351,15.840757973495148,5638637230067185.0,2.886556614783897e-05,2.3460364842587784e-12,3.067387546619409e-07,130747.64894752002,0.2831688830252656,-5.899313107118596e-13
1705,1.2580372073307652e-11,5.865091210646946e-15,ELECTRODE_ATTACHMENT,CONFIRMED,6.669925226251294e-05,41710376.54998024,15.840757897412622,5642929705230295.0,2.8887540387780587e-05,2.3460364997163437e-12,3.065054239282108e-07,130648.1906676516,0.2833480653302035,-5.900236028852968e-13
1706,1.2586237164556944e-11,5.865091249290859e-15,ELECTRODE_ATTACHMENT,CONFIRMED,6.670158242020395e-05,41710376.34956716,15.840757821299787,5647219478628879.0,2.8909500796741516e-05,2.3460365151800668e-12,3.062725944336606e-07,130548.94604236502,0.2835271218599272,-5.901154012125807e-13
1707,1.2592102255844894e-11,5.865091287950168e-15,ELECTRODE_ATTACHMENT,CONFIRMED,6.670391000339352e-05,41710376.149074346,15.840757745156669,5651506543498061.0,2.8931447340090685e-05,2.3460365306499424e-12,3.060402650693053e-07,130449.91459895144,0.2837060523685001,-5.902067056779354e-13
1708,1.259796734717152e-11,5.865091326624856e-15,ELECTRODE_ATTACHMENT,CONFIRMED,6.670623501635923e-05,41710375.948502086,15.84075766898338,5655790893080651.0,2.895337998323637e-05,2.3460365461259493e-12,3.058084347294327e-07,130351.09586609782,0.2838848566103413,-5.902975162672589e-13
1709,1.2603832438536834e-11,5.8650913653148736e-15,ELECTRODE_ATTACHMENT,CONFIRMED,6.670855746336904e-05,41710375.74785047,15.840757592779951,5660072520627171.0,2.8975298691626333e-05,2.346036561608079e-12,3.055771023115908e-07,130252.4893738802,0.2840635343402233,-5.903878329681227e-13
1710,1.2609697529940854e-11,5.865091404020197e-15,ELECTRODE_ATTACHMENT,CONFIRMED,6.67108773486812e-05,41710375.547119655,15.840757516546445,5664351419395878.0,2.899720343074793e-05,2.34603657709632e-12,3.053462667165771e-07,130154.0946537598,0.2842420853132749,-5.904776557697772e-13
1711,1.2615562621383596e-11,5.865091442740799e-15,ELECTRODE_ATTACHMENT,CONFIRMED,6.671319467654433e-05,41710375.3463099,15.84075744028296,5668627582652789.0,2.901909416612823e-05,2.3460365925906517e-12,3.0511592684842723e-07,130055.91123857864,0.2844205092849831,-5.905669846631511e-13
1712,1.2621427712865072e-11,5.865091481476629e-15,ELECTRODE_ATTACHMENT,CONFIRMED,6.67155094511974e-05,41710375.14542128,15.84075736398952,5672901003671705.0,2.904097086333418e-05,2.346036608091069e-12,3.048860816144029e-07,129957.93866255294,0.2845988060111902,-5.906558196408528e-13
1713,1.2627292804385298e-11,5.865091520227673e-15,ELECTRODE_ATTACHMENT,CONFIRMED,6.671782167686986e-05,41710374.94445395,15.840757287666191,5677171675734237.0,2.9062833487972675e-05,2.3460366235975597e-12,3.046567299249816e-07,129860.17646127018,0.2847769752480979,-5.907441606971722e-13
1714,1.2633157895944291e-11,5.865091558993899e-15,ELECTRODE_ATTACHMENT,CONFIRMED,6.672013135778149e-05,41710374.7434082,15.84075721131308,5681439592129827.0,2.908468200569071e-05,2.3460366391101002e-12,3.044278706938446e-07,129762.624171684,0.2849550167522698,-5.908320078280851e-13
1715,1.2639022987542068e-11,5.865091597775252e-15,ELECTRODE_ATTACHMENT,CONFIRMED,6.672243849814256e-05,41710374.542284064,15.8407571349302,5685704746155777.0,2.910651638217553e-05,2.3460366546286907e-12,3.041995028378661e-07,129665.28133210774,0.2851329302806251,-5.909193610312488e-13
1716,1.264488807917864e-11,5.865091636571727e-15,ELECTRODE_ATTACHMENT,CONFIRMED,6.672474310215382e-05,41710374.34108173,15.840757058517616,5689967131117269.0,2.9128336583154712e-05,2.346036670153315e-12,3.039716252771018e-07,129568.1474822118,0.2853107155904472,-5.910062203060097e-13
1717,1.2650753170854024e-11,5.865091675383288e-15,ELECTRODE_ATTACHMENT,CONFIRMED,6.672704517400653e-05,41710374.13980142,15.840756982075426,5694226740327392.0,2.9150142574396303e-05,2.346036685683955e-12,3.037442369347784e-07,129471.22216301826,0.2854883724393824,-5.91092585653402e-13
1718,1.2656618262568232e-11,5.865091714209889e-15,ELECTRODE_ATTACHMENT,CONFIRMED,6.672934471788239e-05,41710373.93844326,15.840756905603666,5698483567107166.0,2.9171934321708952e-05,2.346036701220603e-12,3.0351733673728165e-07,129374.50491689528,0.2856659005854376,-5.911784570761494e-13
1719,1.2662483354321284e-11,5.865091753051507e-15,ELECTRODE_ATTACHMENT,CONFIRMED,6.67316417379537e-05,41710373.737007536,15.840756829102451,5702737604785567.0,2.919371179094205e-05,2.3460367167632352e-12,3.032909236141461e-07,129277.99528755392,0.2858432997869869,-5.912638345786693e-13
1720,1.2668348446113191e-11,5.86509179190809e-15,ELECTRODE_ATTACHMENT,CONFIRMED,6.673393623838333e-05,41710373.53549416,15.840756752571744,5706988846699549.0,2.921547494798581e-05,2.3460367323118603e-12,3.030649964980436e-07,129181.69282004106,0.2860205698027623,-5.913487181670664e-13
1721,1.2674213537943973e-11,5.86509183077965e-15,ELECTRODE_ATTACHMENT,CONFIRMED,6.673622822332471e-05,41710373.333903536,15.840756676011702,5711237286194071.0,2.9237223758771448e-05,2.346036747866445e-12,3.0283955432477266e-07,129085.59706073823,0.2861977103918701,-5.914331078491472e-13
1722,1.2680078629813638e-11,5.865091869666113e-15,ELECTRODE_ATTACHMENT,CONFIRMED,6.673851769692185e-05,41710373.13223569,15.840756599422328,5715482916622120.0,2.9258958189271258e-05,2.3460367634269893e-12,3.026145960332475e-07,128989.70755735353,0.2863747213137766,-5.915170036344096e-13
1723,1.2685943721722204e-11,5.8650919085674724e-15,ELECTRODE_ATTACHMENT,CONFIRMED,6.674080466330946e-05,41710372.930490896,15.840756522803735,5719725731344737.0,2.9280678205498764e-05,2.3460367789934698e-12,3.0239012056548704e-07,128894.02385891954,0.2865516023283197,-5.91600405534053e-13
1724,1.2691808813669687e-11,5.865091947483675e-15,ELECTRODE_ATTACHMENT,CONFIRMED,6.674308912661282e-05,41710372.728669256,15.840756446155954,5723965723731038.0,2.9302383773508844e-05,2.346036794565881e-12,3.021661268666043e-07,128798.54551578684,0.2867283531957025,-5.916833135609733e-13
1725,1.2697673905656105e-11,5.865091986414704e-15,ELECTRODE_ATTACHMENT,CONFIRMED,6.674537109094797e-05,41710372.52677092,15.840756369479047,5728202887158243.0,2.9324074859397848e-05,2.34603681014421e-12,3.019426138847954e-07,128703.27207962055,0.2869049736764984,-5.91765727729768e-13
1726,1.2703538997681464e-11,5.865092025360526e-15,ELECTRODE_ATTACHMENT,CONFIRMED,6.674765056042152e-05,41710372.32479612,15.8407562927731,5732437215011696.0,2.934575142930372e-05,2.346036825728439e-12,3.0171958057132917e-07,128608.20310339583,0.2870814635316515,-5.918476480567397e-13
1727,1.2709404089745784e-11,5.865092064321097e-15,ELECTRODE_ATTACHMENT,CONFIRMED,6.674992753913097e-05,41710372.122744985,15.840756216038164,5736668700684893.0,2.9367413449406142e-05,2.346036841318557e-12,3.014970258805358e-07,128513.33814139236,0.2872578225224761,-5.919290745598928e-13
1728,1.2715269181849082e-11,5.865092103296394e-15,ELECTRODE_ATTACHMENT,CONFIRMED,6.675220203116442e-05,41710371.9206177,15.840756139274308,5740897337579504.0,2.938906088592662e-05,2.3460368569145528e-12,3.012749487697975e-07,128418.67674919077,0.287434050410658,-5.920100072589387e-13
1729,1.2721134273991368e-11,5.865092142286382e-15,ELECTRODE_ATTACHMENT,CONFIRMED,6.675447404060078e-05,41710371.71841438,15.840756062481573,5745123119105398.0,2.9410693705128647e-05,2.346036872516414e-12,3.010533481995361e-07,128324.21848366744,0.2876101469582556,-5.920904461752958e-13
1730,1.272699936617266e-11,5.865092181291036e-15,ELECTRODE_ATTACHMENT,CONFIRMED,6.675674357150975e-05,41710371.51613526,15.840755985660053,5749346038680668.0,2.943231187331784e-05,2.346036888124125e-12,3.00832223133204e-07,128229.96290299056,0.287786111927702,-5.921703913320933e-13
1731,1.2732864458392969e-11,5.865092220310313e-15,ELECTRODE_ATTACHMENT,CONFIRMED,6.675901062795185e-05,41710371.313780464,15.840755908809792,5753566089731654.0,2.9453915356841977e-05,2.346036903737675e-12,3.0061157253727297e-07,128135.90956661532,0.2879619450818034,-5.922498427541685e-13
1732,1.2738729550652314e-11,5.8650922593441896e-15,ELECTRODE_ATTACHMENT,CONFIRMED,6.676127521397838e-05,41710371.11135017,15.840755831930858,5757783265692970.0,2.947550412209125e-05,2.346036919357051e-12,3.003913953812237e-07,128042.0580352794,0.2881376461837422,-5.923288004680731e-13
1733,1.2744594642950706e-11,5.8650922983926285e-15,ELECTRODE_ATTACHMENT,CONFIRMED,6.676353733363153e-05,41710370.90884459,15.840755755023332,5761997560007526.0,2.9497078135498287e-05,2.3460369349822357e-12,3.0017169063753535e-07,127948.40787099896,0.288313214997077,-5.924072645020726e-13
1734,1.275045973528816e-11,5.865092337455588e-15,ELECTRODE_ATTACHMENT,CONFIRMED,6.676579699094435e-05,41710370.70626378,15.840755678087238,5766208966126553.0,2.951863736353832e-05,2.346036950613225e-12,2.999524572816756e-07,127854.95863706316,0.2884886512857414,-5.924852348861459e-13
1735,1.2756324827664696e-11,5.865092376533062e-15,ELECTRODE_ATTACHMENT,CONFIRMED,6.67680541899408e-05,41710370.503608085,15.840755601122698,5770417477509627.0,2.9540181772729303e-05,2.346036966249993e-12,2.997336942920895e-07,127761.70989803148,0.2886639548140514,-5.925627116519931e-13
1736,1.2762189920080319e-11,5.865092415624984e-15,ELECTRODE_ATTACHMENT,CONFIRMED,6.677030893463573e-05,41710370.3008775,15.84075552412972,5774623087624694.0,2.9561711329632052e-05,2.3460369818925405e-12,2.995154006501898e-07,127668.6612197271,0.2888391253466963,-5.926396948330288e-13
1737,1.2768055012535051e-11,5.865092454731352e-15,ELECTRODE_ATTACHMENT,CONFIRMED,6.677256122903493e-05,41710370.09807223,15.840755447108378,5778825789948094.0,2.9583226000850343e-05,2.346036997540849e-12,2.9929757534034645e-07,127575.8121692346,0.2890141626487486,-5.927161844643902e-13
1738,1.2773920105028904e-11,5.865092493852123e-15,ELECTRODE_ATTACHMENT,CONFIRMED,6.677481107713516e-05,41710369.89519257,15.840755370058783,5783025577964587.0,2.9604725753031023e-05,2.3460370131948986e-12,2.9908021734987643e-07,127483.16231489486,0.2891890664856622,-5.92792180582937e-13
1739,1.2779785197561889e-11,5.8650925329872486e-15,ELECTRODE_ATTACHMENT,CONFIRMED,6.677705848292415e-05,41710369.692238495,15.840755292980932,5787222445167374.0,2.9626210552864204e-05,2.3460370288546898e-12,2.9886332566903316e-07,127390.71122629936,0.289363836623268,-5.928676832272497e-13
1740,1.2785650290134028e-11,5.8650925721367256e-15,ELECTRODE_ATTACHMENT,CONFIRMED,6.677930345038067e-05,41710369.48921043,15.840755215874973,5791416385058125.0,2.9647680367083326e-05,2.3460370445201905e-12,2.986468992909969e-07,127298.4584742889,0.2895384728277858,-5.929426924376386e-13
1741,1.2791515382745328e-11,5.865092611300478e-15,ELECTRODE_ATTACHMENT,CONFIRMED,6.678154598347442e-05,41710369.28610823,15.84075513874086,5795607391147000.0,2.966913516246529e-05,2.3460370601914127e-12,2.984309372118645e-07,127206.403630945,0.2897129748658098,-5.930172082561339e-13
1742,1.2797380475395807e-11,5.865092650478534e-15,ELECTRODE_ATTACHMENT,CONFIRMED,6.678378608616627e-05,41710369.08293224,15.840755061578726,5799795456952676.0,2.9690574905830616e-05,2.346037075868328e-12,2.982154384306389e-07,127114.54626959033,0.2898873425043267,-5.930912307265011e-13
1743,1.2803245568085478e-11,5.8650926896708205e-15,ELECTRODE_ATTACHMENT,CONFIRMED,6.678602376240805e-05,41710368.87968264,15.84075498438864,5803980576002371.0,2.971199956404352e-05,2.346037091550922e-12,2.980004019492194e-07,127022.88596478108,0.2900615755107044,-5.931647598942322e-13
1744,1.2809110660814355e-11,5.865092728877306e-15,ELECTRODE_ATTACHMENT,CONFIRMED,6.678825901614272e-05,41710368.67635957,15.840754907170648,5808162741831866.0,2.9733409104012055e-05,2.3460371072391853e-12,2.977858267723921e-07,126931.42229230392,0.2902356736526964,-5.932377958065504e-13
1745,1.2814975753582452e-11,5.865092768097965e-15,ELECTRODE_ATTACHMENT,CONFIRMED,6.679049185130433e-05,41710368.472963214,15.840754829924824,5812341947985533.0,2.9754803492688308e-05,2.346037122933105e-12,2.975717119078187e-07,126840.1548291713,0.2904096366984439,-5.933103385124136e-13
1746,1.2820840846389786e-11,5.865092807332763e-15,ELECTRODE_ATTACHMENT,CONFIRMED,6.679272227181811e-05,41710368.26949366,15.8407547526512,5816518188016355.0,2.9776182697068368e-05,2.346037138632672e-12,2.973580563660279e-07,126749.0831536177,0.2905834644164739,-5.933823880625128e-13
1747,1.2826705939236368e-11,5.8650928465816814e-15,ELECTRODE_ATTACHMENT,CONFIRMED,6.679495028160036e-05,41710368.06595119,15.840754675349883,5820691455485956.0,2.9797546684192615e-05,2.3460371543378655e-12,2.9714485916040477e-07,126658.20684509553,0.2907571565757047,-5.934539445092768e-13
1748,1.2832571032122212e-11,5.865092885844665e-15,ELECTRODE_ATTACHMENT,CONFIRMED,6.679717588455862e-05,41710367.86233588,15.840754598020904,5824861743964619.0,2.981889542114574e-05,2.346037170048679e-12,2.96932119307181e-07,126567.52548427008,0.2909307129454413,-5.935250079068714e-13
1749,1.2838436125047334e-11,5.865092925121699e-15,ELECTRODE_ATTACHMENT,CONFIRMED,6.679939908459157e-05,41710367.65864795,15.840754520664344,5829029047031315.0,2.9840228875056896e-05,2.346037185765096e-12,2.967198358254254e-07,126477.03865301618,0.2911041332953804,-5.935955783112022e-13
1750,1.2844301218011747e-11,5.865092964412741e-15,ELECTRODE_ATTACHMENT,CONFIRMED,6.680161988558913e-05,41710367.45488755,15.840754443280264,5833193358273726.0,2.9861547013099853e-05,2.3460372014871063e-12,2.9650800773703357e-07,126386.74593441356,0.2912774173956089,-5.936656557799157e-13
1751,1.2850166311015464e-11,5.865093003717766e-15,ELECTRODE_ATTACHMENT,CONFIRMED,6.680383829143245e-05,41710367.25105488,15.840754365868737,5837354671288268.0,2.9882849802493084e-05,2.346037217214692e-12,2.962966340667184e-07,126296.64691274312,0.2914505650166068,-5.937352403724018e-13
1752,1.2856031404058502e-11,5.8650930430367306e-15,ELECTRODE_ATTACHMENT,CONFIRMED,6.680605430599393e-05,41710367.04715008,15.840754288429816,5841512979680118.0,2.9904137210499893e-05,2.346037232947843e-12,2.9608571384200084e-07,126206.74117348222,0.2916235759292458,-5.938043321497937e-13
1753,1.2861896497140872e-11,5.865093082369608e-15,ELECTRODE_ATTACHMENT,CONFIRMED,6.680826793313728e-05,41710366.843173295,15.840754210963558,5845668277063236.0,2.992540920442859e-05,2.346037248686549e-12,2.958752460931993e-07,126117.02830330076,0.291796449904791,-5.938729311749712e-13
1754,1.2867761590262588e-11,5.865093121716373e-15,ELECTRODE_ATTACHMENT,CONFIRMED,6.681047917671744e-05,41710366.63912476,15.840754133470046,5849820557060389.0,2.994666575163252e-05,2.3460372644307922e-12,2.9566522985342106e-07,126027.50789005772,0.2919691867149036,-5.939410375125611e-13
1755,1.2873626683423664e-11,5.865093161076981e-15,ELECTRODE_ATTACHMENT,CONFIRMED,6.681268804058066e-05,41710366.43500458,15.840754055949326,5853969813303179.0,2.9967906819510287e-05,2.3460372801805627e-12,2.954556641585516e-07,125938.17952279594,0.2921417861316384,-5.940086512289399e-13
1756,1.2879491776624116e-11,5.865093200451408e-15,ELECTRODE_ATTACHMENT,CONFIRMED,6.68148945285646e-05,41710366.23081292,15.840753978401464,5858116039432062.0,2.998913237550581e-05,2.346037295935848e-12,2.952465480472461e-07,125849.04279173896,0.2923142479274478,-5.940757723922339e-13
1757,1.2885356869863956e-11,5.865093239839621e-15,ELECTRODE_ATTACHMENT,CONFIRMED,6.681709864449824e-05,41710366.02655002,15.840753900826542,5862259229096378.0,3.0010342387108505e-05,2.346037311696632e-12,2.9503788056091894e-07,125760.09728828668,0.2924865718751811,-5.941424010723229e-13
1758,1.2891221963143198e-11,5.86509327924158e-15,ELECTRODE_ATTACHMENT,CONFIRMED,6.681930039220193e-05,41710365.82221598,15.840753823224604,5866399375954370.0,3.0031536821853328e-05,2.346037327462905e-12,2.9482966074373493e-07,125671.34260501093,0.2926587577480853,-5.942085373408397e-13
1759,1.2897087056461856e-11,5.865093318657262e-15,ELECTRODE_ATTACHMENT,CONFIRMED,6.682149977548742e-05,41710365.61781101,15.840753745595729,5870536473673212.0,3.0052715647321e-05,2.3460373432346498e-12,2.946218876425995e-07,125582.77833565224,0.2928308053198069,-5.942741812711722e-13
1760,1.290295214981994e-11,5.865093358086625e-15,ELECTRODE_ATTACHMENT,CONFIRMED,6.682369679815789e-05,41710365.41333534,15.84075366794,5874670515929031.0,3.007387883113803e-05,2.3460373590118517e-12,2.9441456030714974e-07,125494.40407511537,0.2930027143643921,-5.94339332938467e-13
1761,1.2908817243217472e-11,5.865093397529629e-15,ELECTRODE_ATTACHMENT,CONFIRMED,6.68258914640079e-05,41710365.20878897,15.840753590257425,5878801496406934.0,3.009502634097693e-05,2.3460373747945075e-12,2.94207677789744e-07,125406.21941946432,0.2931744846562858,-5.944039924196267e-13
1762,1.2914682336654458e-11,5.865093436986268e-15,ELECTRODE_ATTACHMENT,CONFIRMED,6.682808377682358e-05,41710365.00417224,15.840753512548128,5882929408801030.0,3.011615814455629e-05,2.3460373905825924e-12,2.940012391454539e-07,125318.22396592086,0.2933461159703381,-5.944681597933178e-13
1763,1.2920547430130912e-11,5.865093476456482e-15,ELECTRODE_ATTACHMENT,CONFIRMED,6.683027374038243e-05,41710364.79948519,15.840753434812124,5887054246814454.0,3.0137274209640884e-05,2.346037406376104e-12,2.937952434320539e-07,125230.41731285768,0.2935176080817972,-5.945318351399637e-13
1764,1.2926412523646854e-11,5.865093515940261e-15,ELECTRODE_ATTACHMENT,CONFIRMED,6.683246135845349e-05,41710364.594728045,15.8407533570495,5891176004159394.0,3.015837450404186e-05,2.346037422175025e-12,2.935896897100125e-07,125142.79905979666,0.293688960766318,-5.945950185417552e-13
1765,1.2932277617202293e-11,5.8650935554375616e-15,ELECTRODE_ATTACHMENT,CONFIRMED,6.683464663479732e-05,41710364.38990095,15.840753279260309,5895294674557113.0,3.017945899561681e-05,2.3460374379793428e-12,2.933845770424832e-07,125055.36880740368,0.2938601737999578,-5.946577100826475e-13
1766,1.293814271079724e-11,5.865093594948357e-15,ELECTRODE_ATTACHMENT,CONFIRMED,6.683682957316603e-05,41710364.18500415,15.840753201444643,5899410251737973.0,3.0200527652269912e-05,2.3460374537890403e-12,2.931799044952948e-07,124968.12615748549,0.2940312469591809,-5.947199098483627e-13
1767,1.2944007804431712e-11,5.8650936344726e-15,ELECTRODE_ATTACHMENT,CONFIRMED,6.683901017730324e-05,41710363.98003773,15.84075312360254,5903522729441461.0,3.022158044195204e-05,2.3460374696041075e-12,2.9297567113694277e-07,124881.0707129849,0.2942021800208542,-5.947816179263886e-13
1768,1.294987289810572e-11,5.865093674010269e-15,ELECTRODE_ATTACHMENT,CONFIRMED,6.68411884509442e-05,41710363.77500192,15.840753045734086,5907632101416213.0,3.024261733266092e-05,2.3460374854245293e-12,2.927718760385796e-07,124794.20207797778,0.2943729727622543,-5.948428344059854e-13
1769,1.2955737991819282e-11,5.865093713561325e-15,ELECTRODE_ATTACHMENT,CONFIRMED,6.684336439781574e-05,41710363.5698968,15.840752967839304,5911738361420038.0,3.0263638292441225e-05,2.3460375012503014e-12,2.925685182740061e-07,124707.51985766811,0.2945436249610622,-5.949035593781832e-13
1770,1.2961603085572407e-11,5.865093753125754e-15,ELECTRODE_ATTACHMENT,CONFIRMED,6.684553802163625e-05,41710363.36472268,15.840752889918322,5915841503219940.0,3.028464328938473e-05,2.346037517081396e-12,2.9236559691966203e-07,124621.0236583861,0.2947141363953726,-5.949637929357873e-13
1771,1.2967468179365113e-11,5.8650937927034896e-15,ELECTRODE_ATTACHMENT,CONFIRMED,6.684770932611588e-05,41710363.159479596,15.840752811971146,5919941520592147.0,3.0305632291630368e-05,2.3460375329178134e-12,2.921631110546173e-07,124534.71308758143,0.294884506843683,-5.950235351733741e-13
1772,1.2973333273197406e-11,5.865093832294535e-15,ELECTRODE_ATTACHMENT,CONFIRMED,6.684987831495631e-05,41710362.95416775,15.840752733997858,5924038407322131.0,3.032660526736447e-05,2.3460375487595346e-12,2.919610597605629e-07,124448.5877538222,0.2950547360849057,-5.950827861872986e-13
1773,1.2979198367069304e-11,5.865093871898837e-15,ELECTRODE_ATTACHMENT,CONFIRMED,6.685204499185097e-05,41710362.74878737,15.840752655998546,5928132157204635.0,3.034756218482077e-05,2.346037564606545e-12,2.91759442121802e-07,124362.64726678965,0.2952248238983635,-5.951415460756946e-13
1774,1.298506346098082e-11,5.865093911516362e-15,ELECTRODE_ATTACHMENT,CONFIRMED,6.685420936048494e-05,41710362.54333861,15.840752577973255,5932222764043696.0,3.036850301228061e-05,2.346037580458833e-12,2.9155825722524054e-07,124276.89123727432,0.2953947700637893,-5.951998149384721e-13
1775,1.2990928554931967e-11,5.865093951147083e-15,ELECTRODE_ATTACHMENT,CONFIRMED,6.685637142453509e-05,41710362.33782163,15.840752499922065,5936310221652669.0,3.038942771807301e-05,2.346037596316384e-12,2.913575041603793e-07,124191.31927717292,0.2955645743613307,-5.952575928773255e-13
1776,1.299679364892276e-11,5.86509399079096e-15,ELECTRODE_ATTACHMENT,CONFIRMED,6.685853118766989e-05,41710362.132236525,15.840752421844998,5940394523854252.0,3.041033627057485e-05,2.346037612179189e-12,2.9115718201930384e-07,124105.93099948368,0.2957342365715467,-5.953148799957279e-13
1777,1.3002658742953208e-11,5.865094030447973e-15,ELECTRODE_ATTACHMENT,CONFIRMED,6.686068865354969e-05,41710361.926583596,15.840752343742166,5944475664480511.0,3.0431228638210927e-05,2.3460376280472322e-12,2.909572898966772e-07,124020.72601830382,0.2959037564754133,-5.9537167639894e-13
1778,1.3008523837023326e-11,5.86509407011808e-15,ELECTRODE_ATTACHMENT,CONFIRMED,6.686284382582657e-05,41710361.72086284,15.840752265613586,5948553637372902.0,3.045210478945416e-05,2.3460376439205055e-12,2.90757826889729e-07,123935.70394882427,0.2960731338543195,-5.954279821940064e-13
1779,1.3014388931133127e-11,5.865094109801265e-15,ELECTRODE_ATTACHMENT,CONFIRMED,6.686499670814435e-05,41710361.515074655,15.840752187459394,5952628436382298.0,3.0472964692825608e-05,2.346037659798984e-12,2.905587920982491e-07,123850.864407328,0.2962423684900742,-5.954837974897611e-13
1780,1.3020254025282624e-11,5.86509414949746e-15,ELECTRODE_ATTACHMENT,CONFIRMED,6.68671473041388e-05,41710361.30921902,15.84075210927958,5956700055369012.0,3.049380831689473e-05,2.3460376756826666e-12,2.903601846245765e-07,123766.20701118343,0.2964114601648986,-5.955391223968235e-13
1781,1.3026119119471831e-11,5.865094189206667e-15,ELECTRODE_ATTACHMENT,CONFIRMED,6.686929561743728e-05,41710361.103296205,15.840752031074263,5960768488202820.0,3.0514635630279378e-05,2.3460376915715327e-12,2.9016200357359257e-07,123681.7313788436,0.2965804086614362,-5.955939570276082e-13
1782,1.303198421370076e-11,5.865094228928831e-15,ELECTRODE_ATTACHMENT,CONFIRMED,6.687144165165925e-05,41710360.8973063,15.840751952843458,5964833728762987.0,3.053544660164599e-05,2.346037707465576e-12,2.899642480527114e-07,123597.4371298404,0.2967492137627455,-5.956483014963168e-13
1783,1.3037849307969423e-11,5.86509426866394e-15,ELECTRODE_ATTACHMENT,CONFIRMED,6.687358541041591e-05,41710360.69124953,15.84075187458726,5968895770938291.0,3.055624119970972e-05,2.346037723364778e-12,2.897669171718711e-07,123513.32388478228,0.2969178752523079,-5.957021559189482e-13
1784,1.3043714402277835e-11,5.865094308411946e-15,ELECTRODE_ATTACHMENT,CONFIRMED,6.687572689731033e-05,41710360.485126086,15.840751796305744,5972954608627047.0,3.0577019393234504e-05,2.3460377392691247e-12,2.8957001004352585e-07,123429.39126534991,0.2970863929140245,-5.957555204132971e-13
1785,1.3049579496626009e-11,5.8650943481728136e-15,ELECTRODE_ATTACHMENT,CONFIRMED,6.687786611593757e-05,41710360.27893606,15.84075171799894,5977010235737131.0,3.059778115103329e-05,2.3460377551786106e-12,2.893735257826365e-07,123345.63889429207,0.2972547665322161,-5.958083950989522e-13
1786,1.3055444591013954e-11,5.8650943879465264e-15,ELECTRODE_ATTACHMENT,CONFIRMED,6.688000306988454e-05,41710360.07267976,15.840751639666966,5981062646186004.0,3.061852644196803e-05,2.346037771093208e-12,2.891774635066628e-07,123262.0663954237,0.2974229958916296,-5.95860780097304e-13
1787,1.3061309685441687e-11,5.865094427733021e-15,ELECTRODE_ATTACHMENT,CONFIRMED,6.688213776273008e-05,41710359.86635716,15.840751561309812,5985111833900739.0,3.063925523494991e-05,2.3460377870129226e-12,2.889818223355544e-07,123178.6733936194,0.2975910807774291,-5.959126755315388e-13
1788,1.306717477990922e-11,5.8650944675323074e-15,ELECTRODE_ATTACHMENT,CONFIRMED,6.68842701980451e-05,41710359.65996859,15.840751482927606,5989157792818040.0,3.065996749893941e-05,2.346037802937728e-12,2.887866013917426e-07,123095.45951481332,0.2977590209752088,-5.959640815266498e-13
1789,1.3073039874416564e-11,5.8650945073443195e-15,ELECTRODE_ATTACHMENT,CONFIRMED,6.688640037939233e-05,41710359.45351423,15.840751404520413,5993200516884271.0,3.068066320294649e-05,2.3460378188676096e-12,2.885917998001317e-07,123012.42438599296,0.2979268162709853,-5.960149982094312e-13
1790,1.3078904968963732e-11,5.865094547169025e-15,ELECTRODE_ATTACHMENT,CONFIRMED,6.688852831032668e-05,41710359.24699415,15.84075132608826,5997240000055479.0,3.070134231603063e-05,2.3460378348025623e-12,2.883974166880909e-07,122929.5676351962,0.2980944664511995,-5.960654257084801e-13
1791,1.308477006355074e-11,5.865094587006407e-15,ELECTRODE_ATTACHMENT,CONFIRMED,6.689065399439491e-05,41710359.04040853,15.84075124763122,6001276236297417.0,3.072200480730105e-05,2.346037850742572e-12,2.8820345118544524e-07,122846.88889150812,0.2982619713027202,-5.961153641542034e-13
1792,1.3090635158177596e-11,5.8650946268564295e-15,ELECTRODE_ATTACHMENT,CONFIRMED,6.689277743513593e-05,41710358.8337575,15.840751169149334,6005309219585568.0,3.074265064591675e-05,2.346037866687629e-12,2.880099024244684e-07,122764.38778505716,0.2984293306128428,-5.961648136788134e-13
1793,1.3096500252844317e-11,5.865094666719073e-15,ELECTRODE_ATTACHMENT,CONFIRMED,6.689489863608063e-05,41710358.6270414,15.84075109064274,6009338943905173.0,3.0763279801086675e-05,2.346037882637706e-12,2.878167695398732e-07,122682.06394701263,0.2985965441692949,-5.96213774416336e-13
1794,1.3102365347550908e-11,5.865094706594266e-15,ELECTRODE_ATTACHMENT,CONFIRMED,6.689701760075201e-05,41710358.420260236,15.840751012111427,6013365403251250.0,3.0783892242069846e-05,2.3460378985928054e-12,2.8762405166880425e-07,122599.91700957864,0.2987636117602271,-5.96262246502604e-13
1795,1.3108230442297391e-11,5.865094746482014e-15,ELECTRODE_ATTACHMENT,CONFIRMED,6.689913433266519e-05,41710358.213414304,15.840750933555528,6017388591628621.0,3.080448793817546e-05,2.3460379145529007e-12,2.87431747950829e-07,122517.94660599368,0.2989305331742259,-5.963102300752671e-13
1796,1.3114095537083771e-11,5.865094786382253e-15,ELECTRODE_ATTACHMENT,CONFIRMED,6.69012488353273e-05,41710358.00650366,15.840750854975049,6021408503051938.0,3.082506685876303e-05,2.346037930517991e-12,2.8723985752792973e-07,122436.15237052408,0.2990973082003036,-5.963577252737856e-13
1797,1.3119960631910068e-11,5.8650948262949774e-15,ELECTRODE_ATTACHMENT,CONFIRMED,6.690336111223772e-05,41710357.79952854,15.84075077637008,6025425131545703.0,3.0845628973242515e-05,2.346037946488056e-12,2.870483795444954e-07,122354.53393846324,0.2992639366279076,-5.964047322394389e-13
1798,1.3125825726776287e-11,5.865094866220141e-15,ELECTRODE_ATTACHMENT,CONFIRMED,6.690547116688789e-05,41710357.592489086,15.840750697740685,6029438471144296.0,3.086617425107443e-05,2.346037962463083e-12,2.8685731314731344e-07,122273.09094612632,0.2994304182469171,-5.964512511153238e-13
1799,1.3131690821682449e-11,5.8650949061577085e-15,ELECTRODE_ATTACHMENT,CONFIRMED,6.690757900276143e-05,41710357.38538556,15.840750619086949,6033448515891997.0,3.0886702661769944e-05,2.3460379784430565e-12,2.86666657485562e-07,122191.82303084784,0.2995967528476451,-5.96497282046356e-13
1800,1.3137555916628554e-11,5.865094946107643e-15,ELECTRODE_ATTACHMENT,CONFIRMED,6.690968462333416e-05,41710357.17821799,15.840750540408894,6037455259843010.0,3.090721417489108e-05,2.3460379944279717e-12,2.8647641171080094e-07,122110.72983097692,0.2997629402208367,-5.965428251792714e-13
1801,1.3143421011614624e-11,5.865094986069929e-15,ELECTRODE_ATTACHMENT,CONFIRMED,6.691178803207408e-05,41710356.970986605,15.840750461706604,6041458697061490.0,3.092770876005077e-05,2.3460380104178087e-12,2.8628657497696464e-07,122029.81098587548,0.2999289801576748,-5.96587880662629e-13
1802,1.3149286106640668e-11,5.865095026044524e-15,ELECTRODE_ATTACHMENT,CONFIRMED,6.691388923244143e-05,41710356.76369156,15.840750382980136,6045458821621564.0,3.094818638691299e-05,2.3460380264125604e-12,2.860971464403535e-07,121949.06613591358,0.3000948724497768,-5.96632448646813e-13
1803,1.3155151201706699e-11,5.8650950660314016e-15,ELECTRODE_ATTACHMENT,CONFIRMED,6.691598822788865e-05,41710356.55633308,15.840750304229577,6049455627607358.0,3.096864702519293e-05,2.346038042412205e-12,2.859081252596259e-07,121868.49492246684,0.3002606168891988,-5.966765292840323e-13
1804,1.3161016296812732e-11,5.865095106030514e-15,ELECTRODE_ATTACHMENT,CONFIRMED,6.691808502186047e-05,41710356.34891136,15.840750225455,6053449109113018.0,3.098909064465705e-05,2.346038058416732e-12,2.8571951059579044e-07,121788.09698791231,0.3004262132684337,-5.967201227283247e-13
1805,1.3166881391958771e-11,5.865095146041829e-15,ELECTRODE_ATTACHMENT,CONFIRMED,6.69201796177939e-05,41710356.141426414,15.84075014665641,6057439260242737.0,3.100951721512325e-05,2.3460380744261362e-12,2.85531301612198e-07,121707.87197562498,0.3005916613804101,-5.967632291355532e-13
1806,1.3172746487144838e-11,5.865095186065341e-15,ELECTRODE_ATTACHMENT,CONFIRMED,6.692227201911815e-05,41710355.93387856,15.840750067833929,6061426075110779.0,3.1029926706461e-05,2.346038090440394e-12,2.853434974745331e-07,121627.81952997568,0.3007569610185013,-5.968058486634163e-13
1807,1.317861158237094e-11,5.865095226100987e-15,ELECTRODE_ATTACHMENT,CONFIRMED,6.692436222925484e-05,41710355.726267904,15.8407499889876,6065409547841501.0,3.105031908859142e-05,2.3460381064594983e-12,2.851560973508072e-07,121547.9392963262,0.3009221119765173,-5.968479814714423e-13
1808,1.3184476677637087e-11,5.865095266148746e-15,ELECTRODE_ATTACHMENT,CONFIRMED,6.69264502516179e-05,41710355.51859463,15.840749910117488,6069389672569379.0,3.107069433148744e-05,2.3460381224834335e-12,2.849691004113498e-07,121468.23092102676,0.3010871140487104,-5.968896277209921e-13
1809,1.3190341772943296e-11,5.865095306208585e-15,ELECTRODE_ATTACHMENT,CONFIRMED,6.692853608961352e-05,41710355.31085889,15.840749831223654,6073366443439033.0,3.109105240517393e-05,2.3460381385121897e-12,2.8478250582880095e-07,121388.69405141228,0.3012519670297744,-5.969307875752654e-13
1810,1.3196206868289575e-11,5.865095346280475e-15,ELECTRODE_ATTACHMENT,CONFIRMED,6.693061974664033e-05,41710355.10306089,15.840749752306175,6077339854605249.0,3.1111393279727754e-05,2.3460381545457494e-12,2.845963127781039e-07,121309.3283357997,0.3014166707148472,-5.96971461199296e-13
1811,1.320207196367594e-11,5.865095386364375e-15,ELECTRODE_ATTACHMENT,CONFIRMED,6.693270122608932e-05,41710354.89520083,15.840749673365126,6081309900233004.0,3.1131716925278025e-05,2.346038170584099e-12,2.8441052043649627e-07,121230.13342348384,0.3015812248995097,-5.970116487599581e-13
1812,1.3207937059102399e-11,5.8650954264602484e-15,ELECTRODE_ATTACHMENT,CONFIRMED,6.693478053134387e-05,41710354.68727879,15.840749594400537,6085276574497492.0,3.115202331200609e-05,2.3460381866272305e-12,2.842251279835031e-07,121151.1089647342,0.3017456293797863,-5.97051350425965e-13
1813,1.3213802154568967e-11,5.865095466568077e-15,ELECTRODE_ATTACHMENT,CONFIRMED,6.693685766577973e-05,41710354.479294986,15.840749515412492,6089239871584146.0,3.117231241014575e-05,2.346038202675128e-12,2.840401346009288e-07,121072.25461079234,0.3019098839521481,-5.970905663678722e-13
1814,1.3219667250075656e-11,5.865095506687821e-15,ELECTRODE_ATTACHMENT,CONFIRMED,6.693893263276514e-05,41710354.27124959,15.840749436401056,6093199785688662.0,3.119258418998333e-05,2.3460382187277784e-12,2.838555394728497e-07,120993.57001386804,0.3020739884135126,-5.971292967580797e-13
1815,1.3225532345622476e-11,5.865095546819446e-15,ELECTRODE_ATTACHMENT,CONFIRMED,6.694100543566079e-05,41710354.063142784,15.840749357366295,6097156311017025.0,3.121283862185783e-05,2.346038234785167e-12,2.8367134178560616e-07,120915.05482713612,0.3022379425612442,-5.971675417708321e-13
1816,1.3231397441209438e-11,5.865095586962919e-15,ELECTRODE_ATTACHMENT,CONFIRMED,6.694307607781977e-05,41710353.854974724,15.840749278308278,6101109441785533.0,3.1233075676161054e-05,2.3460382508472815e-12,2.834875407277947e-07,120836.70870473314,0.302401746193155,-5.972053015822203e-13
1817,1.3237262536836555e-11,5.865095627118206e-15,ELECTRODE_ATTACHMENT,CONFIRMED,6.694514456258765e-05,41710353.64674558,15.840749199227057,6105059172220819.0,3.125329532333769e-05,2.3460382669141106e-12,2.8330413549026094e-07,120758.53130175428,0.3025653991075061,-5.972425763701843e-13
1818,1.3243127632503844e-11,5.8650956672852754e-15,ELECTRODE_ATTACHMENT,CONFIRMED,6.69472108933026e-05,41710353.43845552,15.840749120122702,6109005496559877.0,3.1273497533885486e-05,2.3460382829856398e-12,2.831211252660917e-07,120680.52227425,0.3027289011030079,-5.972793663145126e-13
1819,1.3248992728211306e-11,5.865095707464099e-15,ELECTRODE_ATTACHMENT,CONFIRMED,6.694927507329522e-05,41710353.23010473,15.840749040995282,6112948409050087.0,3.1293682278355354e-05,2.3460382990618546e-12,2.8293850925060694e-07,120602.68127922284,0.3028922519788224,-5.973156715968475e-13
1820,1.3254857823958959e-11,5.865095747654637e-15,ELECTRODE_ATTACHMENT,CONFIRMED,6.695133710588864e-05,41710353.021693386,15.840748961844866,6116887903949237.0,3.131384952735149e-05,2.3460383151427417e-12,2.827562866413533e-07,120525.00797462436,0.3030554515345624,-5.973514924006838e-13
1821,1.3260722919746818e-11,5.8650957878568556e-15,ELECTRODE_ATTACHMENT,CONFIRMED,6.69533969943986e-05,41710352.8132216,15.840748882671498,6120823975525549.0,3.1333999251531495e-05,2.3460383312282934e-12,2.825744566380955e-07,120447.5020193513,0.3032184995702921,-5.973868289113695e-13
1822,1.3266588015574888e-11,5.865095828070733e-15,ELECTRODE_ATTACHMENT,CONFIRMED,6.69554547421333e-05,41710352.60468966,15.84074880347528,6124756618057702.0,3.1354131421606506e-05,2.3460383473184867e-12,2.823930184428096e-07,120370.1630732438,0.3033813958865312,-5.974216813161118e-13
1823,1.3272453111443183e-11,5.865095868296216e-15,ELECTRODE_ATTACHMENT,CONFIRMED,6.695751035239364e-05,41710352.39609756,15.84074872425622,6128685825834857.0,3.137424600834133e-05,2.346038363413321e-12,2.822119712596752e-07,120292.99079707992,0.3035441402842493,-5.974560498039733e-13
1824,1.3278318207351718e-11,5.8650959085333046e-15,ELECTRODE_ATTACHMENT,CONFIRMED,6.695956382847303e-05,41710352.187445655,15.84074864501444,6132611593156680.0,3.139434298255453e-05,2.3460383795127717e-12,2.82031314295068e-07,120215.98485257546,0.3037067325648761,-5.974899345658795e-13
1825,1.3284183303300499e-11,5.865095948781928e-15,ELECTRODE_ATTACHMENT,CONFIRMED,6.696161517365756e-05,41710351.97873396,15.840748565749958,6136533914333368.0,3.141442231511861e-05,2.3460383956168352e-12,2.818510467575527e-07,120139.14490237772,0.3038691725302915,-5.975233357946135e-13
1826,1.3290048399289545e-11,5.865095989042088e-15,ELECTRODE_ATTACHMENT,CONFIRMED,6.696366439122593e-05,41710351.7699628,15.840748486462893,6140452783685672.0,3.143448397696007e-05,2.3460384117254878e-12,2.81671167857875e-07,120062.47061006504,0.3040314599828374,-5.975562536848254e-13
1827,1.3295913495318856e-11,5.865096029313718e-15,ELECTRODE_ATTACHMENT,CONFIRMED,6.696571148444947e-05,41710351.56113216,15.840748407153235,6144368195544921.0,3.145452793905957e-05,2.3460384278387282e-12,2.8149167680895496e-07,119985.96164014126,0.3041935947253069,-5.975886884330256e-13
1828,1.3301778591388456e-11,5.8650960695968216e-15,ELECTRODE_ATTACHMENT,CONFIRMED,6.696775645659221e-05,41710351.352242455,15.840748327821148,6148280144253047.0,3.147455417245207e-05,2.3460384439565283e-12,2.813125728258792e-07,119909.61765803522,0.3043555765609588,-5.976206402375957e-13
1829,1.3307643687498348e-11,5.865096109891321e-15,ELECTRODE_ATTACHMENT,CONFIRMED,6.696979931091084e-05,41710351.14329358,15.840748248466593,6152188624162608.0,3.1494562648226926e-05,2.3460384600788927e-12,2.8113385512589333e-07,119833.43833009429,0.3045174052935021,-5.976521092987799e-13
1830,1.3313508783648544e-11,5.865096150197233e-15,ELECTRODE_ATTACHMENT,CONFIRMED,6.697184005065474e-05,41710350.93428597,15.840748169089723,6156093629636814.0,3.151455333752798e-05,2.346038476205791e-12,2.80955522928396e-07,119757.42332358532,0.3046790807271148,-5.97683095818697e-13
1831,1.331937387983906e-11,5.865096190514479e-15,ELECTRODE_ATTACHMENT,CONFIRMED,6.6973878679066e-05,41710350.72521959,15.840748089690535,6159995155049549.0,3.153452621155376e-05,2.346038492337223e-12,2.807775754549299e-07,119681.57230668768,0.3048406026664276,-5.977136000013325e-13
1832,1.33252389760699e-11,5.865096230843058e-15,ELECTRODE_ATTACHMENT,CONFIRMED,6.697591519937954e-05,41710350.51609463,15.840748010269108,6163893194785396.0,3.155448124155756e-05,2.3460385084731744e-12,2.806000119291757e-07,119605.8849484926,0.3050019709165374,-5.977436220525472e-13
1833,1.3331104072341084e-11,5.865096271182937e-15,ELECTRODE_ATTACHMENT,CONFIRMED,6.697794961482289e-05,41710350.306911424,15.840747930825554,6167787743239663.0,3.157441839884756e-05,2.3460385246136214e-12,2.804228315769444e-07,119530.36091899996,0.3051631852830044,-5.977731621800771e-13
1834,1.3336969168652618e-11,5.865096311534056e-15,ELECTRODE_ATTACHMENT,CONFIRMED,6.697998192861644e-05,41710350.09767,15.84074785135989,6171678794818405.0,3.159433765478697e-05,2.3460385407585604e-12,2.8024603362617005e-07,119454.9998891136,0.3053242455718484,-5.978022205935315e-13
1835,1.3342834265004516e-11,5.8650963518964016e-15,ELECTRODE_ATTACHMENT,CONFIRMED,6.698201214397329e-05,41710349.888370514,15.840747771872175,6175566343938448.0,3.1614238980794144e-05,2.34603855690798e-12,2.800696173069033e-07,119379.80153063984,0.3054851515895548,-5.978307975043992e-13
1836,1.3348699361396786e-11,5.865096392269949e-15,ELECTRODE_ATTACHMENT,CONFIRMED,6.698404026409945e-05,41710349.679013245,15.840747692362518,6179450385027415.0,3.163412234834269e-05,2.3460385730618576e-12,2.798935818513034e-07,119304.7655162844,0.3056459031430761,-5.978588931260486e-13
1837,1.3354564457829442e-11,5.865096432654645e-15,ELECTRODE_ATTACHMENT,CONFIRMED,6.698606629219362e-05,41710349.469598286,15.840747612830947,6183330912523748.0,3.165398772896161e-05,2.3460385892201875e-12,2.797179264936316e-07,119229.89151964828,0.3058065000398277,-5.978865076737283e-13
1838,1.3360429554302491e-11,5.865096473050469e-15,ELECTRODE_ATTACHMENT,CONFIRMED,6.698809023144737e-05,41710349.26012589,15.840747533277566,6187207920876734.0,3.167383509423543e-05,2.3460386053829485e-12,2.79542650470244e-07,119155.17921522594,0.3059669420876941,-5.979136413645702e-13
1839,1.3366294650815947e-11,5.865096513457372e-15,ELECTRODE_ATTACHMENT,CONFIRMED,6.699011208504518e-05,41710349.050596096,15.840747453702386,6191081404546528.0,3.1693664415804306e-05,2.346038621550139e-12,2.793677530195842e-07,119080.62827840092,0.3061272290950239,-5.979402944175884e-13
1840,1.3372159747369823e-11,5.865096553875348e-15,ELECTRODE_ATTACHMENT,CONFIRMED,6.699213185616432e-05,41710348.84100918,15.840747374105511,6194951358004177.0,3.171347566536415e-05,2.3460386377217377e-12,2.7919323338217685e-07,119006.2383854446,0.306287360870638,-5.979664670536861e-13
1841,1.3378024843964128e-11,5.865096594304345e-15,ELECTRODE_ATTACHMENT,CONFIRMED,6.699414954797497e-05,41710348.63136521,15.84074729448697,6198817775731646.0,3.173326881466679e-05,2.3460386538977385e-12,2.7901909080062015e-07,118932.00921351158,0.3064473372238232,-5.979921594956508e-13
1842,1.3383889940598872e-11,5.8650966347443456e-15,ELECTRODE_ATTACHMENT,CONFIRMED,6.699616516364019e-05,41710348.42166451,15.840747214846884,6202680652221841.0,3.175304383552002e-05,2.3460386700781162e-12,2.788453245195792e-07,118857.94044063834,0.3066071579643404,-5.980173719681634e-13
1843,1.3389755037274068e-11,5.865096675195292e-15,ELECTRODE_ATTACHMENT,CONFIRMED,6.699817870631596e-05,41710348.21190711,15.840747135185262,6206539981978632.0,3.17728006997878e-05,2.34603868626287e-12,2.7867193378577845e-07,118784.0317457381,0.3067668229024164,-5.980421046977912e-13
1844,1.3395620133989726e-11,5.865096715657176e-15,ELECTRODE_ATTACHMENT,CONFIRMED,6.700019017915117e-05,41710348.002093226,15.84074705550219,6210395759516878.0,3.179253937939032e-05,2.3460387024519815e-12,2.78498917847996e-07,118710.28280860012,0.3069263318487532,-5.980663579129962e-13
1845,1.3401485230745856e-11,5.8650967561299545e-15,ELECTRODE_ATTACHMENT,CONFIRMED,6.700219958528768e-05,41710347.79222306,15.840746975797742,6214247979362453.0,3.1812259846304175e-05,2.3460387186454362e-12,2.783262759570552e-07,118636.6933098854,0.3070856846145249,-5.980901318441354e-13
1846,1.3407350327542467e-11,5.8650967966135925e-15,ELECTRODE_ATTACHMENT,CONFIRMED,6.700420692786032e-05,41710347.58229678,15.840746896071986,6218096636052266.0,3.1831962072562445e-05,2.3460387348432203e-12,2.781540073658189e-07,118563.26293112423,0.3072448810113785,-5.981134267234597e-13
1847,1.3413215424379575e-11,5.865096837108051e-15,ELECTRODE_ATTACHMENT,CONFIRMED,6.700621220999681e-05,41710347.37231449,15.840746816324955,6221941724134291.0,3.1851646030254856e-05,2.3460387510453277e-12,2.779821113291819e-07,118489.99135471277,0.307403920851434,-5.98136242785118e-13
1848,1.3419080521257192e-11,5.865096877613318e-15,ELECTRODE_ATTACHMENT,CONFIRMED,6.700821543481797e-05,41710347.16227648,15.840746736556763,6225783238167585.0,3.1871311691527853e-05,2.3460387672517334e-12,2.778105871040649e-07,118416.87826391125,0.3075628039472901,-5.981585802651597e-13
1849,1.3424945618175319e-11,5.865096918129334e-15,ELECTRODE_ATTACHMENT,CONFIRMED,6.701021660543758e-05,41710346.952182814,15.840746656767442,6229621172722316.0,3.18909590285848e-05,2.3460387834624346e-12,2.7763943394940656e-07,118343.92334283942,0.3077215301120176,-5.981804394015333e-13
1850,1.3430810715133976e-11,5.865096958656085e-15,ELECTRODE_ATTACHMENT,CONFIRMED,6.70122157249624e-05,41710346.742033646,15.840746576957034,6233455522379786.0,3.191058801368602e-05,2.346038799677417e-12,2.774686511261579e-07,118271.1262764751,0.3078800991591654,-5.982018204340902e-13
1851,1.3436675812133172e-11,5.865096999193543e-15,ELECTRODE_ATTACHMENT,CONFIRMED,6.701421279649229e-05,41710346.531829245,15.840746497125652,6237286281732455.0,3.1930198619148974e-05,2.3460388158966618e-12,2.772982378972746e-07,118198.48675065102,0.3080385109027615,-5.982227236045865e-13
1852,1.3442540909172912e-11,5.8650970397416555e-15,ELECTRODE_ATTACHMENT,CONFIRMED,6.701620782312012e-05,41710346.32156978,15.840746417273357,6241113445383966.0,3.194979081734837e-05,2.3460388321201567e-12,2.7712819352771095e-07,118126.00445205132,0.3081967651573114,-5.982431491566841e-13
1853,1.3448406006253213e-11,5.865097080300395e-15,ELECTRODE_ATTACHMENT,CONFIRMED,6.701820080793185e-05,41710346.11125528,15.84074633740016,6244937007949169.0,3.196936458071629e-05,2.346038848347898e-12,2.769585172844127e-07,118053.67906820869,0.3083548617377978,-5.982630973359505e-13
1854,1.3454271103374082e-11,5.8650971208697455e-15,ELECTRODE_ATTACHMENT,CONFIRMED,6.702019175400652e-05,41710345.90088602,15.84074625750617,6248756964054143.0,3.1988919881742284e-05,2.346038864579864e-12,2.7678920843631045e-07,117981.51028750272,0.3085128004596869,-5.982825683898653e-13
1855,1.3460136200535532e-11,5.8650971614496616e-15,ELECTRODE_ATTACHMENT,CONFIRMED,6.702218066441624e-05,41710345.6904622,15.840746177591454,6252573308336224.0,3.200845669297356e-05,2.346038880816041e-12,2.766202662543133e-07,117909.49779915591,0.3086705811389252,-5.983015625678166e-13
1856,1.3466001297737572e-11,5.865097202040104e-15,ELECTRODE_ATTACHMENT,CONFIRMED,6.70241675422263e-05,41710345.47998393,15.840746097656066,6256386035444025.0,3.202797498701502e-05,2.3460388970564198e-12,2.7645169001130165e-07,117837.641293231,0.3088282035919394,-5.983200801211063e-13
1857,1.3471866394980214e-11,5.865097242641048e-15,ELECTRODE_ATTACHMENT,CONFIRMED,6.702615239049506e-05,41710345.26945144,15.840746017700075,6260195140037463.0,3.2047474736529466e-05,2.3460389133009808e-12,2.762834789821213e-07,117765.94046062866,0.3089856676356406,-5.983381213029495e-13
1858,1.3477731492263466e-11,5.865097283252453e-15,ELECTRODE_ATTACHMENT,CONFIRMED,6.702813521227403e-05,41710345.05886482,15.840745937723536,6264000616787783.0,3.206695591423767e-05,2.34603892954972e-12,2.7611563244357585e-07,117694.39499308364,0.309142973087422,-5.983556863684772e-13
1859,1.3483596589587339e-11,5.865097323874299e-15,ELECTRODE_ATTACHMENT,CONFIRMED,6.703011601060793e-05,41710344.84822428,15.840745857726516,6267802460377580.0,3.208641849291851e-05,2.3460389458026184e-12,2.759481496744214e-07,117623.00458316348,0.3093001197651618,-5.983727755747383e-13
1860,1.3489461686951847e-11,5.8650973645065465e-15,ELECTRODE_ATTACHMENT,CONFIRMED,6.703209478853457e-05,41710344.637530014,15.840745777709092,6271600665500826.0,3.210586244540912e-05,2.3460389620596642e-12,2.757810299553588e-07,117551.76892426444,0.3094571074872242,-5.983893891807008e-13
1861,1.3495326784356996e-11,5.8650974051491604e-15,ELECTRODE_ATTACHMENT,CONFIRMED,6.703407154908504e-05,41710344.42678214,15.840745697671307,6275395226862892.0,3.212528774460495e-05,2.3460389783208448e-12,2.756142725690279e-07,117480.68771060924,0.3096139360724579,-5.984055274472535e-13
1862,1.3501191881802796e-11,5.8650974458021124e-15,ELECTRODE_ATTACHMENT,CONFIRMED,6.703604629528357e-05,41710344.215980895,15.840745617613258,6279186139180573.0,3.214469436345999e-05,2.3460389945861455e-12,2.7544787680000067e-07,117409.7606372443,0.3097706053402004,-5.984211906372081e-13
1863,1.3507056979289265e-11,5.8650974864653646e-15,ELECTRODE_ATTACHMENT,CONFIRMED,6.703801903014765e-05,41710344.00512635,15.840745537534964,6282973397182112.0,3.216408227498679e-05,2.346039010855559e-12,2.752818419347747e-07,117338.98740003658,0.3099271151102741,-5.984363790152983e-13
1864,1.35129220768164e-11,5.865097527138897e-15,ELECTRODE_ATTACHMENT,CONFIRMED,6.703998975668798e-05,41710343.79421883,15.840745457436553,6286756995607224.0,3.218345145225664e-05,2.3460390271290597e-12,2.751161672617672e-07,117268.367695672,0.3100834652029946,-5.984510928481884e-13
1865,1.3518787174384225e-11,5.865097567822649e-15,ELECTRODE_ATTACHMENT,CONFIRMED,6.704195847790849e-05,41710343.583258405,15.840745377318049,6290536929207120.0,3.220280186839969e-05,2.3460390434066417e-12,2.749508520713079e-07,117197.90122165086,0.3102396554391621,-5.984653324044658e-13
1866,1.352465227199274e-11,5.865097608516606e-15,ELECTRODE_ATTACHMENT,CONFIRMED,6.704392519680647e-05,41710343.37224519,15.84074529717949,6294313192744532.0,3.2222133496605064e-05,2.346039059688299e-12,2.747858956556331e-07,117127.58767628612,0.3103956856400678,-5.984790979546473e-13
1867,1.353051736964196e-11,5.8650976492207484e-15,ELECTRODE_ATTACHMENT,CONFIRMED,6.758584683585739e-05,41710343.161179416,15.840745217020975,6298085780993737.0,3.224144631012098e-05,2.34603907597401e-12,2.7462129730887925e-07,117057.42675870143,0.310399022649383,-5.984923897711842e-13
1868,1.3536382467331894e-11,5.865097689935025e-15,ELECTRODE_ATTACHMENT,CONFIRMED,6.758730200037728e-05,41710342.950061366,15.84074513684261,6301854688740579.0,3.2260740282254875e-05,2.346039092263756e-12,2.7445705632707616e-07,116987.41816882735,0.3105550531813582,-5.985052081284585e-13
1869,1.3542247565062554e-11,5.865097730659389e-15,ELECTRODE_ATTACHMENT,CONFIRMED,6.758875584092964e-05,41710342.738891,15.840745056644373,6305619910782497.0,3.2280015386373554e-05,2.3460391085575375e-12,2.74293172008141e-07,116917.561607398,0.3107109224445053,-5.98517553302785e-13
1870,1.3548112662833948e-11,5.865097771393845e-15,ELECTRODE_ATTACHMENT,CONFIRMED,6.759020835973158e-05,41710342.527668536,15.84074497642635,6309381441928545.0,3.229927159590327e-05,2.34603912485534e-12,2.741296436518723e-07,116847.85677595016,0.3108666302631589,-5.985294255724157e-13
1871,1.3553977760646087e-11,5.865097812138351e-15,ELECTRODE_ATTACHMENT,CONFIRMED,6.759165955899307e-05,41710342.31639432,15.840744896188673,6313139276999419.0,3.2318508884329855e-05,2.3460391411571374e-12,2.739664705599427e-07,116778.30337682008,0.3110221764621494,-5.985408252175429e-13
1872,1.355984285849898e-11,5.865097852892845e-15,ELECTRODE_ATTACHMENT,CONFIRMED,6.759310944091721e-05,41710342.10506836,15.840744815931348,6316893410827481.0,3.23377272251989e-05,2.3460391574629247e-12,2.738036520358936e-07,116708.90111313944,0.3111775608667976,-5.985517525202951e-13
1873,1.3565707956392636e-11,5.865097893657314e-15,ELECTRODE_ATTACHMENT,CONFIRMED,6.75945580077e-05,41710341.89369088,15.84074473565445,6320643838256781.0,3.235692659211582e-05,2.34603917377269e-12,2.736411873851281e-07,116639.649688834,0.3113327833029212,-5.985622077647426e-13
1874,1.3571573054327067e-11,5.865097934431725e-15,ELECTRODE_ATTACHMENT,CONFIRMED,6.759600526153056e-05,41710341.68226195,15.84074465535802,6324390554143084.0,3.2376106958745995e-05,2.3460391900864244e-12,2.734790759149057e-07,116570.54880862034,0.3114878435968333,-5.985721912368986e-13
1875,1.3577438152302284e-11,5.865097975216061e-15,ELECTRODE_ATTACHMENT,CONFIRMED,6.759745120459095e-05,41710341.470781915,15.840744575042171,6328133553353891.0,3.239526829881487e-05,2.3460392064041025e-12,2.73317316934335e-07,116501.59817800437,0.3116427415753472,-5.985817032247226e-13
1876,1.3583303250318295e-11,5.865098016010257e-15,ELECTRODE_ATTACHMENT,CONFIRMED,6.759889583905645e-05,41710341.25925083,15.840744494706945,6331872830768466.0,3.241441058610813e-05,2.346039222725719e-12,2.731559097543686e-07,116432.79750327682,0.3117974770657706,-5.985907440181184e-13
1877,1.358916834837511e-11,5.865098056814298e-15,ELECTRODE_ATTACHMENT,CONFIRMED,6.760033916709537e-05,41710341.04766888,15.8407444143524,6335608381277859.0,3.24335337944718e-05,2.3460392390512604e-12,2.729948536877956e-07,116364.14649151172,0.3119520498959108,-5.985993139089386e-13
1878,1.3595033446472738e-11,5.865098097628151e-15,ELECTRODE_ATTACHMENT,CONFIRMED,6.760178119086915e-05,41710340.836036175,15.840744333978574,6339340199784929.0,3.2452637897812325e-05,2.346039255380719e-12,2.728341480492368e-07,116295.64485056362,0.3121064598940738,-5.986074131909848e-13
1879,1.360089854461119e-11,5.865098138451798e-15,ELECTRODE_ATTACHMENT,CONFIRMED,6.760322191253243e-05,41710340.62435307,15.840744253585612,6343068281204371.0,3.247172287009677e-05,2.3460392717140654e-12,2.726737921551378e-07,116227.29228906582,0.3122607068890708,-5.986150421600126e-13
1880,1.3606763642790474e-11,5.865098179285165e-15,ELECTRODE_ATTACHMENT,CONFIRMED,6.760466133423294e-05,41710340.41261956,15.840744173173505,6346792620462736.0,3.2490788685352895e-05,2.346039288051303e-12,2.7251378532376285e-07,116159.08851642534,0.312414790710207,-5.986222011137273e-13
1881,1.3612628741010604e-11,5.865098220128258e-15,ELECTRODE_ATTACHMENT,CONFIRMED,6.760609945811168e-05,41710340.20083589,15.840744092742346,6350513212498460.0,3.250983531766928e-05,2.3460393043924106e-12,2.723541268751891e-07,116091.03324282316,0.3125687111872946,-5.986288903517914e-13
1882,1.3618493839271584e-11,5.865098260981027e-15,ELECTRODE_ATTACHMENT,CONFIRMED,6.760753628630286e-05,41710339.9890022,15.840744012292191,6354230052261884.0,3.252886274119548e-05,2.3460393207373767e-12,2.721948161313001e-07,116023.12617920968,0.3127224681506471,-5.98635110175823e-13
1883,1.3624358937573429e-11,5.865098301843443e-15,ELECTRODE_ATTACHMENT,CONFIRMED,6.760897182093387e-05,41710339.77711871,15.840743931823123,6357943134715280.0,3.254787093014208e-05,2.3460393370861875e-12,2.7203585241578045e-07,115955.36703730324,0.3128760614310817,-5.986408608893994e-13
1884,1.3630224035916144e-11,5.865098342715469e-15,ELECTRODE_ATTACHMENT,CONFIRMED,6.761040606412548e-05,41710339.565185525,15.840743851335189,6361652454832876.0,3.256685985878092e-05,2.346039353438832e-12,2.718772350541089e-07,115887.75552958662,0.3130294908599199,-5.986461427980577e-13
1885,1.363608913429974e-11,5.865098383597081e-15,ELECTRODE_ATTACHMENT,CONFIRMED,6.761183901799164e-05,41710339.35320288,15.840743770828462,6365358007600878.0,3.258582950144515e-05,2.3460393697952928e-12,2.717189633735525e-07,115820.2913693054,0.3131827562689896,-5.986509562092961e-13
1886,1.3641954232724228e-11,5.865098424488233e-15,ELECTRODE_ATTACHMENT,CONFIRMED,6.761327068463965e-05,41710339.14117088,15.840743690302997,6369059788017495.0,3.260477983252934e-05,2.346039386155563e-12,2.715610367031616e-07,115752.97427046466,0.3133358574906229,-5.98655301432577e-13
1887,1.3647819331189616e-11,5.8650984653889085e-15,ELECTRODE_ATTACHMENT,CONFIRMED,6.761470106617012e-05,41710338.92908969,15.840743609758844,6372757791092964.0,3.262371082648966e-05,2.346039402519628e-12,2.714034543737623e-07,115685.80394782676,0.3134887943576603,-5.986591787793283e-13
1888,1.3653684429695917e-11,5.865098506299071e-15,ELECTRODE_ATTACHMENT,CONFIRMED,6.761613016467705e-05,41710338.716959536,15.8407435291961,6376452011849574.0,3.2642622457843946e-05,2.346039418887472e-12,2.71246215717952e-07,115618.78011690915,0.3136415667034505,-5.986625885629444e-13
1889,1.3659549528243132e-11,5.865098547218681e-15,ELECTRODE_ATTACHMENT,CONFIRMED,6.76175579822478e-05,41710338.504780605,15.840743448614834,6380142445321688.0,3.2661514701171885e-05,2.3460394352590785e-12,2.710893200700921e-07,115551.90249398132,0.3137941743618512,-5.986655310987902e-13
1890,1.366541462683128e-11,5.865098588147696e-15,ELECTRODE_ATTACHMENT,CONFIRMED,6.761898452096312e-05,41710338.29255297,15.840743368015064,6383829086555770.0,3.2680387531115093e-05,2.346039451634444e-12,2.7093276676630296e-07,115485.17079606182,0.3139466171672263,-5.986680067041978e-13
1891,1.3671279725460367e-11,5.865098629086111e-15,ELECTRODE_ATTACHMENT,CONFIRMED,6.762040978289716e-05,41710338.08027681,15.840743287396872,6387511930610408.0,3.269924092237724e-05,2.3460394680135535e-12,2.707765551444581e-07,115418.58474091698,0.3140988949544533,-5.986700156984742e-13
1892,1.36771448241304e-11,5.865098670033885e-15,ELECTRODE_ATTACHMENT,CONFIRMED,6.762183377011753e-05,41710337.86795247,15.84074320676038,6391190972556338.0,3.27180748497242e-05,2.346039484396381e-12,2.706206845441775e-07,115352.14404705822,0.3142510075589223,-5.986715584029016e-13
1893,1.3683009922841391e-11,5.865098710990953e-15,ELECTRODE_ATTACHMENT,CONFIRMED,6.762325648468531e-05,41710337.65557989,15.840743126105563,6394866207476468.0,3.273688928798413e-05,2.346039500782932e-12,2.7046515430682277e-07,115285.84843373769,0.3144029548165293,-5.986726351407339e-13
1894,1.3688875021593348e-11,5.8650987519573296e-15,ELECTRODE_ATTACHMENT,CONFIRMED,6.762467792865505e-05,41710337.44315936,15.84074304543254,6398537630465902.0,3.275568421204768e-05,2.3460395171731824e-12,2.703099637754901e-07,115219.69762094851,0.3145547365636892,-5.986732462372069e-13
1895,1.369474012038628e-11,5.865098792932957e-15,ELECTRODE_ATTACHMENT,CONFIRMED,6.762609810407481e-05,41710337.23069104,15.840742964741368,6402205236631965.0,3.277445959686802e-05,2.346039533567119e-12,2.701551122950055e-07,115153.69132942044,0.3147063526373279,-5.986733920195323e-13
1896,1.3700605219220198e-11,5.865098833917797e-15,ELECTRODE_ATTACHMENT,CONFIRMED,6.762751701298616e-05,41710337.01817508,15.840742884032103,6405869021094226.0,3.2793215417460985e-05,2.346039549964733e-12,2.700005992119188e-07,115087.82928061792,0.3148578028748857,-5.986730728169054e-13
1897,1.3706470318095107e-11,5.865098874911832e-15,ELECTRODE_ATTACHMENT,CONFIRMED,6.762893465742422e-05,41710336.80561166,15.840742803304812,6409528978984524.0,3.2811951648905256e-05,2.346039566366009e-12,2.6984642387449735e-07,115022.11119673768,0.3150090871143184,-5.986722889605032e-13
1898,1.3712335417011024e-11,5.8650989159150234e-15,ELECTRODE_ATTACHMENT,CONFIRMED,6.763035103941771e-05,41710336.59300094,15.84074272255956,6413185105446990.0,3.283066826634244e-05,2.3460395827709355e-12,2.6969258563272057e-07,114956.53680070626,0.3151602051940982,-5.986710407834875e-13
1899,1.3718200515967952e-11,5.865098956927339e-15,ELECTRODE_ATTACHMENT,CONFIRMED,6.763176616098884e-05,41710336.38034311,15.840742641796414,6416837395638073.0,3.284936524497717e-05,2.346039599179496e-12,2.6953908383827444e-07,114891.10581617765,0.3153111569532142,-5.986693286210065e-13
1900,1.37240656149659e-11,5.865098997948741e-15,ELECTRODE_ATTACHMENT,CONFIRMED,6.763318002415358e-05,41710336.16763832,15.840742561015436,6420485844726562.0,3.2868042560077286e-05,2.34603961559168e-12,2.693859178445454e-07,114825.81796753046,0.3154619422311731,-5.986671528101966e-13
1901,1.372993071400488e-11,5.865099038979201e-15,ELECTRODE_ATTACHMENT,CONFIRMED,6.763459263092137e-05,41710335.95488678,15.8407424802167,6424130447893613.0,3.2886700186973915e-05,2.346039632007473e-12,2.692330870066147e-07,114760.67297986598,0.3156125608680007,-5.98664513690185e-13
1902,1.3735795813084898e-11,5.8650990800186826e-15,ELECTRODE_ATTACHMENT,CONFIRMED,6.763600398329545e-05,41710335.74208853,15.840742399400224,6427771200332771.0,3.290533810106163e-05,2.346039648426869e-12,2.690805906812529e-07,114695.67057900502,0.3157630127042396,-5.986614116020888e-13
1903,1.3741660912205964e-11,5.865099121067173e-15,ELECTRODE_ATTACHMENT,CONFIRMED,6.763741408327261e-05,41710335.52924391,15.84074231856614,6431408097249994.0,3.2923956277798514e-05,2.346039664849844e-12,2.689284282269143e-07,114630.81049148703,0.3159132975809577,-5.986578468890208e-13
1904,1.374752601136809e-11,5.865099162124611e-15,ELECTRODE_ATTACHMENT,CONFIRMED,6.763882293284338e-05,41710335.31635295,15.840742237714457,6435041133863678.0,3.294255469270636e-05,2.3460396812763946e-12,2.6877659900373054e-07,114566.09244456555,0.3160634153397386,-5.986538198960873e-13
1905,1.375339111057128e-11,5.865099203190987e-15,ELECTRODE_ATTACHMENT,CONFIRMED,6.764023053399201e-05,41710335.1034159,15.84074215684527,6438670305404682.0,3.296113332137074e-05,2.3460396977065014e-12,2.686251023735062e-07,114501.51616620776,0.3162133658226919,-5.986493309703935e-13
1906,1.3759256209815546e-11,5.865099244266254e-15,ELECTRODE_ATTACHMENT,CONFIRMED,6.764163688869644e-05,41710334.89043293,15.840742075958644,6442295607116351.0,3.297969213944114e-05,2.3460397141401507e-12,2.68473937699712e-07,114437.08138509096,0.3163631488724484,-5.98644380461042e-13
1907,1.3765121309100896e-11,5.865099285350377e-15,ELECTRODE_ATTACHMENT,CONFIRMED,6.764304199892843e-05,41710334.677404165,15.840741995054625,6445917034254540.0,3.29982311226311e-05,2.346039730577335e-12,2.683231043474798e-07,114372.78783060012,0.316512764332161,-5.986389687191373e-13
1908,1.3770986408427339e-11,5.8650993264433385e-15,ELECTRODE_ATTACHMENT,CONFIRMED,6.764444586665343e-05,41710334.46432981,15.840741914133291,6449534582087639.0,3.301675024671833e-05,2.3460397470180367e-12,2.681726016835971e-07,114308.6352328264,0.3166622120455094,-5.986330960977856e-13
1909,1.3776851507794886e-11,5.865099367545093e-15,ELECTRODE_ATTACHMENT,CONFIRMED,6.764584849383076e-05,41710334.25121003,15.840741833194706,6453148245896596.0,3.3035249487544845e-05,2.346039763462244e-12,2.680224290765009e-07,114244.62332256389,0.3168114918566974,-5.986267629520983e-13
1910,1.3782716607203542e-11,5.865099408655611e-15,ELECTRODE_ATTACHMENT,CONFIRMED,6.764724988241347e-05,41710334.03804492,15.840741752238904,6456758020974943.0,3.305372882101702e-05,2.3460397799099497e-12,2.678725858962732e-07,114180.75183130744,0.316960603610453,-5.986199696391907e-13
1911,1.3788581706653316e-11,5.865099449774875e-15,ELECTRODE_ATTACHMENT,CONFIRMED,6.764865003434849e-05,41710333.82483476,15.840741671265995,6460363902628819.0,3.307218822310585e-05,2.3460397963611306e-12,2.6772307151463397e-07,114117.0204912512,0.3171095471520358,-5.986127165181906e-13
1912,1.3794446806144218e-11,5.865099490902826e-15,ELECTRODE_ATTACHMENT,CONFIRMED,6.765004895157663e-05,41710333.61157964,15.840741590276014,6463965886176993.0,3.3090627669846914e-05,2.34603981281578e-12,2.675738853049373e-07,114053.42903528472,0.317258322327228,-5.986050039502309e-13
1913,1.3800311905676258e-11,5.865099532039451e-15,ELECTRODE_ATTACHMENT,CONFIRMED,6.76514466360325e-05,41710333.39827981,15.84074150926905,6467563966950890.0,3.310904713734062e-05,2.346039829273882e-12,2.6742502664216465e-07,113989.97719699192,0.3174069289823436,-5.985968322984587e-13
1914,1.3806177005249442e-11,5.8650995731847055e-15,ELECTRODE_ATTACHMENT,CONFIRMED,6.765284308964466e-05,41710333.18493533,15.840741428245128,6471158140294616.0,3.312744660175228e-05,2.346039845735427e-12,2.672764949029201e-07,113926.66471064788,0.3175553669642238,-5.985882019280335e-13
1915,1.381204210486378e-11,5.865099614338569e-15,ELECTRODE_ATTACHMENT,CONFIRMED,6.765423831433551e-05,41710332.97154643,15.840741347204338,6474748401564979.0,3.314582603931225e-05,2.346039862200401e-12,2.671282894654243e-07,113863.49131121708,0.3177036361202412,-5.985791132061312e-13
1916,1.381790720451928e-11,5.865099655501003e-15,ELECTRODE_ATTACHMENT,CONFIRMED,6.765563231202147e-05,41710332.758113295,15.840741266146749,6478334746131515.0,3.316418542631601e-05,2.346039878668787e-12,2.6698040970950976e-07,113800.45673435116,0.3178517362982999,-5.985695665019432e-13
1917,1.3823772304215952e-11,5.865099696671969e-15,ELECTRODE_ATTACHMENT,CONFIRMED,6.765702508461279e-05,41710332.54463608,15.840741185072416,6481917169376514.0,3.3182524739124347e-05,2.3460398951405763e-12,2.668328550166148e-07,113737.56071638584,0.3179996673468343,-5.985595621866817e-13
1918,1.3829637403953804e-11,5.8650997378514425e-15,ELECTRODE_ATTACHMENT,CONFIRMED,6.765841663401384e-05,41710332.331114896,15.84074110398139,6485495666695041.0,3.320084395416348e-05,2.3460399116157568e-12,2.6668562476977827e-07,113674.80299433925,0.3181474291148116,-5.985491006335777e-13
1919,1.3835502503732842e-11,5.865099779039392e-15,ELECTRODE_ATTACHMENT,CONFIRMED,6.765980696212283e-05,41710332.11754997,15.840741022873743,6489070233494961.0,3.321914304792508e-05,2.346039928094313e-12,2.665387183536345e-07,113612.1833059098,0.3182950214517333,-5.985381822178869e-13
1920,1.384136760355308e-11,5.865099820235784e-15,ELECTRODE_ATTACHMENT,CONFIRMED,6.766119607083204e-05,41710331.903941534,15.84074094174958,6492640865196965.0,3.323742199696654e-05,2.346039944576228e-12,2.663921351544079e-07,113549.70138947362,0.3184424442076361,-5.98526807316888e-13
1921,1.384723270341452e-11,5.865099861440571e-15,ELECTRODE_ATTACHMENT,CONFIRMED,6.766258396202779e-05,41710331.69028965,15.840740860608912,6496207557234593.0,3.325568077791101e-05,2.346039961061495e-12,2.6624587455990684e-07,113487.3569840816,0.3185896972330887,-5.985149763098863e-13
1922,1.3853097803317171e-11,5.865099902653738e-15,ELECTRODE_ATTACHMENT,CONFIRMED,6.766397063759041e-05,41710331.476594456,15.840740779451798,6499770305054257.0,3.327391936744755e-05,2.346039977550103e-12,2.6609993595951925e-07,113425.14982945824,0.3187367803791972,-5.985026895782144e-13
1923,1.3858962903261048e-11,5.8650999438752585e-15,ELECTRODE_ATTACHMENT,CONFIRMED,6.76653560993943e-05,41710331.262856185,15.840740698278324,6503329104115267.0,3.3292137742331205e-05,2.3460399940420357e-12,2.659543187442071e-07,113363.079665999,0.3188836934976055,-5.984899475052378e-13
1924,1.3864828003246154e-11,5.865099985105089e-15,ELECTRODE_ATTACHMENT,CONFIRMED,6.766674034930794e-05,41710331.049075074,15.840740617088578,6506883949889854.0,3.33103358793832e-05,2.3460400105372737e-12,2.658090223065007e-07,113301.14623476817,0.3190304364404954,-5.984767504763515e-13
1925,1.3870693103272495e-11,5.865100026343186e-15,ELECTRODE_ATTACHMENT,CONFIRMED,6.76681233891939e-05,41710330.8352512,15.840740535882592,6510434837863196.0,3.3328513755491054e-05,2.3460400270358122e-12,2.6566404604049365e-07,113239.34927749564,0.3191770090605844,-5.984630988789841e-13
1926,1.3876558203340086e-11,5.865100067589531e-15,ELECTRODE_ATTACHMENT,CONFIRMED,6.766950522090891e-05,41710330.62138467,15.840740454660407,6513981763533440.0,3.334667134760863e-05,2.3460400435376418e-12,2.6551938934183774e-07,113177.6885365757,0.3193234112111298,-5.984489931026005e-13
1927,1.3882423303448932e-11,5.8651001088441056e-15,ELECTRODE_ATTACHMENT,CONFIRMED,6.767088584630378e-05,41710330.40747582,15.84074037342215,6517524722411727.0,3.336480863275636e-05,2.3460400600427364e-12,2.653750516077374e-07,113116.16375506532,0.3194696427459327,-5.984344335387043e-13
1928,1.3888288403599038e-11,5.8651001501068415e-15,ELECTRODE_ATTACHMENT,CONFIRMED,6.76722652672235e-05,41710330.19352473,15.840740292167856,6521063710022217.0,3.338292558802127e-05,2.346040076551091e-12,2.6523103223694485e-07,113054.77467668008,0.3196157035193305,-5.984194205808372e-13
1929,1.3894153503790416e-11,5.865100191377728e-15,ELECTRODE_ATTACHMENT,CONFIRMED,6.767364348550723e-05,41710329.97953156,15.840740210897568,6524598721902113.0,3.340102219055719e-05,2.3460400930626935e-12,2.650873306297545e-07,112993.52104579334,0.3197615933862034,-5.984039546245808e-13
1930,1.3900018604023072e-11,5.8651002326567366e-15,ELECTRODE_ATTACHMENT,CONFIRMED,6.76750205029883e-05,41710329.76549643,15.840740129611357,6528129753601684.0,3.3419098417584866e-05,2.3460401095775338e-12,2.649439461879976e-07,112932.40260743356,0.3199073122019746,-5.983880360675626e-13
1931,1.3905883704297017e-11,5.865100273943835e-15,ELECTRODE_ATTACHMENT,CONFIRMED,6.767639632149429e-05,41710329.55141954,15.840740048309282,6531656800684290.0,3.3437154246392004e-05,2.3460401260955955e-12,2.6480087831503786e-07,112871.41910728252,0.3200528598226106,-5.983716653094534e-13
1932,1.3911748804612254e-11,5.865100315238989e-15,ELECTRODE_ATTACHMENT,CONFIRMED,6.767777094284699e-05,41710329.337301135,15.840739966991435,6535179858726407.0,3.345518965433348e-05,2.3460401426168614e-12,2.6465812641576556e-07,112810.5702916728,0.3201982361046237,-5.98354842751972e-13
1933,1.3917613904968796e-11,5.865100356542154e-15,ELECTRODE_ATTACHMENT,CONFIRMED,6.767914436886239e-05,41710329.123141326,15.84073988565787,6538698923317651.0,3.347320461883144e-05,2.346040159141321e-12,2.6451568989659244e-07,112749.85590758528,0.3203434409050682,-5.983375687988856e-13
1934,1.392347900536665e-11,5.865100397853304e-15,ELECTRODE_ATTACHMENT,CONFIRMED,6.768051660135082e-05,41710328.908940256,15.840739804308631,6542213990060800.0,3.3491199117375395e-05,2.3460401756689666e-12,2.643735681654469e-07,112689.27570264717,0.3204884740815451,-5.983198438560116e-13
1935,1.3929344105805822e-11,5.865100439172416e-15,ELECTRODE_ATTACHMENT,CONFIRMED,6.768188764211681e-05,41710328.694698125,15.840739722943804,6545725054571821.0,3.350917312752239e-05,2.346040192199779e-12,2.6423176063176896e-07,112628.82942513036,0.3206333354922032,-5.98301668331221e-13
1936,1.3935209206286322e-11,5.865100480499448e-15,ELECTRODE_ATTACHMENT,CONFIRMED,6.768325749295924e-05,41710328.48041513,15.840739641563452,6549232112479893.0,3.35271266268971e-05,2.346040208733745e-12,2.640902667065044e-07,112568.51682394858,0.3207780249957377,-5.982830426344386e-13
1937,1.3941074306808156e-11,5.865100521834363e-15,ELECTRODE_ATTACHMENT,CONFIRMED,6.76846261556713e-05,41710328.26609136,15.840739560167616,6552735159427433.0,3.354505959319196e-05,2.346040225270859e-12,2.6394908580210054e-07,112508.33764865504,0.3209225424513911,-5.982639671776458e-13
1938,1.3946939407371331e-11,5.865100563177147e-15,ELECTRODE_ATTACHMENT,CONFIRMED,6.76859936320405e-05,41710328.05172698,15.840739478756362,6556234191070117.0,3.35629720041673e-05,2.3460402418111035e-12,2.638082173325006e-07,112448.29164944123,0.3210668877189566,-5.982444423748825e-13
1939,1.3952804507975859e-11,5.865100604527759e-15,ELECTRODE_ATTACHMENT,CONFIRMED,6.768735992384865e-05,41710327.83732228,15.840739397329788,6559729203076906.0,3.358086383765143e-05,2.346040258354462e-12,2.636676607131392e-07,112388.37857713424,0.3212110606587778,-5.982244686422501e-13
1940,1.3958669608621748e-11,5.865100645886155e-15,ELECTRODE_ATTACHMENT,CONFIRMED,6.768872503287207e-05,41710327.62287725,15.840739315887898,6563220191130071.0,3.359873507154084e-05,2.3460402749009315e-12,2.6352741536093633e-07,112328.5981831938,0.3213550611317452,-5.982040463979094e-13
1941,1.3964534709309e-11,5.865100687252329e-15,ELECTRODE_ATTACHMENT,CONFIRMED,6.76900889608813e-05,41710327.4083922,15.840739234430814,6566707150925217.0,3.361658568380022e-05,2.3460402914504887e-12,2.633874806942937e-07,112268.95021971205,0.321498888999306,-5.981831760620888e-13
1942,1.3970399810037626e-11,5.8651007286262244e-15,ELECTRODE_ATTACHMENT,CONFIRMED,6.769145170964137e-05,41710327.193867214,15.840739152958562,6570190078171306.0,3.3634415652462695e-05,2.3460403080031277e-12,2.6324785613308855e-07,112209.43443940932,0.3216425441234561,-5.981618580570805e-13
1943,1.3976264910807634e-11,5.8651007700078204e-15,ELECTRODE_ATTACHMENT,CONFIRMED,6.769281328091175e-05,41710326.979302585,15.840739071471251,6573668968590682.0,3.3652224955629864e-05,2.3460403245588265e-12,2.631085410986692e-07,112150.05059563364,0.3217860263667469,-5.981400928072461e-13
1944,1.3982130011619031e-11,5.865100811397067e-15,ELECTRODE_ATTACHMENT,CONFIRMED,6.769417367644625e-05,41710326.7646983,15.84073898996888,6577143817919096.0,3.367001357147198e-05,2.3460403411175857e-12,2.6296953501384993e-07,112090.79844235705,0.3219293355922799,-5.98117880739016e-13
1945,1.3987995112471823e-11,5.865100852793965e-15,ELECTRODE_ATTACHMENT,CONFIRMED,6.769553289799328e-05,41710326.55005463,15.840738908451556,6580614621905729.0,3.368778147822801e-05,2.346040357679383e-12,2.628308373029061e-07,112031.67773417536,0.3220724716637162,-5.980952222808934e-13
1946,1.3993860213366024e-11,5.865100894198458e-15,ELECTRODE_ATTACHMENT,CONFIRMED,6.769689094729552e-05,41710326.33537177,15.840738826919344,6584081376313218.0,3.370552865420587e-05,2.346040374244205e-12,2.626924473915691e-07,111972.6882263045,0.3222154344452704,-5.980721178634562e-13
1947,1.3999725314301631e-11,5.865100935610513e-15,ELECTRODE_ATTACHMENT,CONFIRMED,6.769824782609034e-05,41710326.120649785,15.840738745372274,6587544076917678.0,3.372325507778239e-05,2.3460403908120455e-12,2.625543647070217e-07,111913.82967457884,0.3223582238017117,-5.980485679193557e-13
1948,1.4005590415278663e-11,5.865100977030115e-15,ELECTRODE_ATTACHMENT,CONFIRMED,6.769960353610944e-05,41710325.90588888,15.840738663810422,6591002719508728.0,3.3740960727403616e-05,2.3460404073828897e-12,2.6241658867789254e-07,111855.10183544947,0.3225008395983689,-5.980245728833236e-13
1949,1.401145551629712e-11,5.865101018457225e-15,ELECTRODE_ATTACHMENT,CONFIRMED,6.77009580790792e-05,41710325.69108931,15.840738582233888,6594457299889515.0,3.375864558158478e-05,2.3460404239567187e-12,2.6227911873425185e-07,111796.50446598211,0.3226432817011297,-5.98000133192171e-13
1950,1.4017320617357012e-11,5.865101059891796e-15,ELECTRODE_ATTACHMENT,CONFIRMED,6.770231145672041e-05,41710325.47625106,15.840738500642663,6597907813876739.0,3.377630961891053e-05,2.34604044053353e-12,2.621419543076061e-07,111738.03732385385,0.3227855499764366,-5.97975249284789e-13
1951,1.4023185718458347e-11,5.865101101333826e-15,ELECTRODE_ATTACHMENT,CONFIRMED,6.77036636707485e-05,41710325.261374496,15.840738419036892,6601354257300674.0,3.379395281803498e-05,2.3460404571132987e-12,2.620050948308937e-07,111679.70016735328,0.3229276442912974,-5.979499216021561e-13
1952,1.4029050819601132e-11,5.865101142783248e-15,ELECTRODE_ATTACHMENT,CONFIRMED,6.770501472287335e-05,41710325.04645968,15.840738337416589,6604796626005197.0,3.3811575157681924e-05,2.3460404736960203e-12,2.6186853973847905e-07,111621.49275537596,0.3230695645132757,-5.979241505873325e-13
1953,1.403491592078537e-11,5.86510118424005e-15,ELECTRODE_ATTACHMENT,CONFIRMED,6.770636461479961e-05,41710324.83150677,15.840738255781812,6608234915847810.0,3.382917661664485e-05,2.3460404902816802e-12,2.617322884661492e-07,111563.41484742406,0.3232113105104982,-5.978979366854687e-13
1954,1.4040781022011072e-11,5.8651012257042015e-15,ELECTRODE_ATTACHMENT,CONFIRMED,6.770771334822635e-05,41710324.616515934,15.840738174132644,6611669122699663.0,3.384675717378714e-05,2.3460405068702664e-12,2.61596340451108e-07,111505.46620360378,0.3233528821516538,-5.97871280343804e-13
1955,1.4046646123278247e-11,5.865101267175667e-15,ELECTRODE_ATTACHMENT,CONFIRMED,6.770906092484735e-05,41710324.4014874,15.840738092469152,6615099242445581.0,3.386431680804219e-05,2.346040523461763e-12,2.61460695131971e-07,111447.64658462322,0.3234942793059952,-5.978441820116709e-13
1956,1.4052511224586903e-11,5.865101308654407e-15,ELECTRODE_ATTACHMENT,CONFIRMED,6.771040734635103e-05,41710324.18642124,15.84073801079137,6618525270984086.0,3.388185549841351e-05,2.3460405400561625e-12,2.613253519487618e-07,111389.95575179016,0.3236355018433365,-5.978166421404933e-13
1957,1.4058376325937044e-11,5.865101350140407e-15,ELECTRODE_ATTACHMENT,CONFIRMED,6.771175261442044e-05,41710323.971317686,15.840737929099388,6621947204227424.0,3.3899373223974846e-05,2.346040556653447e-12,2.611903103429064e-07,111332.39346701073,0.3237765496340595,-5.977886611837938e-13
1958,1.4064241427328678e-11,5.8651013916336185e-15,ELECTRODE_ATTACHMENT,CONFIRMED,6.771309673073327e-05,41710323.75617689,15.840737847393262,6625365038101586.0,3.391686996387035e-05,2.3460405732536047e-12,2.610555697572284e-07,111274.95949278644,0.3239174225491092,-5.977602395971909e-13
1959,1.4070106528761811e-11,5.865101433134014e-15,ELECTRODE_ATTACHMENT,CONFIRMED,6.771443969696196e-05,41710323.54099901,15.840737765673056,6628778768546336.0,3.393434569731462e-05,2.3460405898566266e-12,2.60921129635945e-07,111217.65359221288,0.3240581204599974,-5.977313778384034e-13
1960,1.4075971630236452e-11,5.865101474641566e-15,ELECTRODE_ATTACHMENT,CONFIRMED,6.771578151477358e-05,41710323.32578424,15.840737683938835,6632188391515232.0,3.395180040359294e-05,2.346040606462493e-12,2.607869894246612e-07,111160.4755289774,0.3241986432388039,-5.977020763672523e-13
1961,1.4081836731752608e-11,5.865101516156232e-15,ELECTRODE_ATTACHMENT,CONFIRMED,6.771712218582992e-05,41710323.11053271,15.840737602190654,6635593902975652.0,3.396923406206128e-05,2.3460406230711965e-12,2.6065314857036613e-07,111103.42506735696,0.3243389907581749,-5.976723356456619e-13
1962,1.4087701833310288e-11,5.865101557677992e-15,ELECTRODE_ATTACHMENT,CONFIRMED,6.771846171178758e-05,41710322.89524456,15.840737520428569,6638995298908819.0,3.3986646652146526e-05,2.3460406396827256e-12,2.605196065214274e-07,111046.50197221633,0.3244791628913255,-5.976421561376621e-13
1963,1.4093566934909491e-11,5.865101599206815e-15,ELECTRODE_ATTACHMENT,CONFIRMED,6.771980009429781e-05,41710322.679919966,15.84073743865264,6642392575309825.0,3.400403815334654e-05,2.346040656297068e-12,2.60386362727587e-07,110989.706009006,0.3246191595120409,-5.976115383093926e-13
1964,1.4099432036550236e-11,5.865101640742669e-15,ELECTRODE_ATTACHMENT,CONFIRMED,6.772113733500667e-05,41710322.46455922,15.84073735686298,6645785728187654.0,3.402140854523032e-05,2.3460406729141986e-12,2.6025341663995644e-07,110933.0369437609,0.3247589804946793,-5.975804826291038e-13
1965,1.4105297138232522e-11,5.865101682285497e-15,ELECTRODE_ATTACHMENT,CONFIRMED,6.772247343555495e-05,41710322.24916233,15.840737275059595,6649174753565207.0,3.403875780743808e-05,2.346040689534119e-12,2.601207677110121e-07,110876.49454309652,0.3248986257141642,-5.975489895671539e-13
1966,1.4111162239956358e-11,5.865101723835297e-15,ELECTRODE_ATTACHMENT,CONFIRMED,6.772380839757833e-05,41710322.03372951,15.840737193242564,6652559647479329.0,3.4056085919681445e-05,2.346040706156812e-12,2.599884153945904e-07,110820.07857420892,0.3250380950459952,-5.975170595960193e-13
1967,1.4117027341721748e-11,5.865101765392029e-15,ELECTRODE_ATTACHMENT,CONFIRMED,6.77251422227072e-05,41710321.81826092,15.840737111411949,6655940405980829.0,3.407339286174352e-05,2.3460407227822653e-12,2.598563591458833e-07,110763.78880487166,0.3251773883662436,-5.974846931902912e-13
1968,1.4122892443528706e-11,5.8651018069556645e-15,ELECTRODE_ATTACHMENT,CONFIRMED,6.772647491256679e-05,41710321.60275671,15.840737029567808,6659317025134507.0,3.409067861347903e-05,2.3460407394104665e-12,2.5972459842143373e-07,110707.62500343432,0.3253165055515546,-5.974518908266794e-13
1969,1.4128757545377232e-11,5.8651018485261675e-15,ELECTRODE_ATTACHMENT,CONFIRMED,6.77278064687772e-05,41710321.387217104,15.84073694771022,6662689501019179.0,3.410794315481443e-05,2.3460407560413992e-12,2.59593132679131e-07,110651.58693882047,0.3254554464791484,-5.974186529840143e-13
1970,1.4134622647267336e-11,5.865101890103499e-15,ELECTRODE_ATTACHMENT,CONFIRMED,6.772913689295337e-05,41710321.17164218,15.840736865839222,6666057829727700.0,3.412518646574809e-05,2.346040772675058e-12,2.5946196137820576e-07,110595.67438052491,0.3255942110268182,-5.973849801432481e-13
1971,1.4140487749199024e-11,5.865101931687646e-15,ELECTRODE_ATTACHMENT,CONFIRMED,6.77304661867051e-05,41710320.956032254,15.840736783954933,6669422007366989.0,3.4142408526350314e-05,2.3460407893114173e-12,2.5933108397922614e-07,110539.88709861349,0.3257327990729377,-5.9735087278746e-13
1972,1.4146352851172305e-11,5.865101973278544e-15,ELECTRODE_ATTACHMENT,CONFIRMED,6.77317943516371e-05,41710320.74038728,15.840736702057328,6672782030058053.0,3.4159609316763605e-05,2.346040805950482e-12,2.592004999440923e-07,110484.22486371844,0.3258712104964509,-5.973163314018513e-13
1973,1.415221795318718e-11,5.865102014876206e-15,ELECTRODE_ATTACHMENT,CONFIRMED,6.773312138934893e-05,41710320.52470757,15.840736620146536,6676137893936012.0,3.4176788817202644e-05,2.3460408225922255e-12,2.5907020873603284e-07,110428.68744703969,0.3260094451768859,-5.972813564737564e-13
1974,1.415808305524366e-11,5.865102056480566e-15,ELECTRODE_ATTACHMENT,CONFIRMED,6.773444730143511e-05,41710320.308993295,15.840736538222613,6679489595150124.0,3.4193947007954513e-05,2.346040839236637e-12,2.589402098195993e-07,110373.27462034042,0.3261475029943467,-5.972459484926397e-13
1975,1.4163948157341749e-11,5.8651020980915934e-15,ELECTRODE_ATTACHMENT,CONFIRMED,6.773577208948505e-05,41710320.0932445,15.840736456285583,6682837129863807.0,3.42110838693788e-05,2.3460408558837123e-12,2.588105026606622e-07,110317.98615594562,0.3262853838295146,-5.972101079500966e-13
1976,1.416981325948146e-11,5.865102139709281e-15,ELECTRODE_ATTACHMENT,CONFIRMED,6.773709575508315e-05,41710319.877461456,15.840736374335547,6686180494254667.0,3.42281993819077e-05,2.3460408725334307e-12,2.5868108672640657e-07,110262.8218267414,0.3264230875636548,-5.971738353398601e-13
1977,1.4175678361662792e-11,5.8651021813335774e-15,ELECTRODE_ATTACHMENT,CONFIRMED,6.77384182998087e-05,41710319.66164424,15.840736292372526,6689519684514520.0,3.424529352604616e-05,2.3460408891857865e-12,2.585519614853269e-07,110207.78140617129,0.3265606140786103,-5.971371311577987e-13
1978,1.4181543463885755e-11,5.865102222964467e-15,ELECTRODE_ATTACHMENT,CONFIRMED,6.773973972523602e-05,41710319.44579316,15.840736210396653,6692854696849417.0,3.4262366282372e-05,2.3460409058407543e-12,2.5842312640722323e-07,110152.86466823632,0.3266979632568103,-5.970999959019237e-13
1979,1.418740856615036e-11,5.865102264601887e-15,ELECTRODE_ATTACHMENT,CONFIRMED,6.77410600329344e-05,41710319.229908176,15.840736128407896,6696185527479668.0,3.4279417631536045e-05,2.346040922498339e-12,2.582945809631961e-07,110098.07138749046,0.3268351349812598,-5.970624300723818e-13
1980,1.4193273668456604e-11,5.865102306245848e-15,ELECTRODE_ATTACHMENT,CONFIRMED,6.77423792244681e-05,41710319.01398967,15.840736046406414,6699512172639869.0,3.4296447554262244e-05,2.3460409391585106e-12,2.581663246256429e-07,110043.40133904194,0.326972129135555,-5.970244341714705e-13
1981,1.41991387708045e-11,5.865102347896276e-15,ELECTRODE_ATTACHMENT,CONFIRMED,6.774369730139648e-05,41710318.79803765,15.8407359643922,6702834628578923.0,3.4313456031347784e-05,2.346040955821268e-12,2.580383568682522e-07,109988.8542985482,0.3271089456038698,-5.96986008703628e-13
1982,1.4205003873194054e-11,5.865102389553171e-15,ELECTRODE_ATTACHMENT,CONFIRMED,6.774501426527381e-05,41710318.58205233,15.840735882365342,6706152891560067.0,3.433044304366324e-05,2.346040972486596e-12,2.579106771660006e-07,109934.43004221623,0.327245584270967,-5.969471541754425e-13
1983,1.421086897562527e-11,5.86510243121649e-15,ELECTRODE_ATTACHMENT,CONFIRMED,6.774633011764951e-05,41710318.366033815,15.840735800325875,6709466957860895.0,3.434740857215266e-05,2.346040989154484e-12,2.577832849951475e-07,109880.12834679964,0.3273820450221927,-5.969078710956517e-13
1984,1.4216734078098156e-11,5.8651024728862095e-15,ELECTRODE_ATTACHMENT,CONFIRMED,6.774764486006796e-05,41710318.14998236,15.840735718273905,6712776823773384.0,3.436435259783376e-05,2.3460410058249135e-12,2.576561798332306e-07,109825.94898959732,0.3275183277434833,-5.968681599751484e-13
1985,1.4222599180612718e-11,5.865102514562285e-15,ELECTRODE_ATTACHMENT,CONFIRMED,6.774895849406873e-05,41710317.93389815,15.840735636209487,6716082485603918.0,3.438127510179798e-05,2.3460410224978725e-12,2.575293611590621e-07,109771.89174845112,0.3276544323213604,-5.968280213269766e-13
1986,1.4228464283168964e-11,5.865102556244683e-15,ELECTRODE_ATTACHMENT,CONFIRMED,6.77502710211864e-05,41710317.71778126,15.84073555413266,6719383939673312.0,3.439817606521067e-05,2.3460410391733522e-12,2.574028284527235e-07,109717.95640174377,0.3277903586429334,-5.967874556663385e-13
1987,1.4234329385766896e-11,5.865102597933382e-15,ELECTRODE_ATTACHMENT,CONFIRMED,6.775158244295065e-05,41710317.50163182,15.840735472043471,6722681182316836.0,3.441505546931112e-05,2.346041055851344e-12,2.5727658119556225e-07,109664.14272839754,0.3279261065959004,-5.967464635105944e-13
1988,1.4240194488406524e-11,5.865102639628361e-15,ELECTRODE_ATTACHMENT,CONFIRMED,6.77528927608863e-05,41710317.285450086,15.840735389942022,6725974209884242.0,3.443191329541281e-05,2.3460410725318277e-12,2.571506188701864e-07,109610.45050787264,0.3280616760685532,-5.967050453792678e-13
1989,1.4246059591087854e-11,5.865102681329569e-15,ELECTRODE_ATTACHMENT,CONFIRMED,6.775420197651326e-05,41710317.069236256,15.840735307828377,6729263018739786.0,3.444874952490345e-05,2.3460410892147884e-12,2.570249409604605e-07,109556.87952016469,0.3281970669497714,-5.966632017940442e-13
1990,1.4251924693810891e-11,5.8651027230369726e-15,ELECTRODE_ATTACHMENT,CONFIRMED,6.775551009134665e-05,41710316.85299038,15.840735225702565,6732547605262254.0,3.446556413924513e-05,2.3460411059002226e-12,2.568995469515018e-07,109503.4295458026,0.3283322791290256,-5.96620933278774e-13
1991,1.4257789796575642e-11,5.865102764750556e-15,ELECTRODE_ATTACHMENT,CONFIRMED,6.775681710689668e-05,41710316.63671262,15.840735143564643,6735827965844987.0,3.4482357119974454e-05,2.346041122588116e-12,2.567744363296752e-07,109450.10036584764,0.3284673124963799,-5.965782403594761e-13
1992,1.4263654899382112e-11,5.865102806470289e-15,ELECTRODE_ATTACHMENT,CONFIRMED,6.775812302466878e-05,41710316.42040324,15.84073506141471,6739104096895904.0,3.4499128448702646e-05,2.3460411392784507e-12,2.5664960858258923e-07,109396.89176189149,0.3286021669424932,-5.96535123564341e-13
1993,1.4269520002230307e-11,5.865102848196126e-15,ELECTRODE_ATTACHMENT,CONFIRMED,6.77594278461635e-05,41710316.2040623,15.840734979252796,6742375994837527.0,3.4515878107115725e-05,2.3460411559712188e-12,2.5652506319909146e-07,109343.80351605327,0.328736842358616,-5.964915834237285e-13
1994,1.4275385105120237e-11,5.865102889928047e-15,ELECTRODE_ATTACHMENT,CONFIRMED,6.776073157287665e-05,41710315.98769001,15.840734897078974,6745643656107007.0,3.453260607697455e-05,2.3460411726664066e-12,2.564007996692652e-07,109290.83541097931,0.328871338636595,-5.964476204701757e-13
1995,1.42812502080519e-11,5.8651029316660175e-15,ELECTRODE_ATTACHMENT,CONFIRMED,6.776203420629926e-05,41710315.77128656,15.84073481489332,6748907077156148.0,3.4549312340115e-05,2.346041189364e-12,2.5627681748442376e-07,109237.98722984022,0.3290056556688728,-5.964032352383945e-13
1996,1.4287115311025311e-11,5.8651029734100004e-15,ELECTRODE_ATTACHMENT,CONFIRMED,6.776333574791751e-05,41710315.55485206,15.840734732695871,6752166254451430.0,3.456599687844811e-05,2.3460412060639882e-12,2.5615311613710716e-07,109185.2587563292,0.3291397933484878,-5.963584282652778e-13
1997,1.4292980414040471e-11,5.865103015159969e-15,ELECTRODE_ATTACHMENT,CONFIRMED,6.776463619921284e-05,41710315.338386714,15.840734650486706,6755421184474037.0,3.458265967396016e-05,2.3460412227663586e-12,2.560296951210775e-07,109132.6497746606,0.3292737515690757,-5.963132000898976e-13
1998,1.4298845517097388e-11,5.865103056915897e-15,ELECTRODE_ATTACHMENT,CONFIRMED,6.776593556166204e-05,41710315.12189068,15.840734568265892,6758671863719878.0,3.459930070871284e-05,2.3460412394710945e-12,2.559065539313148e-07,109080.16006956804,0.3294075302248721,-5.962675512535115e-13
1999,1.4304710620196066e-11,5.865103098677738e-15,ELECTRODE_ATTACHMENT,CONFIRMED,6.7767233836737e-05,41710314.905364014,15.840734486033442,6761918288699615.0,3.461591996484335e-05,2.3460412561781957e-12,2.557836920640127e-07,109027.78942630174,0.3295411292107076,-5.962214822995605e-13
2000,1.4310575723336511e-11,5.865103140445489e-15,ELECTRODE_ATTACHMENT,CONFIRMED,6.776853102590502e-05,41710314.6888071,15.8407344037895,6765160455938685.0,3.46325174245645e-05,2.346041272887632e-12,2.556611090165745e-07,108975.53763062884,0.3296745484220189,-5.961749937736778e-13
2001,1.4316440826518731e-11,5.865103182219079e-15,ELECTRODE_ATTACHMENT,CONFIRMED,6.776982713062863e-05,41710314.4722198,15.840734321534024,6768398361977325.0,3.464909307016493e-05,2.346041289599412e-12,2.5553880428760826e-07,108923.40446882827,0.3298077877548351,-5.961280862236813e-13
2002,1.432230592974273e-11,5.865103223998531e-15,ELECTRODE_ATTACHMENT,CONFIRMED,6.777112215236568e-05,41710314.25560254,15.840734239267166,6771632003370599.0,3.466564688400911e-05,2.346041306313504e-12,2.554167773769237e-07,108871.38972769308,0.3299408471057958,-5.960807601995885e-13
2003,1.4328171033008514e-11,5.86510326578376e-15,ELECTRODE_ATTACHMENT,CONFIRMED,6.777241609256934e-05,41710314.03895536,15.840734156988946,6774861376688421.0,3.468217884853758e-05,2.346041323029904e-12,2.552950277855265e-07,108819.49319452474,0.3300737263721362,-5.960330162536066e-13
2004,1.4334036136316088e-11,5.8651033075747615e-15,ELECTRODE_ATTACHMENT,CONFIRMED,6.777370895268808e-05,41710313.82227843,15.840734074699428,6778086478515580.0,3.4698688946267005e-05,2.3460413397486e-12,2.551735550156157e-07,108767.71465713384,0.3302064254516974,-5.959848549401422e-13
2005,1.433990123966546e-11,5.8651033493715e-15,ELECTRODE_ATTACHMENT,CONFIRMED,6.777500073416577e-05,41710313.60557198,15.840733992398697,6781307305451764.0,3.4715177159790346e-05,2.346041356469575e-12,2.550523585705784e-07,108716.05390383751,0.3303389442429242,-5.959362768158024e-13
2006,1.4345766343056634e-11,5.865103391173938e-15,ELECTRODE_ATTACHMENT,CONFIRMED,6.777629143844156e-05,41710313.38883604,15.840733910086772,6784523854111586.0,3.473164347177694e-05,2.3460413731928248e-12,2.549314379549861e-07,108664.51072345726,0.3304712826448644,-5.958872824393941e-13
2007,1.4351631446489616e-11,5.865103432982063e-15,ELECTRODE_ATTACHMENT,CONFIRMED,6.777758106695007e-05,41710313.172070846,15.84073382776373,6787736121124608.0,3.474808786497265e-05,2.3460413899183328e-12,2.5481079267459054e-07,108613.08490531816,0.3306034405571734,-5.958378723719305e-13
2008,1.4357496549964412e-11,5.865103474795833e-15,ELECTRODE_ATTACHMENT,CONFIRMED,6.777886962112118e-05,41710312.95527656,15.840733745429644,6790944103135367.0,3.476451032220004e-05,2.3460414066460848e-12,2.546904222363191e-07,108561.77623924636,0.3307354178801129,-5.957880471766314e-13
2009,1.4363361653481028e-11,5.865103516615213e-15,ELECTRODE_ATTACHMENT,CONFIRMED,6.778015710238029e-05,41710312.73845343,15.840733663084604,6794147796803397.0,3.47809108263584e-05,2.346041423376064e-12,2.5457032614827137e-07,108510.58451556784,0.3308672145145524,-5.957378074189266e-13
2010,1.4369226757039468e-11,5.865103558440159e-15,ELECTRODE_ATTACHMENT,CONFIRMED,6.778144351214808e-05,41710312.52160136,15.840733580728566,6797347198803256.0,3.479728936042397e-05,2.3460414401082758e-12,2.5445050391971455e-07,108459.509525105,0.3309988303619637,-5.95687153666452e-13
2011,1.4375091860639738e-11,5.865103600270689e-15,ELECTRODE_ATTACHMENT,CONFIRMED,6.778272885184075e-05,41710312.30472074,15.840733498361692,6800542305824552.0,3.481364590745e-05,2.3460414568426897e-12,2.543309550610795e-07,108408.55105917818,0.3311302653244365,-5.956360864890661e-13
2012,1.4380956964281843e-11,5.8651036421067255e-15,ELECTRODE_ATTACHMENT,CONFIRMED,6.778401312286987e-05,41710312.08781169,15.840733415984024,6803733114571965.0,3.482998045056692e-05,2.3460414735792975e-12,2.5421167908395664e-07,108357.70890960089,0.3312615193046646,-5.955846064588378e-13
2013,1.4386822067965792e-11,5.865103683948246e-15,ELECTRODE_ATTACHMENT,CONFIRMED,6.77852963266425e-05,41710311.870874375,15.840733333595612,6806919621765273.0,3.484629297298246e-05,2.346041490318089e-12,2.540926755010916e-07,108306.98286867909,0.3313925922059531,-5.955327141500553e-13
2014,1.4392687171691587e-11,5.865103725795223e-15,ELECTRODE_ATTACHMENT,CONFIRMED,6.778657846456113e-05,41710311.65390888,15.840733251196502,6810101824139377.0,3.486258345798172e-05,2.3460415070590527e-12,2.5397394382638197e-07,108256.3727292098,0.3315234839322179,-5.954804101392285e-13
2015,1.4398552275459236e-11,5.8651037676476325e-15,ELECTRODE_ATTACHMENT,CONFIRMED,6.778785953802372e-05,41710311.43691544,15.84073316878678,6813279718444326.0,3.487885188892742e-05,2.346041523802174e-12,2.538554835748718e-07,108205.87828447904,0.3316541943879889,-5.954276950050917e-13
2016,1.440441737926874e-11,5.865103809505435e-15,ELECTRODE_ATTACHMENT,CONFIRMED,6.778913954842372e-05,41710311.219894096,15.84073308636646,6816453301445342.0,3.489509824925988e-05,2.3460415405474477e-12,2.5373729426274933e-07,108155.4993282599,0.3317847234784057,-5.953745693286022e-13
2017,1.441028248312011e-11,5.865103851368619e-15,ELECTRODE_ATTACHMENT,CONFIRMED,6.779041849715005e-05,41710311.002845146,15.840733003935656,6819622569922844.0,3.4911322522497274e-05,2.346041557294852e-12,2.536193754073412e-07,108105.2356548116,0.3319150711092263,-5.953210336929495e-13
2018,1.4416147587013346e-11,5.865103893237131e-15,ELECTRODE_ATTACHMENT,CONFIRMED,6.779169638558718e-05,41710310.78576869,15.840732921494409,6822787520672473.0,3.4927524692235656e-05,2.3460415740443795e-12,2.5350172652710993e-07,108055.08705887686,0.3320452371868194,-5.952670886835514e-13
2019,1.4422012690948456e-11,5.865103935110949e-15,ELECTRODE_ATTACHMENT,CONFIRMED,6.779297321511507e-05,41710310.56866493,15.840732839042788,6825948150505119.0,3.4943704742149174e-05,2.3460415907960127e-12,2.533843471416487e-07,108005.05333568071,0.3321752216181715,-5.952127348880593e-13
2020,1.4427877794925447e-11,5.865103976990033e-15,ELECTRODE_ATTACHMENT,CONFIRMED,6.779424898710919e-05,41710310.35153394,15.840732756580833,6829104456246943.0,3.495986265599014e-05,2.3460416075497482e-12,2.532672367716781e-07,107955.13428092837,0.3323050243108831,-5.951579728963601e-13
2021,1.4433742898944322e-11,5.8651040188743695e-15,ELECTRODE_ATTACHMENT,CONFIRMED,6.779552370294062e-05,41710310.13437597,15.84073267410862,6832256434739404.0,3.497599841758919e-05,2.346041624305566e-12,2.531503949390417e-07,107905.32969080412,0.3324346451731739,-5.951028033005796e-13
2022,1.4439608003005083e-11,5.865104060763916e-15,ELECTRODE_ATTACHMENT,CONFIRMED,6.779679736397588e-05,41710309.917191096,15.840732591626194,6835404082839282.0,3.499211201085539e-05,2.34604164106346e-12,2.530338211667024e-07,107855.63936196898,0.3325640841138797,-5.950472266950827e-13
2023,1.4445473107107743e-11,5.86510410265865e-15,ELECTRODE_ATTACHMENT,CONFIRMED,6.779806997157719e-05,41710309.69997955,15.84073250913364,6838547397418706.0,3.5008203419776365e-05,2.3460416578234105e-12,2.5291751497873815e-07,107806.0630915598,0.3326933410424573,-5.9499124367648e-13
2024,1.4451338211252302e-11,5.865104144558527e-15,ELECTRODE_ATTACHMENT,CONFIRMED,6.779934152710226e-05,41710309.4827414,15.840732426630982,6841686375365176.0,3.5024272628418446e-05,2.346041674585416e-12,2.528014759003382e-07,107756.60067718636,0.3328224158689794,-5.94934854843623e-13
2025,1.4457203315438766e-11,5.86510418646354e-15,ELECTRODE_ATTACHMENT,CONFIRMED,6.78006120319044e-05,41710309.265476875,15.840732344118305,6844821013581589.0,3.504031962092677e-05,2.346041691349456e-12,2.526857034577991e-07,107707.25191693116,0.3329513085041429,-5.948780607976168e-13
2026,1.446306841966714e-11,5.865104228373641e-15,ELECTRODE_ATTACHMENT,CONFIRMED,6.780188148733253e-05,41710309.04818615,15.840732261595685,6847951308986264.0,3.505634438152544e-05,2.3460417081155168e-12,2.525701971785205e-07,107658.01660934674,0.3330800188592648,-5.94820862141814e-13
2027,1.4468933523937429e-11,5.865104270288793e-15,ELECTRODE_ATTACHMENT,CONFIRMED,6.780314989473123e-05,41710308.830869325,15.840732179063146,6851077258512969.0,3.507234689451764e-05,2.3460417248835923e-12,2.524549565910016e-07,107608.89455345394,0.3332085468462822,-5.947632594818197e-13
2028,1.4474798628249635e-11,5.86510431220898e-15,ELECTRODE_ATTACHMENT,CONFIRMED,6.780441725544064e-05,41710308.61352662,15.840732096520778,6854198859110942.0,3.5088327144285735e-05,2.3460417416536654e-12,2.52339981224837e-07,107559.88554874087,0.3333368923777571,-5.947052534254962e-13
2029,1.4480663732603771e-11,5.865104354134164e-15,ELECTRODE_ATTACHMENT,CONFIRMED,6.780568357079653e-05,41710308.396158144,15.840732013968625,6857316107744920.0,3.5104285115291444e-05,2.3460417584257277e-12,2.522252706107128e-07,107510.98939516078,0.3334650553668741,-5.946468445829636e-13
2030,1.4486528836999835e-11,5.86510439606432e-15,ELECTRODE_ATTACHMENT,CONFIRMED,6.780694884213034e-05,41710308.17876403,15.840731931406737,6860429001395161.0,3.512022079207596e-05,2.346041775199767e-12,2.521108242804025e-07,107462.2058931304,0.3335930357274422,-5.945880335666011e-13
2031,1.4492393941437836e-11,5.8651044379994185e-15,ELECTRODE_ATTACHMENT,CONFIRMED,6.780821307076924e-05,41710307.96134449,15.840731848835189,6863537537057471.0,3.513613415926002e-05,2.3460417919757707e-12,2.5199664176676384e-07,107413.53484352869,0.3337208333738966,-5.945288209910535e-13
2032,1.4498259045917776e-11,5.8651044799394255e-15,ELECTRODE_ATTACHMENT,CONFIRMED,6.780947625803595e-05,41710307.74389968,15.840731766254043,6866641711743229.0,3.515202520154416e-05,2.346041808753721e-12,2.518827226037336e-07,107364.9760476947,0.333848448221299,-5.944692074732305e-13
2033,1.450412415043966e-11,5.8651045218843045e-15,ELECTRODE_ATTACHMENT,CONFIRMED,6.781073840524895e-05,41710307.526429765,15.840731683663366,6869741522479412.0,3.516789390370868e-05,2.346041825533611e-12,2.5176906632632525e-07,107316.52930742611,0.3339758801853365,-5.944091936323099e-13
2034,1.4509989255003492e-11,5.865104563834028e-15,ELECTRODE_ATTACHMENT,CONFIRMED,6.781199951372239e-05,41710307.308934815,15.840731601063183,6872836966308618.0,3.51837402506139e-05,2.346041842315433e-12,2.5165567247062404e-07,107268.1944249774,0.3341031291823233,-5.943487800897389e-13
2035,1.451585435960928e-11,5.8651046057885814e-15,ELECTRODE_ATTACHMENT,CONFIRMED,6.781325958476613e-05,41710307.09141513,15.840731518453602,6875928040289095.0,3.519956422720026e-05,2.3460418590991635e-12,2.5154254057378297e-07,107219.97120305889,0.3342301951292063,-5.942879674692426e-13
2036,1.4521719464257027e-11,5.865104647747909e-15,ELECTRODE_ATTACHMENT,CONFIRMED,6.781451861968571e-05,41710306.87387076,15.840731435834646,6879014741494763.0,3.52153658184884e-05,2.3460418758847983e-12,2.5142967017402016e-07,107171.85944483394,0.3343570779435572,-5.942267563968175e-13
2037,1.4527584568946739e-11,5.865104689711996e-15,ELECTRODE_ATTACHMENT,CONFIRMED,6.781577661978248e-05,41710306.656301856,15.840731353206378,6882097067015241.0,3.5231145009579345e-05,2.3460418926723267e-12,2.513170608106137e-07,107123.85895391824,0.3344837775435798,-5.941651475007413e-13
2038,1.453344967367842e-11,5.865104731680816e-15,ELECTRODE_ATTACHMENT,CONFIRMED,6.781703358635346e-05,41710306.43870863,15.840731270568869,6885175013955871.0,3.524690178565459e-05,2.3460419094617324e-12,2.512047120238987e-07,107075.96953437812,0.3346102938481096,-5.941031414115725e-13
2039,1.4539314778452075e-11,5.865104773654332e-15,ELECTRODE_ATTACHMENT,CONFIRMED,6.78182895206914e-05,41710306.22109121,15.840731187922168,6888248579437744.0,3.5262636131976294e-05,2.346041926253005e-12,2.5109262335526276e-07,107028.19099072828,0.3347366267766137,-5.940407387621544e-13
2040,1.4545179883267709e-11,5.865104815632513e-15,ELECTRODE_ATTACHMENT,CONFIRMED,6.78195444240849e-05,41710306.00344973,15.840731105266334,6891317760597724.0,3.527834803388734e-05,2.3460419430461336e-12,2.509807943471426e-07,106980.5231279308,0.334862776249191,-5.939779401876153e-13
2041,1.4551044988125325e-11,5.8651048576153355e-15,ELECTRODE_ATTACHMENT,CONFIRMED,6.782079829781826e-05,41710305.785784416,15.840731022601448,6894382554588476.0,3.529403747681147e-05,2.346041959841102e-12,2.508692245430206e-07,106932.96575139348,0.3349887421865758,-5.939147463253754e-13
2042,1.4556910093024925e-11,5.865104899602757e-15,ELECTRODE_ATTACHMENT,CONFIRMED,6.782205114317158e-05,41710305.568095386,15.840730939927552,6897442958578488.0,3.530970444625346e-05,2.3460419766379003e-12,2.5075791348742014e-07,106885.51866696772,0.3351145245101352,-5.938511578151442e-13
2043,1.456277519796652e-11,5.865104941594752e-15,ELECTRODE_ATTACHMENT,CONFIRMED,6.782330296142074e-05,41710305.35038276,15.8407308572447,6900498969752098.0,3.532534892779924e-05,2.34604199343652e-12,2.5064686072590245e-07,106838.1816809472,0.3352401231418712,-5.937871752989267e-13
2044,1.4568640302950112e-11,5.865104983591299e-15,ELECTRODE_ATTACHMENT,CONFIRMED,6.782455375383746e-05,41710305.1326467,15.840730774552949,6903550585309520.0,3.5340970907115966e-05,2.346042010236947e-12,2.505360658050624e-07,106790.95460006644,0.3353655380044232,-5.937227994210257e-13
2045,1.4574505407975705e-11,5.865105025592368e-15,ELECTRODE_ATTACHMENT,CONFIRMED,6.782580352168926e-05,41710304.91488749,15.840730691852398,6906597802466867.0,3.535657036995223e-05,2.346042027039162e-12,2.504255282725253e-07,106743.8372314994,0.3354907690210687,-5.936580308280457e-13
2046,1.4580370513043304e-11,5.8651050675979056e-15,ELECTRODE_ATTACHMENT,CONFIRMED,6.782705226623946e-05,41710304.69710508,15.840730609143042,6909640618456179.0,3.5372147302138145e-05,2.3460420438431666e-12,2.503152476769425e-07,106696.82938285657,0.3356158161157178,-5.935928701688891e-13
2047,1.458623561815291e-11,5.865105109607918e-15,ELECTRODE_ATTACHMENT,CONFIRMED,6.782829998874721e-05,41710304.4792998,15.840730526424998,6912679030525446.0,3.538770168958546e-05,2.346042060648936e-12,2.502052235679881e-07,106649.93086218544,0.335740679212926,-5.93527318094769e-13
2048,1.4592100723304533e-11,5.86510515162234e-15,ELECTRODE_ATTACHMENT,CONFIRMED,6.78295466904676e-05,41710304.26147169,15.840730443698286,6915713035938635.0,3.540323351828772e-05,2.346042077456468e-12,2.500954554963553e-07,106603.14147796694,0.3358653582378818,-5.934613752592029e-13
2049,1.4597965828498174e-11,5.865105193641169e-15,ELECTRODE_ATTACHMENT,CONFIRMED,6.783079237265144e-05,41710304.04362094,15.840730360962974,6918742631975714.0,3.541874277432042e-05,2.3460420942657457e-12,2.499859430137519e-07,106556.46103911508,0.3359898531164183,-5.933950423180217e-13
2050,1.460383093373384e-11,5.865105235664365e-15,ELECTRODE_ATTACHMENT,CONFIRMED,6.783203703654551e-05,41710303.82574777,15.840730278219151,6921767815932680.0,3.543422944384104e-05,2.3460421110767533e-12,2.4987668567289764e-07,106509.88935497528,0.3361141637750093,-5.933283199293695e-13
2051,1.460969603901153e-11,5.865105277691883e-15,ELECTRODE_ATTACHMENT,CONFIRMED,6.783328068339245e-05,41710303.607852206,15.84073019546682,6924788585121581.0,3.544969351308929e-05,2.3460421278894905e-12,2.497676830275195e-07,106463.42623532152,0.3362382901407661,-5.932612087537045e-13
2052,1.4615561144331256e-11,5.865105319723727e-15,ELECTRODE_ATTACHMENT,CONFIRMED,6.783452331443073e-05,41710303.389934525,15.840730112706089,6927804936870544.0,3.546513496838717e-05,2.346042144703934e-12,2.496589346323488e-07,106417.07149035692,0.336362232141449,-5.931937094538074e-13
2053,1.4621426249693014e-11,5.865105361759836e-15,ELECTRODE_ATTACHMENT,CONFIRMED,6.783576493089479e-05,41710303.17199482,15.840730029936992,6930816868523799.0,3.5480553796139113e-05,2.3460421615200773e-12,2.49550440043117e-07,106370.82493071017,0.3364859897054574,-5.931258226947792e-13
2054,1.4627291355096813e-11,5.8651054038001934e-15,ELECTRODE_ATTACHMENT,CONFIRMED,6.783700553401497e-05,41710302.95403319,15.840729947159572,6933824377441705.0,3.549594998283213e-05,2.346042178337912e-12,2.494421988165521e-07,106324.6863674348,0.3366095627618356,-5.930575491440451e-13
2055,1.4633156460542656e-11,5.865105445844781e-15,ELECTRODE_ATTACHMENT,CONFIRMED,6.783824512501748e-05,41710302.736049965,15.840729864373952,6936827461000776.0,3.551132351503591e-05,2.3460421951574133e-12,2.493342105103752e-07,106278.65561200852,0.336732951240277,-5.929888894713608e-13
2056,1.463902156603055e-11,5.8651054878935335e-15,ELECTRODE_ATTACHMENT,CONFIRMED,6.783948370512448e-05,41710302.51804509,15.840729781580103,6939826116593707.0,3.5526674379403034e-05,2.346042211978586e-12,2.4922647468329633e-07,106232.732476329,0.3368561550711142,-5.929198443488076e-13
2057,1.4644886671560497e-11,5.865105529946465e-15,ELECTRODE_ATTACHMENT,CONFIRMED,6.784072127555412e-05,41710302.30001885,15.840729698778148,6942820341629396.0,3.5542002562668935e-05,2.346042228801407e-12,2.4911899089501163e-07,106186.91677271578,0.3369791741853329,-5.928504144508046e-13
2058,1.4650751777132502e-11,5.865105572003517e-15,ELECTRODE_ATTACHMENT,CONFIRMED,6.784195783752044e-05,41710302.08197138,15.840729615968122,6945810133532975.0,3.555730805165225e-05,2.3460422456258657e-12,2.4901175870619853e-07,106141.20831390588,0.3371020085145637,-5.92780600454105e-13
2059,1.4656616882746566e-11,5.8651056140646646e-15,ELECTRODE_ATTACHMENT,CONFIRMED,6.784319339223347e-05,41710301.86390274,15.840729533150062,6948795489745830.0,3.557259083325476e-05,2.3460422624519598e-12,2.489047776785134e-07,106095.60691305334,0.3372246579910843,-5.927104030377989e-13
2060,1.4662481988402694e-11,5.865105656129899e-15,ELECTRODE_ATTACHMENT,CONFIRMED,6.78444279408992e-05,41710301.64581328,15.840729450324094,6951776407725632.0,3.558785089446163e-05,2.346042279279659e-12,2.4879804737458694e-07,106050.11238372872,0.3373471225478275,-5.92639822883324e-13
2061,1.4668347094100895e-11,5.865105698199147e-15,ELECTRODE_ATTACHMENT,CONFIRMED,6.784566148471958e-05,41710301.42770304,15.840729367490232,6954752884946358.0,3.5603088222341526e-05,2.3460422961089627e-12,2.4869156735802066e-07,106004.72453991516,0.33746940211837,-5.92568860674457e-13
2062,1.4674212199841166e-11,5.865105740272408e-15,ELECTRODE_ATTACHMENT,CONFIRMED,6.784689402489257e-05,41710301.20957208,15.840729284648503,6957724918898320.0,3.5618302804046685e-05,2.3460423129398643e-12,2.485853371933841e-07,105959.44319600856,0.3375914966369404,-5.924975170973233e-13
2063,1.4680077305623517e-11,5.865105782349661e-15,ELECTRODE_ATTACHMENT,CONFIRMED,6.784812556261219e-05,41710300.99142066,15.840729201799002,6960692507088189.0,3.563349462681315e-05,2.3460423297723455e-12,2.484793564462097e-07,105914.26816681583,0.3377134060384227,-5.924257928404005e-13
2064,1.4685942411447947e-11,5.8651058244308656e-15,ELECTRODE_ATTACHMENT,CONFIRMED,6.784935609906837e-05,41710300.77324896,15.840729118941802,6963655647039020.0,3.5648663677960775e-05,2.346042346606392e-12,2.4837362468299095e-07,105869.19926755351,0.3378351302583522,-5.923536885945193e-13
2065,1.4691807517314463e-11,5.86510586651598e-15,ELECTRODE_ATTACHMENT,CONFIRMED,6.78505856354471e-05,41710300.55505704,15.840729036076922,6966614336290280.0,3.566380994489348e-05,2.3460423634419985e-12,2.4826814147117745e-07,105824.236313845,0.3379566692329153,-5.922812050528645e-13
2066,1.469767262322307e-11,5.865105908604998e-15,ELECTRODE_ATTACHMENT,CONFIRMED,6.785181417293041e-05,41710300.336845055,15.84072895320442,6969568572397871.0,3.56789334150993e-05,2.3460423802791536e-12,2.4816290637917205e-07,105779.37912172044,0.338078022898955,-5.922083429109821e-13
2067,1.4703537729173767e-11,5.865105950697884e-15,ELECTRODE_ATTACHMENT,CONFIRMED,6.785304171269634e-05,41710300.11861332,15.840728870324416,6972518352934159.0,3.569403407615056e-05,2.346042397117833e-12,2.480579189763268e-07,105734.62750761522,0.3381991911939722,-5.921351028667819e-13
2068,1.470940283516656e-11,5.865105992794582e-15,ELECTRODE_ATTACHMENT,CONFIRMED,6.785426825591903e-05,41710299.90036177,15.840728787436891,6975463675487997.0,3.570911191570398e-05,2.3460424139580405e-12,2.479531788329395e-07,105689.98128836651,0.3383201740561172,-5.920614856205332e-13
2069,1.4715267941201457e-11,5.8651060348951015e-15,ELECTRODE_ATTACHMENT,CONFIRMED,6.785549380376863e-05,41710299.682090685,15.840728704541943,6978404537664751.0,3.572416692150079e-05,2.346042430799757e-12,2.4784868552025095e-07,105645.44028121444,0.3384409714242024,-5.919874918748794e-13
2070,1.4721133047278455e-11,5.8651060769993935e-15,ELECTRODE_ATTACHMENT,CONFIRMED,6.785671835741137e-05,41710299.46380019,15.840728621639627,6981340937086327.0,3.573919908136696e-05,2.3460424476429704e-12,2.4774443861043973e-07,105601.00430379868,0.3385615832376972,-5.919131223348321e-13
2071,1.4726998153397558e-11,5.865106119107427e-15,ELECTRODE_ATTACHMENT,CONFIRMED,6.785794191800958e-05,41710299.2454904,15.840728538729984,6984272871391198.0,3.57542083832132e-05,2.3460424644876736e-12,2.476404376766202e-07,105556.67317415743,0.3386820094367275,-5.918383777077765e-13
2072,1.473286325955878e-11,5.865106161219185e-15,ELECTRODE_ATTACHMENT,CONFIRMED,6.785916448672165e-05,41710299.02716152,15.840728455813084,6987200338234426.0,3.576919481503518e-05,2.3460424813338498e-12,2.475366822928383e-07,105512.44671072644,0.3388022499620812,-5.917632587034767e-13
2073,1.4738728365762114e-11,5.865106203334626e-15,ELECTRODE_ATTACHMENT,CONFIRMED,6.786038606470208e-05,41710298.80881363,15.840728372888972,6990123335287691.0,3.578415836491364e-05,2.3460424981814925e-12,2.474331720340677e-07,105468.32473233656,0.3389223047552043,-5.91687766034075e-13
2074,1.4744593472007566e-11,5.8651062454537325e-15,ELECTRODE_ATTACHMENT,CONFIRMED,6.786160665310146e-05,41710298.590447016,15.840728289957749,6993041860239317.0,3.5799099021014506e-05,2.3460425150305808e-12,2.473299064762073e-07,105424.30705821344,0.3390421737582072,-5.916119004141005e-13
2075,1.4750458578295143e-11,5.865106287576452e-15,ELECTRODE_ATTACHMENT,CONFIRMED,6.786282625306652e-05,41710298.3720617,15.840728207019415,6995955910794296.0,3.581401677158904e-05,2.346042531881112e-12,2.472268851960765e-07,105380.39350797451,0.3391618569138574,-5.915356625604625e-13
2076,1.4756323684624845e-11,5.865106329702782e-15,ELECTRODE_ATTACHMENT,CONFIRMED,6.78640448657401e-05,41710298.1536579,15.840728124074069,6998865484674314.0,3.582891160497398e-05,2.3460425487330705e-12,2.471241077714125e-07,105336.58390162894,0.3392813541655895,-5.91459053192465e-13
2077,1.4762188790996678e-11,5.865106371832677e-15,ELECTRODE_ATTACHMENT,CONFIRMED,6.786526249226115e-05,41710297.935235664,15.84072804112172,7001770579617780.0,3.584378350959166e-05,2.34604256558645e-12,2.470215737808665e-07,105292.87805957496,0.3394006654574984,-5.913820730318012e-13
2078,1.4768053897410646e-11,5.865106413966125e-15,ELECTRODE_ATTACHMENT,CONFIRMED,6.786647913376484e-05,41710297.71679526,15.840727958162468,7004671193379849.0,3.585863247395013e-05,2.3460425824412334e-12,2.469192828040003e-07,105249.27580259954,0.3395197907343465,-5.913047228025613e-13
2079,1.4773919003866748e-11,5.865106456103084e-15,ELECTRODE_ATTACHMENT,CONFIRMED,6.786769479138237e-05,41710297.498336874,15.840727875196388,7007567323732449.0,3.587345848664334e-05,2.346042599297404e-12,2.4681723442128264e-07,105205.77695187624,0.3396387299415618,-5.912270032312345e-13
2080,1.477978411036499e-11,5.86510649824351e-15,ELECTRODE_ATTACHMENT,CONFIRMED,6.786890946624123e-05,41710297.27986049,15.840727792223475,7010458968464308.0,3.588826153635119e-05,2.3460426161549632e-12,2.4671542821408616e-07,105162.38132896298,0.3397574830252335,-5.911489150467093e-13
2081,1.4785649216905378e-11,5.865106540387409e-15,ELECTRODE_ATTACHMENT,CONFIRMED,6.787012315946498e-05,41710297.06136642,15.840727709243843,7013346125380977.0,3.590304161183975e-05,2.3460426330138868e-12,2.4661386376468323e-07,105119.08875580244,0.3398760499321245,-5.910704589802817e-13
2082,1.4791514323487913e-11,5.8651065825347176e-15,ELECTRODE_ATTACHMENT,CONFIRMED,6.787133587217342e-05,41710296.84285466,15.840727626257491,7016228792304860.0,3.591779870196135e-05,2.346042649874176e-12,2.465125406562431e-07,105075.89905471844,0.3399944306096591,-5.909916357656521e-13
2083,1.4797379430112598e-11,5.86510662468544e-15,ELECTRODE_ATTACHMENT,CONFIRMED,6.787254760548253e-05,41710296.624325454,15.84072754326452,7019106967075237.0,3.593253279565471e-05,2.346042666735812e-12,2.46411458472828e-07,105032.81204841637,0.3401126250059355,-5.909124461389362e-13
2084,1.4803244536779438e-11,5.86510666683953e-15,ELECTRODE_ATTACHMENT,CONFIRMED,6.787375836050446e-05,41710296.405778944,15.840727460264972,7021980647548293.0,3.5947243881945055e-05,2.3460426835987835e-12,2.463106167993904e-07,104989.82755998062,0.3402306330697195,-5.908328908386611e-13
2085,1.4809109643488434e-11,5.8651067089969596e-15,ELECTRODE_ATTACHMENT,CONFIRMED,6.787496813834756e-05,41710296.18721531,15.840727377258924,7024849831597141.0,3.596193194994435e-05,2.346042700463075e-12,2.4621001522176845e-07,104946.94541287342,0.3403484547504483,-5.907529706057733e-13
2086,1.481497475023959e-11,5.865106751157688e-15,ELECTRODE_ATTACHMENT,CONFIRMED,6.787617694011645e-05,41710295.968634665,15.840727294246411,7027714517111852.0,3.59765969888513e-05,2.3460427173286805e-12,2.461096533266836e-07,104904.16543093303,0.3404660899982281,-5.906726861836378e-13
2087,1.482083985703291e-11,5.865106793321703e-15,ELECTRODE_ATTACHMENT,CONFIRMED,6.787738476691192e-05,41710295.750037104,15.840727211227478,7030574701999478.0,3.599123898795157e-05,2.346042734195592e-12,2.4600953070173636e-07,104861.48743837255,0.3405835387638381,-5.905920383180442e-13
2088,1.4826704963868402e-11,5.865106835488981e-15,ELECTRODE_ATTACHMENT,CONFIRMED,6.787859161983102e-05,41710295.53142283,15.840727128202197,7033430384184079.0,3.600585793661788e-05,2.346042751063793e-12,2.459096469354036e-07,104818.91125977904,0.3407008009987321,-5.905110277572099e-13
2089,1.4832570070746062e-11,5.865106877659482e-15,ELECTRODE_ATTACHMENT,CONFIRMED,6.787979749996703e-05,41710295.31279205,15.840727045170643,7036281561606750.0,3.6020453824310174e-05,2.3460427679332667e-12,2.458100016170345e-07,104776.43672011122,0.3408178766550375,-5.904296552517832e-13
2090,1.4838435177665896e-11,5.865106919833167e-15,ELECTRODE_ATTACHMENT,CONFIRMED,6.788100240840946e-05,41710295.09414482,15.840726962132848,7039128232225647.0,3.603502664057572e-05,2.3460427848040095e-12,2.457105943368477e-07,104734.06364469798,0.3409347656855542,-5.903479215548443e-13
2091,1.4844300284627906e-11,5.8651069620100256e-15,ELECTRODE_ATTACHMENT,CONFIRMED,6.788220634624413e-05,41710294.87548127,15.84072687908885,7041970394016013.0,3.604957637504928e-05,2.3460428016760145e-12,2.456114246859273e-07,104691.79185923732,0.3410514680437577,-5.902658274219093e-13
2092,1.4850165391632096e-11,5.865107004190037e-15,ELECTRODE_ATTACHMENT,CONFIRMED,6.788340931455309e-05,41710294.65680164,15.840726796038746,7044808044970206.0,3.60641030174532e-05,2.346042818549259e-12,2.455124922562201e-07,104649.62118979548,0.3411679836838036,-5.901833736109383e-13
2093,1.4856030498678466e-11,5.8651070463731474e-15,ELECTRODE_ATTACHMENT,CONFIRMED,6.788461131441467e-05,41710294.438106045,15.84072671298258,7047641183097723.0,3.607860655759757e-05,2.3460428354237367e-12,2.4541379664053164e-07,104607.55146280424,0.3412843125605216,-5.901005608823321e-13
2094,1.486189560576703e-11,5.865107088559341e-15,ELECTRODE_ATTACHMENT,CONFIRMED,6.788581234690348e-05,41710294.21939466,15.84072662992042,7050469806425228.0,3.60930869853804e-05,2.346042852299429e-12,2.453153374325232e-07,104565.58250506036,0.3414004546294211,-5.900173899989394e-13
2095,1.4867760712897777e-11,5.865107130748574e-15,ELECTRODE_ATTACHMENT,CONFIRMED,6.788701241309045e-05,41710294.000667535,15.84072654685228,7053293912996578.0,3.610754429078766e-05,2.34604286917634e-12,2.4521711422670814e-07,104523.71414372328,0.3415164098466868,-5.899338617260565e-13
2096,1.487362582007072e-11,5.86510717294085e-15,ELECTRODE_ATTACHMENT,CONFIRMED,6.788821151404277e-05,41710293.78192487,15.840726463778232,7056113500872849.0,3.612197846389353e-05,2.3460428860544506e-12,2.4511912661844884e-07,104481.94620631493,0.3416321781691874,-5.898499768314361e-13
2097,1.4879490927285856e-11,5.865107215136126e-15,ELECTRODE_ATTACHMENT,CONFIRMED,6.788940965082396e-05,41710293.563166864,15.840726380698364,7058928568132363.0,3.613638949486042e-05,2.346042902933743e-12,2.450213742039532e-07,104440.27852071772,0.3417477595544723,-5.897657360852872e-13
2098,1.488535603454319e-11,5.865107257334357e-15,ELECTRODE_ATTACHMENT,CONFIRMED,6.789060682449387e-05,41710293.34439354,15.840726297612676,7061739112870715.0,3.615077737393918e-05,2.346042919814219e-12,2.4492385658027147e-07,104398.71091517233,0.3418631539607677,-5.896811402602762e-13
2099,1.4891221141842725e-11,5.865107299535548e-15,ELECTRODE_ATTACHMENT,CONFIRMED,6.789180303610866e-05,41710293.12560519,15.840726214521284,7064545133200799.0,3.616514209146926e-05,2.346042936695853e-12,2.448265733452919e-07,104357.24321827784,0.3419783613469893,-5.895961901315383e-13
2100,1.4897086249184466e-11,5.8651073417396324e-15,ELECTRODE_ATTACHMENT,CONFIRMED,6.789299828672082e-05,41710292.90680188,15.84072613142421,7067346627252835.0,3.6179483637878735e-05,2.3460429535786427e-12,2.447295240977391e-07,104315.87525898872,0.3420933816727299,-5.895108864766707e-13
2101,1.4902951356568413e-11,5.865107383946607e-15,ELECTRODE_ATTACHMENT,CONFIRMED,6.78941925773792e-05,41710292.68798373,15.8407260483215,7070143593174395.0,3.619380200368456e-05,2.3460429704625768e-12,2.4463270843716934e-07,104274.60686661434,0.3422082148982684,-5.894252300757429e-13
2102,1.4908816463994568e-11,5.865107426156443e-15,ELECTRODE_ATTACHMENT,CONFIRMED,6.789538590912895e-05,41710292.46915097,15.84072596521324,7072936029130429.0,3.6208097179492646e-05,2.34604298734764e-12,2.4453612596396777e-07,104233.43787081772,0.3423228609845707,-5.893392217112994e-13
2103,1.4914681571462936e-11,5.8651074683691e-15,ELECTRODE_ATTACHMENT,CONFIRMED,6.789657828301166e-05,41710292.250303686,15.840725882099466,7075723933303295.0,3.622236915599799e-05,2.346043004233823e-12,2.444397762793452e-07,104192.36810161328,0.3424373198932858,-5.892528621683593e-13
2104,1.4920546678973522e-11,5.865107510584557e-15,ELECTRODE_ATTACHMENT,CONFIRMED,6.789776970006526e-05,41710292.03144204,15.840725798980236,7078507303892781.0,3.623661792398486e-05,2.3460430211211143e-12,2.443436589853341e-07,104151.39738936604,0.3425515915867502,-5.89166152234425e-13
2105,1.4926411786526323e-11,5.865107552802787e-15,ELECTRODE_ATTACHMENT,CONFIRMED,6.789896016132399e-05,41710291.812566176,15.840725715855609,7081286139116135.0,3.625084347432688e-05,2.3460430380095038e-12,2.442477736847863e-07,104110.52556479008,0.3426656760279887,-5.890790926994821e-13
2106,1.4932276894121347e-11,5.86510759502376e-15,ELECTRODE_ATTACHMENT,CONFIRMED,6.790014966781855e-05,41710291.593676254,15.840725632725643,7084060437208092.0,3.62650457979872e-05,2.346043054898976e-12,2.4415211998136865e-07,104069.75245894716,0.3427795731807142,-5.889916843560037e-13
2107,1.4938142001758595e-11,5.86510763724744e-15,ELECTRODE_ATTACHMENT,CONFIRMED,6.7901338220576e-05,41710291.37477236,15.840725549590369,7086830196420898.0,3.627922488601859e-05,2.346043071789529e-12,2.44056697479561e-07,104029.07790324496,0.3428932830093271,-5.889039279989535e-13
2108,1.4944007109438068e-11,5.865107679473822e-15,ELECTRODE_ATTACHMENT,CONFIRMED,6.790252582061981e-05,41710291.15585472,15.840725466449872,7089595415024340.0,3.629338072956368e-05,2.3460430886811413e-12,2.439615057846513e-07,103988.50172943644,0.3430068054789216,-5.88815824425793e-13
2109,1.494987221715977e-11,5.865107721702856e-15,ELECTRODE_ATTACHMENT,CONFIRMED,6.790371246896984e-05,41710290.93692344,15.840725383304196,7092356091305771.0,3.630751331985496e-05,2.346043105573808e-12,2.438665445027335e-07,103948.02376961756,0.3431201405552797,-5.887273744364781e-13
2110,1.4955737324923702e-11,5.86510776393452e-15,ELECTRODE_ATTACHMENT,CONFIRMED,6.790489816664236e-05,41710290.717978634,15.840725300153384,7095112223570137.0,3.632162264821501e-05,2.3460431224675176e-12,2.4377181324070424e-07,103907.64385622644,0.3432332882048761,-5.886385788334689e-13
2111,1.4961602432729873e-11,5.865107806168794e-15,ELECTRODE_ATTACHMENT,CONFIRMED,6.790608291465009e-05,41710290.499020524,15.84072521699752,7097863810140005.0,3.63357087060566e-05,2.346043139362253e-12,2.4367731160625876e-07,103867.36182204208,0.3433462483948804,-5.885494384217317e-13
2112,1.4967467540578278e-11,5.865107848405634e-15,ELECTRODE_ATTACHMENT,CONFIRMED,6.790726671400217e-05,41710290.2800492,15.84072513383664,7100610849355589.0,3.6349771484882875e-05,2.3460431562580096e-12,2.435830392078883e-07,103827.17750018228,0.3434590210931523,-5.884599540087394e-13
2113,1.4973332648468925e-11,5.865107890645025e-15,ELECTRODE_ATTACHMENT,CONFIRMED,6.790844956570416e-05,41710290.061064765,15.84072505067078,7103353339574777.0,3.636381097628741e-05,2.3460431731547767e-12,2.434889956548766e-07,103787.09072410269,0.3435716062682474,-5.883701264044794e-13
2114,1.4979197756401813e-11,5.8651079328869445e-15,ELECTRODE_ATTACHMENT,CONFIRMED,6.79096314707581e-05,41710289.8420674,15.840724967500003,7106091279173158.0,3.637782717195444e-05,2.3460431900525447e-12,2.433951805572972e-07,103747.10132759568,0.3436840038894173,-5.882799564214547e-13
2115,1.4985062864376945e-11,5.865107975131361e-15,ELECTRODE_ATTACHMENT,CONFIRMED,6.791081243016244e-05,41710289.62305733,15.840724884324406,7108824666544051.0,3.639182006365893e-05,2.3460432069512904e-12,2.433015935260089e-07,103707.20914478895,0.3437962139266115,-5.881894448746898e-13
2116,1.4990927972394324e-11,5.8651080173782254e-15,ELECTRODE_ATTACHMENT,CONFIRMED,6.791199244491211e-05,41710289.40403456,15.840724801143985,7111553500098529.0,3.640578964326678e-05,2.346043223851017e-12,2.432082341726538e-07,103667.41401014294,0.3439082363504719,-5.880985925817307e-13
2117,1.4996793080453952e-11,5.8651080596275424e-15,ELECTRODE_ATTACHMENT,CONFIRMED,6.791317151599852e-05,41710289.184999324,15.840724717958832,7114277778265449.0,3.641973590273487e-05,2.346043240751705e-12,2.431151021096535e-07,103627.71575845125,0.3440200711323429,-5.880074003626524e-13
2118,1.500265818855583e-11,5.865108101879262e-15,ELECTRODE_ATTACHMENT,CONFIRMED,6.791434964440954e-05,41710288.96595177,15.840724634768998,7116997499491476.0,3.643365883411126e-05,2.346043257653345e-12,2.4302219695020605e-07,103588.11422483812,0.3441317182442657,-5.879158690400605e-13
2119,1.5008523296699962e-11,5.8651081441333644e-15,ELECTRODE_ATTACHMENT,CONFIRMED,6.79155268311295e-05,41710288.74689203,15.840724551574535,7119712662241114.0,3.644755842953536e-05,2.346043274555925e-12,2.429295183082824e-07,103548.60924475732,0.3442431776589816,-5.878239994390949e-13
2120,1.501438840488635e-11,5.865108186389813e-15,ELECTRODE_ATTACHMENT,CONFIRMED,6.791670307713932e-05,41710288.527820155,15.840724468375464,7122423264996730.0,3.6461434681238e-05,2.3460432914594424e-12,2.428370657986234e-07,103509.20065399037,0.3443544493499304,-5.877317923874337e-13
2121,1.5020253513114998e-11,5.865108228648607e-15,ELECTRODE_ATTACHMENT,CONFIRMED,6.791787838341629e-05,41710288.30873638,15.840724385171876,7125129306258583.0,3.647528758154164e-05,2.346043308363877e-12,2.4274483903673655e-07,103469.88828864633,0.3444655332912578,-5.876392487152991e-13
2122,1.5026118621385912e-11,5.865108270909692e-15,ELECTRODE_ATTACHMENT,CONFIRMED,6.79190527509343e-05,41710288.08964082,15.840724301963812,7127830784544851.0,3.648911712286039e-05,2.346043325269221e-12,2.426528376388932e-07,103430.67198515932,0.3445764294578085,-5.875463692554576e-13
2123,1.5031983729699086e-11,5.865108313173053e-15,ELECTRODE_ATTACHMENT,CONFIRMED,6.792022618066366e-05,41710287.870533645,15.840724218751337,7130527698391659.0,3.6502923297700336e-05,2.3460433421754618e-12,2.425610612221243e-07,103391.55158028749,0.3446871378251321,-5.874531548432269e-13
2124,1.5037848838054524e-11,5.865108355438656e-15,ELECTRODE_ATTACHMENT,CONFIRMED,6.792139867357129e-05,41710287.651415,15.840724135534504,7133220046353104.0,3.651670609865951e-05,2.3460433590825884e-12,2.424695094042184e-07,103352.5269111118,0.3447976583694814,-5.873596063164773e-13
2125,1.504371394645223e-11,5.865108397706471e-15,ELECTRODE_ATTACHMENT,CONFIRMED,6.792257023062062e-05,41710287.43228497,15.840724052313352,7135907827001285.0,3.653046551842809e-05,2.346043375990592e-12,2.4237818180371764e-07,103313.59781503445,0.3449079910678143,-5.872657245156365e-13
2126,1.5049579054892205e-11,5.865108439976478e-15,ELECTRODE_ATTACHMENT,CONFIRMED,6.792374085277157e-05,41710287.213143714,15.840723969087929,7138591038926330.0,3.6544201549788585e-05,2.346043392899465e-12,2.422870780399148e-07,103274.76412977734,0.3450181358977936,-5.871715102836941e-13
2127,1.5055444163374453e-11,5.865108482248663e-15,ELECTRODE_ATTACHMENT,CONFIRMED,6.792491054098065e-05,41710286.99399144,15.840723885858326,7141269680736422.0,3.655791418561592e-05,2.3460434098091866e-12,2.4219619773285016e-07,103236.02569338176,0.3451280928377924,-5.870769644662058e-13
2128,1.5061309271898976e-11,5.865108524522967e-15,ELECTRODE_ATTACHMENT,CONFIRMED,6.792607929620087e-05,41710286.7748282,15.840723802624554,7143943751057829.0,3.65716034188776e-05,2.346043426719755e-12,2.421055405033084e-07,103197.3823442054,0.3452378618668875,-5.869820879112944e-13
2129,1.5067174380465774e-11,5.865108566799389e-15,ELECTRODE_ATTACHMENT,CONFIRMED,6.792724711938183e-05,41710286.555654205,15.840723719386704,7146613248534929.0,3.65852692426338e-05,2.3460434436311527e-12,2.4201510597281535e-07,103158.83392092257,0.3453474429648668,-5.868868814696572e-13
2130,1.5073039489074853e-11,5.865108609077882e-15,ELECTRODE_ATTACHMENT,CONFIRMED,6.792841401146971e-05,41710286.33646952,15.840723636144787,7149278171830239.0,3.659891165003763e-05,2.346043460543376e-12,2.4192489376363456e-07,103120.3802625214,0.3454568361122253,-5.867913459945679e-13
2131,1.5078904597726212e-11,5.86510865135844e-15,ELECTRODE_ATTACHMENT,CONFIRMED,6.79295799734072e-05,41710286.117274284,15.840723552898874,7151938519624443.0,3.6612530634335166e-05,2.3460434774564125e-12,2.418349034987645e-07,103082.02120830367,0.3455660412901701,-5.866954823418803e-13
2132,1.5084769706419854e-11,5.865108693641032e-15,ELECTRODE_ATTACHMENT,CONFIRMED,6.793074500613366e-05,41710285.898068726,15.840723469649031,7154594290616418.0,3.66261261888656e-05,2.346043494370247e-12,2.417451348019352e-07,103043.75659788324,0.3456750584806201,-5.865992913700348e-13
2133,1.509063481515578e-11,5.865108735925618e-15,ELECTRODE_ATTACHMENT,CONFIRMED,6.79319091105849e-05,41710285.67885292,15.8407233863953,7157245483523264.0,3.66396983070614e-05,2.346043511284873e-12,2.416555872976054e-07,103005.586271184,0.3457838876662043,-5.86502773940059e-13
2134,1.509649992393399e-11,5.865108778212182e-15,ELECTRODE_ATTACHMENT,CONFIRMED,6.793307228769345e-05,41710285.45962708,15.840723303137755,7159892097080330.0,3.6653246982448514e-05,2.346043528200273e-12,2.415662606109589e-07,102967.51006843949,0.3458925288302673,-5.864059309155754e-13
2135,1.510236503275449e-11,5.865108820500683e-15,ELECTRODE_ATTACHMENT,CONFIRMED,6.793423453838839e-05,41710285.24039123,15.840723219876413,7162534130041243.0,3.666677220864643e-05,2.346043545116445e-12,2.414771543679017e-07,102929.52783019042,0.346000981956864,-5.863087631627999e-13
2136,1.5108230141617282e-11,5.8651088627911135e-15,ELECTRODE_ATTACHMENT,CONFIRMED,6.793539586359537e-05,41710285.021145605,15.840723136611354,7165171581177934.0,3.668027397936832e-05,2.346043562033371e-12,2.4138826819505897e-07,102891.63939728471,0.3461092470307676,-5.862112715505531e-13
2137,1.5114095250522365e-11,5.865108905083428e-15,ELECTRODE_ATTACHMENT,CONFIRMED,6.79365562642367e-05,41710284.80189029,15.840723053342618,7167804449280669.0,3.669375228842121e-05,2.3460435789510468e-12,2.4129960171977176e-07,102853.84461087488,0.3462173240374642,-5.861134569502565e-13
2138,1.511996035946974e-11,5.865108947377618e-15,ELECTRODE_ATTACHMENT,CONFIRMED,6.793771574123128e-05,41710284.582625374,15.84072297007024,7170432733158073.0,3.67072071297062e-05,2.3460435958694607e-12,2.412111545700936e-07,102816.1433124174,0.3463252129631577,-5.860153202359443e-13
2139,1.5125825468459414e-11,5.8651089896736535e-15,ELECTRODE_ATTACHMENT,CONFIRMED,6.793887429549464e-05,41710284.36335118,15.840722886794328,7173056431637162.0,3.67206384972184e-05,2.3460436127885928e-12,2.411229263747881e-07,102778.53534367189,0.3464329137947718,-5.85916862284263e-13
2140,1.5131690577491385e-11,5.865109031971484e-15,ELECTRODE_ATTACHMENT,CONFIRMED,6.794003192793897e-05,41710284.144067615,15.840722803514865,7175675543563369.0,3.673404638504732e-05,2.346043629708449e-12,2.4103491676332505e-07,102741.02054669772,0.3465404265199425,-5.858180839744736e-13
2141,1.5137555686565656e-11,5.865109074271123e-15,ELECTRODE_ATTACHMENT,CONFIRMED,6.794118863947307e-05,41710283.924774975,15.840722720231954,7178290067800570.0,3.6747430787376805e-05,2.346043646629004e-12,2.409471253658779e-07,102703.59876385564,0.3466477511270318,-5.857189861884617e-13
2142,1.514342079568223e-11,5.8651091165725095e-15,ELECTRODE_ATTACHMENT,CONFIRMED,6.794234443100235e-05,41710283.70547339,15.840722636945642,7180900003231117.0,3.676079169848533e-05,2.3460436635502504e-12,2.4085955181332026e-07,102666.269837804,0.3467548876051186,-5.856195698107373e-13
2143,1.5149285904841106e-11,5.865109158875626e-15,ELECTRODE_ATTACHMENT,CONFIRMED,6.794349930342896e-05,41710283.48616295,15.840722553655969,7183505348755861.0,3.677412911274606e-05,2.3460436804721803e-12,2.407721957372229e-07,102629.03361149844,0.3468618359440021,-5.855198357284398e-13
2144,1.5155151014042287e-11,5.8651092011804496e-15,ELECTRODE_ATTACHMENT,CONFIRMED,6.794465325765164e-05,41710283.266843766,15.840722470362977,7186106103294184.0,3.6787443024627006e-05,2.346043697394785e-12,2.406850567698507e-07,102591.88992819045,0.3469685961342043,-5.854197848313418e-13
2145,1.5161016123285775e-11,5.8651092434869645e-15,ELECTRODE_ATTACHMENT,CONFIRMED,6.794580629456581e-05,41710283.04751603,15.840722387066736,7188702265784026.0,3.6800733428691206e-05,2.346043714318049e-12,2.405981345441596e-07,102554.83863142636,0.3470751681669715,-5.853194180118566e-13
2146,1.516688123257157e-11,5.8651092857951226e-15,ELECTRODE_ATTACHMENT,CONFIRMED,6.794695841506356e-05,41710282.82817988,15.8407223037673,7191293835181911.0,3.681400031959682e-05,2.346043731241964e-12,2.405114286937935e-07,102517.87956504544,0.3471815520342717,-5.852187361650366e-13
2147,1.5172746341899677e-11,5.86510932810491e-15,ELECTRODE_ATTACHMENT,CONFIRMED,6.794810962003365e-05,41710282.60883532,15.840722220464668,7193880810462980.0,3.682724369209733e-05,2.3460437481665264e-12,2.4042493885308065e-07,102481.01257317852,0.347287747728797,-5.851177401885821e-13
2148,1.5178611451270095e-11,5.865109370416316e-15,ELECTRODE_ATTACHMENT,CONFIRMED,6.794925991036158e-05,41710282.38948268,15.84072213715897,7196463190621015.0,3.684046354104162e-05,2.3460437650917137e-12,2.403386646570316e-07,102444.23750024804,0.3473937552439693,-5.850164309828463e-13
2149,1.5184476560682825e-11,5.865109412729286e-15,ELECTRODE_ATTACHMENT,CONFIRMED,6.795040928692943e-05,41710282.17012204,15.840722053850232,7199040974668470.0,3.685365986137416e-05,2.3460437820175177e-12,2.4025260574133533e-07,102407.55419096496,0.3474995745739337,-5.849148094508358e-13
2150,1.5190341670137867e-11,5.865109455043795e-15,ELECTRODE_ATTACHMENT,CONFIRMED,6.79515577506161e-05,41710281.95075346,15.840721970538482,7201614161636498.0,3.68668326481352e-05,2.346043798943935e-12,2.401667617423561e-07,102370.96249032798,0.3476052057135618,-5.848128764982157e-13
2151,1.5196206779635228e-11,5.8651094973598384e-15,ELECTRODE_ATTACHMENT,CONFIRMED,6.795270530229712e-05,41710281.7313772,15.840721887223811,7204182750574980.0,3.6879981896460776e-05,2.3460438158709445e-12,2.400811322971311e-07,102334.4622436233,0.3477106486584572,-5.847106330333174e-13
2152,1.5202071889174904e-11,5.865109539677362e-15,ELECTRODE_ATTACHMENT,CONFIRMED,6.79538519428447e-05,41710281.51199321,15.840721803906206,7206746740552554.0,3.6893107601583006e-05,2.346043832798552e-12,2.399957170433668e-07,102298.05329642132,0.3478159034049467,-5.846080799671379e-13
2153,1.52079369987569e-11,5.865109581996381e-15,ELECTRODE_ATTACHMENT,CONFIRMED,6.795499767312783e-05,41710281.29260176,15.840721720585767,7209306130656643.0,3.6906209758830174e-05,2.3460438497267357e-12,2.399105156194359e-07,102261.73549457754,0.3479209699500935,-5.845052182133485e-13
2154,1.5213802108381216e-11,5.865109624316839e-15,ELECTRODE_ATTACHMENT,CONFIRMED,6.795614249401223e-05,41710281.07320304,15.840721637262572,7211860919993483.0,3.691928836362686e-05,2.3460438666554773e-12,2.398255276643742e-07,102225.50868423008,0.3480258482916918,-5.844020486882997e-13
2155,1.5219667218047855e-11,5.865109666638693e-15,ELECTRODE_ATTACHMENT,CONFIRMED,6.795728640636031e-05,41710280.853797056,15.840721553936616,7214411107688154.0,3.693234341149407e-05,2.3460438835847815e-12,2.397407528178784e-07,102189.37271179764,0.3481305384282613,-5.842985723110187e-13
2156,1.5225532327756816e-11,5.865109708961954e-15,ELECTRODE_ATTACHMENT,CONFIRMED,6.795842941103118e-05,41710280.63438399,15.840721470607964,7216956692884606.0,3.694537489804948e-05,2.346043900514633e-12,2.396561907203019e-07,102153.32742397976,0.3482350403590601,-5.841947900032218e-13
2157,1.5231397437508102e-11,5.8651097512865844e-15,ELECTRODE_ATTACHMENT,CONFIRMED,6.795957150888078e-05,41710280.41496397,15.840721387276677,7219497674745689.0,3.695838281900748e-05,2.3460439174450216e-12,2.395718410126523e-07,102117.37266775468,0.3483393540840786,-5.840907026893152e-13
2158,1.5237262547301713e-11,5.865109793612554e-15,ELECTRODE_ATTACHMENT,CONFIRMED,6.796071270076171e-05,41710280.195537135,15.840721303942804,7222034052453182.0,3.697136717017936e-05,2.3460439343759357e-12,2.394877033365885e-07,102081.50829037816,0.3484434796040425,-5.839863112964004e-13
2159,1.5243127657137652e-11,5.865109835939839e-15,ELECTRODE_ATTACHMENT,CONFIRMED,6.796185298752337e-05,41710279.97610366,15.840721220606405,7224565825207822.0,3.6984327947473496e-05,2.346043951307361e-12,2.39403777334417e-07,102045.73413938232,0.3485474169204134,-5.838816167542777e-13
2160,1.524899276701592e-11,5.865109878268404e-15,ELECTRODE_ATTACHMENT,CONFIRMED,6.79629923700119e-05,41710279.75666357,15.840721137267492,7227092992229332.0,3.69972651468954e-05,2.3460439682393004e-12,2.3932006264909004e-07,102010.05006257366,0.3486511660353859,-5.837766199954507e-13
2161,1.525485787693652e-11,5.865109920598251e-15,ELECTRODE_ATTACHMENT,CONFIRMED,6.79641308490702e-05,41710279.53721714,15.840721053926174,7229615552756450.0,3.7010178764547984e-05,2.3460439851717263e-12,2.392365589242011e-07,101974.45590803336,0.3487547269518991,-5.83671321955135e-13
2162,1.5260722986899448e-11,5.865109962929317e-15,ELECTRODE_ATTACHMENT,CONFIRMED,6.796526842553799e-05,41710279.31776442,15.840720970582463,7232133506046960.0,3.7023068796631614e-05,2.346044002104639e-12,2.3915326580398324e-07,101938.95152411402,0.3488580996736236,-5.835657235712552e-13
2163,1.526658809690471e-11,5.865110005261598e-15,ELECTRODE_ATTACHMENT,CONFIRMED,6.796640510025169e-05,41710279.0983055,15.840720887236404,7234646851377718.0,3.703593523944435e-05,2.3460440190380294e-12,2.3907018293330517e-07,101903.53675943956,0.3489612842049724,-5.834598257844552e-13
2164,1.5272453206952305e-11,5.865110047595075e-15,ELECTRODE_ATTACHMENT,CONFIRMED,6.796754087404455e-05,41710278.87884064,15.840720803888088,7237155588044684.0,3.704877808938197e-05,2.346044035971879e-12,2.389873099576684e-07,101868.21146290407,0.3490642805511004,-5.833536295381035e-13
2165,1.5278318317042234e-11,5.865110089929698e-15,ELECTRODE_ATTACHMENT,CONFIRMED,6.796867574774657e-05,41710278.659369856,15.84072072053752,7239659715362948.0,3.706159734293824e-05,2.346044052906186e-12,2.3890464652320465e-07,101832.97548366968,0.3491670887178999,-5.832471357782926e-13
2166,1.5284183427174498e-11,5.865110132265466e-15,ELECTRODE_ATTACHMENT,CONFIRMED,6.796980972218458e-05,41710278.439893335,15.840720637184774,7242159232666763.0,3.7074392996705035e-05,2.346044069840936e-12,2.388221922766723e-07,101797.82867116587,0.3492697087120086,-5.831403454538482e-13
2167,1.52900485373491e-11,5.86511017460234e-15,ELECTRODE_ATTACHMENT,CONFIRMED,6.797094279818219e-05,41710278.22041116,15.84072055382988,7244654139309571.0,3.70871650473724e-05,2.3460440867761224e-12,2.387399468654538e-07,101762.77087508808,0.3493721405408048,-5.83033259516333e-13
2168,1.529591364756604e-11,5.8651102169403055e-15,ELECTRODE_ATTACHMENT,CONFIRMED,6.797207497655982e-05,41710278.00092352,15.840720470472908,7247144434664034.0,3.7099913491728826e-05,2.346044103711731e-12,2.386579099375523e-07,101727.80194539654,0.3494743842124134,-5.829258789200501e-13
2169,1.5301778757825318e-11,5.8651102592793285e-15,ELECTRODE_ATTACHMENT,CONFIRMED,6.797320625813473e-05,41710277.78143054,15.840720387113915,7249630118122062.0,3.7112638326661344e-05,2.3460441206477504e-12,2.3857608114158895e-07,101692.9217323148,0.3495764397357035,-5.828182046220501e-13
2170,1.5307643868126938e-11,5.865110301619377e-15,ELECTRODE_ATTACHMENT,CONFIRMED,6.79743366437209e-05,41710277.561932296,15.840720303752915,7252111189094845.0,3.712533954915566e-05,2.346044137584177e-12,2.384944601267996e-07,101658.13008632808,0.3496783071202876,-5.827102375821317e-13
2171,1.53135089784709e-11,5.865110343960443e-15,ELECTRODE_ATTACHMENT,CONFIRMED,6.797546613412923e-05,41710277.34242907,15.840720220390027,7254587647012880.0,3.7138017156296304e-05,2.3460441545209883e-12,2.3841304654303225e-07,101623.42685818336,0.3497799863765307,-5.826019787628536e-13
2172,1.53193740888572e-11,5.86511038630247e-15,ELECTRODE_ATTACHMENT,CONFIRMED,6.797659473016742e-05,41710277.12292076,15.84072013702521,7257059491326001.0,3.715067114526682e-05,2.3460441714581923e-12,2.383318400407436e-07,101588.81189888576,0.3498814775155367,-5.824934291295285e-13
2173,1.5325239199285848e-11,5.865110428645482e-15,ELECTRODE_ATTACHMENT,CONFIRMED,6.797772243263997e-05,41710276.90340764,15.840720053658565,7259526721503410.0,3.716330151334992e-05,2.3460441883957675e-12,2.3825084027099618e-07,101554.28505969992,0.3499827805491669,-5.823845896502411e-13
2174,1.5331104309756836e-11,5.865110470989421e-15,ELECTRODE_ATTACHMENT,CONFIRMED,6.797884924234826e-05,41710276.68388991,15.840719970290168,7261989337033704.0,3.717590825792753e-05,2.3460442053336997e-12,2.3817004688545574e-07,101519.84619214736,0.3500838954900298,-5.822754612958435e-13
2175,1.533696942027017e-11,5.8651105133342495e-15,ELECTRODE_ATTACHMENT,CONFIRMED,6.79799751600905e-05,41710276.46436754,15.840719886920008,7264447337424907.0,3.718849137648114e-05,2.3460442222719882e-12,2.3808945953638743e-07,101485.49514800432,0.350184822351481,-5.821660450399614e-13
2176,1.5342834530825852e-11,5.865110555679971e-15,ELECTRODE_ATTACHMENT,CONFIRMED,6.798110018666173e-05,41710276.2448407,15.840719803548152,7266900722204499.0,3.7201050866591726e-05,2.346044239210624e-12,2.380090778766541e-07,101451.23177930235,0.3502855611476303,-5.820563418590022e-13
2177,1.534869964142388e-11,5.865110598026561e-15,ELECTRODE_ATTACHMENT,CONFIRMED,6.798222432285383e-05,41710276.02530958,15.84071972017467,7269349490919445.0,3.72135867259401e-05,2.346044256149589e-12,2.3792890155971177e-07,101417.05593832624,0.3503861118933419,-5.819463527321597e-13
2178,1.5354564752064253e-11,5.865110640373973e-15,ELECTRODE_ATTACHMENT,CONFIRMED,6.798334756945563e-05,41710275.80577425,15.840719636799587,7271793643136227.0,3.722609895230695e-05,2.3460442730888784e-12,2.37848930239608e-07,101382.96747761215,0.3504864746042301,-5.818360786414145e-13
2179,1.5360429862746976e-11,5.865110682722196e-15,ELECTRODE_ATTACHMENT,CONFIRMED,6.798446992725269e-05,41710275.58623483,15.840719553422955,7274233178440871.0,3.7238587543573e-05,2.3460442900284844e-12,2.3776916357097819e-07,101348.9662499472,0.3505866492966647,-5.817255205715447e-13
2180,1.5366294973472048e-11,5.865110725071212e-15,ELECTRODE_ATTACHMENT,CONFIRMED,6.798559139702758e-05,41710275.36669156,15.84071947004486,7276668096438980.0,3.72510524977192e-05,2.3460443069683884e-12,2.3768960120904293e-07,101315.05210836824,0.3506866359877735,-5.816146795101288e-13
2181,1.537216008423947e-11,5.865110767420971e-15,ELECTRODE_ATTACHMENT,CONFIRMED,6.798671197955963e-05,41710275.14714451,15.840719386665327,7279098396755761.0,3.726349381282688e-05,2.3460443239085837e-12,2.376102428096048e-07,101281.22490615975,0.3507864346954377,-5.81503556447549e-13
2182,1.537802519504924e-11,5.8651108097714585e-15,ELECTRODE_ATTACHMENT,CONFIRMED,6.798783167562512e-05,41710274.92759376,15.840719303284391,7281524079036057.0,3.72759114870779e-05,2.346044340849064e-12,2.375310880290453e-07,101247.48449685298,0.3508860454382952,-5.81392152376997e-13
2183,1.538389030590136e-11,5.865110852122661e-15,ELECTRODE_ATTACHMENT,CONFIRMED,6.798895048599716e-05,41710274.70803943,15.840719219902091,7283945142944376.0,3.728830551875472e-05,2.3460443577898224e-12,2.374521365243227e-07,101213.830734225,0.3509854682357431,-5.812804682944814e-13
2184,1.5389755416795837e-11,5.865110894474557e-15,ELECTRODE_ATTACHMENT,CONFIRMED,6.799006841144582e-05,41710274.488481686,15.8407191365185,7286361588164923.0,3.730067590624072e-05,2.346044374730843e-12,2.3737338795296794e-07,101180.2634722974,0.3510847031079394,-5.811685051988314e-13
2185,1.5395620527732663e-11,5.8651109368271085e-15,ELECTRODE_ATTACHMENT,CONFIRMED,6.7991185452738e-05,41710274.26892073,15.840719053133688,7288773414401629.0,3.7313022648020205e-05,2.346044391672112e-12,2.372948419730824e-07,101146.78256533486,0.3511837500758021,-5.810562640917019e-13
2186,1.5401485638711844e-11,5.8651109791802814e-15,ELECTRODE_ATTACHMENT,CONFIRMED,6.799230161063757e-05,41710274.0493565,15.84071896974763,7291180621378180.0,3.7325345742678654e-05,2.3460444086136338e-12,2.3721649824333494e-07,101113.38786784312,0.3512826091610054,-5.809437459775762e-13
2187,1.540735074973338e-11,5.865111021534085e-15,ELECTRODE_ATTACHMENT,CONFIRMED,6.799341688590523e-05,41710273.82978931,15.840718886360452,7293583208838050.0,3.733764518890279e-05,2.346044425555385e-12,2.371383564229588e-07,101080.07923456964,0.3513812803859934,-5.808309518637779e-13
2188,1.5413215860797268e-11,5.8651110638884636e-15,ELECTRODE_ATTACHMENT,CONFIRMED,6.799453127929863e-05,41710273.6102192,15.840718802972162,7295981176544530.0,3.734992098548084e-05,2.3460444424973605e-12,2.3706041617174827e-07,101046.85652050044,0.3514797637739674,-5.807178827604684e-13
2189,1.541908097190351e-11,5.865111106243402e-15,ELECTRODE_ATTACHMENT,CONFIRMED,6.799564479157234e-05,41710273.39064631,15.840718719582815,7298374524280757.0,3.7362173131302574e-05,2.3460444594395522e-12,2.3698267715005667e-07,101013.71958085976,0.3515780593488949,-5.806045396806573e-13
2190,1.542494608305211e-11,5.8651111485988814e-15,ELECTRODE_ATTACHMENT,CONFIRMED,6.799675742347785e-05,41710273.17107075,15.840718636192456,7300763251849749.0,3.73744016253596e-05,2.3460444763819487e-12,2.369051390187925e-07,100980.66827110868,0.3516761671355083,-5.804909236402055e-13
2191,1.5430811194243064e-11,5.8651111909548745e-15,ELECTRODE_ATTACHMENT,CONFIRMED,6.799786917576358e-05,41710272.95149268,15.840718552801142,7303147359074430.0,3.738660646674539e-05,2.3460444933245403e-12,2.3682780143941698e-07,100947.70244694392,0.3517740871593063,-5.803770356578323e-13
2192,1.5436676305476376e-11,5.865111233311352e-15,ELECTRODE_ATTACHMENT,CONFIRMED,6.799898004917487e-05,41710272.731912166,15.840718469408904,7305526845797665.0,3.73987876546555e-05,2.3460445102673205e-12,2.3675066407394118e-07,100914.8219642962,0.3518718194465528,-5.802628767551181e-13
2193,1.5442541416752043e-11,5.865111275668303e-15,ELECTRODE_ATTACHMENT,CONFIRMED,6.800009004445396e-05,41710272.51232941,15.840718386015814,7307901711882289.0,3.741094518838772e-05,2.3460445272102724e-12,2.366737265849226e-07,100882.02667932988,0.3519693640242833,-5.801484479565131e-13
2194,1.5448406528070067e-11,5.865111318025682e-15,ELECTRODE_ATTACHMENT,CONFIRMED,6.80011991623401e-05,41710272.292744495,15.840718302621903,7310271957211137.0,3.742307906734222e-05,2.3460445441533927e-12,2.3659698863546298e-07,100849.31644844056,0.3520667209202984,-5.800337502893392e-13
2195,1.5454271639430452e-11,5.865111360383482e-15,ELECTRODE_ATTACHMENT,CONFIRMED,6.800230740356945e-05,41710272.07315756,15.840718219227218,7312637581687077.0,3.743518929102176e-05,2.346044561096669e-12,2.3652044988920467e-07,100816.69112825464,0.3521638901631706,-5.799187847837978e-13
2196,1.5460136750833194e-11,5.865111402741673e-15,ELECTRODE_ATTACHMENT,CONFIRMED,6.800341476887512e-05,41710271.85356869,15.840718135831803,7314998585233039.0,3.7447275859031726e-05,2.346044578040095e-12,2.364441100103281e-07,100784.1505756278,0.3522608717822425,-5.798035524729749e-13
2197,1.5466001862278294e-11,5.865111445100238e-15,ELECTRODE_ATTACHMENT,CONFIRMED,6.80045212589872e-05,41710271.63397808,15.840718052435728,7317354967792046.0,3.745933877108046e-05,2.346044594983656e-12,2.363679686635487e-07,100751.69464764392,0.3523576658076303,-5.79688054392847e-13
2198,1.5471866973765755e-11,5.865111487459139e-15,ELECTRODE_ATTACHMENT,CONFIRMED,6.800562687463266e-05,41710271.41438575,15.840717969039003,7319706729327247.0,3.7471378026979275e-05,2.346044611927348e-12,2.3629202551411413e-07,100719.32320161336,0.3524542722702199,-5.795722915822842e-13
2199,1.5477732085295573e-11,5.8651115298183696e-15,ELECTRODE_ATTACHMENT,CONFIRMED,6.800673161653554e-05,41710271.19479189,15.840717885641697,7322053869821946.0,3.7483393626642654e-05,2.34604462887116e-12,2.362162802278012e-07,100687.03609507244,0.3525506912016739,-5.794562650830592e-13
2200,1.548359719686775e-11,5.865111572177899e-15,ELECTRODE_ATTACHMENT,CONFIRMED,6.80078354854168e-05,41710270.97519667,15.840717802243867,7324396389279634.0,3.749538557008847e-05,2.3460446458150762e-12,2.361407324709132e-07,100654.83318578186,0.35264692263443,-5.793399759398514e-13
2201,1.5489462308482287e-11,5.865111614537691e-15,ELECTRODE_ATTACHMENT,CONFIRMED,6.800893848199435e-05,41710270.75560014,15.840717718845545,7326734287724020.0,3.7507353857438047e-05,2.3460446627590936e-12,2.360653819102766e-07,100622.71433172507,0.3527429666016992,-5.792234252002506e-13
2202,1.5495327420139184e-11,5.8651116568977336e-15,ELECTRODE_ATTACHMENT,CONFIRMED,6.801004060698313e-05,41710270.53600239,15.840717635446758,7329067565199064.0,3.751929848891641e-05,2.3460446797032066e-12,2.3599022821323858e-07,100590.67939110743,0.3528388231374698,-5.791066139147655e-13
2203,1.5501192531838442e-11,5.8651116992580164e-15,ELECTRODE_ATTACHMENT,CONFIRMED,6.801114186109504e-05,41710270.31640365,15.840717552047597,7331396221769004.0,3.75312194648524e-05,2.3460446966473944e-12,2.359152710476636e-07,100558.7282223554,0.3529344922765114,-5.7898954313683e-13
2204,1.550705764358006e-11,5.865111741618487e-15,ELECTRODE_ATTACHMENT,CONFIRMED,6.801224224503891e-05,41710270.09680403,15.8407174686481,7333720257518393.0,3.7543116785678814e-05,2.346044713591652e-12,2.358405100819311e-07,100526.86068411442,0.3530299740543694,-5.78872213922805e-13
2205,1.551292275536404e-11,5.86511178397913e-15,ELECTRODE_ATTACHMENT,CONFIRMED,6.801334175952068e-05,41710269.87720351,15.84071738524826,7336039672552127.0,3.755499045193261e-05,2.3460447305359784e-12,2.3576594498493227e-07,100495.07663524772,0.353125268507367,-5.787546273319854e-13
2206,1.551878786719038e-11,5.8651118263399465e-15,ELECTRODE_ATTACHMENT,CONFIRMED,6.801444040524316e-05,41710269.65760237,15.840717301848189,7338354466995476.0,3.756684046425508e-05,2.346044747480353e-12,2.3569157542606698e-07,100463.37593483638,0.3532203756726139,-5.786367844266108e-13
2207,1.552465297905908e-11,5.8651118687008826e-15,ELECTRODE_ATTACHMENT,CONFIRMED,6.801553818290626e-05,41710269.43800067,15.8407172184479,7340664640994119.0,3.757866682339195e-05,2.3460447644247704e-12,2.3561740107524118e-07,100431.7584421764,0.3533152955879976,-5.785186862718641e-13
2208,1.553051809097014e-11,5.8651119110619275e-15,ELECTRODE_ATTACHMENT,CONFIRMED,6.801663509320686e-05,41710269.21839851,15.84071713504744,7342970194714172.0,3.759046953019358e-05,2.3460447813692248e-12,2.3554342160286405e-07,100400.22401677836,0.3534100282921887,-5.784003339358808e-13
2209,1.553638320292356e-11,5.865111953423062e-15,ELECTRODE_ATTACHMENT,CONFIRMED,6.801773113683883e-05,41710268.9987961,15.840717051646882,7345271128342222.0,3.760224858561512e-05,2.3460447983136985e-12,2.3546963667984485e-07,100368.7725183666,0.3535045738246442,-5.782817284897566e-13
2210,1.5542248314919347e-11,5.8651119957842484e-15,ELECTRODE_ATTACHMENT,CONFIRMED,6.801882631449305e-05,41710268.77919341,15.84071696824622,7347567442085359.0,3.761400399071671e-05,2.3460448152581933e-12,2.353960459775899e-07,100337.40380687632,0.353598932225602,-5.781628710075491e-13
2211,1.554811342695749e-11,5.865112038145484e-15,ELECTRODE_ATTACHMENT,CONFIRMED,6.801992062685745e-05,41710268.55959073,15.84071688484556,7349859136171206.0,3.7625735746663565e-05,2.3460448322026884e-12,2.3532264916800035e-07,100306.11774245472,0.3536931035360909,-5.780437625662882e-13
2212,1.5553978539038e-11,5.865112080506722e-15,ELECTRODE_ATTACHMENT,CONFIRMED,6.802101407461699e-05,41710268.33998808,15.840716801444913,7352146210847953.0,3.763744385472622e-05,2.3460448491471808e-12,2.3524944592346858e-07,100274.91418545767,0.3537870877979221,-5.779244042459776e-13
2213,1.5559843651160868e-11,5.8651121228679535e-15,ELECTRODE_ATTACHMENT,CONFIRMED,6.802210665845363e-05,41710268.12038558,15.84071671804432,7354428666384388.0,3.7649128316280634e-05,2.3460448660916626e-12,2.351764359168757e-07,100243.79299644948,0.3538808850536966,-5.778047971296043e-13
2214,1.5565708763326097e-11,5.865112165229157e-15,ELECTRODE_ATTACHMENT,CONFIRMED,6.802319837904634e-05,41710267.90078328,15.840716634643806,7356706503069930.0,3.766078913280838e-05,2.346044883036129e-12,2.351036188215884e-07,100212.75403620138,0.3539744953468031,-5.776849423031424e-13
2215,1.5571573875533686e-11,5.8651122075903226e-15,ELECTRODE_ATTACHMENT,CONFIRMED,6.802428923707115e-05,41710267.68118143,15.840716551243464,7358979721214659.0,3.7672426305896814e-05,2.34604489998056e-12,2.350309943114565e-07,100181.7971656911,0.3540679187214239,-5.775648408555618e-13
2216,1.557743898778364e-11,5.865112249951401e-15,ELECTRODE_ATTACHMENT,CONFIRMED,6.802537923320116e-05,41710267.46158019,15.84071646784335,7361248321149351.0,3.7684039837239255e-05,2.3460449169249445e-12,2.349585620608096e-07,100150.92224610056,0.354161155222531,-5.774444938788328e-13
2217,1.5583304100075952e-11,5.865112292312362e-15,ELECTRODE_ATTACHMENT,CONFIRMED,6.802646836810647e-05,41710267.241979465,15.840716384443436,7363512303225509.0,3.769562972863507e-05,2.34604493386929e-12,2.348863217444545e-07,100120.12913881436,0.3542542048958829,-5.773239024679273e-13
2218,1.5589169212410627e-11,5.865112334673226e-15,ELECTRODE_ATTACHMENT,CONFIRMED,6.802755664245421e-05,41710267.02237959,15.840716301043845,7365771667815396.0,3.770719598198996e-05,2.3460449508135697e-12,2.348142730376721e-07,100089.41770542052,0.3543470677880402,-5.772030677208364e-13
2219,1.5595034324787662e-11,5.865112377033925e-15,ELECTRODE_ATTACHMENT,CONFIRMED,6.802864405690863e-05,41710266.802780494,15.840716217644546,7368026415312066.0,3.771873859931605e-05,2.346044967757789e-12,2.347424156162145e-07,100058.7878077066,0.3544397439463494,-5.770819907385645e-13
2220,1.5600899437207058e-11,5.8651124193944734e-15,ELECTRODE_ATTACHMENT,CONFIRMED,6.802973061213096e-05,41710266.58318246,15.84071613424565,7370276546129399.0,3.7730257582732046e-05,2.3460449847019283e-12,2.3467074915630274e-07,100028.23930766116,0.3545322334189586,-5.769606726251442e-13
2221,1.560676454966881e-11,5.865112461754822e-15,ELECTRODE_ATTACHMENT,CONFIRMED,6.803081630877956e-05,41710266.36358553,15.840716050847176,7372522060702131.0,3.774175293446345e-05,2.3460450016459816e-12,2.34599273334623e-07,99997.77206747036,0.3546245362548085,-5.768391144876379e-13
2222,1.5612629662172925e-11,5.865112504114955e-15,ELECTRODE_ATTACHMENT,CONFIRMED,6.80319011475098e-05,41710266.143989846,15.840715967449173,7374762959485889.0,3.775322465684271e-05,2.346045018589939e-12,2.3452798782832437e-07,99967.3859495179,0.3547166525036382,-5.767173174361449e-13
2223,1.56184947747194e-11,5.865112546474848e-15,ELECTRODE_ATTACHMENT,CONFIRMED,6.803298512897413e-05,41710265.92439549,15.840715884051676,7376999242957222.0,3.776467275230936e-05,2.3460450355337946e-12,2.3445689231501565e-07,99937.0808163833,0.3548085822159839,-5.76595282583809e-13
2224,1.5624359887308235e-11,5.865112588834486e-15,ELECTRODE_ATTACHMENT,CONFIRMED,6.803406825382206e-05,41710265.70480254,15.840715800654712,7379230911613634.0,3.777609722341024e-05,2.3460450524775417e-12,2.343859864727627e-07,99906.85653084083,0.3549003254431812,-5.76473011046823e-13
2225,1.5630224999939428e-11,5.8651126311938565e-15,ELECTRODE_ATTACHMENT,CONFIRMED,6.803515052270022e-05,41710265.48521129,15.840715717258394,7381457965973620.0,3.77874980727996e-05,2.3460450694211576e-12,2.343152699800856e-07,99876.71295585913,0.3549918822373704,-5.76350503944439e-13
2226,1.563609011261298e-11,5.865112673552895e-15,ELECTRODE_ATTACHMENT,CONFIRMED,6.803623193625226e-05,41710265.26562162,15.840715633862674,7383680406576695.0,3.7798875303239354e-05,2.346045086364653e-12,2.3424474251595525e-07,99846.6499545976,0.3550832526514849,-5.762277623989668e-13
2227,1.5641955225328892e-11,5.865112715911633e-15,ELECTRODE_ATTACHMENT,CONFIRMED,6.803731249511897e-05,41710265.046033785,15.840715550467657,7385898233983428.0,3.781022891759913e-05,2.346045103308006e-12,2.3417440375979146e-07,99816.66739040833,0.3551744367392683,-5.761047875357909e-13
2228,1.564782033808716e-11,5.865112758270015e-15,ELECTRODE_ATTACHMENT,CONFIRMED,6.803839219993818e-05,41710264.82644786,15.84071546707336,7388111448775477.0,3.78215589188566e-05,2.346045120251211e-12,2.3410425339145898e-07,99786.76512683244,0.3552654345552637,-5.759815804833685e-13
2229,1.565368545088779e-11,5.865112800628029e-15,ELECTRODE_ATTACHMENT,CONFIRMED,6.803947105134483e-05,41710264.60686398,15.84071538367984,7390320051555622.0,3.7832865310097474e-05,2.3460451371942595e-12,2.340342910912657e-07,99756.94302759996,0.3553562461548202,-5.758581423732399e-13
2230,1.5659550563730776e-11,5.86511284298565e-15,ELECTRODE_ATTACHMENT,CONFIRMED,6.804054904997093e-05,41710264.38728231,15.84071530028716,7392524042947795.0,3.7844148094515816e-05,2.346045154137138e-12,2.339645165399589e-07,99727.20095662854,0.3554468715940931,-5.757344743400355e-13
2231,1.566541567661612e-11,5.865112885342845e-15,ELECTRODE_ATTACHMENT,CONFIRMED,6.804162619644564e-05,41710264.167702846,15.84071521689532,7394723423597118.0,3.785540727541413e-05,2.346045171079846e-12,2.33894929418723e-07,99697.53877802147,0.3555373109300413,-5.756105775214776e-13
2232,1.567128078954382e-11,5.865112927699615e-15,ELECTRODE_ATTACHMENT,CONFIRMED,6.804270249139517e-05,41710263.94812578,15.840715133504386,7396918194169934.0,3.786664285620356e-05,2.3460451880223687e-12,2.338255294091763e-07,99667.95635606776,0.3556275642204348,-5.754864530583946e-13
2233,1.5677145902513874e-11,5.8651129700559245e-15,ELECTRODE_ATTACHMENT,CONFIRMED,6.804377793544286e-05,41710263.72855122,15.840715050114408,7399108355353841.0,3.787785484040406e-05,2.3460452049647e-12,2.337563161933684e-07,99638.45355523986,0.3557176315238515,-5.753621020947211e-13
2234,1.5683011015526288e-11,5.865113012411749e-15,ELECTRODE_ATTACHMENT,CONFIRMED,6.804485252920913e-05,41710263.50897917,15.84071496672538,7401293907857726.0,3.788904323164459e-05,2.3460452219068362e-12,2.3368728945377705e-07,99609.03024019244,0.3558075128996765,-5.752375257775077e-13
2235,1.5688876128581055e-11,5.865113054767091e-15,ELECTRODE_ATTACHMENT,CONFIRMED,6.804592627331155e-05,41710263.28940996,15.840714883337432,7403474852411797.0,3.7900208033663206e-05,2.346045238848754e-12,2.3361844887330574e-07,99579.68627576272,0.3558972084081126,-5.751127252569296e-13
2236,1.5694741241678177e-11,5.865113097121886e-15,ELECTRODE_ATTACHMENT,CONFIRMED,6.804699916836479e-05,41710263.06984351,15.840714799950533,7405651189767619.0,3.7911349250307375e-05,2.3460452557904595e-12,2.3354979413528034e-07,99550.42152696654,0.3559867181101669,-5.749877016862864e-13
2237,1.5700606354817653e-11,5.86511313947615e-15,ELECTRODE_ATTACHMENT,CONFIRMED,6.804807121498062e-05,41710262.85028006,15.840714716564774,7407822920698148.0,3.792246688553399e-05,2.3460452727319327e-12,2.334813249234465e-07,99521.23585899992,0.3560760420676655,-5.748624562220178e-13
2238,1.5706471467999483e-11,5.865113181829832e-15,ELECTRODE_ATTACHMENT,CONFIRMED,6.804914241376795e-05,41710262.63071964,15.840714633180164,7409990045997763.0,3.7933560943409646e-05,2.3460452896731733e-12,2.3341304092196687e-07,99492.1291372357,0.3561651803432445,-5.747369900237029e-13
2239,1.5712336581223667e-11,5.865113224182933e-15,ELECTRODE_ATTACHMENT,CONFIRMED,6.805021276533283e-05,41710262.411162406,15.840714549796765,7412152566482302.0,3.7944631428110815e-05,2.3460453066141683e-12,2.3334494181541805e-07,99463.1012272237,0.356254133000358,-5.746113042540721e-13
2240,1.5718201694490202e-11,5.8651132665354205e-15,ELECTRODE_ATTACHMENT,CONFIRMED,6.805128227027842e-05,41710262.1916084,15.840714466414592,7414310482989095.0,3.795567834392395e-05,2.3460453235549133e-12,2.3327702728878786e-07,99434.15199468867,0.3563429001032746,-5.744854000790117e-13
2241,1.572406680779909e-11,5.865113308887285e-15,ELECTRODE_ATTACHMENT,CONFIRMED,6.805235092920498e-05,41710261.972057804,15.840714383033712,7416463796376999.0,3.796670169524574e-05,2.346045340495396e-12,2.3320929702747235e-07,99405.28130552979,0.3564314817170823,-5.743592786675712e-13
2242,1.5729931921150326e-11,5.8651133512384924e-15,ELECTRODE_ATTACHMENT,CONFIRMED,6.805341874270999e-05,41710261.75251077,15.840714299654188,7418612507526431.0,3.797770148658321e-05,2.3460453574356047e-12,2.3314175071727325e-07,99376.4890258191,0.3565198779076878,-5.742329411919714e-13
2243,1.5735797034543915e-11,5.865113393589014e-15,ELECTRODE_ATTACHMENT,CONFIRMED,6.805448571138799e-05,41710261.5329673,15.840714216276014,7420756617339405.0,3.798867772255399e-05,2.3460453743755395e-12,2.330743880443947e-07,99347.7750217996,0.3566080887418142,-5.741063888276082e-13
2244,1.5741662147979854e-11,5.865113435938849e-15,ELECTRODE_ATTACHMENT,CONFIRMED,6.805555183583068e-05,41710261.31342756,15.84071413289926,7422896126739564.0,3.79996304078864e-05,2.3460453913151842e-12,2.330072086954408e-07,99319.13915988547,0.3566961142870087,-5.739796227530646e-13
2245,1.574752726145814e-11,5.865113478287962e-15,ELECTRODE_ATTACHMENT,CONFIRMED,6.805661711662695e-05,41710261.093891606,15.840714049523944,7425031036672216.0,3.801055954741967e-05,2.3460454082545386e-12,2.329402123574122e-07,99290.5813066594,0.3567839546116382,-5.73852644150113e-13
2246,1.5753392374978776e-11,5.8651135206363486e-15,ELECTRODE_ATTACHMENT,CONFIRMED,6.805768155436278e-05,41710260.874359675,15.840713966150147,7427161348104368.0,3.802146514610414e-05,2.346045425193583e-12,2.3287339871770413e-07,99262.10132887289,0.3568716097848958,-5.737254542037266e-13
2247,1.575925748854176e-11,5.865113562983958e-15,ELECTRODE_ATTACHMENT,CONFIRMED,6.805874514962135e-05,41710260.65483176,15.840713882777887,7429287062024760.0,3.803234720900136e-05,2.346045442132317e-12,2.3280676746410285e-07,99233.69909344339,0.3569590798767944,-5.735980541020823e-13
2248,1.576512260214709e-11,5.8651136053307935e-15,ELECTRODE_ATTACHMENT,CONFIRMED,6.805980790298294e-05,41710260.435307965,15.840713799407188,7431408179443903.0,3.80432057412844e-05,2.346045459070734e-12,2.327403182847826e-07,99205.37446745418,0.3570463649581742,-5.734704450365707e-13
2249,1.5770987715794767e-11,5.865113647676835e-15,ELECTRODE_ATTACHMENT,CONFIRMED,6.806086981502506e-05,41710260.21578848,15.840713716038126,7433524701394111.0,3.805404074823787e-05,2.346045476008818e-12,2.326740508683037e-07,99177.12731815311,0.3571334651007029,-5.733426282018046e-13
2250,1.577685282948479e-11,5.865113690022046e-15,ELECTRODE_ATTACHMENT,CONFIRMED,6.80619308863223e-05,41710259.99627337,15.840713632670722,7435636628929536.0,3.8064852235258215e-05,2.3460454929465666e-12,2.326079649036089e-07,99148.95751295084,0.3572203803768733,-5.732146047956218e-13
2251,1.5782717943217157e-11,5.865113732366417e-15,ELECTRODE_ATTACHMENT,CONFIRMED,6.806299111744648e-05,41710259.77676271,15.840713549305011,7437743963126205.0,3.807564020785386e-05,2.34604550988397e-12,2.3254206008002058e-07,99120.86491941987,0.3573071108600076,-5.730863760190962e-13
2252,1.5788583056991866e-11,5.865113774709925e-15,ELECTRODE_ATTACHMENT,CONFIRMED,6.806405050896659e-05,41710259.55725669,15.840713465941064,7439846705082054.0,3.808640467164539e-05,2.3460455268210162e-12,2.324763360872384e-07,99092.84940529392,0.357393656624259,-5.729579430765446e-13
2253,1.579444817080892e-11,5.865113817052541e-15,ELECTRODE_ATTACHMENT,CONFIRMED,6.806510906144871e-05,41710259.33775539,15.840713382578905,7441944855916964.0,3.809714563236572e-05,2.346045543757698e-12,2.3241079261533594e-07,99064.91083846561,0.35748001774461,-5.728293071755329e-13
2254,1.5800313284668314e-11,5.865113859394246e-15,ELECTRODE_ATTACHMENT,CONFIRMED,6.806616677545619e-05,41710259.11825876,15.84071329921852,7444038416772796.0,3.810786309586031e-05,2.346045560694019e-12,2.3234542935475802e-07,99037.04908698551,0.357566194296872,-5.727004695268827e-13
2255,1.580617839857005e-11,5.865113901735049e-15,ELECTRODE_ATTACHMENT,CONFIRMED,6.80672236515495e-05,41710258.898767196,15.84071321586006,7446127388813426.0,3.8118557068087246e-05,2.346045577629952e-12,2.322802459963182e-07,99009.26401906264,0.3576521863576979,-5.725714313446846e-13
2256,1.5812043512514123e-11,5.86511394407488e-15,ELECTRODE_ATTACHMENT,CONFIRMED,6.806827969028628e-05,41710258.67928054,15.840713132503469,7448211773224782.0,3.812922755511763e-05,2.346045594565504e-12,2.3221524223119515e-07,98981.55550306012,0.3577379940045653,-5.724421938462967e-13
2257,1.5817908626500538e-11,5.86511398641376e-15,ELECTRODE_ATTACHMENT,CONFIRMED,6.806933489222145e-05,41710258.459799066,15.84071304914884,7450291571214878.0,3.813987456313552e-05,2.346045611500658e-12,2.321504177509305e-07,98953.92340749697,0.3578236173157937,-5.723127582523597e-13
2258,1.582377374052929e-11,5.8651140287516454e-15,ELECTRODE_ATTACHMENT,CONFIRMED,6.807038925790696e-05,41710258.24032282,15.8407129657962,7452366784013851.0,3.815049809843826e-05,2.346045628435408e-12,2.32085772247426e-07,98926.3676010451,0.3579090563705359,-5.72183125786801e-13
2259,1.582963885460038e-11,5.86511407108852e-15,ELECTRODE_ATTACHMENT,CONFIRMED,6.807144278789208e-05,41710258.020851895,15.840712882445576,7454437412873998.0,3.816109816743667e-05,2.346045645369748e-12,2.320213054129398e-07,98898.88795252836,0.3579943112487826,-5.720532976768429e-13
2260,1.5835503968713803e-11,5.865114113424369e-15,ELECTRODE_ATTACHMENT,CONFIRMED,6.807249548272318e-05,41710257.801386446,15.840712799097036,7456503459069808.0,3.817167477665512e-05,2.346045662303665e-12,2.319570169400849e-07,98871.48433092223,0.3580793820313648,-5.719232751530113e-13
2261,1.584136908286956e-11,5.8651141557591615e-15,ELECTRODE_ATTACHMENT,CONFIRMED,6.80735473429439e-05,41710257.58192647,15.840712715750572,7458564923898003.0,3.818222793273183e-05,2.3460456792371604e-12,2.3189290652182505e-07,98844.15660535105,0.3581642687999497,-5.7179305944914e-13
2262,1.5847234197067653e-11,5.865114198092902e-15,ELECTRODE_ATTACHMENT,CONFIRMED,6.807459836909501e-05,41710257.36247222,15.840712632406284,7460621808677571.0,3.819275764241901e-05,2.3460456961702144e-12,2.3182897385147295e-07,98816.90464508877,0.3582489716370513,-5.716626518023854e-13
2263,1.5853099311308077e-11,5.8651142404255364e-15,ELECTRODE_ATTACHMENT,CONFIRMED,6.807564856171453e-05,41710257.143023685,15.840712549064166,7462674114749803.0,3.820326391258302e-05,2.346045713102828e-12,2.317652186226867e-07,98789.72831955572,0.3583334906260201,-5.715320534532262e-13
2264,1.5858964425590833e-11,5.865114282757069e-15,ELECTRODE_ATTACHMENT,CONFIRMED,6.807669792133767e-05,41710256.92358104,15.840712465724284,7464721843478331.0,3.821374675020461e-05,2.346045730034987e-12,2.3170164052946715e-07,98762.6274983189,0.3584178258510536,-5.714012656454776e-13
2265,1.586482953991592e-11,5.865114325087469e-15,ELECTRODE_ATTACHMENT,CONFIRMED,6.807774644849681e-05,41710256.7041443,15.840712382386648,7466764996249161.0,3.822420616237906e-05,2.3460457469666904e-12,2.3163823926615506e-07,98735.60205108988,0.3585019773971912,-5.712702896262941e-13
2266,1.5870694654283336e-11,5.865114367416725e-15,ELECTRODE_ATTACHMENT,CONFIRMED,6.80787941437216e-05,41710256.48471368,15.840712299051331,7468803574470713.0,3.82346421563164e-05,2.3460457638979216e-12,2.315750145274285e-07,98708.65184772435,0.3585859453503211,-5.711391266461833e-13
2267,1.587655976869308e-11,5.865114409744805e-15,ELECTRODE_ATTACHMENT,CONFIRMED,6.807984100753882e-05,41710256.26528913,15.840712215718325,7470837579573856.0,3.824505473934156e-05,2.3460457808286854e-12,2.3151196600829962e-07,98681.77675821971,0.3586697297971733,-5.710077779590067e-13
2268,1.5882424883145153e-11,5.865114452071715e-15,ELECTRODE_ATTACHMENT,CONFIRMED,6.808088704047253e-05,41710256.045870975,15.840712132387749,7472867013011945.0,3.82554439188946e-05,2.3460457977589545e-12,2.314490934041119e-07,98654.9766527159,0.3587533308253342,-5.708762448219971e-13
2269,1.588828999763955e-11,5.8651144943973855e-15,ELECTRODE_ATTACHMENT,CONFIRMED,6.808193224304398e-05,41710255.82645909,15.840712049059544,7474891876260859.0,3.8265809702530895e-05,2.3460458146887426e-12,2.3138639641053737e-07,98628.25140149114,0.3588367485232284,-5.707445284957546e-13
2270,1.5894155112176274e-11,5.865114536721857e-15,ELECTRODE_ATTACHMENT,CONFIRMED,6.808297661577161e-05,41710255.60705372,15.84071196573382,7476912170819036.0,3.827615209792128e-05,2.3460458316180266e-12,2.3132387472357385e-07,98601.60087496408,0.3589199829801408,-5.70612630244267e-13
2271,1.590002022675532e-11,5.865114579045067e-15,ELECTRODE_ATTACHMENT,CONFIRMED,6.808402015917115e-05,41710255.387654886,15.84071188241058,7478927898207513.0,3.8286471112852315e-05,2.3460458485468057e-12,2.3126152803954178e-07,98575.02494369002,0.3590030342862013,-5.704805513349083e-13
2272,1.5905885341376685e-11,5.865114621367015e-15,ELECTRODE_ATTACHMENT,CONFIRMED,6.808506287375547e-05,41710255.1682628,15.8407117990899,7480939059969959.0,3.8296766755226335e-05,2.3460458654750667e-12,2.3119935605508197e-07,98548.52347836128,0.3590859025323972,-5.703482930384553e-13
2273,1.5911750456040374e-11,5.8651146636876655e-15,ELECTRODE_ATTACHMENT,CONFIRMED,6.808610476003474e-05,41710254.94887742,15.840711715771766,7482945657672716.0,3.830703903306189e-05,2.346045882402809e-12,2.311373584671518e-07,98522.09634980455,0.3591685878105647,-5.702158566290854e-13
2274,1.591761557074638e-11,5.865114706007023e-15,ELECTRODE_ATTACHMENT,CONFIRMED,6.808714581851628e-05,41710254.72949896,15.840711632456262,7484947692904836.0,3.831728795449365e-05,2.3460458993300186e-12,2.310755349730233e-07,98495.74342898135,0.3592510902133999,-5.700832433843977e-13
2275,1.5923480685494707e-11,5.865114748325046e-15,ELECTRODE_ATTACHMENT,CONFIRMED,6.808818604970471e-05,41710254.5101274,15.840711549143377,7486945167278117.0,3.832751352777279e-05,2.3460459162566946e-12,2.310138852702798e-07,98469.46458698518,0.3593334098344508,-5.699504545854082e-13
2276,1.592934580028535e-11,5.865114790641737e-15,ELECTRODE_ATTACHMENT,CONFIRMED,6.808922545410186e-05,41710254.290762976,15.840711465833206,7488938082427140.0,3.833771576126711e-05,2.34604593318282e-12,2.309524090568133e-07,98443.25969504192,0.3594155467681282,-5.698174915165705e-13
2277,1.5935210915118306e-11,5.86511483295705e-15,ELECTRODE_ATTACHMENT,CONFIRMED,6.809026403220678e-05,41710254.071405694,15.840711382525743,7490926440009311.0,3.834789466346126e-05,2.346045950108396e-12,2.308911060308213e-07,98417.12862450685,0.359497501109696,-5.696843554657736e-13
2278,1.5941076029993578e-11,5.865114875270991e-15,ELECTRODE_ATTACHMENT,CONFIRMED,6.809130178451576e-05,41710253.852055706,15.84071129922105,7492910241704894.0,3.835805024295689e-05,2.3460459670334088e-12,2.3082997589080438e-07,98391.07124686496,0.3595792729552819,-5.69551047724358e-13
2279,1.5946941144911163e-11,5.865114917583523e-15,ELECTRODE_ATTACHMENT,CONFIRMED,6.809233871152231e-05,41710253.63271309,15.84071121591916,7494889489217051.0,3.836818250847288e-05,2.3460459839578525e-12,2.3076901833556285e-07,98365.08743372896,0.3596608624018735,-5.694175695871199e-13
2280,1.5952806259871056e-11,5.865114959894631e-15,ELECTRODE_ATTACHMENT,CONFIRMED,6.809337481371724e-05,41710253.41337792,15.840711132620092,7496864184271881.0,3.837829146884554e-05,2.3460460008817226e-12,2.3070823306419443e-07,98339.17705683799,0.3597422695473194,-5.692839223523209e-13
2281,1.5958671374873262e-11,5.8651150022043056e-15,ELECTRODE_ATTACHMENT,CONFIRMED,6.809441009158855e-05,41710253.19405028,15.840711049323891,7498834328618456.0,3.838837713302878e-05,2.346046017805012e-12,2.3064761977609082e-07,98313.33998805677,0.359823494490333,-5.691501073216983e-13
2282,1.5964536489917774e-11,5.865115044512531e-15,ELECTRODE_ATTACHMENT,CONFIRMED,6.809544454562151e-05,41710252.974730365,15.840710966030622,7500799924028862.0,3.839843951009429e-05,2.3460460347277044e-12,2.305871781709355e-07,98287.57609937468,0.3599045373304946,-5.690161258004714e-13
2283,1.5970401605004595e-11,5.865115086819261e-15,ELECTRODE_ATTACHMENT,CONFIRMED,6.809647817629863e-05,41710252.75541817,15.84071088274028,7502760972298235.0,3.840847860923183e-05,2.346046051649804e-12,2.305269079487001e-07,98261.8852629032,0.3599853981682456,-5.688819790973509e-13
2284,1.5976266720133718e-11,5.86511512912451e-15,ELECTRODE_ATTACHMENT,CONFIRMED,6.809751098409965e-05,41710252.53611384,15.84071079945293,7504717475244800.0,3.841849443974927e-05,2.346046068571295e-12,2.304668088096423e-07,98236.26735087641,0.3600660771048991,-5.687476685245489e-13
2285,1.5982131835305147e-11,5.865115171428238e-15,ELECTRODE_ATTACHMENT,CONFIRMED,6.809854296950159e-05,41710252.316817455,15.840710716168598,7506669434709912.0,3.842848701107296e-05,2.3460460854921728e-12,2.304068804543024e-07,98210.72223564856,0.360146574242634,-5.686131953977851e-13
2286,1.5987996950518878e-11,5.865115213730433e-15,ELECTRODE_ATTACHMENT,CONFIRMED,6.809957413297876e-05,41710252.09752916,15.840710632887331,7508616852558091.0,3.843845633274782e-05,2.346046102412428e-12,2.303471225835007e-07,98185.24978969332,0.3602268896845007,-5.684785610362991e-13
2287,1.599386206577491e-11,5.865115256031072e-15,ELECTRODE_ATTACHMENT,CONFIRMED,6.81006044750026e-05,41710251.87824894,15.840710549609136,7510559730677064.0,3.844840241443756e-05,2.34604611933206e-12,2.3028753489833454e-07,98159.8498856022,0.3603070235344179,-5.683437667628548e-13
2288,1.599972718107324e-11,5.865115298330151e-15,ELECTRODE_ATTACHMENT,CONFIRMED,6.810163399604198e-05,41710251.658976965,15.840710466334077,7512498070977802.0,3.845832526592488e-05,2.3460461362510557e-12,2.3022811710017574e-07,98134.52239608408,0.3603869758971793,-5.682088139037546e-13
2289,1.6005592296413865e-11,5.865115340627639e-15,ELECTRODE_ATTACHMENT,CONFIRMED,6.810266269656287e-05,41710251.439713374,15.840710383062197,7514431875394561.0,3.846822489711168e-05,2.346046153169404e-12,2.301688688906673e-07,98109.2671939635,0.3604667468784517,-5.680737037888446e-13
2290,1.6011457411796787e-11,5.8651153829235116e-15,ELECTRODE_ATTACHMENT,CONFIRMED,6.81036905770286e-05,41710251.22045821,15.840710299793516,7516361145884918.0,3.847810131801928e-05,2.3460461700871032e-12,2.3010978997172053e-07,98084.08415217894,0.3605463365847748,-5.679384377515249e-13
2291,1.6017322527222006e-11,5.865115425217759e-15,ELECTRODE_ATTACHMENT,CONFIRMED,6.810471763789973e-05,41710251.00121155,15.840710216528064,7518285884429815.0,3.848795453878854e-05,2.3460461870041467e-12,2.3005088004551305e-07,98058.97314378252,0.3606257451235644,-5.678030171287571e-13
2292,1.6023187642689517e-11,5.865115467510367e-15,ELECTRODE_ATTACHMENT,CONFIRMED,6.810574387963409e-05,41710250.78197344,15.840710133265864,7520206093033593.0,3.84977845696802e-05,2.34604620392053e-12,2.2999213881448434e-07,98033.93404193805,0.3607049726031141,-5.676674432610761e-13
2293,1.6029052758199317e-11,5.8651155098013255e-15,ELECTRODE_ATTACHMENT,CONFIRMED,6.81067693026868e-05,41710250.56274414,15.840710050007006,7522121773724037.0,3.850759142107493e-05,2.346046220836233e-12,2.299335659813345e-07,98008.96671992085,0.3607840191325987,-5.675317174925993e-13
2294,1.6034917873751408e-11,5.865115552090584e-15,ELECTRODE_ATTACHMENT,CONFIRMED,6.81077939075102e-05,41710250.34352354,15.840709966751454,7524032928552413.0,3.851737510347365e-05,2.3460462377512678e-12,2.2987516124902018e-07,97984.07105111457,0.360862884822066,-5.673958411710311e-13
2295,1.6040782989345784e-11,5.865115594378169e-15,ELECTRODE_ATTACHMENT,CONFIRMED,6.810881769455395e-05,41710250.12431189,15.8407098834993,7525939559593506.0,3.852713562749768e-05,2.34604625466561e-12,2.298169243207525e-07,97959.24690901248,0.3609415697824524,-5.672598156476793e-13
2296,1.6046648104982448e-11,5.865115636664025e-15,ELECTRODE_ATTACHMENT,CONFIRMED,6.810984066426493e-05,41710249.90510926,15.84070980025057,7527841668945664.0,3.853687300388895e-05,2.3460462715792567e-12,2.2975885489999362e-07,97934.49416721429,0.3610200741255723,-5.671236422774585e-13
2297,1.6052513220661397e-11,5.865115678948143e-15,ELECTRODE_ATTACHMENT,CONFIRMED,6.811086281708737e-05,41710249.68591564,15.840709717005266,7529739258730834.0,3.85465872435102e-05,2.3460462884922096e-12,2.2970095269045413e-07,97909.81269942531,0.3610983979641224,-5.669873224189009e-13
2298,1.6058378336382626e-11,5.8651157212305245e-15,ELECTRODE_ATTACHMENT,CONFIRMED,6.811188415346271e-05,41710249.46673125,15.840709633763463,7531632331094606.0,3.8556278357345205e-05,2.3460463054044487e-12,2.2964321739609043e-07,97885.20237945636,0.3611765414116887,-5.668508574341694e-13
2299,1.606424345214614e-11,5.865115763511123e-15,ELECTRODE_ATTACHMENT,CONFIRMED,6.811290467382969e-05,41710249.24755611,15.840709550525178,7533520888206251.0,3.856594635649899e-05,2.346046322315976e-12,2.2958564872110093e-07,97860.66308122086,0.3612545045827391,-5.66714248689061e-13
2300,1.6070108567951928e-11,5.865115805789939e-15,ELECTRODE_ATTACHMENT,CONFIRMED,6.811392437862433e-05,41710249.02839029,15.840709467290427,7535404932258761.0,3.8575591252197994e-05,2.3460463392267835e-12,2.2952824636992442e-07,97836.19467873468,0.3613322875926304,-5.66577497553021e-13
2301,1.6075973683799994e-11,5.8651158480669596e-15,ELECTRODE_ATTACHMENT,CONFIRMED,6.811494326827998e-05,41710248.809233904,15.840709384059265,7537284465468892.0,3.8585213055790286e-05,2.3460463561368627e-12,2.2947101004723613e-07,97811.79704611488,0.3614098905576088,-5.664406053991512e-13
2302,1.6081838799690337e-11,5.865115890342156e-15,ELECTRODE_ATTACHMENT,CONFIRMED,6.811596134322717e-05,41710248.590087056,15.84070930083172,7539159490077202.0,3.859481177874584e-05,2.346046373046208e-12,2.294139394579455e-07,97787.470057578,0.3614873135948097,-5.663035736042186e-13
2303,1.6087703915622953e-11,5.8651159326155205e-15,ELECTRODE_ATTACHMENT,CONFIRMED,6.81169786038938e-05,41710248.370949805,15.840709217607824,7541030008348093.0,3.860438743265665e-05,2.3460463899548108e-12,2.29357034307193e-07,97763.21358743928,0.3615645568222598,-5.661664035486662e-13
2304,1.609356903159784e-11,5.865115974887027e-15,ELECTRODE_ATTACHMENT,CONFIRMED,6.8117995050705e-05,41710248.15182233,15.840709134387636,7542896022569852.0,3.8613940029236985e-05,2.3460464068626608e-12,2.293002943003473e-07,97739.02751011125,0.36164162035888,-5.660290966166223e-13
2305,1.6099434147614995e-11,5.8651160171566535e-15,ELECTRODE_ATTACHMENT,CONFIRMED,6.811901068408326e-05,41710247.932704605,15.840709051171151,7544757535054693.0,3.862346958032363e-05,2.346046423769759e-12,2.2924371914300221e-07,97714.91170010203,0.3617185043244819,-5.658916541959098e-13
2306,1.610529926367442e-11,5.865116059424397e-15,ELECTRODE_ATTACHMENT,CONFIRMED,6.812002550444829e-05,41710247.7135968,15.840708967958438,7546614548138796.0,3.863297609787605e-05,2.346046440676092e-12,2.2918730854097425e-07,97690.86603201521,0.3617952088397756,-5.657540776780575e-13
2307,1.611116437977611e-11,5.865116101690229e-15,ELECTRODE_ATTACHMENT,CONFIRMED,6.81210395122171e-05,41710247.494498886,15.840708884749478,7548467064182350.0,3.864245959397658e-05,2.346046457581661e-12,2.291310622002993e-07,97666.89038054727,0.3618717340263638,-5.656163684583064e-13
2308,1.6117029495920063e-11,5.865116143954153e-15,ELECTRODE_ATTACHMENT,CONFIRMED,6.812205270780405e-05,41710247.27541112,15.840708801544377,7550315085569594.0,3.8651920080830704e-05,2.346046474486448e-12,2.2907497982723e-07,97642.98462048788,0.3619480800067529,-5.654785279356265e-13
2309,1.6122894612106278e-11,5.86511618621612e-15,ELECTRODE_ATTACHMENT,CONFIRMED,6.81230650916207e-05,41710247.05633343,15.840708718343096,7552158614708858.0,3.866135757076725e-05,2.3460464913904575e-12,2.290190611282325e-07,97619.14862671676,0.3620242469043421,-5.653405575127174e-13
2310,1.612875972833475e-11,5.865116228476145e-15,ELECTRODE_ATTACHMENT,CONFIRMED,6.812407666407601e-05,41710246.83726606,15.840708635145736,7553997654032605.0,3.8670772076238575e-05,2.346046508293671e-12,2.2896330580998397e-07,97595.38227420468,0.3621002348434372,-5.652024585960277e-13
2311,1.6134624844605486e-11,5.865116270734179e-15,ELECTRODE_ATTACHMENT,CONFIRMED,6.812508742557615e-05,41710246.61820895,15.840708551952272,7555832205997475.0,3.8680163609820776e-05,2.346046525196094e-12,2.289077135793694e-07,97571.68543800985,0.36217604394924,-5.650642325957571e-13
2312,1.6140489960918476e-11,5.8651163129902364e-15,ELECTRODE_ATTACHMENT,CONFIRMED,6.812609737652464e-05,41710246.399162285,15.84070846876278,7557662273084323.0,3.8689532184213935e-05,2.3460465420977095e-12,2.288522841434789e-07,97548.05799327894,0.3622516743478606,-5.64925880925873e-13
2313,1.614635507727372e-11,5.865116355244275e-15,ELECTRODE_ATTACHMENT,CONFIRMED,6.812710651732227e-05,41710246.18012612,15.840708385577267,7559487857798264.0,3.869887781224237e-05,2.3460465589985167e-12,2.2879701720960454e-07,97524.49981524392,0.3623271261663101,-5.647874050041159e-13
2314,1.6152220193671215e-11,5.8651163974962935e-15,ELECTRODE_ATTACHMENT,CONFIRMED,6.812811484836714e-05,41710245.96110049,15.840708302395765,7561308962668715.0,3.8708200506854734e-05,2.34604657589851e-12,2.2874191248523775e-07,97501.01077922212,0.3624023995325069,-5.64648806252012e-13
2315,1.615808531011096e-11,5.865116439746276e-15,ELECTRODE_ATTACHMENT,CONFIRMED,6.812912237005468e-05,41710245.74208552,15.840708219218309,7563125590249436.0,3.871750028112432e-05,2.3460465927976816e-12,2.286869696780663e-07,97477.59076061443,0.3624774945752766,-5.645100860948831e-13
2316,1.616395042659295e-11,5.865116481994204e-15,ELECTRODE_ATTACHMENT,CONFIRMED,6.813012908277756e-05,41710245.52308134,15.840708136044944,7564937743118574.0,3.8726777148249286e-05,2.3460466096960215e-12,2.2863218849597122e-07,97454.23963490441,0.3625524114243544,-5.643712459618573e-13
2317,1.6169815543117194e-11,5.8651165242400556e-15,ELECTRODE_ATTACHMENT,CONFIRMED,6.81311349869258e-05,41710245.30408796,15.840708052875684,7566745423878704.0,3.873603112155282e-05,2.346046626593528e-12,2.2857756864702406e-07,97430.95727765645,0.3626271502103833,-5.642322872858779e-13
2318,1.617568065968368e-11,5.8651165664838205e-15,ELECTRODE_ATTACHMENT,CONFIRMED,6.813214008288671e-05,41710245.08510554,15.840707969710587,7568548635156874.0,3.874526221448343e-05,2.3460466434901885e-12,2.285231098394839e-07,97407.7435645152,0.3627017110649203,-5.64093211503716e-13
2319,1.6181545776292406e-11,5.865116608725472e-15,ELECTRODE_ATTACHMENT,CONFIRMED,6.813314437104495e-05,41710244.86613404,15.84070788654964,7570347379604646.0,3.8754470440615054e-05,2.3460466603860072e-12,2.2846881178179453e-07,97384.59837120351,0.3627760941204313,-5.639540200559778e-13
2320,1.618741089294337e-11,5.865116650965019e-15,ELECTRODE_ATTACHMENT,CONFIRMED,6.813414785178241e-05,41710244.64717364,15.840707803392906,7572141659898140.0,3.876365581364741e-05,2.3460466772809693e-12,2.2841467418258137e-07,97361.52157352227,0.362850299510301,-5.638147143871198e-13
2321,1.6193276009636572e-11,5.865116693202424e-15,ELECTRODE_ATTACHMENT,CONFIRMED,6.813515052547835e-05,41710244.428224474,15.840707720240434,7573931478738077.0,3.877281834740613e-05,2.346046694175065e-12,2.2836069675064875e-07,97338.51304734865,0.3629243273688279,-5.636752959454553e-13
2322,1.619914112637201e-11,5.865116735437662e-15,ELECTRODE_ATTACHMENT,CONFIRMED,6.813615239250928e-05,41710244.209286526,15.840707637092232,7575716838849823.0,3.8781958055842986e-05,2.346046711068294e-12,2.283068791949768e-07,97315.57266863417,0.3629981778312253,-5.635357661831662e-13
2323,1.620500624314968e-11,5.865116777670736e-15,ELECTRODE_ATTACHMENT,CONFIRMED,6.813715345324912e-05,41710243.99035984,15.8407075539483,7577497742983431.0,3.879107495303618e-05,2.3460467279606565e-12,2.2825322122471846e-07,97292.7003134041,0.3630718510336248,-5.633961265563137e-13
2324,1.6210871359969583e-11,5.8651168199016416e-15,ELECTRODE_ATTACHMENT,CONFIRMED,6.8138153708069e-05,41710243.77144464,15.840707470808733,7579274193913686.0,3.880016905319048e-05,2.346046744852132e-12,2.281997225491969e-07,97269.89585775709,0.3631453471130831,-5.632563785248518e-13
2325,1.6216736476831715e-11,5.865116862130331e-15,ELECTRODE_ATTACHMENT,CONFIRMED,6.813915315733739e-05,41710243.552540906,15.84070738767352,7581046194440149.0,3.88092403706375e-05,2.3460467617427224e-12,2.2814638287790218e-07,97247.159177862,0.3632186662075717,-5.631165235526328e-13
2326,1.622260159373607e-11,5.865116904356807e-15,ELECTRODE_ATTACHMENT,CONFIRMED,6.814015180142014e-05,41710243.33364876,15.840707304542706,7582813747387198.0,3.881828891983591e-05,2.34604677863242e-12,2.280932019204887e-07,97224.4901499581,0.3632918084559872,-5.629765631074223e-13
2327,1.6228466710682652e-11,5.865116946581051e-15,ELECTRODE_ATTACHMENT,CONFIRMED,6.81411496406803e-05,41710243.11476824,15.840707221416311,7584576855604077.0,3.882731471537168e-05,2.34604679552122e-12,2.2804017938677177e-07,97201.88865035328,0.3633647739981501,-5.628364986609086e-13
2328,1.6234331827671455e-11,5.86511698880305e-15,ELECTRODE_ATTACHMENT,CONFIRMED,6.814214667547833e-05,41710242.895899445,15.840707138294368,7586335521964936.0,3.8836317771958235e-05,2.3460468124091146e-12,2.2798731498672537e-07,97179.35455542304,0.3634375629748057,-5.62696331688714e-13
2329,1.6240196944702476e-11,5.865117031022787e-15,ELECTRODE_ATTACHMENT,CONFIRMED,6.814314290617199e-05,41710242.67704248,15.840707055176914,7588089749368877.0,3.884529810443679e-05,2.346046829296099e-12,2.279346084304783e-07,97156.88774160876,0.3635101755276268,-5.625560636704059e-13
2330,1.6246062061775716e-11,5.8651170732402484e-15,ELECTRODE_ATTACHMENT,CONFIRMED,6.81441383331163e-05,41710242.45819743,15.840706972063987,7589839540739998.0,3.88542557277765e-05,2.346046846182163e-12,2.278820594283121e-07,97134.48808541727,0.3635826117992144,-5.62415696089508e-13
2331,1.625192717889117e-11,5.8651171154554085e-15,ELECTRODE_ATTACHMENT,CONFIRMED,6.814513295666368e-05,41710242.239364296,15.840706888955587,7591584899027439.0,3.886319065707471e-05,2.346046863067308e-12,2.2782966769065762e-07,97112.15546341843,0.3636548719330967,-5.622752304335092e-13
2332,1.625779229604884e-11,5.865117157668272e-15,ELECTRODE_ATTACHMENT,CONFIRMED,6.81461267771638e-05,41710242.020543195,15.840706805851752,7593325827205426.0,3.88721029075572e-05,2.3460468799515245e-12,2.27777432928092e-07,97089.88975224504,0.3637269560737361,-5.621346681938789e-13
2333,1.6263657413248718e-11,5.865117199878811e-15,ELECTRODE_ATTACHMENT,CONFIRMED,6.814711979496369e-05,41710241.80173424,15.840706722752538,7595062328273315.0,3.888099249457837e-05,2.3460468968348042e-12,2.2772535485133627e-07,97067.69082859108,0.3637988643665267,-5.619940108660762e-13
2334,1.6269522530490806e-11,5.8651172420870095e-15,ELECTRODE_ATTACHMENT,CONFIRMED,6.814811201040766e-05,41710241.58293747,15.840706639657949,7596794405255637.0,3.8889859433621525e-05,2.3460469137171437e-12,2.276734331712516e-07,97045.55856921009,0.3638705969577954,-5.618532599495592e-13
2335,1.62753876477751e-11,5.865117284292859e-15,ELECTRODE_ATTACHMENT,CONFIRMED,6.814910342383741e-05,41710241.36415295,15.840706556568009,7598522061202146.0,3.889870374029908e-05,2.3460469305985397e-12,2.2762166759883721e-07,97023.49285091444,0.3639421539948041,-5.61712416947799e-13
2336,1.6281252765101596e-11,5.865117326496348e-15,ELECTRODE_ATTACHMENT,CONFIRMED,6.81500940355919e-05,41710241.14538083,15.84070647348278,7600245299187862.0,3.890752543035282e-05,2.3460469474789764e-12,2.2757005784522621e-07,97001.4935505742,0.3640135356257557,-5.615714833682928e-13
2337,1.6287117882470295e-11,5.865117368697442e-15,ELECTRODE_ATTACHMENT,CONFIRMED,6.815108384600744e-05,41710240.92662113,15.840706390402268,7601964122313117.0,3.8916324519654026e-05,2.3460469643584575e-12,2.2751860362168441e-07,96979.56054511503,0.3640847419997855,-5.614304607225683e-13
2338,1.6292982999881192e-11,5.865117410896144e-15,ELECTRODE_ATTACHMENT,CONFIRMED,6.815207285541763e-05,41710240.70787392,15.840706307326498,7603678533703600.0,3.892510102420391e-05,2.3460469812369737e-12,2.2746730463960522e-07,96957.6937115177,0.3641557732669724,-5.612893505262038e-13
2339,1.6298848117334286e-11,5.865117453092434e-15,ELECTRODE_ATTACHMENT,CONFIRMED,6.815306106415346e-05,41710240.489139326,15.840706224255522,7605388536510405.0,3.893385496013362e-05,2.3460469981145177e-12,2.2741616061050874e-07,96935.89292681674,0.3642266295783356,-5.611481542988333e-13
2340,1.6304713234829572e-11,5.865117495286294e-15,ELECTRODE_ATTACHMENT,CONFIRMED,6.815404847254318e-05,41710240.270417295,15.84070614118932,7607094133910075.0,3.894258634370469e-05,2.3460470149910915e-12,2.2736517124603706e-07,96914.1580680984,0.3642973110858351,-5.610068735641614e-13
2341,1.631057835236705e-11,5.86511753747773e-15,ELECTRODE_ATTACHMENT,CONFIRMED,6.815503508091239e-05,41710240.05170805,15.840706058127966,7608795329104648.0,3.895129519130909e-05,2.34604703186668e-12,2.273143362579525e-07,96892.48901250084,0.3643678179423794,-5.608655098499758e-13
2342,1.6316443469946716e-11,5.865117579666699e-15,ELECTRODE_ATTACHMENT,CONFIRMED,6.815602088958401e-05,41710239.83301169,15.840705975071508,7610492125321706.0,3.8959981519469566e-05,2.346047048741273e-12,2.27263655358134e-07,96870.88563721174,0.3644381503018211,-5.607240646881562e-13
2343,1.632230858756857e-11,5.865117621853182e-15,ELECTRODE_ATTACHMENT,CONFIRMED,6.815700589887831e-05,41710239.614328034,15.840705892019876,7612184525814418.0,3.89686453448399e-05,2.3460470656148888e-12,2.2721312825857425e-07,96849.34781946613,0.3645083083189532,-5.605825396146842e-13
2344,1.6328173705232608e-11,5.865117664037222e-15,ELECTRODE_ATTACHMENT,CONFIRMED,6.815799010911285e-05,41710239.395657405,15.84070580897319,7613872533861589.0,3.8977286684205065e-05,2.3460470824874967e-12,2.271627546713769e-07,96827.8754365483,0.3645782921495292,-5.604409361696648e-13
2345,1.6334038822938825e-11,5.865117706218743e-15,ELECTRODE_ATTACHMENT,CONFIRMED,6.815897352060253e-05,41710239.17699981,15.840705725931455,7615556152767707.0,3.898590555448152e-05,2.346047099359101e-12,2.271125343087533e-07,96806.46836578708,0.3646481019502449,-5.602992558973269e-13
2346,1.6339903940687222e-11,5.865117748397752e-15,ELECTRODE_ATTACHMENT,CONFIRMED,6.815995613365959e-05,41710238.958355285,15.840705642894685,7617235385862987.0,3.899450197271745e-05,2.346047116229695e-12,2.270624668830197e-07,96785.12648455634,0.3647177378787493,-5.601575003460424e-13
2347,1.6345769058477796e-11,5.8651177905742384e-15,ELECTRODE_ATTACHMENT,CONFIRMED,6.816093794859357e-05,41710238.7397239,15.840705559862904,7618910236503422.0,3.900307595609296e-05,2.346047133099277e-12,2.270125521065941e-07,96763.84967027328,0.3647872000936447,-5.600156710683343e-13
2348,1.6351634176310543e-11,5.865117832748194e-15,ELECTRODE_ATTACHMENT,CONFIRMED,6.816191896571138e-05,41710238.5211058,15.840705476836169,7620580708070827.0,3.901162752192038e-05,2.3460471499678337e-12,2.269627896919935e-07,96742.63780039773,0.3648564887544902,-5.598737696208928e-13
2349,1.6357499294185463e-11,5.865117874919586e-15,ELECTRODE_ATTACHMENT,CONFIRMED,6.816289918531722e-05,41710238.302500926,15.84070539381446,7622246803972890.0,3.90201566876445e-05,2.3460471668353696e-12,2.269131793518304e-07,96721.4907524294,0.364925604021797,-5.597317975645829e-13
2350,1.636336441210255e-11,5.865117917088425e-15,ELECTRODE_ATTACHMENT,CONFIRMED,6.816387860771262e-05,41710238.08390951,15.840705310797857,7623908527643215.0,3.9028663470842725e-05,2.346047183701869e-12,2.268637207988105e-07,96700.4084039087,0.3649945460570389,-5.595897564644608e-13
2351,1.6369229530061804e-11,5.865117959254673e-15,ELECTRODE_ATTACHMENT,CONFIRMED,6.816485723319646e-05,41710237.86533153,15.840705227786357,7625565882541373.0,3.903714788922545e-05,2.346047200567332e-12,2.268144137457292e-07,96679.3906324135,0.3650633150226454,-5.594476478897827e-13
2352,1.637509464806322e-11,5.865118001418329e-15,ELECTRODE_ATTACHMENT,CONFIRMED,6.816583506206496e-05,41710237.64676697,15.840705144779957,7627218872152950.0,3.904560996063625e-05,2.3460472174317575e-12,2.267652579054683e-07,96658.43731555859,0.3651319110820067,-5.593054734140184e-13
2353,1.6380959766106802e-11,5.865118043579395e-15,ELECTRODE_ATTACHMENT,CONFIRMED,6.816681209461161e-05,41710237.42821614,15.840705061778769,7628867499989594.0,3.905404970305204e-05,2.3460472342951248e-12,2.26716252990994e-07,96637.54833099572,0.365200334399481,-5.591632346148665e-13
2354,1.638682488419254e-11,5.865118085737813e-15,ELECTRODE_ATTACHMENT,CONFIRMED,6.816778833112729e-05,41710237.20967885,15.84070497878272,7630511769589062.0,3.906246713458348e-05,2.3460472511574483e-12,2.266673987153529e-07,96616.7235564092,0.3652685851403813,-5.590209330742601e-13
2355,1.6392690002320435e-11,5.865118127893621e-15,ELECTRODE_ATTACHMENT,CONFIRMED,6.816876377190019e-05,41710236.99115526,15.84070489579188,7632151684515272.0,3.907086227347511e-05,2.3460472680187145e-12,2.2661869479166929e-07,96595.96286951772,0.3653366634709933,-5.588785703783864e-13
2356,1.639855512049048e-11,5.8651181700467854e-15,ELECTRODE_ATTACHMENT,CONFIRMED,6.816973841721582e-05,41710236.77264544,15.840704812806267,7633787248358349.0,3.907923513810563e-05,2.346047284878919e-12,2.2657014093314234e-07,96575.2661480716,0.3654045695585669,-5.58736148117695e-13
2357,1.6404420238702678e-11,5.8651182121972976e-15,ELECTRODE_ATTACHMENT,CONFIRMED,6.817071226735703e-05,41710236.554149576,15.840704729825957,7635418464734673.0,3.908758574698818e-05,2.346047301738046e-12,2.2652173685304277e-07,96554.63326985197,0.3654723035713245,-5.585936678869135e-13
2358,1.641028535695702e-11,5.865118254345115e-15,ELECTRODE_ATTACHMENT,CONFIRMED,6.817168532260399e-05,41710236.3356676,15.840704646850917,7637045337286931.0,3.909591411877053e-05,2.3460473185961015e-12,2.2647348226470997e-07,96534.06411266842,0.3655398656784524,-5.584511312850554e-13
2359,1.6416150475253513e-11,5.865118296490256e-15,ELECTRODE_ATTACHMENT,CONFIRMED,6.817265758323421e-05,41710236.11719955,15.840704563881166,7638667869684162.0,3.9104220272235385e-05,2.346047335453083e-12,2.264253768815489e-07,96513.55855435891,0.3656072560501115,-5.583085399154361e-13
2360,1.6422015593592142e-11,5.865118338632709e-15,ELECTRODE_ATTACHMENT,CONFIRMED,6.817362904952255e-05,41710235.89874562,15.84070448091678,7640286065621811.0,3.91125042263006e-05,2.346047352308976e-12,2.2637742041702715e-07,96493.11647278852,0.3656744748574391,-5.581658953856886e-13
2361,1.642788071197292e-11,5.8651183807724404e-15,ELECTRODE_ATTACHMENT,CONFIRMED,6.817459972174114e-05,41710235.68030574,15.84070439795773,7641899928821774.0,3.912076600001948e-05,2.3460473691637838e-12,2.263296125846716e-07,96472.73774584684,0.3657415222725422,-5.580231993077685e-13
2362,1.6433745830395827e-11,5.86511842290946e-15,ELECTRODE_ATTACHMENT,CONFIRMED,6.817556960015951e-05,41710235.46188012,15.840704315004093,7643509463032451.0,3.9129005612580954e-05,2.346047386017493e-12,2.2628195309806598e-07,96452.42225144838,0.3658083984685099,-5.57880453297975e-13
2363,1.643961094886087e-11,5.865118465043733e-15,ELECTRODE_ATTACHMENT,CONFIRMED,6.817653868504445e-05,41710235.24346871,15.840704232055856,7645114672028793.0,3.913722308330991e-05,2.3460474028701045e-12,2.2623444167084694e-07,96432.16986752977,0.3658751036194045,-5.577376589769577e-13
2364,1.6445476067368043e-11,5.865118507175262e-15,ELECTRODE_ATTACHMENT,CONFIRMED,6.817750697666016e-05,41710235.02507164,15.840704149113062,7646715559612354.0,3.914541843166743e-05,2.3460474197216105e-12,2.2618707801670185e-07,96411.98047204944,0.365941637900272,-5.575948179697335e-13
2365,1.6451341185917348e-11,5.865118549304027e-15,ELECTRODE_ATTACHMENT,CONFIRMED,6.81784744752681e-05,41710234.80668888,15.840704066175704,7648312129611341.0,3.9153591677251006e-05,2.346047436572013e-12,2.2613986184936526e-07,96391.8539429856,0.3660080014871356,-5.574519319056968e-13
2366,1.6457206304508778e-11,5.865118591430033e-15,ELECTRODE_ATTACHMENT,CONFIRMED,6.81794411811271e-05,41710234.58832053,15.84070398324382,7649904385880662.0,3.916174283979487e-05,2.3460474534213024e-12,2.260927928826157e-07,96371.79015833575,0.3660741945570055,-5.573090024186351e-13
2367,1.6463071423142332e-11,5.865118633553257e-15,ELECTRODE_ATTACHMENT,CONFIRMED,6.818040709449329e-05,41710234.36996677,15.840703900317475,7651492332301979.0,3.916987193917014e-05,2.3460474702694682e-12,2.260458708302733e-07,96351.78899611504,0.3661402172878771,-5.571660311467422e-13
2368,1.6468936541818005e-11,5.865118675673671e-15,ELECTRODE_ATTACHMENT,CONFIRMED,6.818137221562016e-05,41710234.15162756,15.840703817396657,7653075972783758.0,3.917797899538522e-05,2.3460474871165108e-12,2.2599909540619577e-07,96331.85033435433,0.3662060698587284,-5.570230197326274e-13
2369,1.6474801660535796e-11,5.8651187177912774e-15,ELECTRODE_ATTACHMENT,CONFIRMED,6.818233654475852e-05,41710233.93330293,15.840703734481371,7654655311261319.0,3.9186064028585975e-05,2.3460475039624284e-12,2.259524663242761e-07,96311.97405109949,0.3662717524495267,-5.568799698233332e-13
2370,1.6480666779295703e-11,5.865118759906072e-15,ELECTRODE_ATTACHMENT,CONFIRMED,6.818330008215652e-05,41710233.714993,15.840703651571676,7656230351696888.0,3.919412705905594e-05,2.346047520807212e-12,2.259059832984393e-07,96292.1600244104,0.3663372652412304,-5.56736883070347e-13
2371,1.648653189809772e-11,5.86511880201803e-15,ELECTRODE_ATTACHMENT,CONFIRMED,6.818426282805955e-05,41710233.49669777,15.84070356866756,7657801098079647.0,3.920216810721677e-05,2.346047537650861e-12,2.258596460426388e-07,96272.40813235869,0.366402608415787,-5.565937611296134e-13
2372,1.6492397016941848e-11,5.865118844127153e-15,ELECTRODE_ATTACHMENT,CONFIRMED,6.818522478271048e-05,41710233.27841743,15.8407034857691,7659367554425787.0,3.9210187193628246e-05,2.3460475544933613e-12,2.2581345427085405e-07,96252.71825302766,0.3664677821561407,-5.564506056615519e-13
2373,1.649826213582808e-11,5.865118886233403e-15,ELECTRODE_ATTACHMENT,CONFIRMED,6.818618594634941e-05,41710233.06015189,15.84070340287626,7660929724778557.0,3.921818433898876e-05,2.346047571334722e-12,2.2576740769708734e-07,96233.0902645094,0.366532786646224,-5.563074183310619e-13
2374,1.650412725475642e-11,5.865118928336805e-15,ELECTRODE_ATTACHMENT,CONFIRMED,6.818714631921375e-05,41710232.84190131,15.8407033199891,7662487613208319.0,3.922615956413548e-05,2.3460475881749264e-12,2.2572150603536e-07,96213.52404490515,0.3665976220709723,-5.561642008075471e-13
2375,1.6509992373726855e-11,5.865118970437317e-15,ELECTRODE_ATTACHMENT,CONFIRMED,6.818810590153833e-05,41710232.62366566,15.840703237107611,7664041223812598.0,3.923411289004462e-05,2.3460476050139802e-12,2.256757489997101e-07,96194.0194723224,0.3666622886163137,-5.560209547649186e-13
2376,1.651585749273939e-11,5.8651190125349504e-15,ELECTRODE_ATTACHMENT,CONFIRMED,6.818906469355523e-05,41710232.40544512,15.840703154231862,7665590560716133.0,3.9242044337831713e-05,2.3460476218518672e-12,2.256301363041891e-07,96174.57642487518,0.3667267864691808,-5.558776818816179e-13
2377,1.652172261179402e-11,5.865119054629669e-15,ELECTRODE_ATTACHMENT,CONFIRMED,6.819002269549388e-05,41710232.18723961,15.84070307136182,7667135628070931.0,3.924995392875187e-05,2.3460476386885963e-12,2.2558466766285858e-07,96155.19478068096,0.3667911158175014,-5.557343838406218e-13
2378,1.652758773089074e-11,5.86511909672149e-15,ELECTRODE_ATTACHMENT,CONFIRMED,6.819097990758102e-05,41710231.96904929,15.840702988497547,7668676430056319.0,3.9257841684200087e-05,2.346047655524152e-12,2.2553934278978722e-07,96135.87441786104,0.3668552768502125,-5.555910623294642e-13
2379,1.653345285002955e-11,5.865119138810381e-15,ELECTRODE_ATTACHMENT,CONFIRMED,6.819193633004075e-05,41710231.75087418,15.84070290563905,7670212970878996.0,3.926570762571148e-05,2.346047672358535e-12,2.254941613990477e-07,96116.61521453792,0.3669192697572523,-5.554477190402445e-13
2380,1.6539317969210446e-11,5.865119180896338e-15,ELECTRODE_ATTACHMENT,CONFIRMED,6.819289196309448e-05,41710231.53271434,15.840702822786351,7671745254773087.0,3.927355177496152e-05,2.3460476891917402e-12,2.254491232047137e-07,96097.41704883472,0.3669830947295658,-5.553043556696426e-13
2381,1.6545183088433422e-11,5.865119222979351e-15,ELECTRODE_ATTACHMENT,CONFIRMED,6.819384680696094e-05,41710231.31456983,15.84070273993948,7673273286000194.0,3.9281374153766406e-05,2.3460477060237626e-12,2.254042279208564e-07,96078.27979887347,0.3670467519591068,-5.551609739189346e-13
2382,1.6551048207698484e-11,5.865119265059407e-15,ELECTRODE_ATTACHMENT,CONFIRMED,6.819480086185618e-05,41710231.09644069,15.840702657098438,7674797068849452.0,3.928917478408323e-05,2.346047722854599e-12,2.2535947526154189e-07,96059.20334277407,0.3671102416388383,-5.550175754940046e-13
2383,1.655691332700562e-11,5.8651193071364975e-15,ELECTRODE_ATTACHMENT,CONFIRMED,6.819575412799358e-05,41710230.87832695,15.840702574263249,7676316607637579.0,3.9296953688010336e-05,2.3460477396842475e-12,2.2531486494082746e-07,96040.18755865232,0.3671735639627344,-5.548741621053594e-13
2384,1.656277844635483e-11,5.86511934921062e-15,ELECTRODE_ATTACHMENT,CONFIRMED,6.819670660558385e-05,41710230.66022874,15.840702491433955,7677831906708932.0,3.9304710887787535e-05,2.3460477565126987e-12,2.2527039667275882e-07,96021.23232461976,0.3672367191257852,-5.54730735468145e-13
2385,1.656864356574611e-11,5.8651193912817485e-15,ELECTRODE_ATTACHMENT,CONFIRMED,6.819765829483502e-05,41710230.442146085,15.840702408610577,7679342970435559.0,3.931244640579636e-05,2.3460477733399487e-12,2.2522607017136715e-07,96002.3375187813,0.3672997073239934,-5.54587297302156e-13
2386,1.6574508685179462e-11,5.865119433349872e-15,ELECTRODE_ATTACHMENT,CONFIRMED,6.819860919595243e-05,41710230.22407896,15.840702325793089,7680849803217255.0,3.932016026456048e-05,2.3460477901660015e-12,2.2518188515066505e-07,95983.50301923374,0.3673625287543766,-5.544438493318523e-13
2387,1.6580373804654877e-11,5.865119475415005e-15,ELECTRODE_ATTACHMENT,CONFIRMED,6.819955930913876e-05,41710230.00602756,15.840702242981571,7682352409481614.0,3.932785248674576e-05,2.346047806990841e-12,2.2513784132464475e-07,95964.72870406588,0.3674251836149771,-5.543003932863765e-13
2388,1.6586238924172355e-11,5.865119517477102e-15,ELECTRODE_ATTACHMENT,CONFIRMED,6.820050863459399e-05,41710229.78799182,15.840702160176008,7683850793684085.0,3.933552309516076e-05,2.3460478238144725e-12,2.250939384072736e-07,95946.01445135508,0.367487672104851,-5.541569308995602e-13
2389,1.659210404373189e-11,5.865119559536182e-15,ELECTRODE_ATTACHMENT,CONFIRMED,6.820145717251545e-05,41710229.56997184,15.840702077376426,7685344960308025.0,3.934317211275684e-05,2.3460478406368882e-12,2.2505017611249174e-07,95927.36013916782,0.3675499944240803,-5.54013463909947e-13
2390,1.659796916333348e-11,5.865119601592221e-15,ELECTRODE_ATTACHMENT,CONFIRMED,6.820240492309775e-05,41710229.35196767,15.840701994582847,7686834913864754.0,3.935079956262855e-05,2.3460478574580842e-12,2.250065541542089e-07,95908.76564555716,0.3676121507737695,-5.538699940608013e-13
2391,1.6603834282977127e-11,5.865119643645211e-15,ELECTRODE_ATTACHMENT,CONFIRMED,6.820335188653285e-05,41710229.13397936,15.840701911795296,7688320658893609.0,3.9358405468013845e-05,2.3460478742780564e-12,2.2496307224630085e-07,95890.23084856194,0.367674141356049,-5.537265231001248e-13
2392,1.6609699402662823e-11,5.865119685695141e-15,ELECTRODE_ATTACHMENT,CONFIRMED,6.820429806301001e-05,41710228.916006975,15.840701829013788,7689802199962002.0,3.936598985229443e-05,2.3460478910968003e-12,2.249197301026063e-07,95871.75562620512,0.3677359663740772,-5.535830527806703e-13
2393,1.6615564522390566e-11,5.865119727742e-15,ELECTRODE_ATTACHMENT,CONFIRMED,6.820524345271583e-05,41710228.698050536,15.84070174623834,7691279541665473.0,3.937355273899594e-05,2.3460479079143127e-12,2.248765274369241e-07,95853.33985649257,0.3677976260320398,-5.53439584859956e-13
2394,1.6621429642160353e-11,5.865119769785784e-15,ELECTRODE_ATTACHMENT,CONFIRMED,6.820618805583421e-05,41710228.480110094,15.840701663468968,7692752688627744.0,3.938109415178839e-05,2.346047924730592e-12,2.2483346396300957e-07,95834.98341741176,0.3678591205351553,-5.532961211002818e-13
2395,1.6627294761972178e-11,5.8651198118264806e-15,ELECTRODE_ATTACHMENT,CONFIRMED,6.820713187254634e-05,41710228.26218572,15.840701580705693,7694221645500778.0,3.938861411448624e-05,2.346047941545633e-12,2.2479053939457165e-07,95816.68618693025,0.3679204500896742,-5.531526632687413e-13
2396,1.663315988182604e-11,5.8651198538640815e-15,ELECTRODE_ATTACHMENT,CONFIRMED,6.820807490303078e-05,41710228.044277444,15.840701497948537,7695686416964832.0,3.939611265104888e-05,2.3460479583594304e-12,2.247477534452696e-07,95798.44804299464,0.3679816149028822,-5.53009213137239e-13
2397,1.663902500172194e-11,5.865119895898578e-15,ELECTRODE_ATTACHMENT,CONFIRMED,6.820901714746336e-05,41710227.8263853,15.840701415197504,7697147007728513.0,3.940358978558082e-05,2.3460479751719842e-12,2.247051058287096e-07,95780.26886352865,0.3680426151831002,-5.528657724825022e-13
2398,1.6644890121659872e-11,5.865119937929961e-15,ELECTRODE_ATTACHMENT,CONFIRMED,6.820995860601726e-05,41710227.608509354,15.84070133245262,7698603422528837.0,3.941104554233198e-05,2.3460479919832888e-12,2.24662596258442e-07,95762.14852643231,0.3681034511396885,-5.527223430860992e-13
2399,1.665075524163983e-11,5.8651199799582244e-15,ELECTRODE_ATTACHMENT,CONFIRMED,6.821089927886292e-05,41710227.39064971,15.840701249713934,7700055666131283.0,3.9418479945698e-05,2.3460480087933344e-12,2.246202244479576e-07,95744.08690958064,0.3681641229830489,-5.525789267344521e-13
2400,1.6656620361661815e-11,5.865120021983337e-15,ELECTRODE_ATTACHMENT,CONFIRMED,6.821183916616813e-05,41710227.17280632,15.840701166981416,7701503743329849.0,3.942589302022052e-05,2.3460480256021283e-12,2.2457799011068482e-07,95726.0838908212,0.3682246309246205,-5.524355252188497e-13
2401,1.666248548172582e-11,5.86512006400532e-15,ELECTRODE_ATTACHMENT,CONFIRMED,6.8212778268098e-05,41710226.95497925,15.840701084255098,7702947658947111.0,3.9433284790587455e-05,2.3460480424096604e-12,2.245358929599863e-07,95708.13934797439,0.3682849751768903,-5.522921403354666e-13
2402,1.6668350601831843e-11,5.865120106024152e-15,ELECTRODE_ATTACHMENT,CONFIRMED,6.821371658481489e-05,41710226.73716861,15.84070100153502,7704387417834278.0,3.944065528163332e-05,2.3460480592159263e-12,2.244939327091558e-07,95690.25315883086,0.3683451559533903,-5.521487738853752e-13
2403,1.667421572197988e-11,5.865120148039817e-15,ELECTRODE_ATTACHMENT,CONFIRMED,6.821465411647855e-05,41710226.519374326,15.840700918821154,7705823024871249.0,3.944800451833951e-05,2.3460480760209317e-12,2.2445210907141478e-07,95672.42520115011,0.3684051734686968,-5.5200542767456e-13
2404,1.6680080842169935e-11,5.8651201900523284e-15,ELECTRODE_ATTACHMENT,CONFIRMED,6.821559086324595e-05,41710226.30159664,15.840700836113593,7707254484966672.0,3.9455332525834593e-05,2.346048092824654e-12,2.244104217599091e-07,95654.65535266066,0.3684650279384426,-5.518621035139387e-13
2405,1.6685945962401997e-11,5.865120232061635e-15,ELECTRODE_ATTACHMENT,CONFIRMED,6.821652682527145e-05,41710226.083835386,15.840700753412268,7708681803058001.0,3.946263932939457e-05,2.346048109627111e-12,2.2436887048770645e-07,95636.94349105588,0.3685247195793017,-5.517188032193665e-13
2406,1.6691811082676064e-11,5.865120274067777e-15,ELECTRODE_ATTACHMENT,CONFIRMED,6.821746200270665e-05,41710225.866090655,15.840700670717224,7710104984111552.0,3.9469924954443215e-05,2.346048126428291e-12,2.2432745496779226e-07,95619.28949399537,0.3685842486090082,-5.515755286116603e-13
2407,1.6697676202992136e-11,5.865120316070727e-15,ELECTRODE_ATTACHMENT,CONFIRMED,6.82183963957005e-05,41710225.64836261,15.840700588028508,7711524033122563.0,3.947718942655238e-05,2.346048143228186e-12,2.242861749130669e-07,95601.69323910243,0.3686436152463512,-5.514322815166125e-13
2408,1.6703541323350207e-11,5.8651203580704644e-15,ELECTRODE_ATTACHMENT,CONFIRMED,6.821933000439923e-05,41710225.4306512,15.84070050534612,7712938955115252.0,3.9484432771442235e-05,2.3460481600267964e-12,2.242450300363423e-07,95584.15460396216,0.3687028197111733,-5.512890637650013e-13
2409,1.6709406443750274e-11,5.865120400066993e-15,ELECTRODE_ATTACHMENT,CONFIRMED,6.822026282894634e-05,41710225.21295644,15.840700422670048,7714349755142873.0,3.949165501498162e-05,2.3460481768241225e-12,2.2420402005033883e-07,95566.67346612072,0.3687618622243767,-5.511458771926105e-13
2410,1.6715271564192333e-11,5.865120442060308e-15,ELECTRODE_ATTACHMENT,CONFIRMED,6.82211948694827e-05,41710224.995278426,15.840700340000335,7715756438287776.0,3.94988561831883e-05,2.346048193620157e-12,2.2416314466768194e-07,95549.24970308416,0.3688207430079262,-5.510027236402434e-13
2411,1.6721136684676384e-11,5.865120484050393e-15,ELECTRODE_ATTACHMENT,CONFIRMED,6.82221261261464e-05,41710224.77761718,15.840700257336996,7717159009661467.0,3.950603630222932e-05,2.3460482104148977e-12,2.2412240360089886e-07,95531.88319231635,0.3688794622848471,-5.508596049537376e-13
2412,1.672700180520242e-11,5.865120526037244e-15,ELECTRODE_ATTACHMENT,CONFIRMED,6.822305659907294e-05,41710224.55997278,15.840700174680052,7718557474404665.0,3.951319539842127e-05,2.346048227208339e-12,2.2408179656241533e-07,95514.57381123818,0.3689380202792311,-5.507165229839812e-13
2413,1.673286692577044e-11,5.8651205680208474e-15,ELECTRODE_ATTACHMENT,CONFIRMED,6.822398628839496e-05,41710224.34234516,15.840700092029484,7719951837687362.0,3.9520333498230606e-05,2.3460482440004847e-12,2.2404132326455242e-07,95497.32143722531,0.3689964172162327,-5.505734795869263e-13
2414,1.6738732046380444e-11,5.865120610001213e-15,ELECTRODE_ATTACHMENT,CONFIRMED,6.822491519424255e-05,41710224.12473447,15.84070000938534,7721342104708881.0,3.9527450628273896e-05,2.3460482607913255e-12,2.2400098341952318e-07,95480.12594760829,0.3690546533220796,-5.504304766236073e-13
2415,1.6744597167032422e-11,5.865120651978313e-15,ELECTRODE_ATTACHMENT,CONFIRMED,6.8225843316743e-05,41710223.90714074,15.84069992674764,7722728280697937.0,3.95345468153182e-05,2.346048277580857e-12,2.2396077673942947e-07,95462.98721966967,0.3691127288240667,-5.502875159601543e-13
2416,1.6750462287726374e-11,5.865120693952144e-15,ELECTRODE_ATTACHMENT,CONFIRMED,6.822677065602091e-05,41710223.689563945,15.840699844116372,7724110370912695.0,3.9541622086281366e-05,2.346048294369083e-12,2.2392070293625838e-07,95445.905130643,0.369170643950561,-5.501445994678075e-13
2417,1.6756327408462295e-11,5.865120735922709e-15,ELECTRODE_ATTACHMENT,CONFIRMED,6.82276972121982e-05,41710223.47200416,15.840699761491562,7725488380640833.0,3.954867646823226e-05,2.346048311155997e-12,2.2388076172187922e-07,95428.87955771197,0.3692283989310047,-5.500017290229354e-13
2418,1.6762192529240186e-11,5.865120777889993e-15,ELECTRODE_ATTACHMENT,CONFIRMED,6.822862298539401e-05,41710223.25446144,15.840699678873234,7726862315199598.0,3.95557099883912e-05,2.3460483279415943e-12,2.2384095280804025e-07,95411.91037800856,0.3692859939959165,-5.498589065070491e-13
2419,1.676805765006004e-11,5.8651208198539866e-15,ELECTRODE_ATTACHMENT,CONFIRMED,6.822954797572488e-05,41710223.03693574,15.840699596261372,7728232179935868.0,3.956272267413013e-05,2.346048344725877e-12,2.23801275906365e-07,95394.9974686114,0.3693434293768908,-5.497161338068162e-13
2420,1.6773922770921855e-11,5.865120861814693e-15,ELECTRODE_ATTACHMENT,CONFIRMED,6.823047218330454e-05,41710222.819427215,15.840699513656032,7729597980226214.0,3.9569714552973005e-05,2.346048361508836e-12,2.237617307283496e-07,95378.14070654516,0.3694007053066059,-5.495734128140796e-13
2421,1.6779787891825626e-11,5.865120903772091e-15,ELECTRODE_ATTACHMENT,CONFIRMED,6.823139560824406e-05,41710222.60193575,15.840699431057168,7730959721476959.0,3.9576685652596144e-05,2.3460483782904788e-12,2.237223169853584e-07,95361.3399687779,0.3694578220188169,-5.494307454258696e-13
2422,1.678565301277135e-11,5.865120945726198e-15,ELECTRODE_ATTACHMENT,CONFIRMED,6.823231825065178e-05,41710222.38446159,15.840699348464875,7732317409124238.0,3.95836360008284e-05,2.346048395070788e-12,2.2368303438862218e-07,95344.59513222147,0.3695147797483703,-5.492881335444231e-13
2423,1.679151813375903e-11,5.865120987676969e-15,ELECTRODE_ATTACHMENT,CONFIRMED,6.823324011063328e-05,41710222.167004555,15.840699265879088,7733671048634060.0,3.9590565625651614e-05,2.346048411849774e-12,2.236438826492333e-07,95327.9060737277,0.3695715787311902,-5.491455790771944e-13
2424,1.6797383254788655e-11,5.865121029624435e-15,ELECTRODE_ATTACHMENT,CONFIRMED,6.823416118829151e-05,41710221.94956481,15.84069918329987,7735020645502370.0,3.959747455520088e-05,2.3460484286274265e-12,2.236048614781434e-07,95311.27267008941,0.3696282192042953,-5.49003083936876e-13
2425,1.6803248375860224e-11,5.865121071568567e-15,ELECTRODE_ATTACHMENT,CONFIRMED,6.82350814837266e-05,41710221.73214235,15.840699100727218,7736366205255110.0,3.9604362817764814e-05,2.3460484454037455e-12,2.235659705861596e-07,95294.6947980372,0.3696847014057911,-5.488606500414114e-13
2426,1.6809113496973734e-11,5.865121113509365e-15,ELECTRODE_ATTACHMENT,CONFIRMED,6.823600099703605e-05,41710221.514737226,15.840699018161144,7737707733448279.0,3.9611230441785904e-05,2.346048462178727e-12,2.2352720968394147e-07,95278.1723342391,0.3697410255748758,-5.487182793140105e-13
2427,1.681497861812918e-11,5.865121155446818e-15,ELECTRODE_ATTACHMENT,CONFIRMED,6.823691972831457e-05,41710221.29734942,15.840698935601653,7739045235667997.0,3.961807745586091e-05,2.3460484789523728e-12,2.2348857848199682e-07,95261.70515529824,0.3697971919518414,-5.485759736831661e-13
2428,1.6820843739326563e-11,5.865121197380932e-15,ELECTRODE_ATTACHMENT,CONFIRMED,6.823783767765422e-05,41710221.079979055,15.84069885304878,7740378717530566.0,3.962490388874099e-05,2.3460484957246746e-12,2.234500766906801e-07,95245.29313775258,0.369853200778077,-5.484337350826703e-13
2429,1.6826708860565875e-11,5.8651212393116864e-15,ELECTRODE_ATTACHMENT,CONFIRMED,6.823875484514423e-05,41710220.862626016,15.840698770502492,7741708184682531.0,3.9631709769332216e-05,2.3460485124956363e-12,2.2341170402018694e-07,95228.93615807209,0.3699090522960673,-5.482915654516281e-13
2430,1.6832573981847115e-11,5.865121281239091e-15,ELECTRODE_ATTACHMENT,CONFIRMED,6.823967123087117e-05,41710220.645290464,15.840698687962838,7743033642800746.0,3.963849512669576e-05,2.346048529265251e-12,2.233734601805525e-07,95212.63409265873,0.3699647467494005,-5.481494667344755e-13
2431,1.683843910317028e-11,5.865121323163129e-15,ELECTRODE_ATTACHMENT,CONFIRMED,6.82405868349189e-05,41710220.42797244,15.840698605429848,7744355097592432.0,3.9645259990048286e-05,2.346048546033513e-12,2.2333534488164717e-07,95196.38681784413,0.3700202843827661,-5.480074408809946e-13
2432,1.6844304224535363e-11,5.865121365083785e-15,ELECTRODE_ATTACHMENT,CONFIRMED,6.824150165736849e-05,41710220.210671805,15.840698522903455,7745672554795242.0,3.965200438876224e-05,2.3460485628004346e-12,2.2329735783317339e-07,95180.19420988772,0.3700756654419534,-5.478654898463253e-13
2433,1.6850169345942364e-11,5.8651214070010876e-15,ELECTRODE_ATTACHMENT,CONFIRMED,6.82424156982983e-05,41710219.99338881,15.840698440383768,7746986020177326.0,3.965872835236614e-05,2.346048579565995e-12,2.232594987446625e-07,95164.05614497726,0.3701308901738665,-5.477236155909896e-13
2434,1.685603446739128e-11,5.865121448914989e-15,ELECTRODE_ATTACHMENT,CONFIRMED,6.824332895778398e-05,41710219.776123375,15.84069835787075,7748295499537390.0,3.9665431910545015e-05,2.3460485963301988e-12,2.232217673254712e-07,95147.972499225,0.370185958826511,-5.475818200808986e-13
2435,1.6861899588882106e-11,5.865121490825497e-15,ELECTRODE_ATTACHMENT,CONFIRMED,6.824424143589843e-05,41710219.55887544,15.840698275364373,7749600998704761.0,3.967211509314059e-05,2.346048613093056e-12,2.2318416328477815e-07,95131.94314866721,0.3702408716490022,-5.474401052873717e-13
2436,1.6867764710414838e-11,5.86512153273264e-15,ELECTRODE_ATTACHMENT,CONFIRMED,6.824515313271181e-05,41710219.34164514,15.840698192864696,7750902523539453.0,3.96787779301517e-05,2.3460486298545494e-12,2.2314668633158045e-07,95115.96796926377,0.3702956288915739,-5.472984731871547e-13
2437,1.6873629831989476e-11,5.8651215746363744e-15,ELECTRODE_ATTACHMENT,CONFIRMED,6.824606404829152e-05,41710219.12443255,15.840698110371743,7752200079932227.0,3.96854204517346e-05,2.3460486466146786e-12,2.2310933617469074e-07,95100.0468368953,0.370350230805572,-5.471569257624331e-13
2438,1.687949495360601e-11,5.865121616536696e-15,ELECTRODE_ATTACHMENT,CONFIRMED,6.824697418270225e-05,41710218.9072376,15.840698027885493,7753493673804658.0,3.9692042688203225e-05,2.346048663373446e-12,2.2307211252273326e-07,95084.17962736201,0.3704046776434559,-5.470154650008452e-13
2439,1.6885360075264446e-11,5.865121658433616e-15,ELECTRODE_ATTACHMENT,CONFIRMED,6.824788353600593e-05,41710218.690060295,15.840697945405942,7754783311109195.0,3.9698644670029645e-05,2.346048680130852e-12,2.2303501508414059e-07,95068.36621638248,0.3704589696588068,-5.46874092895503e-13
2440,1.6891225196964773e-11,5.865121700327131e-15,ELECTRODE_ATTACHMENT,CONFIRMED,6.824879210826177e-05,41710218.47290081,15.84069786293316,7756068997829231.0,3.970522642784431e-05,2.346048696886884e-12,2.229980435671505e-07,95052.6064795928,0.3705131071063283,-5.467328114450059e-13
2441,1.689709031870699e-11,5.86512174221721e-15,ELECTRODE_ATTACHMENT,CONFIRMED,6.824969989952621e-05,41710218.25575896,15.840697780467076,7757350739979162.0,3.971178799243636e-05,2.346048713641555e-12,2.2296119767980226e-07,95036.90029254345,0.3705670902418415,-5.46591622653453e-13
2442,1.6902955440491093e-11,5.8651217841038885e-15,ELECTRODE_ATTACHMENT,CONFIRMED,6.825060690985296e-05,41710218.03863491,15.84069769800775,7758628543604455.0,3.971832939475401e-05,2.3460487303948523e-12,2.2292447712993337e-07,95021.24753069984,0.3706209193222984,-5.464505285304646e-13
2443,1.690882056231708e-11,5.8651218259871314e-15,ELECTRODE_ATTACHMENT,CONFIRMED,6.825151313929295e-05,41710217.82152869,15.840697615555197,7759902414781711.0,3.972485066590485e-05,2.346048747146775e-12,2.2288788162517617e-07,95005.64806943959,0.3706745946057758,-5.463095310911937e-13
2444,1.6914685684184946e-11,5.865121867866939e-15,ELECTRODE_ATTACHMENT,CONFIRMED,6.825241858789438e-05,41710217.60444025,15.840697533109394,7761172359618732.0,3.973135183715621e-05,2.346048763897325e-12,2.228514108729542e-07,94990.10178405108,0.3707281163514792,-5.46168632356343e-13
2445,1.692055080609469e-11,5.865121909743315e-15,ELECTRODE_ATTACHMENT,CONFIRMED,6.82533232557027e-05,41710217.3873696,15.84069745067035,7762438384254585.0,3.973783293993548e-05,2.346048780646504e-12,2.2281506458047882e-07,94974.60854973245,0.3707814848197458,-5.460278343521794e-13
2446,1.6926415928046304e-11,5.865121951616261e-15,ELECTRODE_ATTACHMENT,CONFIRMED,6.825422714276063e-05,41710217.17023165,15.840697368205744,7763700494859666.0,3.974429400583473e-05,2.3460487974008755e-12,2.2277884245472185e-07,94959.16824131389,0.370834700270286,-5.458864599552469e-13
2447,1.6932281050039805e-11,5.8651219935021896e-15,ELECTRODE_ATTACHMENT,CONFIRMED,6.825513024910805e-05,41710216.95320588,15.840697285783744,7764958697635750.0,3.975073506659324e-05,2.3460488141465917e-12,2.2274274420251202e-07,94943.780734391,0.370887762969419,-5.457459426314611e-13
2448,1.6938146172075172e-11,5.865122035366479e-15,ELECTRODE_ATTACHMENT,CONFIRMED,6.825603257478082e-05,41710216.736198016,15.840697203368547,7766212998816112.0,3.975715615412546e-05,2.346048830890924e-12,2.227067695303763e-07,94928.44590357576,0.3709406731788307,-5.456055320919898e-13
2449,1.69440112941524e-11,5.8651220772273115e-15,ELECTRODE_ATTACHMENT,CONFIRMED,6.825693411981343e-05,41710216.51920804,15.840697120960137,7767463404665469.0,3.976355730050199e-05,2.34604884763388e-12,2.2267091814464558e-07,94913.16362369072,0.3709934311634144,-5.454652303857511e-13
2450,1.6949876416271483e-11,5.865122119084701e-15,ELECTRODE_ATTACHMENT,CONFIRMED,6.82578348842378e-05,41710216.30223602,15.840697038558552,7768709921480140.0,3.9769938537955217e-05,2.346048864375448e-12,2.2263518975142075e-07,94897.9337694611,0.3710460371892107,-5.453250395673084e-13
2451,1.695574153843242e-11,5.865122160938621e-15,ELECTRODE_ATTACHMENT,CONFIRMED,6.825873486808295e-05,41710216.08528199,15.840696956163796,7769952555588110.0,3.9776299898879656e-05,2.3460488811156296e-12,2.2259958405657007e-07,94882.75621551245,0.3710984915234007,-5.45184961696881e-13
2452,1.696160666063521e-11,5.865122202789076e-15,ELECTRODE_ATTACHMENT,CONFIRMED,6.825963407137516e-05,41710215.86834589,15.840696873775851,7771191313349098.0,3.978264141583224e-05,2.346048897854427e-12,2.2256410076572525e-07,94867.63083636948,0.3711507944343132,-5.450449988403614e-13
2453,1.6967471782879848e-11,5.865122244636068e-15,ELECTRODE_ATTACHMENT,CONFIRMED,6.826053249413794e-05,41710215.651427805,15.840696791394745,7772426201154623.0,3.97889631215327e-05,2.346048914591835e-12,2.2252873958427827e-07,94852.5575064549,0.371202946191427,-5.449051530693321e-13
2454,1.697333690516633e-11,5.865122286479588e-15,ELECTRODE_ATTACHMENT,CONFIRMED,6.826143013639204e-05,41710215.43452771,15.840696709020474,7773657225428071.0,3.9795265048863934e-05,2.346048931327856e-12,2.2249350021737745e-07,94837.5361000876,0.3712549470653707,-5.447654264610778e-13
2455,1.6979202027494647e-11,5.865122328319639e-15,ELECTRODE_ATTACHMENT,CONFIRMED,6.826232699815546e-05,41710215.21764569,15.840696626653068,7774884392624762.0,3.980154723087229e-05,2.3460489480624816e-12,2.2245838236992465e-07,94822.56649148138,0.3713067973279288,-5.446258210986033e-13
2456,1.6985067149864803e-11,5.865122370156205e-15,ELECTRODE_ATTACHMENT,CONFIRMED,6.826322307944334e-05,41710215.00078171,15.840696544292507,7776107709232016.0,3.980780970076792e-05,2.346048964795716e-12,2.224233857465712e-07,94807.64855474312,0.371358497252038,-5.444863390706466e-13
2457,1.6990932272276792e-11,5.865122411989291e-15,ELECTRODE_ATTACHMENT,CONFIRMED,6.826411838026812e-05,41710214.78393578,15.840696461938808,7777327181769222.0,3.981405249192519e-05,2.3460489815275576e-12,2.2238851005171466e-07,94792.78216387161,0.3714100471117946,-5.443469824716944e-13
2458,1.6996797394730613e-11,5.865122453818895e-15,ELECTRODE_ATTACHMENT,CONFIRMED,6.826501290063946e-05,41710214.5671079,15.840696379591964,7778542816787904.0,3.982027563788293e-05,2.346048998258007e-12,2.2235375498949562e-07,94777.96719275603,0.3714614471824543,-5.442077534019981e-13
2459,1.7002662517226258e-11,5.865122495645018e-15,ELECTRODE_ATTACHMENT,CONFIRMED,6.826590664056418e-05,41710214.3502981,15.840696297251984,7779754620871790.0,3.982647917234487e-05,2.34604901498706e-12,2.2231912026379338e-07,94763.20351517446,0.371512697740436,-5.440686539675882e-13
2460,1.7008527639763727e-11,5.865122537467651e-15,ELECTRODE_ATTACHMENT,CONFIRMED,6.826679960004634e-05,41710214.13350645,15.840696214918896,7780962600636879.0,3.983266312917989e-05,2.3460490317147145e-12,2.2228460557822363e-07,94748.49100479242,0.3715637990633229,-5.439296862802898e-13
2461,1.7014392762343014e-11,5.8651225792867866e-15,ELECTRODE_ATTACHMENT,CONFIRMED,6.826769177908725e-05,41710213.91673291,15.840696132592688,7782166762731507.0,3.9838827542422446e-05,2.346049048440972e-12,2.2225021063613386e-07,94733.82953516109,0.3716147514298639,-5.437908524577346e-13
2462,1.7020257884964115e-11,5.86512262110243e-15,ELECTRODE_ATTACHMENT,CONFIRMED,6.826858317768539e-05,41710213.6999774,15.840696050273326,7783367113836419.0,3.984497244627293e-05,2.346049065165837e-12,2.222159351406005e-07,94719.2189797158,0.3716655551199751,-5.436521546233776e-13
2463,1.702612300762703e-11,5.865122662914594e-15,ELECTRODE_ATTACHMENT,CONFIRMED,6.826947379583645e-05,41710213.48324012,15.840695967960889,7784563660664834.0,3.9851097875097914e-05,2.346049081889296e-12,2.2218177879442546e-07,94704.65921177588,0.37171621041475,-5.435135949065148e-13
2464,1.7031988130331756e-11,5.8651227047232404e-15,ELECTRODE_ATTACHMENT,CONFIRMED,6.827036363353335e-05,41710213.266520895,15.840695885655308,7785756409962514.0,3.98572038634306e-05,2.346049098611364e-12,2.22147741300132e-07,94690.15010454047,0.371766717596447,-5.433751754422904e-13
2465,1.7037853253078285e-11,5.86512274652841e-15,ELECTRODE_ATTACHMENT,CONFIRMED,6.82712526907662e-05,41710213.049819976,15.84069580335668,7786945368507834.0,3.9863290445971135e-05,2.3460491153320176e-12,2.2211382235996194e-07,94675.69153109053,0.3718170769485102,-5.432368983717203e-13
2466,1.7043718375866616e-11,5.865122788330044e-15,ELECTRODE_ATTACHMENT,CONFIRMED,6.827214096752236e-05,41710212.83313709,15.8406957210649,7788130543111849.0,3.9869357657587006e-05,2.3460491320512805e-12,2.220800216758716e-07,94661.28336438321,0.3718672887555501,-5.430987658416954e-13
2467,1.7049583498696745e-11,5.865122830128202e-15,ELECTRODE_ATTACHMENT,CONFIRMED,6.82730284637863e-05,41710212.61647239,15.840695638780025,7789311940618363.0,3.987540553331329e-05,2.346049148769141e-12,2.2204633894952887e-07,94646.9254772543,0.3719173533033657,-5.429607800050065e-13
2468,1.7055448621568667e-11,5.865122871922855e-15,ELECTRODE_ATTACHMENT,CONFIRMED,6.827391517953978e-05,41710212.39982595,15.840695556502087,7790489567903999.0,3.9881434108353085e-05,2.3460491654855925e-12,2.22012773882309e-07,94632.61774241466,0.3719672708789381,-5.428229430203536e-13
2469,1.706131374448238e-11,5.865122913713982e-15,ELECTRODE_ATTACHMENT,CONFIRMED,6.827480111476169e-05,41710212.18319764,15.840695474231032,7791663431878266.0,3.988744341807788e-05,2.346049182200645e-12,2.219793261752917e-07,94618.36003244836,0.3720170417704275,-5.426852570523573e-13
2470,1.7067178867437882e-11,5.865122955501613e-15,ELECTRODE_ATTACHMENT,CONFIRMED,6.82756862694282e-05,41710211.96658755,15.8406953919669,7792833539483632.0,3.989343349802782e-05,2.3460491989142924e-12,2.219459955292572e-07,94604.15221981263,0.3720666662671862,-5.425477242715776e-13
2471,1.7073043990435167e-11,5.865122997285732e-15,ELECTRODE_ATTACHMENT,CONFIRMED,6.827657064351258e-05,41710211.74999563,15.840695309709666,7793999897695588.0,3.989940438391219e-05,2.3460492156265376e-12,2.2191278164468266e-07,94589.99417683507,0.3721161446597534,-5.424103468545246e-13
2472,1.7078909113474234e-11,5.865123039066345e-15,ELECTRODE_ATTACHMENT,CONFIRMED,6.827745423698534e-05,41710211.53342196,15.840695227459364,7795162513522722.0,3.990535611160963e-05,2.346049232337375e-12,2.2187968422173935e-07,94575.88577571326,0.3721654772398619,-5.422731269836745e-13
2473,1.7084774236555076e-11,5.865123080843438e-15,ELECTRODE_ATTACHMENT,CONFIRMED,6.82783370498142e-05,41710211.316866495,15.840695145215976,7796321394006787.0,3.991128871716859e-05,2.346049249046808e-12,2.2184670296028813e-07,94561.82688851212,0.3722146643004356,-5.421360668474792e-13
2474,1.7090639359677695e-11,5.865123122617022e-15,ELECTRODE_ATTACHMENT,CONFIRMED,6.827921908196401e-05,41710211.10032925,15.840695062979508,7797476546222769.0,3.991720223680768e-05,2.346049265754835e-12,2.2181383755987657e-07,94547.81738716323,0.3722637061355968,-5.41999168640384e-13
2475,1.7096504482842083e-11,5.8651231643870886e-15,ELECTRODE_ATTACHMENT,CONFIRMED,6.828010033339688e-05,41710210.883810274,15.840694980749978,7798627977278960.0,3.992309670691594e-05,2.3460492824614527e-12,2.217810877197353e-07,94533.8571434632,0.3723126030406656,-5.418624345628376e-13
2476,1.7102369606048237e-11,5.865123206153633e-15,ELECTRODE_ATTACHMENT,CONFIRMED,6.828098080407204e-05,41710210.66730941,15.840694898527326,7799775694317026.0,3.992897216405334e-05,2.3460492991666734e-12,2.2174845313877418e-07,94519.94602907117,0.3723613553121597,-5.417258668213055e-13
2477,1.7108234729296154e-11,5.865123247916684e-15,ELECTRODE_ATTACHMENT,CONFIRMED,6.828186049394593e-05,41710210.450826846,15.840694816311624,7800919704512076.0,3.993482864495099e-05,2.3460493158704824e-12,2.217159335155792e-07,94506.08391550937,0.3724099632478063,-5.415894676282864e-13
2478,1.711409985258583e-11,5.865123289676207e-15,ELECTRODE_ATTACHMENT,CONFIRMED,6.828273940297218e-05,41710210.23436251,15.840694734102843,7802060015072735.0,3.994066618651158e-05,2.346049332572885e-12,2.2168352854840865e-07,94492.27067415965,0.3724584271465327,-5.414532392023197e-13
2479,1.7119964975917264e-11,5.865123331432213e-15,ELECTRODE_ATTACHMENT,CONFIRMED,6.82836175311016e-05,41710210.01791642,15.840694651900996,7803196633241212.0,3.994648482580978e-05,2.3460493492738805e-12,2.2165123793518945e-07,94478.50617626272,0.3725067473084758,-5.413171837680015e-13
2480,1.7125830099290447e-11,5.865123373184701e-15,ELECTRODE_ATTACHMENT,CONFIRMED,6.828449487828214e-05,41710209.80148856,15.840694569706066,7804329566293371.0,3.9952284600092496e-05,2.346049365973469e-12,2.216190613735141e-07,94464.79029291676,0.3725549240349822,-5.411813035559952e-13
2481,1.713169522270538e-11,5.865123414933672e-15,ELECTRODE_ATTACHMENT,CONFIRMED,6.828537144445897e-05,41710209.585078895,15.840694487518052,7805458821538801.0,3.9958065546779314e-05,2.3460493826716528e-12,2.2158699856063637e-07,94451.1228950755,0.3726029576286098,-5.410456008030448e-13
2482,1.713756034616206e-11,5.865123456679135e-15,ELECTRODE_ATTACHMENT,CONFIRMED,6.82862472295744e-05,41710209.36868747,15.840694405336963,7806584406320888.0,3.9963827703462806e-05,2.3460493993684304e-12,2.2155504919346849e-07,94437.5038535473,0.3726508483931328,-5.409100777519865e-13
2483,1.714342546966048e-11,5.865123498421078e-15,ELECTRODE_ATTACHMENT,CONFIRMED,6.828712223356795e-05,41710209.15231433,15.840694323162817,7807706328016884.0,3.996957110790891e-05,2.3460494160637988e-12,2.215232129685773e-07,94423.93303899324,0.3726985966335424,-5.407747366517606e-13
2484,1.714929059320064e-11,5.865123540159497e-15,ELECTRODE_ATTACHMENT,CONFIRMED,6.828799645637627e-05,41710208.93595936,15.840694240995573,7808824594037979.0,3.997529579805736e-05,2.346049432757764e-12,2.2149148958218042e-07,94410.4103219252,0.3727462026560465,-5.406395797574215e-13
2485,1.7155155716782535e-11,5.8651235818944095e-15,ELECTRODE_ATTACHMENT,CONFIRMED,6.82888698979332e-05,41710208.71962269,15.840694158835278,7809939211829370.0,3.9981001812021896e-05,2.346049449450317e-12,2.214598787301431e-07,94396.93557270561,0.3727936667680786,-5.405046093301528e-13
2486,1.716102084040616e-11,5.8651236236257935e-15,ELECTRODE_ATTACHMENT,CONFIRMED,6.828974255816971e-05,41710208.50330415,15.840694076681867,7811050188870333.0,3.9986689188090765e-05,2.346049466141472e-12,2.214283801079746e-07,94383.50866154413,0.3728409892782905,-5.403698276372726e-13
2487,1.7166885964071513e-11,5.865123665353682e-15,ELECTRODE_ATTACHMENT,CONFIRMED,6.8290614437014e-05,41710208.28700389,15.840693994535403,7812157532674294.0,3.9992357964727046e-05,2.3460494828312163e-12,2.213969934108243e-07,94370.12945849804,0.372888170496567,-5.402352369522514e-13
2488,1.717275108777859e-11,5.865123707078041e-15,ELECTRODE_ATTACHMENT,CONFIRMED,6.82914855343914e-05,41710208.070721865,15.840693912395862,7813261250788899.0,3.999800818056898e-05,2.3460494995195537e-12,2.213657183334785e-07,94356.79783346935,0.3729352107340169,-5.401008395547167e-13
2489,1.7178616211527387e-11,5.865123748798885e-15,ELECTRODE_ATTACHMENT,CONFIRMED,6.82923558502244e-05,41710207.854458,15.84069383026322,7814361350796087.0,4.0003639874430334e-05,2.3460495162064903e-12,2.2133455457035682e-07,94343.51365620355,0.3729821103029799,-5.399666377304654e-13
2490,1.7184481335317902e-11,5.865123790516226e-15,ELECTRODE_ATTACHMENT,CONFIRMED,6.82932253844326e-05,41710207.6382124,15.840693748137507,7815457840312158.0,4.000925308530085e-05,2.3460495328920186e-12,2.2130350181550813e-07,94330.2767962888,0.3730288695170323,-5.39832633771477e-13
2491,1.7190346459150132e-11,5.865123832230047e-15,ELECTRODE_ATTACHMENT,CONFIRMED,6.829409413693285e-05,41710207.42198491,15.84069366601868,7816550726987848.0,4.001484785234649e-05,2.3460495495761485e-12,2.212725597626079e-07,94317.0871231532,0.3730754886909814,-5.396988299759172e-13
2492,1.7196211583024073e-11,5.865123873940372e-15,ELECTRODE_ATTACHMENT,CONFIRMED,6.829496210763908e-05,41710207.20577572,15.840693583906798,7817640018508396.0,4.0020424214909856e-05,2.346049566258868e-12,2.212417281049539e-07,94303.9445060649,0.3731219681408783,-5.395652286481549e-13
2493,1.720207670693972e-11,5.865123915647169e-15,ELECTRODE_ATTACHMENT,CONFIRMED,6.82958292964624e-05,41710206.989584655,15.840693501801804,7818725722593618.0,4.002598221251062e-05,2.346049582940188e-12,2.212110065354627e-07,94290.8488141286,0.3731683081840085,-5.394318320987647e-13
2494,1.720794183089707e-11,5.8651239573504704e-15,ELECTRODE_ATTACHMENT,CONFIRMED,6.829669570331109e-05,41710206.77341176,15.840693419703706,7819807846997977.0,4.003152188484571e-05,2.3460495996201067e-12,2.2118039474666666e-07,94277.79991628574,0.373214509138903,-5.392986426445392e-13
2495,1.7213806954896118e-11,5.865123999050267e-15,ELECTRODE_ATTACHMENT,CONFIRMED,6.829756132809056e-05,41710206.55725704,15.840693337612516,7820886399510654.0,4.003704327178988e-05,2.346049616298623e-12,2.2114989243070969e-07,94264.79768131213,0.3732605713253386,-5.391656626084993e-13
2496,1.7219672078936865e-11,5.865124040746558e-15,ELECTRODE_ATTACHMENT,CONFIRMED,6.829842617070337e-05,41710206.3411205,15.840693255528226,7821961387955621.0,4.004254641339599e-05,2.3460496329757363e-12,2.211194992793437e-07,94251.84197781656,0.3733064950643385,-5.390328943198997e-13
2497,1.7225537203019303e-11,5.865124082439341e-15,ELECTRODE_ATTACHMENT,CONFIRMED,6.829929023104923e-05,41710206.125002064,15.840693173450813,7823032820191711.0,4.004803134989525e-05,2.3460496496514535e-12,2.210892149839261e-07,94238.9326742393,0.3733522806781737,-5.389003401142362e-13
2498,1.723140232714343e-11,5.865124124128636e-15,ELECTRODE_ATTACHMENT,CONFIRMED,6.830015350902497e-05,41710205.908901766,15.840693091380286,7824100704112688.0,4.005349812169782e-05,2.346049666325772e-12,2.2105903923541455e-07,94226.06963885069,0.3733979284903705,-5.387680023332582e-13
2499,1.7237267451309244e-11,5.8651241658144304e-15,ELECTRODE_ATTACHMENT,CONFIRMED,6.830101600452462e-05,41710205.69281964,15.840693009316665,7825165047647319.0,4.005894676939297e-05,2.3460496829986878e-12,2.21028971724365e-07,94213.25273974969,0.3734434388257088,-5.386358833249717e-13
2500,1.7243132575516742e-11,5.8651242074967205e-15,ELECTRODE_ATTACHMENT,CONFIRMED,6.83018777174393e-05,41710205.47675563,15.840692927259918,7826225858759447.0,4.006437733374957e-05,2.3460496996702065e-12,2.2099901214092698e-07,94200.48184486188,0.3734888120102234,-5.385039854436473e-13
2501,1.7248997699765916e-11,5.865124249175517e-15,ELECTRODE_ATTACHMENT,CONFIRMED,6.83027386476573e-05,41710205.260709696,15.84069284521004,7827283145448060.0,4.00697898557164e-05,2.3460497163403305e-12,2.2096916017484057e-07,94187.7568219384,0.3735340483712094,-5.38372311049828e-13
2502,1.7254862824056766e-11,5.8651242908508284e-15,ELECTRODE_ATTACHMENT,CONFIRMED,6.830359879506403e-05,41710205.0446818,15.840692763167011,7828336915747363.0,4.0075184376422514e-05,2.346049733009063e-12,2.2093941551543298e-07,94175.07753855422,0.3735791482372222,-5.382408625103336e-13
2503,1.7260727948389288e-11,5.865124332522658e-15,ELECTRODE_ATTACHMENT,CONFIRMED,6.830445815954205e-05,41710204.82867202,15.840692681130868,7829387177726849.0,4.0080560937177617e-05,2.3460497496763962e-12,2.209097778516144e-07,94162.44386210722,0.3736241119380847,-5.381096421982705e-13
2504,1.726659307276348e-11,5.865124374190992e-15,ELECTRODE_ATTACHMENT,CONFIRMED,6.830531674097105e-05,41710204.61268032,15.840692599101583,7830433939491370.0,4.008591957947243e-05,2.346049766342337e-12,2.208802468718751e-07,94149.85565981558,0.3736689398048814,-5.379786524930319e-13
2505,1.7272458197179336e-11,5.865124415855842e-15,ELECTRODE_ATTACHMENT,CONFIRMED,6.830617453922786e-05,41710204.39670662,15.840692517079138,7831477209181207.0,4.009126034497904e-05,2.346049783006888e-12,2.2085082226428147e-07,94137.31279871694,0.3737136321699664,-5.378478957803058e-13
2506,1.7278323321636853e-11,5.865124457517223e-15,ELECTRODE_ATTACHMENT,CONFIRMED,6.830703155418644e-05,41710204.18075095,15.84069243506354,7832516994972144.0,4.009658327555128e-05,2.3460497996700482e-12,2.208215037164726e-07,94124.81514566709,0.3737581893669664,-5.377173744520809e-13
2507,1.728418844613603e-11,5.865124499175122e-15,ELECTRODE_ATTACHMENT,CONFIRMED,6.830788778571789e-05,41710203.96481332,15.840692353054791,7833553305075535.0,4.0101888413225095e-05,2.346049816331817e-12,2.207922909156568e-07,94112.36256733804,0.3738026117307803,-5.375870909066484e-13
2508,1.729005357067686e-11,5.865124540829543e-15,ELECTRODE_ATTACHMENT,CONFIRMED,6.830874323369041e-05,41710203.74889364,15.840692271052864,7834586147738376.0,4.010717580021886e-05,2.346049832992201e-12,2.207631835486079e-07,94099.95493021645,0.3738468995975805,-5.374570475486053e-13
2509,1.7295918695259338e-11,5.865124582480502e-15,ELECTRODE_ATTACHMENT,CONFIRMED,6.83095978979694e-05,41710203.53299194,15.84069218905776,7835615531243378.0,4.01124454789338e-05,2.3460498496511976e-12,2.2073418130166193e-07,94087.59210060259,0.3738910533048199,-5.373272467888611e-13
2510,1.7301783819883467e-11,5.865124624127995e-15,ELECTRODE_ATTACHMENT,CONFIRMED,6.831045177841729e-05,41710203.31710817,15.840692107069469,7836641463909035.0,4.0117697491954326e-05,2.3460498663088105e-12,2.2070528386071323e-07,94075.27394460836,0.3739350731912299,-5.371976910446365e-13
2511,1.730764894454924e-11,5.865124665772027e-15,ELECTRODE_ATTACHMENT,CONFIRMED,6.831130487489374e-05,41710203.10124239,15.840692025088012,7837663954089695.0,4.012293188204837e-05,2.346049882965036e-12,2.2067649091121135e-07,94063.00032815635,0.373978959596826,-5.370683827394709e-13
2512,1.7313514069256652e-11,5.865124707412591e-15,ELECTRODE_ATTACHMENT,CONFIRMED,6.831215718725545e-05,41710202.88539442,15.840691943113317,7838683010175631.0,4.012814869216782e-05,2.3460498996198875e-12,2.206478021381573e-07,94050.77111697716,0.3740227128629042,-5.369393243032158e-13
2513,1.73193791940057e-11,5.865124749049719e-15,ELECTRODE_ATTACHMENT,CONFIRMED,6.831300871535627e-05,41710202.66956439,15.84069186114543,7839698640593110.0,4.0133347965448776e-05,2.346049916273355e-12,2.2061921722610003e-07,94038.58617660977,0.3740663333320534,-5.368105181720469e-13
2514,1.7325244318796385e-11,5.865124790683389e-15,ELECTRODE_ATTACHMENT,CONFIRMED,6.831385945904722e-05,41710202.45375224,15.840691779184336,7840710853804464.0,4.0138529745212e-05,2.346049932925444e-12,2.205907358591327e-07,94026.44537239817,0.374109821348148,-5.366819667884558e-13
2515,1.73311094436287e-11,5.865124832313611e-15,ELECTRODE_ATTACHMENT,CONFIRMED,6.831470941817638e-05,41710202.237958,15.840691697230048,7841719658308159.0,4.0143694074963205e-05,2.3460499495761488e-12,2.2056235772088977e-07,94014.3485694914,0.3741531772563568,-5.365536726012554e-13
2516,1.733697456850264e-11,5.865124873940373e-15,ELECTRODE_ATTACHMENT,CONFIRMED,6.831555859258904e-05,41710202.022181466,15.840691615282482,7842725062638866.0,4.014884099839347e-05,2.34604996622549e-12,2.2053408249454314e-07,94002.29563284013,0.3741964014031359,-5.364256380655737e-13
2517,1.7342839693418204e-11,5.8651249155637256e-15,ELECTRODE_ATTACHMENT,CONFIRMED,6.831640698212748e-05,41710201.8064228,15.8406915333417,7843727075367531.0,4.0153970559379576e-05,2.346049982873452e-12,2.205059098627981e-07,93990.28642719775,0.3742394941362468,-5.362978656428626e-13
2518,1.7348704818375386e-11,5.865124957183629e-15,ELECTRODE_ATTACHMENT,CONFIRMED,6.831725458663123e-05,41710201.59068186,15.840691451407652,7844725705101441.0,4.0159082801984303e-05,2.3460499995200467e-12,2.2047783950789098e-07,93978.3208171165,0.3742824558047421,-5.36170357800885e-13
2519,1.7354569943374186e-11,5.865124998800117e-15,ELECTRODE_ATTACHMENT,CONFIRMED,6.831810140593684e-05,41710201.37495868,15.84069136948035,7845720960484297.0,4.0164177770456894e-05,2.34605001616527e-12,2.204498711115848e-07,93966.39866694769,0.3743252867589799,-5.360431170137224e-13
2520,1.73604350684146e-11,5.865125040413176e-15,ELECTRODE_ATTACHMENT,CONFIRMED,6.831894743987802e-05,41710201.15925327,15.840691287559796,7846712850196280.0,4.016925550923331e-05,2.3460500328091243e-12,2.20422004355166e-07,93954.51984083907,0.3743679873506198,-5.359161457617653e-13
2521,1.7366300193496623e-11,5.86512508202281e-15,ELECTRODE_ATTACHMENT,CONFIRMED,6.831979268828564e-05,41710200.94356548,15.840691205645934,7847701382954122.0,4.017431606293663e-05,2.346050049451618e-12,2.203942389194412e-07,93942.68420273373,0.3744105579326239,-5.357894465317111e-13
2522,1.7372165318620252e-11,5.865125123629046e-15,ELECTRODE_ATTACHMENT,CONFIRMED,6.832063715098765e-05,41710200.72789541,15.840691123738798,7848686567511173.0,4.017935947637741e-05,2.3460500660927456e-12,2.2036657448473334e-07,93930.89161636912,0.3744529988592669,-5.356630218165629e-13
2523,1.7378030443785484e-11,5.865125165231864e-15,ELECTRODE_ATTACHMENT,CONFIRMED,6.83214808278091e-05,41710200.51224298,15.840691041838364,7849668412657470.0,4.018438579455401e-05,2.3460500827325107e-12,2.203390107308786e-07,93919.14194527491,0.3744953104861298,-5.355368741156212e-13
2524,1.7383895568992316e-11,5.865125206831277e-15,ELECTRODE_ATTACHMENT,CONFIRMED,6.83223237185722e-05,41710200.29660816,15.840690959944618,7850646927219804.0,4.01893950626529e-05,2.3460500993709188e-12,2.203115473372228e-07,93907.43505277154,0.3745374931701059,-5.354110059344792e-13
2525,1.7389760694240744e-11,5.865125248427298e-15,ELECTRODE_ATTACHMENT,CONFIRMED,6.832316582309622e-05,41710200.08099087,15.840690878057528,7851622120061789.0,4.019438732604911e-05,2.3460501160079746e-12,2.2028418398261774e-07,93895.77080196909,0.3745795472694023,-5.352854197850163e-13
2526,1.7395625819530763e-11,5.865125290019937e-15,ELECTRODE_ATTACHMENT,CONFIRMED,6.832400714119759e-05,41710199.86539111,15.8406907961771,7852594000083927.0,4.0199362630306486e-05,2.346050132643677e-12,2.2025692034541825e-07,93884.14905576587,0.3746214731435444,-5.351601181853925e-13
2527,1.740149094486237e-11,5.865125331609193e-15,ELECTRODE_ATTACHMENT,CONFIRMED,6.832484767268989e-05,41710199.64980892,15.840690714303342,7853562576223677.0,4.020432102117809e-05,2.346050149278024e-12,2.202297561034784e-07,93872.5696768469,0.3746632711533763,-5.350351036600391e-13
2528,1.7407356070235567e-11,5.86512537319506e-15,ELECTRODE_ATTACHMENT,CONFIRMED,6.83256874173837e-05,41710199.43424419,15.840690632436218,7854527857455522.0,4.020926254460647e-05,2.3460501659110232e-12,2.202026909341482e-07,93861.03252768195,0.3747049416610604,-5.349103787396487e-13
2529,1.7413221195650345e-11,5.865125414777559e-15,ELECTRODE_ATTACHMENT,CONFIRMED,6.832652637508688e-05,41710199.21869692,15.840690550575715,7855489852791034.0,4.021418724672408e-05,2.346050182542678e-12,2.2017572451427026e-07,93849.53747052464,0.3747464850300833,-5.34785945961168e-13
2530,1.74190863211067e-11,5.865125456356696e-15,ELECTRODE_ATTACHMENT,CONFIRMED,6.832736454560422e-05,41710199.0031671,15.840690468721853,7856448571278941.0,4.021909517385356e-05,2.3460501991729844e-12,2.2014885652017625e-07,93838.08436741117,0.3747879016252583,-5.34661807867786e-13
2531,1.7424951446604634e-11,5.865125497932462e-15,ELECTRODE_ATTACHMENT,CONFIRMED,6.832820192873781e-05,41710198.78765462,15.840690386874568,7857404022005191.0,4.022398637250813e-05,2.3460502158019533e-12,2.201220866276837e-07,93826.67308015784,0.3748291918127226,-5.345379670089224e-13
2532,1.7430816572144138e-11,5.865125539504884e-15,ELECTRODE_ATTACHMENT,CONFIRMED,6.832903852428676e-05,41710198.57215956,15.8406903050339,7858356214093018.0,4.022886088939184e-05,2.3460502324295798e-12,2.2009541451209246e-07,93815.3034703612,0.3748703559599468,-5.344144259402181e-13
2533,1.7436681697725212e-11,5.86512558107395e-15,ELECTRODE_ATTACHMENT,CONFIRMED,6.832987433204729e-05,41710198.35668179,15.840690223199797,7859305156703008.0,4.0233718771399976e-05,2.346050249055871e-12,2.2006883984818166e-07,93803.97539939507,0.374911394435729,-5.342911872235164e-13
2534,1.744254682334785e-11,5.865125622639678e-15,ELECTRODE_ATTACHMENT,CONFIRMED,6.833070935181275e-05,41710198.141221166,15.84069014137221,7860250859033163.0,4.023856006561939e-05,2.3460502656808385e-12,2.2004236231020585e-07,93792.68872840973,0.3749523076102009,-5.341682534268538e-13
2535,1.744841194901205e-11,5.865125664202097e-15,ELECTRODE_ATTACHMENT,CONFIRMED,6.833154358337366e-05,41710197.925777934,15.840690059551228,7861193330318962.0,4.024338481932871e-05,2.346050282304466e-12,2.200159815718924e-07,93781.44331833172,0.3749930958548369,-5.340456271244467e-13
2536,1.7454277074717815e-11,5.8651257057611655e-15,ELECTRODE_ATTACHMENT,CONFIRMED,6.833237702651759e-05,41710197.71035182,15.84068997773674,7862132579833428.0,4.0248193079998846e-05,2.3460502989267734e-12,2.199896973064375e-07,93770.23902985976,0.3750337595424392,-5.339233108966673e-13
2537,1.7460142200465132e-11,5.865125747316935e-15,ELECTRODE_ATTACHMENT,CONFIRMED,6.833320968102928e-05,41710197.49494294,15.8406898959288,7863068616887189.0,4.025298489529318e-05,2.3460503155477497e-12,2.199635091865033e-07,93759.07572346625,0.3750742990471582,-5.338013073300352e-13
2538,1.7466007326254003e-11,5.865125788869376e-15,ELECTRODE_ATTACHMENT,CONFIRMED,6.833404154669053e-05,41710197.27955121,15.840689814127376,7864001450828541.0,4.0257760313067934e-05,2.3460503321674044e-12,2.199374168842143e-07,93747.95325939344,0.3751147147444812,-5.336796190171931e-13
2539,1.747187245208442e-11,5.865125830418512e-15,ELECTRODE_ATTACHMENT,CONFIRMED,6.833487262328036e-05,41710197.06417646,15.8406897323324,7864931091043510.0,4.026251938137247e-05,2.346050348785748e-12,2.199114200711545e-07,93736.87149765337,0.3751550070112382,-5.33558248556889e-13
2540,1.7477737577956383e-11,5.865125871964371e-15,ELECTRODE_ATTACHMENT,CONFIRMED,6.833570291057481e-05,41710196.84881883,15.840689650543926,7865857546955912.0,4.0267262148449615e-05,2.346050365402771e-12,2.1988551841836375e-07,93725.83029802673,0.3751951762256108,-5.334371985539603e-13
2541,1.748360270386989e-11,5.865125913506928e-15,ELECTRODE_ATTACHMENT,CONFIRMED,6.833653240834712e-05,41710196.63347818,15.8406895687619,7866780828027416.0,4.027198866273597e-05,2.346050382018484e-12,2.1985971159633493e-07,93714.82952006045,0.3752352227671233,-5.33316471619305e-13
2542,1.7489467829824936e-11,5.8651259550462105e-15,ELECTRODE_ATTACHMENT,CONFIRMED,6.833736111636764e-05,41710196.41815448,15.840689486986308,7867700943757602.0,4.027669897286221e-05,2.3460503986328905e-12,2.1983399927501037e-07,93703.86902306692,0.3752751470166512,-5.331960703698642e-13
2543,1.749533295582152e-11,5.865125996582227e-15,ELECTRODE_ATTACHMENT,CONFIRMED,6.833818903440381e-05,41710196.20284773,15.840689405217155,7868617903684022.0,4.02813931276534e-05,2.3460504152459883e-12,2.1980838112377881e-07,93692.94866612292,0.3753149493564234,-5.330759974285973e-13
2544,1.7501198081859633e-11,5.8651260381149725e-15,ELECTRODE_ATTACHMENT,CONFIRMED,6.833901616222021e-05,41710195.98755782,15.840689323454402,7869531717382257.0,4.028607117612929e-05,2.3460504318577864e-12,2.1978285681147219e-07,93682.06830806739,0.3753546301700193,-5.32956255424454e-13
2545,1.7507063207939277e-11,5.865126079644466e-15,ELECTRODE_ATTACHMENT,CONFIRMED,6.83398424995786e-05,41710195.77228471,15.840689241698026,7870442394465977.0,4.02907331675046e-05,2.346050448468289e-12,2.1975742600636282e-07,93671.22780750092,0.3753941898423751,-5.328368469923515e-13
2546,1.7512928334060448e-11,5.865126121170724e-15,ELECTRODE_ATTACHMENT,CONFIRMED,6.834066804623785e-05,41710195.55702847,15.840689159948058,7871349944586997.0,4.029537915118936e-05,2.346050465077491e-12,2.1973208837615966e-07,93660.42702278435,0.3754336287597871,-5.327177747731464e-13
2547,1.7518793460223142e-11,5.865126162693729e-15,ELECTRODE_ATTACHMENT,CONFIRMED,6.83414928019539e-05,41710195.341788895,15.840689078204418,7872254377435336.0,4.0300009176789154e-05,2.346050481685406e-12,2.197068435880055e-07,93649.66581203647,0.375472947309905,-5.325990414136013e-13
2548,1.7524658586427355e-11,5.8651262042135165e-15,ELECTRODE_ATTACHMENT,CONFIRMED,6.834231676647994e-05,41710195.126566045,15.840688996467128,7873155702739270.0,4.030462329410539e-05,2.3460504982920307e-12,2.196816913084743e-07,93638.94403313428,0.3755121458817447,-5.324806495663605e-13
2549,1.7530523712673084e-11,5.865126245730077e-15,ELECTRODE_ATTACHMENT,CONFIRMED,6.83431399395662e-05,41710194.91135985,15.840688914736166,7874053930265390.0,4.030922155313564e-05,2.346050514897372e-12,2.1965663120356725e-07,93628.26154371024,0.3755512248656816,-5.323626018899138e-13
2550,1.7536388838960327e-11,5.86512628724343e-15,ELECTRODE_ATTACHMENT,CONFIRMED,6.834396232096011e-05,41710194.696170256,15.840688833011512,7874949069818655.0,4.031380400407392e-05,2.346050531501431e-12,2.1963166293871053e-07,93617.61820115193,0.3755901846534572,-5.322449010485648e-13
2551,1.7542253965289082e-11,5.865126328753579e-15,ELECTRODE_ATTACHMENT,CONFIRMED,6.834478391040623e-05,41710194.480997145,15.840688751293111,7875841131242444.0,4.031837069731089e-05,2.34605054810422e-12,2.196067861787517e-07,93607.01386259984,0.3756290256381767,-5.321275497123946e-13
2552,1.7548119091659344e-11,5.865126370260551e-15,ELECTRODE_ATTACHMENT,CONFIRMED,6.834560470764626e-05,41710194.26584062,15.840688669581011,7876730124418613.0,4.0322921683434175e-05,2.3460505647057284e-12,2.1958200058795735e-07,93596.44838494781,0.3756677482143182,-5.320105505572288e-13
2553,1.7553984218071107e-11,5.865126411764322e-15,ELECTRODE_ATTACHMENT,CONFIRMED,6.834642471241904e-05,41710194.05070043,15.840688587875118,7877616059267542.0,4.0327457013228654e-05,2.346050581305977e-12,2.195573058300094e-07,93585.9216248391,0.3757063527777219,-5.318939062645948e-13
2554,1.7559849344524372e-11,5.865126453264944e-15,ELECTRODE_ATTACHMENT,CONFIRMED,6.83472439244606e-05,41710193.83557675,15.840688506175493,7878498945748190.0,4.033197673767669e-05,2.3460505979049515e-12,2.1953270156800265e-07,93575.43343866829,0.3757448397256082,-5.317776195216884e-13
2555,1.7565714471019134e-11,5.8651264947623775e-15,ELECTRODE_ATTACHMENT,CONFIRMED,6.834806234350411e-05,41710193.620469354,15.840688424482048,7879378793858142.0,4.0336480907958334e-05,2.34605061450267e-12,2.195081874644419e-07,93564.98368257693,0.3757832094565609,-5.316616930213247e-13
2556,1.757157959755539e-11,5.865126536256677e-15,ELECTRODE_ATTACHMENT,CONFIRMED,6.834887996927989e-05,41710193.405378304,15.840688342794817,7880255613633659.0,4.034096957545172e-05,2.3460506310991282e-12,2.1948376318123874e-07,93554.57221245486,0.3758214623705453,-5.315461294619026e-13
2557,1.757744472413314e-11,5.8651265777478216e-15,ELECTRODE_ATTACHMENT,CONFIRMED,6.834969680151539e-05,41710193.19030344,15.84068826111373,7881129415149728.0,4.034544279173313e-05,2.3460506476943363e-12,2.1945942837970893e-07,93544.19888393731,0.3758595988688975,-5.314309315473554e-13
2558,1.7583309850752377e-11,5.8651266192358404e-15,ELECTRODE_ATTACHMENT,CONFIRMED,6.835051283993533e-05,41710192.97524474,15.840688179438784,7882000208520104.0,4.0349900608577375e-05,2.3460506642882983e-12,2.194351827205696e-07,93533.86355240448,0.3758976193543328,-5.313161019871061e-13
2559,1.75891749774131e-11,5.865126660720746e-15,ELECTRODE_ATTACHMENT,CONFIRMED,6.83513280842615e-05,41710192.760202155,15.840688097769954,7882868003897361.0,4.0354343077957984e-05,2.3460506808810167e-12,2.1941102586393638e-07,93523.56607298035,0.3759355242309458,-5.312016434960201e-13
2560,1.7595040104115303e-11,5.865126702202544e-15,ELECTRODE_ATTACHMENT,CONFIRMED,6.835214253421292e-05,41710192.54517569,15.840688016107253,7883732811472935.0,4.035877025204741e-05,2.3460506974724924e-12,2.1938695746932045e-07,93513.30630053136,0.3759733139042117,-5.310875587943538e-13
2561,1.7600905230858986e-11,5.865126743681231e-15,ELECTRODE_ATTACHMENT,CONFIRMED,6.835295618950579e-05,41710192.33016526,15.840687934450637,7884594641477165.0,4.036318218321727e-05,2.3460507140627297e-12,2.193629771956264e-07,93503.08408966512,0.3760109887809856,-5.309738506077014e-13
2562,1.7606770357644144e-11,5.865126785156825e-15,ELECTRODE_ATTACHMENT,CONFIRMED,6.835376904985342e-05,41710192.11517072,15.840687852800055,7885453504179339.0,4.036757892403855e-05,2.346050730651741e-12,2.1933908470114882e-07,93492.89929472905,0.3760485492695032,-5.308605216669424e-13
2563,1.7612635484470774e-11,5.865126826629355e-15,ELECTRODE_ATTACHMENT,CONFIRMED,6.835458111496644e-05,41710191.90019213,15.840687771155531,7886309409887733.0,4.037196052728186e-05,2.3460507472395235e-12,2.193152796435702e-07,93482.75176981025,0.3760859957793894,-5.307475747081866e-13
2564,1.7618500611338872e-11,5.86512686809881e-15,ELECTRODE_ATTACHMENT,CONFIRMED,6.835539238455256e-05,41710191.685229294,15.840687689516995,7887162368949651.0,4.03763270459176e-05,2.346050763826089e-12,2.1929156167995813e-07,93472.64136873299,0.3761233287216489,-5.306350124727117e-13
2565,1.7624365738248437e-11,5.865126909565224e-15,ELECTRODE_ATTACHMENT,CONFIRMED,6.835620285831678e-05,41710191.47028238,15.8406876078845,7888012391751466.0,4.038067853311616e-05,2.346050780411427e-12,2.1926793046676247e-07,93462.56794505933,0.3761605485086798,-5.305228377069106e-13
2566,1.7630230865199467e-11,5.865126951028567e-15,ELECTRODE_ATTACHMENT,CONFIRMED,6.835701253596122e-05,41710191.25535105,15.840687526257929,7888859488718653.0,4.038501504224808e-05,2.346050796995563e-12,2.1924438565981338e-07,93452.53135208563,0.3761976555542573,-5.304110531622172e-13
2567,1.7636095992191956e-11,5.865126992488908e-15,ELECTRODE_ATTACHMENT,CONFIRMED,6.835782141718528e-05,41710191.04043552,15.84068744463735,7889703670315828.0,4.038933662688432e-05,2.34605081357848e-12,2.1922092691431817e-07,93442.53144284456,0.3762346502735575,-5.302996615950555e-13
2568,1.76419611192259e-11,5.865127033946199e-15,ELECTRODE_ATTACHMENT,CONFIRMED,6.835862950168557e-05,41710190.82553549,15.840687363022662,7890544947046781.0,4.039364334079635e-05,2.346050830160201e-12,2.1919755388485945e-07,93432.56807010077,0.3762715330831343,-5.301886657667594e-13
2569,1.7647826246301303e-11,5.865127075400504e-15,ELECTRODE_ATTACHMENT,CONFIRMED,6.835943678915584e-05,41710190.61065097,15.840687281413867,7891383329454510.0,4.039793523795637e-05,2.3460508467407248e-12,2.1917426622539215e-07,93422.64108635251,0.3763083044009397,-5.300780684435127e-13
2570,1.7653691373418154e-11,5.865127116851812e-15,ELECTRODE_ATTACHMENT,CONFIRMED,6.836024327928718e-05,41710190.39578196,15.84068719981096,7892218828121251.0,4.040221237253744e-05,2.346050863320053e-12,2.191510635892417e-07,93412.75034382945,0.3763449646463158,-5.299678723962736e-13
2571,1.7659556500576454e-11,5.865127158300133e-15,ELECTRODE_ATTACHMENT,CONFIRMED,6.83610489717679e-05,41710190.180928364,15.840687118213912,7893051453668509.0,4.040647479891364e-05,2.346050879898192e-12,2.1912794562910134e-07,93402.89569449172,0.3763815142399961,-5.298580804007e-13
2572,1.7665421627776197e-11,5.865127199745481e-15,ELECTRODE_ATTACHMENT,CONFIRMED,6.836185386628348e-05,41710189.966090135,15.840687036622692,7893881216757086.0,4.0410722571660255e-05,2.346050896475145e-12,2.1910491199702967e-07,93393.07699002895,0.3764179536041077,-5.297486952370731e-13
2573,1.7671286755017387e-11,5.865127241187864e-15,ELECTRODE_ATTACHMENT,CONFIRMED,6.836265796251673e-05,41710189.75126705,15.84068695503723,7894708128087106.0,4.0414955745553855e-05,2.3460509130509287e-12,2.19081962344449e-07,93383.2940818591,0.3764542831621683,-5.296397196902165e-13
2574,1.7677151882300013e-11,5.865127282627325e-15,ELECTRODE_ATTACHMENT,CONFIRMED,6.836346126014768e-05,41710189.53645928,15.840686873457578,7895532198398042.0,4.041917437557239e-05,2.346050929625534e-12,2.1905909632214286e-07,93373.54682112893,0.3764905033390973,-5.295311565494186e-13
2575,1.7683017009624076e-11,5.865127324063835e-15,ELECTRODE_ATTACHMENT,CONFIRMED,6.836426375885361e-05,41710189.32166667,15.840686791883686,7896353438468738.0,4.042337851689546e-05,2.346050946198968e-12,2.1903631358025357e-07,93363.8350587111,0.3765266145612047,-5.294230086083431e-13
2576,1.7688882136989572e-11,5.8651273654974206e-15,ELECTRODE_ATTACHMENT,CONFIRMED,6.83650654583092e-05,41710189.106889054,15.840686710315488,7897171859117430.0,4.0427568224904254e-05,2.3460509627712456e-12,2.1901361376828075e-07,93354.15864520412,0.3765626172561936,-5.2931527866494e-13
2577,1.76947472643965e-11,5.8651274069281145e-15,ELECTRODE_ATTACHMENT,CONFIRMED,6.83658663581862e-05,41710188.892126486,15.840686628753009,7897987471201766.0,4.043174355518173e-05,2.346050979342361e-12,2.189909965350789e-07,93344.51743093233,0.3765985118531699,-5.292079695213613e-13
2578,1.7700612391844858e-11,5.865127448355903e-15,ELECTRODE_ATTACHMENT,CONFIRMED,6.836666645815383e-05,41710188.67737882,15.840686547196182,7898800285618823.0,4.043590456351272e-05,2.346050995912328e-12,2.1896846152885533e-07,93334.91126594339,0.3766342987826303,-5.291010839838608e-13
2579,1.7706477519334638e-11,5.865127489780821e-15,ELECTRODE_ATTACHMENT,CONFIRMED,6.836746575787856e-05,41710188.462646045,15.840686465645016,7899610313305123.0,4.044005130588394e-05,2.346051012481146e-12,2.189460083971688e-07,93325.34000000922,0.3766699784764724,-5.289946248627016e-13
2580,1.771234264686584e-11,5.865127531202866e-15,ELECTRODE_ATTACHMENT,CONFIRMED,6.836826425702412e-05,41710188.24792803,15.840686384099454,7900417565236646.0,4.044418383848416e-05,2.3460510290488256e-12,2.189236367869268e-07,93315.80348262348,0.3767055513679882,-5.288885949720539e-13
2581,1.7718207774438462e-11,5.865127572622064e-15,ELECTRODE_ATTACHMENT,CONFIRMED,6.836906195525163e-05,41710188.033224754,15.84068630255949,7901222052428841.0,4.0448302217704126e-05,2.3460510456153683e-12,2.1890134634438485e-07,93306.30156300249,0.3767410178918692,-5.287829971298937e-13
2582,1.7724072902052497e-11,5.865127614038421e-15,ELECTRODE_ATTACHMENT,CONFIRMED,6.836985885221955e-05,41710187.81853606,15.840686221025065,7902023785936636.0,4.045240650013676e-05,2.3460510621807857e-12,2.188791367151437e-07,93296.83409008296,0.3767763784842022,-5.286778341578955e-13
2583,1.7729938029707952e-11,5.865127655451965e-15,ELECTRODE_ATTACHMENT,CONFIRMED,6.837065494758359e-05,41710187.603861965,15.840686139496183,7902822776854445.0,4.0456496742577085e-05,2.3460510787450767e-12,2.1885700754414827e-07,93287.40091252269,0.376811633582475,-5.285731088813234e-13
2584,1.7735803157404815e-11,5.865127696862692e-15,ELECTRODE_ATTACHMENT,CONFIRMED,6.837145024099691e-05,41710187.389202416,15.840686057972825,7903619036316171.0,4.04605730020223e-05,2.3460510953082456e-12,2.1883495847568573e-07,93278.00187869872,0.3768467836255708,-5.284688241289173e-13
2585,1.7741668285143085e-11,5.865127738270615e-15,ELECTRODE_ATTACHMENT,CONFIRMED,6.837224473210997e-05,41710187.1745572,15.840685976454909,7904412575495211.0,4.046463533567175e-05,2.3460511118703107e-12,2.1881298915338449e-07,93268.63683670691,0.3768818290537679,-5.28364982732776e-13
2586,1.774753341292276e-11,5.865127779675776e-15,ELECTRODE_ATTACHMENT,CONFIRMED,6.837303842057063e-05,41710186.959926456,15.84068589494249,7905203405604453.0,4.046868380092696e-05,2.346051128431256e-12,2.187910992202121e-07,93259.30563436274,0.3769167703087489,-5.282615875282409e-13
2587,1.7753398540743838e-11,5.865127821078141e-15,ELECTRODE_ATTACHMENT,CONFIRMED,6.837383130602419e-05,41710186.745309845,15.84068581343544,7905991537896276.0,4.047271845539164e-05,2.3460511449911128e-12,2.187692883184741e-07,93250.0081191976,0.3769516078335826,-5.28158641353763e-13
2588,1.7759263668606315e-11,5.865127862477783e-15,ELECTRODE_ATTACHMENT,CONFIRMED,6.837462338811324e-05,41710186.53070744,15.840685731933783,7906776983662545.0,4.0476739356871615e-05,2.3460511615498736e-12,2.1874755608981265e-07,93240.74413846173,0.3769863420727437,-5.280561470507877e-13
2589,1.776512879651019e-11,5.8651279038746855e-15,ELECTRODE_ATTACHMENT,CONFIRMED,6.837541466647788e-05,41710186.316119194,15.840685650437504,7907559754234600.0,4.04807465633748e-05,2.3460511781075426e-12,2.1872590217520547e-07,93231.51353912157,0.3770209734721002,-5.279541074636133e-13
2590,1.7770993924455458e-11,5.865127945268857e-15,ELECTRODE_ATTACHMENT,CONFIRMED,6.837620514075559e-05,41710186.10154494,15.840685568946542,7908339860983250.0,4.0484740133111145e-05,2.3460511946641317e-12,2.1870432621496443e-07,93222.31616785962,0.3770555024789126,-5.278525254392599e-13
2591,1.7776859052442118e-11,5.8651279866603284e-15,ELECTRODE_ATTACHMENT,CONFIRMED,6.837699481058127e-05,41710185.88698465,15.84068548746088,7909117315318756.0,4.0488720124492605e-05,2.3460512112196427e-12,2.186828278487343e-07,93213.15187107424,0.3770899295418396,-5.277514038273287e-13
2592,1.7782724180470167e-11,5.8651280280491086e-15,ELECTRODE_ATTACHMENT,CONFIRMED,6.837778367558733e-05,41710185.67243817,15.840685405980464,7909892128690818.0,4.049268659613299e-05,2.346051227774089e-12,2.1866140671549238e-07,93204.02049487903,0.3771242551109305,-5.276507454798578e-13
2593,1.7788589308539603e-11,5.865128069435225e-15,ELECTRODE_ATTACHMENT,CONFIRMED,6.837857173540361e-05,41710185.45790554,15.840685324505309,7910664312588554.0,4.049663960684793e-05,2.346051244327468e-12,2.1864006245354661e-07,93194.92188510281,0.3771584796376328,-5.275505532511781e-13
2594,1.7794454436650418e-11,5.8651281108186714e-15,ELECTRODE_ATTACHMENT,CONFIRMED,6.837935898965745e-05,41710185.24338662,15.840685243035358,7911433878540480.0,4.050057921565472e-05,2.346051260879788e-12,2.186187947005357e-07,93185.85588728864,0.3771926035747812,-5.274508299977537e-13
2595,1.780031956480262e-11,5.86512815219947e-15,ELECTRODE_ATTACHMENT,CONFIRMED,6.83801454379737e-05,41710185.028881274,15.840685161570562,7912200838114484.0,4.050450548177224e-05,2.346051277431062e-12,2.185976030934274e-07,93176.82234669347,0.3772266273766014,-5.273515785780304e-13
2596,1.78061846929962e-11,5.8651281935776564e-15,ELECTRODE_ATTACHMENT,CONFIRMED,6.838093107997465e-05,41710184.814389415,15.840685080110893,7912965202917797.0,4.050841846462072e-05,2.3460512939812945e-12,2.1857648726851882e-07,93167.82110828884,0.3772605514987107,-5.272528018522731e-13
2597,1.7812049821231153e-11,5.865128234953237e-15,ELECTRODE_ATTACHMENT,CONFIRMED,6.838171591528025e-05,41710184.59991112,15.84068499865637,7913726984596964.0,4.0512318223821725e-05,2.346051310530481e-12,2.185554468614347e-07,93158.85201675988,0.3772943763981175,-5.271545026824012e-13
2598,1.7817914949507478e-11,5.865128276326202e-15,ELECTRODE_ATTACHMENT,CONFIRMED,6.838249994350788e-05,41710184.3854461,15.840684917206897,7914486194837807.0,4.0516204819197846e-05,2.3460513270786415e-12,2.18534481507128e-07,93149.91491650448,0.3773281025332097,-5.270566839318114e-13
2599,1.7823780077825175e-11,5.865128317696605e-15,ELECTRODE_ATTACHMENT,CONFIRMED,6.838328316427255e-05,41710184.17099437,15.84068483576246,7915242845365387.0,4.052007831077254e-05,2.3460513436257798e-12,2.185135908398789e-07,93141.00965163452,0.3773617303637659,-5.269593484652095e-13
2600,1.7829645206184238e-11,5.86512835906445e-15,ELECTRODE_ATTACHMENT,CONFIRMED,6.838406557718682e-05,41710183.95655578,15.840684754323016,7915996947943965.0,4.052393875876996e-05,2.3460513601719043e-12,2.184927744932945e-07,93132.13606597457,0.3773952603509459,-5.268624991484247e-13
2601,1.783551033458467e-11,5.8651284004297606e-15,ELECTRODE_ATTACHMENT,CONFIRMED,6.838484718186088e-05,41710183.74213034,15.840684672888568,7916748514376954.0,4.052778622361466e-05,2.346051376717013e-12,2.184720321003089e-07,93123.29400306291,0.3774286929572945,-5.267661388482263e-13
2602,1.7841375463026464e-11,5.865128441792533e-15,ELECTRODE_ATTACHMENT,CONFIRMED,6.838562797790252e-05,41710183.5277179,15.84068459145906,7917497556506872.0,4.0531620765931445e-05,2.3460513932611184e-12,2.1845136329318282e-07,93114.48330615016,0.3774620286467325,-5.266702704321288e-13
2603,1.7847240591509616e-11,5.865128483152797e-15,ELECTRODE_ATTACHMENT,CONFIRMED,6.838640796491721e-05,41710183.313318364,15.840684510034452,7918244086215287.0,4.053544244654494e-05,2.346051409804228e-12,2.184307677035037e-07,93105.70381820029,0.3774952678845591,-5.265748967681972e-13
2604,1.7853105720034128e-11,5.865128524510571e-15,ELECTRODE_ATTACHMENT,CONFIRMED,6.838718714250801e-05,41710183.09893173,15.840684428614738,7918988115422763.0,4.053925132647945e-05,2.3460514263463448e-12,2.18410244962186e-07,93096.9553818904,0.3775284111374508,-5.264800207248459e-13
2605,1.7858970848599993e-11,5.865128565865862e-15,ELECTRODE_ATTACHMENT,CONFIRMED,6.838796551027573e-05,41710182.88455773,15.840684347199828,7919729656088798.0,4.05430474669586e-05,2.3460514428874848e-12,2.1838979469947113e-07,93088.2378396103,0.3775614588734527,-5.263856451706261e-13
2606,1.7864835977207213e-11,5.865128607218713e-15,ELECTRODE_ATTACHMENT,CONFIRMED,6.838874306781885e-05,41710182.67019645,15.840684265789744,7920468720211760.0,4.0546830929404975e-05,2.3460514594276453e-12,2.1836941654492786e-07,93079.55103346384,0.377594411561986,-5.262917729740182e-13
2607,1.7870701105855782e-11,5.865128648569114e-15,ELECTRODE_ATTACHMENT,CONFIRMED,6.838951981473356e-05,41710182.455847695,15.840684184384424,7921205319828817.0,4.055060177543982e-05,2.3460514759668373e-12,2.1834911012745307e-07,93070.8948052679,0.3776272696738354,-5.261984070032063e-13
2608,1.7876566234545698e-11,5.865128689917094e-15,ELECTRODE_ATTACHMENT,CONFIRMED,6.839029575061385e-05,41710182.241511285,15.840684102983785,7921939467015864.0,4.055436006688259e-05,2.346051492505079e-12,2.183288750752718e-07,93062.26899655278,0.3776600336811486,-5.26105550125853e-13
2609,1.788243136327696e-11,5.8651287312626974e-15,ELECTRODE_ATTACHMENT,CONFIRMED,6.839107087505145e-05,41710182.02718741,15.840684021587908,7922671173887447.0,4.055810586575062e-05,2.346051509042353e-12,2.1830871101593873e-07,93053.67344856434,0.3776927040574446,-5.260132052088745e-13
2610,1.7888296492049564e-11,5.865128772605883e-15,ELECTRODE_ATTACHMENT,CONFIRMED,6.839184518763585e-05,41710181.812875696,15.840683940196651,7923400452596679.0,4.056183923425868e-05,2.3460515255786897e-12,2.182886175763381e-07,93045.10800226088,0.3777252812775883,-5.259213751181884e-13
2611,1.7894161620863512e-11,5.865128813946726e-15,ELECTRODE_ATTACHMENT,CONFIRMED,6.839261868795443e-05,41710181.59857611,15.840683858810005,7924127315335154.0,4.0565560234818574e-05,2.3460515421140887e-12,2.1826859438268521e-07,93036.57249831672,0.3777577658178079,-5.258300627184815e-13
2612,1.7900026749718796e-11,5.865128855285222e-15,ELECTRODE_ATTACHMENT,CONFIRMED,6.839339137559236e-05,41710181.38428866,15.840683777427962,7924851774332855.0,4.0569268930038575e-05,2.3460515586485527e-12,2.182486410605275e-07,93028.0667771215,0.3777901581556826,-5.257392708729517e-13
2613,1.7905891878615416e-11,5.865128896621383e-15,ELECTRODE_ATTACHMENT,CONFIRMED,6.83941632501327e-05,41710181.17001319,15.840683696050467,7925573841858058.0,4.057296538272298e-05,2.3460515751820934e-12,2.1822875723474587e-07,93019.59067878018,0.3778224587701368,-5.256490024430496e-13
2614,1.7911757007553373e-11,5.865128937955235e-15,ELECTRODE_ATTACHMENT,CONFIRMED,6.839493431115643e-05,41710180.95574959,15.840683614677484,7926293530217230.0,4.057664965587167e-05,2.3460515917147173e-12,2.182089425295553e-07,93011.14404311437,0.3778546681414413,-5.255592602882145e-13
2615,1.791762213653266e-11,5.865128979286794e-15,ELECTRODE_ATTACHMENT,CONFIRMED,6.839570455824243e-05,41710180.741497725,15.840683533308956,7927010851754923.0,4.05803218126794e-05,2.3460516082464368e-12,2.1818919656850762e-07,93002.72670966253,0.3778867867512043,-5.254700472656002e-13
2616,1.7923487265553276e-11,5.865129020616093e-15,ELECTRODE_ATTACHMENT,CONFIRMED,6.839647399096753e-05,41710180.527257524,15.84068345194486,7927725818853660.0,4.058398191653538e-05,2.346051624777255e-12,2.181695189744919e-07,92994.33851768111,0.3779188150823727,-5.253813662297966e-13
2617,1.792935239461522e-11,5.865129061943139e-15,ELECTRODE_ATTACHMENT,CONFIRMED,6.839724260890655e-05,41710180.3130289,15.84068337058516,7928438443933821.0,4.058763003102256e-05,2.3460516413071826e-12,2.1814990936973734e-07,92985.97930614509,0.3779507536192227,-5.252932200325399e-13
2618,1.7935217523718487e-11,5.865129103267957e-15,ELECTRODE_ATTACHMENT,CONFIRMED,6.83980104116323e-05,41710180.09881175,15.840683289229814,7929148739453518.0,4.059126621991712e-05,2.346051657836223e-12,2.1813036737581427e-07,92977.64891374864,0.377982602847359,-5.252056115224205e-13
2619,1.7941082652863077e-11,5.865129144590557e-15,ELECTRODE_ATTACHMENT,CONFIRMED,6.83987773987157e-05,41710179.884606,15.840683207878795,7929856717908465.0,4.059489054718765e-05,2.3460516743643855e-12,2.1811089261363722e-07,92969.34717890636,0.378014363253706,-5.251185435445765e-13
2620,1.7946947782048988e-11,5.865129185910965e-15,ELECTRODE_ATTACHMENT,CONFIRMED,6.839954356972568e-05,41710179.67041148,15.840683126532047,7930562391831847.0,4.0598503076994654e-05,2.346051690891681e-12,2.180914847034661e-07,92961.07393975384,0.3780460353265053,-5.250320189403844e-13
2621,1.7952812911276215e-11,5.8651292272292034e-15,ELECTRODE_ATTACHMENT,CONFIRMED,6.840030892422929e-05,41710179.45622807,15.84068304518952,7931265773794177.0,4.060210387368965e-05,2.34605170741812e-12,2.1807214326490986e-07,92952.82903414899,0.3780776195553094,-5.2494604054714e-13
2622,1.795867804054476e-11,5.8651292685453e-15,ELECTRODE_ATTACHMENT,CONFIRMED,6.840107346179174e-05,41710179.24205577,15.84068296385121,7931966876403150.0,4.060569300181455e-05,2.3460517239437003e-12,2.1805286791692814e-07,92944.61229967362,0.3781091164309796,-5.248606111977322e-13
2623,1.7964543169854618e-11,5.865129309859252e-15,ELECTRODE_ATTACHMENT,CONFIRMED,6.840183718197641e-05,41710179.02789437,15.84068288251704,7932665712303490.0,4.060927052610079e-05,2.3460517404684413e-12,2.1803365827783465e-07,92936.42357363328,0.3781405264456723,-5.247757337203021e-13
2624,1.797040829920579e-11,5.865129351171104e-15,ELECTRODE_ATTACHMENT,CONFIRMED,6.840260008434489e-05,41710178.81374386,15.840682801187004,7933362294176793.0,4.061283651146857e-05,2.3460517569923426e-12,2.1801451396529973e-07,92928.26269306017,0.3781718500928427,-5.246914109379049e-13
2625,1.797627342859827e-11,5.865129392480856e-15,ELECTRODE_ATTACHMENT,CONFIRMED,6.8403362168457e-05,41710178.59960401,15.840682719861018,7934056634741358.0,4.061639102302604e-05,2.3460517735154203e-12,2.179954345963537e-07,92920.12949471288,0.3782030878672296,-5.2460764566815e-13
2626,1.798213855803206e-11,5.865129433788551e-15,ELECTRODE_ATTACHMENT,CONFIRMED,6.840412343387081e-05,41710178.38547484,15.840682638539088,7934748746752016.0,4.061993412606829e-05,2.346051790037674e-12,2.179764197873903e-07,92912.0238150795,0.3782342402648578,-5.245244407228432e-13
2627,1.7988003687507154e-11,5.865129475094185e-15,ELECTRODE_ATTACHMENT,CONFIRMED,6.84048838801428e-05,41710178.1713561,15.84068255722112,7935438642999950.0,4.062346588607652e-05,2.346051806559124e-12,2.1795746915417006e-07,92903.9454903773,0.3782653077830211,-5.244417989076098e-13
2628,1.7993868817023553e-11,5.8651295163978095e-15,ELECTRODE_ATTACHMENT,CONFIRMED,6.840564350682773e-05,41710177.957247816,15.84068247590712,7936126336312510.0,4.062698636871711e-05,2.3460518230797668e-12,2.179385823118239e-07,92895.89435655609,0.3782962909202872,-5.243597230215177e-13
2629,1.7999733946581252e-11,5.865129557699417e-15,ELECTRODE_ATTACHMENT,CONFIRMED,6.84064023134788e-05,41710177.74314984,15.840682394597035,7936811839553017.0,4.063049563984055e-05,2.346051839599616e-12,2.1791975887485745e-07,92887.8702492986,0.3783271901764798,-5.242782158566828e-13
2630,1.8005599076180252e-11,5.8651295989990404e-15,ELECTRODE_ATTACHMENT,CONFIRMED,6.840716029964764e-05,41710177.529061995,15.840682313290795,7937495165620563.0,4.0633993765480505e-05,2.3460518561186824e-12,2.179009984571547e-07,92879.87300402256,0.3783580060526763,-5.241972801978678e-13
2631,1.801146420582055e-11,5.865129640296707e-15,ELECTRODE_ATTACHMENT,CONFIRMED,6.840791746488438e-05,41710177.314984255,15.8406822319884,7938176327449803.0,4.0637480811852623e-05,2.3460518726369687e-12,2.178823006719827e-07,92871.9024558832,0.3783887390512015,-5.241169188220738e-13
2632,1.8017329335502145e-11,5.8651296815924246e-15,ELECTRODE_ATTACHMENT,CONFIRMED,6.840867380873758e-05,41710177.10091643,15.840682150689767,7938855338010735.0,4.064095684535352e-05,2.346051889154491e-12,2.17863665131996e-07,92863.95843977404,0.3784193896756135,-5.240371344981141e-13
2633,1.802319446522503e-11,5.865129722886228e-15,ELECTRODE_ATTACHMENT,CONFIRMED,6.84094293307545e-05,41710176.886858456,15.840682069394877,7939532210308481.0,4.064442193255964e-05,2.3460519056712536e-12,2.1784509144924125e-07,92856.04079032995,0.3784499584307024,-5.239579299861861e-13
2634,1.802905959498921e-11,5.8651297641781355e-15,ELECTRODE_ATTACHMENT,CONFIRMED,6.841018403048094e-05,41710176.6728102,15.840681988103675,7940206957383049.0,4.064787614022597e-05,2.3460519221872664e-12,2.1782657923516246e-07,92848.1493419288,0.3784804458224765,-5.23879308037426e-13
2635,1.8034924724794675e-11,5.8651298054681676e-15,ELECTRODE_ATTACHMENT,CONFIRMED,6.841093790746136e-05,41710176.4587716,15.84068190681614,7940879592309095.0,4.065131953528487e-05,2.346051938702536e-12,2.1780812810060613e-07,92840.28392869388,0.3785108523581568,-5.238012713934557e-13
2636,1.8040789854641432e-11,5.865129846756339e-15,ELECTRODE_ATTACHMENT,CONFIRMED,6.841169096123897e-05,41710176.24474238,15.840681825532172,7941550128195673.0,4.065475218484489e-05,2.34605195521708e-12,2.1778973765582637e-07,92832.44438449544,0.3785411785461624,-5.237238227859157e-13
2637,1.8046654984529477e-11,5.865129888042699e-15,ELECTRODE_ATTACHMENT,CONFIRMED,6.841244319135568e-05,41710176.03072257,15.840681744251777,7942218578185975.0,4.06581741561892e-05,2.346051971730897e-12,2.177714075104912e-07,92824.63054295485,0.3785714248961099,-5.236469649359926e-13
2638,1.80525201144588e-11,5.865129929327242e-15,ELECTRODE_ATTACHMENT,CONFIRMED,6.841319459735225e-05,41710175.816712074,15.840681662974912,7942884955457066.0,4.066158551677447e-05,2.3460519882439985e-12,2.1775313727368818e-07,92816.84223744531,0.3786015919187948,-5.235707005539263e-13
2639,1.8058385244429407e-11,5.865129970609998e-15,ELECTRODE_ATTACHMENT,CONFIRMED,6.841394517876826e-05,41710175.60271067,15.840681581701508,7943549273219606.0,4.066498633422932e-05,2.3460520047563964e-12,2.1773492655393033e-07,92809.07930109544,0.3786316801261851,-5.234950323385133e-13
2640,1.8064250374441303e-11,5.8651300118909926e-15,ELECTRODE_ATTACHMENT,CONFIRMED,6.841469493514223e-05,41710175.388718314,15.840681500431533,7944211544717566.0,4.066837667635288e-05,2.346052021268098e-12,2.177167749591632e-07,92801.34156679186,0.3786616900314104,-5.234199629765914e-13
2641,1.8070115504494477e-11,5.865130053170245e-15,ELECTRODE_ATTACHMENT,CONFIRMED,6.841544386601166e-05,41710175.1747348,15.840681419164918,7944871783227930.0,4.06717566111133e-05,2.346052037779117e-12,2.1769868209677106e-07,92793.62886718183,0.3786916221487499,-5.233454951425177e-13
2642,1.8075980634588923e-11,5.865130094447793e-15,ELECTRODE_ATTACHMENT,CONFIRMED,6.841619197091299e-05,41710174.96076004,15.840681337901634,7945530002060392.0,4.067512620664622e-05,2.3460520542894602e-12,2.1768064757358386e-07,92785.94103467664,0.3787214769936236,-5.232716314976306e-13
2643,1.8081845764724647e-11,5.86513013572365e-15,ELECTRODE_ATTACHMENT,CONFIRMED,6.84169392493818e-05,41710174.74679397,15.840681256641645,7946186214557041.0,4.0678485531253046e-05,2.3460520707991334e-12,2.1766267099588501e-07,92778.27790145458,0.3787512550825793,-5.231983746897e-13
2644,1.808771089490165e-11,5.865130176997835e-15,ELECTRODE_ATTACHMENT,CONFIRMED,6.841768570095284e-05,41710174.53283648,15.840681175384915,7946840434092034.0,4.068183465339938e-05,2.3460520873081455e-12,2.1764475196941845e-07,92770.63929946393,0.3787809569332793,-5.231257273523642e-13
2645,1.809357602511992e-11,5.865130218270363e-15,ELECTRODE_ATTACHMENT,CONFIRMED,6.841843132515995e-05,41710174.318887286,15.840681094131336,7947492674071262.0,4.068517364171331e-05,2.3460521038165165e-12,2.176268900993964e-07,92763.02506042589,0.3788105830644864,-5.230536921045513e-13
2646,1.8099441155379456e-11,5.8651302595412914e-15,ELECTRODE_ATTACHMENT,CONFIRMED,6.841917612153626e-05,41710174.10494646,15.840681012880932,7948142947932001.0,4.0688502564983526e-05,2.346052120324243e-12,2.1760908499050798e-07,92755.43501583955,0.3788401339960596,-5.229822715498947e-13
2647,1.810530628568027e-11,5.865130300810608e-15,ELECTRODE_ATTACHMENT,CONFIRMED,6.841992008961425e-05,41710173.89101376,15.84068093163362,7948791269142557.0,4.069182149215761e-05,2.3460521368313417e-12,2.175913362469271e-07,92747.86899698377,0.3788696102489297,-5.229114682761245e-13
2648,1.811117141602235e-11,5.8651303420783565e-15,ELECTRODE_ATTACHMENT,CONFIRMED,6.842066322892578e-05,41710173.67708908,15.840680850389347,7949437651201897.0,4.069513049234012e-05,2.3460521533378237e-12,2.175736434723213e-07,92740.32683492158,0.3788990123450926,-5.228412848544523e-13
2649,1.811703654640569e-11,5.86513038334456e-15,ELECTRODE_ATTACHMENT,CONFIRMED,6.84214055390021e-05,41710173.46317236,15.840680769148104,7950082107639267.0,4.06984296347906e-05,2.34605216984369e-12,2.1755600626986106e-07,92732.80836050468,0.3789283408075959,-5.227717238389403e-13
2650,1.8122901676830305e-11,5.865130424609226e-15,ELECTRODE_ATTACHMENT,CONFIRMED,6.842214701937397e-05,41710173.24926337,15.840680687909792,7950724652013801.0,4.070171898892157e-05,2.34605218634896e-12,2.1753842424222882e-07,92725.313404376,0.3789575961605171,-5.227027877658507e-13
2651,1.8128766807296174e-11,5.8651304658724e-15,ELECTRODE_ATTACHMENT,CONFIRMED,6.842288766957182e-05,41710173.03536204,15.84068060667439,7951365297914120.0,4.070499862429654e-05,2.3460522028536408e-12,2.1752089699162886e-07,92717.8417969751,0.3789867789289579,-5.226344791529913e-13
2652,1.8134631937803312e-11,5.865130507134104e-15,ELECTRODE_ATTACHMENT,CONFIRMED,6.84236274891256e-05,41710172.82146821,15.840680525441837,7952004058957912.0,4.070826861062782e-05,2.346052219357742e-12,2.1750342411979697e-07,92710.3933685419,0.3790158896390233,-5.225668004990336e-13
2653,1.8140497068351702e-11,5.865130548394356e-15,ELECTRODE_ATTACHMENT,CONFIRMED,6.842436647756509e-05,41710172.607581824,15.840680444212111,7952640948791507.0,4.071152901777432e-05,2.346052235861268e-12,2.1748600522801133e-07,92702.96794912124,0.3790449288178086,-5.224997542828264e-13
2654,1.814636219894136e-11,5.865130589653172e-15,ELECTRODE_ATTACHMENT,CONFIRMED,6.842510463441976e-05,41710172.39370264,15.840680362985122,7953275981089433.0,4.071477991573932e-05,2.3460522523642407e-12,2.1746863991710278e-07,92695.56536856675,0.3790738969933774,-5.22433342962684e-13
2655,1.815222732957227e-11,5.865130630910601e-15,ELECTRODE_ATTACHMENT,CONFIRMED,6.842584195921906e-05,41710172.17983068,15.840680281760871,7953909169553966.0,4.0718021374668154e-05,2.3460522688666555e-12,2.1745132778746573e-07,92688.18545654719,0.3791027946947557,-5.223675689756709e-13
2656,1.815809246024444e-11,5.865130672166638e-15,ELECTRODE_ATTACHMENT,CONFIRMED,6.842657845149227e-05,41710171.96596562,15.84068020053925,7954540527914658.0,4.072125346484578e-05,2.3460522853685363e-12,2.174340684390702e-07,92680.82804254888,0.3791316224519009,-5.223024347368562e-13
2657,1.8163957590957855e-11,5.865130713421342e-15,ELECTRODE_ATTACHMENT,CONFIRMED,6.842731411076878e-05,41710171.7521075,15.840680119320256,7955170069927859.0,4.072447625669434e-05,2.3460523018698848e-12,2.174168614714729e-07,92673.49295588344,0.3791603807956974,-5.222379426385656e-13
2658,1.8169822721712533e-11,5.865130754674713e-15,ELECTRODE_ATTACHMENT,CONFIRMED,6.842804893657805e-05,41710171.53825613,15.840680038103828,7955797809376223.0,4.0727689820770646e-05,2.3460523183707106e-12,2.1739970648382974e-07,92666.18002569088,0.37918907025793,-5.221740950496079e-13
2659,1.817568785250846e-11,5.865130795926777e-15,ELECTRODE_ATTACHMENT,CONFIRMED,6.842878292844968e-05,41710171.324411325,15.840679956889897,7956423760068197.0,4.073089422776353e-05,2.3460523348710304e-12,2.173826030749085e-07,92658.88908094568,0.3792176913712654,-5.221108943144872e-13
2660,1.818155298334564e-11,5.865130837177577e-15,ELECTRODE_ATTACHMENT,CONFIRMED,6.842951608591363e-05,41710171.110572994,15.840679875678418,7957047935837501.0,4.0734089548491215e-05,2.3460523513708518e-12,2.173655508431011e-07,92651.61995046253,0.3792462446692377,-5.220483427526018e-13
2661,1.8187418114224065e-11,5.865130878427129e-15,ELECTRODE_ATTACHMENT,CONFIRMED,6.843024840850013e-05,41710170.89674101,15.840679794469354,7957670350542588.0,4.073727585389854e-05,2.3460523678701824e-12,2.1734854938643766e-07,92644.37246290168,0.3792747306862255,-5.219864426574206e-13
2662,1.8193283245143737e-11,5.865130919675457e-15,ELECTRODE_ATTACHMENT,CONFIRMED,6.843097989573989e-05,41710170.682915255,15.840679713262654,7958291018066092.0,4.074045321505414e-05,2.3460523843690328e-12,2.1733159830259966e-07,92637.14644677495,0.3793031499574319,-5.219251962956486e-13
2663,1.819914837610466e-11,5.865130960922584e-15,ELECTRODE_ATTACHMENT,CONFIRMED,6.843171054716413e-05,41710170.46909551,15.840679632058238,7958909952314259.0,4.0743621703147486e-05,2.3460524008674207e-12,2.1731469718893459e-07,92629.94173045129,0.3793315030188607,-5.218646059063655e-13
2664,1.820501350710683e-11,5.865131002168552e-15,ELECTRODE_ATTACHMENT,CONFIRMED,6.843244036230471e-05,41710170.25528169,15.840679550856068,7959527167216367.0,4.074678138948602e-05,2.346052417365352e-12,2.1729784564246998e-07,92622.75814216393,0.3793597904073021,-5.218046737001599e-13
2665,1.8210878638150243e-11,5.86513104341338e-15,ELECTRODE_ATTACHMENT,CONFIRMED,6.84331693406942e-05,41710170.041473694,15.840679469656116,7960142676724124.0,4.0749932345491934e-05,2.346052433862833e-12,2.1728104325992865e-07,92615.59551001596,0.379388012660305,-5.217454018582341e-13
2666,1.82167437692349e-11,5.865131084657083e-15,ELECTRODE_ATTACHMENT,CONFIRMED,6.843389748186599e-05,41710169.82767136,15.840679388458309,7960756494811053.0,4.0753074642699195e-05,2.3460524503598768e-12,2.172642896377441e-07,92608.45366198717,0.379416170316155,-5.216867925314965e-13
2667,1.82226089003608e-11,5.865131125899693e-15,ELECTRODE_ATTACHMENT,CONFIRMED,6.843462478535436e-05,41710169.61387457,15.84067930726261,7961368635471861.0,4.0756208352750086e-05,2.346052466856495e-12,2.1724758437207641e-07,92601.33242594064,0.3794442639138522,-5.216288478396344e-13
2668,1.8228474031527943e-11,5.865131167141237e-15,ELECTRODE_ATTACHMENT,CONFIRMED,6.843535125069459e-05,41710169.400083095,15.84067922606893,7961979112721789.0,4.0759333547392126e-05,2.346052483352702e-12,2.172309270588285e-07,92594.23162962985,0.3794722939930849,-5.21571569870169e-13
2669,1.8234339162736326e-11,5.8651312083817565e-15,ELECTRODE_ATTACHMENT,CONFIRMED,6.843607687742311e-05,41710169.18629696,15.840679144877278,7962587940595949.0,4.076245029847453e-05,2.346052499848497e-12,2.172143172936627e-07,92587.15110070638,0.3795002610942132,-5.21514960677496e-13
2670,1.824020429398595e-11,5.8651312496212415e-15,ELECTRODE_ATTACHMENT,CONFIRMED,6.84368016650775e-05,41710168.97251584,15.840679063687528,7963195133148639.0,4.0765558677944646e-05,2.3460525163439054e-12,2.1719775467201857e-07,92580.09066672562,0.379528165758229,-5.214590222818954e-13
2671,1.8246069425276808e-11,5.865131290859765e-15,ELECTRODE_ATTACHMENT,CONFIRMED,6.843752561319675e-05,41710168.75873967,15.840678982499664,7963800704452644.0,4.076865875784459e-05,2.346052532838932e-12,2.1718123878912997e-07,92573.0501551563,0.3795560085267463,-5.214037566685393e-13
2672,1.8251934556608907e-11,5.865131332097331e-15,ELECTRODE_ATTACHMENT,CONFIRMED,6.843824872132119e-05,41710168.5449684,15.840678901313652,7964404668598515.0,4.077175061030736e-05,2.3460525493335816e-12,2.171647692400436e-07,92566.02939338729,0.3795837899419666,-5.213491657864696e-13
2673,1.825779968798224e-11,5.865131373333955e-15,ELECTRODE_ATTACHMENT,CONFIRMED,6.843897098899273e-05,41710168.331201755,15.8406788201294,7965007039693835.0,4.077483430755312e-05,2.3460525658278744e-12,2.171483456196376e-07,92559.02820873511,0.3796115105466483,-5.212952515475573e-13
2674,1.8263664819396813e-11,5.865131414569687e-15,ELECTRODE_ATTACHMENT,CONFIRMED,6.843969241575495e-05,41710168.11743966,15.84067873894688,7965607831862463.0,4.077790992188539e-05,2.3460525823218162e-12,2.1713196752264106e-07,92552.04642845313,0.3796391708840878,-5.2124201582545e-13
2675,1.8269529950852617e-11,5.865131455804541e-15,ELECTRODE_ATTACHMENT,CONFIRMED,6.844041300115316e-05,41710167.90368193,15.840678657766013,7966207059243758.0,4.078097752568708e-05,2.3460525988154204e-12,2.1711563454365298e-07,92545.08387973908,0.3796667714980843,-5.211894604544938e-13
2676,1.827539508234965e-11,5.865131497038551e-15,ELECTRODE_ATTACHMENT,CONFIRMED,6.844113274473459e-05,41710167.68992844,15.840678576586756,7966804735991787.0,4.078403719141631e-05,2.3460526153086986e-12,2.170993462771634e-07,92538.14038974441,0.3796943129329131,-5.211375872286389e-13
2677,1.8281260213887927e-11,5.865131538271748e-15,ELECTRODE_ATTACHMENT,CONFIRMED,6.844185164604845e-05,41710167.476179115,15.840678495409083,7967400876274512.0,4.078708899160237e-05,2.346052631801655e-12,2.170831023175737e-07,92531.21578558291,0.3797217957332976,-5.210863979003271e-13
2678,1.828712534546743e-11,5.8651315795041374e-15,ELECTRODE_ATTACHMENT,CONFIRMED,6.844256970464608e-05,41710167.26243371,15.840678414232904,7967995494272956.0,4.079013299884141e-05,2.3460526482943096e-12,2.170669022592177e-07,92524.30989433912,0.3797492204443719,-5.210358941793554e-13
2679,1.8292990477088166e-11,5.865131620735775e-15,ELECTRODE_ATTACHMENT,CONFIRMED,6.84432869200811e-05,41710167.04869215,15.84067833305818,7968588604180353.0,4.079316928579214e-05,2.3460526647866677e-12,2.170507456963837e-07,92517.42254307865,0.3797765876116585,-5.209860777317302e-13
2680,1.829885560875013e-11,5.865131661966669e-15,ELECTRODE_ATTACHMENT,CONFIRMED,6.844400329190947e-05,41710166.83495423,15.840678251884835,7969180220201270.0,4.079619792517118e-05,2.346052681278746e-12,2.1703463222333726e-07,92510.55355885689,0.3798038977810276,-5.20936950178492e-13
2681,1.8304720740453328e-11,5.8651317031968655e-15,ELECTRODE_ATTACHMENT,CONFIRMED,6.844471881968971e-05,41710166.62121986,15.840678170712843,7969770356550717.0,4.079921898974871e-05,2.3460526977705488e-12,2.170185614343432e-07,92503.70276872964,0.3798311514986723,-5.208885130945297e-13
2682,1.8310585872197757e-11,5.865131744426374e-15,ELECTRODE_ATTACHMENT,CONFIRMED,6.844543350298294e-05,41710166.40748891,15.84067808954215,7970359027453230.0,4.0802232552343606e-05,2.346052714262089e-12,2.1700253292369e-07,92496.86999976232,0.3798583493110683,-5.208407680073708e-13
2683,1.831645100398341e-11,5.865131785655222e-15,ELECTRODE_ATTACHMENT,CONFIRMED,6.844614734135311e-05,41710166.19376112,15.840678008372654,7970946247141935.0,4.08052386858188e-05,2.3460527307533865e-12,2.169865462857133e-07,92490.05507904016,0.37988549176494,-5.207937163959551e-13
2684,1.832231613581029e-11,5.865131826883467e-15,ELECTRODE_ATTACHMENT,CONFIRMED,6.844686033436701e-05,41710165.98003644,15.84067792720434,7971532029857589.0,4.080823746307619e-05,2.3460527472444425e-12,2.1697060111482106e-07,92483.25783367996,0.3799125794072315,-5.207473596893931e-13
2685,1.8328181267678402e-11,5.8651318681111084e-15,ELECTRODE_ATTACHMENT,CONFIRMED,6.844757248159456e-05,41710165.76631473,15.840677846037156,7972116389847601.0,4.08112289570518e-05,2.3460527637352695e-12,2.1695469700551814e-07,92476.4780908395,0.3799396127850644,-5.207016992657013e-13
2686,1.8334046399587744e-11,5.865131909338175e-15,ELECTRODE_ATTACHMENT,CONFIRMED,6.844828378260887e-05,41710165.55259582,15.840677764871034,7972699341365030.0,4.081421324071054e-05,2.3460527802258824e-12,2.1693883355243278e-07,92469.71567772888,0.3799665924457013,-5.206567364505207e-13
2687,1.8339911531538308e-11,5.865131950564707e-15,ELECTRODE_ATTACHMENT,CONFIRMED,6.844899423698634e-05,41710165.33887949,15.840677683705891,7973280898667559.0,4.081719038704103e-05,2.346052796716295e-12,2.169230103503425e-07,92462.97042162204,0.3799935189365095,-5.206124725158217e-13
2688,1.8345776663530096e-11,5.8651319917907375e-15,ELECTRODE_ATTACHMENT,CONFIRMED,6.844970384430692e-05,41710165.12516572,15.840677602541724,7973861076016451.0,4.082016046905017e-05,2.3460528132065117e-12,2.169072269942016e-07,92456.24214986857,0.3800203928049255,-5.205689086785888e-13
2689,1.835164179556312e-11,5.8651320330162794e-15,ELECTRODE_ATTACHMENT,CONFIRMED,6.845041260415417e-05,41710164.9114543,15.840677521378444,7974439887675474.0,4.082312355975772e-05,2.346052829696547e-12,2.168914830791686e-07,92449.53068990468,0.3800472145984091,-5.205260460994877e-13
2690,1.835750692763736e-11,5.865132074241367e-15,ELECTRODE_ATTACHMENT,CONFIRMED,6.845112051611552e-05,41710164.697745055,15.840677440215991,7975017347909811.0,4.082607973219067e-05,2.3460528461864127e-12,2.1687577820063442e-07,92442.8358692658,0.3800739848644076,-5.20483885881517e-13
2691,1.8363372059752823e-11,5.865132115466033e-15,ELECTRODE_ATTACHMENT,CONFIRMED,6.845182757978224e-05,41710164.48403788,15.840677359054329,7975593470984943.0,4.082902905937752e-05,2.3460528626761213e-12,2.1686011195425165e-07,92436.15751559888,0.3801007041503135,-5.20442429068646e-13
2692,1.8369237191909517e-11,5.8651321566903044e-15,ELECTRODE_ATTACHMENT,CONFIRMED,6.845253379474979e-05,41710164.270332605,15.840677277893388,7976168271165507.0,4.083197161434248e-05,2.3460528791656813e-12,2.168444839359634e-07,92429.49545667488,0.3801273730034233,-5.204016766444349e-13
2693,1.8375102324107428e-11,5.865132197914204e-15,ELECTRODE_ATTACHMENT,CONFIRMED,6.845323916061791e-05,41710164.05662908,15.840677196733104,7976741762714133.0,4.0834907470099454e-05,2.3460528956551088e-12,2.168288937420344e-07,92422.84952040152,0.3801539919708916,-5.20361629530638e-13
2694,1.838096745634657e-11,5.865132239137772e-15,ELECTRODE_ATTACHMENT,CONFIRMED,6.845394367699076e-05,41710163.842927195,15.840677115573444,7977313959890253.0,4.083783669964602e-05,2.346052912144409e-12,2.1681334096908098e-07,92416.21953483684,0.380180561599693,-5.203222885858004e-13
2695,1.8386832588626927e-11,5.865132280361023e-15,ELECTRODE_ATTACHMENT,CONFIRMED,6.845464734347711e-05,41710163.629226655,15.840677034414306,7977884876948892.0,4.084075937595714e-05,2.346052928633605e-12,2.1679782521410315e-07,92409.60532820167,0.3802070824365686,-5.202836546038305e-13
2696,1.839269772094851e-11,5.865132321584014e-15,ELECTRODE_ATTACHMENT,CONFIRMED,6.845535015969049e-05,41710163.415527456,15.84067695325567,7978454528139428.0,4.084367557197892e-05,2.346052945122699e-12,2.167823460745163e-07,92403.00672889482,0.3802335550279915,-5.202457283125712e-13
2697,1.839856285331132e-11,5.865132362806749e-15,ELECTRODE_ATTACHMENT,CONFIRMED,6.84560521252494e-05,41710163.20182945,15.840676872097484,7979022927704332.0,4.084658536062207e-05,2.3460529616117003e-12,2.1676690314818414e-07,92396.42356550589,0.3802599799201127,-5.202085103723495e-13
2698,1.8404427985715343e-11,5.86513240402925e-15,ELECTRODE_ATTACHMENT,CONFIRMED,6.845675323977749e-05,41710162.98813241,15.840676790939668,7979590089877879.0,4.084948881475535e-05,2.346052978100628e-12,2.1675149603345238e-07,92389.85566682942,0.3802863576587126,-5.201720013745189e-13
2699,1.84102931181606e-11,5.8651324452515696e-15,ELECTRODE_ATTACHMENT,CONFIRMED,6.845745350290365e-05,41710162.77443626,15.840676709782189,7980156028884839.0,4.085238600719887e-05,2.3460529945894865e-12,2.167361243291823e-07,92383.30286188051,0.3803126887891595,-5.201362018399942e-13
2700,1.8416158250647072e-11,5.865132486473717e-15,ELECTRODE_ATTACHMENT,CONFIRMED,6.845815291426231e-05,41710162.56074076,15.84067662862496,7980720758939140.0,4.085527701071724e-05,2.3460530110782952e-12,2.1672078763478594e-07,92376.76497990832,0.3803389738563526,-5.201011122177721e-13
2701,1.842202338317477e-11,5.865132527695739e-15,ELECTRODE_ATTACHMENT,CONFIRMED,6.845885147349357e-05,41710162.347045824,15.84067654746794,7981284294242506.0,4.0858161898012575e-05,2.3460530275670607e-12,2.167054855502613e-07,92370.24185041225,0.3803652134046786,-5.20066732883448e-13
2702,1.8427888515743684e-11,5.865132568917653e-15,ELECTRODE_ATTACHMENT,CONFIRMED,6.845954918024337e-05,41710162.13335129,15.840676466311075,7981846648983073.0,4.086104074171748e-05,2.3460530440557955e-12,2.166902176762285e-07,92363.73330315673,0.3803914079779559,-5.200330641377229e-13
2703,1.8433753648353825e-11,5.8651326101394906e-15,ELECTRODE_ATTACHMENT,CONFIRMED,6.846024603416364e-05,41710161.919657,15.840676385154303,7982407837333973.0,4.086391361438767e-05,2.346053060544512e-12,2.1667498361396674e-07,92357.23916818705,0.3804175581193842,-5.200001062049068e-13
2704,1.8439618781005183e-11,5.865132651361281e-15,ELECTRODE_ATTACHMENT,CONFIRMED,6.846094203491265e-05,41710161.70596282,15.84067630399758,7982967873451902.0,4.08667805884948e-05,2.346053077033218e-12,2.166597829654513e-07,92350.75927584548,0.3804436643714924,-5.199678592314152e-13
2705,1.8445483913697767e-11,5.8651326925830456e-15,ELECTRODE_ATTACHMENT,CONFIRMED,6.846163718215501e-05,41710161.49226851,15.840676222840797,7983526771475655.0,4.086964173641883e-05,2.3460530935219373e-12,2.16644615333392e-07,92344.29345678669,0.3804697272760794,-5.199363232842645e-13
2706,1.8451349046431572e-11,5.865132733804844e-15,ELECTRODE_ATTACHMENT,CONFIRMED,6.846233147556206e-05,41710161.27857403,15.84067614168395,7984084545524641.0,4.0872497130440496e-05,2.3460531100106693e-12,2.1662948032127186e-07,92337.8415419959,0.3804957473741699,-5.199054983495682e-13
2707,1.8457214179206603e-11,5.865132775026673e-15,ELECTRODE_ATTACHMENT,CONFIRMED,6.846302491481184e-05,41710161.0648792,15.840676060526972,7984641209697370.0,4.0875346842733554e-05,2.3460531264994287e-12,2.1661437753338642e-07,92331.40336280408,0.380521725205948,-5.198753843310252e-13
2708,1.8463079312022848e-11,5.865132816248572e-15,ELECTRODE_ATTACHMENT,CONFIRMED,6.846371749958948e-05,41710160.851183794,15.84067597936978,7985196778069916.0,4.087819094535692e-05,2.3460531429882306e-12,2.1659930657488374e-07,92324.97875090562,0.3805476613107041,-5.198459810484181e-13
2709,1.846894444488032e-11,5.865132857470577e-15,ELECTRODE_ATTACHMENT,CONFIRMED,6.846440922958736e-05,41710160.63748778,15.840675898212352,7985751264694356.0,4.088102951024662e-05,2.3460531594770817e-12,2.1658426705180566e-07,92318.56753837613,0.38057355622678,-5.198172882361119e-13
2710,1.847480957777901e-11,5.865132898692706e-15,ELECTRODE_ATTACHMENT,CONFIRMED,6.846510010450531e-05,41710160.42379092,15.840675817054604,7986304683597185.0,4.088386260920775e-05,2.3460531759659986e-12,2.165692585711284e-07,92312.16955768915,0.3805994104915053,-5.197893055415541e-13
2711,1.848067471071893e-11,5.8651329399149965e-15,ELECTRODE_ATTACHMENT,CONFIRMED,6.846579012405073e-05,41710160.210093126,15.840675735896506,7986857048777704.0,4.088669031390619e-05,2.3460531924549855e-12,2.1655428074080523e-07,92305.78464173517,0.3806252246411435,-5.197620325237903e-13
2712,1.8486539843700063e-11,5.865132981137465e-15,ELECTRODE_ATTACHMENT,CONFIRMED,6.846647928793897e-05,41710159.99639412,15.84067565473794,7987408374206385.0,4.088951269586024e-05,2.346053208944067e-12,2.1653933316980866e-07,92299.41262383842,0.380650999210823,-5.197354686519767e-13
2713,1.8492404976722428e-11,5.865133022360169e-15,ELECTRODE_ATTACHMENT,CONFIRMED,6.84671675958934e-05,41710159.782693945,15.840675573578933,7987958673823214.0,4.089232982643209e-05,2.346053225433241e-12,2.1652441546817442e-07,92293.05333777722,0.3806767347344892,-5.197096133039209e-13
2714,1.849827010978601e-11,5.8651330635831034e-15,ELECTRODE_ATTACHMENT,CONFIRMED,6.846785504764569e-05,41710159.56899229,15.840675492419363,7988507961536008.0,4.0895141776819337e-05,2.346053241922528e-12,2.1650952724704418e-07,92286.70661780055,0.3807024317448271,-5.196844657646155e-13
2715,1.8504135242890817e-11,5.865133104806321e-15,ELECTRODE_ATTACHMENT,CONFIRMED,6.846854164293604e-05,41710159.355289005,15.84067541125918,7989056251218710.0,4.08979486180461e-05,2.3460532584119405e-12,2.1649466811871137e-07,92280.37229864851,0.3807280907732085,-5.196600252248051e-13
2716,1.851000037603685e-11,5.865133146029851e-15,ELECTRODE_ATTACHMENT,CONFIRMED,6.846922738151333e-05,41710159.14158406,15.840675330098358,7989603556709661.0,4.090075042095427e-05,2.346053274901481e-12,2.1647983769666547e-07,92274.05021557161,0.3807537123496271,-5.196362907795633e-13
2717,1.8515865509224103e-11,5.865133187253702e-15,ELECTRODE_ATTACHMENT,CONFIRMED,6.846991226313542e-05,41710158.92787721,15.840675248936815,7990149891809850.0,4.0903547256194494e-05,2.34605329139117e-12,2.1646503559563798e-07,92267.74020434881,0.3807792970026274,-5.196132614268877e-13
2718,1.852173064245258e-11,5.865133228477925e-15,ELECTRODE_ATTACHMENT,CONFIRMED,6.847059628756937e-05,41710158.71416832,15.840675167774496,7990695270281142.0,4.090633919421719e-05,2.346053307881016e-12,2.164502614316485e-07,92261.44210130889,0.3808048452592458,-5.195909360663259e-13
2719,1.852759577572228e-11,5.865133269702541e-15,ELECTRODE_ATTACHMENT,CONFIRMED,6.847127945459158e-05,41710158.500457264,15.84067508661136,7991239705844484.0,4.090912630526324e-05,2.3460533243710297e-12,2.1643551482205202e-07,92255.15574334945,0.3808303576449421,-5.19569313497621e-13
2720,1.853346090903321e-11,5.865133310927576e-15,ELECTRODE_ATTACHMENT,CONFIRMED,6.847196176398809e-05,41710158.28674386,15.840675005447332,7991783212178093.0,4.0911908659354826e-05,2.346053340861224e-12,2.1642079538558565e-07,92248.88096795732,0.3808558346835301,-5.19548392419388e-13
2721,1.8539326042385365e-11,5.86513335215306e-15,ELECTRODE_ATTACHMENT,CONFIRMED,6.847264321555481e-05,41710158.07302798,15.84067492428236,7992325802915619.0,4.091468632628598e-05,2.3460533573516093e-12,2.1640610274241682e-07,92242.6176132291,0.3808812768971131,-5.195281714278226e-13
2722,1.8545191175778742e-11,5.865133393379024e-15,ELECTRODE_ATTACHMENT,CONFIRMED,6.847332380909775e-05,41710157.85930951,15.840674843116403,7992867491644294.0,4.091745937561307e-05,2.346053373842196e-12,2.163914365141919e-07,92236.36551789174,0.3809066848060128,-5.195086490154426e-13
2723,1.8551056309213347e-11,5.865133434605491e-15,ELECTRODE_ATTACHMENT,CONFIRMED,6.847400354443315e-05,41710157.645588174,15.840674761949362,7993408291903062.0,4.09202278766453e-05,2.3460533903330027e-12,2.1637679632408437e-07,92230.1245213228,0.3809320589286989,-5.194898235698678e-13
2724,1.855692144268918e-11,5.865133475832508e-15,ELECTRODE_ATTACHMENT,CONFIRMED,6.84746824213879e-05,41710157.431864016,15.840674680781246,7993948217180686.0,4.092299189843501e-05,2.346053406824029e-12,2.1636218179684477e-07,92223.89446357284,0.3809573997817257,-5.194716933726432e-13
2725,1.856278657620624e-11,5.865133517060073e-15,ELECTRODE_ATTACHMENT,CONFIRMED,6.847536043979956e-05,41710157.21813671,15.840674599611935,7994487280913844.0,4.092575150976783e-05,2.346053423315298e-12,2.1634759255885026e-07,92217.6751853848,0.38098270787965,-5.194542565980993e-13
2726,1.856865170976453e-11,5.865133558288247e-15,ELECTRODE_ATTACHMENT,CONFIRMED,6.847603759951676e-05,41710157.00440618,15.840674518441396,7995025496485207.0,4.0928506779152976e-05,2.3460534398068157e-12,2.163330282381545e-07,92211.46652821699,0.3810079837349708,-5.194375113122685e-13
2727,1.8574516843364042e-11,5.86513359951704e-15,ELECTRODE_ATTACHMENT,CONFIRMED,6.847671390039941e-05,41710156.79067227,15.84067443726958,7995562877221501.0,4.0931257774813246e-05,2.346053456298593e-12,2.163184884645387e-07,92205.26833426375,0.3810332278580512,-5.194214554718466e-13
2728,1.8580381977004792e-11,5.865133640746483e-15,ELECTRODE_ATTACHMENT,CONFIRMED,6.847738934231879e-05,41710156.57693486,15.840674356096432,7996099436391560.0,4.0934004564675086e-05,2.346053472790643e-12,2.1630397286956186e-07,92199.08044647728,0.3810584407570478,-5.194060869232092e-13
2729,1.858624711068677e-11,5.8651336819766086e-15,ELECTRODE_ATTACHMENT,CONFIRMED,6.847806392515796e-05,41710156.36319383,15.840674274921907,7996635187204358.0,4.093674721635847e-05,2.3460534892829717e-12,2.162894810866125e-07,92192.90270858975,0.3810836229378378,-5.193914034014875e-13
2730,1.8592112244409972e-11,5.8651337232074296e-15,ELECTRODE_ATTACHMENT,CONFIRMED,6.847873764881195e-05,41710156.14944892,15.840674193745912,7997170142807037.0,4.093948579716689e-05,2.3460535057755997e-12,2.162750127509597e-07,92186.73496513443,0.381108774903943,-5.193774025297033e-13
2731,1.859797737817441e-11,5.8651337644389984e-15,ELECTRODE_ATTACHMENT,CONFIRMED,6.847941051318788e-05,41710155.935700074,15.84067411256842,7997704316282923.0,4.0942220374077096e-05,2.346053522268532e-12,2.1626056749980526e-07,92180.577061469,0.3811338971564608,-5.193640818179726e-13
2732,1.8603842511980087e-11,5.8651338056713325e-15,ELECTRODE_ATTACHMENT,CONFIRMED,6.848008251820534e-05,41710155.721947104,15.840674031389364,7998237720649530.0,4.0944951013729e-05,2.3460535387617817e-12,2.1624614497233515e-07,92174.42884379665,0.3811589901939868,-5.193514386627752e-13
2733,1.8609707645826992e-11,5.865133846904455e-15,ELECTRODE_ATTACHMENT,CONFIRMED,6.84807536637966e-05,41710155.50818992,15.840673950208709,7998770368856560.0,4.094767778241528e-05,2.346053555255357e-12,2.1623174480977226e-07,92168.2901591888,0.381184054512541,-5.193394703462953e-13
2734,1.861557277971513e-11,5.865133888138394e-15,ELECTRODE_ATTACHMENT,CONFIRMED,6.84814239499067e-05,41710155.294428326,15.840673869026377,7999302273783896.0,4.095040074607124e-05,2.3460535717492736e-12,2.162173666554281e-07,92162.16085560707,0.3812090906054916,-5.193281740358426e-13
2735,1.8621437913644505e-11,5.865133929373185e-15,ELECTRODE_ATTACHMENT,CONFIRMED,6.848209337649386e-05,41710155.08066222,15.840673787842327,7999833448239591.0,4.095311997026449e-05,2.3460535882435386e-12,2.1620301015475523e-07,92156.04078192593,0.3812340989634837,-5.193175467833513e-13
2736,1.8627303047615112e-11,5.865133970608848e-15,ELECTRODE_ATTACHMENT,CONFIRMED,6.848276194352965e-05,41710154.86689141,15.840673706656494,8000363904957852.0,4.095583552018457e-05,2.3460536047381666e-12,2.1618867495539981e-07,92149.92978795459,0.3812590800743601,-5.193075855249616e-13
2737,1.863316818162696e-11,5.865134011845416e-15,ELECTRODE_ATTACHMENT,CONFIRMED,6.848342965099916e-05,41710154.65311578,15.840673625468831,8000893656597024.0,4.095854746063266e-05,2.346053621233167e-12,2.1617436070725435e-07,92143.82772445993,0.3812840344230891,-5.192982870806912e-13
