x_m,y_m,potential_V,Ex_V_m,Ey_V_m,E_mag_V_m,domain_id,cell_area_m2
0.0,0.0,0.0,0.0,-7142857.149654629,7142857.149654629,gas_gap,7.656249999999998e-13
0.0,8.749999999999999e-07,6.250000010660059,0.0,-7142857.1620924305,7142857.1620924305,gas_gap,7.656249999999998e-13
0.0,1.7499999999999998e-06,12.500000037860667,0.0,-7142857.189140184,7142857.189140184,gas_gap,7.656249999999998e-13
0.0,2.6249999999999994e-06,18.750000099924467,0.0,-7142857.244923544,7142857.244923544,gas_gap,7.656249999999998e-13
0.0,3.4999999999999995e-06,25.000000232270814,0.0,-7142857.3555352455,7142857.3555352455,gas_gap,7.656249999999998e-13
0.0,4.375e-06,31.250000501508786,0.0,-7142857.568110874,7142857.568110874,gas_gap,7.656249999999998e-13
0.0,5.249999999999999e-06,37.500001029962625,0.0,-7142857.966098578,7142857.966098578,gas_gap,7.656249999999998e-13
0.0,6.124999999999999e-06,43.75000203758448,0.0,-7142858.694508404,7142858.694508404,gas_gap,7.656249999999998e-13
0.0,6.999999999999999e-06,50.00000391235672,0.0,-7142860.000968406,7142860.000968406,gas_gap,7.656249999999998e-13
0.0,7.874999999999998e-06,56.2500073266099,0.0,-7142862.301397259,7142862.301397259,gas_gap,7.656249999999998e-13
0.0,8.75e-06,62.500013426150375,0.0,-7142866.283372538,7142866.283372538,gas_gap,7.656249999999998e-13
0.0,9.624999999999998e-06,68.75002413301088,0.0,-7142873.0662560845,7142873.0662560845,gas_gap,7.656249999999998e-13
0.0,1.0499999999999998e-05,75.00004262272058,0.0,-7142884.445333113,7142884.445333113,gas_gap,7.656249999999998e-13
0.0,1.1374999999999999e-05,81.25007406541285,0.0,-7142903.258180445,7142903.258180445,gas_gap,7.656249999999998e-13
0.0,1.2249999999999998e-05,87.50012675951186,0.0,-7142933.925752404,7142933.925752404,gas_gap,7.656249999999998e-13
0.0,1.3124999999999999e-05,93.75021384027575,0.0,-7142983.2387255775,7142983.2387255775,gas_gap,7.656249999999998e-13
0.0,1.3999999999999998e-05,100.00035581656212,0.0,-7143061.481721811,7143061.481721811,gas_gap,7.656249999999998e-13
0.0,1.4874999999999997e-05,106.25058428131133,0.0,-7143184.013971501,7143184.013971501,gas_gap,7.656249999999998e-13
0.0,1.5749999999999997e-05,112.50094725749501,0.0,-7143373.453970024,7143373.453970024,gas_gap,7.656249999999998e-13
0.0,1.6624999999999998e-05,118.75151678362734,0.0,-7143662.645945033,7143662.645945033,gas_gap,7.656249999999998e-13
0.0,1.75e-05,125.00239951125857,0.0,-7144098.614418986,7144098.614418986,gas_gap,7.656249999999998e-13
0.0,1.8374999999999996e-05,131.25375127766637,0.0,-7144747.735108022,7144747.735108022,gas_gap,7.656249999999998e-13
0.0,1.9249999999999997e-05,137.5057968217728,0.0,-7145702.35920917,7145702.35920917,gas_gap,7.656249999999998e-13
0.0,2.0124999999999998e-05,143.75885601498982,0.0,-7147089.115089842,7147089.115089842,gas_gap,7.656249999999998e-13
0.0,2.0999999999999995e-05,150.0133781575772,0.0,-7149079.065839355,7149079.065839355,gas_gap,7.656249999999998e-13
0.0,2.1874999999999996e-05,156.2699860114973,0.0,-7151899.810917772,7151899.810917772,gas_gap,7.656249999999998e-13
0.0,2.2749999999999997e-05,162.52953125802782,0.0,-7155849.472572425,7155849.472572425,gas_gap,7.656249999999998e-13
0.0,2.3624999999999998e-05,168.7931629271488,0.0,-7161312.291176624,7161312.291176624,gas_gap,7.656249999999998e-13
0.0,2.4499999999999996e-05,175.06240998163796,0.0,-7168775.259854243,7168775.259854243,gas_gap,7.656249999999998e-13
0.0,2.5374999999999997e-05,181.33927858275652,0.0,-7178844.855494783,7178844.855494783,gas_gap,7.656249999999998e-13
0.0,2.6249999999999998e-05,187.62636354919934,0.0,-7192262.477767832,7192262.477767832,gas_gap,7.656249999999998e-13
0.0,2.7124999999999995e-05,193.92697209113666,0.0,-7209916.710087071,7209916.710087071,gas_gap,7.656249999999998e-13
0.0,2.7999999999999996e-05,200.24525602553095,0.0,-7232850.002605716,7232850.002605716,gas_gap,7.656249999999998e-13
0.0,2.8874999999999997e-05,206.58634636549036,0.0,-7262256.9010673035,7262256.9010673035,gas_gap,7.656249999999998e-13
0.0,2.9749999999999995e-05,212.9564814883018,0.0,-7299470.578524595,7299470.578524595,gas_gap,7.656249999999998e-13
0.0,3.0625e-05,219.36311715697815,0.0,-7345934.25692606,7345934.25692606,gas_gap,7.656249999999998e-13
0.0,3.149999999999999e-05,225.8150037129026,0.0,-7403154.229369969,7403154.229369969,gas_gap,7.656249999999998e-13
0.0,3.2374999999999994e-05,232.3222130724376,0.0,-7472631.708508911,7472631.708508911,gas_gap,7.656249999999998e-13
0.0,3.3249999999999995e-05,238.8960961284137,0.0,-7555771.7159662945,7555771.7159662945,gas_gap,7.656249999999998e-13
0.0,3.4124999999999996e-05,245.54915022011832,0.0,-7653768.7459741635,7653768.7459741635,gas_gap,7.656249999999998e-13
0.0,3.5e-05,252.29477696275404,0.0,-7767470.990707359,7767470.990707359,gas_gap,7.656249999999998e-13
0.0,3.5875e-05,259.1469133684025,0.0,-7897227.447583859,7897227.447583859,gas_gap,7.656249999999998e-13
0.0,3.674999999999999e-05,266.1195242109421,0.0,-8042725.105062251,8042725.105062251,gas_gap,7.656249999999998e-13
0.0,3.762499999999999e-05,273.2259511979499,0.0,-8202826.4040774815,8202826.4040774815,gas_gap,7.656249999999998e-13
0.0,3.8499999999999994e-05,280.47812469660283,0.0,-8375419.997781559,8375419.997781559,gas_gap,7.656249999999998e-13
0.0,3.9374999999999995e-05,287.88565620956126,0.0,-8557300.119287586,8557300.119287586,gas_gap,7.656249999999998e-13
0.0,4.0249999999999996e-05,295.45484386680795,0.0,-8744091.21836594,8744091.21836594,gas_gap,7.656249999999998e-13
0.0,4.1125e-05,303.1876378993627,0.0,-8930234.555443173,8930234.555443173,gas_gap,7.656249999999998e-13
0.0,4.199999999999999e-05,311.0806270831414,0.0,-9109051.818993604,9109051.818993604,gas_gap,7.656249999999998e-13
0.0,4.287499999999999e-05,319.1241189415785,0.0,-9272897.354439335,9272897.354439335,gas_gap,7.656249999999998e-13
0.0,4.374999999999999e-05,327.30139442181604,0.0,-9413405.227141477,9413405.227141477,gas_gap,7.656249999999998e-13
0.0,4.4624999999999994e-05,335.58822022363853,0.0,-9521830.273881208,9521830.273881208,gas_gap,7.656249999999998e-13
0.0,4.5499999999999995e-05,343.9526976407379,0.0,-9589473.94975834,9589473.94975834,gas_gap,7.656249999999998e-13
0.0,4.6374999999999996e-05,352.35551482165494,0.0,-9608176.805795372,9608176.805795372,gas_gap,7.656249999999998e-13
0.0,4.7249999999999997e-05,360.7506495855737,0.0,-9570850.683844617,9570850.683844617,gas_gap,7.656249999999998e-13
0.0,4.812499999999999e-05,369.0865429484347,0.0,-9472016.155607786,9472016.155607786,gas_gap,7.656249999999998e-13
0.0,4.899999999999999e-05,377.30773080092973,0.0,-9308305.344677843,9308305.344677843,gas_gap,7.656249999999998e-13
0.0,4.987499999999999e-05,385.3568850291852,0.0,-9078887.934114907,9078887.934114907,gas_gap,7.656249999999998e-13
0.0,5.0749999999999994e-05,393.17717875753794,0.0,-8785779.528904045,8785779.528904045,gas_gap,7.656249999999998e-13
0.0,5.1624999999999994e-05,400.71485672597464,0.0,-8433996.925265007,8433996.925265007,gas_gap,7.656249999999998e-13
0.0,5.2499999999999995e-05,407.92186459211445,0.0,-8031534.130156261,8031534.130156261,gas_gap,7.656249999999998e-13
0.0,5.337499999999999e-05,414.75837337689114,0.0,-7589145.613569835,7589145.613569835,gas_gap,7.656249999999998e-13
0.0,5.424999999999999e-05,421.1950298787574,0.0,-7119938.27063877,7119938.27063877,gas_gap,7.656249999999998e-13
0.0,5.512499999999999e-05,427.21477215754277,0.0,-6638789.576542585,6638789.576542585,gas_gap,7.656249999999998e-13
0.0,5.599999999999999e-05,432.81407134831943,0.0,-6161624.874094001,6161624.874094001,gas_gap,7.656249999999998e-13
0.0,5.687499999999999e-05,438.00349592153316,0.0,-5704600.036802918,5704600.036802918,gas_gap,7.656249999999998e-13
0.0,5.7749999999999994e-05,442.8075395175986,0.0,-5283245.440049568,5283245.440049568,gas_gap,7.656249999999998e-13
0.0,5.8624999999999995e-05,447.2637049659678,0.0,-4911632.118883518,4911632.118883518,gas_gap,7.656249999999998e-13
0.0,5.949999999999999e-05,451.4208905743505,0.0,-4601620.5392910065,4601620.5392910065,gas_gap,7.656249999999998e-13
0.0,6.037499999999999e-05,455.33717544082623,0.0,-4362246.477965624,4362246.477965624,gas_gap,7.656249999999998e-13
0.0,6.125e-05,459.077143786497,0.0,-4199287.605892322,4199287.605892322,gas_gap,7.656249999999998e-13
0.0,6.212499999999999e-05,462.70892020798783,0.0,-4115039.55917016,4115039.55917016,gas_gap,7.656249999999998e-13
0.0,6.299999999999999e-05,466.30110550625903,0.0,-4108313.035277035,4108313.035277035,gas_gap,7.656249999999998e-13
0.0,6.3875e-05,469.91980497672216,0.0,-4174645.5024072947,4174645.5024072947,gas_gap,7.656249999999998e-13
0.0,6.474999999999999e-05,473.62592790856945,0.0,-4306704.226942491,4306704.226942491,gas_gap,7.656249999999998e-13
0.0,6.5625e-05,477.47291019739646,0.0,-4494843.122183987,4494843.122183987,gas_gap,7.656249999999998e-13
0.0,6.649999999999999e-05,481.5049743567684,0.0,-4727765.67125361,4727765.67125361,gas_gap,7.656249999999998e-13
0.0,6.737499999999998e-05,485.75599666582684,0.0,-4993240.675680759,4993240.675680759,gas_gap,7.656249999999998e-13
0.0,6.824999999999999e-05,490.24900401849936,0.0,-5278817.083539375,5278817.083539375,gas_gap,7.656249999999998e-13
0.0,6.912499999999999e-05,494.9962775364615,0.0,-5572488.371517499,5572488.371517499,gas_gap,7.656249999999998e-13
0.0,7e-05,500.0,0.0,-5863265.135651755,5863265.135651755,gas_gap,7.656249999999998e-13
8.749999999999999e-07,0.0,0.0,0.0,-7142857.14959068,7142857.14959068,gas_gap,7.656249999999998e-13
8.749999999999999e-07,8.749999999999999e-07,6.250000010559772,0.00022814323360632668,-7142857.161911472,7142857.161911472,gas_gap,7.656249999999998e-13
8.749999999999999e-07,1.7499999999999998e-06,12.500000037504488,0.0008102821689295184,-7142857.188704769,7142857.188704769,gas_gap,7.656249999999998e-13
8.749999999999999e-07,2.6249999999999994e-06,18.750000098984415,0.002138552197295071,-7142857.243963342,7142857.243963342,gas_gap,7.656249999999998e-13
8.749999999999999e-07,3.4999999999999995e-06,25.0000002300857,0.004970987365706095,-7142857.35353445,7142857.35353445,gas_gap,7.656249999999998e-13
8.749999999999999e-07,4.375e-06,31.250000496790776,0.010733134051244864,-7142857.564110246,7142857.564110246,gas_gap,7.656249999999998e-13
8.749999999999999e-07,5.249999999999999e-06,37.500001020273125,0.02204293780439584,-7142857.958353828,7142857.958353828,gas_gap,7.656249999999998e-13
8.749999999999999e-07,6.124999999999999e-06,43.75000201841565,0.043607745453379886,-7142858.6799110435,7142858.6799110435,gas_gap,7.656249999999998e-13
8.749999999999999e-07,6.999999999999999e-06,50.000003875550725,0.08373103417120066,-7142859.974080355,7142859.974080356,gas_gap,7.656249999999998e-13
8.749999999999999e-07,7.874999999999998e-06,56.25000725768386,0.1568018120853121,-7142862.252867626,7142862.252867628,gas_gap,7.656249999999998e-13
8.749999999999999e-07,8.75e-06,62.50001329984213,0.2873422683122132,-7142866.197381958,7142866.197381964,gas_gap,7.656249999999998e-13
8.749999999999999e-07,9.624999999999998e-06,68.75002390597646,0.5164871461151668,-7142872.916454651,7142872.91645467,gas_gap,7.656249999999998e-13
8.749999999999999e-07,1.0499999999999998e-05,75.00004222174184,0.9121981261565304,-7142884.188481542,7142884.188481601,gas_gap,7.656249999999998e-13
8.749999999999999e-07,1.1374999999999999e-05,81.25007336863291,1.5851247848795886,-7142902.824344581,7142902.824344757,gas_gap,7.656249999999998e-13
8.749999999999999e-07,1.2249999999999998e-05,87.50012556700536,2.7128673998512154,-7142933.203407393,7142933.203407908,gas_gap,7.656249999999998e-13
8.749999999999999e-07,1.3124999999999999e-05,93.75021182854572,4.576542654387895,-7142982.052462398,7142982.052463864,gas_gap,7.656249999999998e-13
8.749999999999999e-07,1.3999999999999998e-05,100.00035246917184,7.615074700320495,-7143059.559377533,7143059.559381592,gas_gap,7.656249999999998e-13
8.749999999999999e-07,1.4874999999999997e-05,106.25057878460937,12.504605758297469,-7143180.938889248,7143180.938900193,gas_gap,7.656249999999998e-13
8.749999999999999e-07,1.5749999999999997e-05,112.50093834604772,20.272908438384817,-7143368.596706502,7143368.59673527,gas_gap,7.656249999999998e-13
8.749999999999999e-07,1.6624999999999998e-05,118.75150251428933,32.46172847326313,-7143655.06807063,7143655.068144385,gas_gap,7.656249999999998e-13
8.749999999999999e-07,1.75e-05,125.00237693754629,51.35358896302464,-7144086.9351148205,7144086.935299392,gas_gap,7.656249999999998e-13
8.749999999999999e-07,1.8374999999999996e-05,131.25371598703688,80.28367055054098,-7144729.949117079,7144729.949568144,gas_gap,7.656249999999998e-13
8.749999999999999e-07,1.9249999999999997e-05,137.50574228742278,124.06176530724707,-7145675.59246862,7145675.593545588,gas_gap,7.656249999999998e-13
8.749999999999999e-07,2.0124999999999998e-05,143.7587727008842,189.53366107908587,-7147049.3022641195,7147049.304777255,gas_gap,7.656249999999998e-13
8.749999999999999e-07,2.0999999999999995e-05,150.0132523008308,286.31514140617224,-7149020.532294774,7149020.538028172,gas_gap,7.656249999999998e-13
8.749999999999999e-07,2.1874999999999996e-05,156.26979799051114,427.7343628947382,-7151814.740849311,7151814.753640239,gas_gap,7.656249999999998e-13
8.749999999999999e-07,2.2749999999999997e-05,162.5292534389013,632.0187416941509,-7155727.245551489,7155727.273462537,gas_gap,7.656249999999998e-13
8.749999999999999e-07,2.3624999999999998e-05,168.79275686633324,923.7594578169992,-7161138.671983651,7161138.731564366,gas_gap,7.656249999999998e-13
8.749999999999999e-07,2.4499999999999996e-05,175.0618228516698,1335.6788941005427,-7168531.431818915,7168531.5562543105,gas_gap,7.656249999999998e-13
8.749999999999999e-07,2.5374999999999997e-05,181.33843868295082,1910.7122859747776,-7178506.296437064,7178506.550725438,gas_gap,7.656249999999998e-13
8.749999999999999e-07,2.6249999999999998e-05,187.62517476777893,2704.3931310263247,-7191797.690694475,7191798.199172484,gas_gap,7.656249999999998e-13
8.749999999999999e-07,2.7124999999999995e-05,193.92530720331726,3787.5013062380817,-7209285.838541524,7209286.833450414,gas_gap,7.656249999999998e-13
8.749999999999999e-07,2.7999999999999996e-05,200.24294874777368,5248.892698814244,-7232003.383146883,7232005.287935188,gas_gap,7.656249999999998e-13
8.749999999999999e-07,2.8874999999999997e-05,206.58318214358735,7198.3796454060275,-7261133.632410622,7261137.200493749,gas_gap,7.656249999999998e-13
8.749999999999999e-07,2.9749999999999995e-05,212.95218707970457,9769.473944234625,-7297997.21738771,7298003.756344601,gas_gap,7.656249999999998e-13
8.749999999999999e-07,3.0625e-05,219.35734917808415,13121.741501817936,-7344023.78272961,7344035.505183657,gas_gap,7.656249999999998e-13
8.749999999999999e-07,3.149999999999999e-05,225.80733646014176,17442.454385778983,-7400705.450887599,7400726.005603262,gas_gap,7.656249999999998e-13
8.749999999999999e-07,3.2374999999999994e-05,232.31212608938498,22947.16859782387,-7469529.311662216,7469564.5596197685,gas_gap,7.656249999999998e-13
8.749999999999999e-07,3.3249999999999995e-05,238.88296217365308,29878.81239373992,-7551887.168754364,7551946.275830282,gas_gap,7.656249999999998e-13
8.749999999999999e-07,3.4124999999999996e-05,245.53222448189896,38504.849917570406,-7648962.279037221,7649059.195064545,gas_gap,7.656249999999998e-13
8.749999999999999e-07,3.5e-05,252.2731885518982,49112.098343478734,-7761594.855208122,7761750.233974094,gas_gap,7.656249999999998e-13
8.749999999999999e-07,3.5875e-05,259.11966028148987,61998.833242064466,-7890130.611446729,7890374.19397915,gas_gap,7.656249999999998e-13
8.749999999999999e-07,3.674999999999999e-05,266.0854730691375,77463.92433321876,-8034259.48090816,8034632.91421181,gas_gap,7.656249999999998e-13
8.749999999999999e-07,3.762499999999999e-05,273.18384310857977,95792.90666684638,-8192854.606261286,8193414.604443282,gas_gap,7.656249999999998e-13
8.749999999999999e-07,3.8499999999999994e-05,280.4265885305224,117241.1102273365,-8363824.50342646,8364646.185108143,gas_gap,7.656249999999998e-13
8.749999999999999e-07,3.9374999999999995e-05,287.82323041617235,142014.23738643984,-8543993.564183088,8545173.729563517,gas_gap,7.656249999999998e-13
8.749999999999999e-07,4.0249999999999996e-05,295.3800076450406,170247.07875087796,-8729027.401855834,8730687.45576047,gas_gap,7.656249999999998e-13
8.749999999999999e-07,4.1125e-05,303.09885210109667,201981.37255455746,-8913419.571432201,8915707.763899041,gas_gap,7.656249999999998e-13
8.749999999999999e-07,4.199999999999999e-05,310.9763846517877,237144.1128472662,-9090554.588465298,9093647.236182278,gas_gap,7.656249999999998e-13
8.749999999999999e-07,4.287499999999999e-05,319.00300400377427,275527.86427907494,-9252858.725860799,9256960.095232803,gas_gap,7.656249999999998e-13
8.749999999999999e-07,4.374999999999999e-05,327.16214839084887,316774.8109134025,-9392044.752591146,9397385.323349474,gas_gap,7.656249999999998e-13
8.749999999999999e-07,4.4624999999999994e-05,335.42981249069976,360366.319243514,-9499449.776690733,9506282.656428576,gas_gap,7.656249999999998e-13
8.749999999999999e-07,4.5499999999999995e-05,343.77439768822103,405619.7031405778,-9566457.085944729,9575052.40303143,gas_gap,7.656249999999998e-13
8.749999999999999e-07,4.6374999999999996e-05,352.15696196327684,451693.62266338896,-9584983.99244642,9595621.1505149,gas_gap,7.656249999999998e-13
8.749999999999999e-07,4.7249999999999997e-05,360.53191609466506,497603.12550202257,-9548009.020811977,9560966.746726831,gas_gap,7.656249999999998e-13
8.749999999999999e-07,4.812499999999999e-05,368.8481861461325,542244.7624164441,-9450104.291172983,9465648.445638265,gas_gap,7.656249999999998e-13
8.749999999999999e-07,4.899999999999999e-05,377.05082979414726,584431.5078982438,-9287933.61085498,9306302.753890712,gas_gap,7.656249999999998e-13
8.749999999999999e-07,4.987499999999999e-05,385.0830582464763,622936.4435967115,-9060674.474232001,9082063.187445916,gas_gap,7.656249999999998e-13
8.749999999999999e-07,5.0749999999999994e-05,392.88857923363355,656543.3785044294,-8770323.52422472,8794863.496804686,gas_gap,7.656249999999998e-13
8.749999999999999e-07,5.1624999999999994e-05,400.41414320516174,684101.8593707784,-8421850.360894078,8449589.271395756,gas_gap,7.656249999999998e-13
8.749999999999999e-07,5.2499999999999995e-05,407.6121478961163,704583.4422000438,-8023173.786544928,8054052.112826446,gas_gap,7.656249999999998e-13
8.749999999999999e-07,5.337499999999999e-05,414.4431390236994,717135.7196478267,-7584947.097102932,7618773.267806635,gas_gap,7.656249999999998e-13
8.749999999999999e-07,5.424999999999999e-05,420.8780395304007,721130.4836814975,-7120153.882891218,7156578.82584588,gas_gap,7.656249999999998e-13
8.749999999999999e-07,5.512499999999999e-05,426.8999479884571,716202.57999753,-6643531.657318779,6682025.068599483,gas_gap,7.656249999999998e-13
8.749999999999999e-07,5.599999999999999e-05,432.50536873119364,702276.4849331967,-6170855.943477623,6210688.797262606,gas_gap,7.656249999999998e-13
8.749999999999999e-07,5.687499999999999e-05,437.7047708048044,679578.3815852805,-5718130.626409608,5758371.7001771955,gas_gap,7.656249999999998e-13
8.749999999999999e-07,5.7749999999999994e-05,442.52241742261646,648632.4751799855,-5300739.9774814155,5340277.932535702,gas_gap,7.656249999999998e-13
8.749999999999999e-07,5.8624999999999995e-05,446.9954586013667,610241.3895357,-4932622.656661834,4970227.442131407,gas_gap,7.656249999999998e-13
8.749999999999999e-07,5.949999999999999e-05,451.1723326316155,565451.6309299651,-4625527.551070482,4659961.445402037,gas_gap,7.656249999999998e-13
8.749999999999999e-07,6.037499999999999e-05,455.1105722248211,515506.19004243135,-4388405.432163909,4418579.960690739,gas_gap,7.656249999999998e-13
8.749999999999999e-07,6.125e-05,458.87415401767845,461787.27815971954,-4226979.6167405695,4252129.368988015,gas_gap,7.656249999999998e-13
8.749999999999999e-07,6.212499999999999e-05,462.5305617158653,405752.87657733774,-4143524.144406231,4163343.3358453843,gas_gap,7.656249999999998e-13
8.749999999999999e-07,6.299999999999999e-05,466.1477507494412,348871.1581669389,-4136860.901155971,4151545.3990669227,gas_gap,7.656249999999998e-13
8.749999999999999e-07,6.3875e-05,469.79120451970726,292556.88777145307,-4202569.337028842,4212740.030564141,gas_gap,7.656249999999998e-13
8.749999999999999e-07,6.474999999999999e-05,473.52125930384585,238113.62693494264,-4333385.702045602,4339922.780652367,gas_gap,7.656249999999998e-13
8.749999999999999e-07,6.5625e-05,477.39084829235867,186684.9939707117,-4519754.656314894,4523608.453464337,gas_gap,7.656249999999998e-13
8.749999999999999e-07,6.649999999999999e-05,481.4437779697991,139217.42527343778,-4750485.956401049,4752525.466892666,gas_gap,7.656249999999998e-13
8.749999999999999e-07,6.737499999999998e-05,485.71360591983455,96435.93036679682,-5013463.470413852,5014390.876052625,gas_gap,7.656249999999998e-13
8.749999999999999e-07,6.824999999999999e-05,490.2231424079119,58833.32362772622,-5296353.281307416,5296680.039457256,gas_gap,7.656249999999998e-13
8.749999999999999e-07,6.912499999999999e-05,494.9845530194673,26672.441778615383,-5587261.818689578,5587325.482709667,gas_gap,7.656249999999998e-13
8.749999999999999e-07,7e-05,500.0,0.0,-5875303.062835022,5875303.062835022,gas_gap,7.656249999999998e-13
1.7499999999999998e-06,0.0,0.0,0.0,-7142857.149402422,7142857.149402422,gas_gap,7.656249999999998e-13
1.7499999999999998e-06,8.749999999999999e-07,6.250000010264539,0.0004435295144030432,-7142857.161378747,7142857.161378747,gas_gap,7.656249999999998e-13
1.7499999999999998e-06,1.7499999999999998e-06,12.50000003645593,0.0015752562599988843,-7142857.187422952,7142857.187422952,gas_gap,7.656249999999998e-13
1.7499999999999998e-06,2.6249999999999994e-06,18.75000009621699,0.004157524212304934,-7142857.241136594,7142857.241136594,gas_gap,7.656249999999998e-13
1.7499999999999998e-06,3.4999999999999995e-06,25.000000223652915,0.009664014915383167,-7142857.347644289,7142857.347644289,gas_gap,7.656249999999998e-13
1.7499999999999998e-06,4.375e-06,31.25000048290139,0.020866109673828123,-7142857.552332762,7142857.552332762,gas_gap,7.656249999999998e-13
1.7499999999999998e-06,5.249999999999999e-06,37.50000099174811,0.04285331344636929,-7142857.935554001,7142857.935554001,gas_gap,7.656249999999998e-13
1.7499999999999998e-06,6.124999999999999e-06,43.75000196198436,0.0847771019083724,-7142858.636937768,7142858.636937769,gas_gap,7.656249999999998e-13
1.7499999999999998e-06,6.999999999999999e-06,50.000003767197256,0.16278012869099406,-7142859.894924423,7142859.894924425,gas_gap,7.656249999999998e-13
1.7499999999999998e-06,7.874999999999998e-06,56.25000705477202,0.30483582823114397,-7142862.110000881,7142862.110000888,gas_gap,7.656249999999998e-13
1.7499999999999998e-06,8.75e-06,62.50001292800235,0.5586173857424064,-7142865.944233653,7142865.944233675,gas_gap,7.656249999999998e-13
1.7499999999999998e-06,9.624999999999998e-06,68.75002323760816,1.0040941801813834,-7142872.475453101,7142872.475453172,gas_gap,7.656249999999998e-13
1.7499999999999998e-06,1.0499999999999998e-05,75.00004104129751,1.7733893990111027,-7142883.432334299,7142883.432334519,gas_gap,7.656249999999998e-13
1.7499999999999998e-06,1.1374999999999999e-05,81.25007131737728,3.081615066958438,-7142901.547171968,7142901.547172633,gas_gap,7.656249999999998e-13
1.7499999999999998e-06,1.2249999999999998e-05,87.50012205637667,5.274040967491982,-7142931.076890567,7142931.076892515,gas_gap,7.656249999999998e-13
1.7499999999999998e-06,1.3124999999999999e-05,93.75020590619879,8.89718142878639,-7142978.56021344,7142978.5602189815,gas_gap,7.656249999999998e-13
1.7499999999999998e-06,1.3999999999999998e-05,100.00034261476476,14.804341687398605,-7143053.900173975,7143053.900189317,gas_gap,7.656249999999998e-13
1.7499999999999998e-06,1.4874999999999997e-05,106.25056260282781,24.309998732416464,-7143171.886131829,7143171.886173195,gas_gap,7.656249999999998e-13
1.7499999999999998e-06,1.5749999999999997e-05,112.50091211157198,39.412228419317266,-7143354.2973724445,7143354.29748117,gas_gap,7.656249999999998e-13
1.7499999999999998e-06,1.6624999999999998e-05,118.75146050667949,63.10831331195186,-7143632.759510053,7143632.759788809,gas_gap,7.656249999999998e-13
1.7499999999999998e-06,1.75e-05,125.00231048262752,99.83566909078934,-7144052.552324788,7144052.553022373,gas_gap,7.656249999999998e-13
1.7499999999999998e-06,1.8374999999999996e-05,131.25361209469145,156.07816568086028,-7144677.5888066245,7144677.590511418,gas_gap,7.656249999999998e-13
1.7499999999999998e-06,1.9249999999999997e-05,137.5055817433459,241.18644087273907,-7145596.793662884,7145596.797733286,gas_gap,7.656249999999998e-13
1.7499999999999998e-06,2.0124999999999998e-05,143.7585274318718,368.46927841171373,-7146932.096991626,7146932.106490079,gas_gap,7.656249999999998e-13
1.7499999999999998e-06,2.0999999999999995e-05,150.01288179022296,556.6205651895219,-7148848.214959388,7148848.236629064,gas_gap,7.656249999999998e-13
1.7499999999999998e-06,2.1874999999999996e-05,156.26924447413748,831.5513516195643,-7151564.302444746,7151564.350789249,gas_gap,7.656249999999998e-13
1.7499999999999998e-06,2.2749999999999997e-05,162.52843556511715,1228.6972581485168,-7155367.420519357,7155367.526013376,gas_gap,7.656249999999998e-13
1.7499999999999998e-06,2.3624999999999998e-05,168.79156146089107,1795.8655940582398,-7160627.55315565,7160627.77835471,gas_gap,7.656249999999998e-13
1.7499999999999998e-06,2.4499999999999996e-05,175.06009439540827,2596.6714065298547,-7167813.624659946,7167814.095005753,gas_gap,7.656249999999998e-13
1.7499999999999998e-06,2.5374999999999997e-05,181.33596609569256,3714.58438177771,-7177509.609919712,7177510.5711261025,gas_gap,7.656249999999998e-13
1.7499999999999998e-06,2.6249999999999998e-05,187.6216751053514,5257.566280614745,-7190429.400587054,7190431.322725355,gas_gap,7.656249999999998e-13
1.7499999999999998e-06,2.7124999999999995e-05,193.92040592773583,7363.219099696716,-7207428.611126417,7207432.372313957,gas_gap,7.656249999999998e-13
1.7499999999999998e-06,2.7999999999999996e-05,200.2361563356966,10204.286110347344,-7229511.013852046,7229518.215404334,gas_gap,7.656249999999998e-13
1.7499999999999998e-06,2.8874999999999997e-05,206.57386696729316,13994.251673160998,-7257826.833493405,7257840.325059294,gas_gap,7.656249999999998e-13
1.7499999999999998e-06,2.9749999999999995e-05,212.93954473843124,18992.67388283139,-7293659.778625268,7293684.507023676,gas_gap,7.656249999999998e-13
1.7499999999999998e-06,3.0625e-05,219.34036878230097,25509.76219819038,-7338399.523593902,7338443.862008526,gas_gap,7.656249999999998e-13
1.7499999999999998e-06,3.149999999999999e-05,225.78476477795618,33909.58917094649,-7393496.473777942,7393574.234969486,gas_gap,7.656249999999998e-13
1.7499999999999998e-06,3.2374999999999994e-05,232.28243094527318,44611.21368464453,-7460396.142609195,7460529.523099856,gas_gap,7.656249999999998e-13
1.7499999999999998e-06,3.3249999999999995e-05,238.84429702696457,58086.908572543536,-7540451.4214486,7540675.150686026,gas_gap,7.656249999999998e-13
1.7499999999999998e-06,3.4124999999999996e-05,245.4823966758047,74856.64648538812,-7634812.485425348,7635179.448128893,gas_gap,7.656249999999998e-13
1.7499999999999998e-06,3.5e-05,252.20963426929788,95478.02398200792,-7744296.056393849,7744884.599665822,gas_gap,7.656249999999998e-13
1.7499999999999998e-06,3.5875e-05,259.0394297170942,120530.91370160028,-7869238.182984179,7870161.197948482,gas_gap,7.656249999999998e-13
1.7499999999999998e-06,3.674999999999999e-05,265.9852296605996,150596.3433592445,-8009337.467265375,8010753.143317681,gas_gap,7.656249999999998e-13
1.7499999999999998e-06,3.762499999999999e-05,273.05988079243457,186229.41695705123,-8163498.556820063,8165622.455327176,gas_gap,7.656249999999998e-13
1.7499999999999998e-06,3.8499999999999994e-05,280.2748708295265,227926.51732522112,-8329688.441719427,8332806.252002636,gas_gap,7.656249999999998e-13
1.7499999999999998e-06,3.9374999999999995e-05,287.63945466069566,276087.54706709675,-8504820.298063958,8509300.361134646,gas_gap,7.656249999999998e-13
1.7499999999999998e-06,4.0249999999999996e-05,295.1596967375504,330974.5503879797,-8684680.920870632,8690985.378559723,gas_gap,7.656249999999998e-13
1.7499999999999998e-06,4.1125e-05,302.83747493204265,392668.6699030772,-8863917.81547223,8872611.099545017,gas_gap,7.656249999999998e-13
1.7499999999999998e-06,4.199999999999999e-05,310.66950458611683,461027.9759433199,-9036100.454524396,9047853.790753826,gas_gap,7.656249999999998e-13
1.7499999999999998e-06,4.287499999999999e-05,318.64645284140755,535649.1968509436,-9193866.85878438,9209457.523608044,gas_gap,7.656249999999998e-13
1.7499999999999998e-06,4.374999999999999e-05,326.7522209690427,615836.708538883,-9329161.493368905,9349465.707779303,gas_gap,7.656249999999998e-13
1.7499999999999998e-06,4.4624999999999994e-05,334.9634747925497,700582.2441225185,-9433563.665263994,9459542.21447152,gas_gap,7.656249999999998e-13
1.7499999999999998e-06,4.5499999999999995e-05,343.2494991375352,788558.6047083124,-9498697.57010327,9531373.468779055,gas_gap,7.656249999999998e-13
1.7499999999999998e-06,4.6374999999999996e-05,351.5724407330351,878130.155131146,-9516706.49746481,9557134.252914917,gas_gap,7.656249999999998e-13
1.7499999999999998e-06,4.7249999999999997e-05,359.8879849508611,967382.0657779482,-9480765.279847132,9529991.519027898,gas_gap,7.656249999999998e-13
1.7499999999999998e-06,4.812499999999999e-05,368.1464857905886,1054169.1390995097,-9385597.791186316,9444613.198630808,gas_gap,7.656249999999998e-13
1.7499999999999998e-06,4.899999999999999e-05,376.29453701769756,1136183.6982955735,-9227961.112782847,9297643.771155413,gas_gap,7.656249999999998e-13
1.7499999999999998e-06,4.987499999999999e-05,384.2769375529262,1211040.5115461953,-9007055.734795671,9088106.08049453,gas_gap,7.656249999999998e-13
1.7499999999999998e-06,5.0749999999999994e-05,392.03896895787267,1276375.2018833864,-8724822.477583654,8817690.225979354,gas_gap,7.656249999999998e-13
1.7499999999999998e-06,5.1624999999999994e-05,399.52887044418657,1329951.1920327542,-8386092.000086279,8490895.665776398,gas_gap,7.656249999999998e-13
1.7499999999999998e-06,5.2499999999999995e-05,406.700370621037,1369769.1009090045,-7998561.709071668,8115001.959558145,gas_gap,7.656249999999998e-13
1.7499999999999998e-06,5.337499999999999e-05,413.5151182767445,1394171.7773901934,-7572587.0533822235,7699856.467878047,gas_gap,7.656249999999998e-13
1.7499999999999998e-06,5.424999999999999e-05,419.944849296275,1401937.932555093,-7120788.625398001,7257483.0770959705,gas_gap,7.656249999999998e-13
1.7499999999999998e-06,5.512499999999999e-05,425.9731347855298,1392357.675917955,-6657491.904035191,6801533.529284537,gas_gap,7.656249999999998e-13
1.7499999999999998e-06,5.599999999999999e-05,431.5965768104166,1365284.1831661495,-6198031.357000438,6346620.644340131,gas_gap,7.656249999999998e-13
1.7499999999999998e-06,5.687499999999999e-05,436.82535172133873,1321157.1731442658,-5757963.429358921,5907588.26679596,gas_gap,7.656249999999998e-13
1.7499999999999998e-06,5.7749999999999994e-05,441.68304437561306,1260995.744625257,-5352242.2757898085,5498782.378555699,gas_gap,7.656249999999998e-13
1.7499999999999998e-06,5.8624999999999995e-05,446.20576614201207,1186360.2653955827,-4994416.85628122,5133385.862529278,gas_gap,7.656249999999998e-13
1.7499999999999998e-06,5.949999999999999e-05,450.4406010632031,1099285.2311260574,-4695907.580100989,4822859.73466177,gas_gap,7.656249999999998e-13
1.7499999999999998e-06,6.037499999999999e-05,454.443473339023,1002187.1195874145,-4465414.971158813,4576495.37171362,gas_gap,7.656249999999998e-13
1.7499999999999998e-06,6.125e-05,458.2765709339317,897753.0650464325,-4308502.332560962,4401039.981127587,gas_gap,7.656249999999998e-13
1.7499999999999998e-06,6.212499999999999e-05,462.005490830001,788817.5050000453,-4227380.125836661,4300346.007533961,gas_gap,7.656249999999998e-13
1.7499999999999998e-06,6.299999999999999e-05,465.6962885451151,678234.6902210263,-4220903.174939585,4275046.889477855,gas_gap,7.656249999999998e-13
1.7499999999999998e-06,6.3875e-05,469.4126166818991,568755.0418104545,-4284774.520572317,4322357.573099493,gas_gap,7.656249999999998e-13
1.7499999999999998e-06,6.474999999999999e-05,473.21312462323505,462912.792362009,-4411933.494201956,4436152.095069947,gas_gap,7.656249999999998e-13
1.7499999999999998e-06,6.5625e-05,477.1492656423757,362931.231460677,-4593091.906135173,4607408.418728906,gas_gap,7.656249999999998e-13
1.7499999999999998e-06,6.649999999999999e-05,481.26362147298585,270650.3105611179,-4817372.372110733,4824969.239506364,gas_gap,7.656249999999998e-13
1.7499999999999998e-06,6.737499999999998e-05,485.58881148876617,187479.50877384725,-5072997.505596575,5076460.603412496,gas_gap,7.656249999999998e-13
1.7499999999999998e-06,6.824999999999999e-05,490.1470082209749,114376.89843718841,-5347978.223788062,5349201.1699886015,gas_gap,7.656249999999998e-13
1.7499999999999998e-06,6.912499999999999e-05,494.95003712705767,51853.456107429774,-5630753.479230114,5630992.23270396,gas_gap,7.656249999999998e-13
1.7499999999999998e-06,7e-05,500.0,0.0,-5910741.605821512,5910741.605821512,gas_gap,7.656249999999998e-13
2.6249999999999994e-06,0.0,0.0,0.0,-7142857.149100283,7142857.149100283,gas_gap,7.656249999999998e-13
2.6249999999999994e-06,8.749999999999999e-07,6.250000009790714,0.0006345833577370136,-7142857.160523764,7142857.160523764,gas_gap,7.656249999999998e-13
2.6249999999999994e-06,1.7499999999999998e-06,12.500000034773072,0.002253810342501715,-7142857.185365731,7142857.185365731,gas_gap,7.656249999999998e-13
2.6249999999999994e-06,2.6249999999999994e-06,18.75000009177548,0.005948410621711032,-7142857.2365998775,7142857.2365998775,gas_gap,7.656249999999998e-13
2.6249999999999994e-06,3.4999999999999995e-06,25.000000213328782,0.013826865710342801,-7142857.338191029,7142857.338191029,gas_gap,7.656249999999998e-13
2.6249999999999994e-06,4.375e-06,31.250000460609996,0.02985435131086686,-7142857.533430795,7142857.533430795,gas_gap,7.656249999999998e-13
2.6249999999999994e-06,5.249999999999999e-06,37.50000094596763,0.061312716862946065,-7142857.898962005,7142857.898962005,gas_gap,7.656249999999998e-13
2.6249999999999994e-06,6.124999999999999e-06,43.750001871416416,0.12129550850891159,-7142858.567968918,7142858.567968919,gas_gap,7.656249999999998e-13
2.6249999999999994e-06,6.999999999999999e-06,50.00000359329817,0.23289895549933012,-7142859.7678851485,7142859.767885152,gas_gap,7.656249999999998e-13
2.6249999999999994e-06,7.874999999999998e-06,56.25000672911388,0.4361462702156872,-7142861.88071058,7142861.880710593,gas_gap,7.656249999999998e-13
2.6249999999999994e-06,8.75e-06,62.500012331227694,0.799246239141048,-7142865.537949807,7142865.537949852,gas_gap,7.656249999999998e-13
2.6249999999999994e-06,9.624999999999998e-06,68.75002216492767,1.4366156831779084,-7142871.767679032,7142871.767679176,gas_gap,7.656249999999998e-13
2.6249999999999994e-06,1.0499999999999998e-05,75.00003914677383,2.537290896896319,-7142882.218775273,7142882.218775724,gas_gap,7.656249999999998e-13
2.6249999999999994e-06,1.1374999999999999e-05,81.25006802526741,4.40904510960327,-7142899.497406704,7142899.497408065,gas_gap,7.656249999999998e-13
2.6249999999999994e-06,1.2249999999999998e-05,87.50011642208365,7.545875792500933,-7142927.663992201,7142927.663996187,gas_gap,7.656249999999998e-13
2.6249999999999994e-06,1.3124999999999999e-05,93.75019640128072,12.729712639470534,-7142972.9554184945,7142972.955429837,gas_gap,7.656249999999998e-13
2.6249999999999994e-06,1.3999999999999998e-05,100.00032679918813,21.181428860985314,-7143044.817581101,7143044.817612506,gas_gap,7.656249999999998e-13
2.6249999999999994e-06,1.4874999999999997e-05,106.25053663229458,34.781722796875236,-7143157.357142159,7143157.357226839,gas_gap,7.656249999999998e-13
2.6249999999999994e-06,1.5749999999999997e-05,112.5008700072264,56.38935726721689,-7143331.34802484,7143331.348247408,gas_gap,7.656249999999998e-13
2.6249999999999994e-06,1.6624999999999998e-05,118.75139308764892,90.29271798635227,-7143596.955960799,7143596.956531434,gas_gap,7.656249999999998e-13
2.6249999999999994e-06,1.75e-05,125.00220382751867,142.84067250591875,-7143997.370552204,7143997.371980217,gas_gap,7.656249999999998e-13
2.6249999999999994e-06,1.8374999999999996e-05,131.25344535534964,223.31006896012403,-7144593.554476041,7144593.55796591,gas_gap,7.656249999999998e-13
2.6249999999999994e-06,1.9249999999999997e-05,137.505324082268,345.0794062615189,-7145470.327550799,7145470.335883336,gas_gap,7.656249999999998e-13
2.6249999999999994e-06,2.0124999999999998e-05,143.75813379369256,527.1903319267238,-7146743.991410712,7146744.010855206,gas_gap,7.656249999999998e-13
2.6249999999999994e-06,2.0999999999999995e-05,150.01228714877345,796.3892723550762,-7148571.658693748,7148571.703054768,gas_gap,7.656249999999998e-13
2.6249999999999994e-06,2.1874999999999996e-05,156.26835612230147,1189.7486676883766,-7151162.36778284,7151162.466752896,gas_gap,7.656249999999998e-13
2.6249999999999994e-06,2.2749999999999997e-05,162.5271229396695,1757.9683119117258,-7154789.928609173,7154790.144580051,gas_gap,7.656249999999998e-13
2.6249999999999994e-06,2.3624999999999998e-05,168.78964292574037,2569.448890578794,-7159807.246167658,7159807.707218295,gas_gap,7.656249999999998e-13
2.6249999999999994e-06,2.4499999999999996e-05,175.05732035408536,3715.208135163727,-7166661.598562932,7166662.561547605,gas_gap,7.656249999999998e-13
2.6249999999999994e-06,2.5374999999999997e-05,181.3319977805078,5314.6709588393205,-7175910.003585074,7175911.971678564,gas_gap,7.656249999999998e-13
2.6249999999999994e-06,2.6249999999999998e-05,187.61605841234837,7522.304504059637,-7188233.398649287,7188237.3345989445,gas_gap,7.656249999999998e-13
2.6249999999999994e-06,2.7124999999999995e-05,193.91253975183054,10534.983914943668,-7204447.9018599205,7204455.604450617,gas_gap,7.656249999999998e-13
2.6249999999999994e-06,2.7999999999999996e-05,200.22525502902013,14599.862992046546,-7225510.949997601,7225525.700219647,gas_gap,7.656249999999998e-13
2.6249999999999994e-06,2.8874999999999997e-05,206.55891681521518,20022.38617135501,-7252519.671809908,7252547.310148186,gas_gap,7.656249999999998e-13
2.6249999999999994e-06,2.9749999999999995e-05,212.9192547386837,27173.918248017482,-7286698.518088776,7286749.187075819,gas_gap,7.656249999999998e-13
2.6249999999999994e-06,3.0625e-05,219.31311653378904,36498.293856696866,-7329373.013869447,7329463.889118504,gas_gap,7.656249999999998e-13
2.6249999999999994e-06,3.149999999999999e-05,225.74853893845815,48516.41267784406,-7381926.611790156,7382086.042857724,gas_gap,7.656249999999998e-13
2.6249999999999994e-06,3.2374999999999994e-05,232.23477248917672,63827.84652071581,-7445738.098361415,7446011.67225664,gas_gap,7.656249999999998e-13
2.6249999999999994e-06,3.3249999999999995e-05,238.78224239645056,83108.30347364719,-7522097.913587176,7522557.012857983,gas_gap,7.656249999999998e-13
2.6249999999999994e-06,3.4124999999999996e-05,245.40242682281504,107101.73851579004,-7612103.138904363,7612856.558461532,gas_gap,7.656249999999998e-13
2.6249999999999994e-06,3.5e-05,252.10763446166462,136605.93733011285,-7716532.795144549,7717741.869268185,gas_gap,7.656249999999998e-13
2.6249999999999994e-06,3.5875e-05,258.91066574085454,172450.55727760762,-7835707.418463145,7837604.86006176,gas_gap,7.656249999999998e-13
2.6249999999999994e-06,3.674999999999999e-05,265.82434658602097,215466.9083532124,-7969339.523879132,7972251.779482217,gas_gap,7.656249999999998e-13
2.6249999999999994e-06,3.762499999999999e-05,272.86093066848923,266449.20999467245,-8116384.321974369,8120756.716187114,gas_gap,7.656249999999998e-13
2.6249999999999994e-06,3.8499999999999994e-05,280.0313754161099,326107.66585897707,-8274902.649401138,8281325.98481656,gas_gap,7.656249999999998e-13
2.6249999999999994e-06,3.9374999999999995e-05,287.34450849909416,395014.43975610076,-8441950.174367482,8451186.848846674,gas_gap,7.656249999999998e-13
2.6249999999999994e-06,4.0249999999999996e-05,294.80611442548394,473544.4535035903,-8613508.179323774,8626515.374397798,gas_gap,7.656249999999998e-13
2.6249999999999994e-06,4.1125e-05,302.41798438203625,561813.8025393857,-8784471.248241104,8802418.409726862,gas_gap,7.656249999999998e-13
2.6249999999999994e-06,4.199999999999999e-05,310.1769853351042,659619.4198678625,-8948705.69590923,8972983.417518675,gas_gap,7.656249999999998e-13
2.6249999999999994e-06,4.287499999999999e-05,318.0742152441147,766384.3213778087,-9099189.382341601,9131406.920281881,gas_gap,7.656249999999998e-13
2.6249999999999994e-06,4.374999999999999e-05,326.0943185200318,881113.2374094657,-9228238.627409326,9270207.58675596,gas_gap,7.656249999999998e-13
2.6249999999999994e-06,4.4624999999999994e-05,334.215038124597,1002363.5821498063,-9327821.449062718,9381523.636191228,gas_gap,7.656249999999998e-13
2.6249999999999994e-06,4.5499999999999995e-05,342.4070767388167,1128236.4552936738,-9389948.681776965,9457486.65055672,gas_gap,7.656249999999998e-13
2.6249999999999994e-06,4.6374999999999996e-05,350.63432845164505,1256391.6589029192,-9407126.291869361,9490655.671329595,gas_gap,7.656249999999998e-13
2.6249999999999994e-06,4.7249999999999997e-05,358.85452426009687,1384089.535376645,-9372844.171114022,9474487.410827313,gas_gap,7.656249999999998e-13
2.6249999999999994e-06,4.812499999999999e-05,367.0203098925477,1508260.8263688344,-9282069.746803822,9403811.434992174,gas_gap,7.656249999999998e-13
2.6249999999999994e-06,4.899999999999999e-05,375.0807444209417,1625603.8050610363,-9131709.797901029,9275274.204254588,gas_gap,7.656249999999998e-13
2.6249999999999994e-06,4.987499999999999e-05,382.9831749250243,1732705.7821775025,-8921001.72105682,9087713.740798073,gas_gap,7.656249999999998e-13
2.6249999999999994e-06,5.0749999999999994e-05,390.67540884602374,1826183.906686725,-8651796.745648421,8842428.093519008,gas_gap,7.656249999999998e-13
2.6249999999999994e-06,5.1624999999999994e-05,398.1080747459578,1902838.1779787494,-8328702.540643889,8543306.101393152,gas_gap,7.656249999999998e-13
2.6249999999999994e-06,5.2499999999999995e-05,405.23703718609823,1959807.9657656252,-7959061.189751541,8196798.2947543375,gas_gap,7.656249999999998e-13
2.6249999999999994e-06,5.337499999999999e-05,412.0257153003237,1994722.2879839449,-7552750.119815041,7811718.849174363,gas_gap,7.656249999999998e-13
2.6249999999999994e-06,5.424999999999999e-05,418.4471496846723,2005833.7758583918,-7121807.339022631,7398885.653294754,gas_gap,7.656249999999998e-13
2.6249999999999994e-06,5.512499999999999e-05,424.4856698257696,1992126.7479665505,-6679897.042152215,6970623.6072332645,gas_gap,7.656249999999998e-13
2.6249999999999994e-06,5.599999999999999e-05,430.1380346429124,1953391.1342628426,-6241645.836438695,6540174.284447561,gas_gap,7.656249999999998e-13
2.6249999999999994e-06,5.687499999999999e-05,435.41395073193974,1890256.0659590554,-5821892.059690251,6121069.771664051,gas_gap,7.656249999999998e-13
2.6249999999999994e-06,5.7749999999999994e-05,440.3359142401756,1804179.6266780489,-5434899.561895452,5726534.499434324,gas_gap,7.656249999999998e-13
2.6249999999999994e-06,5.8624999999999995e-05,444.93836958511497,1697394.3249611522,-5093591.864103671,5368968.7624788275,gas_gap,7.656249999999998e-13
2.6249999999999994e-06,5.949999999999999e-05,449.26622734417725,1572811.0315670439,-4808862.193521615,5059534.5771424975,gas_gap,7.656249999999998e-13
2.6249999999999994e-06,6.037499999999999e-05,453.3728301779355,1433887.1411624867,-4589009.44570925,4807810.315143459,gas_gap,7.656249999999998e-13
2.6249999999999994e-06,6.125e-05,457.31749536745167,1284467.2923348304,-4439340.113922213,4621428.012222722,gas_gap,7.656249999999998e-13
2.6249999999999994e-06,6.212499999999999e-05,461.16279184638,1128606.8789320374,-4361962.621694622,4505604.443383122,gas_gap,7.656249999999998e-13
2.6249999999999994e-06,6.299999999999999e-05,464.97172591753275,970389.6428030533,-4355784.655907766,4462568.321886061,gas_gap,7.656249999999998e-13
2.6249999999999994e-06,6.3875e-05,468.8050118903916,813750.7706735291,-4416707.610913896,4491046.251941356,gas_gap,7.656249999999998e-13
2.6249999999999994e-06,6.474999999999999e-05,472.7185918103145,662316.1358537185,-4537996.748512618,4586074.263825576,gas_gap,7.656249999999998e-13
2.6249999999999994e-06,6.5625e-05,476.7615437955129,519266.72748695157,-4710792.6348346565,4739325.393206026,gas_gap,7.656249999999998e-13
2.6249999999999994e-06,6.649999999999999e-05,480.9744839472833,387235.0706572522,-4924720.000886272,4939920.858381864,gas_gap,7.656249999999998e-13
2.6249999999999994e-06,6.737499999999998e-05,485.3885258834239,268237.7887404402,-5168545.1207662085,5175500.959009142,gas_gap,7.656249999999998e-13
2.6249999999999994e-06,6.824999999999999e-05,490.02481862014605,163645.65130576614,-5430832.344496591,5433297.327886781,gas_gap,7.656249999999998e-13
2.6249999999999994e-06,6.912499999999999e-05,494.89464173524397,74189.74209914668,-5700554.298738844,5701037.048704617,gas_gap,7.656249999999998e-13
2.6249999999999994e-06,7e-05,500.0,0.0,-5967617.781895467,5967617.781895467,gas_gap,7.656249999999998e-13
3.4999999999999995e-06,0.0,0.0,0.0,-7142857.1487005735,7142857.1487005735,gas_gap,7.656249999999998e-13
3.4999999999999995e-06,8.749999999999999e-07,6.250000009163877,0.0007919399775275617,-7142857.159392682,7142857.159392682,gas_gap,7.656249999999998e-13
3.4999999999999995e-06,1.7499999999999998e-06,12.500000032546772,0.0028126840867010124,-7142857.182644174,7142857.182644174,gas_gap,7.656249999999998e-13
3.4999999999999995e-06,2.6249999999999994e-06,18.75000008589967,0.007423428485237401,-7142857.23059812,7142857.23059812,gas_gap,7.656249999999998e-13
3.4999999999999995e-06,3.4999999999999995e-06,25.000000199670684,0.01725549147550045,-7142857.32568503,7142857.32568503,gas_gap,7.656249999999998e-13
3.4999999999999995e-06,4.375e-06,31.250000431120036,0.03725728703403216,-7142857.508424825,7142857.508424825,gas_gap,7.656249999999998e-13
3.4999999999999995e-06,5.249999999999999e-06,37.50000088540328,0.0765163331540094,-7142857.850553374,7142857.850553374,gas_gap,7.656249999999998e-13
3.4999999999999995e-06,6.124999999999999e-06,43.75000175160141,0.1513729616630612,-7142858.476727989,7142858.47672799,gas_gap,7.656249999999998e-13
3.4999999999999995e-06,6.999999999999999e-06,50.00000336324192,0.2906505368216251,-7142859.599821142,7142859.5998211475,gas_gap,7.656249999999998e-13
3.4999999999999995e-06,7.874999999999998e-06,56.250006298291105,0.5442967629423467,-7142861.577375673,7142861.577375693,gas_gap,7.656249999999998e-13
3.4999999999999995e-06,8.75e-06,62.500011541736875,0.9974340501483216,-7142865.000464912,7142865.000464981,gas_gap,7.656249999999998e-13
3.4999999999999995e-06,9.624999999999998e-06,68.750020745847,1.7928509753373534,-7142870.831343822,7142870.831344048,gas_gap,7.656249999999998e-13
3.4999999999999995e-06,1.0499999999999998e-05,75.00003664045254,3.166458860557917,-7142880.6133222105,7142880.613322913,gas_gap,7.656249999999998e-13
3.4999999999999995e-06,1.1374999999999999e-05,81.25006367003809,5.502348970305439,-7142896.785711725,7142896.785713845,gas_gap,7.656249999999998e-13
3.4999999999999995e-06,1.2249999999999998e-05,87.50010896831108,9.41701453824687,-7142923.148968199,7142923.1489744065,gas_gap,7.656249999999998e-13
3.4999999999999995e-06,1.3124999999999999e-05,93.75018382694402,15.88627911325167,-7142965.540669797,7142965.540687463,gas_gap,7.656249999999998e-13
3.4999999999999995e-06,1.3999999999999998e-05,100.0003058762949,26.433753882215896,-7143032.801950857,7143032.801999768,gas_gap,7.656249999999998e-13
3.4999999999999995e-06,1.4874999999999997e-05,106.25050227510947,43.40649094290086,-7143138.136312806,7143138.13644469,gas_gap,7.656249999999998e-13
3.4999999999999995e-06,1.5749999999999997e-05,112.50081430614465,70.37213595743299,-7143300.987655393,7143300.988002028,gas_gap,7.656249999999998e-13
3.4999999999999995e-06,1.6624999999999998e-05,118.75130389702306,112.68245878368647,-7143549.590388512,7143549.59127724,gas_gap,7.656249999999998e-13
3.4999999999999995e-06,1.75e-05,125.00206273032651,178.26064550094836,-7143924.368956196,7143924.371180244,gas_gap,7.656249999999998e-13
3.4999999999999995e-06,1.8374999999999996e-05,131.25322477095196,278.6839094309329,-7144482.382979283,7144482.388414577,gas_gap,7.656249999999998e-13
3.4999999999999995e-06,1.9249999999999997e-05,137.50498321482152,430.64819445395324,-7145303.021797637,7145303.034775244,gas_gap,7.656249999999998e-13
3.4999999999999995e-06,2.0124999999999998e-05,143.75761303812442,657.9168749518662,-7146495.140984541,7146495.171268939,gas_gap,7.656249999999998e-13
3.4999999999999995e-06,2.0999999999999995e-05,150.01150048004519,993.8686458800032,-7148205.794245544,7148205.863338049,gas_gap,7.656249999999998e-13
3.4999999999999995e-06,2.1874999999999996e-05,156.26718089543203,1484.768741040724,-7150630.63655284,7150630.790702753,gas_gap,7.656249999999998e-13
3.4999999999999995e-06,2.2749999999999997e-05,162.52538642871397,2193.888901206424,-7154025.947512693,7154026.283907084,gas_gap,7.656249999999998e-13
3.4999999999999995e-06,2.3624999999999998e-05,168.78710483895122,3206.5910204762754,-7158722.037836451,7158722.755997137,gas_gap,7.656249999999998e-13
3.4999999999999995e-06,2.4499999999999996e-05,175.05365049292516,4636.462351556197,-7165137.549229513,7165139.049324992,gas_gap,7.656249999999998e-13
3.4999999999999995e-06,2.5374999999999997e-05,181.32674797919879,6632.541412240867,-7173793.83714201,7173796.903204207,gas_gap,7.656249999999998e-13
3.4999999999999995e-06,2.6249999999999998e-05,187.60862792336079,9387.59831512834,-7185328.242856281,7185334.375280684,gas_gap,7.656249999999998e-13
3.4999999999999995e-06,2.7124999999999995e-05,193.9021333555032,13147.327018795368,-7200504.633575902,7200516.636350185,gas_gap,7.656249999999998e-13
3.4999999999999995e-06,2.7999999999999996e-05,200.2108333685936,18220.167656237998,-7220219.147436188,7220242.136626276,gas_gap,7.656249999999998e-13
3.4999999999999995e-06,2.8874999999999997e-05,206.53913881767852,24987.30523147819,-7245498.670942795,7245541.757250216,gas_gap,7.656249999999998e-13
3.4999999999999995e-06,2.9749999999999995e-05,212.892412499024,33912.19127367857,-7277489.261017357,7277568.273876923,gas_gap,7.656249999999998e-13
3.4999999999999995e-06,3.0625e-05,219.27706372970204,45548.717381658156,-7317431.577677768,7317573.339547125,gas_gap,7.656249999999998e-13
3.4999999999999995e-06,3.149999999999999e-05,225.70061470594072,60546.9498961125,-7366620.499805435,7366869.316154278,gas_gap,7.656249999999998e-13
3.4999999999999995e-06,3.2374999999999994e-05,232.1717237106519,79655.13548843584,-7426346.538896802,7426773.717866607,gas_gap,7.656249999999998e-13
3.4999999999999995e-06,3.3249999999999995e-05,238.70014849379027,103716.53650039466,-7497817.516212,7498534.8319761185,gas_gap,7.656249999999998e-13
3.4999999999999995e-06,3.4124999999999996e-05,245.29663234345537,133659.58523688273,-7582060.273975033,7583238.284724808,gas_gap,7.656249999999998e-13
3.4999999999999995e-06,3.5e-05,251.97269590494687,170479.8930200988,-7679803.957221377,7681695.920516333,gas_gap,7.656249999999998e-13
3.4999999999999995e-06,3.5875e-05,258.7403200753658,215212.84601926515,-7791348.580195753,7794320.321054947,gas_gap,7.656249999999998e-13
3.4999999999999995e-06,3.674999999999999e-05,265.61150961713173,268895.89283854543,-7916425.063769353,7920990.518329197,gas_gap,7.656249999999998e-13
3.4999999999999995e-06,3.762499999999999e-05,272.5977336761917,332520.1942387936,-8054055.50980842,8060916.811048975,gas_gap,7.656249999999998e-13
3.4999999999999995e-06,3.8499999999999994e-05,279.7092481453218,406972.0619413915,-8202424.907377881,8212514.87793927,gas_gap,7.656249999999998e-13
3.4999999999999995e-06,3.9374999999999995e-05,286.9543155146227,492965.53830072586,-8358777.431701453,8373301.330698285,gas_gap,7.656249999999998e-13
3.4999999999999995e-06,4.0249999999999996e-05,294.3383499465283,590968.5138975105,-8519351.658396741,8539824.14712654,gas_gap,7.656249999999998e-13
3.4999999999999995e-06,4.1125e-05,301.8630279493918,701125.8721696608,-8679369.039059611,8707641.724646933,gas_gap,7.656249999999998e-13
3.4999999999999995e-06,4.199999999999999e-05,309.52541707797286,823184.191923585,-8833088.589702297,8871363.268819613,gas_gap,7.656249999999998e-13
3.4999999999999995e-06,4.287499999999999e-05,317.31718523327476,956423.4152212739,-8973937.753722887,9024760.63709595,gas_gap,7.656249999999998e-13
3.4999999999999995e-06,4.374999999999999e-05,325.2239599478885,1099601.476978018,-9094724.788624814,9160957.503940236,gas_gap,7.656249999999998e-13
3.4999999999999995e-06,4.4624999999999994e-05,333.22490916149883,1250918.0756850846,-9187931.949568437,9272695.91553482,gas_gap,7.656249999999998e-13
3.4999999999999995e-06,4.5499999999999995e-05,341.29261127787726,1408003.4437671695,-9246081.566966644,9352673.309843585,gas_gap,7.656249999999998e-13
3.4999999999999995e-06,4.6374999999999996e-05,349.393272019999,1567937.0881480644,-9262159.402901858,9393935.46481737,gas_gap,7.656249999999998e-13
3.4999999999999995e-06,4.7249999999999997e-05,357.4873286028501,1727300.002715437,-9230072.150364937,9390303.360399129,gas_gap,7.656249999999998e-13
3.4999999999999995e-06,4.812499999999999e-05,365.53045855049146,1882261.850042476,-9145109.440574542,9336805.468264343,gas_gap,7.656249999999998e-13
3.4999999999999995e-06,4.899999999999999e-05,373.4749823615685,2028702.1793948123,-9004376.091949046,9230082.412305148,gas_gap,7.656249999999998e-13
3.4999999999999995e-06,4.987499999999999e-05,381.27161815060305,2162362.0623977985,-8807158.325827727,9068729.09867165,gas_gap,7.656249999999998e-13
3.4999999999999995e-06,5.0749999999999994e-05,388.87151491955416,2279019.807862709,-8555188.849033331,8853540.959822508,gas_gap,7.656249999999998e-13
3.4999999999999995e-06,5.1624999999999994e-05,396.22846217257904,2374681.9161488125,-8252780.33051769,8587636.309640963,gas_gap,7.656249999999998e-13
3.4999999999999995e-06,5.2499999999999995e-05,403.30115018504284,2445778.411053089,-7906804.78662359,8276436.066915945,gas_gap,7.656249999999998e-13
3.4999999999999995e-06,5.337499999999999e-05,410.0553401332267,2489350.381883791,-7526507.254780583,7927494.987702592,gas_gap,7.656249999999998e-13
3.4999999999999995e-06,5.424999999999999e-05,416.465798653963,2503217.167626436,-7123155.025350733,7550194.282498903,gas_gap,7.656249999999998e-13
3.4999999999999995e-06,5.512499999999999e-05,422.5178585181263,2486111.2299615326,-6709537.460803219,7155322.633233428,gas_gap,7.656249999999998e-13
3.4999999999999995e-06,5.599999999999999e-05,428.20848615099226,2437770.408110444,-6299344.7188576935,6754588.695817035,gas_gap,7.656249999999998e-13
3.4999999999999995e-06,5.687499999999999e-05,433.54676669621887,2358979.83794484,-5906465.132032353,6360119.199491801,gas_gap,7.656249999999998e-13
3.4999999999999995e-06,5.7749999999999994e-05,438.5537560145403,2251559.1617503935,-5544249.325861672,5983996.928991503,gas_gap,7.656249999999998e-13
3.4999999999999995e-06,5.8624999999999995e-05,443.2616932643951,2118294.4796390794,-5224793.40975897,5637875.280380913,gas_gap,7.656249999999998e-13
3.4999999999999995e-06,5.949999999999999e-05,447.7126136818623,1962818.4663337828,-4958293.186219035,5332666.092330084,gas_gap,7.656249999999998e-13
3.4999999999999995e-06,6.037499999999999e-05,451.9564447330113,1789445.8411244382,-4752516.224801242,5078240.530470825,gas_gap,7.656249999999998e-13
3.4999999999999995e-06,6.125e-05,456.04870598709,1602974.5914769091,-4612429.2774283895,4883035.0582602965,gas_gap,7.656249999999998e-13
3.4999999999999995e-06,6.212499999999999e-05,460.04796048310783,1408465.7207624053,-4540005.778558537,4753464.857964942,gas_gap,7.656249999999998e-13
3.4999999999999995e-06,6.299999999999999e-05,464.0131806272409,1211015.6097615627,-4534223.349000516,4693158.87070826,gas_gap,7.656249999999998e-13
3.4999999999999995e-06,6.3875e-05,468.001193574228,1015535.2471555098,-4591245.791005442,4702217.535550688,gas_gap,7.656249999999998e-13
3.4999999999999995e-06,6.474999999999999e-05,472.0643597526917,826549.6082573083,-4704769.549231793,4776823.292344928,gas_gap,7.656249999999998e-13
3.4999999999999995e-06,6.5625e-05,476.24861511812094,648028.4669981055,-4866502.403547491,4909458.884416226,gas_gap,7.656249999999998e-13
3.4999999999999995e-06,6.649999999999999e-05,480.591975378723,483257.1314945805,-5066733.34806943,5089727.328215062,gas_gap,7.656249999999998e-13
3.4999999999999995e-06,6.737499999999998e-05,485.1235621433609,334752.28399415815,-5294947.881594584,5305519.028374348,gas_gap,7.656249999999998e-13
3.4999999999999995e-06,6.824999999999999e-05,489.8631703899746,204224.60160274178,-5540442.5067698425,5544205.160230084,gas_gap,7.656249999999998e-13
3.4999999999999995e-06,6.912499999999999e-05,494.8213575360519,92586.45373288039,-5792895.863500269,5793635.70970538,gas_gap,7.656249999999998e-13
3.4999999999999995e-06,7e-05,500.0,0.0,-6042860.954300609,6042860.954300609,gas_gap,7.656249999999998e-13
4.375e-06,0.0,0.0,0.0,-7142857.148224033,7142857.148224033,gas_gap,7.656249999999998e-13
4.375e-06,8.749999999999999e-07,6.250000008416548,0.0009091951065931672,-7142857.158044184,7142857.158044184,gas_gap,7.656249999999998e-13
4.375e-06,1.7499999999999998e-06,12.500000029892533,0.003229131854165087,-7142857.179399483,7142857.179399483,gas_gap,7.656249999999998e-13
4.375e-06,2.6249999999999994e-06,18.750000078894423,0.008522545956063037,-7142857.223442712,7142857.223442712,gas_gap,7.656249999999998e-13
4.375e-06,3.4999999999999995e-06,25.00000018338724,0.019810350350496244,-7142857.310775142,7142857.310775142,gas_gap,7.656249999999998e-13
4.375e-06,4.375e-06,31.25000039596155,0.04277362428657062,-7142857.478612233,7142857.478612233,gas_gap,7.656249999999998e-13
4.375e-06,5.249999999999999e-06,37.50000081319732,0.0878453893630552,-7142857.792839685,7142857.792839686,gas_gap,7.656249999999998e-13
4.375e-06,6.124999999999999e-06,43.75000160875569,0.1737853371719462,-7142858.367948822,7142858.367948824,gas_gap,7.656249999999998e-13
4.375e-06,6.999999999999999e-06,50.000003088964505,0.3336844373381849,-7142859.399452046,7142859.399452053,gas_gap,7.656249999999998e-13
4.375e-06,7.874999999999998e-06,56.250005784656025,0.6248856825572501,-7142861.215734039,7142861.215734066,gas_gap,7.656249999999998e-13
4.375e-06,8.75e-06,62.50001060049093,1.1451147603073217,-7142864.35966522,7142864.359665312,gas_gap,7.656249999999998e-13
4.375e-06,9.624999999999998e-06,68.75001905399208,2.058301613610334,-7142869.715027215,7142869.715027511,gas_gap,7.656249999999998e-13
4.375e-06,1.0499999999999998e-05,75.0000336523687,3.6352867426087783,-7142878.699270602,7142878.699271527,gas_gap,7.656249999999998e-13
4.375e-06,1.1374999999999999e-05,81.25005847765104,6.3170302049760565,-7142893.552777511,7142893.552780304,gas_gap,7.656249999999998e-13
4.375e-06,1.2249999999999998e-05,87.50010008178197,10.81130360866623,-7142917.766070901,7142917.766079083,gas_gap,7.656249999999998e-13
4.375e-06,1.3124999999999999e-05,93.75016883558119,18.23841154835374,-7142956.700665691,7142956.700688975,gas_gap,7.656249999999998e-13
4.375e-06,1.3999999999999998e-05,100.00028093162457,30.347552037505825,-7143018.476688459,7143018.476752926,gas_gap,7.656249999999998e-13
4.375e-06,1.4874999999999997e-05,106.25046131382142,49.83328317743964,-7143115.2208753,7143115.221049128,gas_gap,7.656249999999998e-13
4.375e-06,1.5749999999999997e-05,112.50074789825793,80.79147848143644,-7143264.79144679,7143264.791903673,gas_gap,7.656249999999998e-13
4.375e-06,1.6624999999999998e-05,118.75119756226634,129.3662942043466,-7143493.120254379,7143493.121425769,gas_gap,7.656249999999998e-13
4.375e-06,1.75e-05,125.00189451157642,204.65402831865654,-7143837.335068091,7143837.337999517,gas_gap,7.656249999999998e-13
4.375e-06,1.8374999999999996e-05,131.25296178604702,319.9460236013149,-7144349.842211154,7144349.84937524,gas_gap,7.656249999999998e-13
4.375e-06,1.9249999999999997e-05,137.50457682618318,494.41023584024197,-7145103.556703768,7145103.573809292,gas_gap,7.656249999999998e-13
4.375e-06,2.0124999999999998e-05,143.75699218345375,755.3284595112997,-7146198.456784041,7146198.496701843,gas_gap,7.656249999999998e-13
4.375e-06,2.0999999999999995e-05,150.01056259865874,1141.0214600500192,-7147769.60370741,7147769.694779873,gas_gap,7.656249999999998e-13
4.375e-06,2.1874999999999996e-05,156.2657797676561,1704.6045307515042,-7149996.696489806,7149996.899684066,gas_gap,7.656249999999998e-13
4.375e-06,2.2749999999999997e-05,162.5233161273991,2518.717465954072,-7153115.114751451,7153115.558190244,gas_gap,7.656249999999998e-13
4.375e-06,2.3624999999999998e-05,168.78407888371612,3681.3608952594645,-7157428.231870059,7157429.178607958,gas_gap,7.656249999999998e-13
4.375e-06,2.4499999999999996e-05,175.0492752148072,5322.939871149062,-7163320.548692428,7163322.526384531,gas_gap,7.656249999999998e-13
4.375e-06,2.5374999999999997e-05,181.32048906645304,7614.5596477052095,-7171270.90335024,7171274.945974139,gas_gap,7.656249999999998e-13
4.375e-06,2.6249999999999998e-05,187.59976915338189,10777.532001129364,-7181864.660988908,7181872.747686175,gas_gap,7.656249999999998e-13
4.375e-06,2.7124999999999995e-05,193.8897266523202,15093.92849138354,-7195803.394296556,7195819.224803187,gas_gap,7.656249999999998e-13
4.375e-06,2.7999999999999996e-05,200.19363959135418,20917.857090731577,-7213910.160000284,7213940.487230304,gas_gap,7.656249999999998e-13
4.375e-06,2.8874999999999997e-05,206.51555911368956,28686.941293627515,-7237128.100471956,7237184.955715972,gas_gap,7.656249999999998e-13
4.375e-06,2.9749999999999995e-05,212.86041067151828,38933.251552902,-7266509.80997335,7266614.109509009,gas_gap,7.656249999999998e-13
4.375e-06,3.0625e-05,219.23408089249784,52292.689004398104,-7303194.770838204,7303381.98276126,gas_gap,7.656249999999998e-13
4.375e-06,3.149999999999999e-05,225.64347852647842,69511.56921835203,-7348372.262634176,7348701.025930128,gas_gap,7.656249999999998e-13
4.375e-06,3.2374999999999994e-05,232.09655576042206,91448.92473695235,-7403227.553710751,7403792.347024437,gas_gap,7.656249999999998e-13
4.375e-06,3.3249999999999995e-05,238.60227458514814,119072.8718524237,-7468869.96569382,7469819.068307772,gas_gap,7.656249999999998e-13
4.375e-06,3.4124999999999996e-05,245.1705021575079,153449.30713820047,-7546242.600284829,7547802.598916769,gas_gap,7.656249999999998e-13
4.375e-06,3.5e-05,251.8118195969079,195721.25275239866,-7636015.139648648,7638523.026195727,gas_gap,7.656249999999998e-13
4.375e-06,3.5875e-05,258.5372307403317,247077.39478891913,-7738463.131418633,7742406.529971231,gas_gap,7.656249999999998e-13
4.375e-06,3.674999999999999e-05,265.3577613438289,308708.7871420132,-7853339.440272271,7859404.6517147,gas_gap,7.656249999999998e-13
4.375e-06,3.762499999999999e-05,272.2839452273028,381753.34245555184,-7979745.917134439,7988872.293165021,gas_gap,7.656249999999998e-13
4.375e-06,3.8499999999999994e-05,279.32520190010035,467228.6003194828,-8116015.567932449,8129453.318881804,gas_gap,7.656249999999998e-13
4.375e-06,3.9374999999999995e-05,286.4891200338694,565954.3246463889,-8259617.309531392,8278984.382005835,gas_gap,7.656249999999998e-13
4.375e-06,4.0249999999999996e-05,293.7806722579819,678467.6821894045,-8407096.467345474,8434428.813323889,gas_gap,7.656249999999998e-13
4.375e-06,4.1125e-05,301.20139835902165,804935.0079190034,-8554064.190755777,8591852.800563093,gas_gap,7.656249999999998e-13
4.375e-06,4.199999999999999e-05,308.7486050370534,945065.3589409533,-8695247.681624226,8746455.326442918,gas_gap,7.656249999999998e-13
4.375e-06,4.287499999999999e-05,316.4146396882429,1098032.0650879699,-8824610.3851918,8892661.180231502,gas_gap,7.656249999999998e-13
4.375e-06,4.374999999999999e-05,324.18630194144237,1262409.1603409946,-8935547.056342646,9024282.690841781,gas_gap,7.656249999999998e-13
4.375e-06,4.4624999999999994e-05,332.04445862208144,1436129.789422381,-9021153.033597592,9134750.72608188,gas_gap,7.656249999999998e-13
4.375e-06,4.5499999999999995e-05,339.96392440620804,1616473.3154854376,-9074560.462533077,9217409.265506497,gas_gap,7.656249999999998e-13
4.375e-06,4.6374999999999996e-05,347.913660990745,1800086.8354199852,-9089327.126847755,9265861.008773163,gas_gap,7.656249999999998e-13
4.375e-06,4.7249999999999997e-05,355.8573319950991,1983045.1229273707,-9059856.637852699,9274344.734697413,gas_gap,7.656249999999998e-13
4.375e-06,4.812499999999999e-05,363.7542295076818,2160950.7184224264,-8981822.76440134,9238119.29878417,gas_gap,7.656249999999998e-13
4.375e-06,4.899999999999999e-05,371.56056236194365,2329073.0946544083,-8852566.43130979,9153825.09670116,gas_gap,7.656249999999998e-13
4.375e-06,4.987499999999999e-05,379.2310676840386,2482522.743646148,-8671432.069637034,9019792.309751373,gas_gap,7.656249999999998e-13
4.375e-06,5.0749999999999994e-05,386.7208783480417,2616452.907967467,-8440011.081367167,8836266.908214802,gas_gap,7.656249999999998e-13
4.375e-06,5.1624999999999994e-05,393.9875523933137,2726278.8079196946,-8162264.430834485,8605530.592437508,gas_gap,7.656249999999998e-13
4.375e-06,5.2499999999999995e-05,400.9931489651854,2807901.894387311,-7844503.711148146,8331899.634700413,gas_gap,7.656249999999998e-13
4.375e-06,5.337499999999999e-05,407.70622146733473,2857925.15850838,-7495220.01307739,8021599.544733643,gas_gap,7.656249999999998e-13
4.375e-06,5.424999999999999e-05,414.10359435518416,2873845.069232864,-7124761.76256605,7682526.645269597,gas_gap,7.656249999999998e-13
4.375e-06,5.512499999999999e-05,420.1717965341291,2854206.4157238277,-6744875.330403207,7323922.274726898,gas_gap,7.656249999999998e-13
4.375e-06,5.599999999999999e-05,425.90804182201117,2798708.221513557,-6368134.4214254925,6955997.679593616,gas_gap,7.656249999999998e-13
4.375e-06,5.687499999999999e-05,431.3206744554048,2708251.8701826134,-6007294.7538161995,6589553.73690626,gas_gap,7.656249999999998e-13
4.375e-06,5.7749999999999994e-05,436.4290331580392,2584926.421393129,-5674618.189585424,6235634.386459011,gas_gap,7.656249999999998e-13
4.375e-06,5.8624999999999995e-05,441.2627279366574,2431930.4869845975,-5381214.382292257,5905231.081144427,gas_gap,7.656249999999998e-13
4.375e-06,5.949999999999999e-05,445.860365990827,2253434.5977745205,-5136447.651454944,5609016.131424854,gas_gap,7.656249999999998e-13
4.375e-06,6.037499999999999e-05,450.26780312692,2054392.3130932152,-4947452.109692025,5357033.708480148,gas_gap,7.656249999999998e-13
4.375e-06,6.125e-05,454.53603121009075,1840312.013435725,-4818789.462862037,5158243.906038765,gas_gap,7.656249999999998e-13
4.375e-06,6.212499999999999e-05,458.7188373757338,1617004.0375021128,-4752272.208884886,5019839.958070153,gas_gap,7.656249999999998e-13
4.375e-06,6.299999999999999e-05,462.87038474190445,1390319.3394032642,-4746961.345124947,4946375.42829385,gas_gap,7.656249999999998e-13
4.375e-06,6.3875e-05,467.04286612369094,1165896.0318801936,-4799333.521510063,4938918.485644824,gas_gap,7.656249999999998e-13
4.375e-06,6.474999999999999e-05,471.28437187827535,948929.0609248116,-4903599.24708558,4994572.247819217,gas_gap,7.656249999999998e-13
4.375e-06,6.5625e-05,475.63709181512064,743975.9676827847,-5052142.544700897,5106627.510644025,gas_gap,7.656249999999998e-13
4.375e-06,6.649999999999999e-05,480.1359414044456,554808.4850481396,-5236044.35555907,5265355.918498142,gas_gap,7.656249999999998e-13
4.375e-06,6.737499999999998e-05,484.8076673442585,384315.9168180559,-5445647.6517909905,5459191.979714254,gas_gap,7.656249999999998e-13
4.375e-06,6.824999999999999e-05,489.6704503023763,234462.2240221357,-5671121.822296798,5675966.460244842,gas_gap,7.656249999999998e-13
4.375e-06,6.912499999999999e-05,494.7339867230657,106294.86205956816,-5902987.229368597,5903944.17553122,gas_gap,7.656249999999998e-13
4.375e-06,7e-05,500.0,0.0,-6132567.292326717,6132567.292326717,gas_gap,7.656249999999998e-13
5.249999999999999e-06,0.0,0.0,0.0,-7142857.147694047,7142857.147694047,gas_gap,7.656249999999998e-13
5.249999999999999e-06,8.749999999999999e-07,6.250000007585406,0.000983293352361843,-7142857.156544447,7142857.156544447,gas_gap,7.656249999999998e-13
5.249999999999999e-06,1.7499999999999998e-06,12.500000026940613,0.0034923019966507426,-7142857.175790887,7142857.175790887,gas_gap,7.656249999999998e-13
5.249999999999999e-06,2.6249999999999994e-06,18.750000071103518,0.009217122620903987,-7142857.215484802,7142857.215484802,gas_gap,7.656249999999998e-13
5.249999999999999e-06,3.4999999999999995e-06,25.000000165277555,0.02142486872877375,-7142857.294193061,7142857.294193061,gas_gap,7.656249999999998e-13
5.249999999999999e-06,4.375e-06,31.250000356859932,0.04625962030856805,-7142857.4454560615,7142857.4454560615,gas_gap,7.656249999999998e-13
5.249999999999999e-06,5.249999999999999e-06,37.50000073289323,0.09500467696091658,-7142857.72865322,7142857.728653221,gas_gap,7.656249999999998e-13
5.249999999999999e-06,6.124999999999999e-06,43.75000144988936,0.18794862130246803,-7142858.246969721,7142858.246969724,gas_gap,7.656249999999998e-13
5.249999999999999e-06,6.999999999999999e-06,50.000002783925986,0.36087929493009985,-7142859.176610909,7142859.176610919,gas_gap,7.656249999999998e-13
5.249999999999999e-06,7.874999999999998e-06,56.250005213415115,0.6758130715716445,-7142860.813533132,7142860.813533164,gas_gap,7.656249999999998e-13
5.249999999999999e-06,8.75e-06,62.500009553681224,1.2384401580434956,-7142863.64699778,7142863.646997887,gas_gap,7.656249999999998e-13
5.249999999999999e-06,9.624999999999998e-06,68.75001717239019,2.226050579399265,-7142868.473512106,7142868.473512452,gas_gap,7.656249999999998e-13
5.249999999999999e-06,1.0499999999999998e-05,75.00003032916165,3.931557992354921,-7142876.570551946,7142876.570553028,gas_gap,7.656249999999998e-13
5.249999999999999e-06,1.1374999999999999e-05,81.25005270292107,6.831860138905644,-7142889.957259315,7142889.957262582,gas_gap,7.656249999999998e-13
5.249999999999999e-06,1.2249999999999998e-05,87.50009019860002,11.692411113607069,-7142911.779464343,7142911.779473912,gas_gap,7.656249999999998e-13
5.249999999999999e-06,1.3124999999999999e-05,93.75015216288875,19.72481891189985,-7142946.869226663,7142946.869253898,gas_gap,7.656249999999998e-13
5.249999999999999e-06,1.3999999999999998e-05,100.00025318932913,32.820838962441954,-7143002.544801761,7143002.544877164,gas_gap,7.656249999999998e-13
5.249999999999999e-06,1.4874999999999997e-05,106.25041575859301,53.89463242752336,-7143089.735397698,7143089.735601016,gas_gap,7.656249999999998e-13
5.249999999999999e-06,1.5749999999999997e-05,112.50067404251293,87.37588130666077,-7143224.535716857,7143224.536251248,gas_gap,7.656249999999998e-13
5.249999999999999e-06,1.6624999999999998e-05,118.7510793017243,139.9094827813896,-7143430.316812893,7143430.3181830095,gas_gap,7.656249999999998e-13
5.249999999999999e-06,1.75e-05,125.00170742655195,221.3330715492433,-7143740.540049223,7143740.543477982,gas_gap,7.656249999999998e-13
5.249999999999999e-06,1.8374999999999996e-05,131.2526693065383,346.0212179326556,-7144202.436569159,7144202.444948728,gas_gap,7.656249999999998e-13
5.249999999999999e-06,1.9249999999999997e-05,137.5041248597507,534.7040417573389,-7144881.720957434,7144881.740965351,gas_gap,7.656249999999998e-13
5.249999999999999e-06,2.0124999999999998e-05,143.75630169793288,816.8867690788277,-7145868.498495267,7145868.545186861,gas_gap,7.656249999999998e-13
5.249999999999999e-06,2.0999999999999995e-05,150.00951953085524,1234.0132590170497,-7147284.492996089,7147284.599525269,gas_gap,7.656249999999998e-13
5.249999999999999e-06,2.1874999999999996e-05,156.26422149888907,1843.5276337709556,-7149291.658007706,7149291.895695175,gas_gap,7.656249999999998e-13
5.249999999999999e-06,2.2749999999999997e-05,162.5210136351264,2723.9897386057005,-7152102.129163569,7152102.647900556,gas_gap,7.656249999999998e-13
5.249999999999999e-06,2.3624999999999998e-05,168.7807135578592,3981.387129894916,-7155989.32139907,7155990.428963765,gas_gap,7.656249999999998e-13
5.249999999999999e-06,2.4499999999999996e-05,175.04440923516194,5756.75270617653,-7161299.765695193,7161302.079534681,gas_gap,7.656249999999998e-13
5.249999999999999e-06,2.5374999999999997e-05,181.313528196492,8235.136582297497,-7168465.014411021,7168469.744674196,gas_gap,7.656249999999998e-13
5.249999999999999e-06,2.6249999999999998e-05,187.58991684382863,11655.887162973395,-7178012.627263951,7178022.090859451,gas_gap,7.656249999999998e-13
5.249999999999999e-06,2.7124999999999995e-05,193.87592849743132,16324.06448184241,-7190574.895896177,7190593.425342134,gas_gap,7.656249999999998e-13
5.249999999999999e-06,2.7999999999999996e-05,200.17451747664123,22622.6358609022,-7206893.599311373,7206929.105759854,gas_gap,7.656249999999998e-13
5.249999999999999e-06,2.8874999999999997e-05,206.48933486998234,31024.89055326637,-7227818.74357338,7227885.329318978,gas_gap,7.656249999999998e-13
5.249999999999999e-06,2.9749999999999995e-05,212.82481973602648,42106.2620775082,-7254298.978145917,7254421.176195592,gas_gap,7.656249999999998e-13
5.249999999999999e-06,3.0625e-05,219.18627739171603,56554.47670392938,-7287361.260275538,7287580.706009364,gas_gap,7.656249999999998e-13
5.249999999999999e-06,3.149999999999999e-05,225.57993434053694,75176.6737733114,-7328077.426913135,7328463.024885467,gas_gap,7.656249999999998e-13
5.249999999999999e-06,3.2374999999999994e-05,232.01295748256734,98901.89588835997,-7377515.699903464,7378178.602292873,gas_gap,7.656249999999998e-13
5.249999999999999e-06,3.3249999999999995e-05,238.4934238025423,128777.15958881917,-7436675.854187078,7437790.755128896,gas_gap,7.656249999999998e-13
5.249999999999999e-06,3.4124999999999996e-05,245.03022606512462,165955.23066430134,-7506407.859173644,7508242.143594511,gas_gap,7.656249999999998e-13
5.249999999999999e-06,3.5e-05,251.63290049297382,211672.28612623928,-7587315.265205054,7590267.326670882,gas_gap,7.656249999999998e-13
5.249999999999999e-06,3.5875e-05,258.3113642825183,267213.8884745868,-7679646.40929406,7684293.866971569,gas_gap,7.656249999999998e-13
5.249999999999999e-06,3.674999999999999e-05,265.0755543847211,333868.16098236776,-7783178.560992965,7790336.094239982,gas_gap,7.656249999999998e-13
5.249999999999999e-06,3.762499999999999e-05,271.93496439361485,412865.7547278522,-7897102.264398969,7907887.347819411,gas_gap,7.656249999999998e-13
5.249999999999999e-06,3.8499999999999994e-05,278.898083632023,505307.1374844641,-8019915.142869425,8035818.203644172,gas_gap,7.656249999999998e-13
5.249999999999999e-06,3.9374999999999995e-05,285.97175138223173,612078.8828818938,-8149336.060409447,8172289.690433135,gas_gap,7.656249999999998e-13
5.249999999999999e-06,4.0249999999999996e-05,293.16044922119636,733761.9360810164,-8282251.495207135,8314691.600336249,gas_gap,7.656249999999998e-13
5.249999999999999e-06,4.1125e-05,300.465564879945,870536.1881410191,-8414706.000290027,8459616.440842934,gas_gap,7.656249999999998e-13
5.249999999999999e-06,4.199999999999999e-05,307.8846710247632,1022086.9846915231,-8541947.471920151,8602879.077222861,gas_gap,7.656249999999998e-13
5.249999999999999e-06,4.287499999999999e-05,315.4108707545494,1187520.2829971556,-8658535.47151372,8739590.432851586,gas_gap,7.656249999999998e-13
5.249999999999999e-06,4.374999999999999e-05,323.0322672487863,1365293.9026204436,-8758517.028905109,8864290.608173523,gas_gap,7.656249999999998e-13
5.249999999999999e-06,4.4624999999999994e-05,330.7316167541544,1553172.542205203,-8835669.32524834,8971142.478580676,gas_gap,7.656249999999998e-13
5.249999999999999e-06,4.5499999999999995e-05,338.4862210241136,1748213.8364591626,-8883802.714017315,9054181.480375169,gas_gap,7.656249999999998e-13
5.249999999999999e-06,4.6374999999999996e-05,346.26810682088535,1946791.624929583,-8897111.154592838,9107611.351395944,gas_gap,7.656249999999998e-13
5.249999999999999e-06,4.7249999999999997e-05,354.0445260199409,2144660.780362707,-8870550.907595657,9126129.698129,gas_gap,7.656249999999998e-13
5.249999999999999e-06,4.812499999999999e-05,361.7787906590712,2337065.4558055317,-8800222.96178646,9105262.166564627,gas_gap,7.656249999999998e-13
5.249999999999999e-06,4.899999999999999e-05,369.43143399579884,2518889.592048004,-8683730.828471757,9041680.478665376,gas_gap,7.656249999999998e-13
5.249999999999999e-06,4.987499999999999e-05,376.9616629130042,2684845.1924264743,-8520483.676837722,8933478.370408338,gas_gap,7.656249999999998e-13
5.249999999999999e-06,5.0749999999999994e-05,384.3290409609621,2829690.4949395345,-8311915.7562372,8780381.07578113,gas_gap,7.656249999999998e-13
5.249999999999999e-06,5.1624999999999994e-05,391.49531736759315,2948467.0661694813,-8061596.8815817665,8583868.72694445,gas_gap,7.656249999999998e-13
5.249999999999999e-06,5.2499999999999995e-05,398.4262979778063,3036742.3304563756,-7775215.3694769945,8347201.80799152,gas_gap,7.656249999999998e-13
5.249999999999999e-06,5.337499999999999e-05,405.09364157996885,3090842.427033004,-7460423.806486494,8075347.068772815,gas_gap,7.656249999999998e-13
5.249999999999999e-06,5.424999999999999e-05,411.4764612390735,3108059.7902502734,-7126548.700533027,7774813.95538437,gas_gap,7.656249999999998e-13
5.249999999999999e-06,5.512499999999999e-05,417.56261614537374,3086820.611437344,-6784176.455850706,7453422.815815126,gas_gap,7.656249999999998e-13
5.249999999999999e-06,5.599999999999999e-05,423.34959525515006,3026799.384926867,-6444639.1106078345,7120034.254311548,gas_gap,7.656249999999998e-13
5.249999999999999e-06,5.687499999999999e-05,428.84491880277847,2928970.9559157286,-6119432.742308641,6784270.627579426,gas_gap,7.656249999999998e-13
5.249999999999999e-06,5.7749999999999994e-05,434.06601579254004,2795594.6397737158,-5819608.34110426,6456252.057794971,gas_gap,7.656249999999998e-13
5.249999999999999e-06,5.8624999999999995e-05,439.0395722116545,2630129.7311403984,-5555178.470499563,6146347.715654438,gas_gap,7.656249999999998e-13
5.249999999999999e-06,5.949999999999999e-05,443.8003827578466,2437086.6537949326,-5334582.713543437,5864909.5547793275,gas_gap,7.656249999999998e-13
5.249999999999999e-06,6.037499999999999e-05,448.38977492804736,2221822.6758579975,-5164250.681678228,5621919.699370566,gas_gap,7.656249999999998e-13
5.249999999999999e-06,6.125e-05,452.853705086726,1990295.1038348512,-5048293.607478039,5426466.893629096,gas_gap,7.656249999999998e-13
5.249999999999999e-06,6.212499999999999e-05,457.2406488326958,1748787.8116457474,-4988345.002773729,5286004.604316795,gas_gap,7.656249999999998e-13
5.249999999999999e-06,6.299999999999999e-05,461.5994206187444,1503628.5987261299,-4983558.592434354,5205454.3708626805,gas_gap,7.656249999999998e-13
5.249999999999999e-06,6.3875e-05,465.9770591641974,1260915.0768404067,-5030758.960938656,5186370.846176354,gas_gap,7.656249999999998e-13
5.249999999999999e-06,6.474999999999999e-05,470.4169058525369,1026265.5734770156,-5124728.335694895,5226476.972299627,gas_gap,7.656249999999998e-13
5.249999999999999e-06,6.5625e-05,474.9569842048619,804609.0635932034,-5258602.825361505,5319802.573415327,gas_gap,7.656249999999998e-13
5.249999999999999e-06,6.649999999999999e-05,479.62876175173096,600024.6715206862,-5424344.137643136,5457429.69996105,gas_gap,7.656249999999998e-13
5.249999999999999e-06,6.737499999999998e-05,484.4563439263992,415637.1756443428,-5613248.886399666,5628615.933108662,gas_gap,7.656249999999998e-13
5.249999999999999e-06,6.824999999999999e-05,489.45611603648285,253570.59732185732,-5816457.243788083,5821981.871892167,gas_gap,7.656249999999998e-13
5.249999999999999e-06,6.912499999999999e-05,494.63681699210883,114957.75823633089,-6025425.6963632,6026522.223353423,gas_gap,7.656249999999998e-13
5.249999999999999e-06,7e-05,500.0,0.0,-6232334.484976073,6232334.484976073,gas_gap,7.656249999999998e-13
6.124999999999999e-06,0.0,0.0,0.0,-7142857.147134763,7142857.147134763,gas_gap,7.656249999999998e-13
6.124999999999999e-06,8.749999999999999e-07,6.250000006708316,0.0010145293553532378,-7142857.154961805,7142857.154961805,gas_gap,7.656249999999998e-13
6.124999999999999e-06,1.7499999999999998e-06,12.50000002382551,0.0036032409706122934,-7142857.171982808,7142857.171982808,gas_gap,7.656249999999998e-13
6.124999999999999e-06,2.6249999999999994e-06,18.75000006288192,0.009509920359307351,-7142857.207086972,7142857.207086972,gas_gap,7.656249999999998e-13
6.124999999999999e-06,3.4999999999999995e-06,25.00000014616676,0.02210546649961676,-7142857.276694313,7142857.276694313,gas_gap,7.656249999999998e-13
6.124999999999999e-06,4.375e-06,31.250000315596743,0.04772913663842877,-7142857.410466994,7142857.410466994,gas_gap,7.656249999999998e-13
6.124999999999999e-06,5.249999999999999e-06,37.50000064814986,0.09802266377697677,-7142857.660918483,7142857.6609184835,gas_gap,7.656249999999998e-13
6.124999999999999e-06,6.124999999999999e-06,43.75000128224079,0.1939191322218503,-7142858.11930281,7142858.119302813,gas_gap,7.656249999999998e-13
6.124999999999999e-06,6.999999999999999e-06,50.000002462024725,0.37234324585470746,-7142858.941450957,7142858.9414509665,gas_gap,7.656249999999998e-13
6.124999999999999e-06,7.874999999999998e-06,56.25000461059561,0.6972814350814053,-7142860.3890982745,7142860.389098309,gas_gap,7.656249999999998e-13
6.124999999999999e-06,8.75e-06,62.50000844900313,1.2777813377518628,-7142862.894933577,7142862.894933691,gas_gap,7.656249999999998e-13
6.124999999999999e-06,9.624999999999998e-06,68.750015186772,2.2967649012139044,-7142867.163365161,7142867.16336553,gas_gap,7.656249999999998e-13
6.124999999999999e-06,1.0499999999999998e-05,75.00002682224536,4.056450687820687,-7142874.32415621,7142874.324157362,gas_gap,7.656249999999998e-13
6.124999999999999e-06,1.1374999999999999e-05,81.25004660895993,7.048885915824676,-7142886.162978324,7142886.162981803,gas_gap,7.656249999999998e-13
6.124999999999999e-06,1.2249999999999998e-05,87.50007976906875,12.063840644422047,-7142905.461913926,7142905.461924113,gas_gap,7.656249999999998e-13
6.124999999999999e-06,1.3124999999999999e-05,93.75013456851804,20.351411679009388,-7142936.494298712,7142936.494327704,gas_gap,7.656249999999998e-13
6.124999999999999e-06,1.3999999999999998e-05,100.00022391341992,33.86344931015603,-7142985.732189065,7142985.732269335,gas_gap,7.656249999999998e-13
6.124999999999999e-06,1.4874999999999997e-05,106.25036768503927,55.60668803705497,-7143062.841064815,7143062.841281257,gas_gap,7.656249999999998e-13
6.124999999999999e-06,1.5749999999999997e-05,112.50059610396994,90.15152631973336,-7143182.0546216145,7143182.0551905,gas_gap,7.656249999999998e-13
6.124999999999999e-06,1.6624999999999998e-05,118.7509545036556,144.3539479170349,-7143364.041552608,7143364.043011169,gas_gap,7.656249999999998e-13
6.124999999999999e-06,1.75e-05,125.0015099993346,228.36409689727455,-7143638.394133043,7143638.397783155,gas_gap,7.656249999999998e-13
6.124999999999999e-06,1.8374999999999996e-05,131.25236065855486,357.0131765098891,-7144046.882238696,7144046.891159299,gas_gap,7.656249999999998e-13
6.124999999999999e-06,1.9249999999999997e-05,137.50364790829315,551.6898344586983,-7144647.621973661,7144647.643273639,gas_gap,7.656249999999998e-13
6.124999999999999e-06,2.0124999999999998e-05,143.75557304188254,842.8365810055408,-7145520.2998782005,7145520.349585813,gas_gap,7.656249999999998e-13
6.124999999999999e-06,2.0999999999999995e-05,150.0084188015236,1273.2138106708283,-7146772.565020485,7146772.678433455,gas_gap,7.656249999999998e-13
6.124999999999999e-06,2.1874999999999996e-05,156.26257708791914,1902.090456904939,-7148547.644498123,7148547.897552884,gas_gap,7.656249999999998e-13
6.124999999999999e-06,2.2749999999999997e-05,162.51858385944732,2810.521953452105,-7151033.145013725,7151033.697313875,gas_gap,7.656249999999998e-13
6.124999999999999e-06,2.3624999999999998e-05,168.77716219440137,4107.862733539121,-7154470.866936409,7154472.0462364,gas_gap,7.656249999999998e-13
6.124999999999999e-06,2.4499999999999996e-05,175.0392742607097,5939.625848071501,-7159167.272380225,7159169.736294519,gas_gap,7.656249999999998e-13
6.124999999999999e-06,2.5374999999999997e-05,181.30618252470111,8496.739846777342,-7165504.013940605,7165509.051587818,gas_gap,7.656249999999998e-13
6.124999999999999e-06,2.6249999999999998e-05,187.5795198916136,12026.156447735138,-7173947.650381852,7173957.730490067,gas_gap,7.656249999999998e-13
6.124999999999999e-06,2.7124999999999995e-05,193.8613675707511,16842.62644075507,-7185057.3623948665,7185077.102924512,gas_gap,7.656249999999998e-13
6.124999999999999e-06,2.7999999999999996e-05,200.15433827786075,23341.28276289441,-7199489.158169679,7199526.995163208,gas_gap,7.656249999999998e-13
6.124999999999999e-06,2.8874999999999997e-05,206.46166093147815,32010.44951367405,-7217994.758820927,7218065.738634169,gas_gap,7.656249999999998e-13
6.124999999999999e-06,2.9749999999999995e-05,212.7872613083707,43443.83984618766,-7241413.122872087,7241543.439303852,gas_gap,7.656249999999998e-13
6.124999999999999e-06,3.0625e-05,219.13583127949678,58351.02683747552,-7270652.462015882,7270886.607955772,gas_gap,7.656249999999998e-13
6.124999999999999e-06,3.149999999999999e-05,225.5128773869152,77564.78999643638,-7306660.678275259,7307072.366146449,gas_gap,7.656249999999998e-13
6.124999999999999e-06,3.2374999999999994e-05,231.92473783260397,102043.68456048208,-7350382.476576433,7351090.767057673,gas_gap,7.656249999999998e-13
6.124999999999999e-06,3.3249999999999995e-05,238.37855567144985,132867.98734889485,-7402702.029356126,7403894.329168634,gas_gap,7.656249999999998e-13
6.124999999999999e-06,3.4124999999999996e-05,244.88219541083546,171227.0837374625,-7464371.025313071,7466334.677587025,gas_gap,7.656249999999998e-13
6.124999999999999e-06,3.5e-05,251.4440906140401,218396.4200245853,-7535923.227152086,7539087.204815306,gas_gap,7.656249999999998e-13
6.124999999999999e-06,3.5875e-05,258.0730117666759,275702.3968120894,-7617578.257042909,7622565.861557433,gas_gap,7.656249999999998e-13
6.124999999999999e-06,3.674999999999999e-05,264.77774682470204,344474.05682222795,-7709139.138531455,7716831.515140205,gas_gap,7.656249999999998e-13
6.124999999999999e-06,3.762499999999999e-05,271.5666916518561,425981.1448794759,-7809890.0119087305,7821498.7012659265,gas_gap,7.656249999999998e-13
6.124999999999999e-06,3.8499999999999994e-05,278.4473539630672,521359.0870070818,-7918502.218130457,7935646.960150246,gas_gap,7.656249999999998e-13
6.124999999999999e-06,3.9374999999999995e-05,285.4257822244843,631522.620369537,-8032958.385596995,8057744.178414421,gas_gap,7.656249999999998e-13
6.124999999999999e-06,4.0249999999999996e-05,292.50593981492005,757071.144849026,-8150505.004437703,8185590.299161512,gas_gap,7.656249999999998e-13
6.124999999999999e-06,4.1125e-05,299.6890540041079,898190.2660533487,-8267643.990187644,8316290.212740225,gas_gap,7.656249999999998e-13
6.124999999999999e-06,4.199999999999999e-05,306.9729781273555,1054555.3340753615,-8380172.71786478,8446264.365615841,gas_gap,7.656249999999998e-13
6.124999999999999e-06,4.287499999999999e-05,314.3516127620775,1225243.9053759133,-8483279.818785645,8571304.399651002,gas_gap,7.656249999999998e-13
6.124999999999999e-06,4.374999999999999e-05,321.8144366995901,1408664.8095059118,-8571700.655956848,8686678.806130188,gas_gap,7.656249999999998e-13
6.124999999999999e-06,4.4624999999999994e-05,329.3462000563725,1602511.7369205365,-8639931.945910096,8787290.13387665,gas_gap,7.656249999999998e-13
6.124999999999999e-06,4.5499999999999995e-05,336.9268291507,1803748.8530379601,-8682499.74183049,8867880.901981166,gas_gap,7.656249999999998e-13
6.124999999999999e-06,4.6374999999999996e-05,344.53158524907724,2008634.806187606,-8694269.34702402,8923280.409313034,gas_gap,7.656249999999998e-13
6.124999999999999e-06,4.7249999999999997e-05,352.1315068443805,2212789.6153538385,-8670780.222267028,8948679.65370729,gas_gap,7.656249999999998e-13
6.124999999999999e-06,4.812499999999999e-05,359.694148149434,2411306.3559329268,-8608584.193247022,8939917.234202173,gas_gap,7.656249999999998e-13
6.124999999999999e-06,4.899999999999999e-05,367.1846059030632,2598906.4483027696,-8505561.873728398,8893756.097108345,gas_gap,7.656249999999998e-13
6.124999999999999e-06,4.987499999999999e-05,374.56680383619744,2770133.913499007,-8361190.749794107,8808129.918045025,gas_gap,7.656249999999998e-13
6.124999999999999e-06,5.0749999999999994e-05,381.8049811062354,2919580.475943012,-8176739.230656802,8682339.235578716,gas_gap,7.656249999999998e-13
6.124999999999999e-06,5.1624999999999994e-05,388.86530982153414,3042130.189059187,-7955364.358787751,8517181.351142861,gas_gap,7.656249999999998e-13
6.124999999999999e-06,5.2499999999999995e-05,395.7175496467922,3133209.668804987,-7702096.719121639,8315004.311447912,gas_gap,7.656249999999998e-13
6.124999999999999e-06,5.337499999999999e-05,402.33663642293425,3189028.3479129043,-7423704.040909078,8079683.378128247,gas_gap,7.656249999999998e-13
6.124999999999999e-06,5.424999999999999e-05,408.7040983404843,3206792.650258428,-7128434.421698563,7816527.13205861,gas_gap,7.656249999999998e-13
6.124999999999999e-06,5.512499999999999e-05,414.80919841364465,3184878.7724339142,-6825650.175395132,7532128.059982236,gas_gap,7.656249999999998e-13
6.124999999999999e-06,5.599999999999999e-05,420.6497159469826,3122950.868525157,-6525373.033284439,7234176.8951787315,gas_gap,7.656249999999998e-13
6.124999999999999e-06,5.687499999999999e-05,426.2323016212498,3022014.751361856,-6237769.798361256,6931258.559222595,gas_gap,7.656249999999998e-13
6.124999999999999e-06,5.7749999999999994e-05,431.5723691506331,2884401.507348841,-5972613.651062341,6632637.927736783,gas_gap,7.656249999999998e-13
6.124999999999999e-06,5.8624999999999995e-05,436.6935188609553,2713680.3215642273,-5738759.416921816,6348024.931658173,gas_gap,7.656249999999998e-13
6.124999999999999e-06,5.949999999999999e-05,441.62652219029167,2514504.899149055,-5543670.822431129,6087283.554699817,gas_gap,7.656249999999998e-13
6.124999999999999e-06,6.037499999999999e-05,446.4079279979737,2292402.6910515814,-5393034.032531606,5860027.830478678,gas_gap,7.656249999999998e-13
6.124999999999999e-06,6.125e-05,451.0783787817352,2053520.2478550111,-5290484.904030162,5675048.539715016,gas_gap,7.656249999999998e-13
6.124999999999999e-06,6.212499999999999e-05,455.68074497829747,1804341.0615326436,-5237468.068190623,5539559.407719098,gas_gap,7.656249999999998e-13
6.124999999999999e-06,6.299999999999999e-05,460.2581966971703,1551393.9449424362,-5233235.103428975,5458348.9097130215,gas_gap,7.656249999999998e-13
6.124999999999999e-06,6.3875e-05,464.85233363984617,1300970.210964397,-5274977.762843671,5433039.102409624,gas_gap,7.656249999999998e-13
6.124999999999999e-06,6.474999999999999e-05,469.5014856894718,1058866.662913952,-5358081.597202595,5461706.4194362955,gas_gap,7.656249999999998e-13
6.124999999999999e-06,6.5625e-05,474.23927976340553,830168.853107627,-5476476.376810307,5539040.876400117,gas_gap,7.656249999999998e-13
6.124999999999999e-06,6.649999999999999e-05,479.0935448479956,619085.4862709458,-5623053.265270116,5657030.56942211,gas_gap,7.656249999999998e-13
6.124999999999999e-06,6.737499999999998e-05,484.0855991007541,428840.60474368243,-5790115.236162228,5805974.398179421,gas_gap,7.656249999999998e-13
6.124999999999999e-06,6.824999999999999e-05,489.2299332203114,261625.70307178472,-5969826.910487641,5975556.990749082,gas_gap,7.656249999999998e-13
6.124999999999999e-06,6.912499999999999e-05,494.53427564948754,118609.58896571495,-6154632.648677254,6155775.440572748,gas_gap,7.656249999999998e-13
6.124999999999999e-06,7e-05,500.0,0.0,-6337616.878814935,6337616.878814935,gas_gap,7.656249999999998e-13
6.999999999999999e-06,0.0,0.0,0.0,-7142857.146569305,7142857.146569305,gas_gap,7.656249999999998e-13
6.999999999999999e-06,8.749999999999999e-07,6.250000005821544,0.0010061928980556727,-7142857.15336169,7142857.15336169,gas_gap,7.656249999999998e-13
6.999999999999999e-06,1.7499999999999998e-06,12.500000020676017,0.003573632892417368,-7142857.168132688,7142857.168132688,gas_gap,7.656249999999998e-13
6.999999999999999e-06,2.6249999999999994e-06,18.750000054569565,0.009431776691447678,-7142857.198596436,7142857.198596436,gas_gap,7.656249999999998e-13
6.999999999999999e-06,3.4999999999999995e-06,25.00000012684498,0.02192382436521775,-7142857.259002385,7142857.259002385,gas_gap,7.656249999999998e-13
6.999999999999999e-06,4.375e-06,31.250000273878026,0.04733694304902063,-7142857.375091665,7142857.375091665,gas_gap,7.656249999999998e-13
6.999999999999999e-06,5.249999999999999e-06,37.50000056247097,0.0972172048255344,-7142857.592435989,7142857.5924359895,gas_gap,7.656249999999998e-13
6.999999999999999e-06,6.124999999999999e-06,43.750001112741465,0.19232568541184045,-7142857.990226521,7142857.990226524,gas_gap,7.656249999999998e-13
6.999999999999999e-06,6.999999999999999e-06,50.00000213656983,0.3692836758652071,-7142858.703694957,7142858.703694967,gas_gap,7.656249999999998e-13
6.999999999999999e-06,7.874999999999998e-06,56.25000400112127,0.6915518257041395,-7142859.95997787,7142859.959977903,gas_gap,7.656249999999998e-13
6.999999999999999e-06,8.75e-06,62.50000733212996,1.2672817208589737,-7142862.134566967,7142862.13456708,gas_gap,7.656249999999998e-13
6.999999999999999e-06,9.624999999999998e-06,68.75001317923359,2.2778922264899113,-7142865.838754858,7142865.838755221,gas_gap,7.656249999999998e-13
6.999999999999999e-06,1.0499999999999998e-05,75.0000232766145,4.023118554294658,-7142872.052961403,7142872.052962536,gas_gap,7.656249999999998e-13
6.999999999999999e-06,1.1374999999999999e-05,81.25004044772454,6.990964736784719,-7142882.326810392,7142882.326813812,gas_gap,7.656249999999998e-13
6.999999999999999e-06,1.2249999999999998e-05,87.50006922440073,11.964711238411041,-7142899.074620949,7142899.07463097,gas_gap,7.656249999999998e-13
6.999999999999999e-06,1.3124999999999999e-05,93.75011677991439,20.184182733378503,-7142926.004836808,7142926.004865326,gas_gap,7.656249999999998e-13
6.999999999999999e-06,1.3999999999999998e-05,100.00019431431949,33.58519102454516,-7142968.733973634,7142968.734052591,gas_gap,7.656249999999998e-13
6.999999999999999e-06,1.4874999999999997e-05,106.25031908077781,55.14976406749796,-7143035.649832111,7143035.65004501,gas_gap,7.656249999999998e-13
6.999999999999999e-06,1.5749999999999997e-05,112.50051730502489,89.4107450446431,-7143139.104556583,7143139.105116161,gas_gap,7.656249999999998e-13
6.999999999999999e-06,1.6624999999999998e-05,118.7508283278794,143.16778162603902,-7143297.034646994,7143297.036081697,gas_gap,7.656249999999998e-13
6.999999999999999e-06,1.75e-05,125.00131039262067,226.48761345001233,-7143535.120577651,7143535.124168075,gas_gap,7.656249999999998e-13
6.999999999999999e-06,1.8374999999999996e-05,131.2520486032539,354.07957475165534,-7143889.610667164,7143889.61944196,gas_gap,7.656249999999998e-13
6.999999999999999e-06,1.9249999999999997e-05,137.50316569153293,547.156561249599,-7144410.938655603,7144410.959607666,gas_gap,7.656249999999998e-13
6.999999999999999e-06,2.0124999999999998e-05,143.75483634183828,835.9109350108666,-7145168.257324654,7145168.306221129,gas_gap,7.656249999999998e-13
6.999999999999999e-06,2.0999999999999995e-05,150.0073059206973,1262.7517254612421,-7146254.9856191585,7146255.097184021,gas_gap,7.656249999999998e-13
6.999999999999999e-06,2.1874999999999996e-05,156.26091452348442,1886.4608491597992,-7147795.417456002,7147795.666395308,gas_gap,7.656249999999998e-13
6.999999999999999e-06,2.2749999999999997e-05,162.5161272602747,2787.4277017922577,-7149952.359819968,7149952.903162952,gas_gap,7.656249999999998e-13
6.999999999999999e-06,2.3624999999999998e-05,168.7735716256886,4074.108143707173,-7152935.649505094,7152936.809752902,gas_gap,7.656249999999998e-13
6.999999999999999e-06,2.4499999999999996e-05,175.03408259873873,5890.81953509031,-7157011.23741849,7157013.66173695,gas_gap,7.656249999999998e-13
6.999999999999999e-06,2.5374999999999997e-05,181.29875576041192,8426.92155268122,-7162510.325523799,7162515.282792903,gas_gap,7.656249999999998e-13
6.999999999999999e-06,2.6249999999999998e-05,187.56900816230882,11927.336695353004,-7169837.798212591,7169847.7190271355,gas_gap,7.656249999999998e-13
6.999999999999999e-06,2.7124999999999995e-05,193.84664589881075,16704.229424087815,-7179478.918116574,7179498.350648253,gas_gap,7.656249999999998e-13
6.999999999999999e-06,2.7999999999999996e-05,200.13393631094007,23149.48584149772,-7192002.97574577,7192040.232217194,gas_gap,7.656249999999998e-13
6.999999999999999e-06,2.8874999999999997e-05,206.43368148670095,31747.41745448462,-7208062.322249524,7208132.236574759,gas_gap,7.656249999999998e-13
6.999999999999999e-06,2.9749999999999995e-05,212.74928825468498,43086.85883444157,-7228385.014278614,7228513.428918276,gas_gap,7.656249999999998e-13
6.999999999999999e-06,3.0625e-05,219.0848282677335,57871.55244776653,-7253759.207081121,7253990.057264819,gas_gap,7.656249999999998e-13
6.999999999999999e-06,3.149999999999999e-05,225.44508015846841,76927.4347970149,-7285007.49957318,7285413.653256892,gas_gap,7.656249999999998e-13
6.999999999999999e-06,3.2374999999999994e-05,231.8355442823602,101205.18460546725,-7322949.7161982,7323649.024588653,gas_gap,7.656249999999998e-13
6.999999999999999e-06,3.3249999999999995e-05,238.26241945433418,131776.2019836876,-7368353.150695954,7369531.404423231,gas_gap,7.656249999999998e-13
6.999999999999999e-06,3.4124999999999996e-05,244.73253057305334,169820.0990462533,-7421870.126084938,7423812.702009132,gas_gap,7.656249999999998e-13
6.999999999999999e-06,3.5e-05,251.253196369615,216601.84166185014,-7483963.847012703,7487097.6500379965,gas_gap,7.656249999999998e-13
6.999999999999999e-06,3.5875e-05,257.8320279597082,273436.9313075839,-7554824.903808644,7559771.628998471,gas_gap,7.656249999999998e-13
6.999999999999999e-06,3.674999999999999e-05,264.476651619965,341643.48987050226,-7634282.358323342,7641923.017197825,gas_gap,7.656249999999998e-13
6.999999999999999e-06,3.762499999999999e-05,271.1943533654412,422480.8285947684,-7721714.980296214,7733264.012528027,gas_gap,7.656249999999998e-13
6.999999999999999e-06,3.8499999999999994e-05,277.9916484667171,517075.0436301212,-7815969.746035701,7833054.93863604,gas_gap,7.656249999999998e-13
6.999999999999999e-06,3.9374999999999995e-05,284.8737858435947,626333.3556830309,-7915295.960162819,7940038.010577218,gas_gap,7.656249999999998e-13
6.999999999999999e-06,4.0249999999999996e-05,291.8442049560989,750850.2393257383,-8017304.09909779,8052387.291934346,gas_gap,7.656249999999998e-13
6.999999999999999e-06,4.1125e-05,298.9039708412568,890809.775032034,-8118958.489933772,8167681.985518308,gas_gap,7.656249999999998e-13
6.999999999999999e-06,4.199999999999999e-05,306.05122060184226,1045889.9805653287,-8216612.052411994,8282910.0847038645,gas_gap,7.656249999999998e-13
6.999999999999999e-06,4.287499999999999e-05,313.28066109754513,1215175.9921683008,-8306089.432362589,8394508.583017096,gas_gap,7.656249999999998e-13
6.999999999999999e-06,4.374999999999999e-05,320.58316191757393,1397089.7141485736,-8382821.924814196,8498444.745512282,gas_gap,7.656249999999998e-13
6.999999999999999e-06,4.4624999999999994e-05,327.94548905951916,1589343.788065042,-8442033.724982563,8590340.336121958,gas_gap,7.656249999999998e-13
6.999999999999999e-06,4.5499999999999995e-05,335.35022238033895,1788927.3249968593,-8478974.486726528,8665637.27146941,gas_gap,7.656249999999998e-13
6.999999999999999e-06,4.6374999999999996e-05,342.77589335811115,1992129.7162167388,-8489188.268574378,8719799.210161585,gas_gap,7.656249999999998e-13
6.999999999999999e-06,4.7249999999999997e-05,350.19736890545647,2194606.971313464,-8468804.169692561,8748539.5251516,gas_gap,7.656249999999998e-13
6.999999999999999e-06,4.812499999999999e-05,357.5864922416975,2391492.4862193307,-8414829.829706876,8748062.492607616,gas_gap,7.656249999999998e-13
6.999999999999999e-06,4.899999999999999e-05,364.9129739654861,2577551.055763038,-8325426.023910469,8715301.941107424,gas_gap,7.656249999999998e-13
6.999999999999999e-06,4.987499999999999e-05,372.14550672741575,2747371.533133593,-8200139.309467033,8648140.553653097,gas_gap,7.656249999999998e-13
6.999999999999999e-06,5.0749999999999994e-05,379.2530569083445,2895590.0829237425,-8040070.424657829,8545593.856589714,gas_gap,7.656249999999998e-13
6.999999999999999e-06,5.1624999999999994e-05,386.2062683234275,3017132.7966417912,-7847959.0827150075,8407945.770313965,gas_gap,7.656249999999998e-13
6.999999999999999e-06,5.2499999999999995e-05,392.9788981053214,3107463.8700555516,-7628170.875877655,8236827.217763445,gas_gap,7.656249999999998e-13
6.999999999999999e-06,5.337499999999999e-05,399.54919532451055,3162823.883248743,-7386578.907706547,8035235.085311686,gas_gap,7.656249999999998e-13
6.999999999999999e-06,5.424999999999999e-05,405.9011299588129,3180442.215103474,-7130340.960271249,7807494.789837147,gas_gap,7.656249999999998e-13
6.999999999999999e-06,5.512499999999999e-05,412.02538434388583,3158708.4051160756,-6867581.743810107,7559174.4123591175,gas_gap,7.656249999999998e-13
6.999999999999999e-06,5.599999999999999e-05,417.92003133788154,3097289.3670412526,-6606998.217601389,7296960.111620094,gas_gap,7.656249999999998e-13
6.999999999999999e-06,5.687499999999999e-05,423.5908424684951,2997182.648875697,-6357413.235612685,7028499.61791739,gas_gap,7.656249999999998e-13
6.999999999999999e-06,5.7749999999999994e-05,429.05119391203687,2860700.182327367,-6127308.062193929,6762211.8882947285,gas_gap,7.656249999999998e-13
6.999999999999999e-06,5.8624999999999995e-05,434.32156626879276,2691381.824235786,-5924367.004067324,6507046.989434484,gas_gap,7.656249999999998e-13
6.999999999999999e-06,5.949999999999999e-05,439.42866330243857,2493843.0399276605,-5755067.158204447,6272164.7860399075,gas_gap,7.656249999999998e-13
6.999999999999999e-06,6.037499999999999e-05,444.4042024809659,2273565.86090769,-5624343.035772545,6066492.91666347,gas_gap,7.656249999999998e-13
6.999999999999999e-06,6.125e-05,449.28345377297427,2036646.3311313568,-5535349.869903509,5898137.541661063,gas_gap,7.656249999999998e-13
6.999999999999999e-06,6.212499999999999e-05,454.1036205749408,1789514.667273724,-5489341.326148277,5773667.027058897,gas_gap,7.656249999999998e-13
6.999999999999999e-06,6.299999999999999e-05,458.90216634240466,1538646.0344896978,-5485667.916723391,5697366.418971069,gas_gap,7.656249999999998e-13
6.999999999999999e-06,6.3875e-05,463.71519171502126,1290280.0495098417,-5521892.616702722,5670636.708215327,gas_gap,7.656249999999998e-13
6.999999999999999e-06,6.474999999999999e-05,468.57595975117505,1050165.882919147,-5594010.960598278,5691731.459665066,gas_gap,7.656249999999998e-13
6.999999999999999e-06,6.5625e-05,473.51365222820414,823347.2987019464,-5696755.141983582,5755946.48359383,gas_gap,7.656249999999998e-13
6.999999999999999e-06,6.649999999999999e-05,478.55241942055983,613998.4183683668,-5823956.041083249,5856232.408829838,gas_gap,7.656249999999998e-13
6.999999999999999e-06,6.737499999999998e-05,483.710761439898,425316.79208114586,-5968934.100899725,5984067.9035677565,gas_gap,7.656249999999998e-13
6.999999999999999e-06,6.824999999999999e-05,489.00125346033883,259475.90672523674,-6124889.7006747015,6130383.478347983,gas_gap,7.656249999999998e-13
6.999999999999999e-06,6.912499999999999e-05,494.43060230234823,117634.96583797857,-6285265.980342708,6286366.71129207,gas_gap,7.656249999999998e-13
6.999999999999999e-06,7e-05,500.0,0.0,-6444061.536989796,6444061.536989796,gas_gap,7.656249999999998e-13
7.874999999999998e-06,0.0,0.0,0.0,-7142857.146018268,7142857.146018268,gas_gap,7.656249999999998e-13
7.874999999999998e-06,8.749999999999999e-07,6.250000004957387,0.0009639364672631777,-7142857.151802382,7142857.151802382,gas_gap,7.656249999999998e-13
7.874999999999998e-06,1.7499999999999998e-06,12.500000017606846,0.0034235533487354123,-7142857.164380755,7142857.164380755,gas_gap,7.656249999999998e-13
7.874999999999998e-06,2.6249999999999994e-06,18.750000046469193,0.009035676480660487,-7142857.190322428,7142857.190322428,gas_gap,7.656249999999998e-13
7.874999999999998e-06,3.4999999999999995e-06,25.000000108015957,0.02100310372727067,-7142857.241761646,7142857.241761646,gas_gap,7.656249999999998e-13
7.874999999999998e-06,4.375e-06,31.250000233223247,0.04534896414185033,-7142857.340618494,7142857.340618494,gas_gap,7.656249999999998e-13
7.874999999999998e-06,5.249999999999999e-06,37.5000004789771,0.09313443690351042,-7142857.525699965,7142857.525699966,gas_gap,7.656249999999998e-13
7.874999999999998e-06,6.124999999999999e-06,43.75000094756478,0.1842487082925144,-7142857.864441992,7142857.864441995,gas_gap,7.656249999999998e-13
7.874999999999998e-06,6.999999999999999e-06,50.00000181941484,0.3537751087483556,-7142858.472002316,7142858.472002325,gas_gap,7.656249999999998e-13
7.874999999999998e-06,7.874999999999998e-06,56.25000340719002,0.6625091720352875,-7142859.541801085,7142859.5418011155,gas_gap,7.656249999999998e-13
7.874999999999998e-06,8.75e-06,62.500006243739776,1.214060512047474,-7142861.393591564,7142861.3935916675,gas_gap,7.656249999999998e-13
7.874999999999998e-06,9.624999999999998e-06,68.75001122289231,2.182229063484656,-7142864.547925353,7142864.547925686,gas_gap,7.656249999999998e-13
7.874999999999998e-06,1.0499999999999998e-05,75.00001982140587,3.8541622526868307,-7142869.839687613,7142869.839688652,gas_gap,7.656249999999998e-13
7.874999999999998e-06,1.1374999999999999e-05,81.25003444361573,6.697369723200793,-7142878.588474113,7142878.588477252,gas_gap,7.656249999999998e-13
7.874999999999998e-06,1.2249999999999998e-05,87.5000589486475,11.462237017637808,-7142892.85021955,7142892.850228746,gas_gap,7.656249999999998e-13
7.874999999999998e-06,1.3124999999999999e-05,93.75009944496358,19.336520697178305,-7142915.78288181,7142915.782907983,gas_gap,7.656249999999998e-13
7.874999999999998e-06,1.3999999999999998e-05,100.00016547006844,32.174735531444625,-7142952.1692542285,7142952.169326693,gas_gap,7.656249999999998e-13
7.874999999999998e-06,1.4874999999999997e-05,106.25027171604378,52.833675181317375,-7143009.1520422725,7143009.152237666,gas_gap,7.656249999999998e-13
7.874999999999998e-06,1.5749999999999997e-05,112.50044051564547,85.65581995285896,-7143097.2498231465,7143097.250336713,gas_gap,7.656249999999998e-13
7.874999999999998e-06,1.6624999999999998e-05,118.75070536989377,137.1552571213582,-7143231.736581187,7143231.737897927,gas_gap,7.656249999999998e-13
7.874999999999998e-06,1.75e-05,125.00111587636565,216.97595998714127,-7143434.48075024,7143434.484045474,gas_gap,7.656249999999998e-13
7.874999999999998e-06,1.8374999999999996e-05,131.25174450612553,339.2095244119629,-7143736.3499049535,7143736.357958379,gas_gap,7.656249999999998e-13
7.874999999999998e-06,1.9249999999999997e-05,137.50269577247826,524.1779818859599,-7144180.291340421,7144180.310570238,gas_gap,7.656249999999998e-13
7.874999999999998e-06,2.0124999999999998e-05,143.75411842944501,800.8057254211038,-7144825.192716332,7144825.237594253,gas_gap,7.656249999999998e-13
7.874999999999998e-06,2.0999999999999995e-05,150.00622142105104,1209.7207599295193,-7145750.605757115,7145750.708155337,gas_gap,7.656249999999998e-13
7.874999999999998e-06,2.1874999999999996e-05,156.25929435850477,1807.2363759307511,-7147062.374041297,7147062.6025340045,gas_gap,7.656249999999998e-13
7.874999999999998e-06,2.2749999999999997e-05,162.5137333103829,2670.365907778933,-7148899.137289227,7148899.636027123,gas_gap,7.656249999999998e-13
7.874999999999998e-06,2.3624999999999998e-05,168.7700726252505,3903.010465370975,-7151439.583869122,7151440.648933671,gas_gap,7.656249999999998e-13
7.874999999999998e-06,2.4499999999999996e-05,175.0290233368323,5643.426606282498,-7154910.186615907,7154912.412238456,gas_gap,7.656249999999998e-13
7.874999999999998e-06,2.5374999999999997e-05,181.2915183967572,8073.02159167698,-7159592.983475803,7159597.534967561,gas_gap,7.656249999999998e-13
7.874999999999998e-06,2.6249999999999998e-05,187.55876450778362,11426.432069033463,-7165832.757314841,7165841.867440018,gas_gap,7.656249999999998e-13
7.874999999999998e-06,2.7124999999999995e-05,193.83229966547293,16002.712730852474,-7174042.737796639,7174060.585926735,gas_gap,7.656249999999998e-13
7.874999999999998e-06,2.7999999999999996e-05,200.114054644022,22177.291893167017,-7184707.70926392,7184741.936898786,gas_gap,7.656249999999998e-13
7.874999999999998e-06,2.8874999999999997e-05,206.40641558612492,30414.141746518333,-7198383.187077631,7198447.4387203865,gas_gap,7.656249999999998e-13
7.874999999999998e-06,2.9749999999999995e-05,212.71228360664404,41277.36795856502,-7215689.154284563,7215807.216962317,gas_gap,7.656249999999998e-13
7.874999999999998e-06,3.0625e-05,219.0351259573808,55441.15837960258,-7237296.771420815,7237509.12121433,gas_gap,7.656249999999998e-13
7.874999999999998e-06,3.149999999999999e-05,225.3790119249893,73696.7631923697,-7263906.529831074,7264280.369522335,gas_gap,7.656249999999998e-13
7.874999999999998e-06,3.2374999999999994e-05,231.74862538556536,96954.9360821609,-7296216.5582333645,7296860.717066581,gas_gap,7.656249999999998e-13
7.874999999999998e-06,3.3249999999999995e-05,238.14924499449913,126242.08226371992,-7334880.252362835,7335966.560708723,gas_gap,7.656249999999998e-13
7.874999999999998e-06,3.4124999999999996e-05,244.58668255429592,162688.27444642855,-7380453.103625364,7382245.965114927,gas_gap,7.656249999999998e-13
7.874999999999998e-06,3.5e-05,251.06717039481575,207505.3545475035,-7433329.558014088,7436225.305234626,gas_gap,7.656249999999998e-13
7.874999999999998e-06,3.5875e-05,257.5971898285901,261953.5777813982,-7493671.914400915,7498249.024778621,gas_gap,7.656249999999998e-13
7.874999999999998e-06,3.674999999999999e-05,264.18323507858486,327295.7097248508,-7561334.608900703,7568414.863719076,gas_gap,7.656249999999998e-13
7.874999999999998e-06,3.762499999999999e-05,270.83151061502707,404738.1751441553,-7635788.6274191495,7646507.761916066,gas_gap,7.656249999999998e-13
7.874999999999998e-06,3.8499999999999994e-05,277.5475645739041,495359.7782591338,-7716052.102486808,7731936.455908573,gas_gap,7.656249999999998e-13
7.874999999999998e-06,3.9374999999999995e-05,284.3358667190559,600029.6398164278,-7800634.21405018,7823677.505500115,gas_gap,7.656249999999998e-13
7.874999999999998e-06,4.0249999999999996e-05,291.19934595292904,719317.2686250849,-7887500.142280643,7920232.0564121995,gas_gap,7.656249999999998e-13
7.874999999999998e-06,4.1125e-05,298.13890921717444,853399.0144505823,-7974064.833204951,8019600.97773082,gas_gap,7.656249999999998e-13
7.874999999999998e-06,4.199999999999999e-05,305.1529701452687,1001966.4171355697,-8057222.583539851,8119283.987013392,gas_gap,7.656249999999998e-13
7.874999999999998e-06,4.287499999999999e-05,312.2370213170087,1164143.0338628069,-8133417.833705066,8216307.84847567,gas_gap,7.656249999999998e-13
7.874999999999998e-06,4.374999999999999e-05,319.38328765075096,1338417.0432015788,-8198760.062784404,8307287.568673722,gas_gap,7.656249999999998e-13
7.874999999999998e-06,4.4624999999999994e-05,326.58049961530423,1522597.1474202638,-8249182.392193834,8388522.647821434,gas_gap,7.656249999999998e-13
7.874999999999998e-06,4.5499999999999995e-05,333.81382293458955,1713798.9039479687,-8280639.622880841,8456127.911000248,gas_gap,7.656249999999998e-13
7.874999999999998e-06,4.6374999999999996e-05,341.064975899873,1908467.5360864194,-8289337.258679516,8506195.420070492,gas_gap,7.656249999999998e-13
7.874999999999998e-06,4.7249999999999997e-05,348.312556209463,2102441.48517335,-8271978.999926856,8534980.77173047,gas_gap,7.656249999999998e-13
7.874999999999998e-06,4.812499999999999e-05,355.53258670903546,2291058.5267569134,-8226016.675817875,8539104.140591057,gas_gap,7.656249999999998e-13
7.874999999999998e-06,4.899999999999999e-05,362.6992741923709,2469303.3151832367,-8149884.078371001,8515754.185817018,gas_gap,7.656249999999998e-13
7.874999999999998e-06,4.987499999999999e-05,369.7859586106237,2631991.9520657263,-8043195.074349354,8462881.816484055,gas_gap,7.656249999999998e-13
7.874999999999998e-06,5.0749999999999994e-05,376.7662130123638,2773985.8635151815,-7906887.007121205,8379371.081075489,gas_gap,7.656249999999998e-13
7.874999999999998e-06,5.1624999999999994e-05,383.6150388800956,2890424.2266852553,-7743292.903594808,8265176.174835644,gas_gap,7.656249999999998e-13
7.874999999999998e-06,5.2499999999999995e-05,390.31008886923456,2976961.724573393,-7556130.322252094,8121416.536321267,gas_gap,7.656249999999998e-13
7.874999999999998e-06,5.337499999999999e-05,396.83284078437583,3029996.8191841836,-7350400.556104846,7950425.715611253,gas_gap,7.656249999999998e-13
7.874999999999998e-06,5.424999999999999e-05,403.16964411908964,3046875.2453785413,-7132198.877452274,7755753.321788414,gas_gap,7.656249999999998e-13
7.874999999999998e-06,5.512499999999999e-05,409.3125643343235,3026054.176118457,-6908443.954783246,7542121.8336211685,gas_gap,7.656249999999998e-13
7.874999999999998e-06,5.599999999999999e-05,415.25996035548087,2967214.5135657284,-6686541.760291518,7315340.230067054,gas_gap,7.656249999999998e-13
7.874999999999998e-06,5.687499999999999e-05,421.01674697775155,2871311.912340574,-6474005.472901224,7082173.3218768295,gas_gap,7.656249999999998e-13
7.874999999999998e-06,5.7749999999999994e-05,426.59431480176295,2740561.2114539105,-6278057.387892107,6850159.145552196,gas_gap,7.656249999999998e-13
7.874999999999998e-06,5.8624999999999995e-05,432.0101042628875,2578353.6066725748,-6105241.144263962,6627358.2029836755,gas_gap,7.656249999999998e-13
7.874999999999998e-06,5.949999999999999e-05,437.286855186037,2389110.7306183036,-5961072.370931786,6422011.670391282,gas_gap,7.656249999999998e-13
7.874999999999998e-06,6.037499999999999e-05,442.45157686014613,2178084.3894728697,-5849753.094296432,6242088.021799764,gas_gap,7.656249999999998e-13
7.874999999999998e-06,6.125e-05,447.5343037372995,1951114.6155860177,-5773970.180892735,6094717.375973381,gas_gap,7.656249999999998e-13
7.874999999999998e-06,6.212499999999999e-05,452.5667166971018,1714361.5799920247,-5734791.200650993,5985554.756412876,gas_gap,7.656249999999998e-13
7.874999999999998e-06,6.299999999999999e-05,457.5807180747403,1474028.5145328427,-5731663.0765346745,5918168.777972357,gas_gap,7.656249999999998e-13
7.874999999999998e-06,6.3875e-05,462.60704968754567,1236092.9948005457,-5762510.538525728,5893594.285189222,gas_gap,7.656249999999998e-13
7.874999999999998e-06,6.474999999999999e-05,467.6740369855508,1006062.7471904394,-5823923.548804494,5910181.7022494245,gas_gap,7.656249999999998e-13
7.874999999999998e-06,6.5625e-05,472.8065299680043,788769.7160008406,-5911416.260459618,5963807.49767348,gas_gap,7.656249999999998e-13
7.874999999999998e-06,6.649999999999999e-05,478.02509401360186,588212.724867032,-6019735.305267266,6048405.356387474,gas_gap,7.656249999999998e-13
7.874999999999998e-06,6.737499999999998e-05,483.3454830551975,407455.03851064126,-6143192.647695971,6156690.305278766,gas_gap,7.656249999999998e-13
7.874999999999998e-06,6.824999999999999e-05,488.7784055929563,248578.8652970555,-6275998.010862412,6280918.920398616,gas_gap,7.656249999999998e-13
7.874999999999998e-06,6.912499999999999e-05,494.32957287885586,112694.72644420498,-6412567.842887194,6413558.017278651,gas_gap,7.656249999999998e-13
7.874999999999998e-06,7e-05,500.0,0.0,-6547791.596315493,6547791.596315493,gas_gap,7.656249999999998e-13
8.75e-06,0.0,0.0,0.0,-7142857.145498616,7142857.145498616,gas_gap,7.656249999999998e-13
8.75e-06,8.749999999999999e-07,6.250000004142452,0.0008949741662965603,-7142857.150331892,7142857.150331892,gas_gap,7.656249999999998e-13
8.75e-06,1.7499999999999998e-06,12.500000014712489,0.003178624222772278,-7142857.1608425295,7142857.1608425295,gas_gap,7.656249999999998e-13
8.75e-06,2.6249999999999994e-06,18.75000003883021,0.008389242755971691,-7142857.1825196985,7142857.1825196985,gas_gap,7.656249999999998e-13
8.75e-06,3.4999999999999995e-06,25.000000090259416,0.019500491875075156,-7142857.225502919,7142857.225502919,gas_gap,7.656249999999998e-13
8.75e-06,4.375e-06,31.25000019488411,0.042104591696274236,-7142857.308108875,7142857.308108875,gas_gap,7.656249999999998e-13
8.75e-06,5.249999999999999e-06,37.50000040023895,0.08647137840720524,-7142857.462765147,7142857.462765148,gas_gap,7.656249999999998e-13
8.75e-06,6.124999999999999e-06,43.750000791796374,0.17106711873189212,-7142857.745822005,7142857.745822007,gas_gap,7.656249999999998e-13
8.75e-06,6.999999999999999e-06,50.00000152032462,0.3284651984455837,-7142858.253506621,7142858.253506629,gas_gap,7.656249999999998e-13
8.75e-06,7.874999999999998e-06,56.2500028470884,0.6151116946426534,-7142859.147443166,7142859.147443192,gas_gap,7.656249999999998e-13
8.75e-06,8.75e-06,62.500005217343045,1.1272037437158275,-7142860.694821262,7142860.69482135,gas_gap,7.656249999999998e-13
8.75e-06,9.624999999999998e-06,68.75000937798198,2.0261072208476554,-7142863.330620005,7142863.330620293,gas_gap,7.656249999999998e-13
8.75e-06,1.0499999999999998e-05,75.00001656300194,3.5784263444909254,-7142867.752479337,7142867.752480233,gas_gap,7.656249999999998e-13
8.75e-06,1.1374999999999999e-05,81.250028781494,6.218224009534185,-7142875.063069146,7142875.063071853,gas_gap,7.656249999999998e-13
8.75e-06,1.2249999999999998e-05,87.5000492581893,10.64220139723501,-7142886.980352857,7142886.9803607855,gas_gap,7.656249999999998e-13
8.75e-06,1.3124999999999999e-05,93.75008309739154,17.953140147470396,-7142906.14315755,7142906.143180112,gas_gap,7.656249999999998e-13
8.75e-06,1.3999999999999998e-05,100.00013826875258,29.872878645024954,-7142936.548042087,7142936.5481045535,gas_gap,7.656249999999998e-13
8.75e-06,1.4874999999999997e-05,106.25022704915024,49.05382875702836,-7142984.163535908,7142984.163704344,gas_gap,7.656249999999998e-13
8.75e-06,1.5749999999999997e-05,112.50036810010029,79.52779944969993,-7143057.779086933,7143057.779529647,gas_gap,7.656249999999998e-13
8.75e-06,1.6624999999999998e-05,118.75058941545281,127.34284474566323,-7143170.157817709,7143170.158952793,gas_gap,7.656249999999998e-13
8.75e-06,1.75e-05,125.00093243953161,201.45298522342316,-7143339.573251038,7143339.576091677,gas_gap,7.656249999999998e-13
8.75e-06,1.8374999999999996e-05,131.251457730018,314.9416705567626,-7143591.818698554,7143591.825641018,gas_gap,7.656249999999998e-13
8.75e-06,1.9249999999999997e-05,137.5022526194696,486.6770459067173,-7143962.781429634,7143962.798006887,gas_gap,7.656249999999998e-13
8.75e-06,2.0124999999999998e-05,143.75344140851163,743.5141846112855,-7144501.668671446,7144501.707359472,gas_gap,7.656249999999998e-13
8.75e-06,2.0999999999999995e-05,150.00519869325075,1123.1744677566685,-7145274.954788845,7145275.043065425,gas_gap,7.656249999999998e-13
8.75e-06,2.1874999999999996e-05,156.25776647624915,1677.942399504473,-7146371.08393194,7146371.280919378,gas_gap,7.656249999999998e-13
8.75e-06,2.2749999999999997e-05,162.511475717109,2479.321597622166,-7147905.905096088,7147906.335084639,gas_gap,7.656249999999998e-13
8.75e-06,2.3624999999999998e-05,168.76677292383175,3623.779840189859,-7150028.732402005,7150029.650704573,gas_gap,7.656249999999998e-13
8.75e-06,2.4499999999999996e-05,175.02425224463448,5239.682482761111,-7152928.809237776,7152930.72833061,gas_gap,7.656249999999998e-13
8.75e-06,2.5374999999999997e-05,181.2846932649683,7495.458480805242,-7156841.809857797,7156845.7349049,gas_gap,7.656249999999998e-13
8.75e-06,2.6249999999999998e-05,187.5491043199763,10608.958019569829,-7162055.838915951,7162063.696291755,gas_gap,7.656249999999998e-13
8.75e-06,2.7124999999999995e-05,193.81877057699873,14857.840709607452,-7168916.196022351,7168931.592714645,gas_gap,7.656249999999998e-13
8.75e-06,2.7999999999999996e-05,200.09530541386414,20590.67583484586,-7177827.972726002,7177857.506385816,gas_gap,7.656249999999998e-13
8.75e-06,2.8874999999999997e-05,206.38070271972057,28238.241914945578,-7189255.364253999,7189310.8216825165,gas_gap,7.656249999999998e-13
8.75e-06,2.9749999999999995e-05,212.67738670057028,38324.287160252185,-7203716.435796669,7203818.37905103,gas_gap,7.656249999999998e-13
8.75e-06,3.0625e-05,218.9882546331594,51474.76642332833,-7221772.017061656,7221955.463584161,gas_gap,7.656249999999998e-13
8.75e-06,3.149999999999999e-05,225.31670686170028,68424.32197228856,-7244007.446928285,7244330.595644419,gas_gap,7.656249999999998e-13
8.75e-06,3.2374999999999994e-05,231.66665728863535,90018.55001381258,-7271006.090037009,7271563.305142977,gas_gap,7.656249999999998e-13
8.75e-06,3.3249999999999995e-05,238.0425168210426,117210.42429933015,-7303313.931617008,7304254.422411332,gas_gap,7.656249999999998e-13
8.75e-06,3.4124999999999996e-05,244.4491418700557,151049.16945648193,-7341395.146878232,7342948.900421462,gas_gap,7.656249999999998e-13
8.75e-06,3.5e-05,250.8917402444556,192659.92935768876,-7385579.3395728655,7388091.77186543,gas_gap,7.656249999999998e-13
8.75e-06,3.5875e-05,257.3757278058978,243212.7975705058,-7436002.128564034,7439978.502718332,gas_gap,7.656249999999998e-13
8.75e-06,3.674999999999999e-05,263.9065312041501,303880.19842750125,-7492541.878942119,7498701.6864719875,gas_gap,7.656249999999998e-13
8.75e-06,3.762499999999999e-05,270.48933496815346,375782.2462059977,-7554756.540252888,7564096.686257877,gas_gap,7.656249999999998e-13
8.75e-06,3.8499999999999994e-05,277.1287751861706,459920.5649134093,-7621825.652388487,7635689.43851421,gas_gap,7.656249999999998e-13
8.75e-06,3.9374999999999995e-05,283.82858684590235,557102.0963369316,-7692503.4684228385,7712650.151370824,gas_gap,7.656249999999998e-13
8.75e-06,4.0249999999999996e-05,290.59121737298597,667855.6052747497,-7765089.668762916,7793757.0319728,gas_gap,7.656249999999998e-13
8.75e-06,4.1125e-05,297.41742461862646,792344.8250118834,-7837424.15163563,7877374.413747552,gas_gap,7.656249999999998e-13
8.75e-06,4.199999999999999e-05,304.30588299613356,930283.3633621911,-7906911.754526661,7961449.656313877,gas_gap,7.656249999999998e-13
8.75e-06,4.287499999999999e-05,311.25282605170287,1080857.480306174,-7970581.4096621135,8043532.861919885,gas_gap,7.656249999999998e-13
8.75e-06,4.374999999999999e-05,318.25175683485736,1242663.513703749,-8025182.151601309,8120822.690754352,gas_gap,7.656249999999998e-13
8.75e-06,4.4624999999999994e-05,325.29325839161464,1413666.9364599574,-8067315.648343736,8190240.288126582,gas_gap,7.656249999999998e-13
8.75e-06,4.5499999999999995e-05,332.3649350248666,1591189.6658662516,-8093601.683562668,8248531.552035672,gas_gap,7.656249999999998e-13
8.75e-06,4.6374999999999996e-05,339.45151032187295,1771931.2423799597,-8100869.5312381415,8292395.762978553,gas_gap,7.656249999999998e-13
8.75e-06,4.7249999999999997e-05,346.5351002653903,1952027.8351151843,-8086364.764259394,8318636.17245762,gas_gap,7.656249999999998e-13
8.75e-06,4.812499999999999e-05,353.5956692607639,2127150.7662144224,-8047958.100866368,8324325.79705451,gas_gap,7.656249999999998e-13
8.75e-06,4.899999999999999e-05,360.61166419882625,2292643.4997464153,-7984340.799085771,8306979.7286905125,gas_gap,7.656249999999998e-13
8.75e-06,4.987499999999999e-05,367.5608076264264,2443693.0057094228,-7895190.20140318,8264724.062089789,gas_gap,7.656249999999998e-13
8.75e-06,5.0749999999999994e-05,374.42101686937957,2575528.3359770635,-7781289.563059211,8196451.273178837,gas_gap,7.656249999999998e-13
8.75e-06,5.1624999999999994e-05,381.17140286984545,2683636.422497481,-7644588.389021009,8101952.6094460655,gas_gap,7.656249999999998e-13
8.75e-06,5.2499999999999995e-05,387.79329192152625,2763982.8225519573,-7488193.115266896,7982019.617546228,gas_gap,7.656249999999998e-13
8.75e-06,5.337499999999999e-05,394.27120665816557,2813223.660714782,-7316282.881580536,7838508.95059219,gas_gap,7.656249999999998e-13
8.75e-06,5.424999999999999e-05,400.59374055462035,2828894.5642698486,-7133950.969818814,7674366.4817061145,gas_gap,7.656249999999998e-13
8.75e-06,5.512499999999999e-05,406.75426341591094,2809563.0836844603,-6946978.701464731,7493607.795968984,gas_gap,7.656249999999998e-13
8.75e-06,5.599999999999999e-05,412.7514039406319,2754932.950136538,-6761554.59475921,7301251.680202333,gas_gap,7.656249999999998e-13
8.75e-06,5.687499999999999e-05,418.5892689899608,2665891.4484483153,-6583956.7511591455,7103200.948589583,gas_gap,7.656249999999998e-13
8.75e-06,5.7749999999999994e-05,424.2773766849373,2544494.9627950927,-6420220.206296686,6906061.25899777,gas_gap,7.656249999999998e-13
8.75e-06,5.8624999999999995e-05,429.83030046029876,2393892.0747558936,-6275812.902563838,6716885.204733354,gas_gap,7.656249999999998e-13
8.75e-06,5.949999999999999e-05,435.26704198356146,2218188.082868228,-6155343.764927861,6542829.298966535,gas_gap,7.656249999999998e-13
8.75e-06,6.037499999999999e-05,440.61017053703927,2022259.0666442947,-6062324.056508598,6390720.201882407,gas_gap,7.656249999999998e-13
8.75e-06,6.125e-05,445.88478326526865,1811527.248669154,-5998998.954863664,6266547.648675957,gas_gap,7.656249999999998e-13
8.75e-06,6.212499999999999e-05,451.11735308715794,1591712.0867316576,-5966260.534094108,6174934.180032737,gas_gap,7.656249999999998e-13
8.75e-06,6.299999999999999e-05,456.33453797252787,1368573.0187560262,-5963646.636465646,6118665.974891504,gas_gap,7.656249999999998e-13
8.75e-06,6.3875e-05,461.56202614870807,1147659.9703998927,-5989423.141727008,6098386.096199002,gas_gap,7.656249999999998e-13
8.75e-06,6.474999999999999e-05,466.82348669784267,934086.6322499644,-6040740.58181416,6112533.403861655,gas_gap,7.656249999999998e-13
8.75e-06,6.5625e-05,472.13968457416235,732339.2598498827,-6113850.529821006,6157555.447782023,gas_gap,7.656249999999998e-13
8.75e-06,6.649999999999999e-05,477.52780445212426,546130.5915083407,-6204363.208925682,6228353.028791145,gas_gap,7.656249999999998e-13
8.75e-06,6.737499999999998e-05,483.0010105049504,378304.7387238566,-6307525.629146513,6318860.185008135,gas_gap,7.656249999999998e-13
8.75e-06,6.824999999999999e-05,488.56825088244045,230794.9437371342,-6418499.366415063,6422647.462123793,gas_gap,7.656249999999998e-13
8.75e-06,6.912499999999999e-05,494.23429797451416,104632.2784444302,-6532618.738529079,6533456.626983432,gas_gap,7.656249999999998e-13
8.75e-06,7e-05,500.0,0.0,-6645613.311395931,6645613.311395931,gas_gap,7.656249999999998e-13
9.624999999999998e-06,0.0,0.0,0.0,-7142857.145023054,7142857.145023054,gas_gap,7.656249999999998e-13
9.624999999999998e-06,8.749999999999999e-07,6.250000003396659,0.0008072308306077443,-7142857.1489861645,7142857.1489861645,gas_gap,7.656249999999998e-13
9.624999999999998e-06,1.7499999999999998e-06,12.500000012063705,0.0028669916609504967,-7142857.157604504,7142857.157604504,gas_gap,7.656249999999998e-13
9.624999999999998e-06,2.6249999999999994e-06,18.750000031839356,0.007566760754778066,-7142857.175378994,7142857.175378994,gas_gap,7.656249999999998e-13
9.624999999999998e-06,3.4999999999999995e-06,25.00000007400943,0.01758866216073592,-7142857.2106236685,7142857.2106236685,gas_gap,7.656249999999998e-13
9.624999999999998e-06,4.375e-06,31.25000015979787,0.03797665430727195,-7142857.278357542,7142857.278357542,gas_gap,7.656249999999998e-13
9.624999999999998e-06,5.249999999999999e-06,37.50000032818136,0.07799371785700797,-7142857.405170051,7142857.405170051,gas_gap,7.656249999999998e-13
9.624999999999998e-06,6.124999999999999e-06,43.75000064924418,0.15429568533250929,-7142857.637266362,7142857.637266364,gas_gap,7.656249999999998e-13
9.624999999999998e-06,6.999999999999999e-06,50.0000012466108,0.29626244527722645,-7142858.053549251,7142858.053549257,gas_gap,7.656249999999998e-13
9.624999999999998e-06,7.874999999999998e-06,56.25000233450877,0.5548060970716243,-7142858.786544648,7142858.786544669,gas_gap,7.656249999999998e-13
9.624999999999998e-06,8.75e-06,62.500004278031206,1.0166926025017526,-7142860.055338311,7142860.055338384,gas_gap,7.656249999999998e-13
9.624999999999998e-06,9.624999999999998e-06,68.75000768960356,1.8274675140100605,-7142862.216597249,7142862.216597483,gas_gap,7.656249999999998e-13
9.624999999999998e-06,1.0499999999999998e-05,75.00001358105816,3.227597152089043,-7142865.842360801,7142865.84236153,gas_gap,7.656249999999998e-13
9.624999999999998e-06,1.1374999999999999e-05,81.25002359977647,5.608588852226171,-7142871.836778097,7142871.8367802985,gas_gap,7.656249999999998e-13
9.624999999999998e-06,1.2249999999999998e-05,87.50004038992061,9.59883915860235,-7142881.608516554,7142881.608523004,gas_gap,7.656249999999998e-13
9.624999999999998e-06,1.3124999999999999e-05,93.75006813683356,16.19301291480805,-7142897.321318242,7142897.321336596,gas_gap,7.656249999999998e-13
9.624999999999998e-06,1.3999999999999998e-05,100.00011337533955,26.94413933874073,-7142922.252215816,7142922.252266634,gas_gap,7.656249999999998e-13
9.624999999999998e-06,1.4874999999999997e-05,106.25018617203108,44.24458763528697,-7142961.295185968,7142961.2953229975,gas_gap,7.656249999999998e-13
9.624999999999998e-06,1.5749999999999997e-05,112.5003018286712,71.73088791136665,-7143021.657255763,7143021.657615927,gas_gap,7.656249999999998e-13
9.624999999999998e-06,1.6624999999999998e-05,118.75048329919704,114.85814251082236,-7143113.803720689,7143113.804644124,gas_gap,7.656249999999998e-13
9.624999999999998e-06,1.75e-05,125.00076456644422,181.7025191500642,-7143252.718203682,7143252.720514661,gas_gap,7.656249999999998e-13
9.624999999999998e-06,1.8374999999999996e-05,131.25119528550505,284.06476509656443,-7143459.550280552,7143459.555928571,gas_gap,7.656249999999998e-13
9.624999999999998e-06,1.9249999999999997e-05,137.50184706589508,438.96319111721004,-7143763.7262047,7143763.739691196,gas_gap,7.656249999999998e-13
9.624999999999998e-06,2.0124999999999998e-05,143.7528218295982,670.6199971067416,-7144205.59410963,7144205.625584871,gas_gap,7.656249999999998e-13
9.624999999999998e-06,2.0999999999999995e-05,150.0042627390609,1013.0583570656873,-7144839.660552657,7144839.73237283,gas_gap,7.656249999999998e-13
9.624999999999998e-06,2.1874999999999996e-05,156.25636822756718,1513.4367983702473,-7145738.446514566,7145738.60678428,gas_gap,7.656249999999998e-13
9.624999999999998e-06,2.2749999999999997e-05,162.50940966993295,2236.2487186351677,-7146996.943950812,7146997.293804621,gas_gap,7.656249999999998e-13
9.624999999999998e-06,2.3624999999999998e-05,168.76375318645174,3268.50418760216,-7148737.5850003995,7148738.33220359,gas_gap,7.656249999999998e-13
9.624999999999998e-06,2.4499999999999996e-05,175.01988595701485,4725.983611552158,-7151115.542346824,7151117.103985601,gas_gap,7.656249999999998e-13
9.624999999999998e-06,2.5374999999999997e-05,181.27844721328938,6760.603158283064,-7154324.060292338,7154327.254566492,gas_gap,7.656249999999998e-13
9.624999999999998e-06,2.6249999999999998e-05,187.540263753356,9568.854964225078,-7158599.374156569,7158605.769467973,gas_gap,7.656249999999998e-13
9.624999999999998e-06,2.7124999999999995e-05,193.80638936761085,13401.176870483794,-7164224.617039462,7164237.150941874,gas_gap,7.656249999999998e-13
9.624999999999998e-06,2.7999999999999996e-05,200.07814696709303,18571.964401740872,-7171531.949252441,7171555.996923558,gas_gap,7.656249999999998e-13
9.624999999999998e-06,2.8874999999999997e-05,206.3571714682603,25469.762518654217,-7180901.993969633,7180947.162860886,gas_gap,7.656249999999998e-13
9.624999999999998e-06,2.9749999999999995e-05,212.64545063171303,34566.97111698405,-7192759.545772367,7192842.606285203,gas_gap,7.656249999999998e-13
9.624999999999998e-06,3.0625e-05,218.94536011882613,46428.1763876905,-7207564.464588124,7207713.998679206,gas_gap,7.656249999999998e-13
9.624999999999998e-06,3.149999999999999e-05,225.25968808796856,61715.99621475523,-7225796.706972213,7226060.262319936,gas_gap,7.656249999999998e-13
9.624999999999998e-06,3.2374999999999994e-05,231.59164379654734,81193.12448810511,-7247934.610676002,7248389.368963234,gas_gap,7.656249999999998e-13
9.624999999999998e-06,3.3249999999999995e-05,237.9448440276632,105719.10533972029,-7274425.863695461,7275194.030102241,gas_gap,7.656249999999998e-13
9.624999999999998e-06,3.4124999999999996e-05,244.3232708615115,136240.29733452928,-7305651.07279139,7306921.309005304,gas_gap,7.656249999999998e-13
9.624999999999998e-06,3.5e-05,250.73119451155574,173771.53515367807,-7341880.501032078,7343936.671694868,gas_gap,7.656249999999998e-13
9.624999999999998e-06,3.5875e-05,257.17305578703656,219368.19630189938,-7383225.350944267,7386483.533344865,gas_gap,7.656249999999998e-13
9.624999999999998e-06,3.674999999999999e-05,263.6533043430537,274087.76054055896,-7429585.886333613,7434639.90673965,gas_gap,7.656249999999998e-13
9.624999999999998e-06,3.762499999999999e-05,270.17619130445013,338940.5260575925,-7480599.641932931,7488274.279371135,gas_gap,7.656249999999998e-13
9.624999999999998e-06,3.8499999999999994e-05,276.74551809469386,414829.9175661484,-7535593.870345719,7547003.30192719,gas_gap,7.656249999999998e-13
9.624999999999998e-06,3.9374999999999995e-05,283.36434726762246,502483.7642189108,-7593547.104479067,7610154.240305911,gas_gap,7.656249999999998e-13
9.624999999999998e-06,4.0249999999999996e-05,290.0346856230908,602378.9906728239,-7653065.144214676,7676735.409664554,gas_gap,7.656249999999998e-13
9.624999999999998e-06,4.1125e-05,296.75715457147635,714663.2777891264,-7712376.784797905,7745417.953300517,gas_gap,7.656249999999998e-13
9.624999999999998e-06,4.199999999999999e-05,303.5306671799882,839078.3112935018,-7769354.087516934,7814532.318040487,gas_gap,7.656249999999998e-13
9.624999999999998e-06,4.287499999999999e-05,310.3521350937306,974890.1303001777,-7821560.885042498,7882082.557584859,gas_gap,7.656249999999998e-13
9.624999999999998e-06,4.374999999999999e-05,317.2162310500167,1120832.687812601,-7866331.504156121,7945781.097371631,gas_gap,7.656249999999998e-13
9.624999999999998e-06,4.4624999999999994e-05,324.11523348967,1275070.9219277524,-7900879.436429295,8003105.754951447,gas_gap,7.656249999999998e-13
9.624999999999998e-06,4.5499999999999995e-05,331.0389783926762,1435189.3093705827,-7922433.027625997,8051379.5979913175,gas_gap,7.656249999999998e-13
9.624999999999998e-06,4.6374999999999996e-05,337.9749396571558,1598210.9679043198,-7928392.397929368,8087872.669217404,gas_gap,7.656249999999998e-13
9.624999999999998e-06,4.7249999999999997e-05,344.9084530405403,1760650.8769185282,-7916499.017461012,8109922.823544941,gas_gap,7.656249999999998e-13
9.624999999999998e-06,4.812499999999999e-05,351.82309008517234,1918604.7424638025,-7885006.9527541045,8115071.09043323,gas_gap,7.656249999999998e-13
9.624999999999998e-06,4.899999999999999e-05,358.7011780267821,2067872.5557475989,-7832843.083072124,8101205.322101454,gas_gap,7.656249999999998e-13
9.624999999999998e-06,4.987499999999999e-05,365.52445016542333,2204113.156597528,-7759742.841008675,8066704.641033518,gas_gap,7.656249999999998e-13
9.624999999999998e-06,5.0749999999999994e-05,372.2747995128056,2323023.3410062813,-7666348.467324609,8010576.52515163,gas_gap,7.656249999999998e-13
9.624999999999998e-06,5.1624999999999994e-05,378.9350978025541,2420532.502458851,-7554258.485066399,7932578.323260186,gas_gap,7.656249999999998e-13
9.624999999999998e-06,5.2499999999999995e-05,385.49003327584614,2493001.7353091156,-7426020.058559049,7833315.489776702,gas_gap,7.656249999999998e-13
9.624999999999998e-06,5.337499999999999e-05,391.9269150562407,2537414.997933758,-7285059.930165976,7714309.629373783,gas_gap,7.656249999999998e-13
9.624999999999998e-06,5.424999999999999e-05,398.23639020869604,2551549.5249061696,-7135554.405445569,7578030.1959759025,gas_gap,7.656249999999998e-13
9.624999999999998e-06,5.512499999999999e-05,404.41302221488746,2534113.3041553567,-6982243.957382192,7427884.013546342,gas_gap,7.656249999999998e-13
9.624999999999998e-06,5.599999999999999e-05,410.4556866576236,2484839.113077212,-6830202.945466245,7268156.416460374,gas_gap,7.656249999999998e-13
9.624999999999998e-06,5.687499999999999e-05,416.36775101344386,2404527.247022155,-6684579.1841614265,7103896.828572061,gas_gap,7.656249999999998e-13
9.624999999999998e-06,5.7749999999999994e-05,422.157019794826,2295032.482103722,-6550321.1828107955,6940740.716371056,gas_gap,7.656249999999998e-13
9.624999999999998e-06,5.8624999999999995e-05,427.8354426872986,2159194.712722205,-6431912.454961483,6784660.613157904,gas_gap,7.656249999999998e-13
9.624999999999998e-06,5.949999999999999e-05,433.41860036593465,2000716.7536326256,-6333132.15116903,6641643.6499135615,gas_gap,7.656249999999998e-13
9.624999999999998e-06,6.037499999999999e-05,438.9249988199615,1823996.633139007,-6256859.379265364,6517304.121306861,gas_gap,7.656249999999998e-13
9.624999999999998e-06,6.125e-05,444.37521679353137,1633924.9787096153,-6204935.103048861,6416457.782070977,gas_gap,7.656249999999998e-13
9.624999999999998e-06,6.212499999999999e-05,449.79096111565747,1435660.5120544026,-6178090.790781316,6342706.59300974,gas_gap,7.656249999999998e-13
9.624999999999998e-06,6.299999999999999e-05,455.19409035035926,1234398.0153631628,-6175947.489958478,6298100.178550429,gas_gap,7.656249999999998e-13
9.624999999999998e-06,6.3875e-05,460.6056679081442,1035143.2991577351,-6197083.285153749,6282942.216264857,gas_gap,7.656249999999998e-13
9.624999999999998e-06,6.474999999999999e-05,466.04510157403155,842508.7074087398,-6239161.716369698,6295789.056589557,gas_gap,7.656249999999998e-13
9.624999999999998e-06,6.5625e-05,471.52941785395785,660540.6628233239,-6299109.210110284,6333647.512148058,gas_gap,7.656249999999998e-13
9.624999999999998e-06,6.649999999999999e-05,477.0727075548865,492587.90656253934,-6373326.309314942,6392333.774975903,gas_gap,7.656249999999998e-13
9.624999999999998e-06,6.737499999999998e-05,482.68576481924714,341215.71321614366,-6457915.735365045,6466923.82884019,gas_gap,7.656249999999998e-13
9.624999999999998e-06,6.824999999999999e-05,488.3759268038664,208167.78980775646,-6548910.156803465,6552217.797860282,gas_gap,7.656249999999998e-13
9.624999999999998e-06,6.912499999999999e-05,494.1471066946054,94374.12186609479,-6642483.884209812,6643154.267880964,gas_gap,7.656249999999998e-13
9.624999999999998e-06,7e-05,500.0,0.0,-6735135.317213452,6735135.317213452,gas_gap,7.656249999999998e-13
1.0499999999999998e-05,0.0,0.0,0.0,-7142857.144599853,7142857.144599853,gas_gap,7.656249999999998e-13
1.0499999999999998e-05,8.749999999999999e-07,6.25000000273298,0.000708550510283603,-7142857.147788605,7142857.147788605,gas_gap,7.656249999999998e-13
1.0499999999999998e-05,1.7499999999999998e-06,12.500000009706556,0.002516514889323431,-7142857.154722992,7142857.154722992,gas_gap,7.656249999999998e-13
1.0499999999999998e-05,2.6249999999999994e-06,18.750000025618213,0.006641758454586587,-7142857.1690244945,7142857.1690244945,gas_gap,7.656249999999998e-13
1.0499999999999998e-05,3.4999999999999995e-06,25.000000059548604,0.0154385277130863,-7142857.197382653,7142857.197382653,gas_gap,7.656249999999998e-13
1.0499999999999998e-05,4.375e-06,31.250000128574694,0.03333417997429913,-7142857.25188189,7142857.25188189,gas_gap,7.656249999999998e-13
1.0499999999999998e-05,5.249999999999999e-06,37.50000026405745,0.06845933838390758,-7142857.353916289,7142857.353916289,gas_gap,7.656249999999998e-13
1.0499999999999998e-05,6.124999999999999e-06,43.75000052238726,0.13543373522366456,-7142857.540662909,7142857.54066291,gas_gap,7.656249999999998e-13
1.0499999999999998e-05,6.999999999999999e-06,50.00000100303341,0.260045700460927,-7142857.875607581,7142857.875607586,gas_gap,7.656249999999998e-13
1.0499999999999998e-05,7.874999999999998e-06,56.250001878365154,0.4869835594517536,-7142858.4653817685,7142858.465381785,gas_gap,7.656249999999998e-13
1.0499999999999998e-05,8.75e-06,62.50000344213946,0.8924065273396783,-7142859.486263693,7142859.486263749,gas_gap,7.656249999999998e-13
1.0499999999999998e-05,9.624999999999998e-06,68.75000618711891,1.604067870653147,-7142861.225230596,7142861.225230776,gas_gap,7.656249999999998e-13
1.0499999999999998e-05,1.0499999999999998e-05,75.00001092743223,2.833037989122433,-7142864.142550079,7142864.142550641,gas_gap,7.656249999999998e-13
1.0499999999999998e-05,1.1374999999999999e-05,81.25001898857627,4.922964216101454,-7142868.965708049,7142868.965709746,gas_gap,7.656249999999998e-13
1.0499999999999998e-05,1.2249999999999998e-05,87.50003249806576,8.425424458624084,-7142876.828130016,7142876.828134986,gas_gap,7.656249999999998e-13
1.0499999999999998e-05,1.3124999999999999e-05,93.7500548234625,14.213490279079219,-7142889.470780828,7142889.470794969,gas_gap,7.656249999999998e-13
1.0499999999999998e-05,1.3999999999999998e-05,100.00009122274035,23.650340093234405,-7142909.530388193,7142909.530427347,gas_gap,7.656249999999998e-13
1.0499999999999998e-05,1.4874999999999997e-05,106.25014979556332,38.8358867842893,-7142940.944686426,7142940.944792001,gas_gap,7.656249999999998e-13
1.0499999999999998e-05,1.5749999999999997e-05,112.50024285385706,62.96211109086344,-7142989.5125093935,7142989.512786884,gas_gap,7.656249999999998e-13
1.0499999999999998e-05,1.6624999999999998e-05,118.75038886655018,100.81725375255905,-7143063.654320814,7143063.655032282,gas_gap,7.656249999999998e-13
1.0499999999999998e-05,1.75e-05,125.00061517651459,159.49020748707636,-7143175.426068216,7143175.427848735,gas_gap,7.656249999999998e-13
1.0499999999999998e-05,1.8374999999999996e-05,131.25096173665025,249.33913154831822,-7143341.844876047,7143341.849227652,gas_gap,7.656249999999998e-13
1.0499999999999998e-05,1.9249999999999997e-05,137.50148616456838,385.30192513540743,-7143586.587352331,7143586.5977433,gas_gap,7.656249999999998e-13
1.0499999999999998e-05,2.0124999999999998e-05,143.7522704675442,588.6397336913254,-7143942.117940577,7143942.142191664,gas_gap,7.656249999999998e-13
1.0499999999999998e-05,2.0999999999999995e-05,150.00342983527193,889.2165519812281,-7144452.293069752,7144452.348406819,gas_gap,7.656249999999998e-13
1.0499999999999998e-05,2.1874999999999996e-05,156.25512392882078,1328.4259905681222,-7145175.463723651,7145175.587213662,gas_gap,7.656249999999998e-13
1.0499999999999998e-05,2.2749999999999997e-05,162.5075710986228,1962.8774207212498,-7146188.061219018,7146188.3307954455,gas_gap,7.656249999999998e-13
1.0499999999999998e-05,2.3624999999999998e-05,168.76106592810856,2868.9443244456147,-7147588.59547231,7147589.171249798,gas_gap,7.656249999999998e-13
1.0499999999999998e-05,2.4499999999999996e-05,175.0160004062672,4148.253476686652,-7149501.919714162,7149503.123155021,gas_gap,7.656249999999998e-13
1.0499999999999998e-05,2.5374999999999997e-05,181.27288886421007,5934.149980396517,-7152083.519916031,7152085.981725224,gas_gap,7.656249999999998e-13
1.0499999999999998e-05,2.6249999999999998e-05,187.53239655054358,8399.10569647961,-7155523.472979217,7155528.402384624,gas_gap,7.656249999999998e-13
1.0499999999999998e-05,2.7124999999999995e-05,193.79537135377754,11762.94357195606,-7160049.59014878,7160059.252564268,gas_gap,7.656249999999998e-13
1.0499999999999998e-05,2.7999999999999996e-05,200.0628776991274,16301.625699696324,-7165929.130371558,7165947.672465109,gas_gap,7.656249999999998e-13
1.0499999999999998e-05,2.8874999999999997e-05,206.3362310539613,22356.19917515761,-7173468.346216448,7173503.182811791,gas_gap,7.656249999999998e-13
1.0499999999999998e-05,2.9749999999999995e-05,212.61703078697673,30341.315142111052,-7183009.030933645,7183073.1121073,gas_gap,7.656249999999998e-13
1.0499999999999998e-05,3.0625e-05,218.9071883750577,40752.54168162548,-7194921.191642255,7195036.603353475,gas_gap,7.656249999999998e-13
1.0499999999999998e-05,3.149999999999999e-05,225.20894719359762,54171.49463642678,-7209591.005375138,7209794.519652917,gas_gap,7.656249999999998e-13
1.0499999999999998e-05,3.2374999999999994e-05,231.52488943777524,71267.63201580707,-7227403.346662047,7227754.714343514,gas_gap,7.656249999999998e-13
1.0499999999999998e-05,3.3249999999999995e-05,237.85792520132904,92795.42256678794,-7248718.428984848,7249312.371056575,gas_gap,7.656249999999998e-13
1.0499999999999998e-05,3.4124999999999996e-05,244.21125849907534,119585.53679731628,-7273842.491706138,7274825.447717688,gas_gap,7.656249999999998e-13
1.0499999999999998e-05,3.5e-05,250.58832518025258,152528.750435864,-7302992.990736554,7304585.658506358,gas_gap,7.656249999999998e-13
1.0499999999999998e-05,3.5875e-05,256.9926983568792,192551.42585756123,-7336259.400553214,7338785.86987011,gas_gap,7.656249999999998e-13
1.0499999999999998e-05,3.674999999999999e-05,263.427958258425,240581.77070280025,-7373561.472585337,7377485.234033976,gas_gap,7.656249999999998e-13
1.0499999999999998e-05,3.762499999999999e-05,269.89752537526584,297506.5787726323,-7414607.564266845,7420573.798332317,gas_gap,7.656249999999998e-13
1.0499999999999998e-05,3.8499999999999994e-05,276.40445836431405,364118.8351925415,-7458856.377451955,7467738.679519904,gas_gap,7.656249999999998e-13
1.0499999999999998e-05,3.9374999999999995e-05,282.9512213818372,441057.3952911152,-7505486.031229279,7518434.158182062,gas_gap,7.656249999999998e-13
1.0499999999999998e-05,4.0249999999999996e-05,289.53942911567515,528740.8818417061,-7553374.740597779,7571858.219224083,gas_gap,7.656249999999998e-13
1.0499999999999998e-05,4.1125e-05,296.1695815577815,627298.9223877896,-7601097.379493088,7626938.134701604,gas_gap,7.656249999999998e-13
1.0499999999999998e-05,4.199999999999999e-05,302.8408041530003,736504.7804074932,-7646941.790744424,7682327.644835035,gas_gap,7.656249999999998e-13
1.0499999999999998e-05,4.287499999999999e-05,309.550611985318,855714.2184157962,-7688947.813874014,7736418.118747004,gas_gap,7.656249999999998e-13
1.0499999999999998e-05,4.374999999999999e-05,316.29471869490715,983815.9579388875,-7724970.626058425,7787365.72998602,gas_gap,7.656249999999998e-13
1.0499999999999998e-05,4.4624999999999994e-05,323.0669114510878,1119199.2650968332,-7752768.179460082,7833136.1177654825,gas_gap,7.656249999999998e-13
1.0499999999999998e-05,4.5499999999999995e-05,329.85901219889297,1259743.9034166932,-7770110.378048131,7871567.187621967,gas_gap,7.656249999999998e-13
1.0499999999999998e-05,4.6374999999999996e-05,336.66094233265807,1402836.9010595048,-7774905.336916823,7900449.630811649,gas_gap,7.656249999999998e-13
1.0499999999999998e-05,4.7249999999999997e-05,343.4609028809521,1545419.265432017,-7765335.824157529,7917623.454541945,gas_gap,7.656249999999998e-13
1.0499999999999998e-05,4.812499999999999e-05,350.2456753702227,1684063.9848725656,-7739997.047194066,7921087.41245277,gas_gap,7.656249999999998e-13
1.0499999999999998e-05,4.899999999999999e-05,357.00104014747717,1815084.4826792772,-7698025.564164156,7909116.844868836,gas_gap,7.656249999999998e-13
1.0499999999999998e-05,4.987499999999999e-05,363.7122996741417,1934670.2858886078,-7639208.501934047,7880384.232454768,gas_gap,7.656249999999998e-13
1.0499999999999998e-05,5.0749999999999994e-05,370.3648849169681,2039044.2377324775,-7564062.612756964,7834075.862099991,gas_gap,7.656249999999998e-13
1.0499999999999998e-05,5.1624999999999994e-05,376.9450143304945,2124633.3449430238,-7473874.081559889,7769997.467017377,gas_gap,7.656249999999998e-13
1.0499999999999998e-05,5.2499999999999995e-05,383.440367946331,2188243.5416413555,-7370692.377925755,7688661.517295968,gas_gap,7.656249999999998e-13
1.0499999999999998e-05,5.337499999999999e-05,389.8407345798313,2227227.483659969,-7257274.687236532,7591348.901873396,gas_gap,7.656249999999998e-13
1.0499999999999998e-05,5.424999999999999e-05,396.13858878173767,2239634.128598666,-7136981.299649758,7480137.906585297,gas_gap,7.656249999999998e-13
1.0499999999999998e-05,5.512499999999999e-05,402.3295562842284,2224329.407022182,-7013626.43912217,7357893.52590109,gas_gap,7.656249999999998e-13
1.0499999999999998e-05,5.599999999999999e-05,408.4127323718873,2181078.763081902,-6891292.977467867,7228210.253725663,gas_gap,7.656249999999998e-13
1.0499999999999998e-05,5.687499999999999e-05,414.39082654432195,2110584.659639029,-6774122.888982882,7095301.862538717,gas_gap,7.656249999999998e-13
1.0499999999999998e-05,5.7749999999999994e-05,420.2701183771277,2014475.1348108843,-6666097.785406943,6963832.978567097,gas_gap,7.656249999999998e-13
1.0499999999999998e-05,5.8624999999999995e-05,426.06022268658313,1895242.9187437678,-6570825.138998246,6838690.571179523,gas_gap,7.656249999999998e-13
1.0499999999999998e-05,5.949999999999999e-05,431.773675813328,1756138.1738257804,-6491345.685698666,6724700.000506107,gas_gap,7.656249999999998e-13
1.0499999999999998e-05,6.037499999999999e-05,437.4253678300802,1601021.2892800528,-6429975.979595271,6626300.647186191,gas_gap,7.656249999999998e-13
1.0499999999999998e-05,6.125e-05,443.03185656539466,1434185.0354726992,-6388197.275458714,6547209.416702047,gas_gap,7.656249999999998e-13
1.0499999999999998e-05,6.212499999999999e-05,448.61060751428016,1260157.5037022722,-6366598.118730968,6490113.137655294,gas_gap,7.656249999999998e-13
1.0499999999999998e-05,6.299999999999999e-05,454.17920825899216,1083498.437516499,-6364873.601077998,6456437.471376943,gas_gap,7.656249999999998e-13
1.0499999999999998e-05,6.3875e-05,459.75460659466285,908601.7097274007,-6381879.637531395,6446234.930163297,gas_gap,7.656249999999998e-13
1.0499999999999998e-05,6.474999999999999e-05,465.3524181863979,739515.8261031797,-6415736.2929611495,6458216.1498262,gas_gap,7.656249999999998e-13
1.0499999999999998e-05,6.5625e-05,470.98634270236516,579792.552465037,-6463970.544590833,6489921.001463101,gas_gap,7.656249999999998e-13
1.0499999999999998e-05,6.649999999999999e-05,476.6677177229422,432371.2615035381,-6523686.239357886,6537998.7042948855,gas_gap,7.656249999999998e-13
1.0499999999999998e-05,6.737499999999998e-05,482.4052283048278,299503.6345849932,-6591747.594499225,6598548.232506597,gas_gap,7.656249999999998e-13
1.0499999999999998e-05,6.824999999999999e-05,488.2047779853768,182720.2184310139,-6664962.462155765,6667466.632850059,gas_gap,7.656249999999998e-13
1.0499999999999998e-05,6.912499999999999e-05,494.06951534645157,82837.31204300582,-6740252.66082823,6740761.674474818,gas_gap,7.656249999999998e-13
1.0499999999999998e-05,7e-05,500.0,0.0,-6814800.773759976,6814800.773759976,gas_gap,7.656249999999998e-13
1.1374999999999999e-05,0.0,0.0,0.0,-7142857.144233084,7142857.144233084,gas_gap,7.656249999999998e-13
1.1374999999999999e-05,8.749999999999999e-07,6.250000002157798,0.0006060485169138572,-7142857.146750731,7142857.146750731,gas_gap,7.656249999999998e-13
1.1374999999999999e-05,1.7499999999999998e-06,12.50000000766372,0.002152464918634615,-7142857.152225713,7142857.152225713,gas_gap,7.656249999999998e-13
1.1374999999999999e-05,2.6249999999999994e-06,18.75000002022662,0.005680932837789002,-7142857.163517329,7142857.163517329,gas_gap,7.656249999999998e-13
1.1374999999999999e-05,3.4999999999999995e-06,25.00000004701604,0.013205123259461712,-7142857.1859072475,7142857.1859072475,gas_gap,7.656249999999998e-13
1.1374999999999999e-05,4.375e-06,31.250000101514942,0.028511912760993602,-7142857.228936608,7142857.228936608,gas_gap,7.656249999999998e-13
1.1374999999999999e-05,5.249999999999999e-06,37.500000208484074,0.058555713240351304,-7142857.309496908,7142857.309496908,gas_gap,7.656249999999998e-13
1.1374999999999999e-05,6.124999999999999e-06,43.75000041244596,0.11584130302799865,-7142857.456940949,7142857.45694095,gas_gap,7.656249999999998e-13
1.1374999999999999e-05,6.999999999999999e-06,50.00000079193561,0.22242636030434756,-7142857.721393368,7142857.721393372,gas_gap,7.656249999999998e-13
1.1374999999999999e-05,7.874999999999998e-06,56.250001483045565,0.41653440324111274,-7142858.187044039,7142858.1870440515,gas_gap,7.656249999999998e-13
1.1374999999999999e-05,8.75e-06,62.500002717708874,0.7633071242330803,-7142858.993071774,7142858.993071815,gas_gap,7.656249999999998e-13
1.1374999999999999e-05,9.624999999999998e-06,68.75000488498164,1.3720164475633536,-7142860.366056759,7142860.36605689,gas_gap,7.656249999999998e-13
1.1374999999999999e-05,1.0499999999999998e-05,75.0000086276515,2.423198412461863,-7142862.669398955,7142862.669399366,gas_gap,7.656249999999998e-13
1.1374999999999999e-05,1.1374999999999999e-05,81.25001499225203,4.210786836910314,-7142866.477478028,7142866.47747927,gas_gap,7.656249999999998e-13
1.1374999999999999e-05,1.2249999999999998e-05,87.50002565854258,7.206565972939701,-7142872.685179444,7142872.685183079,gas_gap,7.656249999999998e-13
1.1374999999999999e-05,1.3124999999999999e-05,93.75004328534989,12.15730505981522,-7142882.667065644,7142882.66707599,gas_gap,7.656249999999998e-13
1.1374999999999999e-05,1.3999999999999998e-05,100.00007202405781,20.228979204709166,-7142898.504940226,7142898.50496887,gas_gap,7.656249999999998e-13
1.1374999999999999e-05,1.4874999999999997e-05,106.25011826968003,33.21771877523932,-7142923.307804332,7142923.30788157,gas_gap,7.656249999999998e-13
1.1374999999999999e-05,1.5749999999999997e-05,112.50019174298178,53.85373871667991,-7142961.6540727755,7142961.654275788,gas_gap,7.656249999999998e-13
1.1374999999999999e-05,1.6624999999999998e-05,118.75030702593222,86.23259207252664,-7143020.192043595,7143020.1925641075,gas_gap,7.656249999999998e-13
1.1374999999999999e-05,1.75e-05,125.00048570683897,136.41766155970691,-7143108.4403769225,7143108.4416795615,gas_gap,7.656249999999998e-13
1.1374999999999999e-05,1.8374999999999996e-05,131.25075933013895,213.26865013894925,-7143239.834783534,7143239.8379672095,gas_gap,7.656249999999998e-13
1.1374999999999999e-05,1.9249999999999997e-05,137.50117338727594,329.56247565032913,-7143433.068906902,7143433.076509089,gas_gap,7.656249999999998e-13
1.1374999999999999e-05,2.0124999999999998e-05,143.75179262632383,503.4845539203784,-7143713.774743478,7143713.792486119,gas_gap,7.656249999999998e-13
1.1374999999999999e-05,2.0999999999999995e-05,150.00270799422373,760.5786245609728,-7144116.578724823,7144116.619211273,gas_gap,7.656249999999998e-13
1.1374999999999999e-05,2.1874999999999996e-05,156.25404554987315,1136.25011869851,-7144687.55132212,7144687.64167347,gas_gap,7.656249999999998e-13
1.1374999999999999e-05,2.2749999999999997e-05,162.50597768980495,1678.9190501544717,-7145487.038163614,7145487.235404833,gas_gap,7.656249999999998e-13
1.1374999999999999e-05,2.3624999999999998e-05,168.75873699959976,2453.910381410578,-7146592.816828575,7146593.238125558,gas_gap,7.656249999999998e-13
1.1374999999999999e-05,2.4499999999999996e-05,175.0126329704821,3548.1491168814996,-7148103.4640125455,7148104.344621048,gas_gap,7.656249999999998e-13
1.1374999999999999e-05,2.5374999999999997e-05,181.26807168775,5075.690077937036,-7150141.742203868,7150143.543750429,gas_gap,7.656249999999998e-13
1.1374999999999999e-05,2.6249999999999998e-05,187.52557839219224,7184.054597204067,-7152857.724834634,7152861.332527491,gas_gap,7.656249999999998e-13
1.1374999999999999e-05,2.7124999999999995e-05,193.78582252621786,10061.26507970754,-7156431.278133631,7156438.350723379,gas_gap,7.656249999999998e-13
1.1374999999999999e-05,2.7999999999999996e-05,200.04964449675785,13943.361743725816,-7161073.413892069,7161086.988473784,gas_gap,7.656249999999998e-13
1.1374999999999999e-05,2.8874999999999997e-05,206.31808291871712,19122.054331048355,-7167025.930949193,7167051.440296769,gas_gap,7.656249999999998e-13
1.1374999999999999e-05,2.9749999999999995e-05,212.59240055862836,25952.008750557998,-7174558.688955354,7174605.625957635,gas_gap,7.656249999999998e-13
1.1374999999999999e-05,3.0625e-05,218.8741066051116,34857.10205294149,-7183963.823556093,7184048.387624224,gas_gap,7.656249999999998e-13
1.1374999999999999e-05,3.149999999999999e-05,225.16497229413736,46334.81100771883,-7195546.237200479,7195695.419235107,gas_gap,7.656249999999998e-13
1.1374999999999999e-05,3.2374999999999994e-05,231.46703637365542,60957.746921746904,-7209609.80395849,7209867.500325102,gas_gap,7.656249999999998e-13
1.1374999999999999e-05,3.3249999999999995e-05,237.78259648084355,79371.23381717225,-7226438.92700137,7226874.798862809,gas_gap,7.656249999999998e-13
1.1374999999999999e-05,3.4124999999999996e-05,244.1141823155058,102285.77379946085,-7246275.394741461,7246997.2730750535,gas_gap,7.656249999999998e-13
1.1374999999999999e-05,3.5e-05,250.46450662013652,130463.27911242282,-7269290.897450521,7270461.527231526,gas_gap,7.656249999999998e-13
1.1374999999999999e-05,3.5875e-05,256.83639051176897,164696.10052770315,-7295556.078861554,7297414.837142179,gas_gap,7.656249999999998e-13
1.1374999999999999e-05,3.674999999999999e-05,263.23266072695327,205778.16713812345,-7325007.579469248,7327897.42650323,gas_gap,7.656249999999998e-13
1.1374999999999999e-05,3.762499999999999e-05,269.6560178817381,254467.98530298402,-7357415.135624849,7361814.411778239,gas_gap,7.656249999999998e-13
1.1374999999999999e-05,3.8499999999999994e-05,276.10887690995975,311443.823476346,-7392351.370461581,7398909.111453309,gas_gap,7.656249999999998e-13
1.1374999999999999e-05,3.9374999999999995e-05,282.5931833630542,377252.11740103015,-7429167.375625498,7438739.614688889,gas_gap,7.656249999999998e-13
1.1374999999999999e-05,4.0249999999999996e-05,289.1102121026394,452250.9300623209,-7466977.456305558,7480660.614993682,gas_gap,7.656249999999998e-13
1.1374999999999999e-05,4.1125e-05,295.66035789266607,536551.1365204065,-7504656.417603353,7523812.535435511,gas_gap,7.656249999999998e-13
1.1374999999999999e-05,4.199999999999999e-05,302.2429302363251,629958.8009431678,-7540852.441906381,7567119.903998561,gas_gap,7.656249999999998e-13
1.1374999999999999e-05,4.287499999999999e-05,308.855967191518,731922.884037468,-7574017.902920518,7609300.776151396,gas_gap,7.656249999999998e-13
1.1374999999999999e-05,4.374999999999999e-05,315.4960845031032,841492.8696987306,-7602459.375931088,7648888.730556636,gas_gap,7.656249999999998e-13
1.1374999999999999e-05,4.4624999999999994e-05,322.1583768889723,957291.0398039591,-7624406.673126706,7684268.556740322,gas_gap,7.656249999999998e-13
1.1374999999999999e-05,4.5499999999999995e-05,328.8363874426399,1077503.8804945298,-7638099.043132716,7713726.1816313965,gas_gap,7.656249999999998e-13
1.1374999999999999e-05,4.6374999999999996e-05,335.5221586956681,1199896.4237833254,-7641884.857870125,7735512.62740568,gas_gap,7.656249999999998e-13
1.1374999999999999e-05,4.7249999999999997e-05,342.20637488098725,1321852.2042278915,-7634329.338954099,7747920.863395384,gas_gap,7.656249999999998e-13
1.1374999999999999e-05,4.812499999999999e-05,348.8785994769605,1440439.9765537498,-7614323.345600836,7749373.351272739,gas_gap,7.656249999999998e-13
1.1374999999999999e-05,4.899999999999999e-05,355.5276054901278,1552506.4802519695,-7581185.155397978,7738516.959447141,gas_gap,7.656249999999998e-13
1.1374999999999999e-05,4.987499999999999e-05,362.141788616957,1654792.481923126,-7534746.696362215,7714320.834433231,gas_gap,7.656249999999998e-13
1.1374999999999999e-05,5.0749999999999994e-05,368.7096460140887,1744067.2446977613,-7475415.96538141,7676171.859039304,gas_gap,7.656249999999998e-13
1.1374999999999999e-05,5.1624999999999994e-05,375.22029659174876,1817274.6600282094,-7404208.457683978,7623961.573540333,gas_gap,7.656249999999998e-13
1.1374999999999999e-05,5.2499999999999995e-05,381.664013234612,1871682.7294743704,-7322742.312729173,7558157.924947509,gas_gap,7.656249999999998e-13
1.1374999999999999e-05,5.337499999999999e-05,388.03273379775123,1905027.0851708753,-7233194.440338056,7479854.945583638,gas_gap,7.656249999999998e-13
1.1374999999999999e-05,5.424999999999999e-05,394.3205166333887,1915638.930982636,-7138217.926042485,7390793.440055714,gas_gap,7.656249999999998e-13
1.1374999999999999e-05,5.512499999999999e-05,400.52390807945176,1902548.2568830648,-7040824.254541835,7293346.01216159,gas_gap,7.656249999999998e-13
1.1374999999999999e-05,5.599999999999999e-05,406.64219382638134,1865554.438891057,-6944237.018927948,7190460.426114271,gas_gap,7.656249999999998e-13
1.1374999999999999e-05,5.687499999999999e-05,412.67751313414306,1805258.3185401938,-6851726.476102141,7085556.668320254,gas_gap,7.656249999999998e-13
1.1374999999999999e-05,5.7749999999999994e-05,418.63482398266655,1723052.4148847454,-6766436.27021564,6982375.628919565,gas_gap,7.656249999999998e-13
1.1374999999999999e-05,5.8624999999999995e-05,424.5217176598359,1621068.8489045224,-6691214.64710618,6884781.59904415,gas_gap,7.656249999999998e-13
1.1374999999999999e-05,5.949999999999999e-05,430.3480921156538,1502087.6003842389,-6628462.391276104,6796527.115504639,gas_gap,7.656249999999998e-13
1.1374999999999999e-05,6.037499999999999e-05,436.1257036671773,1369410.597880058,-6580008.516246278,6720996.760857705,gas_gap,7.656249999999998e-13
1.1374999999999999e-05,6.125e-05,441.86762539242034,1226709.600957566,-6547022.532807963,6660954.923295658,gas_gap,7.656249999999998e-13
1.1374999999999999e-05,6.212499999999999e-05,447.58764700891965,1077857.6475669292,-6529969.121486868,6618328.628588225,gas_gap,7.656249999999998e-13
1.1374999999999999e-05,6.299999999999999e-05,453.299654627051,926754.848955689,-6528607.544771756,6594057.250563842,gas_gap,7.656249999999998e-13
1.1374999999999999e-05,6.3875e-05,459.0170292192764,777159.4412165228,-6542034.501121803,6588034.017135914,gas_gap,7.656249999999998e-13
1.1374999999999999e-05,6.474999999999999e-05,464.75209998730764,632534.2556944458,-6568765.705412685,6599150.132951419,gas_gap,7.656249999999998e-13
1.1374999999999999e-05,6.5625e-05,470.51568337547036,495917.2443450676,-6606848.605739507,6625434.507441823,gas_gap,7.656249999999998e-13
1.1374999999999999e-05,6.649999999999999e-05,476.3167308638618,369822.5574426732,-6653996.571654272,6664265.8335018605,gas_gap,7.656249999999998e-13
1.1374999999999999e-05,6.737499999999998e-05,482.1620996574228,256176.1383502396,-6707733.775329698,6712623.824895809,gas_gap,7.656249999999998e-13
1.1374999999999999e-05,6.824999999999999e-05,488.05645083862197,156287.1182549409,-6765539.886406365,6767344.798212064,gas_gap,7.656249999999998e-13
1.1374999999999999e-05,6.912499999999999e-05,494.0022703406953,70853.70680023902,-6824984.555593801,6825352.330236238,gas_gap,7.656249999999998e-13
1.1374999999999999e-05,7e-05,500.0,0.0,-6883843.317954803,6883843.317954803,gas_gap,7.656249999999998e-13
1.2249999999999998e-05,0.0,0.0,0.0,-7142857.14392316,7142857.14392316,gas_gap,7.656249999999998e-13
1.2249999999999998e-05,8.749999999999999e-07,6.250000001671766,0.0005056575606621294,-7142857.145873721,7142857.145873721,gas_gap,7.656249999999998e-13
1.2249999999999998e-05,1.7499999999999998e-06,12.500000005937506,0.001795912587510365,-7142857.15011549,7142857.15011549,gas_gap,7.656249999999998e-13
1.2249999999999998e-05,2.6249999999999994e-06,18.750000015670675,0.004739895504851277,-7142857.158863727,7142857.158863727,gas_gap,7.656249999999998e-13
1.2249999999999998e-05,3.4999999999999995e-06,25.000000036425917,0.011017715957171841,-7142857.1762104295,7142857.1762104295,gas_gap,7.656249999999998e-13
1.2249999999999998e-05,4.375e-06,31.25000007864922,0.023788960543871293,-7142857.209547645,7142857.209547645,gas_gap,7.656249999999998e-13
1.2249999999999998e-05,5.249999999999999e-06,37.5000001615241,0.04885605408412489,-7142857.271962147,7142857.271962147,gas_gap,7.656249999999998e-13
1.2249999999999998e-05,6.124999999999999e-06,43.7500003195446,0.09665237861045084,-7142857.386195165,7142857.386195166,gas_gap,7.656249999999998e-13
1.2249999999999998e-05,6.999999999999999e-06,50.00000061355613,0.18558179360158195,-7142857.5910810195,7142857.591081022,gas_gap,7.656249999999998e-13
1.2249999999999998e-05,7.874999999999998e-06,56.25000114899707,0.34753615328901893,-7142857.951846239,7142857.951846248,gas_gap,7.656249999999998e-13
1.2249999999999998e-05,8.75e-06,62.50000210555874,0.6368665341203783,-7142858.576320317,7142858.576320345,gas_gap,7.656249999999998e-13
1.2249999999999998e-05,9.624999999999998e-06,68.7500037846643,1.1447441429211782,-7142859.640047399,7142859.640047491,gas_gap,7.656249999999998e-13
1.2249999999999998e-05,1.0499999999999998e-05,75.00000668431676,2.021799516126811,-7142861.424573452,7142861.424573738,gas_gap,7.656249999999998e-13
1.2249999999999998e-05,1.1374999999999999e-05,81.25001161532333,3.5132768103496788,-7142864.374902037,7142864.374902901,gas_gap,7.656249999999998e-13
1.2249999999999998e-05,1.2249999999999998e-05,87.50001987908605,6.012809979609847,-7142869.184350205,7142869.184352735,gas_gap,7.656249999999998e-13
1.2249999999999998e-05,1.3124999999999999e-05,93.75003353554443,10.143467146946758,-7142876.917867185,7142876.9178743865,gas_gap,7.656249999999998e-13
1.2249999999999998e-05,1.3999999999999998e-05,100.00005580100422,16.87808152955531,-7142889.188340876,7142889.188360817,gas_gap,7.656249999999998e-13
1.2249999999999998e-05,1.4874999999999997e-05,106.25009163003469,27.715257405762404,-7142908.404485689,7142908.4045394575,gas_gap,7.656249999999998e-13
1.2249999999999998e-05,1.5749999999999997e-05,112.50014855384802,44.9329540325938,-7142938.113451728,7142938.113593054,gas_gap,7.656249999999998e-13
1.2249999999999998e-05,1.6624999999999998e-05,118.75023786989877,71.94830271841761,-7142983.466041632,7142983.466403984,gas_gap,7.656249999999998e-13
1.2249999999999998e-05,1.75e-05,125.0003763038379,113.82029664354086,-7143051.836885636,7143051.837792465,gas_gap,7.656249999999998e-13
1.2249999999999998e-05,1.8374999999999996e-05,131.25058829487784,177.9410433080795,-7143153.635368831,7143153.63758515,gas_gap,7.656249999999998e-13
1.2249999999999998e-05,1.9249999999999997e-05,137.50090908774558,274.970984784712,-7143303.34448635,7143303.349778652,gas_gap,7.656249999999998e-13
1.2249999999999998e-05,2.0124999999999998e-05,143.7513888463399,420.0831521919648,-7143520.822757494,7143520.835109236,gas_gap,7.656249999999998e-13
1.2249999999999998e-05,2.0999999999999995e-05,150.00209803226474,634.5900060042943,-7143832.897185803,7143832.925371266,gas_gap,7.656249999999998e-13
1.2249999999999998e-05,2.1874999999999996e-05,156.2531343102907,948.0321249673294,-7144275.261102583,7144275.324003639,gas_gap,7.656249999999998e-13
1.2249999999999998e-05,2.2749999999999997e-05,162.50463124550623,1400.8088259556912,-7144894.667589499,7144894.804908902,gas_gap,7.656249999999998e-13
1.2249999999999998e-05,2.3624999999999998e-05,168.75676903477006,2047.4240971105576,-7145751.375220721,7145751.668538045,gas_gap,7.656249999999998e-13
1.2249999999999998e-05,2.4499999999999996e-05,175.00978745797866,2960.403956508324,-7146921.756791282,7146922.369921768,gas_gap,7.656249999999998e-13
1.2249999999999998e-05,2.5374999999999997e-05,181.26400113177715,4234.910228897434,-7148500.923161906,7148502.177583166,gas_gap,7.656249999999998e-13
1.2249999999999998e-05,2.6249999999999998e-05,187.51981698913158,5994.027576841842,-7150605.144485553,7150607.656745673,gas_gap,7.656249999999998e-13
1.2249999999999998e-05,2.7124999999999995e-05,193.777753683945,8394.632798190823,-7153373.773035588,7153378.698671923,gas_gap,7.656249999999998e-13
1.2249999999999998e-05,2.7999999999999996e-05,200.03846232575137,11633.666430973539,-7156970.291267889,7156979.746533155,gas_gap,7.656249999999998e-13
1.2249999999999998e-05,2.8874999999999997e-05,206.3027475867179,15954.516970232877,-7161582.0340600135,7161599.805712611,gas_gap,7.656249999999998e-13
1.2249999999999998e-05,2.9749999999999995e-05,212.57158780162294,21653.100490887973,-7167418.076545292,7167450.783978156,gas_gap,7.656249999999998e-13
1.2249999999999998e-05,3.0625e-05,218.84615222200722,29083.079496004386,-7174704.752297358,7174763.697025238,gas_gap,7.656249999999998e-13
1.2249999999999998e-05,3.149999999999999e-05,225.12781312192587,38659.52453313913,-7183678.286035656,7183782.309904533,gas_gap,7.656249999999998e-13
1.2249999999999998e-05,3.2374999999999994e-05,231.4181500316973,50860.19477264251,-7194574.105737707,7194753.8750372715,gas_gap,7.656249999999998e-13
1.2249999999999998e-05,3.3249999999999995e-05,237.71894305738275,66223.51735651468,-7207612.554203449,7207916.778498641,gas_gap,7.656249999999998e-13
1.2249999999999998e-05,3.4124999999999996e-05,244.03215209674076,85342.30086602994,-7222980.95823214,7223485.116707945,gas_gap,7.656249999999998e-13
1.2249999999999998e-05,3.5e-05,250.35987886078286,108852.24801457117,-7240812.335732954,7241630.4858229505,gas_gap,7.656249999999998e-13
1.2249999999999998e-05,3.5875e-05,256.7043090242445,137414.4579504687,-7261161.418296469,7262461.557613301,gas_gap,7.656249999999998e-13
1.2249999999999998e-05,3.674999999999999e-05,263.0676326156101,171691.3466968806,-7283979.11782447,7286002.313164162,gas_gap,7.656249999999998e-13
1.2249999999999998e-05,3.762499999999999e-05,269.45194195086594,212315.77526193805,-7309087.036386765,7312170.081029443,gas_gap,7.656249999999998e-13
1.2249999999999998e-05,3.8499999999999994e-05,275.8591080122548,259853.65802771246,-7336154.061587375,7340754.752676003,gas_gap,7.656249999999998e-13
1.2249999999999998e-05,3.9374999999999995e-05,282.2906381256232,314760.9145403491,-7364677.448386623,7371400.704892984,gas_gap,7.656249999999998e-13
1.2249999999999998e-05,4.0249999999999996e-05,288.7475199964779,377336.29523095913,-7393971.000235785,7403593.035278641,gas_gap,7.656249999999998e-13
1.2249999999999998e-05,4.1125e-05,295.2300594701926,447672.30888540467,-7423162.966678258,7436649.711127071,gas_gap,7.656249999999998e-13
1.2249999999999998e-05,4.199999999999999e-05,301.73772158086115,525607.1448283716,-7451206.020159851,7469721.147777943,gas_gap,7.656249999999998e-13
1.2249999999999998e-05,4.287499999999999e-05,308.2689863038881,610681.0425340619,-7476901.129356782,7501798.573268094,gas_gap,7.656249999999998e-13
1.2249999999999998e-05,4.374999999999999e-05,314.8212316704314,702100.9373527034,-7498936.304879194,7531732.299469144,gas_gap,7.656249999999998e-13
1.2249999999999998e-05,4.4624999999999994e-05,321.39065728828893,798717.3279392518,-7515940.084738563,7558260.694586443,gas_gap,7.656249999999998e-13
1.2249999999999998e-05,4.5499999999999995e-05,327.97226063639977,899017.1060715353,-7526548.317873609,7580050.220037813,gas_gap,7.656249999999998e-13
1.2249999999999998e-05,4.6374999999999996e-05,334.55987662571687,1001135.522593365,-7529481.397050034,7595746.338782044,gas_gap,7.656249999999998e-13
1.2249999999999998e-05,4.7249999999999997e-05,341.1462878184361,1102889.5253294376,-7523627.720434352,7604034.41475442,gas_gap,7.656249999999998e-13
1.2249999999999998e-05,4.812499999999999e-05,347.7234084664663,1201833.4250422928,-7508127.975576709,7603708.915995305,gas_gap,7.656249999999998e-13
1.2249999999999998e-05,4.899999999999999e-05,354.2825403996602,1295336.2937243888,-7482453.994579184,7593748.342869523,gas_gap,7.656249999999998e-13
1.2249999999999998e-05,4.987499999999999e-05,360.81469312497785,1380678.7847155365,-7446475.562819934,7573392.384806034,gas_gap,7.656249999999998e-13
1.2249999999999998e-05,5.0749999999999994e-05,367.3109547561631,1455165.327481433,-7400508.777957943,7542216.935552618,gas_gap,7.656249999999998e-13
1.2249999999999998e-05,5.1624999999999994e-05,373.7628951137044,1516246.0529106082,-7345340.400073885,7500201.843012265,gas_gap,7.656249999999998e-13
1.2249999999999998e-05,5.2499999999999995e-05,380.1629780656499,1561641.5136842404,-7282224.090923998,7447785.706348958,gas_gap,7.656249999999998e-13
1.2249999999999998e-05,5.337499999999999e-05,386.5049574243111,1589462.4308101572,-7212846.422437438,7385901.727793667,gas_gap,7.656249999999998e-13
1.2249999999999998e-05,5.424999999999999e-05,392.78422986792526,1598316.4415329662,-7139262.886091346,7315988.655267034,gas_gap,7.656249999999998e-13
1.2249999999999998e-05,5.512499999999999e-05,398.99811965427836,1587394.2164175252,-7063806.644936348,7239971.320064929,gas_gap,7.656249999999998e-13
1.2249999999999998e-05,5.599999999999999e-05,405.146073368415,1556528.3645205947,-6988975.194076348,7160206.338714805,gas_gap,7.656249999999998e-13
1.2249999999999998e-05,5.687499999999999e-05,411.22974841284804,1506220.1989478683,-6917302.181638399,7079390.422897858,gas_gap,7.656249999999998e-13
1.2249999999999998e-05,5.7749999999999994e-05,417.2529860076838,1437631.570225346,-6851223.161879008,7000431.654232186,gas_gap,7.656249999999998e-13
1.2249999999999998e-05,5.8624999999999995e-05,423.2216675417275,1352541.4169422635,-6792944.827712504,6926288.162998292,gas_gap,7.656249999999998e-13
1.2249999999999998e-05,5.949999999999999e-05,429.1434615019643,1253269.2197299525,-6744327.199113271,6859783.75066019,gas_gap,7.656249999999998e-13
1.2249999999999998e-05,6.037499999999999e-05,435.02747615468394,1142569.9480217055,-6706787.313586723,6803415.477229811,gas_gap,7.656249999999998e-13
1.2249999999999998e-05,6.125e-05,440.88383993340835,1023507.1403519065,-6681231.255552299,6759172.875176392,gas_gap,7.656249999999998e-13
1.2249999999999998e-05,6.212499999999999e-05,446.7232364917658,899312.2722007803,-6668019.038605008,6728390.629424676,gas_gap,7.656249999999998e-13
1.2249999999999998e-05,6.299999999999999e-05,452.55642416422603,773239.4076980181,-6666964.150136553,6711654.800481264,gas_gap,7.656249999999998e-13
1.2249999999999998e-05,6.3875e-05,458.3937699270968,648424.2372083011,-6677366.752694976,6708776.396735504,gas_gap,7.656249999999998e-13
1.2249999999999998e-05,6.474999999999999e-05,464.2448258919607,527755.979667138,-6698076.888849178,6718836.237251948,gas_gap,7.656249999999998e-13
1.2249999999999998e-05,6.5625e-05,470.1179721539399,413769.3552040404,-6727581.809103912,6740293.916254085,gas_gap,7.656249999999998e-13
1.2249999999999998e-05,6.649999999999999e-05,476.0201439176581,308562.04916820634,-6764109.934917593,6771144.197979967,gas_gap,7.656249999999998e-13
1.2249999999999998e-05,6.737499999999998e-05,481.9566538374356,213740.9755206752,-6805743.10611908,6809098.650416508,gas_gap,7.656249999999998e-13
1.2249999999999998e-05,6.824999999999999e-05,487.9311131105647,130398.40998561498,-6850528.683974664,6851769.625088573,gas_gap,7.656249999999998e-13
1.2249999999999998e-05,6.912499999999999e-05,493.945447726433,59116.90490873858,-6896583.7430403475,6896837.110822206,gas_gap,7.656249999999998e-13
1.2249999999999998e-05,7e-05,500.0,0.0,-6942184.867819453,6942184.867819453,gas_gap,7.656249999999998e-13
1.3124999999999999e-05,0.0,0.0,0.0,-7142857.143667579,7142857.143667579,gas_gap,7.656249999999998e-13
1.3124999999999999e-05,8.749999999999999e-07,6.250000001270953,0.00041188323532037396,-7142857.145150485,7142857.145150485,gas_gap,7.656249999999998e-13
1.3124999999999999e-05,1.7499999999999998e-06,12.500000004513968,0.001462860133897238,-7142857.148375276,7142857.148375276,gas_gap,7.656249999999998e-13
1.3124999999999999e-05,2.6249999999999994e-06,18.750000011913574,0.0038608806581715877,-7142857.155026091,7142857.155026091,gas_gap,7.656249999999998e-13
1.3124999999999999e-05,3.4999999999999995e-06,25.00000002769267,0.008974477684737046,-7142857.16821386,7142857.16821386,gas_gap,7.656249999999998e-13
1.3124999999999999e-05,4.375e-06,31.25000005979279,0.01937729166135311,-7142857.1935583595,7142857.1935583595,gas_gap,7.656249999999998e-13
1.3124999999999999e-05,5.249999999999999e-06,37.50000012279812,0.039795686224500706,-7142857.24100876,7142857.24100876,gas_gap,7.656249999999998e-13
1.3124999999999999e-05,6.124999999999999e-06,43.750000242932636,0.07872817001164549,-7142857.327854006,7142857.327854006,gas_gap,7.656249999999998e-13
1.3124999999999999e-05,6.999999999999999e-06,50.00000046645385,0.15116560200362922,-7142857.4836177435,7142857.483617745,gas_gap,7.656249999999998e-13
1.3124999999999999e-05,7.874999999999998e-06,56.25000087352092,0.28308548382039184,-7142857.757888211,7142857.7578882165,gas_gap,7.656249999999998e-13
1.3124999999999999e-05,8.75e-06,62.50000160074351,0.5187594707321075,-7142858.232642396,7142858.232642415,gas_gap,7.656249999999998e-13
1.3124999999999999e-05,9.624999999999998e-06,68.75000287727751,0.9324510456899332,-7142859.041337108,7142859.041337169,gas_gap,7.656249999999998e-13
1.3124999999999999e-05,1.0499999999999998e-05,75.00000508172792,1.6468562732079903,-7142860.398016661,7142860.398016851,gas_gap,7.656249999999998e-13
1.3124999999999999e-05,1.1374999999999999e-05,81.25000883050805,2.8617387176571203,-7142862.640993421,7142862.640993995,gas_gap,7.656249999999998e-13
1.3124999999999999e-05,1.2249999999999998e-05,87.50001511300411,4.897732814526501,-7142866.297359199,7142866.297360878,gas_gap,7.656249999999998e-13
1.3124999999999999e-05,1.3124999999999999e-05,93.7500254952778,8.262358542369274,-7142872.176737839,7142872.176742618,gas_gap,7.656249999999998e-13
1.3124999999999999e-05,1.3999999999999998e-05,100.000042422514,13.748036946765529,-7142881.505321601,7142881.505334832,gas_gap,7.656249999999998e-13
1.3124999999999999e-05,1.4874999999999997e-05,106.25006966140631,22.575455755223953,-7142896.114327004,7142896.114362679,gas_gap,7.656249999999998e-13
1.3124999999999999e-05,1.5749999999999997e-05,112.50011293753192,36.600126091682206,-7142918.700462238,7142918.700556007,gas_gap,7.656249999999998e-13
1.3124999999999999e-05,1.6624999999999998e-05,118.75018083974025,58.60547138001277,-7142953.179606595,7142953.179847014,gas_gap,7.656249999999998e-13
1.3124999999999999e-05,1.75e-05,125.00028608364761,92.71229320744017,-7143005.158296349,7143005.158898027,gas_gap,7.656249999999998e-13
1.3124999999999999e-05,1.8374999999999996e-05,131.25044724907798,144.94183082725849,-7143082.550229309,7143082.551699832,gas_gap,7.656249999999998e-13
1.3124999999999999e-05,1.9249999999999997e-05,137.50069113070896,223.97754457394925,-7143196.366050752,7143196.369562201,gas_gap,7.656249999999998e-13
1.3124999999999999e-05,2.0124999999999998e-05,143.75105586546533,342.17862302274494,-7143361.70312899,7143361.711324446,gas_gap,7.656249999999998e-13
1.3124999999999999e-05,2.0999999999999995e-05,150.00159502152962,516.905125343654,-7143598.956597568,7143598.975298989,gas_gap,7.656249999999998e-13
1.3124999999999999e-05,2.1874999999999996e-05,156.2523828481946,772.2193223174269,-7143935.262184022,7143935.30392031,gas_gap,7.656249999999998e-13
1.3124999999999999e-05,2.2749999999999997e-05,162.50352088784123,1141.0284670607043,-7144406.163751563,7144406.25486802,gas_gap,7.656249999999998e-13
1.3124999999999999e-05,2.3624999999999998e-05,168.7551461344873,1667.7287690241164,-7145057.472665806,7145057.667298195,gas_gap,7.656249999999998e-13
1.3124999999999999e-05,2.4499999999999996e-05,175.00744087994195,2411.3962774831803,-7145947.25107117,7145947.657933384,gas_gap,7.656249999999998e-13
1.3124999999999999e-05,2.5374999999999997e-05,181.26064431038503,3449.5450321865496,-7147147.8066595355,7147148.639114702,gas_gap,7.656249999999998e-13
1.3124999999999999e-05,2.6249999999999998e-05,187.51506579514933,4882.433613207239,-7148747.533399071,7148749.200694992,gas_gap,7.656249999999998e-13
1.3124999999999999e-05,2.7124999999999995e-05,193.77109963901066,6837.845975679314,-7150852.373357472,7150855.642626956,gas_gap,7.656249999999998e-13
1.3124999999999999e-05,2.7999999999999996e-05,200.02924084566473,9476.19998394356,-7153586.6134874355,7153592.889942282,gas_gap,7.656249999999998e-13
1.3124999999999999e-05,2.8874999999999997e-05,206.2901011642503,12995.747673719072,-7157092.674459973,7157104.473197678,gas_gap,7.656249999999998e-13
1.3124999999999999e-05,2.9749999999999995e-05,212.5544243702855,17637.527407334306,-7161529.504897841,7161551.223854743,gas_gap,7.656249999999998e-13
1.3124999999999999e-05,3.0625e-05,218.82309938307446,23689.614885236417,-7167069.174091338,7167108.325124137,gas_gap,7.656249999999998e-13
1.3124999999999999e-05,3.149999999999999e-05,225.0971694690623,31490.105714638557,-7173891.271039011,7173960.384295946,gas_gap,7.656249999999998e-13
1.3124999999999999e-05,3.2374999999999994e-05,231.37783546052736,41428.15850424459,-7182174.779019208,7182294.260798332,gas_gap,7.656249999999998e-13
1.3124999999999999e-05,3.3249999999999995e-05,237.66645067673957,53942.34894338249,-7192087.212857943,7192289.500177552,gas_gap,7.656249999999998e-13
1.3124999999999999e-05,3.4124999999999996e-05,243.96450512296394,69515.54910868312,-7203770.987084731,7204106.387743841,gas_gap,7.656249999999998e-13
1.3124999999999999e-05,3.5e-05,250.27359661748423,88665.57048099747,-7217327.228089535,7217871.840141753,gas_gap,7.656249999999998e-13
1.3124999999999999e-05,3.5875e-05,256.595386811705,111930.91120069823,-7232797.545368449,7233663.585014863,gas_gap,7.656249999999998e-13
1.3124999999999999e-05,3.674999999999999e-05,262.9315406669533,139851.1420682083,-7250144.619870273,7251493.318687651,gas_gap,7.656249999999998e-13
1.3124999999999999e-05,3.762499999999999e-05,269.2836488589784,172941.75985410082,-7269232.825206284,7271289.756250811,gas_gap,7.656249999999998e-13
1.3124999999999999e-05,3.8499999999999994e-05,275.6531337953421,211663.7299719982,-7289810.434361036,7292882.6744645145,gas_gap,7.656249999999998e-13
1.3124999999999999e-05,3.9374999999999995e-05,282.0411414151314,256388.42157035347,-7311495.23721523,7315989.176217822,gas_gap,7.656249999999998e-13
1.3124999999999999e-05,4.0249999999999996e-05,288.44842261792695,307359.1817355991,-7333765.555295582,7340203.463572185,gas_gap,7.656249999999998e-13
1.3124999999999999e-05,4.1125e-05,294.8752099215811,364651.3634753443,-7355958.643433628,7364991.390408432,gas_gap,7.656249999999998e-13
1.3124999999999999e-05,4.199999999999999e-05,301.32109662017575,428133.1639458422,-7377278.274600077,7389690.977771437,gas_gap,7.656249999999998e-13
1.3124999999999999e-05,4.287499999999999e-05,307.78492712044573,497430.08532965474,-7396812.889517095,7413519.920544984,gas_gap,7.656249999999998e-13
1.3124999999999999e-05,4.374999999999999e-05,314.2647080799515,571896.1370213258,-7413565.0529408865,7435590.896877418,gas_gap,7.656249999999998e-13
1.3124999999999999e-05,4.4624999999999994e-05,320.7575502641062,650594.9929974054,-7426492.115797121,7454935.210376418,gas_gap,7.656249999999998e-13
1.3124999999999999e-05,4.5499999999999995e-05,327.25965052415546,732294.1513466745,-7434556.987117762,7470534.941943454,gas_gap,7.656249999999998e-13
1.3124999999999999e-05,4.6374999999999996e-05,333.7663218731888,815474.6811260147,-7436786.850077029,7481363.352293231,gas_gap,7.656249999999998e-13
1.3124999999999999e-05,4.7249999999999997e-05,340.27207727991544,898358.3777503705,-7432336.613354558,7486432.749252809,gas_gap,7.656249999999998e-13
1.3124999999999999e-05,4.812499999999999e-05,346.7707695832522,978953.1056836012,-7420552.987732051,7484848.417093471,gas_gap,7.656249999999998e-13
1.3124999999999999e-05,4.899999999999999e-05,353.25578603043726,1055115.8431972815,-7401034.435453107,7475866.51548358,gas_gap,7.656249999999998e-13
1.3124999999999999e-05,4.987499999999999e-05,359.72029163127456,1124631.5471723303,-7373681.9613169385,7458953.129196217,gas_gap,7.656249999999998e-13
1.3124999999999999e-05,5.0749999999999994e-05,366.1575111560943,1185304.5413268593,-7338735.877438858,7433840.940893097,gas_gap,7.656249999999998e-13
1.3124999999999999e-05,5.1624999999999994e-05,372.5610355910574,1235057.8304352844,-7296794.315357843,7400579.377667539,gas_gap,7.656249999999998e-13
1.3124999999999999e-05,5.2499999999999995e-05,378.9251356187862,1272034.691273318,-7248810.366942722,7359573.628390376,gas_gap,7.656249999999998e-13
1.3124999999999999e-05,5.337499999999999e-05,385.2450625974182,1294696.2121262792,-7196066.242473803,7311607.733444484,gas_gap,7.656249999999998e-13
1.3124999999999999e-05,5.424999999999999e-05,391.5173168680384,1301908.244271703,-7140124.621999005,7257847.111518612,gas_gap,7.656249999999998e-13
1.3124999999999999e-05,5.512499999999999e-05,397.73986420719314,1293011.548627413,-7082759.284387424,7199816.521652486,gas_gap,7.656249999999998e-13
1.3124999999999999e-05,5.599999999999999e-05,403.9122838831411,1267869.7769438645,-7025868.9413642315,7139350.681435549,gas_gap,7.656249999999998e-13
1.3124999999999999e-05,5.687499999999999e-05,410.03583593021784,1226891.2736817072,-6971379.789861224,7078516.678790962,gas_gap,7.656249999999998e-13
1.3124999999999999e-05,5.7749999999999994e-05,416.11344062227846,1171022.4238865455,-6921143.451295759,7019509.967986318,gas_gap,7.656249999999998e-13
1.3124999999999999e-05,5.8624999999999995e-05,422.14956926413856,1101712.26152637,-6876837.556067889,6964529.03502766,gas_gap,7.656249999999998e-13
1.3124999999999999e-05,5.949999999999999e-05,428.1500517956166,1020850.1189498255,-6839876.177714301,6915637.4320682455,gas_gap,7.656249999999998e-13
1.3124999999999999e-05,6.037499999999999e-05,434.12181274360097,930680.0557966157,-6811336.613933127,6874625.2141163,gas_gap,7.656249999999998e-13
1.3124999999999999e-05,6.125e-05,440.07255221347145,833697.4765879731,-6791907.712165354,6842884.03036617,gas_gap,7.656249999999998e-13
1.3124999999999999e-05,6.212499999999999e-05,446.0103924147092,732534.578840948,-6781863.171459675,6821310.356932806,gas_gap,7.656249999999998e-13
1.3124999999999999e-05,6.299999999999999e-05,451.94351233263785,629841.9596511766,-6781061.196272345,6810249.029347441,gas_gap,7.656249999999998e-13
1.3124999999999999e-05,6.3875e-05,457.87979342393766,528173.7947946059,-6788969.737682157,6809484.38992791,gas_gap,7.656249999999998e-13
1.3124999999999999e-05,6.474999999999999e-05,463.82649764729405,429883.4968082662,-6804714.544662765,6818279.831099123,gas_gap,7.656249999999998e-13
1.3124999999999999e-05,6.5625e-05,469.7899959400682,337035.7213184035,-6827145.5548178945,6835459.714175364,gas_gap,7.656249999999998e-13
1.3124999999999999e-05,6.649999999999999e-05,475.7755607667847,251339.13738393632,-6854915.931894004,6859522.125871098,gas_gap,7.656249999999998e-13
1.3124999999999999e-05,6.737499999999998e-05,481.7872310538998,174102.65635642826,-6886567.401477657,6888767.836851892,gas_gap,7.656249999999998e-13
1.3124999999999999e-05,6.824999999999999e-05,487.8277522012463,106215.99114463732,-6920615.476951468,6921430.518078978,gas_gap,7.656249999999998e-13
1.3124999999999999e-05,6.912499999999999e-05,493.8985884353716,48153.65961116884,-6955628.670977357,6955795.352327164,gas_gap,7.656249999999998e-13
1.3124999999999999e-05,7e-05,500.0,0.0,-6990296.763084514,6990296.763084514,gas_gap,7.656249999999998e-13
1.3999999999999998e-05,0.0,0.0,0.0,-7142857.143461736,7142857.143461736,gas_gap,7.656249999999998e-13
1.3999999999999998e-05,8.749999999999999e-07,6.250000000948143,0.00032775338336433866,-7142857.144567998,7142857.144567998,gas_gap,7.656249999999998e-13
1.3999999999999998e-05,1.7499999999999998e-06,12.500000003367461,0.0011640613580707992,-7142857.146973723,7142857.146973723,gas_gap,7.656249999999998e-13
1.3999999999999998e-05,2.6249999999999994e-06,18.75000000888764,0.0030722704639760258,-7142857.151935293,7142857.151935293,gas_gap,7.656249999999998e-13
1.3999999999999998e-05,3.4999999999999995e-06,25.000000020658998,0.007141381762752276,-7142857.161773494,7142857.161773494,gas_gap,7.656249999999998e-13
1.3999999999999998e-05,4.375e-06,31.250000044605986,0.015419352762697677,-7142857.18068073,7142857.18068073,gas_gap,7.656249999999998e-13
1.3999999999999998e-05,5.249999999999999e-06,37.50000009160856,0.03166715633191619,-7142857.21607918,7142857.21607918,gas_gap,7.656249999999998e-13
1.3999999999999998e-05,6.124999999999999e-06,43.75000018123005,0.0626474249852125,-7142857.280866555,7142857.280866555,gas_gap,7.656249999999998e-13
1.3999999999999998e-05,6.999999999999999e-06,50.000000347979,0.12028903644611569,-7142857.39706778,7142857.397067781,gas_gap,7.656249999999998e-13
1.3999999999999998e-05,7.874999999999998e-06,56.25000065165488,0.22526341726750776,-7142857.601676149,7142857.601676153,gas_gap,7.656249999999998e-13
1.3999999999999998e-05,8.75e-06,62.50000119416983,0.4127994467958658,-7142857.95584727,7142857.955847282,gas_gap,7.656249999999998e-13
1.3999999999999998e-05,9.624999999999998e-06,68.75000214647628,0.7419918045675645,-7142858.559141189,7142858.559141227,gas_gap,7.656249999999998e-13
1.3999999999999998e-05,1.0499999999999998e-05,75.00000379101719,1.3104750792754727,-7142859.571236993,7142859.571237113,gas_gap,7.656249999999998e-13
1.3999999999999998e-05,1.1374999999999999e-05,81.25000658764269,2.277209817212604,-7142861.2445189115,7142861.244519275,gas_gap,7.656249999999998e-13
1.3999999999999998e-05,1.2249999999999998e-05,87.50001127444429,3.8973387676898263,-7142863.972202432,7142863.972203496,gas_gap,7.656249999999998e-13
1.3999999999999998e-05,1.3124999999999999e-05,93.75001901971883,6.574717625310496,-7142868.358274616,7142868.358277642,gas_gap,7.656249999999998e-13
1.3999999999999998e-05,1.3999999999999998e-05,100.00003164759748,10.939910240375475,-7142875.317486508,7142875.317494885,gas_gap,7.656249999999998e-13
1.3999999999999998e-05,1.4874999999999997e-05,106.25005196806929,17.964270866745267,-7142886.215942986,7142886.2159655765,gas_gap,7.656249999999998e-13
1.3999999999999998e-05,1.5749999999999997e-05,112.50008425246911,29.124310312799153,-7142903.065413916,7142903.065473291,gas_gap,7.656249999999998e-13
1.3999999999999998e-05,1.6624999999999998e-05,118.75013490816,46.634919514314504,-7142928.78718236,7142928.787334596,gas_gap,7.656249999999998e-13
1.3999999999999998e-05,1.75e-05,125.00021342111228,73.77519930999254,-7142967.563777511,7142967.5641585,gas_gap,7.656249999999998e-13
1.3999999999999998e-05,1.8374999999999996e-05,131.25033365205067,115.3365113481852,-7143025.29889293,7143025.299824084,gas_gap,7.656249999999998e-13
1.3999999999999998e-05,1.9249999999999997e-05,137.50051559005863,178.22866224367934,-7143110.206574342,7143110.208797845,gas_gap,7.656249999999998e-13
1.3999999999999998e-05,2.0124999999999998e-05,143.7507876856434,272.2863952533099,-7143233.549601582,7143233.5547911,gas_gap,7.656249999999998e-13
1.3999999999999998e-05,2.0999999999999995e-05,150.0011899011769,411.3238636138539,-7143410.542937557,7143410.554779752,gas_gap,7.656249999999998e-13
1.3999999999999998e-05,2.1874999999999996e-05,156.25177762733506,614.4884614980449,-7143661.430092168,7143661.456520917,gas_gap,7.656249999999998e-13
1.3999999999999998e-05,2.2749999999999997e-05,162.50262661569647,907.9659197667577,-7144012.727124217,7144012.78482303,gas_gap,7.656249999999998e-13
1.3999999999999998e-05,2.3624999999999998e-05,168.75383906509666,1327.0842309387401,-7144498.609746598,7144498.732998951,gas_gap,7.656249999999998e-13
1.3999999999999998e-05,2.4499999999999996e-05,175.00555096695277,1918.8527738025912,-7145162.392869296,7145162.650525854,gas_gap,7.656249999999998e-13
1.3999999999999998e-05,2.5374999999999997e-05,181.25794075642173,2744.952837149049,-7146058.018715699,7146058.5459130565,gas_gap,7.656249999999998e-13
1.3999999999999998e-05,2.6249999999999998e-05,187.51123922595767,3885.1645285726245,-7147251.430023761,7147252.485989291,gas_gap,7.656249999999998e-13
1.3999999999999998e-05,2.7124999999999995e-05,193.76574053066,5441.171092360475,-7148821.660579978,7148823.731294563,gas_gap,7.656249999999998e-13
1.3999999999999998e-05,2.7999999999999996e-05,200.02181394797694,7540.623992036906,-7150861.42962891,7150865.405443219,gas_gap,7.656249999999998e-13
1.3999999999999998e-05,2.8874999999999997e-05,206.2799158485634,10341.280984882973,-7153476.9843408335,7153484.459169981,gas_gap,7.656249999999998e-13
1.3999999999999998e-05,2.9749999999999995e-05,212.54060109600448,14034.946766985167,-7156786.901894652,7156800.6636248855,gas_gap,7.656249999999998e-13
1.3999999999999998e-05,3.0625e-05,218.80453283252533,18850.855687765772,-7160919.547611607,7160944.3596585905,gas_gap,7.656249999999998e-13
1.3999999999999998e-05,3.149999999999999e-05,225.0724893447808,25058.04510942414,-7166008.896586551,7166052.707842883,gas_gap,7.656249999999998e-13
1.3999999999999998e-05,3.2374999999999994e-05,231.3453664650307,32966.18544272323,-7172188.472041329,7172264.234386877,gas_gap,7.656249999999998e-13
1.3999999999999998e-05,3.3249999999999995e-05,237.62417378227556,42924.2704162542,-7179583.241623661,7179711.555236329,gas_gap,7.656249999999998e-13
1.3999999999999998e-05,3.4124999999999996e-05,243.91002285456366,55316.542318307125,-7188299.447922205,7188512.285087418,gas_gap,7.656249999999998e-13
1.3999999999999998e-05,3.5e-05,250.20410566947692,70555.04623894724,-7198412.532182232,7198758.295569312,gas_gap,7.656249999999998e-13
1.3999999999999998e-05,3.5875e-05,256.5076618347105,89068.28854188992,-7209953.535482155,7210503.667833157,gas_gap,7.656249999999998e-13
1.3999999999999998e-05,3.674999999999999e-05,262.82193342719273,111285.62915305131,-7222894.617456116,7223751.874623914,gas_gap,7.656249999999998e-13
1.3999999999999998e-05,3.762499999999999e-05,269.1481071061073,137617.27124697255,-7237134.599532813,7238442.90749747,gas_gap,7.656249999999998e-13
1.3999999999999998e-05,3.8499999999999994e-05,275.48724400097535,168430.0250285195,-7252485.690973144,7254441.217013293,gas_gap,7.656249999999998e-13
1.3999999999999998e-05,3.9374999999999995e-05,281.84019899321544,204019.40506212486,-7268662.759405968,7271525.440209715,gas_gap,7.656249999999998e-13
1.3999999999999998e-05,4.0249999999999996e-05,288.2075322610311,244579.05319593925,-7285276.627746344,7289380.937778555,gas_gap,7.656249999999998e-13
1.3999999999999998e-05,4.1125e-05,294.58941726494356,290168.9310916013,-7301832.881817861,7307596.146652289,gas_gap,7.656249999999998e-13
1.3999999999999998e-05,4.199999999999999e-05,300.98555059848377,340684.1575005659,-7317737.52871095,7325663.671932838,gas_gap,7.656249999999998e-13
1.3999999999999998e-05,4.287499999999999e-05,307.3950701781245,395826.7282405741,-7332310.536565633,7342986.899308825,gas_gap,7.656249999999998e-13
1.3999999999999998e-05,4.374999999999999e-05,313.81648895151517,455082.6005237587,-7344807.809237499,7358892.710723238,gas_gap,7.656249999999998e-13
1.3999999999999998e-05,4.4624999999999994e-05,320.2476515222732,517706.6990574118,-7354451.520636068,7372650.635669311,gas_gap,7.656249999999998e-13
1.3999999999999998e-05,4.5499999999999995e-05,326.6857207053859,582718.268528463,-7360467.99107083,7383498.468074269,gas_gap,7.656249999999998e-13
1.3999999999999998e-05,4.6374999999999996e-05,333.1271999642003,648908.6296001177,-7362131.489970517,7390674.021033874,gas_gap,7.656249999999998e-13
1.3999999999999998e-05,4.7249999999999997e-05,339.56799592137367,714862.7876353338,-7358811.571201334,7393452.275195424,gas_gap,7.656249999999998e-13
1.3999999999999998e-05,4.812499999999999e-05,346.0035227364822,778995.5138457081,-7350020.8748153085,7391186.702472921,gas_gap,7.656249999999998e-13
1.3999999999999998e-05,4.899999999999999e-05,352.4288472332975,839601.5127448435,-7335459.849840851,7383353.026154891,gas_gap,7.656249999999998e-13
1.3999999999999998e-05,4.987499999999999e-05,358.83887044435926,894918.1782970453,-7315054.644920011,7369593.136938588,gas_gap,7.656249999999998e-13
1.3999999999999998e-05,5.0749999999999994e-05,365.22853798412586,943198.3155003088,-7288984.5351682175,7349756.3644167185,gas_gap,7.656249999999998e-13
1.3999999999999998e-05,5.1624999999999994e-05,371.59306866753616,982789.1690248676,-7257695.732381946,7323934.86416883,gas_gap,7.656249999999998e-13
1.3999999999999998e-05,5.2499999999999995e-05,377.9281883695306,1012213.2635414387,-7221899.25212765,7292489.595383124,gas_gap,7.656249999999998e-13
1.3999999999999998e-05,5.337499999999999e-05,384.23035455827744,1030246.0201452913,-7182551.635425754,7256063.316811836,gas_gap,7.656249999999998e-13
1.3999999999999998e-05,5.424999999999999e-05,390.4969564550604,1035984.9474283026,-7140818.656401286,7215577.308497684,gas_gap,7.656249999999998e-13
1.3999999999999998e-05,5.512499999999999e-05,396.7264765099052,1028905.4602141391,-7098023.570900425,7172209.217466854,gas_gap,7.656249999999998e-13
1.3999999999999998e-05,5.599999999999999e-05,402.9186008529453,1008899.0602774019,-7055582.835863955,7127350.592440832,gas_gap,7.656249999999998e-13
1.3999999999999998e-05,5.687499999999999e-05,409.0742694817365,976290.6850447177,-7014933.412457272,7082544.3368124785,gas_gap,7.656249999999998e-13
1.3999999999999998e-05,5.7749999999999994e-05,415.1956609482495,931833.4142097069,-6977456.627805259,7039404.414063824,gas_gap,7.656249999999998e-13
1.3999999999999998e-05,5.8624999999999995e-05,421.2861108882506,876680.3070495926,-6944404.010085006,6999522.513432847,gas_gap,7.656249999999998e-13
1.3999999999999998e-05,5.949999999999999e-05,427.349968492094,812334.787390514,-6916830.471555842,6964368.713605577,gas_gap,7.656249999999998e-13
1.3999999999999998e-05,6.037499999999999e-05,433.39239952246095,740582.5509741593,-6895539.686509962,6935195.028479106,gas_gap,7.656249999999998e-13
1.3999999999999998e-05,6.125e-05,439.4191483309376,663409.2995833657,-6881045.541666442,6912951.587076341,gas_gap,7.656249999999998e-13
1.3999999999999998e-05,6.212499999999999e-05,445.4362741627698,582909.5871303008,-6873552.219109414,6898224.677088473,gas_gap,7.656249999999998e-13
1.3999999999999998e-05,6.299999999999999e-05,451.44987861851996,501192.6088711269,-6872953.938019468,6891203.803786706,gas_gap,7.656249999999998e-13
1.3999999999999998e-05,6.3875e-05,457.46584133956304,420290.83342919714,-6878853.784859237,6891681.491344247,gas_gap,7.656249999999998e-13
1.3999999999999998e-05,6.474999999999999e-05,463.4895798158987,342076.97339710774,-6890599.560077923,6899085.370762895,gas_gap,7.656249999999998e-13
1.3999999999999998e-05,6.5625e-05,469.525846827175,268193.964949374,-6907333.306228938,6912537.985875727,gas_gap,7.656249999999998e-13
1.3999999999999998e-05,6.649999999999999e-05,475.57857568189337,200001.47028413104,-6928050.270703374,6930936.527014867,gas_gap,7.656249999999998e-13
1.3999999999999998e-05,6.737499999999998e-05,481.65077945746657,138541.04702550767,-6951662.566968965,6953042.935773406,gas_gap,7.656249999999998e-13
1.3999999999999998e-05,6.824999999999999e-05,487.7445062481877,84520.67838588601,-6977062.753940885,6977574.680181071,gas_gap,7.656249999999998e-13
1.3999999999999998e-05,6.912499999999999e-05,493.8608483809373,38317.9588425327,-7003182.928498938,7003287.756189147,gas_gap,7.656249999999998e-13
1.3999999999999998e-05,7e-05,500.0,0.0,-7029045.653755138,7029045.653755138,gas_gap,7.656249999999998e-13
1.4874999999999997e-05,0.0,0.0,0.0,-7142857.143299729,7142857.143299729,gas_gap,7.656249999999998e-13
1.4874999999999997e-05,8.749999999999999e-07,6.250000000694078,0.0002549238239989413,-7142857.144109556,7142857.144109556,gas_gap,7.656249999999998e-13
1.4874999999999997e-05,1.7499999999999998e-06,12.500000002465114,0.0009053971303751207,-7142857.14587064,7142857.14587064,gas_gap,7.656249999999998e-13
1.4874999999999997e-05,2.6249999999999994e-06,18.7500000065061,0.002389586118063507,-7142857.149502705,7142857.149502705,gas_gap,7.656249999999998e-13
1.4874999999999997e-05,3.4999999999999995e-06,25.00000001512319,0.005554506650426821,-7142857.156704653,7142857.156704653,gas_gap,7.656249999999998e-13
1.4874999999999997e-05,4.375e-06,31.250000032653325,0.01199304284674921,-7142857.1705454895,7142857.1705454895,gas_gap,7.656249999999998e-13
1.4874999999999997e-05,5.249999999999999e-06,37.50000006706105,0.024630447760566793,-7142857.19645854,7142857.19645854,gas_gap,7.656249999999998e-13
1.4874999999999997e-05,6.124999999999999e-06,43.75000013266749,0.0487266400638926,-7142857.243885434,7142857.243885434,gas_gap,7.656249999999998e-13
1.4874999999999997e-05,6.999999999999999e-06,50.000000254734246,0.09355980048542897,-7142857.328949279,7142857.32894928,gas_gap,7.656249999999998e-13
1.4874999999999997e-05,7.874999999999998e-06,56.25000047703688,0.17520799067714576,-7142857.478730613,7142857.478730615,gas_gap,7.656249999999998e-13
1.4874999999999997e-05,8.75e-06,62.50000087417905,0.3210719365934683,-7142857.737997737,7142857.737997744,gas_gap,7.656249999999998e-13
1.4874999999999997e-05,9.624999999999998e-06,68.75000157130465,0.5771149827795169,-7142858.179632498,7142858.179632521,gas_gap,7.656249999999998e-13
1.4874999999999997e-05,1.0499999999999998e-05,75.00000277517296,1.0192764908634258,-7142858.920526241,7142858.920526314,gas_gap,7.656249999999998e-13
1.4874999999999997e-05,1.1374999999999999e-05,81.2500048224123,1.771194636323411,-7142860.145434097,7142860.145434317,gas_gap,7.656249999999998e-13
1.4874999999999997e-05,1.2249999999999998e-05,87.5000082533345,3.031317302907553,-7142862.142205196,7142862.14220584,gas_gap,7.656249999999998e-13
1.4874999999999997e-05,1.3124999999999999e-05,93.75001392317863,5.113760052003034,-7142865.352981706,7142865.352983537,gas_gap,7.656249999999998e-13
1.4874999999999997e-05,1.3999999999999998e-05,100.00002316728005,8.508970141069566,-7142870.447397196,7142870.447402264,gas_gap,7.656249999999998e-13
1.4874999999999997e-05,1.4874999999999997e-05,106.25003804266075,13.972458736185718,-7142878.425493905,7142878.425507572,gas_gap,7.656249999999998e-13
1.4874999999999997e-05,1.5749999999999997e-05,112.50006167610505,22.652643521355596,-7142890.759966117,7142890.7600020375,gas_gap,7.656249999999998e-13
1.4874999999999997e-05,1.6624999999999998e-05,118.75009875805345,36.2722480312477,-7142909.5893073715,7142909.589399468,gas_gap,7.656249999999998e-13
1.4874999999999997e-05,1.75e-05,125.00015623260752,57.3817293092011,-7142937.975292744,7142937.975523228,gas_gap,7.656249999999998e-13
1.4874999999999997e-05,1.8374999999999996e-05,131.25024424636027,89.70776813276298,-7142980.239656992,7142980.240220306,gas_gap,7.656249999999998e-13
1.4874999999999997e-05,1.9249999999999997e-05,137.50037743210316,138.6247539506499,-7143042.395403085,7143042.396748228,gas_gap,7.656249999999998e-13
1.4874999999999997e-05,2.0124999999999998e-05,143.7505766167211,211.78206732255242,-7143132.68732669,7143132.690466184,gas_gap,7.656249999999998e-13
1.4874999999999997e-05,2.0999999999999995e-05,150.00087105423438,319.9242404094469,-7143262.25337617,7143262.26054037,gas_gap,7.656249999999998e-13
1.4874999999999997e-05,2.1874999999999996e-05,156.25130129278585,477.94395530060433,-7143445.912593107,7143445.928581919,gas_gap,7.656249999999998e-13
1.4874999999999997e-05,2.2749999999999997e-05,162.50192278549596,706.2082531436696,-7143703.075770386,7143703.110677358,gas_gap,7.656249999999998e-13
1.4874999999999997e-05,2.3624999999999998e-05,168.75281034591237,1032.1949492845622,-7144058.760867489,7144058.835434793,gas_gap,7.656249999999998e-13
1.4874999999999997e-05,2.4499999999999996e-05,175.0040635250751,1492.4675430275174,-7144544.676093875,7144544.831979201,gas_gap,7.656249999999998e-13
1.4874999999999997e-05,2.5374999999999997e-05,181.25581294450313,2135.0012218330457,-7145200.309268376,7145200.628239848,gas_gap,7.656249999999998e-13
1.4874999999999997e-05,2.6249999999999998e-05,187.508227553306,3021.848282151211,-7146073.9330561785,7146074.571978104,gas_gap,7.656249999999998e-13
1.4874999999999997e-05,2.7124999999999995e-05,193.7615226845299,4232.097095867681,-7147223.403282393,7147224.6562615745,gas_gap,7.656249999999998e-13
1.4874999999999997e-05,2.7999999999999996e-05,200.01596866372037,5865.033897304874,-7148716.594063083,7148718.999992621,gas_gap,7.656249999999998e-13
1.4874999999999997e-05,2.8874999999999997e-05,206.2718995720593,8043.361342767265,-7150631.282485422,7150635.806256727,gas_gap,7.656249999999998e-13
1.4874999999999997e-05,2.9749999999999995e-05,212.52972159140836,10916.263511105286,-7153054.271685496,7153062.601325894,gas_gap,7.656249999999998e-13
1.4874999999999997e-05,3.0625e-05,218.78992016783195,14662.036950616279,-7156079.530102692,7156094.5505549535,gas_gap,7.656249999999998e-13
1.4874999999999997e-05,3.149999999999999e-05,225.05306503762355,19489.93665804946,-7159805.132750247,7159831.659793945,gas_gap,7.656249999999998e-13
1.4874999999999997e-05,3.2374999999999994e-05,231.31981198506048,25640.82167345709,-7164328.823852671,7164374.707399264,gas_gap,7.656249999999998e-13
1.4874999999999997e-05,3.3249999999999995e-05,237.59090006880655,33386.13638264802,-7169742.084619349,7169819.816011025,gas_gap,7.656249999999998e-13
1.4874999999999997e-05,3.4124999999999996e-05,243.86714299285958,43024.741204598075,-7176122.688783528,7176251.665934623,gas_gap,7.656249999999998e-13
1.4874999999999997e-05,3.5e-05,250.1494133387842,54877.12134358249,-7183525.862289531,7183735.470674676,gas_gap,7.656249999999998e-13
1.4874999999999997e-05,3.5875e-05,256.43861854793164,69276.5654440232,-7191974.328421707,7192307.973327935,gas_gap,7.656249999999998e-13
1.4874999999999997e-05,3.674999999999999e-05,262.73566786922856,86557.02604384036,-7201447.706942572,7201967.86958856,gas_gap,7.656249999999998e-13
1.4874999999999997e-05,3.762499999999999e-05,269.0414299836435,107037.55572091173,-7211871.931177787,7212666.205367106,gas_gap,7.656249999999998e-13
1.4874999999999997e-05,3.8499999999999994e-05,275.35668167951854,131003.45636639206,-7223109.530956173,7224297.419249144,gas_gap,7.656249999999998e-13
1.4874999999999997e-05,3.9374999999999995e-05,281.68204876351246,158684.5767221595,-7234951.778221929,7236691.787556393,gas_gap,7.656249999999998e-13
1.4874999999999997e-05,4.0249999999999996e-05,288.0179413079955,190231.52978848288,-7247113.780116429,7249610.070678222,gas_gap,7.656249999999998e-13
1.4874999999999997e-05,4.1125e-05,294.36448629285866,225690.95324129192,-7259233.6061110925,7262741.146045866,gas_gap,7.656249999999998e-13
1.4874999999999997e-05,4.199999999999999e-05,300.7214616126911,264981.271327896,-7270876.430147142,7275703.3430881305,gas_gap,7.656249999999998e-13
1.4874999999999997e-05,4.287499999999999e-05,307.08823618860873,307870.6989026183,-7281544.442286524,7288050.070645547,gas_gap,7.656249999999998e-13
1.4874999999999997e-05,4.374999999999999e-05,313.46372144008774,353959.4178099998,-7290692.93502749,7299280.1523380475,gas_gap,7.656249999999998e-13
1.4874999999999997e-05,4.4624999999999994e-05,319.84633953261334,402667.91475612874,-7297752.509227579,7308853.065667108,gas_gap,7.656249999999998e-13
1.4874999999999997e-05,4.5499999999999995e-05,326.23401353570836,453233.3665101698,-7302156.801071397,7316209.020520901,gas_gap,7.656249999999998e-13
1.4874999999999997e-05,4.6374999999999996e-05,332.62418384768796,504715.67245329364,-7303374.54737557,7320793.515000494,gas_gap,7.656249999999998e-13
1.4874999999999997e-05,4.7249999999999997e-05,339.01385395612175,556014.2616619905,-7300944.236894399,7322085.6734548705,gas_gap,7.656249999999998e-13
1.4874999999999997e-05,4.812499999999999e-05,345.39966684632907,605896.1565221021,-7294509.103070629,7319629.308050274,gas_gap,7.656249999999998e-13
1.4874999999999997e-05,4.899999999999999e-05,351.7780112402255,653034.9925519613,-7283849.862868586,7313065.262002525,gas_gap,7.656249999999998e-13
1.4874999999999997e-05,4.987499999999999e-05,358.1451544940556,696059.8296068459,-7268912.454203693,7302163.210533566,gas_gap,7.656249999999998e-13
1.4874999999999997e-05,5.0749999999999994e-05,364.4973965997736,733611.7141143746,-7249828.113477304,7286850.747891829,gas_gap,7.656249999999998e-13
1.4874999999999997e-05,5.1624999999999994e-05,370.83123754277835,764405.1468846576,-7226923.485189232,7267237.321662437,gas_gap,7.656249999999998e-13
1.4874999999999997e-05,5.2499999999999995e-05,377.14354849623646,787290.9600374461,-7200719.060563385,7243630.446462431,gas_gap,7.656249999999998e-13
1.4874999999999997e-05,5.337499999999999e-05,383.43173618819173,801316.6864037433,-7171915.065065868,7216541.701703651,gas_gap,7.656249999999998e-13
1.4874999999999997e-05,5.424999999999999e-05,389.6938894264376,805780.3757595012,-7141364.890984784,7186680.354666488,gas_gap,7.656249999999998e-13
1.4874999999999997e-05,5.512499999999999e-05,395.9288973049958,800274.0101682115,-7110037.213391972,7154933.100118364,gas_gap,7.656249999999998e-13
1.4874999999999997e-05,5.599999999999999e-05,402.13653005883907,784713.2006230181,-7078968.934208424,7122329.392742234,gas_gap,7.656249999999998e-13
1.4874999999999997e-05,5.687499999999999e-05,408.31747580297,759350.6807204619,-7049211.965250092,7089993.14437861,gas_gap,7.656249999999998e-13
1.4874999999999997e-05,5.7749999999999994e-05,414.4733293226999,724772.1895101385,-7021777.492037742,7059083.076035808,gas_gap,7.656249999999998e-13
1.4874999999999997e-05,5.8624999999999995e-05,420.60653243396695,681874.5667965068,-6997581.682182012,7030725.59012604,gas_gap,7.656249999999998e-13
1.4874999999999997e-05,5.949999999999999e-05,426.72026891433853,631827.1629823496,-6977396.772746154,7005945.424295765,gas_gap,7.656249999999998e-13
1.4874999999999997e-05,6.037499999999999e-05,432.8183203042859,576018.877191444,-6961811.084767991,6985600.2839326095,gas_gap,7.656249999999998e-13
1.4874999999999997e-05,6.125e-05,438.9048916940051,515994.171563605,-6951200.803439491,6970325.860017266,gas_gap,7.656249999999998e-13
1.4874999999999997e-05,6.212499999999999e-05,444.9844186881757,453382.1725090034,-6945715.398037958,6960496.949564059,gas_gap,7.656249999999998e-13
1.4874999999999997e-05,6.299999999999999e-05,451.0613678972272,389823.3943519828,-6945277.432863304,6956208.802086406,gas_gap,7.656249999999998e-13
1.4874999999999997e-05,6.3875e-05,457.1400434487758,326898.6740874343,-6949596.351670922,6957280.517147336,gas_gap,7.656249999999998e-13
1.4874999999999997e-05,6.474999999999999e-05,463.224411157543,266064.5918136475,-6958194.718862437,6963279.695130885,gas_gap,7.656249999999998e-13
1.4874999999999997e-05,6.5625e-05,469.31795024425537,208599.00946417288,-6970444.476006358,6973565.066724264,gas_gap,7.656249999999998e-13
1.4874999999999997e-05,6.649999999999999e-05,475.4235400446865,155559.46085708262,-6985610.104866801,6987341.932600644,gas_gap,7.656249999999998e-13
1.4874999999999997e-05,6.737499999999998e-05,481.5433862494347,107756.06074918777,-7002895.229922095,7003724.221433466,gas_gap,7.656249999999998e-13
1.4874999999999997e-05,6.824999999999999e-05,487.67898814368533,65739.47252640032,-7021489.160952738,7021796.90076727,gas_gap,7.656249999999998e-13
1.4874999999999997e-05,6.912499999999999e-05,493.8311453534687,29803.385996213932,-7040610.151076854,7040673.230683504,gas_gap,7.656249999999998e-13
1.4874999999999997e-05,7e-05,500.0,0.0,-7059542.678235409,7059542.678235409,gas_gap,7.656249999999998e-13
1.5749999999999997e-05,0.0,0.0,0.0,-7142857.143175066,7142857.143175066,gas_gap,7.656249999999998e-13
1.5749999999999997e-05,8.749999999999999e-07,6.250000000498577,0.00019389127574747893,-7142857.14375679,7142857.14375679,gas_gap,7.656249999999998e-13
1.5749999999999997e-05,1.7499999999999998e-06,12.500000001770767,0.0006886316151732752,-7142857.14502183,7142857.14502183,gas_gap,7.656249999999998e-13
1.5749999999999997e-05,2.6249999999999994e-06,18.750000004673527,0.0018174837238504758,-7142857.147630853,7142857.147630853,gas_gap,7.656249999999998e-13
1.5749999999999997e-05,3.4999999999999995e-06,25.000000010863445,0.004224675292033847,-7142857.15280423,7142857.15280423,gas_gap,7.656249999999998e-13
1.5749999999999997e-05,4.375e-06,31.250000023455875,0.009121730331724656,-7142857.162746524,7142857.162746524,gas_gap,7.656249999999998e-13
1.5749999999999997e-05,5.249999999999999e-06,37.50000004817199,0.018733552884989534,-7142857.181360657,7142857.181360657,gas_gap,7.656249999999998e-13
1.5749999999999997e-05,6.124999999999999e-06,43.75000009529909,0.03706075900115019,-7142857.2154288385,7142857.2154288385,gas_gap,7.656249999999998e-13
1.5749999999999997e-05,6.999999999999999e-06,50.00000018298336,0.07116019519177917,-7142857.276532785,7142857.276532785,gas_gap,7.656249999999998e-13
1.5749999999999997e-05,7.874999999999998e-06,56.2500003426701,0.1332605964426667,-7142857.384125275,7142857.384125276,gas_gap,7.656249999999998e-13
1.5749999999999997e-05,8.75e-06,62.50000062794941,0.24420254810346706,-7142857.570364738,7142857.570364742,gas_gap,7.656249999999998e-13
1.5749999999999997e-05,9.624999999999998e-06,68.75000112871594,0.4389450876296661,-7142857.887604422,7142857.887604435,gas_gap,7.656249999999998e-13
1.5749999999999997e-05,1.0499999999999998e-05,75.00000199349117,0.7752465660241493,-7142858.419810937,7142858.419810979,gas_gap,7.656249999999998e-13
1.5749999999999997e-05,1.1374999999999999e-05,81.25000346408545,1.3471443439325819,-7142859.299699516,7142859.299699643,gas_gap,7.656249999999998e-13
1.5749999999999997e-05,1.2249999999999998e-05,87.50000592862125,2.3055749354308857,-7142860.734040943,7142860.7340413155,gas_gap,7.656249999999998e-13
1.5749999999999997e-05,1.3124999999999999e-05,93.75001000144279,3.889449972920076,-7142863.04043939,7142863.040440449,gas_gap,7.656249999999998e-13
1.5749999999999997e-05,1.3999999999999998e-05,100.00001664176206,6.471796358884219,-7142866.699913021,7142866.699915953,gas_gap,7.656249999999998e-13
1.5749999999999997e-05,1.4874999999999997e-05,106.25002732720057,10.627244669369592,-7142872.430822601,7142872.430830507,gas_gap,7.656249999999998e-13
1.5749999999999997e-05,1.5749999999999997e-05,112.50004430382259,17.229264344578283,-7142881.291049236,7142881.291070016,gas_gap,7.656249999999998e-13
1.5749999999999997e-05,1.6624999999999998e-05,118.75007094091426,27.588133328161664,-7142894.816737896,7142894.816791173,gas_gap,7.656249999999998e-13
1.5749999999999997e-05,1.75e-05,125.00011222663498,43.64369138132711,-7142915.207254762,7142915.207388095,gas_gap,7.656249999999998e-13
1.5749999999999997e-05,1.8374999999999996e-05,131.25017544959115,68.2303965744399,-7142945.5670333905,7142945.567359264,gas_gap,7.656249999999998e-13
1.5749999999999997e-05,1.9249999999999997e-05,137.50027112096214,105.43592973006537,-7142990.215396744,7142990.216174901,gas_gap,7.656249999999998e-13
1.5749999999999997e-05,2.0124999999999998e-05,143.75041420133292,161.07829613358865,-7143055.074832379,7143055.076648564,gas_gap,7.656249999999998e-13
1.5749999999999997e-05,2.0999999999999995e-05,150.00062570475623,243.32962742544078,-7143148.146067446,7143148.150211928,gas_gap,7.656249999999998e-13
1.5749999999999997e-05,2.1874999999999996e-05,156.2509347581967,363.51707649503726,-7143280.07407035,7143280.083319929,gas_gap,7.656249999999998e-13
1.5749999999999997e-05,2.2749999999999997e-05,162.50138119531775,537.1315124552415,-7143464.802204145,7143464.822398146,gas_gap,7.656249999999998e-13
1.5749999999999997e-05,2.3624999999999998e-05,168.7520187569667,785.0721537023529,-7143720.301630233,7143720.3447687,gas_gap,7.656249999999998e-13
1.5749999999999997e-05,2.4499999999999996e-05,175.00291895368417,1135.1486549586418,-7144069.349320118,7144069.439504186,gas_gap,7.656249999999998e-13
1.5749999999999997e-05,2.5374999999999997e-05,181.2541756148811,1623.8502315317355,-7144540.31057538,7144540.495114163,gas_gap,7.656249999999998e-13
1.5749999999999997e-05,2.6249999999999998e-05,187.5059101018427,2298.372938827645,-7145167.861120004,7145168.2307766825,gas_gap,7.656249999999998e-13
1.5749999999999997e-05,2.7124999999999995e-05,193.75827709484702,3218.8702182986085,-7145993.560553285,7145994.285513703,gas_gap,7.656249999999998e-13
1.5749999999999997e-05,2.7999999999999996e-05,200.0114707769575,4460.857705693985,-7147066.164917696,7147067.557044835,gas_gap,7.656249999999998e-13
1.5749999999999997e-05,2.8874999999999997e-05,206.26573112885055,6117.661219665295,-7148441.5438611265,7148444.161618558,gas_gap,7.656249999999998e-13
1.5749999999999997e-05,2.9749999999999995e-05,212.52134992331463,8302.747955689905,-7150182.050717,7150186.871265616,gas_gap,7.656249999999998e-13
1.5749999999999997e-05,3.0625e-05,218.77867587102614,11151.727621281405,-7152355.185874085,7152363.879580572,gas_gap,7.656249999999998e-13
1.5749999999999997e-05,3.149999999999999e-05,225.03811823089768,14823.75646021405,-7155031.39959808,7155046.755471976,gas_gap,7.656249999999998e-13
1.5749999999999997e-05,3.2374999999999994e-05,231.3001480727261,19502.028282381572,-7158280.904539076,7158307.470163314,gas_gap,7.656249999999998e-13
1.5749999999999997e-05,3.3249999999999995e-05,237.56529628483372,25392.99965756767,-7162169.414432865,7162214.428894824,gas_gap,7.656249999999998e-13
1.5749999999999997e-05,3.4124999999999996e-05,243.83414737555717,32723.979383344384,-7166752.7965181125,7166827.506311762,gas_gap,7.656249999999998e-13
1.5749999999999997e-05,3.5e-05,250.1073281467804,41738.72374792487,-7172070.721270737,7172192.171991006,gas_gap,7.656249999999998e-13
1.5749999999999997e-05,3.5875e-05,256.38549044123266,52690.72714600884,-7178139.5115171885,7178332.895563663,gas_gap,7.656249999999998e-13
1.5749999999999997e-05,3.674999999999999e-05,262.66928740007955,65833.98891983394,-7184944.527512861,7185246.132007874,gas_gap,7.656249999999998e-13
1.5749999999999997e-05,3.762499999999999e-05,268.95934302328834,81411.17572324532,-7192432.564912284,7192893.2968829265,gas_gap,7.656249999999998e-13
1.5749999999999997e-05,3.8499999999999994e-05,275.256215301557,99639.28393885425,-7200504.874709308,7201194.236903789,gas_gap,7.656249999999998e-13
1.5749999999999997e-05,3.9374999999999995e-05,281.56035377084714,120693.13310722985,-7209011.521191414,7210021.771468502,gas_gap,7.656249999999998e-13
1.5749999999999997e-05,4.0249999999999996e-05,287.8720529986178,144687.27724026583,-7217747.857151093,7219197.915115251,gas_gap,7.656249999999998e-13
1.5749999999999997e-05,4.1125e-05,294.1914041983876,171657.18826185723,-7226453.896878822,7228492.381817738,gas_gap,7.656249999999998e-13
1.5749999999999997e-05,4.199999999999999e-05,300.51824782508305,201540.82086564053,-7234817.291588073,7237623.915701684,gas_gap,7.656249999999998e-13
1.5749999999999997e-05,4.287499999999999e-05,306.8521305555427,234161.88271106704,-7242480.449255702,7246264.88924921,gas_gap,7.656249999999998e-13
1.5749999999999997e-05,4.374999999999999e-05,313.19227042925877,269216.2780450876,-7249052.089911828,7254049.462653222,gas_gap,7.656249999999998e-13
1.5749999999999997e-05,4.4624999999999994e-05,319.5375340396977,306263.2376602325,-7254123.1968298545,7260585.412039936,gas_gap,7.656249999999998e-13
1.5749999999999997e-05,4.5499999999999995e-05,325.8864294645123,344722.5695325623,-7257286.933650967,7265469.515956019,gas_gap,7.656249999999998e-13
1.5749999999999997e-05,4.6374999999999996e-05,332.23711806394266,383879.2470888184,-7258161.677868176,7268306.145067065,gas_gap,7.656249999999998e-13
1.5749999999999997e-05,4.7249999999999997e-05,338.58744735194864,422896.1924244628,-7256415.9119133605,7268728.435994601,gas_gap,7.656249999999998e-13
1.5749999999999997e-05,4.812499999999999e-05,344.9350058827562,460835.6210718567,-7251793.359514697,7266421.154787971,gas_gap,7.656249999999998e-13
1.5749999999999997e-05,4.899999999999999e-05,351.27719956545303,496688.7198984246,-7244136.502996522,7261144.080551013,gas_gap,7.656249999999998e-13
1.5749999999999997e-05,4.987499999999999e-05,357.6113471284733,529412.7721840738,-7233406.507918778,7252754.483101807,gas_gap,7.656249999999998e-13
1.5749999999999997e-05,5.0749999999999994e-05,363.934790743474,557974.178017673,-7219697.645381096,7241227.055828027,gas_gap,7.656249999999998e-13
1.5749999999999997e-05,5.1624999999999994e-05,370.2450162434879,581395.2058008559,-7203244.554065049,7226669.529665516,gas_gap,7.656249999999998e-13
1.5749999999999997e-05,5.2499999999999995e-05,376.5397760970136,598801.8155052945,-7184421.118651425,7209332.176032467,gas_gap,7.656249999999998e-13
1.5749999999999997e-05,5.337499999999999e-05,382.81720747791127,609469.5747432765,-7163730.332395161,7189609.546965414,gas_gap,7.656249999999998e-13
1.5749999999999997e-05,5.424999999999999e-05,389.0759375186755,612864.5905960591,-7141785.212939152,7168033.135676955,gas_gap,7.656249999999998e-13
1.5749999999999997e-05,5.512499999999999e-05,395.3151682217457,608676.5306788675,-7119281.589057044,7145254.191649578,gas_gap,7.656249999999998e-13
1.5749999999999997e-05,5.599999999999999e-05,401.5347345399125,596841.2099659881,-7096964.298943867,7122016.687034472,gas_gap,7.656249999999998e-13
1.5749999999999997e-05,5.687499999999999e-05,407.7351307671166,577550.8538786814,-7075588.962858835,7099121.36536246,gas_gap,7.656249999999998e-13
1.5749999999999997e-05,5.7749999999999994e-05,413.9175024861645,551250.9668417583,-7055881.9461243395,7077382.826023146,gas_gap,7.656249999999998e-13
1.5749999999999997e-05,5.8624999999999995e-05,420.0836037277309,518623.67189534864,-7038501.359807232,7057582.582234407,gas_gap,7.656249999999998e-13
1.5749999999999997e-05,5.949999999999999e-05,426.23572149610084,480558.35959477484,-7024001.925283456,7040421.818567558,gas_gap,7.656249999999998e-13
1.5749999999999997e-05,6.037499999999999e-05,432.376572186839,438111.4059929665,-7012806.251452693,7026478.002845743,gas_gap,7.656249999999998e-13
1.5749999999999997e-05,6.125e-05,438.5091764441627,392457.50606324896,-7005184.563582836,7016169.44378659,gas_gap,7.656249999999998e-13
1.5749999999999997e-05,6.212499999999999e-05,444.63672049785544,344835.74916599214,-7001244.230003008,7009731.268889934,gas_gap,7.656249999999998e-13
1.5749999999999997e-05,6.299999999999999e-05,450.76241285007427,296493.8861400125,-7000929.626294046,7007205.167314576,gas_gap,7.656249999999998e-13
1.5749999999999997e-05,6.3875e-05,456.8893452866286,248634.27813335852,-7004032.037065992,7008443.74882967,gas_gap,7.656249999999998e-13
1.5749999999999997e-05,6.474999999999999e-05,463.02036657288284,202364.7783433325,-7010208.505803735,7013128.745314532,gas_gap,7.656249999999998e-13
1.5749999999999997e-05,6.5625e-05,469.1579759389316,158657.30958451718,-7019007.87902881,7020800.791060313,gas_gap,7.656249999999998e-13
1.5749999999999997e-05,6.649999999999999e-05,475.3042416992577,118316.21637801529,-7029901.811616054,7030897.397062532,gas_gap,7.656249999999998e-13
1.5749999999999997e-05,6.737499999999998e-05,481.4607482685207,81957.65998029939,-7042318.2428004965,7042795.133390586,gas_gap,7.656249999999998e-13
1.5749999999999997e-05,6.824999999999999e-05,487.6285726288812,50000.46678714134,-7055674.829134219,7055851.992577305,gas_gap,7.656249999999998e-13
1.5749999999999997e-05,6.912499999999999e-05,493.8082891760434,22668.01290578663,-7069410.018049255,7069446.360366861,gas_gap,7.656249999999998e-13
1.5749999999999997e-05,7e-05,500.0,0.0,-7083009.828282608,7083009.828282608,gas_gap,7.656249999999998e-13
1.6624999999999998e-05,0.0,0.0,0.0,-7142857.143081239,7142857.143081239,gas_gap,7.656249999999998e-13
1.6624999999999998e-05,8.749999999999999e-07,6.250000000351436,0.00014426254240194804,-7142857.143491285,7142857.143491285,gas_gap,7.656249999999998e-13
1.6624999999999998e-05,1.7499999999999998e-06,12.500000001248175,0.0005123683218869547,-7142857.144382984,7142857.144382984,gas_gap,7.656249999999998e-13
1.6624999999999998e-05,2.6249999999999994e-06,18.75000000329427,0.0013522775677555924,-7142857.146222028,7142857.146222028,gas_gap,7.656249999999998e-13
1.6624999999999998e-05,3.4999999999999995e-06,25.000000007657412,0.0031433203794339346,-7142857.149868631,7142857.149868631,gas_gap,7.656249999999998e-13
1.6624999999999998e-05,4.375e-06,31.250000016533544,0.006786917068271825,-7142857.156876739,7142857.156876739,gas_gap,7.656249999999998e-13
1.6624999999999998e-05,5.249999999999999e-06,37.5000000339554,0.01393848153812603,-7142857.16999744,7142857.16999744,gas_gap,7.656249999999998e-13
1.6624999999999998e-05,6.124999999999999e-06,43.75000006717427,0.027574625502051888,-7142857.194011365,7142857.194011365,gas_gap,7.656249999999998e-13
1.6624999999999998e-05,6.999999999999999e-06,50.000000128981014,0.052945913304293796,-7142857.23708222,7142857.23708222,gas_gap,7.656249999999998e-13
1.6624999999999998e-05,7.874999999999998e-06,56.25000024154076,0.09915099258956243,-7142857.3129218435,7142857.312921844,gas_gap,7.656249999999998e-13
1.6624999999999998e-05,8.75e-06,62.50000044262799,0.18169605782738907,-7142857.444198023,7142857.444198024,gas_gap,7.656249999999998e-13
1.6624999999999998e-05,9.624999999999998e-06,68.7500007956075,0.3265919731157623,-7142857.667813432,7142857.66781344,gas_gap,7.656249999999998e-13
1.6624999999999998e-05,1.0499999999999998e-05,75.0000014051689,0.5768131658934511,-7142858.042954322,7142858.042954345,gas_gap,7.656249999999998e-13
1.6624999999999998e-05,1.1374999999999999e-05,81.25000244175911,1.0023270376085767,-7142858.663168796,7142858.663168867,gas_gap,7.656249999999998e-13
1.6624999999999998e-05,1.2249999999999998e-05,87.50000417895721,1.7154361412147803,-7142859.674205123,7142859.674205329,gas_gap,7.656249999999998e-13
1.6624999999999998e-05,1.3124999999999999e-05,93.75000704980124,2.893899890418008,-7142861.299935627,7142861.299936213,gas_gap,7.656249999999998e-13
1.6624999999999998e-05,1.3999999999999998e-05,100.00001173041902,4.815264601468007,-7142863.879419635,7142863.879421258,gas_gap,7.656249999999998e-13
1.6624999999999998e-05,1.4874999999999997e-05,106.2500192623541,7.907077452662222,-7142867.919014152,7142867.919018528,gas_gap,7.656249999999998e-13
1.6624999999999998e-05,1.5749999999999997e-05,112.50003122880867,12.819233193871074,-7142874.164396745,7142874.164408249,gas_gap,7.656249999999998e-13
1.6624999999999998e-05,1.6624999999999998e-05,118.75005000471988,20.526628847539882,-7142883.698362861,7142883.698392355,gas_gap,7.656249999999998e-13
1.6624999999999998e-05,1.75e-05,125.00007910613367,32.472579564003944,-7142898.071198269,7142898.071272081,gas_gap,7.656249999999998e-13
1.6624999999999998e-05,1.8374999999999996e-05,131.25012367063144,50.76603081275993,-7142919.471151203,7142919.471331605,gas_gap,7.656249999999998e-13
1.6624999999999998e-05,1.9249999999999997e-05,137.5001911073167,78.448373835975,-7142950.942819228,7142950.9432500135,gas_gap,7.656249999999998e-13
1.6624999999999998e-05,2.0124999999999998e-05,143.75029196158303,119.8484276119243,-7142996.660836045,7142996.66184148,gas_gap,7.656249999999998e-13
1.6624999999999998e-05,2.0999999999999995e-05,150.00044104578288,181.04657137761546,-7143062.264741605,7143062.267035989,gas_gap,7.656249999999998e-13
1.6624999999999998e-05,2.1874999999999996e-05,156.25065889088515,270.47064113393645,-7143155.257944466,7143155.263065058,gas_gap,7.656249999999998e-13
1.6624999999999998e-05,2.2749999999999997e-05,162.50097357477978,399.64643737718194,-7143285.468820414,7143285.479999952,gas_gap,7.656249999999998e-13
1.6624999999999998e-05,2.3624999999999998e-05,168.75142297823055,584.1237798114132,-7143465.564853387,7143465.588735394,gas_gap,7.656249999999998e-13
1.6624999999999998e-05,2.4499999999999996e-05,175.00205750747466,844.5941176938934,-7143711.601039179,7143711.650966952,gas_gap,7.656249999999998e-13
1.6624999999999998e-05,2.5374999999999997e-05,181.25294330083955,1208.206826107317,-7144043.571466884,7144043.673633374,gas_gap,7.656249999999998e-13
1.6624999999999998e-05,2.6249999999999998e-05,187.50416590327671,1710.0775796376918,-7144485.918306199,7144486.122965101,gas_gap,7.656249999999998e-13
1.6624999999999998e-05,2.7124999999999995e-05,193.7558343455769,2394.9628448391322,-7145067.936022009,7145068.337407056,gas_gap,7.656249999999998e-13
1.6624999999999998e-05,2.7999999999999996e-05,200.0080855031919,3319.0491497661033,-7145823.991696722,7145824.762502627,gas_gap,7.656249999999998e-13
1.6624999999999998e-05,2.8874999999999997e-05,206.26108853332295,4551.774481344561,-7146793.466639736,7146794.916146352,gas_gap,7.656249999999998e-13
1.6624999999999998e-05,2.9749999999999995e-05,212.51504910031352,6177.56278302261,-7148020.3123704875,7148022.981800144,gas_gap,7.656249999999998e-13
1.6624999999999998e-05,3.0625e-05,218.77021300279586,8297.312876084887,-7149552.108456678,7149556.923120362,gas_gap,7.656249999999998e-13
1.6624999999999998e-05,3.149999999999999e-05,225.02686871854758,11029.443107501884,-7151438.513770614,7151447.018950564,gas_gap,7.656249999999998e-13
1.6624999999999998e-05,3.2374999999999994e-05,231.28534829450504,14510.256694969632,-7153729.019694485,7153743.735609234,gas_gap,7.656249999999998e-13
1.6624999999999998e-05,3.3249999999999995e-05,237.5460259423925,18893.36524137105,-7156469.946422858,7156494.885997176,gas_gap,7.656249999999998e-13
1.6624999999999998e-05,3.4124999999999996e-05,243.80931366952555,24347.89520647925,-7159700.673566916,7159742.073222717,gas_gap,7.656249999999998e-13
1.6624999999999998e-05,3.5e-05,250.07565329502873,31055.210613654956,-7163449.163989229,7163516.479436914,gas_gap,7.656249999999998e-13
1.6624999999999998e-05,3.5875e-05,256.3455042887783,39203.921010816346,-7167726.923297996,7167834.135524731,gas_gap,7.656249999999998e-13
1.6624999999999998e-05,3.674999999999999e-05,262.61932703588997,48983.01164620817,-7172523.632253098,7172690.889105644,gas_gap,7.656249999999998e-13
1.6624999999999998e-05,3.762499999999999e-05,268.8975613804779,60573.03581344778,-7177801.788259314,7178057.36980461,gas_gap,7.656249999999998e-13
1.6624999999999998e-05,3.8499999999999994e-05,275.1806006381461,74135.44714022847,-7183491.785272748,7183874.323344176,gas_gap,7.656249999999998e-13
1.6624999999999998e-05,3.9374999999999995e-05,281.46876167709513,89800.31806682306,-7189487.936844554,7190048.740527303,gas_gap,7.656249999999998e-13
1.6624999999999998e-05,4.0249999999999996e-05,287.7622521315714,107652.88116975866,-7195645.99157348,7196451.23507911,gas_gap,7.656249999999998e-13
1.6624999999999998e-05,4.1125e-05,294.0611362960164,127719.5289203069,-7201782.691142157,7202915.118790613,gas_gap,7.656249999999998e-13
1.6624999999999998e-05,4.199999999999999e-05,300.3653017105499,149954.09723189118,-7207677.867629975,7209237.579300575,gas_gap,7.656249999999998e-13
1.6624999999999998e-05,4.287499999999999e-05,306.67442883745593,174225.41784459064,-7213079.462134978,7215183.284109735,gas_gap,7.656249999999998e-13
1.6624999999999998e-05,4.374999999999999e-05,312.98796648964384,200307.2318599618,-7217711.669848376,7220490.61603163,gas_gap,7.656249999999998e-13
1.6624999999999998e-05,4.4624999999999994e-05,319.30511575330144,227871.59008979631,-7221286.183704252,7224880.594759195,gas_gap,7.656249999999998e-13
1.6624999999999998e-05,4.5499999999999995e-05,325.624825004555,256486.80742535333,-7223516.233530889,7228068.362880053,gas_gap,7.656249999999998e-13
1.6624999999999998e-05,4.6374999999999996e-05,331.9457982259069,285620.8766840227,-7224132.821856733,7229776.920004204,gas_gap,7.656249999999998e-13
1.6624999999999998e-05,4.7249999999999997e-05,338.2665181763881,314650.97981361684,-7222902.269100604,7229752.584153646,gas_gap,7.656249999999998e-13
1.6624999999999998e-05,4.812499999999999e-05,344.5852850798999,342879.3692181954,-7219643.931647732,7227781.455025697,gas_gap,7.656249999999998e-13
1.6624999999999998e-05,4.899999999999999e-05,350.9002704177268,369555.4492520658,-7214246.778687029,7223705.961199422,gas_gap,7.656249999999998e-13
1.6624999999999998e-05,4.987499999999999e-05,357.20958421939105,393903.39870065474,-7206683.436659568,7217440.408048499,gas_gap,7.656249999999998e-13
1.6624999999999998e-05,5.0749999999999994e-05,363.51135303903715,415154.17960476875,-7197020.355229548,7208984.324191013,gas_gap,7.656249999999998e-13
1.6624999999999998e-05,5.1624999999999994e-05,369.8038046946138,432580.3221717457,-7185422.926141212,7198432.354523167,gas_gap,7.656249999999998e-13
1.6624999999999998e-05,5.2499999999999995e-05,376.08535494965696,445531.507112275,-7172154.692639374,7185979.491967587,gas_gap,7.656249999999998e-13
1.6624999999999998e-05,5.337499999999999e-05,382.3546907382115,453468.72895719943,-7157570.20381721,7171920.601255566,gas_gap,7.656249999999998e-13
1.6624999999999998e-05,5.424999999999999e-05,388.61084435559303,455994.75090702256,-7142101.562585158,7156643.483025832,gas_gap,7.656249999999998e-13
1.6624999999999998e-05,5.512499999999999e-05,394.8532533105379,452878.67377020157,-7126239.243633049,7140615.159119806,gas_gap,7.656249999999998e-13
1.6624999999999998e-05,5.599999999999999e-05,401.0818012648295,444072.7414269325,-7110508.267334451,7124361.6148753995,gas_gap,7.656249999999998e-13
1.6624999999999998e-05,5.687499999999999e-05,407.29683663560184,429719.9769600149,-7095441.254107355,7108441.872104398,gas_gap,7.656249999999998e-13
1.6624999999999998e-05,5.7749999999999994e-05,413.49916691945896,410151.85274089366,-7081550.203195965,7093417.922461047,gas_gap,7.656249999999998e-13
1.6624999999999998e-05,5.8624999999999995e-05,419.6900284947799,385875.8944621029,-7069299.002892364,7079822.638895829,gas_gap,7.656249999999998e-13
1.6624999999999998e-05,5.949999999999999e-05,425.87103342154217,357553.84279353364,-7059078.664326172,7068128.206225564,gas_gap,7.656249999999998e-13
1.6624999999999998e-05,6.037499999999999e-05,432.0440964283723,325971.6820170501,-7051187.075392865,7058717.780848333,gas_gap,7.656249999999998e-13
1.6624999999999998e-05,6.125e-05,438.21134670220783,292003.4302273055,-7045814.712053589,7051862.942503584,gas_gap,7.656249999999998e-13
1.6624999999999998e-05,6.212499999999999e-05,444.37503014767935,256571.01741161378,-7043037.255927038,7047709.02317568,gas_gap,7.656249999999998e-13
1.6624999999999998e-05,6.299999999999999e-05,450.537408368733,220602.81802931015,-7042815.498560259,7046269.633648933,gas_gap,7.656249999999998e-13
1.6624999999999998e-05,6.3875e-05,456.7006606984795,184993.4348696849,-7045002.320977968,7047430.756916299,gas_gap,7.656249999999998e-13
1.6624999999999998e-05,6.474999999999999e-05,462.86679517016125,150567.15318350468,-7049355.98053205,7050963.778653296,gas_gap,7.656249999999998e-13
1.6624999999999998e-05,6.5625e-05,469.03757343715046,118047.12080560437,-7055558.468869307,7056545.927744245,gas_gap,7.656249999999998e-13
1.6624999999999998e-05,6.649999999999999e-05,475.2144534097015,88031.8008959896,-7063237.3669102155,7063785.932436355,gas_gap,7.656249999999998e-13
1.6624999999999998e-05,6.737499999999998e-05,481.39855190752354,60979.641051364335,-7071989.441363928,7072252.341042819,gas_gap,7.656249999999998e-13
1.6624999999999998e-05,6.824999999999999e-05,487.5906280721056,37202.26416680823,-7081404.21089824,7081501.93155283,gas_gap,7.656249999999998e-13
1.6624999999999998e-05,6.912499999999999e-05,493.79108678258666,16865.87062972309,-7091085.8492236575,7091105.906602446,gas_gap,7.656249999999998e-13
1.6624999999999998e-05,7e-05,500.0,0.0,-7100672.06203719,7100672.06203719,gas_gap,7.656249999999998e-13
1.75e-05,0.0,0.0,0.0,-7142857.1430121455,7142857.1430121455,gas_gap,7.656249999999998e-13
1.75e-05,8.749999999999999e-07,6.25000000024308,0.00010503502708320516,-7142857.143295765,7142857.143295765,gas_gap,7.656249999999998e-13
1.75e-05,1.7499999999999998e-06,12.500000000863334,0.00037304638938101753,-7142857.143912534,7142857.143912534,gas_gap,7.656249999999998e-13
1.75e-05,2.6249999999999994e-06,18.750000002278576,0.0009845695811839614,-7142857.145184561,7142857.145184561,gas_gap,7.656249999999998e-13
1.75e-05,3.4999999999999995e-06,25.000000005296464,0.0022885964415152,-7142857.147706837,7142857.147706837,gas_gap,7.656249999999998e-13
1.75e-05,4.375e-06,31.250000011435894,0.004941435290189177,-7142857.1525541935,7142857.1525541935,gas_gap,7.656249999999998e-13
1.75e-05,5.249999999999999e-06,37.50000002348621,0.010148363958377413,-7142857.161629499,7142857.161629499,gas_gap,7.656249999999998e-13
1.75e-05,6.124999999999999e-06,43.75000004646299,0.020076601231298893,-7142857.17823941,7142857.17823941,gas_gap,7.656249999999998e-13
1.75e-05,6.999999999999999e-06,50.00000008921337,0.03854899092494044,-7142857.208030588,7142857.208030588,gas_gap,7.656249999999998e-13
1.75e-05,7.874999999999998e-06,56.25000016706851,0.07219009881965545,-7142857.260487213,7142857.260487213,gas_gap,7.656249999999998e-13
1.75e-05,8.75e-06,62.500000306156196,0.1322897131650282,-7142857.351288103,7142857.3512881035,gas_gap,7.656249999999998e-13
1.75e-05,9.624999999999998e-06,68.75000055030448,0.23778588793890748,-7142857.505958037,7142857.505958041,gas_gap,7.656249999999998e-13
1.75e-05,1.0499999999999998e-05,75.0000009719249,0.4199675500849196,-7142857.765434865,7142857.765434877,gas_gap,7.656249999999998e-13
1.75e-05,1.1374999999999999e-05,81.25000168891188,0.7297767375270103,-7142858.194423783,7142858.19442382,gas_gap,7.656249999999998e-13
1.75e-05,1.2249999999999998e-05,87.50000289049419,1.2489789695372118,-7142858.89373571,7142858.893735819,gas_gap,7.656249999999998e-13
1.75e-05,1.3124999999999999e-05,93.75000487619481,2.1069977577355896,-7142860.0182182845,7142860.018218596,gas_gap,7.656249999999998e-13
1.75e-05,1.3999999999999998e-05,100.00000811367676,3.505909707447113,-7142861.802391498,7142861.802392359,gas_gap,7.656249999999998e-13
1.75e-05,1.4874999999999997e-05,106.25001332335309,5.757004420976865,-7142864.596491525,7142864.596493845,gas_gap,7.656249999999998e-13
1.75e-05,1.5749999999999997e-05,112.50002160029052,9.33345886801721,-7142868.916287384,7142868.916293482,gas_gap,7.656249999999998e-13
1.75e-05,1.6624999999999998e-05,118.7500345871816,14.945078473115402,-7142875.510725233,7142875.510740868,gas_gap,7.656249999999998e-13
1.75e-05,1.75e-05,125.00005471599914,23.642715684737755,-7142885.452104157,7142885.452143285,gas_gap,7.656249999999998e-13
1.75e-05,1.8374999999999996e-05,131.25008554029694,36.961856713077474,-7142900.253988059,7142900.254083691,gas_gap,7.656249999999998e-13
1.75e-05,1.9249999999999997e-05,137.5001321847914,57.11688518241289,-7142922.02225913,7142922.022487491,gas_gap,7.656249999999998e-13
1.75e-05,2.0124999999999998e-05,143.75020194350284,87.25953827310349,-7142953.644421071,7142953.644954059,gas_gap,7.656249999999998e-13
1.75e-05,2.0999999999999995e-05,150.0003050618146,131.81683347147538,-7142999.02122151,7142999.022437783,gas_gap,7.656249999999998e-13
1.75e-05,2.1874999999999996e-05,156.25045574055312,196.924930364538,-7143063.342605616,7143063.345320097,gas_gap,7.656249999999998e-13
1.75e-05,2.2749999999999997e-05,162.50067340058672,290.9755621570956,-7143153.406648029,7143153.412574457,gas_gap,7.656249999999998e-13
1.75e-05,2.3624999999999998e-05,168.75098424321914,425.29027986690653,-7143277.975173003,7143277.987833285,gas_gap,7.656249999999998e-13
1.75e-05,2.4499999999999996e-05,175.00142313335286,614.9341648168248,-7143448.15307336,7143448.179541252,gas_gap,7.656249999999998e-13
1.75e-05,2.5374999999999997e-05,181.25203581743628,879.6742008657525,-7143677.76982744,7143677.823989087,gas_gap,7.656249999999998e-13
1.75e-05,2.6249999999999998e-05,187.50288146505946,1245.0774948300168,-7143983.731554582,7143983.840052726,gas_gap,7.656249999999998e-13
1.75e-05,2.7124999999999995e-05,193.7540354904586,1743.7304450801846,-7144386.300601604,7144386.513397756,gas_gap,7.656249999999998e-13
1.75e-05,2.7999999999999996e-05,200.0055925674189,2416.54147730772,-7144909.247934991,7144909.656594663,gas_gap,7.656249999999998e-13
1.75e-05,2.8874999999999997e-05,206.25766969831236,3314.0671720077225,-7145579.812753414,7145580.581273318,gas_gap,7.656249999999998e-13
1.75e-05,2.9749999999999995e-05,212.51040913671042,4497.775121799172,-7146428.395370844,7146429.810761716,gas_gap,7.656249999999998e-13
1.75e-05,3.0625e-05,218.76398089620295,6041.127988921634,-7147487.905543645,7147490.458553972,gas_gap,7.656249999999998e-13
1.75e-05,3.149999999999999e-05,225.01858451061986,8030.344095013581,-7148792.691238137,7148797.201538598,gas_gap,7.656249999999998e-13
1.75e-05,3.2374999999999994e-05,231.27444964963476,10564.663422428455,-7150376.984571357,7150384.789198481,gas_gap,7.656249999999998e-13
1.75e-05,3.3249999999999995e-05,237.53183514739152,13755.927885224184,-7152272.824218549,7152286.052557403,gas_gap,7.656249999999998e-13
1.75e-05,3.4124999999999996e-05,243.79102598042587,17727.27549266493,-7154507.448203772,7154529.410289655,gas_gap,7.656249999999998e-13
1.75e-05,3.5e-05,250.05232774545615,22610.754209443643,-7157100.19783337,7157135.913759944,gas_gap,7.656249999999998e-13
1.75e-05,3.5875e-05,256.31605824784316,28543.687339613436,-7160059.031287309,7160115.92598932,gas_gap,7.656249999999998e-13
1.75e-05,3.674999999999999e-05,262.5825359259992,35663.671728046254,-7163376.810970725,7163465.588207585,gas_gap,7.656249999999998e-13
1.75e-05,3.762499999999999e-05,268.85206501057047,44102.165061327316,-7167027.597150838,7167163.28677426,gas_gap,7.656249999999998e-13
1.75e-05,3.8499999999999994e-05,275.12491754944097,53976.718894247584,-7170963.244834816,7171166.386645513,gas_gap,7.656249999999998e-13
1.75e-05,3.9374999999999995e-05,281.40131271348116,65382.03668939237,-7175110.652995248,7175408.538435115,gas_gap,7.656249999999998e-13
1.75e-05,4.0249999999999996e-05,287.6813941188019,78380.17479094406,-7179370.0460625,7179797.887830808,gas_gap,7.656249999999998e-13
1.75e-05,4.1125e-05,293.9652062364755,92990.34909437093,-7183614.668227979,7184216.51306563,gas_gap,7.656249999999998e-13
1.75e-05,4.199999999999999e-05,300.252671280439,109178.94833785054,-7187692.234110025,7188521.384474399,gas_gap,7.656249999999998e-13
1.75e-05,4.287499999999999e-05,306.5435682333757,126850.47121173017,-7191428.400025966,7192547.078382363,gas_gap,7.656249999999998e-13
1.75e-05,4.374999999999999e-05,312.837515851114,145840.1825801237,-7194632.397763732,7196110.38671632,gas_gap,7.656249999999998e-13
1.75e-05,4.4624999999999994e-05,319.13396154227536,165909.30839058582,-7197104.8115708055,7199016.847274791,gas_gap,7.656249999999998e-13
1.75e-05,4.5499999999999995e-05,325.4321779214053,186743.5462862259,-7198647.288731099,7201069.083103922,gas_gap,7.656249999999998e-13
1.75e-05,4.6374999999999996e-05,331.73126856127357,207955.55116759118,-7199073.769520253,7202076.6901120925,gas_gap,7.656249999999998e-13
1.75e-05,4.7249999999999997e-05,338.0301840191666,229091.8601337086,-7198222.622833666,7201867.258444431,gas_gap,7.656249999999998e-13
1.75e-05,4.812499999999999e-05,344.3277485967756,249644.45539689256,-7195968.901395898,7200297.964943347,gas_gap,7.656249999999998e-13
1.75e-05,4.899999999999999e-05,350.6226975473123,269066.8414312695,-7192235.807599943,7197267.042237672,gas_gap,7.656249999999998e-13
1.75e-05,4.987499999999999e-05,356.9137236191356,286794.15641666343,-7187004.40774802,7192724.327064414,gas_gap,7.656249999999998e-13
1.75e-05,5.0749999999999994e-05,363.19953099032784,302266.4773021765,-7180320.663633507,7186680.030160171,gas_gap,7.656249999999998e-13
1.75e-05,5.1624999999999994e-05,369.47889388095103,314954.14608995116,-7172298.973143364,7179210.867100409,gas_gap,7.656249999999998e-13
1.75e-05,5.2499999999999995e-05,375.75071650895876,324383.6767105741,-7163121.62343146,7170462.757855146,gas_gap,7.656249999999998e-13
1.75e-05,5.337499999999999e-05,382.01409065507215,330162.62873489235,-7153033.848425703,7160649.45365551,gas_gap,7.656249999999998e-13
1.75e-05,5.424999999999999e-05,388.2683469789223,332001.78101583023,-7142334.524349527,7150046.687981336,gas_gap,7.656249999999998e-13
1.75e-05,5.512499999999999e-05,394.5130964174863,329733.0199014765,-7131362.901921785,7138981.7693645675,gas_gap,7.656249999999998e-13
1.75e-05,5.599999999999999e-05,400.74825850213944,323321.5749985365,-7120482.126362483,7127818.919747269,gas_gap,7.656249999999998e-13
1.75e-05,5.687499999999999e-05,406.97407422546655,312871.5789052942,-7110060.599677728,7116941.081389975,gas_gap,7.656249999999998e-13
1.75e-05,5.7749999999999994e-05,413.1911021153775,298624.37084212084,-7100452.460654394,7106729.322330624,gas_gap,7.656249999999998e-13
1.75e-05,5.8624999999999995e-05,419.4001973480159,280949.4713648945,-7091978.570775897,7097541.310468348,gas_gap,7.656249999999998e-13
1.75e-05,5.949999999999999e-05,425.6024749503498,260328.68224992367,-7084909.383970961,7089690.543449817,gas_gap,7.656249999999998e-13
1.75e-05,6.037499999999999e-05,431.7992592986955,237334.26486844203,-7079450.942844376,7083428.068768735,gas_gap,7.656249999999998e-13
1.75e-05,6.125e-05,437.9920231055376,212602.5764668602,-7075734.995492596,7078928.279193042,gas_gap,7.656249999999998e-13
1.75e-05,6.212499999999999e-05,444.1823198144608,186804.85810036882,-7073813.889251943,7076280.025181564,gas_gap,7.656249999999998e-13
1.75e-05,6.299999999999999e-05,450.3717137279265,160617.04293121534,-7073660.504484797,7075483.783260907,gas_gap,7.656249999999998e-13
1.75e-05,6.3875e-05,456.5617122434411,134690.47556096662,-7075173.082182676,7076455.02119876,gas_gap,7.656249999999998e-13
1.75e-05,6.474999999999999e-05,462.75370427410263,109625.3036246015,-7078184.414192236,7079033.289122793,gas_gap,7.656249999999998e-13
1.75e-05,6.5625e-05,468.94890831738974,85948.03837828118,-7082474.5410239,7082996.024956726,gas_gap,7.656249999999998e-13
1.75e-05,6.649999999999999e-05,475.14833277824573,64094.41035311137,-7087785.868467279,7088075.663442298,gas_gap,7.656249999999998e-13
1.75e-05,6.737499999999998e-05,481.35275013667234,44398.20720411546,-7093839.488789474,7093978.424939834,gas_gap,7.656249999999998e-13
1.75e-05,6.824999999999999e-05,487.5626854743937,27086.316096038012,-7100351.4809443755,7100403.144995969,gas_gap,7.656249999999998e-13
1.75e-05,6.912499999999999e-05,493.77841883754024,12279.744616166407,-7107048.060461477,7107058.669086466,gas_gap,7.656249999999998e-13
1.75e-05,7e-05,500.0,0.0,-7113678.63621901,7113678.63621901,gas_gap,7.656249999999998e-13
1.8374999999999996e-05,0.0,0.0,0.0,-7142857.142962347,7142857.142962347,gas_gap,7.656249999999998e-13
1.8374999999999996e-05,8.749999999999999e-07,6.2500000001649845,7.485444314207788e-05,-7142857.143154847,7142857.143154847,gas_gap,7.656249999999998e-13
1.8374999999999996e-05,1.7499999999999998e-06,12.500000000585969,0.0002658558817827337,-7142857.143573464,7142857.143573464,gas_gap,7.656249999999998e-13
1.8374999999999996e-05,2.6249999999999994e-06,18.750000001546525,0.0007016650519428354,-7142857.14443682,7142857.14443682,gas_gap,7.656249999999998e-13
1.8374999999999996e-05,3.4999999999999995e-06,25.000000003594845,0.0016309950781547772,-7142857.146148753,7142857.146148753,gas_gap,7.656249999999998e-13
1.8374999999999996e-05,4.375e-06,31.250000007761834,0.0035215717769721704,-7142857.149438778,7142857.149438778,gas_gap,7.656249999999998e-13
1.8374999999999996e-05,5.249999999999999e-06,37.50000001594069,0.00723235052156178,-7142857.155598418,7142857.155598418,gas_gap,7.656249999999998e-13
1.8374999999999996e-05,6.124999999999999e-06,43.75000003153561,0.014307825180679428,-7142857.166871989,7142857.166871989,gas_gap,7.656249999999998e-13
1.8374999999999996e-05,6.999999999999999e-06,50.000000060551386,0.02747239020645547,-7142857.187092018,7142857.187092018,gas_gap,7.656249999999998e-13
1.8374999999999996e-05,7.874999999999998e-06,56.250000113393654,0.05144712004726002,-7142857.2226956645,7142857.2226956645,gas_gap,7.656249999999998e-13
1.8374999999999996e-05,8.75e-06,62.500000207796006,0.09427781462415383,-7142857.284324539,7142857.28432454,gas_gap,7.656249999999998e-13
1.8374999999999996e-05,9.624999999999998e-06,68.75000037350564,0.16946090007299594,-7142857.38930296,7142857.3893029615,gas_gap,7.656249999999998e-13
1.8374999999999996e-05,1.0499999999999998e-05,75.00000065967016,0.2992947969104296,-7142857.565416486,7142857.5654164925,gas_gap,7.656249999999998e-13
1.8374999999999996e-05,1.1374999999999999e-05,81.25000114630747,0.5200839455427857,-7142857.8565821815,7142857.8565822,gas_gap,7.656249999999998e-13
1.8374999999999996e-05,1.2249999999999998e-05,87.50000196185195,0.8900995016339965,-7142858.331222983,7142858.331223039,gas_gap,7.656249999999998e-13
1.8374999999999996e-05,1.3124999999999999e-05,93.75000330959752,1.5015766476831136,-7142859.094437923,7142859.094438081,gas_gap,7.656249999999998e-13
1.8374999999999996e-05,1.3999999999999998e-05,100.00000550695889,2.498527644968077,-7142860.3054016875,7142860.305402124,gas_gap,7.656249999999998e-13
1.8374999999999996e-05,1.4874999999999997e-05,106.2500090428988,4.102796677124955,-7142862.201828482,7142862.20182966,gas_gap,7.656249999999998e-13
1.8374999999999996e-05,1.5749999999999997e-05,112.50001466066686,6.651598857602707,-7142865.133783863,7142865.13378696,gas_gap,7.656249999999998e-13
1.8374999999999996e-05,1.6624999999999998e-05,118.75002347520034,10.650785341669962,-7142869.609596648,7142869.609604589,gas_gap,7.656249999999998e-13
1.8374999999999996e-05,1.75e-05,125.00003713714106,16.849258443524462,-7142876.357063515,7142876.357083388,gas_gap,7.656249999999998e-13
1.8374999999999996e-05,1.8374999999999996e-05,131.2500580583764,26.34130040793873,-7142886.403478803,7142886.403527373,gas_gap,7.656249999999998e-13
1.8374999999999996e-05,1.9249999999999997e-05,137.5000897171818,40.70501767903243,-7142901.178158345,7142901.178274327,gas_gap,7.656249999999998e-13
1.8374999999999996e-05,2.0124999999999998e-05,143.75013706419452,62.186532699170456,-7142922.640924387,7142922.641195086,gas_gap,7.656249999999998e-13
1.8374999999999996e-05,2.0999999999999995e-05,150.0002070532169,93.94081136803004,-7142953.439313609,7142953.439931342,gas_gap,7.656249999999998e-13
1.8374999999999996e-05,2.1874999999999996e-05,156.25030932271125,140.3408597357991,-7142997.095873875,7142997.097252537,gas_gap,7.656249999999998e-13
1.8374999999999996e-05,2.2749999999999997e-05,162.50045705411515,207.3671448284433,-7143058.224631443,7143058.227641437,gas_gap,7.656249999999998e-13
1.8374999999999996e-05,2.3624999999999998e-05,168.7506680309202,303.0881026760453,-7143142.7724594055,7143142.778889516,gas_gap,7.656249999999998e-13
1.8374999999999996e-05,2.4499999999999996e-05,175.000965916823,438.24004005766886,-7143258.2765311245,7143258.289974173,gas_gap,7.656249999999998e-13
1.8374999999999996e-05,2.5374999999999997e-05,181.2513817611022,626.9101297045985,-7143414.123265486,7143414.150774483,gas_gap,7.656249999999998e-13
1.8374999999999996e-05,2.6249999999999998e-05,187.5019557236644,887.3190699556327,-7143621.78727592,7143621.84238348,gas_gap,7.656249999999998e-13
1.8374999999999996e-05,2.7124999999999995e-05,193.7527389900708,1242.6899395471821,-7143895.021132852,7143895.129216626,gas_gap,7.656249999999998e-13
1.8374999999999996e-05,2.7999999999999996e-05,200.00379581782883,1722.1766075264554,-7144249.958796168,7144250.166368148,gas_gap,7.656249999999998e-13
1.8374999999999996e-05,2.8874999999999997e-05,206.25520561942577,2361.808813545259,-7144705.088203201,7144705.4785720585,gas_gap,7.656249999999998e-13
1.8374999999999996e-05,2.9749999999999995e-05,212.50706494598074,3205.392157930929,-7145281.042820679,7145281.761794384,gas_gap,7.656249999999998e-13
1.8374999999999996e-05,3.0625e-05,218.75948919004367,4305.280667967345,-7146000.159337746,7146001.456247873,gas_gap,7.656249999999998e-13
1.8374999999999996e-05,3.149999999999999e-05,225.01261378030284,5722.918841115151,-7146885.750593242,7146888.041926555,gas_gap,7.656249999999998e-13
1.8374999999999996e-05,3.2374999999999994e-05,231.26659459941035,7529.03121396738,-7147961.05079615,7147965.016003493,gas_gap,7.656249999999998e-13
1.8374999999999996e-05,3.3249999999999995e-05,237.5216073246866,9803.323237450582,-7149247.8054106925,7149254.526754248,gas_gap,7.656249999999998e-13
1.8374999999999996e-05,3.4124999999999996e-05,243.7778453769586,12633.550657138985,-7150764.501576959,7150775.6616758285,gas_gap,7.656249999999998e-13
1.8374999999999996e-05,3.5e-05,250.03551617249593,16113.819002774599,-7152524.26673177,7152542.418004223,gas_gap,7.656249999999998e-13
1.8374999999999996e-05,3.5875e-05,256.29483541388464,20341.99333652555,-7154532.5022943895,7154561.420735706,gas_gap,7.656249999999998e-13
1.8374999999999996e-05,3.674999999999999e-05,262.5560192333788,25416.133662630597,-7156784.363797545,7156829.49424865,gas_gap,7.656249999999998e-13
1.8374999999999996e-05,3.762499999999999e-05,268.8192741200604,31429.924842219774,-7159262.245284476,7159331.235313205,gas_gap,7.656249999999998e-13
1.8374999999999996e-05,3.8499999999999994e-05,275.08478471975116,38467.14136860946,-7161933.469523336,7162036.773351813,gas_gap,7.656249999999998e-13
1.8374999999999996e-05,3.9374999999999995e-05,281.3526997892987,46595.27477440834,-7164748.420986519,7164899.933401731,gas_gap,7.656249999999998e-13
1.8374999999999996e-05,4.0249999999999996e-05,287.623116804612,55858.55024064613,-7167639.379455793,7167857.033420826,gas_gap,7.656249999999998e-13
1.8374999999999996e-05,4.1125e-05,293.8960659493398,66270.66220045334,-7170520.312538137,7170826.546025953,gas_gap,7.656249999999998e-13
1.8374999999999996e-05,4.199999999999999e-05,300.17149442810137,77807.65719414242,-7173287.860269609,7173709.832284087,gas_gap,7.656249999999998e-13
1.8374999999999996e-05,4.287499999999999e-05,306.44925223081947,90401.47509404045,-7175823.691156019,7176393.110278671,gas_gap,7.656249999999998e-13
1.8374999999999996e-05,4.374999999999999e-05,312.72908059737284,103934.71547473599,-7177998.3259571,7178750.754311209,gas_gap,7.656249999999998e-13
1.8374999999999996e-05,4.4624999999999994e-05,319.01060446993034,118237.21320913854,-7179676.416126815,7180649.934293903,gas_gap,7.656249999999998e-13
1.8374999999999996e-05,4.5499999999999995e-05,325.29333015347316,133084.97703874455,-7180723.334629006,7181956.503599761,gas_gap,7.656249999999998e-13
1.8374999999999996e-05,4.6374999999999996e-05,331.5766492200276,148201.96093844727,-7181012.797993838,7182541.933478516,gas_gap,7.656249999999998e-13
1.8374999999999996e-05,4.7249999999999997e-05,337.85984938611733,163264.99925693398,-7180435.103077373,7182290.980563801,gas_gap,7.656249999999998e-13
1.8374999999999996e-05,4.812499999999999e-05,344.14213267538065,177912.04716345234,-7178905.444984065,7181109.669441608,gas_gap,7.656249999999998e-13
1.8374999999999996e-05,4.899999999999999e-05,350.4226406719866,191753.63821614056,-7176371.699223668,7178933.083905123,gas_gap,7.656249999999998e-13
1.8374999999999996e-05,4.987499999999999e-05,356.70048611097894,204387.2170182356,-7172821.015013671,7175732.398013613,gas_gap,7.656249999999998e-13
1.8374999999999996e-05,5.0749999999999994e-05,362.9747894850456,215413.747844787,-7168284.587792884,7171520.551065132,gas_gap,7.656249999999998e-13
1.8374999999999996e-05,5.1624999999999994e-05,369.2447188261487,224455.76371562263,-7162840.062318429,7166355.988102952,gas_gap,7.656249999999998e-13
1.8374999999999996e-05,5.2499999999999995e-05,375.5095303991274,231175.8292337546,-7156611.161520544,7160343.9569075415,gas_gap,7.656249999999998e-13
1.8374999999999996e-05,5.337499999999999e-05,381.76860777244457,235294.2671276437,-7149764.331906899,7153634.977684508,gas_gap,7.656249999999998e-13
1.8374999999999996e-05,5.424999999999999e-05,388.0214966477581,236604.96055693194,-7142502.428376245,7146420.281981791,gas_gap,7.656249999999998e-13
1.8374999999999996e-05,5.512499999999999e-05,394.2679329580933,234988.10135716407,-7135055.709024838,7138924.245197408,gas_gap,7.656249999999998e-13
1.8374999999999996e-05,5.599999999999999e-05,400.50786208734695,230418.91000002282,-7127670.649754946,7131394.096911466,gas_gap,7.656249999999998e-13
1.8374999999999996e-05,5.687499999999999e-05,406.7414476033191,222971.5978021893,-7120597.294383335,7124087.461717867,gas_gap,7.656249999999998e-13
1.8374999999999996e-05,5.7749999999999994e-05,412.9690685931158,212818.15798774193,-7114076.005916905,7117258.530244065,gas_gap,7.656249999999998e-13
1.8374999999999996e-05,5.8624999999999995e-05,419.19130548654863,200221.93371189228,-7108324.561209846,7111143.852450075,gas_gap,7.656249999999998e-13
1.8374999999999996e-05,5.949999999999999e-05,425.40891508079636,185526.2866576139,-7103526.52422619,7105948.8517316235,gas_gap,7.656249999999998e-13
1.8374999999999996e-05,6.037499999999999e-05,431.622796263768,169139.0455984592,-7099821.741325251,7101836.155202447,gas_gap,7.656249999999998e-13
1.8374999999999996e-05,6.125e-05,437.833948602905,151513.7179846788,-7097299.633292865,7098916.712532735,gas_gap,7.656249999999998e-13
1.8374999999999996e-05,6.212499999999999e-05,444.0434264599009,133128.67162171524,-7095995.729598348,7097244.4397586975,gas_gap,7.656249999999998e-13
1.8374999999999996e-05,6.299999999999999e-05,450.2522915666451,114465.61820010009,-7095891.623453496,7096814.800285226,gas_gap,7.656249999999998e-13
1.8374999999999996e-05,6.3875e-05,456.461567032186,95988.74608439952,-7096918.248429655,7097567.362432618,gas_gap,7.656249999999998e-13
1.8374999999999996e-05,6.474999999999999e-05,462.6721955471888,78125.75752087244,-7098962.116097976,7099391.999304058,gas_gap,7.656249999999998e-13
1.8374999999999996e-05,6.5625e-05,468.8850041369011,61251.87692733872,-7101873.93435528,7102138.070461744,gas_gap,7.656249999999998e-13
1.8374999999999996e-05,6.649999999999999e-05,475.10067723142,45677.6327738876,-7105478.867455628,7105625.685468827,gas_gap,7.656249999999998e-13
1.8374999999999996e-05,6.737499999999998e-05,481.31973913258105,31640.90274511915,-7109587.613622954,7109658.021487915,gas_gap,7.656249999999998e-13
1.8374999999999996e-05,6.824999999999999e-05,487.54254622671294,19303.380638280654,-7114007.468417948,7114033.657582062,gas_gap,7.656249999999998e-13
1.8374999999999996e-05,6.912499999999999e-05,493.7692885882511,8751.30392875427,-7118552.607353111,7118557.986627223,gas_gap,7.656249999999998e-13
1.8374999999999996e-05,7e-05,500.0,0.0,-7123052.947856966,7123052.947856966,gas_gap,7.656249999999998e-13
1.9249999999999997e-05,0.0,0.0,0.0,-7142857.142927211,7142857.142927211,gas_gap,7.656249999999998e-13
1.9249999999999997e-05,8.749999999999999e-07,6.250000000109882,5.2228200272514835e-05,-7142857.1430554185,7142857.1430554185,gas_gap,7.656249999999998e-13
1.9249999999999997e-05,1.7499999999999998e-06,12.500000000390264,0.00018549565870151237,-7142857.143334224,7142857.143334224,gas_gap,7.656249999999998e-13
1.9249999999999997e-05,2.6249999999999994e-06,18.75000000103001,0.0004895728472328283,-7142857.143909232,7142857.143909232,gas_gap,7.656249999999998e-13
1.9249999999999997e-05,3.4999999999999995e-06,25.00000000239422,0.001137994406339646,-7142857.145049405,7142857.145049405,gas_gap,7.656249999999998e-13
1.9249999999999997e-05,4.375e-06,31.250000005169497,0.002457106730359852,-7142857.147240612,7142857.147240612,gas_gap,7.656249999999998e-13
1.9249999999999997e-05,5.249999999999999e-06,37.500000010616745,0.0050462288626501196,-7142857.151343025,7142857.151343025,gas_gap,7.656249999999998e-13
1.9249999999999997e-05,6.124999999999999e-06,43.750000021003196,0.009983000709554341,-7142857.1588513935,7142857.1588513935,gas_gap,7.656249999999998e-13
1.9249999999999997e-05,6.999999999999999e-06,50.00000004032814,0.01916831436370501,-7142857.172318239,7142857.172318239,gas_gap,7.656249999999998e-13
1.9249999999999997e-05,7.874999999999998e-06,56.25000007552188,0.03589620570915693,-7142857.196030807,7142857.196030807,gas_gap,7.656249999999998e-13
1.9249999999999997e-05,8.75e-06,62.50000013839528,0.06578047176303728,-7142857.237076568,7142857.237076568,gas_gap,7.656249999999998e-13
1.9249999999999997e-05,9.624999999999998e-06,68.7500002487604,0.11823797567465774,-7142857.306993784,7142857.306993785,gas_gap,7.656249999999998e-13
1.9249999999999997e-05,1.0499999999999998e-05,75.0000004393503,0.20882699726841694,-7142857.424288056,7142857.424288059,gas_gap,7.656249999999998e-13
1.9249999999999997e-05,1.1374999999999999e-05,81.25000076345812,0.3628782384336403,-7142857.618208813,7142857.618208822,gas_gap,7.656249999999998e-13
1.9249999999999997e-05,1.2249999999999998e-05,87.50000130662306,0.6210492401308585,-7142857.934326765,7142857.934326792,gas_gap,7.656249999999998e-13
1.9249999999999997e-05,1.3124999999999999e-05,93.750002204242,1.0476952681468858,-7142858.442639456,7142858.442639533,gas_gap,7.656249999999998e-13
1.9249999999999997e-05,1.3999999999999998e-05,100.0000036677179,1.743298016126093,-7142859.249159637,7142859.249159849,gas_gap,7.656249999999998e-13
1.9249999999999997e-05,1.4874999999999997e-05,106.25000602270735,2.8626448549429724,-7142860.512208562,7142860.512209136,gas_gap,7.656249999999998e-13
1.9249999999999997e-05,1.5749999999999997e-05,112.50000976422584,4.641020929217503,-7142862.464935186,7142862.464936694,gas_gap,7.656249999999998e-13
1.9249999999999997e-05,1.6624999999999998e-05,118.75001563483845,7.431373830788778,-7142865.44589419,7142865.445898056,gas_gap,7.656249999999998e-13
1.9249999999999997e-05,1.75e-05,125.00002473389758,11.756235267978116,-7142869.939809167,7142869.939818841,gas_gap,7.656249999999998e-13
1.9249999999999997e-05,1.8374999999999996e-05,131.25003866775668,18.37911893263349,-7142876.630873682,7142876.630897327,gas_gap,7.656249999999998e-13
1.9249999999999997e-05,1.9249999999999997e-05,137.5000597529999,28.40111723764469,-7142886.471033698,7142886.471090161,gas_gap,7.656249999999998e-13
1.9249999999999997e-05,2.0124999999999998e-05,143.7500912868264,43.38941748455594,-7142900.765560466,7142900.76569225,gas_gap,7.656249999999998e-13
1.9249999999999997e-05,2.0999999999999995e-05,150.00013790057375,65.54533443765628,-7142921.277753457,7142921.278054188,gas_gap,7.656249999999998e-13
1.9249999999999997e-05,2.1874999999999996e-05,156.25020601360364,97.9200461726229,-7142950.353682821,7142950.354353995,gas_gap,7.656249999999998e-13
1.9249999999999997e-05,2.2749999999999997e-05,162.50030440495277,144.6863047191844,-7142991.06635982,7142991.067825181,gas_gap,7.656249999999998e-13
1.9249999999999997e-05,2.3624999999999998e-05,168.7504449186956,211.47370098973718,-7143047.376491875,7143047.379622271,gas_gap,7.656249999999998e-13
1.9249999999999997e-05,2.4499999999999996e-05,175.00064331521182,305.7732796986182,-7143124.303950428,7143124.310494994,gas_gap,7.656249999999998e-13
1.9249999999999997e-05,2.5374999999999997e-05,181.25092027379065,437.41408569339313,-7143228.10023241,7143228.11362489,gas_gap,7.656249999999998e-13
1.9249999999999997e-05,2.6249999999999998e-05,187.50130254153723,619.109249177136,-7143366.407603897,7143366.434432723,gas_gap,7.656249999999998e-13
1.9249999999999997e-05,2.7124999999999995e-05,193.75182420880938,867.0622118732392,-7143548.385484776,7143548.438105466,gas_gap,7.656249999999998e-13
1.9249999999999997e-05,2.7999999999999996e-05,200.0025280720788,1201.61450659394,-7143784.779336328,7143784.880394622,gas_gap,7.656249999999998e-13
1.9249999999999997e-05,2.8874999999999997e-05,206.25346702126305,1647.9051682356592,-7144087.902404413,7144088.092463063,gas_gap,7.656249999999998e-13
1.9249999999999997e-05,2.9749999999999995e-05,212.50470536086758,2236.498683967337,-7144471.496889913,7144471.846945634,gas_gap,7.656249999999998e-13
1.9249999999999997e-05,3.0625e-05,218.75631994407573,3003.92403600136,-7144950.439365602,7144951.0708296895,gas_gap,7.656249999999998e-13
1.9249999999999997e-05,3.149999999999999e-05,225.00840096844203,3993.0529014795566,-7145540.256534711,7145541.372228533,gas_gap,7.656249999999998e-13
1.9249999999999997e-05,3.2374999999999994e-05,231.26105225417027,5253.231920445065,-7146256.422731798,7146258.353563849,gas_gap,7.656249999999998e-13
1.9249999999999997e-05,3.3249999999999995e-05,237.51439080501257,6840.073987457835,-7147113.420764894,7147116.693876617,gas_gap,7.656249999999998e-13
1.9249999999999997e-05,3.4124999999999996e-05,243.76854544216482,8814.808930201069,-7148123.563348884,7148128.998399513,gas_gap,7.656249999999998e-13
1.9249999999999997e-05,3.5e-05,250.02365430799944,11243.097012084803,-7149295.593555219,7149304.434087171,gas_gap,7.656249999999998e-13
1.9249999999999997e-05,3.5875e-05,256.2798610637008,14193.221635563794,-7150633.108810814,7150647.194790259,gas_gap,7.656249999999998e-13
1.9249999999999997e-05,3.674999999999999e-05,262.53730965661873,17733.602220048917,-7152132.882627205,7152154.86768883,gas_gap,7.656249999999998e-13
1.9249999999999997e-05,3.762499999999999e-05,268.79613761160465,21929.605515785257,-7153783.189170928,7153816.801209173,gas_gap,7.656249999999998e-13
1.9249999999999997e-05,3.8499999999999994e-05,275.0564679055681,26839.68351080443,-7155562.26491139,7155612.60100313,gas_gap,7.656249999999998e-13
1.9249999999999997e-05,3.9374999999999995e-05,281.31839961281946,32510.927080862497,-7157437.065156865,7157510.901288308,gas_gap,7.656249999999998e-13
1.9249999999999997e-05,4.0249999999999996e-05,287.58199765378816,38974.19346722585,-7159362.487217862,7159468.570441437,gas_gap,7.656249999999998e-13
1.9249999999999997e-05,4.1125e-05,293.8472821312407,46239.037688489836,-7161281.23221955,7161430.509021666,gas_gap,7.656249999999998e-13
1.9249999999999997e-05,4.199999999999999e-05,300.11421788265517,54288.74669413575,-7163124.46086281,7163330.182940665,gas_gap,7.656249999999998e-13
1.9249999999999997e-05,4.287499999999999e-05,306.38270499905144,63075.8328825001,-7164813.362582964,7165091.003004862,gas_gap,7.656249999999998e-13
1.9249999999999997e-05,4.374999999999999e-05,312.6525711422756,72518.38243961157,-7166261.70224786,7166628.614690177,gas_gap,7.656249999999998e-13
1.9249999999999997e-05,4.4624999999999994e-05,318.92356651813975,82497.66602938766,-7167379.335678936,7167854.100525325,gas_gap,7.656249999999998e-13
1.9249999999999997e-05,4.5499999999999995e-05,325.1953623182954,92857.3982021296,-7168076.599234123,7168678.025193257,gas_gap,7.656249999999998e-13
1.9249999999999997e-05,4.6374999999999996e-05,331.4675533205106,103404.97332911944,-7168269.386212706,7169015.175170399,gas_gap,7.656249999999998e-13
1.9249999999999997e-05,4.7249999999999997e-05,337.7396651332182,113914.90899876648,-7167884.63266176,7168789.766316265,gas_gap,7.656249999999998e-13
1.9249999999999997e-05,4.812499999999999e-05,344.0111662920932,124134.59562459266,-7166865.857238335,7167940.821008461,gas_gap,7.656249999999998e-13
1.9249999999999997e-05,4.899999999999999e-05,350.2814850792105,133792.29073586222,-7165178.344243639,7166427.3583061155,gas_gap,7.656249999999998e-13
1.9249999999999997e-05,4.987499999999999e-05,356.5500305626907,142607.1193036471,-7162813.534862174,7164233.00330753,gas_gap,7.656249999999998e-13
1.9249999999999997e-05,5.0749999999999994e-05,362.8162169773633,150300.6620800873,-7159792.205727962,7161369.611898592,gas_gap,7.656249999999998e-13
1.9249999999999997e-05,5.1624999999999994e-05,369.0794902199327,156609.54898040005,-7156166.069423483,7157879.529860767,gas_gap,7.656249999999998e-13
1.9249999999999997e-05,5.2499999999999995e-05,375.3393549515346,161298.3411615034,-7152017.527291354,7153836.164292846,gas_gap,7.656249999999998e-13
1.9249999999999997e-05,5.337499999999999e-05,381.59540061944244,164171.89936463753,-7147457.4352228865,7149342.641170859,gas_gap,7.656249999999998e-13
1.9249999999999997e-05,5.424999999999999e-05,387.84732465409024,165086.40966018286,-7142620.8976484565,7144528.452611756,gas_gap,7.656249999999998e-13
1.9249999999999997e-05,5.512499999999999e-05,394.0949511828792,163958.27828209402,-7137661.269942405,7139544.153617445,gas_gap,7.656249999999998e-13
1.9249999999999997e-05,5.599999999999999e-05,400.3382438306586,160770.21580688108,-7132742.708783138,7134554.338708873,gas_gap,7.656249999999998e-13
1.9249999999999997e-05,5.687499999999999e-05,406.57731153605704,155574.0017061079,-7128031.747134076,7129729.2976773055,gas_gap,7.656249999999998e-13
1.9249999999999997e-05,5.7749999999999994e-05,412.81240677682,148489.6408342041,-7123688.470392869,7125235.897613732,gas_gap,7.656249999999998e-13
1.9249999999999997e-05,5.8624999999999995e-05,419.04391612798,139700.87564483652,-7119857.921237882,7121228.345817156,gas_gap,7.656249999999998e-13
1.9249999999999997e-05,5.949999999999999e-05,425.27234362790335,129447.27992937264,-7116662.35604523,7117839.537966022,gas_gap,7.656249999999998e-13
1.9249999999999997e-05,6.037499999999999e-05,431.4982879495314,118013.4081106082,-7114194.914605137,7115173.676551225,gas_gap,7.656249999999998e-13
1.9249999999999997e-05,6.125e-05,437.72241481989676,105715.68600032576,-7112515.152513295,7113300.752885242,gas_gap,7.656249999999998e-13
1.9249999999999997e-05,6.212499999999999e-05,443.94542645983273,92887.88522914394,-7111646.732933587,7112253.328816917,gas_gap,7.656249999999998e-13
1.9249999999999997e-05,6.299999999999999e-05,450.16802999883424,79866.11055705594,-7111577.396666701,7112025.848124867,gas_gap,7.656249999999998e-13
1.9249999999999997e-05,6.3875e-05,456.39090684300044,66974.24019156797,-7112261.144426649,7112576.476592031,gas_gap,7.656249999999998e-13
1.9249999999999997e-05,6.474999999999999e-05,462.61468483857055,54510.6948761518,-7113622.391203513,7113831.24205852,gas_gap,7.656249999999998e-13
1.9249999999999997e-05,6.5625e-05,468.8399147968669,42737.27999227056,-7115561.706198804,7115690.048746079,gas_gap,7.656249999999998e-13
1.9249999999999997e-05,6.649999999999999e-05,475.06705255868474,31870.660609429353,-7117962.646161657,7118033.996207123,gas_gap,7.656249999999998e-13
1.9249999999999997e-05,6.737499999999998e-05,481.29644731697584,22076.811155199197,-7120699.1332463715,7120733.356319868,gas_gap,7.656249999999998e-13
1.9249999999999997e-05,6.824999999999999e-05,487.5283364304247,13468.550263597912,-7123642.82338206,7123655.555750077,gas_gap,7.656249999999998e-13
1.9249999999999997e-05,6.912499999999999e-05,493.7628464914798,6106.048419451733,-7126669.954649795,7126672.570445159,gas_gap,7.656249999999998e-13
1.9249999999999997e-05,7e-05,500.0,0.0,-7129667.249484784,7129667.249484784,gas_gap,7.656249999999998e-13
2.0124999999999998e-05,0.0,0.0,0.0,-7142857.142902935,7142857.142902935,gas_gap,7.656249999999998e-13
2.0124999999999998e-05,8.749999999999999e-07,6.250000000071813,3.56848819558344e-05,-7142857.142986724,7142857.142986724,gas_gap,7.656249999999998e-13
2.0124999999999998e-05,1.7499999999999998e-06,12.500000000255053,0.00012673978137375488,-7142857.143168936,7142857.143168936,gas_gap,7.656249999999998e-13
2.0124999999999998e-05,2.6249999999999994e-06,18.750000000673154,0.00033450031153914794,-7142857.143544728,7142857.143544728,gas_gap,7.656249999999998e-13
2.0124999999999998e-05,3.4999999999999995e-06,25.000000001564725,0.0007775338963383877,-7142857.14428988,7142857.14428988,gas_gap,7.656249999999998e-13
2.0124999999999998e-05,4.375e-06,31.250000003378485,0.0016788164855054387,-7142857.145721927,7142857.145721927,gas_gap,7.656249999999998e-13
2.0124999999999998e-05,5.249999999999999e-06,37.5000000069385,0.0034478324036862945,-7142857.148403031,7142857.148403031,gas_gap,7.656249999999998e-13
2.0124999999999998e-05,6.124999999999999e-06,43.750000013726485,0.006820878376560285,-7142857.153310071,7142857.153310071,gas_gap,7.656249999999998e-13
2.0124999999999998e-05,6.999999999999999e-06,50.00000002635616,0.013096737620520773,-7142857.16211123,7142857.16211123,gas_gap,7.656249999999998e-13
2.0124999999999998e-05,7.874999999999998e-06,56.250000049356785,0.02452605789037138,-7142857.177608409,7142857.177608409,gas_gap,7.656249999999998e-13
2.0124999999999998e-05,8.75e-06,62.500000090447244,0.044944462141430316,-7142857.2044335725,7142857.2044335725,gas_gap,7.656249999999998e-13
2.0124999999999998e-05,9.624999999999998e-06,68.75000016257557,0.08078601565115384,-7142857.250127466,7142857.250127466,gas_gap,7.656249999999998e-13
2.0124999999999998e-05,1.0499999999999998e-05,75.00000028713423,0.14268090242114698,-7142857.326784296,7142857.326784298,gas_gap,7.656249999999998e-13
2.0124999999999998e-05,1.1374999999999999e-05,81.25000049895257,0.24793630711529902,-7142857.453519814,7142857.453519818,gas_gap,7.656249999999998e-13
2.0124999999999998e-05,1.2249999999999998e-05,87.50000085393413,0.4243314666634828,-7142857.660116432,7142857.660116445,gas_gap,7.656249999999998e-13
2.0124999999999998e-05,1.3124999999999999e-05,93.75000144056652,0.7158370722029798,-7142857.992320543,7142857.9923205795,gas_gap,7.656249999999998e-13
2.0124999999999998e-05,1.3999999999999998e-05,100.00000239701069,1.191107171886171,-7142858.519416017,7142858.519416117,gas_gap,7.656249999999998e-13
2.0124999999999998e-05,1.4874999999999997e-05,106.25000393609716,1.9559001305253645,-7142859.344872575,7142859.3448728435,gas_gap,7.656249999999998e-13
2.0124999999999998e-05,1.5749999999999997e-05,112.5000063813397,3.1709743615431107,-7142860.6210630415,7142860.621063746,gas_gap,7.656249999999998e-13
2.0124999999999998e-05,1.6624999999999998e-05,118.75001021803642,5.077481064591265,-7142862.5692473985,7142862.569249203,gas_gap,7.656249999999998e-13
2.0124999999999998e-05,1.75e-05,125.00001616466119,8.032439670405193,-7142865.50621327,7142865.506217786,gas_gap,7.656249999999998e-13
2.0124999999999998e-05,1.8374999999999996e-05,131.2500252710348,12.557520384412184,-7142869.879110451,7142869.879121489,gas_gap,7.656249999999998e-13
2.0124999999999998e-05,1.9249999999999997e-05,137.5000390511441,19.405043841277354,-7142876.310076388,7142876.310102747,gas_gap,7.656249999999998e-13
2.0124999999999998e-05,2.0124999999999998e-05,143.75005965985005,29.645789688135448,-7142885.652161738,7142885.652223259,gas_gap,7.656249999999998e-13
2.0124999999999998e-05,2.0999999999999995e-05,150.00009012393002,44.78380472540114,-7142899.057758214,7142899.057898604,gas_gap,7.656249999999998e-13
2.0124999999999998e-05,2.1874999999999996e-05,156.2501346387117,66.90380427714561,-7142918.060123117,7142918.0604364425,gas_gap,7.656249999999998e-13
2.0124999999999998e-05,2.2749999999999997e-05,162.5001989416716,98.8568183010332,-7142944.667600899,7142944.668284978,gas_gap,7.656249999999998e-13
2.0124999999999998e-05,2.3624999999999998e-05,168.7502907734195,144.4892609204742,-7142981.468683462,7142981.470144836,gas_gap,7.656249999999998e-13
2.0124999999999998e-05,2.4499999999999996e-05,175.0004204340384,208.91938329025075,-7143031.744071747,7143031.747126984,gas_gap,7.656249999999998e-13
2.0124999999999998e-05,2.5374999999999997e-05,181.2506014383294,298.8628735499858,-7143099.579386697,7143099.5856388165,gas_gap,7.656249999999998e-13
2.0124999999999998e-05,2.6249999999999998e-05,187.5008512666709,423.00596917710976,-7143189.969176443,7143189.981701243,gas_gap,7.656249999999998e-13
2.0124999999999998e-05,2.7124999999999995e-05,193.75119219857163,592.4196605974937,-7143308.899514098,7143308.924079818,gas_gap,7.656249999999998e-13
2.0124999999999998e-05,2.7999999999999996e-05,200.00165220335842,821.002286130626,-7143463.39301874,7143463.440197868,gas_gap,7.656249999999998e-13
2.0124999999999998e-05,2.8874999999999997e-05,206.2522658468572,1125.93007409917,-7143661.496923808,7143661.5856541125,gas_gap,7.656249999999998e-13
2.0124999999999998e-05,2.9749999999999995e-05,212.50307515481586,1528.086189363739,-7143912.1923460355,7143912.355775212,gas_gap,7.656249999999998e-13
2.0124999999999998e-05,3.0625e-05,218.7541303540807,2052.429033925826,-7144225.20176276,7144225.496578834,gas_gap,7.656249999999998e-13
2.0124999999999998e-05,3.149999999999999e-05,225.0054903926159,2728.2506517400802,-7144610.672539415,7144611.19344613,gas_gap,7.656249999999998e-13
2.0124999999999998e-05,3.2374999999999994e-05,231.25722312137037,3589.267100715224,-7145078.7178162625,7145079.6193344975,gas_gap,7.656249999999998e-13
2.0124999999999998e-05,3.3249999999999995e-05,237.50940500730636,4673.475852853714,-7145638.802728522,7145640.331029546,gas_gap,7.656249999999998e-13
2.0124999999999998e-05,3.4124999999999996e-05,243.76212024059166,6022.7121458557185,-7146298.974162614,7146301.512053575,gas_gap,7.656249999999998e-13
2.0124999999999998e-05,3.5e-05,250.01545910318202,7681.83830958802,-7147064.946090122,7147069.074401759,gas_gap,7.656249999999998e-13
2.0124999999999998e-05,3.5875e-05,256.2695154838132,9697.508931867715,-7147939.069583578,7147945.647817899,gas_gap,7.656249999999998e-13
2.0124999999999998e-05,3.674999999999999e-05,262.5243834582423,12116.471534003653,-7148919.235994611,7148929.503894706,gas_gap,7.656249999999998e-13
2.0124999999999998e-05,3.762499999999999e-05,268.78015290484865,14983.387903194356,-7149997.781988938,7150013.481411052,gas_gap,7.656249999999998e-13
2.0124999999999998e-05,3.8499999999999994e-05,275.03690419430876,18338.195320106395,-7151160.484167378,7151183.997054237,gas_gap,7.656249999999998e-13
2.0124999999999998e-05,3.9374999999999995e-05,281.29470207592675,22213.068593248954,-7152385.746408876,7152420.239740474,gas_gap,7.656249999999998e-13
2.0124999999999998e-05,4.0249999999999996e-05,287.5535889779834,26629.090911518742,-7153644.092174501,7153693.654748288,gas_gap,7.656249999999998e-13
2.0124999999999998e-05,4.1125e-05,293.8135780384974,31592.790734806717,-7154898.074195948,7154967.823586581,gas_gap,7.656249999999998e-13
2.0124999999999998e-05,4.199999999999999e-05,300.0746462772549,37092.74888282773,-7156102.703043467,7156198.835172602,gas_gap,7.656249999999998e-13
2.0124999999999998e-05,4.287499999999999e-05,306.3367283994592,43096.5194843688,-7157206.472638282,7157336.2225039415,gas_gap,7.656249999999998e-13
2.0124999999999998e-05,4.374999999999999e-05,312.599711774747,49548.13498230819,-7158153.024628844,7158324.506592537,gas_gap,7.656249999999998e-13
2.0124999999999998e-05,4.4624999999999994e-05,318.8634331519201,56366.47363933365,-7158883.445934387,7159105.347166218,gas_gap,7.656249999999998e-13
2.0124999999999998e-05,4.5499999999999995e-05,325.12767764064284,63444.75352930534,-7159339.137525321,7159620.249905172,gas_gap,7.656249999999998e-13
2.0124999999999998e-05,4.6374999999999996e-05,331.39218041083444,70651.37698872027,-7159465.132071182,7159813.726237117,gas_gap,7.656249999999998e-13
2.0124999999999998e-05,4.7249999999999997e-05,337.65663142729187,77832.28331476374,-7159213.679150054,7159636.748331248,gas_gap,7.656249999999998e-13
2.0124999999999998e-05,4.812499999999999e-05,343.9206833553207,84814.87718101543,-7158547.865785724,7159050.2938683545,gas_gap,7.656249999999998e-13
2.0124999999999998e-05,4.899999999999999e-05,350.1839625527754,91413.49073103003,-7157445.003782462,7158028.737610527,gas_gap,7.656249999999998e-13
2.0124999999999998e-05,4.987499999999999e-05,356.4460828203685,97436.2162942514,-7155899.499587846,7156562.824739774,gas_gap,7.656249999999998e-13
2.0124999999999998e-05,5.0749999999999994e-05,362.70666133547775,102692.82411085098,-7153924.931621888,7154661.958709517,gas_gap,7.656249999999998e-13
2.0124999999999998e-05,5.1624999999999994e-05,368.96533596787225,107003.36675133418,-7151555.096271626,7152355.557122757,gas_gap,7.656249999999998e-13
2.0124999999999998e-05,5.2499999999999995e-05,375.22178299239306,110206.98078790981,-7148843.8463429855,7149693.274400683,gas_gap,7.656249999999998e-13
2.0124999999999998e-05,5.337499999999999e-05,381.4757340952532,112170.33745608937,-7145863.630907911,7146743.959044385,gas_gap,7.656249999999998e-13
2.0124999999999998e-05,5.424999999999999e-05,387.7269915342849,112795.1759872593,-7142702.746496978,7143593.302851267,gas_gap,7.656249999999998e-13
2.0124999999999998e-05,5.512499999999999e-05,393.97544036921374,112024.38099819755,-7139461.417414171,7140340.24348165,gas_gap,7.656249999999998e-13
2.0124999999999998e-05,5.599999999999999e-05,400.2210568273211,109846.13950218208,-7136246.927078203,7137092.291584622,gas_gap,7.656249999999998e-13
2.0124999999999998e-05,5.687499999999999e-05,406.4639121046657,106295.82978758686,-7133168.111911803,7133960.058496657,gas_gap,7.656249999999998e-13
2.0124999999999998e-05,5.7749999999999994e-05,412.7041712062656,101455.44508875861,-7130329.594577372,7131051.348478993,gas_gap,7.656249999999998e-13
2.0124999999999998e-05,5.8624999999999995e-05,418.942086775458,95450.52731093553,-7127826.166676113,7128465.239132238,gas_gap,7.656249999999998e-13
2.0124999999999998e-05,5.949999999999999e-05,425.17798822289893,88444.76508248415,-7125737.727984977,7126286.595731257,gas_gap,7.656249999999998e-13
2.0124999999999998e-05,6.037499999999999e-05,431.4122668069913,80632.58001729306,-7124125.149345227,7124581.444302072,gas_gap,7.656249999999998e-13
2.0124999999999998e-05,6.125e-05,437.64535760885826,72230.16983388062,-7123027.352888884,7123393.56398602,gas_gap,7.656249999999998e-13
2.0124999999999998e-05,6.212499999999999e-05,443.8777195598841,63465.58376956853,-7122459.803506829,7122742.556971559,gas_gap,7.656249999999998e-13
2.0124999999999998e-05,6.299999999999999e-05,450.10981479947395,54568.46517072084,-7122414.4892873615,7122623.524699423,gas_gap,7.656249999999998e-13
2.0124999999999998e-05,6.3875e-05,456.3420886556921,45760.10360011442,-7122861.347727344,7123008.336793499,gas_gap,7.656249999999998e-13
2.0124999999999998e-05,6.474999999999999e-05,462.57495145294115,37244.39482571354,-7123750.9807861615,7123848.340693234,gas_gap,7.656249999999998e-13
2.0124999999999998e-05,6.5625e-05,468.8087631700064,29200.217194544795,-7125018.4061792595,7125078.241049529,gas_gap,7.656249999999998e-13
2.0124999999999998e-05,6.649999999999999e-05,475.0438217183673,21775.606966500294,-7126587.523255965,7126620.791348895,gas_gap,7.656249999999998e-13
2.0124999999999998e-05,6.737499999999998e-05,481.28035531057066,15083.966055194822,-7128375.934745317,7128391.893904833,gas_gap,7.656249999999998e-13
2.0124999999999998e-05,6.824999999999999e-05,487.5185190706807,9202.377714815537,-7130299.762301151,7130305.700601304,gas_gap,7.656249999999998e-13
2.0124999999999998e-05,6.912499999999999e-05,493.7583957322835,4171.953387783323,-7132278.122209821,7132279.342380521,gas_gap,7.656249999999998e-13
2.0124999999999998e-05,7e-05,500.0,0.0,-7134236.982732062,7134236.982732062,gas_gap,7.656249999999998e-13
2.0999999999999995e-05,0.0,0.0,0.0,-7142857.14288651,7142857.14288651,gas_gap,7.656249999999998e-13
2.0999999999999995e-05,8.749999999999999e-07,6.250000000046054,2.3879854503255026e-05,-7142857.142940245,7142857.142940245,gas_gap,7.656249999999998e-13
2.0999999999999995e-05,1.7499999999999998e-06,12.500000000163565,8.481259774728772e-05,-7142857.143057098,7142857.143057098,gas_gap,7.656249999999998e-13
2.0999999999999995e-05,2.6249999999999994e-06,18.750000000431697,0.00022384321687639327,-7142857.143298094,7142857.143298094,gas_gap,7.656249999999998e-13
2.0999999999999995e-05,3.4999999999999995e-06,25.000000001003464,0.0005203154753009912,-7142857.143775964,7142857.143775964,gas_gap,7.656249999999998e-13
2.0999999999999995e-05,4.375e-06,31.250000002166637,0.0011234419511644543,-7142857.144694341,7142857.144694341,gas_gap,7.656249999999998e-13
2.0999999999999995e-05,5.249999999999999e-06,37.50000000444968,0.0023072441784601633,-7142857.1464137435,7142857.1464137435,gas_gap,7.656249999999998e-13
2.0999999999999995e-05,6.124999999999999e-06,43.75000000880285,0.004564442259280832,-7142857.149560648,7142857.149560648,gas_gap,7.656249999999998e-13
2.0999999999999995e-05,6.999999999999999e-06,50.00000001690231,0.008764164870502222,-7142857.155204868,7142857.155204868,gas_gap,7.656249999999998e-13
2.0999999999999995e-05,7.874999999999998e-06,56.250000031652704,0.016412515941214244,-7142857.165143272,7142857.165143272,gas_gap,7.656249999999998e-13
2.0999999999999995e-05,8.75e-06,62.50000005800418,0.030076243995783566,-7142857.182346359,7142857.182346359,gas_gap,7.656249999999998e-13
2.0999999999999995e-05,9.624999999999998e-06,68.75000010426038,0.0540609410459835,-7142857.21165004,7142857.21165004,gas_gap,7.656249999999998e-13
2.0999999999999995e-05,1.0499999999999998e-05,75.00000018414035,0.09548018666355845,-7142857.260810378,7142857.260810379,gas_gap,7.656249999999998e-13
2.0999999999999995e-05,1.1374999999999999e-05,81.25000031998032,0.16591572160209145,-7142857.342086383,7142857.342086385,gas_gap,7.656249999999998e-13
2.0999999999999995e-05,1.2249999999999998e-05,87.50000054763143,0.2839570465055188,-7142857.474577637,7142857.474577643,gas_gap,7.656249999999998e-13
2.0999999999999995e-05,1.3124999999999999e-05,93.7500009238412,0.479028770598145,-7142857.687621491,7142857.687621507,gas_gap,7.656249999999998e-13
2.0999999999999995e-05,1.3999999999999998e-05,100.00000153721275,0.7970732815545996,-7142858.025649972,7142858.025650017,gas_gap,7.656249999999998e-13
2.0999999999999995e-05,1.4874999999999997e-05,106.25000252423519,1.3088626886211954,-7142858.555018635,7142858.555018755,gas_gap,7.656249999999998e-13
2.0999999999999995e-05,1.5749999999999997e-05,112.50000409237921,2.1219744114866357,-7142859.373444794,7142859.3734451085,gas_gap,7.656249999999998e-13
2.0999999999999995e-05,1.6624999999999998e-05,118.7500065528685,3.3977836669191515,-7142860.62282338,7142860.622824188,gas_gap,7.656249999999998e-13
2.0999999999999995e-05,1.75e-05,125.00001036646327,5.375203170711037,-7142862.506311591,7142862.506313614,gas_gap,7.656249999999998e-13
2.0999999999999995e-05,1.8374999999999996e-05,131.25001620641783,8.403327775402499,-7142865.310668415,7142865.310673359,gas_gap,7.656249999999998e-13
2.0999999999999995e-05,1.9249999999999997e-05,137.50002504365824,12.985600572603994,-7142869.4348731395,7142869.434884943,gas_gap,7.656249999999998e-13
2.0999999999999995e-05,2.0124999999999998e-05,143.75003826010555,19.838573244068915,-7142875.425990636,7142875.426018186,gas_gap,7.656249999999998e-13
2.0999999999999995e-05,2.0999999999999995e-05,150.00005779684443,29.968734162224585,-7142884.023054415,7142884.023117284,gas_gap,7.656249999999998e-13
2.0999999999999995e-05,2.1874999999999996e-05,156.2500863443558,44.77114745201725,-7142896.20934865,7142896.209488961,gas_gap,7.656249999999998e-13
2.0999999999999995e-05,2.2749999999999997e-05,162.50012758210667,66.15368493036107,-7142913.27283284,7142913.273139179,gas_gap,7.656249999999998e-13
2.0999999999999995e-05,2.3624999999999998e-05,168.7501864741817,96.69031642963466,-7142936.873517413,7142936.874171836,gas_gap,7.656249999999998e-13
2.0999999999999995e-05,2.4499999999999996e-05,175.00026962606623,139.80610842584787,-7142969.115329288,7142969.116697469,gas_gap,7.656249999999998e-13
2.0999999999999995e-05,2.5374999999999997e-05,181.25038570485742,199.99511125275114,-7143012.618393863,7143012.621193665,gas_gap,7.656249999999998e-13
2.0999999999999995e-05,2.6249999999999998e-05,187.50054592079334,283.07004098989984,-7143070.585735255,7143070.591344093,gas_gap,7.656249999999998e-13
2.0999999999999995e-05,2.7124999999999995e-05,193.75076456181392,396.43945908087596,-7143146.8562466055,7143146.867247656,gas_gap,7.656249999999998e-13
2.0999999999999995e-05,2.7999999999999996e-05,200.00105956476276,549.4039510598323,-7143245.933562215,7143245.954690195,gas_gap,7.656249999999998e-13
2.0999999999999995e-05,2.8874999999999997e-05,206.25145309684515,753.4576234161088,-7143372.97840576,7143373.018141777,gas_gap,7.656249999999998e-13
2.0999999999999995e-05,2.9749999999999995e-05,212.50197210934496,1022.5752159024154,-7143533.750404087,7143533.8235933585,gas_gap,7.656249999999998e-13
2.0999999999999995e-05,3.0625e-05,218.75264881294382,1373.458563462945,-7143734.484621628,7143734.6166526,gas_gap,7.656249999999998e-13
2.0999999999999995e-05,3.149999999999999e-05,225.003521011212,1825.7095173411947,-7143981.688605288,7143981.921893623,gas_gap,7.656249999999998e-13
2.0999999999999995e-05,3.2374999999999994e-05,231.25463221724016,2401.8904208364943,-7144281.847953225,7144282.251708113,gas_gap,7.656249999999998e-13
2.0999999999999995e-05,3.3249999999999995e-05,237.50603146960358,3127.428683349643,-7144641.032695319,7144641.717181051,gas_gap,7.656249999999998e-13
2.0999999999999995e-05,3.4124999999999996e-05,243.75777275980076,4030.319896700883,-7145064.403332702,7145065.540024848,gas_gap,7.656249999999998e-13
2.0999999999999995e-05,3.5e-05,250.00991398601874,5140.585343046116,-7145555.624258691,7145557.473353124,gas_gap,7.656249999999998e-13
2.0999999999999995e-05,3.5875e-05,256.2625153594872,6489.445660031258,-7146116.203225708,7146119.149784027,gas_gap,7.656249999999998e-13
2.0999999999999995e-05,3.674999999999999e-05,262.5156372113735,8108.1836751748715,-7146744.787948934,7146749.387429069,gas_gap,7.656249999999998e-13
2.0999999999999995e-05,3.762499999999999e-05,268.7693371810495,10026.686470112132,-7147436.463900793,7147443.496799415,gas_gap,7.656249999999998e-13
2.0999999999999995e-05,3.8499999999999994e-05,275.0236668105582,12271.679548734384,-7148182.10955729,7148192.6432850035,gas_gap,7.656249999999998e-13
2.0999999999999995e-05,3.9374999999999995e-05,281.2786676238931,14864.693870477642,-7148967.875237773,7148983.329138874,gas_gap,7.656249999999998e-13
2.0999999999999995e-05,4.0249999999999996e-05,287.53436683048363,17819.838028553473,-7149774.857517421,7149797.06424005,gas_gap,7.656249999999998e-13
2.0999999999999995e-05,4.1125e-05,293.790772855795,21141.480782609713,-7150579.041310101,7150610.294809315,gas_gap,7.656249999999998e-13
2.0999999999999995e-05,4.199999999999999e-05,300.04787096252227,24821.980567120296,-7151351.574710742,7151394.6525022015,gas_gap,7.656249999999998e-13
2.0999999999999995e-05,4.287499999999999e-05,306.30561927684556,28839.62503104658,-7152059.426660629,7152117.572191966,gas_gap,7.656249999999998e-13
2.0999999999999995e-05,4.374999999999999e-05,312.56394556845277,33156.96141995255,-7152666.454318698,7152743.305251951,gas_gap,7.656249999999998e-13
2.0999999999999995e-05,4.4624999999999994e-05,318.8227451436836,37719.704132264276,-7153134.876485602,7153234.327021205,gas_gap,7.656249999999998e-13
2.0999999999999995e-05,4.5499999999999995e-05,325.0818801924881,42456.39610493324,-7153427.1133643,7153553.104002634,gas_gap,7.656249999999998e-13
2.0999999999999995e-05,4.6374999999999996e-05,331.34118087825357,47278.97390926969,-7153507.91418123,7153664.15060334,gas_gap,7.656249999999998e-13
2.0999999999999995e-05,4.7249999999999997e-05,337.60044837413795,52084.342145590446,-7153346.656395763,7153536.269934275,gas_gap,7.656249999999998e-13
2.0999999999999995e-05,4.812499999999999e-05,343.8594599329828,56757.002287433774,-7152919.667565471,7153144.841812836,gas_gap,7.656249999999998e-13
2.0999999999999995e-05,4.899999999999999e-05,350.1179759365541,61172.70784287259,-7152212.397657755,7152473.997253966,gas_gap,7.656249999999998e-13
2.0999999999999995e-05,4.987499999999999e-05,356.37574871367093,65203.0367182984,-7151221.259504597,7151518.50577119,gas_gap,7.656249999999998e-13
2.0999999999999995e-05,5.0749999999999994e-05,362.6325327586221,68720.68965593263,-7149954.961002216,7150285.202531923,gas_gap,7.656249999999998e-13
2.0999999999999995e-05,5.1624999999999994e-05,368.88809583581127,71605.2481984609,-7148435.175911674,7148793.798661487,gas_gap,7.656249999999998e-13
2.0999999999999995e-05,5.2499999999999995e-05,375.1422303389717,73749.06465195779,-7146696.440257392,7147076.950315053,gas_gap,7.656249999999998e-13
2.0999999999999995e-05,5.337499999999999e-05,381.3947641973755,75062.9171576814,-7144785.215925149,7145179.509517924,gas_gap,7.656249999999998e-13
2.0999999999999995e-05,5.424999999999999e-05,387.645570598163,75481.05089932673,-7142758.127840683,7143156.939468641,gas_gap,7.656249999999998e-13
2.0999999999999995e-05,5.512499999999999e-05,393.89457582966656,74965.24501230114,-7140679.45025954,7141072.944545424,gas_gap,7.656249999999998e-13
2.0999999999999995e-05,5.599999999999999e-05,400.1417646463447,73507.5944009812,-7138617.984476377,7138996.434704544,gas_gap,7.656249999999998e-13
2.0999999999999995e-05,5.687499999999999e-05,406.38718270652066,71131.77375147038,-7136643.5277336715,7136998.008349164,gas_gap,7.656249999999998e-13
2.0999999999999995e-05,5.7749999999999994e-05,412.6309358285866,67892.65185971637,-7134823.174972186,7135146.189833585,gas_gap,7.656249999999998e-13
2.0999999999999995e-05,5.8624999999999995e-05,418.87318603374666,63874.23972048328,-7133217.716432986,7133503.690931497,gas_gap,7.656249999999998e-13
2.0999999999999995e-05,5.949999999999999e-05,425.1141445744,59186.07561482997,-7131878.392169404,7132123.974822614,gas_gap,7.656249999999998e-13
2.0999999999999995e-05,6.037499999999999e-05,431.35406236615887,53958.263934237744,-7130844.238900592,7131048.383913024,gas_gap,7.656249999999998e-13
2.0999999999999995e-05,6.125e-05,437.5932184283246,48335.48135351093,-7130140.217548806,7130304.0496646855,gas_gap,7.656249999999998e-13
2.0999999999999995e-05,6.212499999999999e-05,443.83190707546873,42470.33542824019,-7129776.245811742,7129902.737396406,gas_gap,7.656249999999998e-13
2.0999999999999995e-05,6.299999999999999e-05,450.07042467947946,36516.50047085847,-7129747.1856176965,7129840.698474973,gas_gap,7.656249999999998e-13
2.0999999999999995e-05,6.3875e-05,456.3090568310636,30622.060551497758,-7130033.757760606,7130099.515252101,gas_gap,7.656249999999998e-13
2.0999999999999995e-05,6.474999999999999e-05,462.5480666729365,24923.46004116211,-7130604.283075241,7130647.84018054,gas_gap,7.656249999999998e-13
2.0999999999999995e-05,6.5625e-05,468.7876850609637,19540.40198121407,-7131417.088157076,7131443.858894799,gas_gap,7.656249999999998e-13
2.0999999999999995e-05,6.649999999999999e-05,475.02810304699403,14571.950293227073,-7132423.369347974,7132438.254997827,gas_gap,7.656249999999998e-13
2.0999999999999995e-05,6.737499999999998e-05,481.26946698466577,10093.992048955013,-7133570.284941485,7133577.4264302775,gas_gap,7.656249999999998e-13
2.0999999999999995e-05,6.824999999999999e-05,487.51187635567516,6158.110350085187,-7134804.0434115855,7134806.700969929,gas_gap,7.656249999999998e-13
2.0999999999999995e-05,6.912499999999999e-05,493.7553842174087,2791.8164341395345,-7136072.773702317,7136073.319817733,gas_gap,7.656249999999998e-13
2.0999999999999995e-05,7e-05,500.0,0.0,-7137328.99895688,7137328.99895688,gas_gap,7.656249999999998e-13
2.1874999999999996e-05,0.0,0.0,0.0,-7142857.142875623,7142857.142875623,gas_gap,7.656249999999998e-13
2.1874999999999996e-05,8.749999999999999e-07,6.25000000002898,1.5653606316515316e-05,-7142857.142909438,7142857.142909438,gas_gap,7.656249999999998e-13
2.1874999999999996e-05,1.7499999999999998e-06,12.500000000102931,5.55959424139726e-05,-7142857.142982973,7142857.142982973,gas_gap,7.656249999999998e-13
2.1874999999999996e-05,2.6249999999999994e-06,18.750000000271665,0.0001467326190420381,-7142857.143134632,7142857.143134632,gas_gap,7.656249999999998e-13
2.1874999999999996e-05,3.4999999999999995e-06,25.000000000631474,0.00034107467487467434,-7142857.143435352,7142857.143435352,gas_gap,7.656249999999998e-13
2.1874999999999996e-05,4.375e-06,31.25000000136345,0.0007364332148920372,-7142857.144013282,7142857.144013282,gas_gap,7.656249999999998e-13
2.1874999999999996e-05,5.249999999999999e-06,37.500000002800164,0.0015124335050183853,-7142857.1450952925,7142857.1450952925,gas_gap,7.656249999999998e-13
2.1874999999999996e-05,6.124999999999999e-06,43.75000000553959,0.0029920610350246636,-7142857.147075622,7142857.147075622,gas_gap,7.656249999999998e-13
2.1874999999999996e-05,6.999999999999999e-06,50.000000010636526,0.005745042816620802,-7142857.150627499,7142857.150627499,gas_gap,7.656249999999998e-13
2.1874999999999996e-05,7.874999999999998e-06,56.25000001991887,0.010758652787113045,-7142857.156881683,7142857.156881683,gas_gap,7.656249999999998e-13
2.1874999999999996e-05,8.75e-06,62.50000003650172,0.01971543348077264,-7142857.167707491,7142857.167707491,gas_gap,7.656249999999998e-13
2.1874999999999996e-05,9.624999999999998e-06,68.75000006561048,0.035437765674778944,-7142857.186148138,7142857.186148138,gas_gap,7.656249999999998e-13
2.1874999999999996e-05,1.0499999999999998e-05,75.00000011587852,0.06258870852228211,-7142857.21708447,7142857.21708447,gas_gap,7.656249999999998e-13
2.1874999999999996e-05,1.1374999999999999e-05,81.25000020136187,0.10876026850689847,-7142857.268231016,7142857.268231017,gas_gap,7.656249999999998e-13
2.1874999999999996e-05,1.2249999999999998e-05,87.50000034462148,0.18613814486147398,-7142857.35160704,7142857.351607042,gas_gap,7.656249999999998e-13
2.1874999999999996e-05,1.3124999999999999e-05,93.75000058136821,0.31401061460427027,-7142857.485674374,7142857.48567438,gas_gap,7.656249999999998e-13
2.1874999999999996e-05,1.3999999999999998e-05,100.00000096735958,0.5224936087097136,-7142857.698393851,7142857.69839387,gas_gap,7.656249999999998e-13
2.1874999999999996e-05,1.4874999999999997e-05,106.25000158848742,0.8579793167190001,-7142858.03152266,7142858.031522711,gas_gap,7.656249999999998e-13
2.1874999999999996e-05,1.5749999999999997e-05,112.5000025753119,1.3909863666297988,-7142858.546553774,7142858.546553909,gas_gap,7.656249999999998e-13
2.1874999999999996e-05,1.6624999999999998e-05,118.75000412368436,2.227298657258912,-7142859.332780897,7142859.332781244,gas_gap,7.656249999999998e-13
2.1874999999999996e-05,1.75e-05,125.00000652355872,3.5235270924337483,-7142860.518049744,7142860.518050613,gas_gap,7.656249999999998e-13
2.1874999999999996e-05,1.8374999999999996e-05,131.25001019861023,5.508508635463359,-7142862.282816184,7142862.282818308,gas_gap,7.656249999999998e-13
2.1874999999999996e-05,1.9249999999999997e-05,137.5000157598374,8.51225785816035,-7142864.878155699,7142864.878160771,gas_gap,7.656249999999998e-13
2.1874999999999996e-05,2.0124999999999998e-05,143.75002407687552,13.004485240966519,-7142868.648333231,7142868.648345069,gas_gap,7.656249999999998e-13
2.1874999999999996e-05,2.0999999999999995e-05,150.00003637123865,19.64495915650661,-7142874.058418531,7142874.058445546,gas_gap,7.656249999999998e-13
2.1874999999999996e-05,2.1874999999999996e-05,156.2500543360317,29.348165268636965,-7142881.72718696,7142881.727247252,gas_gap,7.656249999999998e-13
2.1874999999999996e-05,2.2749999999999997e-05,162.50008028672318,43.36474245039922,-7142892.4651444005,7142892.465276035,gas_gap,7.656249999999998e-13
2.1874999999999996e-05,2.3624999999999998e-05,168.75011734718447,63.38196691284189,-7142907.316926352,7142907.317207559,gas_gap,7.656249999999998e-13
2.1874999999999996e-05,2.4499999999999996e-05,175.0001696742114,91.64502160781434,-7142927.606522537,7142927.607110448,gas_gap,7.656249999999998e-13
2.1874999999999996e-05,2.5374999999999997e-05,181.25024272196097,131.09982459698418,-7142954.982763563,7142954.983966649,gas_gap,7.656249999999998e-13
2.1874999999999996e-05,2.6249999999999998e-05,187.50034354497473,185.55669931120127,-7142991.461295021,7142991.463705165,gas_gap,7.656249999999998e-13
2.1874999999999996e-05,2.7124999999999995e-05,193.75048113457527,259.8720699884667,-7143039.457911406,7143039.46263863,gas_gap,7.656249999999998e-13
2.1874999999999996e-05,2.7999999999999996e-05,200.00066677832038,360.14261131517185,-7143101.806725194,7143101.815804072,gas_gap,7.656249999999998e-13
2.1874999999999996e-05,2.8874999999999997e-05,206.25091442591128,493.9028841873945,-7143181.75535162,7143181.772426648,gas_gap,7.656249999999998e-13
2.1874999999999996e-05,2.9749999999999995e-05,212.50124103764378,670.3135421775767,-7143282.928292411,7143282.959742954,gas_gap,7.656249999999998e-13
2.1874999999999996e-05,3.0625e-05,218.75166688352402,900.3228910613755,-7143409.249239578,7143409.305975884,gas_gap,7.656249999999998e-13
2.1874999999999996e-05,3.149999999999999e-05,225.0022157531323,1196.7802412229375,-7143564.813356853,7143564.913606727,gas_gap,7.656249999999998e-13
2.1874999999999996e-05,3.2374999999999994e-05,231.25291502901908,1574.4755504292825,-7143753.701995752,7143753.875502099,gas_gap,7.656249999999998e-13
2.1874999999999996e-05,3.3249999999999995e-05,237.50379557089195,2050.076870671888,-7143979.734992938,7143980.029143765,gas_gap,7.656249999999998e-13
2.1874999999999996e-05,3.4124999999999996e-05,243.75489135530628,2641.935736416421,-7144246.159823598,7144246.648316299,gas_gap,7.656249999999998e-13
2.1874999999999996e-05,3.5e-05,250.00623881727495,3369.7315528251597,-7144555.282470441,7144556.077137825,gas_gap,7.656249999999998e-13
2.1874999999999996e-05,3.5875e-05,256.2578758473962,4253.929920749783,-7144908.051753834,7144909.318104502,gas_gap,7.656249999999998e-13
2.1874999999999996e-05,3.674999999999999e-05,262.509840411744,5315.037207445417,-7145303.616688324,7145305.593484421,gas_gap,7.656249999999998e-13
2.1874999999999996e-05,3.762499999999999e-05,268.76216878246066,6572.644847600363,-7145738.884588538,7145741.907344607,gas_gap,7.656249999999998e-13
2.1874999999999996e-05,3.8499999999999994e-05,275.0148933946724,8044.271813805874,-7146208.115329226,7146212.642925363,gas_gap,7.656249999999998e-13
2.1874999999999996e-05,3.9374999999999995e-05,281.26804037920147,9744.031976085022,-7146702.593381967,7146709.236033861,gas_gap,7.656249999999998e-13
2.1874999999999996e-05,4.0249999999999996e-05,287.52162685879335,11681.173730979857,-7147210.42292473,7147219.96858804,gas_gap,7.656249999999998e-13
2.1874999999999996e-05,4.1125e-05,293.77565813554736,13858.56086660979,-7147716.491394922,7147729.926421971,gas_gap,7.656249999999998e-13
2.1874999999999996e-05,4.199999999999999e-05,300.0301249353578,16271.1842210316,-7148202.642446203,7148221.161163862,gas_gap,7.656249999999998e-13
2.1874999999999996e-05,4.287499999999999e-05,306.2850009072585,18904.81101927933,-7148648.089813661,7148673.086935517,gas_gap,7.656249999999998e-13
2.1874999999999996e-05,4.374999999999999e-05,312.5402405971085,21734.890413552348,-7149030.08900474,7149063.1287572505,gas_gap,7.656249999999998e-13
2.1874999999999996e-05,4.4624999999999994e-05,318.79577812175893,24725.837369797042,-7149324.864516964,7149367.621365833,gas_gap,7.656249999999998e-13
2.1874999999999996e-05,4.5499999999999995e-05,325.0515267580976,27830.810700880418,-7149508.7675892245,7149562.935722677,gas_gap,7.656249999999998e-13
2.1874999999999996e-05,4.6374999999999996e-05,331.30737962887156,30992.083495467898,-7149559.615102177,7149626.787402219,gas_gap,7.656249999999998e-13
2.1874999999999996e-05,4.7249999999999997e-05,337.5632116134346,34142.07515756111,-7149458.136458189,7149539.658346142,gas_gap,7.656249999999998e-13
2.1874999999999996e-05,4.812499999999999e-05,343.8188825382159,37205.074653697804,-7149189.434718485,7149286.243470071,gas_gap,7.656249999999998e-13
2.1874999999999996e-05,4.899999999999999e-05,350.07424161276913,40099.63652655456,-7148744.353626988,7148856.818706282,gas_gap,7.656249999999998e-13
2.1874999999999996e-05,4.987499999999999e-05,356.3291329789723,42741.57814866117,-7148120.635798448,7148248.419468244,gas_gap,7.656249999999998e-13
2.1874999999999996e-05,5.0749999999999994e-05,362.58340214142174,45047.45292844067,-7147323.761064414,7147465.719994136,gas_gap,7.656249999999998e-13
2.1874999999999996e-05,5.1624999999999994e-05,368.8369029555246,46938.32474323853,-7146367.368604393,7146521.51563146,gas_gap,7.656249999999998e-13
2.1874999999999996e-05,5.2499999999999995e-05,375.08950477579054,48343.62889923051,-7145273.1917499965,7145436.732012699,gas_gap,7.656249999999998e-13
2.1874999999999996e-05,5.337499999999999e-05,381.3410993190502,49204.87911663703,-7144070.468712284,7144239.916328107,gas_gap,7.656249999999998e-13
2.1874999999999996e-05,5.424999999999999e-05,387.59160678266306,49478.97211743302,-7142794.83324787,7142966.204494759,gas_gap,7.656249999999998e-13
2.1874999999999996e-05,5.512499999999999e-05,393.8409807802794,49140.85354597605,-7141486.732794856,7141655.800875044,gas_gap,7.656249999999998e-13
2.1874999999999996e-05,5.599999999999999e-05,400.08921171796294,48185.34149235278,-7140189.4636323415,7140352.05040347,gas_gap,7.656249999999998e-13
2.1874999999999996e-05,5.687499999999999e-05,406.3363283282474,46627.95507188609,-7138946.948783949,7139099.222153019,gas_gap,7.656249999999998e-13
2.1874999999999996e-05,5.7749999999999994e-05,412.58239720206905,44504.66161137476,-7137801.410729589,7137940.154128392,gas_gap,7.656249999999998e-13
2.1874999999999996e-05,5.8624999999999995e-05,418.82752029848723,41870.53159033604,-7136791.104436072,7136913.927586174,gas_gap,7.656249999999998e-13
2.1874999999999996e-05,5.949999999999999e-05,425.0718305574834,38797.36901109537,-7135948.274989207,7136053.742732297,gas_gap,7.656249999999998e-13
2.1874999999999996e-05,6.037499999999999e-05,431.31548587888227,35370.459272859065,-7135297.487983232,7135385.155085113,gas_gap,7.656249999999998e-13
2.1874999999999996e-05,6.125e-05,437.5586618480071,31684.640127266717,-7134854.451190246,7134924.803814632,gas_gap,7.656249999999998e-13
2.1874999999999996e-05,6.212499999999999e-05,443.8015436754106,27839.94813843624,-7134625.405763261,7134679.7225436075,gas_gap,7.656249999999998e-13
2.1874999999999996e-05,6.299999999999999e-05,450.0443178663041,23937.119145753044,-7134607.118341805,7134647.2736055115,gas_gap,7.656249999999998e-13
2.1874999999999996e-05,6.3875e-05,456.28716414136017,20073.22450010318,-7134787.456626763,7134815.693876081,gas_gap,7.656249999999998e-13
2.1874999999999996e-05,6.474999999999999e-05,462.53024809485294,16337.705553296882,-7135146.485092409,7135165.1897029895,gas_gap,7.656249999999998e-13
2.1874999999999996e-05,6.5625e-05,468.7737150031182,12809.029461996359,-7135657.978892797,7135669.475457239,gas_gap,7.656249999999998e-13
2.1874999999999996e-05,6.649999999999999e-05,475.01768509404127,9552.134127237394,-7136291.226152311,7136297.619054634,gas_gap,7.656249999999998e-13
2.1874999999999996e-05,6.737499999999998e-05,481.26225046716775,6616.764673957265,-7137012.973873579,7137016.041092701,gas_gap,7.656249999999998e-13
2.1874999999999996e-05,6.824999999999999e-05,487.5074737257859,4036.73460660122,-7137789.371342955,7137790.512818567,gas_gap,7.656249999999998e-13
2.1874999999999996e-05,6.912499999999999e-05,493.75338825861945,1830.0779580562692,-7138587.776388121,7138588.010971303,gas_gap,7.656249999999998e-13
2.1874999999999996e-05,7e-05,500.0,0.0,-7139378.312082298,7139378.312082298,gas_gap,7.656249999999998e-13
2.2749999999999997e-05,0.0,0.0,0.0,-7142857.142868554,7142857.142868554,gas_gap,7.656249999999998e-13
2.2749999999999997e-05,8.749999999999999e-07,6.250000000017896,1.0052907075974967e-05,-7142857.142889435,7142857.142889435,gas_gap,7.656249999999998e-13
2.2749999999999997e-05,1.7499999999999998e-06,12.500000000063562,3.5704286385384214e-05,-7142857.142934844,7142857.142934844,gas_gap,7.656249999999998e-13
2.2749999999999997e-05,2.6249999999999994e-06,18.750000000167756,9.423319805147731e-05,-7142857.143028495,7142857.143028495,gas_gap,7.656249999999998e-13
2.2749999999999997e-05,3.4999999999999995e-06,25.00000000038994,0.00021904166638367118,-7142857.143214192,7142857.143214192,gas_gap,7.656249999999998e-13
2.2749999999999997e-05,4.375e-06,31.250000000841943,0.0004729449896258295,-7142857.14357107,7142857.14357107,gas_gap,7.656249999999998e-13
2.2749999999999997e-05,5.249999999999999e-06,37.50000000172913,0.0009713003621727485,-7142857.144239223,7142857.144239223,gas_gap,7.656249999999998e-13
2.2749999999999997e-05,6.124999999999999e-06,43.750000003420745,0.0019215323895691574,-7142857.145462096,7142857.145462096,gas_gap,7.656249999999998e-13
2.2749999999999997e-05,6.999999999999999e-06,50.000000006568165,0.00368952562209596,-7142857.147655415,7142857.147655415,gas_gap,7.656249999999998e-13
2.2749999999999997e-05,7.874999999999998e-06,56.2500000123001,0.00690931754284745,-7142857.151517434,7142857.151517434,gas_gap,7.656249999999998e-13
2.2749999999999997e-05,8.75e-06,62.50000002254018,0.012661454283264116,-7142857.158202479,7142857.158202479,gas_gap,7.656249999999998e-13
2.2749999999999997e-05,9.624999999999998e-06,68.75000004051512,0.022758497825058007,-7142857.169589761,7142857.169589761,gas_gap,7.656249999999998e-13
2.2749999999999997e-05,1.0499999999999998e-05,75.00000007155613,0.040195112746380345,-7142857.188693251,7142857.188693251,gas_gap,7.656249999999998e-13
2.2749999999999997e-05,1.1374999999999999e-05,81.25000012434296,0.06984696374434769,-7142857.22027675,7142857.22027675,gas_gap,7.656249999999998e-13
2.2749999999999997e-05,1.2249999999999998e-05,87.50000021280717,0.11953983227574386,-7142857.2717622705,7142857.271762271,gas_gap,7.656249999999998e-13
2.2749999999999997e-05,1.3124999999999999e-05,93.75000035900064,0.20166084834751621,-7142857.354550175,7142857.354550178,gas_gap,7.656249999999998e-13
2.2749999999999997e-05,1.3999999999999998e-05,100.00000059735412,0.33555077277035317,-7142857.485906557,7142857.485906565,gas_gap,7.656249999999998e-13
2.2749999999999997e-05,1.4874999999999997e-05,106.2500009809067,0.5510031471140687,-7142857.691616893,7142857.691616914,gas_gap,7.656249999999998e-13
2.2749999999999997e-05,1.5749999999999997e-05,112.50000159028058,0.8933057600231193,-7142858.009653702,7142858.009653758,gas_gap,7.656249999999998e-13
2.2749999999999997e-05,1.6624999999999998e-05,118.7500025464159,1.4303941199954833,-7142858.495156731,7142858.495156875,gas_gap,7.656249999999998e-13
2.2749999999999997e-05,1.75e-05,125.00000402836206,2.2628453612344352,-7142859.227071974,7142859.227072333,gas_gap,7.656249999999998e-13
2.2749999999999997e-05,1.8374999999999996e-05,131.25000629774274,3.537620936658788,-7142860.316832714,7142860.31683359,gas_gap,7.656249999999998e-13
2.2749999999999997e-05,1.9249999999999997e-05,137.50000973185553,5.466659600640403,-7142861.919480548,7142861.91948264,gas_gap,7.656249999999998e-13
2.2749999999999997e-05,2.0124999999999998e-05,143.7500148677089,8.351614257757014,-7142864.247602482,7142864.247607364,gas_gap,7.656249999999998e-13
2.2749999999999997e-05,2.0999999999999995e-05,150.0000224595998,12.616194946932096,-7142867.588383691,7142867.588394833,gas_gap,7.656249999999998e-13
2.2749999999999997e-05,2.1874999999999996e-05,156.25003355303727,18.847693772947917,-7142872.323924084,7142872.3239489505,gas_gap,7.656249999999998e-13
2.2749999999999997e-05,2.2749999999999997e-05,162.50004957784606,27.849283891055283,-7142878.954719063,7142878.954773353,gas_gap,7.656249999999998e-13
2.2749999999999997e-05,2.3624999999999998e-05,168.75007246304764,40.704551448637815,-7142888.125841387,7142888.125957366,gas_gap,7.656249999999998e-13
2.2749999999999997e-05,2.4499999999999996e-05,175.00010477550458,58.85537604373391,-7142900.654867811,7142900.655110287,gas_gap,7.656249999999998e-13
2.2749999999999997e-05,2.5374999999999997e-05,181.2501498832128,84.1936565735408,-7142917.559967551,7142917.560463747,gas_gap,7.656249999999998e-13
2.2749999999999997e-05,2.6249999999999998e-05,187.50021214242153,119.16642195939646,-7142940.085821708,7142940.086815741,gas_gap,7.656249999999998e-13
2.2749999999999997e-05,2.7124999999999995e-05,193.75029710536137,166.89251782696496,-7142969.724207285,7142969.726156972,gas_gap,7.656249999999998e-13
2.2749999999999997e-05,2.7999999999999996e-05,200.00041174221107,231.28729140393787,-7143008.225216784,7143008.228961271,gas_gap,7.656249999999998e-13
2.2749999999999997e-05,2.8874999999999997e-05,206.2505646670491,317.18951523991115,-7143057.59428475,7143057.601327195,gas_gap,7.656249999999998e-13
2.2749999999999997e-05,2.9749999999999995e-05,212.50076635302597,430.48225533621957,-7143120.069576866,7143120.082548437,gas_gap,7.656249999999998e-13
2.2749999999999997e-05,3.0625e-05,218.75102931707104,578.196626336772,-7143198.074011774,7143198.09741245,gas_gap,7.656249999999998e-13
2.2749999999999997e-05,3.149999999999999e-05,225.0013682494856,768.5845876092898,-7143294.136393608,7143294.1777416365,gas_gap,7.656249999999998e-13
2.2749999999999997e-05,3.2374999999999994e-05,231.25180005926552,1011.1444022430013,-7143410.776997314,7143410.848560677,gas_gap,7.656249999999998e-13
2.2749999999999997e-05,3.3249999999999995e-05,237.5023438025856,1316.5804647665311,-7143550.354609829,7143550.475934942,gas_gap,7.656249999999998e-13
2.2749999999999997e-05,3.4124999999999996e-05,243.753020460305,1696.6783194790485,-7143714.874579223,7143715.076065238,gas_gap,7.656249999999998e-13
2.2749999999999997e-05,3.5e-05,250.00385253140473,2164.076282906882,-7143905.760872633,7143906.0886503365,gas_gap,7.656249999999998e-13
2.2749999999999997e-05,3.5875e-05,256.2548634137042,2731.917574539276,-7144123.599396028,7144124.12173955,gas_gap,7.656249999999998e-13
2.2749999999999997e-05,3.674999999999999e-05,262.5060765516297,3413.371594469286,-7144367.864657465,7144368.680062355,gas_gap,7.656249999999998e-13
2.2749999999999997e-05,3.762499999999999e-05,268.75751434358807,4221.02016367952,-7144636.646893128,7144637.893773168,gas_gap,7.656249999999998e-13
2.2749999999999997e-05,3.8499999999999994e-05,275.0091968185907,5166.114146665053,-7144926.401518868,7144928.269189044,gas_gap,7.656249999999998e-13
2.2749999999999997e-05,3.9374999999999995e-05,281.2611401126791,6257.717616007967,-7145231.746609643,7145234.48683023,gas_gap,7.656249999999998e-13
2.2749999999999997e-05,4.0249999999999996e-05,287.51335479931777,7501.769987147705,-7145545.336377627,7145549.27425324,gas_gap,7.656249999999998e-13
2.2749999999999997e-05,4.1125e-05,293.76584415260567,8900.11041428731,-7145857.838665871,7145863.381172905,gas_gap,7.656249999999998e-13
2.2749999999999997e-05,4.199999999999999e-05,300.0186024456907,10449.521962074887,-7146158.041750841,7146165.681691787,gas_gap,7.656249999999998e-13
2.2749999999999997e-05,4.287499999999999e-05,306.2716134065905,12140.86419595034,-7146433.1099082595,7146443.422778666,gas_gap,7.656249999999998e-13
2.2749999999999997e-05,4.374999999999999e-05,312.52484896692334,13958.370308790392,-7146668.998188901,7146682.629428567,gas_gap,7.656249999999998e-13
2.2749999999999997e-05,4.4624999999999994e-05,318.77826844319264,15879.187225501473,-7146851.024984709,7146868.665500432,gas_gap,7.656249999999998e-13
2.2749999999999997e-05,4.5499999999999995e-05,325.0318182830186,17873.23305363945,-7146964.586951679,7146986.935737407,gas_gap,7.656249999999998e-13
2.2749999999999997e-05,4.6374999999999996e-05,331.28543248863974,19903.4349766472,-7146995.985794097,7147023.699952366,gas_gap,7.656249999999998e-13
2.2749999999999997e-05,4.7249999999999997e-05,337.53903379681896,21926.392040267056,-7146933.321727233,7146966.956120824,gas_gap,7.656249999999998e-13
2.2749999999999997e-05,4.812499999999999e-05,343.79253564898914,23893.48183962743,-7146767.3957439745,7146807.336660443,gas_gap,7.656249999999998e-13
2.2749999999999997e-05,4.899999999999999e-05,350.04584493055756,25752.399263837113,-7146492.5537655875,7146538.953024382,gas_gap,7.656249999999998e-13
2.2749999999999997e-05,4.987499999999999e-05,356.29886539759156,27449.08136316697,-7146107.40183434,7146160.119296182,gas_gap,7.656249999999998e-13
2.2749999999999997e-05,5.0749999999999994e-05,362.5515016476504,28929.93787771344,-7145615.323800442,7145673.886837916,gas_gap,7.656249999999998e-13
2.2749999999999997e-05,5.1624999999999994e-05,368.80366343500185,30144.275217134582,-7145024.741992207,7145088.329825544,gas_gap,7.656249999999998e-13
2.2749999999999997e-05,5.2499999999999995e-05,375.055270084763,31046.77600883801,-7144349.0769569725,7144416.535709301,gas_gap,7.656249999999998e-13
2.2749999999999997e-05,5.337499999999999e-05,381.3062547310049,31599.879762036166,-7143606.3835794,7143676.274574411,gas_gap,7.656249999999998e-13
2.2749999999999997e-05,5.424999999999999e-05,387.5565680948076,31775.905107982773,-7142818.66605682,7142889.345658042,gas_gap,7.656249999999998e-13
2.2749999999999997e-05,5.512499999999999e-05,393.8061815321409,31558.761881636816,-7142010.901082516,7142080.625884378,gas_gap,7.656249999999998e-13
2.2749999999999997e-05,5.599999999999999e-05,400.0550891186544,30945.12220712204,-7141209.824537278,7141276.871726523,gas_gap,7.656249999999998e-13
2.2749999999999997e-05,5.687499999999999e-05,406.3033085969719,29944.952620014254,-7140442.559322842,7140505.349285606,gas_gap,7.656249999999998e-13
2.2749999999999997e-05,5.7749999999999994e-05,412.5508810876555,28581.351707742335,-7139735.178238377,7139792.385569767,gas_gap,7.656249999999998e-13
2.2749999999999997e-05,5.8624999999999995e-05,418.79786955143345,26889.686299011577,-7139111.304104442,7139161.944347605,gas_gap,7.656249999999998e-13
2.2749999999999997e-05,5.949999999999999e-05,425.0443560800595,24916.069663088198,-7138590.8485806165,7138634.331156512,gas_gap,7.656249999999998e-13
2.2749999999999997e-05,6.037499999999999e-05,431.29043817823833,22715.27296105944,-7138188.981164435,7138225.123547383,gas_gap,7.656249999999998e-13
2.2749999999999997e-05,6.125e-05,437.53622427164436,20348.20197305354,-7137915.401560608,7137944.405020235,gas_gap,7.656249999999998e-13
2.2749999999999997e-05,6.212499999999999e-05,443.7818287296267,17879.101210075984,-7137773.963742879,7137796.356001327,gas_gap,7.656249999999998e-13
2.2749999999999997e-05,6.299999999999999e-05,450.027366720999,15372.664264905685,-7137762.671079163,7137779.225183262,gas_gap,7.656249999999998e-13
2.2749999999999997e-05,6.3875e-05,456.2729492250551,12891.231358094074,-7137874.031754698,7137885.672735589,gas_gap,7.656249999999998e-13
2.2749999999999997e-05,6.474999999999999e-05,462.51867849789767,10492.242646261726,-7138095.735385072,7138103.4466221,gas_gap,7.656249999999998e-13
2.2749999999999997e-05,6.5625e-05,468.76464424910205,8226.090544963985,-7138411.587868401,7138416.327616338,gas_gap,7.656249999999998e-13
2.2749999999999997e-05,6.649999999999999e-05,475.01092072057685,6134.478842556171,-7138802.624317574,7138805.260041358,gas_gap,7.656249999999998e-13
2.2749999999999997e-05,6.737499999999998e-05,481.257564784703,4249.354370226291,-7139248.310677655,7139249.57530736,gas_gap,7.656249999999998e-13
2.2749999999999997e-05,6.824999999999999e-05,487.50461509963054,2592.4325085216706,-7139727.743797991,7139728.214453619,gas_gap,7.656249999999998e-13
2.2749999999999997e-05,6.912499999999999e-05,493.7520922832267,1175.294898960078,-7140220.766814157,7140220.863542126,gas_gap,7.656249999999998e-13
2.2749999999999997e-05,7e-05,500.0,0.0,-7140708.930428214,7140708.930428214,gas_gap,7.656249999999998e-13
2.3624999999999998e-05,0.0,0.0,0.0,-7142857.142864058,7142857.142864058,gas_gap,7.656249999999998e-13
2.3624999999999998e-05,8.749999999999999e-07,6.250000000010844,6.325807381892388e-06,-7142857.142876711,7142857.142876711,gas_gap,7.656249999999998e-13
2.3624999999999998e-05,1.7499999999999998e-06,12.500000000038513,2.2466977628952047e-05,-7142857.142904226,7142857.142904226,gas_gap,7.656249999999998e-13
2.3624999999999998e-05,2.6249999999999994e-06,18.75000000010165,5.9296386144656624e-05,-7142857.142960973,7142857.142960973,gas_gap,7.656249999999998e-13
2.3624999999999998e-05,3.4999999999999995e-06,25.00000000023628,0.00013783230857303583,-7142857.1430734955,7142857.1430734955,gas_gap,7.656249999999998e-13
2.3624999999999998e-05,4.375e-06,31.250000000510177,0.0002976013688372764,-7142857.143289744,7142857.143289744,gas_gap,7.656249999999998e-13
2.3624999999999998e-05,5.249999999999999e-06,37.50000000104776,0.0006111922605701825,-7142857.1436946085,7142857.1436946085,gas_gap,7.656249999999998e-13
2.3624999999999998e-05,6.124999999999999e-06,43.75000000207278,0.0012091272387796338,-7142857.144435604,7142857.144435604,gas_gap,7.656249999999998e-13
2.3624999999999998e-05,6.999999999999999e-06,50.00000000397995,0.0023216397246636454,-7142857.145764637,7142857.145764637,gas_gap,7.656249999999998e-13
2.3624999999999998e-05,7.874999999999998e-06,56.250000007453195,0.004347698788625673,-7142857.148104812,7142857.148104812,gas_gap,7.656249999999998e-13
2.3624999999999998e-05,8.75e-06,62.50000001365813,0.007967239761121275,-7142857.1521555865,7142857.1521555865,gas_gap,7.656249999999998e-13
2.3624999999999998e-05,9.624999999999998e-06,68.75000002454996,0.014320820082639777,-7142857.159055664,7142857.159055664,gas_gap,7.656249999999998e-13
2.3624999999999998e-05,1.0499999999999998e-05,75.00000004335915,0.025292837087364597,-7142857.170631347,7142857.170631347,gas_gap,7.656249999999998e-13
2.3624999999999998e-05,1.1374999999999999e-05,81.25000007534511,0.04395131035406627,-7142857.18976924,7142857.18976924,gas_gap,7.656249999999998e-13
2.3624999999999998e-05,1.2249999999999998e-05,87.50000012894964,0.07522062501176963,-7142857.220966681,7142857.220966681,gas_gap,7.656249999999998e-13
2.3624999999999998e-05,1.3124999999999999e-05,93.75000021753497,0.1268954018449117,-7142857.271131677,7142857.271131678,gas_gap,7.656249999999998e-13
2.3624999999999998e-05,1.3999999999999998e-05,100.0000003619643,0.21114584461475566,-7142857.350726543,7142857.350726546,gas_gap,7.656249999999998e-13
2.3624999999999998e-05,1.4874999999999997e-05,106.25000059437643,0.34671958560027516,-7142857.475375886,7142857.475375894,gas_gap,7.656249999999998e-13
2.3624999999999998e-05,1.5749999999999997e-05,112.50000096362405,0.5621140361026561,-7142857.668088999,7142857.668089021,gas_gap,7.656249999999998e-13
2.3624999999999998e-05,1.6624999999999998e-05,118.75000154299038,0.9000777202951862,-7142857.9622775875,7142857.962277644,gas_gap,7.656249999999998e-13
2.3624999999999998e-05,1.75e-05,125.00000244096965,1.4238989559932327,-7142858.405778657,7142858.405778798,gas_gap,7.656249999999998e-13
2.3624999999999998e-05,1.8374999999999996e-05,131.25000381609163,2.2260534655626363,-7142859.066114751,7142859.066115097,gas_gap,7.656249999999998e-13
2.3624999999999998e-05,1.9249999999999997e-05,137.50000589697834,3.4399040391677116,-7142860.037232698,7142860.037233526,gas_gap,7.656249999999998e-13
2.3624999999999998e-05,2.0124999999999998e-05,143.75000900902782,5.255266235246011,-7142861.447948731,7142861.447950664,gas_gap,7.656249999999998e-13
2.3624999999999998e-05,2.0999999999999995e-05,150.0000136093033,7.938760253481836,-7142863.472281538,7142863.47228595,gas_gap,7.656249999999998e-13
2.3624999999999998e-05,2.1874999999999996e-05,156.25002033132668,11.859940562416657,-7142866.341763008,7142866.341772854,gas_gap,7.656249999999998e-13
2.3624999999999998e-05,2.2749999999999997e-05,162.50003004149448,17.524205116694414,-7142870.359666299,7142870.359687796,gas_gap,7.656249999999998e-13
2.3624999999999998e-05,2.3624999999999998e-05,168.75004390868946,25.613402181521646,-7142875.916870629,7142875.916916553,gas_gap,7.656249999999998e-13
2.3624999999999998e-05,2.4499999999999996e-05,175.00006348829152,37.03483673207992,-7142883.5087833125,7142883.508879323,gas_gap,7.656249999999998e-13
2.3624999999999998e-05,2.5374999999999997e-05,181.25009082112413,52.978989086076304,-7142893.752359851,7142893.752556324,gas_gap,7.656249999999998e-13
2.3624999999999998e-05,2.6249999999999998e-05,187.50012854683885,74.98565599059252,-7142907.4018097045,7142907.402203301,gas_gap,7.656249999999998e-13
2.3624999999999998e-05,2.7124999999999995e-05,193.75018002978723,105.01737589671612,-7142925.361069089,7142925.361841087,gas_gap,7.656249999999998e-13
2.3624999999999998e-05,2.7999999999999996e-05,200.00024949352078,145.53788712495677,-7142948.690599449,7142948.692082119,gas_gap,7.656249999999998e-13
2.3624999999999998e-05,2.8874999999999997e-05,206.25034215770538,199.5919948129932,-7142978.605585703,7142978.608374243,gas_gap,7.656249999999998e-13
2.3624999999999998e-05,2.9749999999999995e-05,212.50046436850405,270.8816273739844,-7143016.462235261,7143016.467371526,gas_gap,7.656249999999998e-13
2.3624999999999998e-05,3.0625e-05,218.75062371049933,363.8311246114552,-7143063.728705831,7143063.737971679,gas_gap,7.656249999999998e-13
2.3624999999999998e-05,3.149999999999999e-05,225.00082908521958,483.6330447664101,-7143121.93731601,7143121.953688467,gas_gap,7.656249999999998e-13
2.3624999999999998e-05,3.2374999999999994e-05,231.2510907386022,636.2641846311502,-7143192.615216169,7143192.643553086,gas_gap,7.656249999999998e-13
2.3624999999999998e-05,3.3249999999999995e-05,237.501420217659,828.4603010784036,-7143277.1917036725,7143277.2397451,gas_gap,7.656249999999998e-13
2.3624999999999998e-05,3.4124999999999996e-05,243.75183023565626,1067.6374661521884,-7143376.88191104,7143376.961694717,gas_gap,7.656249999999998e-13
2.3624999999999998e-05,3.5e-05,250.00233442576024,1361.7483601441666,-7143492.5486853765,7143492.678478931,gas_gap,7.656249999999998e-13
2.3624999999999998e-05,3.5875e-05,256.2529469657846,1719.0633743191186,-7143624.547054023,7143624.753894319,gas_gap,7.656249999999998e-13
2.3624999999999998e-05,3.674999999999999e-05,262.50368206178416,2147.86937412743,-7143772.558597273,7143772.881489884,gas_gap,7.656249999999998e-13
2.3624999999999998e-05,3.762499999999999e-05,268.75455328598275,2656.083489952172,-7143935.4261014955,7143935.919861506,gas_gap,7.656249999999998e-13
2.3624999999999998e-05,3.8499999999999994e-05,275.0055727748784,3250.7853457407023,-7144111.00174032,7144111.741342827,gas_gap,7.656249999999998e-13
2.3624999999999998e-05,3.9374999999999995e-05,281.2567503060398,3937.6785232347465,-7144296.024358122,7144297.109511293,gas_gap,7.656249999999998e-13
2.3624999999999998e-05,4.0249999999999996e-05,287.5080922864151,4720.500408818849,-7144486.0428046,7144487.602267488,gas_gap,7.656249999999998e-13
2.3624999999999998e-05,4.1125e-05,293.75960069993107,5600.408293130043,-7144675.402297145,7144677.597258179,gas_gap,7.656249999999998e-13
2.3624999999999998e-05,4.199999999999999e-05,300.01127207642503,6575.37791460478,-7144857.3091374105,7144860.334781149,gas_gap,7.656249999999998e-13
2.3624999999999998e-05,4.287499999999999e-05,306.2630965559553,7639.657640608128,-7145023.9855703935,7145028.069836052,gas_gap,7.656249999999998e-13
2.3624999999999998e-05,4.374999999999999e-05,312.5150571305999,8783.326183284178,-7145166.921116147,7145172.319645709,gas_gap,7.656249999999998e-13
2.3624999999999998e-05,4.4624999999999994e-05,318.76712914835934,9992.003209657301,-7145277.2195138885,7145284.205952361,gas_gap,7.656249999999998e-13
2.3624999999999998e-05,4.5499999999999995e-05,325.01928015938665,11246.759642213261,-7145346.031926619,7145354.883109161,gas_gap,7.656249999999998e-13
2.3624999999999998e-05,4.6374999999999996e-05,331.27147017260614,12524.267353588282,-7145365.057927678,7145376.034074523,gas_gap,7.656249999999998e-13
2.3624999999999998e-05,4.7249999999999997e-05,337.52365237067306,13797.216225947846,-7145327.08689083,7145340.40769447,gas_gap,7.656249999999998e-13
2.3624999999999998e-05,4.812499999999999e-05,343.7757743037752,15035.010535553783,-7145226.544715069,7145242.363058278,gas_gap,7.656249999999998e-13
2.3624999999999998e-05,4.899999999999999e-05,350.0277795495031,16204.737210188692,-7145060.00533435,7145078.38118915,gas_gap,7.656249999999998e-13
2.3624999999999998e-05,4.987499999999999e-05,356.27960978923676,17272.377054817873,-7144826.624085645,7144847.50174923,gas_gap,7.656249999999998e-13
2.3624999999999998e-05,5.0749999999999994e-05,362.53120721425466,18204.208315213065,-7144528.451399247,7144551.6434590705,gas_gap,7.656249999999998e-13
2.3624999999999998e-05,5.1624999999999994e-05,368.78251714052163,18968.331970963936,-7144170.590750796,7144195.771909273,gas_gap,7.656249999999998e-13
2.3624999999999998e-05,5.2499999999999995e-05,375.03349068342004,19536.23199502415,-7143761.174266453,7143787.887340817,gas_gap,7.656249999999998e-13
2.3624999999999998e-05,5.337499999999999e-05,381.28408732581187,19884.273390263443,-7143311.14223026,7143338.817320598,gas_gap,7.656249999999998e-13
2.3624999999999998e-05,5.424999999999999e-05,387.53427720733555,19995.03761243063,-7142833.827996234,7142861.814139796,gas_gap,7.656249999999998e-13
2.3624999999999998e-05,5.512499999999999e-05,393.78404297125746,19858.399900198103,-7142344.3660902465,7142371.97294202,gas_gap,7.656249999999998e-13
2.3624999999999998e-05,5.599999999999999e-05,400.03338102774137,19472.266182505195,-7141858.95701069,7141885.502511512,gas_gap,7.656249999999998e-13
2.3624999999999998e-05,5.687499999999999e-05,406.28230212785826,18842.907917333217,-7141394.035769733,7141418.894680965,gas_gap,7.656249999999998e-13
2.3624999999999998e-05,5.7749999999999994e-05,412.5308311884457,17984.859926675916,-7140965.401074151,7140988.048899444,gas_gap,7.656249999999998e-13
2.3624999999999998e-05,5.8624999999999995e-05,418.77900636030125,16920.376842393234,-7140587.367076136,7140607.414359075,gas_gap,7.656249999999998e-13
2.3624999999999998e-05,5.949999999999999e-05,425.02687738658983,15678.475510748933,-7140271.999164953,7140289.212395631,gas_gap,7.656249999999998e-13
2.3624999999999998e-05,6.037499999999999e-05,431.2745033498912,14293.62076987412,-7140028.489236031,7140042.796419141,gas_gap,7.656249999999998e-13
2.3624999999999998e-05,6.125e-05,437.5219499503025,12804.137676453714,-7139862.71478605,7139874.195805809,gas_gap,7.656249999999998e-13
2.3624999999999998e-05,6.212499999999999e-05,443.7692864894664,11250.452188759627,-7139777.011114751,7139785.875018742,gas_gap,7.656249999999998e-13
2.3624999999999998e-05,6.299999999999999e-05,450.0165827534579,9673.27285046674,-7139770.16837103,7139776.721254561,gas_gap,7.656249999999998e-13
2.3624999999999998e-05,6.3875e-05,456.2639059897293,8111.82734212285,-7139837.646920154,7139842.254988631,gas_gap,7.656249999999998e-13
2.3624999999999998e-05,6.474999999999999e-05,462.511318159951,6602.259971441296,-7139971.987334681,7139975.039855579,gas_gap,7.656249999999998e-13
2.3624999999999998e-05,6.5625e-05,468.7588736232757,5176.280244130438,-7140163.376864332,7140165.253143082,gas_gap,7.656249999999998e-13
2.3624999999999998e-05,6.649999999999999e-05,475.00661736628643,3860.1303337463683,-7140400.323812778,7140401.3672140185,gas_gap,7.656249999999998e-13
2.3624999999999998e-05,6.737499999999998e-05,481.2545838505715,2673.9128334026864,-7140670.385652816,7140670.886292757,gas_gap,7.656249999999998e-13
2.3624999999999998e-05,6.824999999999999e-05,487.50279650088004,1631.2921800158704,-7140960.896205189,7140961.082532644,gas_gap,7.656249999999998e-13
2.3624999999999998e-05,6.912499999999999e-05,493.7512678105248,739.5561394882467,-7141259.641499755,7141259.67979435,gas_gap,7.656249999999998e-13
2.3624999999999998e-05,7e-05,500.0,0.0,-7141555.442259347,7141555.442259347,gas_gap,7.656249999999998e-13
2.4499999999999996e-05,0.0,0.0,0.0,-7142857.1428612545,7142857.1428612545,gas_gap,7.656249999999998e-13
2.4499999999999996e-05,8.749999999999999e-07,6.250000000006447,3.9006238145314375e-06,-7142857.142868779,7142857.142868779,gas_gap,7.656249999999998e-13
2.4499999999999996e-05,1.7499999999999998e-06,12.500000000022899,1.3853603609697538e-05,-7142857.142885138,7142857.142885138,gas_gap,7.656249999999998e-13
2.4499999999999996e-05,2.6249999999999994e-06,18.75000000006044,3.656337949422474e-05,-7142857.14291888,7142857.14291888,gas_gap,7.656249999999998e-13
2.4499999999999996e-05,3.4999999999999995e-06,25.000000000140492,8.499025543692676e-05,-7142857.142985785,7142857.142985785,gas_gap,7.656249999999998e-13
2.4499999999999996e-05,4.375e-06,31.25000000030335,0.0001835071661914194,-7142857.1431143675,7142857.1431143675,gas_gap,7.656249999999998e-13
2.4499999999999996e-05,5.249999999999999e-06,37.500000000623,0.0003768738032810879,-7142857.143355099,7142857.143355099,gas_gap,7.656249999999998e-13
2.4499999999999996e-05,6.124999999999999e-06,43.75000000123248,0.0007455728917518167,-7142857.143795693,7142857.143795693,gas_gap,7.656249999999998e-13
2.4499999999999996e-05,6.999999999999999e-06,50.00000000236647,0.0014315711263525916,-7142857.1445859345,7142857.1445859345,gas_gap,7.656249999999998e-13
2.4499999999999996e-05,7.874999999999998e-06,56.250000004431655,0.002680881096991223,-7142857.145977399,7142857.145977399,gas_gap,7.656249999999998e-13
2.4499999999999996e-05,8.75e-06,62.5000000081211,0.00491276500724158,-7142857.148385984,7142857.148385984,gas_gap,7.656249999999998e-13
2.4499999999999996e-05,9.624999999999998e-06,68.75000001459738,0.008830514191416025,-7142857.152488761,7142857.152488761,gas_gap,7.656249999999998e-13
2.4499999999999996e-05,1.0499999999999998e-05,75.00000002578128,0.015596087064308432,-7142857.159371644,7142857.159371644,gas_gap,7.656249999999998e-13
2.4499999999999996e-05,1.1374999999999999e-05,81.2500000448001,0.027101288024936273,-7142857.170751007,7142857.170751007,gas_gap,7.656249999999998e-13
2.4499999999999996e-05,1.2249999999999998e-05,87.50000007667326,0.04638259490871107,-7142857.18930096,7142857.18930096,gas_gap,7.656249999999998e-13
2.4499999999999996e-05,1.3124999999999999e-05,93.75000012934598,0.07824633228758357,-7142857.219128993,7142857.219128993,gas_gap,7.656249999999998e-13
2.4499999999999996e-05,1.3999999999999998e-05,100.00000021522344,0.1301968997983132,-7142857.266455985,7142857.266455986,gas_gap,7.656249999999998e-13
2.4499999999999996e-05,1.4874999999999997e-05,106.25000035341534,0.21379447569463098,-7142857.340572301,7142857.340572304,gas_gap,7.656249999999998e-13
2.4499999999999996e-05,1.5749999999999997e-05,112.50000057296945,0.3466111538553502,-7142857.455159237,7142857.455159245,gas_gap,7.656249999999998e-13
2.4499999999999996e-05,1.6624999999999998e-05,118.75000091745981,0.5550065594413154,-7142857.630083341,7142857.630083363,gas_gap,7.656249999999998e-13
2.4499999999999996e-05,1.75e-05,125.00000145139697,0.8780055796722895,-7142857.893788429,7142857.893788483,gas_gap,7.656249999999998e-13
2.4499999999999996e-05,1.8374999999999996e-05,131.25000226904248,1.3726306597714233,-7142858.286423305,7142858.286423437,gas_gap,7.656249999999998e-13
2.4499999999999996e-05,1.9249999999999997e-05,137.50000350633468,2.1211160575784924,-7142858.863848617,7142858.863848932,gas_gap,7.656249999999998e-13
2.4499999999999996e-05,2.0124999999999998e-05,143.75000535675477,3.240505976767719,-7142859.702658307,7142859.702659042,gas_gap,7.656249999999998e-13
2.4499999999999996e-05,2.0999999999999995e-05,150.00000809207185,4.895203953131333,-7142860.906323634,7142860.906325311,gas_gap,7.656249999999998e-13
2.4499999999999996e-05,2.1874999999999996e-05,156.25001208897712,7.313084924007083,-7142862.612513122,7142862.612516866,gas_gap,7.656249999999998e-13
2.4499999999999996e-05,2.2749999999999997e-05,162.5000178626287,10.805787733053515,-7142865.0015525445,7142865.001560718,gas_gap,7.656249999999998e-13
2.4499999999999996e-05,2.3624999999999998e-05,168.75002610804256,15.79375413902142,-7142868.305858115,7142868.305875576,gas_gap,7.656249999999998e-13
2.4499999999999996e-05,2.4499999999999996e-05,175.00003775004532,22.83644717636338,-7142872.819998297,7142872.820034802,gas_gap,7.656249999999998e-13
2.4499999999999996e-05,2.5374999999999997e-05,181.25005400210765,32.667941659192714,-7142878.910813931,7142878.910888635,gas_gap,7.656249999999998e-13
2.4499999999999996e-05,2.6249999999999998e-05,187.50007643376244,46.237708144959115,-7142887.026756859,7142887.026906514,gas_gap,7.656249999999998e-13
2.4499999999999996e-05,2.7124999999999995e-05,193.7501070454483,64.75588847913811,-7142897.705306234,7142897.705599765,gas_gap,7.656249999999998e-13
2.4499999999999996e-05,2.7999999999999996e-05,200.0001483484827,89.74167472458993,-7142911.577010878,7142911.577574624,gas_gap,7.656249999999998e-13
2.4499999999999996e-05,2.8874999999999997e-05,206.25020344647137,123.0725567752739,-7142929.36441797,7142929.365478239,gas_gap,7.656249999999998e-13
2.4499999999999996e-05,2.9749999999999995e-05,212.50027611283363,167.03122034327708,-7142951.873926452,7142951.875879386,gas_gap,7.656249999999998e-13
2.4499999999999996e-05,3.0625e-05,218.75037085735104,224.3458049623146,-7142979.978500751,7142979.982023863,gas_gap,7.656249999999998e-13
2.4499999999999996e-05,3.149999999999999e-05,225.00049297285946,298.21814956146625,-7143014.589255265,7143014.595480512,gas_gap,7.656249999999998e-13
2.4499999999999996e-05,3.2374999999999994e-05,231.25064855157822,392.33367079907083,-7143056.61423137,7143056.625005869,gas_gap,7.656249999999998e-13
2.4499999999999996e-05,3.3249999999999995e-05,237.5008444593437,510.845775834166,-7143106.903287192,7143106.921553992,gas_gap,7.656249999999998e-13
2.4499999999999996e-05,3.4124999999999996e-05,243.75108825544547,658.327368247092,-7143166.178938749,7143166.209275082,gas_gap,7.656249999999998e-13
2.4499999999999996e-05,3.5e-05,250.0013880461442,839.6822353747488,-7143234.954233669,7143235.003585696,gas_gap,7.656249999999998e-13
2.4499999999999996e-05,3.5875e-05,256.25175226154715,1060.0100717186217,-7143313.440270688,7143313.518919159,gas_gap,7.656249999999998e-13
2.4499999999999996e-05,3.674999999999999e-05,262.50218934855377,1324.42073010416,-7143401.447717917,7143401.570494879,gas_gap,7.656249999999998e-13
2.4499999999999996e-05,3.762499999999999e-05,268.7527073771886,1637.7960770585282,-7143498.2884978205,7143498.476247285,gas_gap,7.656249999999998e-13
2.4499999999999996e-05,3.8499999999999994e-05,275.0033135637955,2004.501555299135,-7143602.685515981,7143602.966748476,gas_gap,7.656249999999998e-13
2.4499999999999996e-05,3.9374999999999995e-05,281.25401372210257,2428.054111426902,-7143712.699694029,7143713.112325867,gas_gap,7.656249999999998e-13
2.4499999999999996e-05,4.0249999999999996e-05,287.50481166167174,2910.7582952732855,-7143825.684384503,7143826.277380041,gas_gap,7.656249999999998e-13
2.4499999999999996e-05,4.1125e-05,293.7557085621431,3453.327716208053,-7143938.277261933,7143939.111918614,gas_gap,7.656249999999998e-13
2.4499999999999996e-05,4.199999999999999e-05,300.00670236016293,4054.5141726365355,-7144046.438803215,7144047.589347517,gas_gap,7.656249999999998e-13
2.4499999999999996e-05,4.287499999999999e-05,306.2577871930243,4710.7710887821195,-7144145.544366591,7144147.097481774,gas_gap,7.656249999999998e-13
2.4499999999999996e-05,4.374999999999999e-05,312.5089529478417,5415.980793121584,-7144230.533633129,7144232.586537469,gas_gap,7.656249999999998e-13
2.4499999999999996e-05,4.4624999999999994e-05,318.7601849665723,6161.276074581388,-7144296.116899174,7144298.77365606,gas_gap,7.656249999999998e-13
2.4499999999999996e-05,4.5499999999999995e-05,325.01146395458437,6934.984872018753,-7144337.032659181,7144340.398542091,gas_gap,7.656249999999998e-13
2.4499999999999996e-05,4.6374999999999996e-05,331.26276613324296,7722.722579066386,-7144348.345491596,7144352.519450068,gas_gap,7.656249999999998e-13
2.4499999999999996e-05,4.7249999999999997e-05,337.51406366502323,8507.649211581296,-7144325.767968598,7144330.833531941,gas_gap,7.656249999999998e-13
2.4499999999999996e-05,4.812499999999999e-05,343.76532536334355,9270.898812788095,-7144265.985737881,7144272.001018441,gas_gap,7.656249999999998e-13
2.4499999999999996e-05,4.899999999999999e-05,350.0165176795218,9992.176500855901,-7144166.96166558,7144173.949432168,gas_gap,7.656249999999998e-13
2.4499999999999996e-05,4.987499999999999e-05,356.26760593739164,10650.505335721155,-7144028.1935162945,7144036.132538776,gas_gap,7.656249999999998e-13
2.4499999999999996e-05,5.0749999999999994e-05,362.5185557639719,11225.091785480397,-7143850.900472881,7143859.7194284815,gas_gap,7.656249999999998e-13
2.4499999999999996e-05,5.1624999999999994e-05,368.7693346442152,11696.26625364402,-7143638.117054493,7143647.692186264,gas_gap,7.656249999999998e-13
2.4499999999999996e-05,5.2499999999999995e-05,375.0199135113993,12046.445167479296,-7143394.678611455,7143404.836018719,gas_gap,7.656249999999998e-13
2.4499999999999996e-05,5.337499999999999e-05,381.2702682740932,12261.05469836688,-7143127.0902206665,7143137.613157588,gas_gap,7.656249999999998e-13
2.4499999999999996e-05,5.424999999999999e-05,387.5203811773696,12329.354211251204,-7142843.279874933,7142853.920795928,gas_gap,7.656249999999998e-13
2.4499999999999996e-05,5.512499999999999e-05,393.77024190094,12245.100568653288,-7142552.246541209,7142562.742955697,gas_gap,7.656249999999998e-13
2.4499999999999996e-05,5.599999999999999e-05,400.01984831029307,12007.002522997027,-7142263.623012157,7142273.71561132,gas_gap,7.656249999999998e-13
2.4499999999999996e-05,5.687499999999999e-05,406.2692067979999,11618.927185131204,-7141987.181521982,7141996.632629649,gas_gap,7.656249999999998e-13
2.4499999999999996e-05,5.7749999999999994e-05,412.5183321795756,11089.837027256766,-7141732.315958639,7141740.926223327,gas_gap,7.656249999999998e-13
2.4499999999999996e-05,5.8624999999999995e-05,418.76724713942883,10433.454716185386,-7141507.537496093,7141515.158920467,gas_gap,7.656249999999998e-13
2.4499999999999996e-05,5.949999999999999e-05,425.01598125477244,9667.67264014928,-7141320.02019716,7141326.564074986,gas_gap,7.656249999999998e-13
2.4499999999999996e-05,6.037499999999999e-05,431.2645696560222,8813.742531972779,-7141175.229549427,7141180.668572091,gas_gap,7.656249999999998e-13
2.4499999999999996e-05,6.125e-05,437.5130514083598,7895.296415170605,-7141076.660303825,7141081.024889825,gas_gap,7.656249999999998e-13
2.4499999999999996e-05,6.212499999999999e-05,443.76146771844054,6937.261772677507,-7141025.701026166,7141029.07068142,gas_gap,7.656249999999998e-13
2.4499999999999996e-05,6.299999999999999e-05,450.0098600809626,5964.740335438963,-7141021.632340753,7141024.123449372,gas_gap,7.656249999999998e-13
2.4499999999999996e-05,6.3875e-05,456.258268481163,5001.9207035333675,-7141061.754987411,7141063.506772266,gas_gap,7.656249999999998e-13
2.4499999999999996e-05,6.474999999999999e-05,462.5067297613601,4071.090205504733,-7141141.633601488,7141142.794044381,gas_gap,7.656249999999998e-13
2.4499999999999996e-05,6.5625e-05,468.75527624342675,3191.8015791533194,-7141255.433536013,7141256.146827738,gas_gap,7.656249999999998e-13
2.4499999999999996e-05,6.649999999999999e-05,475.00393467631955,2380.236292067113,-7141396.321845151,7141396.718513001,gas_gap,7.656249999999998e-13
2.4499999999999996e-05,6.737499999999998e-05,481.25272555084837,1648.790019406444,-7141556.900220416,7141557.090550656,gas_gap,7.656249999999998e-13
2.4499999999999996e-05,6.824999999999999e-05,487.5016627953349,1005.8885359113312,-7141729.63737014,7141729.708208144,gas_gap,7.656249999999998e-13
2.4499999999999996e-05,6.912499999999999e-05,493.75075383828454,456.02562893842304,-7141907.270885534,7141907.285444626,gas_gap,7.656249999999998e-13
2.4499999999999996e-05,7e-05,500.0,0.0,-7142083.1535847355,7142083.1535847355,gas_gap,7.656249999999998e-13
2.5374999999999997e-05,0.0,0.0,0.0,-7142857.142859543,7142857.142859543,gas_gap,7.656249999999998e-13
2.5374999999999997e-05,8.749999999999999e-07,6.250000000003761,2.357153305438466e-06,-7142857.142863931,7142857.142863931,gas_gap,7.656249999999998e-13
2.5374999999999997e-05,1.7499999999999998e-06,12.500000000013362,8.371755158541295e-06,-7142857.142873477,7142857.142873477,gas_gap,7.656249999999998e-13
2.5374999999999997e-05,2.6249999999999994e-06,18.750000000035268,2.2095309604514092e-05,-7142857.142893164,7142857.142893164,gas_gap,7.656249999999998e-13
2.5374999999999997e-05,3.4999999999999995e-06,25.00000000008197,5.135974937826075e-05,-7142857.142932202,7142857.142932202,gas_gap,7.656249999999998e-13
2.5374999999999997e-05,4.375e-06,31.25000000017699,0.00011089367853118919,-7142857.143007224,7142857.143007224,gas_gap,7.656249999999998e-13
2.5374999999999997e-05,5.249999999999999e-06,37.50000000036349,0.00022774545133722138,-7142857.143147682,7142857.143147682,gas_gap,7.656249999999998e-13
2.5374999999999997e-05,6.124999999999999e-06,43.750000000719105,0.00045055090923942775,-7142857.143404754,7142857.143404754,gas_gap,7.656249999999998e-13
2.5374999999999997e-05,6.999999999999999e-06,50.00000000138075,0.000865100756417761,-7142857.14386583,7142857.14386583,gas_gap,7.656249999999998e-13
2.5374999999999997e-05,7.874999999999998e-06,56.2500000025857,0.0016200608004592822,-7142857.144677699,7142857.144677699,gas_gap,7.656249999999998e-13
2.5374999999999997e-05,8.75e-06,62.50000000473836,0.0029687918718337074,-7142857.146083021,7142857.146083021,gas_gap,7.656249999999998e-13
2.5374999999999997e-05,9.624999999999998e-06,68.75000000851702,0.005336294065957705,-7142857.148476842,7142857.148476842,gas_gap,7.656249999999998e-13
2.5374999999999997e-05,1.0499999999999998e-05,75.00000001504243,0.009424740739823604,-7142857.152492754,7142857.152492754,gas_gap,7.656249999999998e-13
2.5374999999999997e-05,1.1374999999999999e-05,81.25000002613922,0.016377352363904335,-7142857.159132198,7142857.159132198,gas_gap,7.656249999999998e-13
2.5374999999999997e-05,1.2249999999999998e-05,87.50000004473605,0.02802907742514879,-7142857.169955421,7142857.169955421,gas_gap,7.656249999999998e-13
2.5374999999999997e-05,1.3124999999999999e-05,93.75000007546868,0.04728438566749317,-7142857.187358994,7142857.187358994,gas_gap,7.656249999999998e-13
2.5374999999999997e-05,1.3999999999999998e-05,100.00000012557504,0.0786781979780071,-7142857.214972572,7142857.214972572,gas_gap,7.656249999999998e-13
2.5374999999999997e-05,1.4874999999999997e-05,106.25000020620502,0.1291963488482716,-7142857.258216748,7142857.258216749,gas_gap,7.656249999999998e-13
2.5374999999999997e-05,1.5749999999999997e-05,112.50000033430683,0.20945768314500163,-7142857.325074058,7142857.325074061,gas_gap,7.656249999999998e-13
2.5374999999999997e-05,1.6624999999999998e-05,118.75000053530444,0.3353913651589288,-7142857.427135913,7142857.42713592,gas_gap,7.656249999999998e-13
2.5374999999999997e-05,1.75e-05,125.00000084683735,0.5305801976104062,-7142857.580998242,7142857.580998261,gas_gap,7.656249999999998e-13
2.5374999999999997e-05,1.8374999999999996e-05,131.25000132390377,0.8294829367479095,-7142857.810086415,7142857.810086464,gas_gap,7.656249999999998e-13
2.5374999999999997e-05,1.9249999999999997e-05,137.50000204581877,1.2817938781262135,-7142858.146993088,7142858.146993202,gas_gap,7.656249999999998e-13
2.5374999999999997e-05,2.0124999999999998e-05,143.7500031254716,1.9582430240965607,-7142858.63640804,7142858.6364083085,gas_gap,7.656249999999998e-13
2.5374999999999997e-05,2.0999999999999995e-05,150.00000472142966,2.958179698317055,-7142859.33870299,7142859.338703603,gas_gap,7.656249999999998e-13
2.5374999999999997e-05,2.1874999999999996e-05,156.25000705347856,4.419309095472507,-7142860.334202513,7142860.33420388,gas_gap,7.656249999999998e-13
2.5374999999999997e-05,2.2749999999999997e-05,162.5000104221943,6.529955074863614,-7142861.7281201435,7142861.728123128,gas_gap,7.656249999999998e-13
2.5374999999999997e-05,2.3624999999999998e-05,168.75001523309348,9.544191274068995,-7142863.656062289,7142863.656068666,gas_gap,7.656249999999998e-13
2.5374999999999997e-05,2.4499999999999996e-05,175.00002202577872,13.800102113333859,-7142866.289898937,7142866.289912268,gas_gap,7.656249999999998e-13
2.5374999999999997e-05,2.5374999999999997e-05,181.25003150826612,19.741290194908682,-7142869.843668379,7142869.843695659,gas_gap,7.656249999999998e-13
2.5374999999999997e-05,2.6249999999999998e-05,187.50004459632103,27.94152211852847,-7142874.579025956,7142874.579080607,gas_gap,7.656249999999998e-13
2.5374999999999997e-05,2.7124999999999995e-05,193.75006245712655,39.13208856659261,-7142880.80957121,7142880.809678403,gas_gap,7.656249999999998e-13
2.5374999999999997e-05,2.7999999999999996e-05,200.00008655594522,54.23103976974018,-7142888.903206453,7142888.9034123225,gas_gap,7.656249999999998e-13
2.5374999999999997e-05,2.8874999999999997e-05,206.2501187036181,74.37294591979193,-7142899.281511685,7142899.281898876,gas_gap,7.656249999999998e-13
2.5374999999999997e-05,2.9749999999999995e-05,212.50016110179808,100.93723769947047,-7142912.414991369,7142912.415704546,gas_gap,7.656249999999998e-13
2.5374999999999997e-05,3.0625e-05,218.75021638177884,135.57253425929144,-7142928.812988503,7142928.814275084,gas_gap,7.656249999999998e-13
2.5374999999999997e-05,3.149999999999999e-05,225.00028763173745,180.21371206364125,-7142949.007105207,7142949.009378566,gas_gap,7.656249999999998e-13
2.5374999999999997e-05,3.2374999999999994e-05,231.25037840626257,237.08787438399108,-7142973.527150605,7142973.531085287,gas_gap,7.656249999999998e-13
2.5374999999999997e-05,3.3249999999999995e-05,237.5004927113199,308.70493191136546,-7143002.868986011,7143002.875656785,gas_gap,7.656249999999998e-13
2.5374999999999997e-05,3.4124999999999996e-05,243.7506349574801,397.8282977054123,-7143037.454173248,7143037.465251683,gas_gap,7.656249999999998e-13
2.5374999999999997e-05,3.5e-05,250.00080987445145,507.4213384171989,-7143077.58205695,7143077.600079742,gas_gap,7.656249999999998e-13
2.5374999999999997e-05,3.5875e-05,256.2510223808951,640.5658077154899,-7143123.375805555,7143123.404527203,gas_gap,7.656249999999998e-13
2.5374999999999997e-05,3.674999999999999e-05,262.5012774052696,800.3495979607173,-7143174.724950789,7143174.769787959,gas_gap,7.656249999999998e-13
2.5374999999999997e-05,3.762499999999999e-05,268.7515796561409,989.7228290230278,-7143231.228024431,7143231.296589429,gas_gap,7.656249999999998e-13
2.5374999999999997e-05,3.8499999999999994e-05,275.0019333439831,1211.323545025699,-7143292.139888327,7143292.242593402,gas_gap,7.656249999999998e-13
2.5374999999999997e-05,3.9374999999999995e-05,281.2523418608954,1467.2770425109222,-7143356.329160761,7143356.479853363,gas_gap,7.656249999999998e-13
2.5374999999999997e-05,4.0249999999999996e-05,287.5028074296185,1758.9759646842604,-7143422.251619178,7143422.468181793,gas_gap,7.656249999999998e-13
2.5374999999999997e-05,4.1125e-05,293.75333073842944,2086.8515468467117,-7143487.945468931,7143488.250288462,gas_gap,7.656249999999998e-13
2.5374999999999997e-05,4.199999999999999e-05,300.0039105834364,2450.149498747633,-7143551.053795178,7143551.473980626,gas_gap,7.656249999999998e-13
2.5374999999999997e-05,4.287499999999999e-05,306.2545435439631,2846.7266188858466,-7143608.878287623,7143609.445497576,gas_gap,7.656249999999998e-13
2.5374999999999997e-05,4.374999999999999e-05,312.5052237195086,3272.8859884252365,-7143658.466434174,7143659.216174814,gas_gap,7.656249999999998e-13
2.5374999999999997e-05,4.4624999999999994e-05,318.75594255763787,3723.2691373143834,-7143696.7318851,7143697.7021623,gas_gap,7.656249999999998e-13
2.5374999999999997e-05,4.5499999999999995e-05,325.006688800635,4190.822620050164,-7143720.60474324,7143721.834004132,gas_gap,7.656249999999998e-13
2.5374999999999997e-05,4.6374999999999996e-05,331.257448574531,4666.853795645314,-7143727.205369584,7143728.729750443,gas_gap,7.656249999999998e-13
2.5374999999999997e-05,4.7249999999999997e-05,337.5082056371425,5141.186234335369,-7143714.032205904,7143715.882209443,gas_gap,7.656249999999998e-13
2.5374999999999997e-05,4.812499999999999e-05,343.7589417922331,5602.419207804076,-7143679.151448147,7143681.348292063,gas_gap,7.656249999999998e-13
2.5374999999999997e-05,4.899999999999999e-05,350.0096374653668,6038.288486003689,-7143621.374502784,7143623.926494232,gas_gap,7.656249999999998e-13
2.5374999999999997e-05,4.987499999999999e-05,356.2602724242614,6436.117669988845,-7143540.408333717,7143543.307708529,gas_gap,7.656249999999998e-13
2.5374999999999997e-05,5.0749999999999994e-05,362.51082661353234,6783.341194663151,-7143436.9642898105,7143440.184987888,gas_gap,7.656249999999998e-13
2.5374999999999997e-05,5.1624999999999994e-05,368.7612810618318,7068.072690926007,-7143312.812902647,7143316.309714326,gas_gap,7.656249999999998e-13
2.5374999999999997e-05,5.2499999999999995e-05,375.01161880978435,7279.686377220651,-7143170.7754233135,7143174.484827838,gas_gap,7.656249999999998e-13
2.5374999999999997e-05,5.337499999999999e-05,381.261825800916,7409.375265245604,-7143014.647327634,7143018.49016079,gas_gap,7.656249999999998e-13
2.5374999999999997e-05,5.424999999999999e-05,387.51189167587216,7450.648771794837,-7142849.054311125,7142852.940166166,gas_gap,7.656249999999998e-13
2.5374999999999997e-05,5.512499999999999e-05,393.76181041314004,7399.734158751393,-7142679.246943774,7142683.079962801,gas_gap,7.656249999999998e-13
2.5374999999999997e-05,5.599999999999999e-05,400.01158076730974,7255.851123108154,-7142510.8456098195,7142514.531103834,gas_gap,7.656249999999998e-13
2.5374999999999997e-05,5.687499999999999e-05,406.2612064682141,7021.3365662309325,-7142349.552052575,7142353.003238695,gas_gap,7.656249999999998e-13
2.5374999999999997e-05,5.7749999999999994e-05,412.51069616016736,6701.60652462514,-7142200.847264067,7142203.99135936,gas_gap,7.656249999999998e-13
2.5374999999999997e-05,5.8624999999999995e-05,418.7600630786971,6304.953628129637,-7142069.697204815,7142072.480181892,gas_gap,7.656249999999998e-13
2.5374999999999997e-05,5.949999999999999e-05,425.0093244810316,5842.19027600903,-7141960.2876796,7141962.677162328,gas_gap,7.656249999999998e-13
2.5374999999999997e-05,6.037499999999999e-05,431.25850086449094,5326.158924920268,-7141875.807601685,7141877.793632085,gas_gap,7.656249999999998e-13
2.5374999999999997e-05,6.125e-05,437.50761502218813,4771.1404450499085,-7141818.29603116,7141819.889727447,gas_gap,7.656249999999998e-13
2.5374999999999997e-05,6.212499999999999e-05,443.7566909967082,4192.19855481576,-7141788.563145685,7141789.793546659,gas_gap,7.656249999999998e-13
2.5374999999999997e-05,6.299999999999999e-05,450.0057529986985,3604.502270991487,-7141786.189215696,7141787.0988225825,gas_gap,7.656249999999998e-13
2.5374999999999997e-05,6.3875e-05,456.2548243580909,3022.6688038849097,-7141809.5993210375,7141810.238971686,gas_gap,7.656249999999998e-13
2.5374999999999997e-05,6.474999999999999e-05,462.50392657103856,2460.1664223281023,-7141856.205587716,7141856.629316399,gas_gap,7.656249999999998e-13
2.5374999999999997e-05,6.5625e-05,468.75307849617894,1928.810877525933,-7141922.603711392,7141922.864167262,gas_gap,7.656249999999998e-13
2.5374999999999997e-05,6.649999999999999e-05,475.0022957405554,1438.3806566192911,-7142004.806916637,7142004.951759644,gas_gap,7.656249999999998e-13
2.5374999999999997e-05,6.737499999999998e-05,481.25159025981054,996.3664862372015,-7142098.498559476,7142098.56805909,gas_gap,7.656249999999998e-13
2.5374999999999997e-05,6.824999999999999e-05,487.5009701806135,607.8600757378767,-7142199.28440508,7142199.310272033,gas_gap,7.656249999999998e-13
2.5374999999999997e-05,6.912499999999999e-05,493.75043983722713,275.57702811850896,-7142302.927102006,7142302.932418408,gas_gap,7.656249999999998e-13
2.5374999999999997e-05,7e-05,500.0,0.0,-7142405.548261348,7142405.548261348,gas_gap,7.656249999999998e-13
2.6249999999999998e-05,0.0,0.0,0.0,-7142857.142858516,7142857.142858516,gas_gap,7.656249999999998e-13
2.6249999999999998e-05,8.749999999999999e-07,6.250000000002153,1.3960945719445294e-06,-7142857.142861029,7142857.142861029,gas_gap,7.656249999999998e-13
2.6249999999999998e-05,1.7499999999999998e-06,12.500000000007649,4.958422478301239e-06,-7142857.142866495,7142857.142866495,gas_gap,7.656249999999998e-13
2.6249999999999998e-05,2.6249999999999994e-06,18.75000000002019,1.3086608212170533e-05,-7142857.142877767,7142857.142877767,gas_gap,7.656249999999998e-13
2.6249999999999998e-05,3.4999999999999995e-06,25.000000000046928,3.0419348269790897e-05,-7142857.142900117,7142857.142900117,gas_gap,7.656249999999998e-13
2.6249999999999998e-05,4.375e-06,31.250000000101334,6.56800990852635e-05,-7142857.14294307,7142857.14294307,gas_gap,7.656249999999998e-13
2.6249999999999998e-05,5.249999999999999e-06,37.50000000020811,0.0001348890577729345,-7142857.143023488,7142857.143023488,gas_gap,7.656249999999998e-13
2.6249999999999998e-05,6.124999999999999e-06,43.75000000041171,0.00026685225662776053,-7142857.143170671,7142857.143170671,gas_gap,7.656249999999998e-13
2.6249999999999998e-05,6.999999999999999e-06,50.00000000079053,0.0005123818070862728,-7142857.143434654,7142857.143434654,gas_gap,7.656249999999998e-13
2.6249999999999998e-05,7.874999999999998e-06,56.250000001480416,0.0009595294818215485,-7142857.14389948,7142857.14389948,gas_gap,7.656249999999998e-13
2.6249999999999998e-05,8.75e-06,62.50000000271289,0.0017583558133182592,-7142857.144704078,7142857.144704078,gas_gap,7.656249999999998e-13
2.6249999999999998e-05,9.624999999999998e-06,68.75000000487631,0.003160579824228943,-7142857.146074629,7142857.146074629,gas_gap,7.656249999999998e-13
2.6249999999999998e-05,1.0499999999999998e-05,75.00000000861236,0.005582084694488993,-7142857.14837389,7142857.14837389,gas_gap,7.656249999999998e-13
2.6249999999999998e-05,1.1374999999999999e-05,81.25000001496568,0.009699976953266822,-7142857.152175218,7142857.152175218,gas_gap,7.656249999999998e-13
2.6249999999999998e-05,1.2249999999999998e-05,87.50000002561306,0.016601059744217318,-7142857.158371917,7142857.158371917,gas_gap,7.656249999999998e-13
2.6249999999999998e-05,1.3124999999999999e-05,93.75000004320863,0.028005592175872347,-7142857.16833611,7142857.16833611,gas_gap,7.656249999999998e-13
2.6249999999999998e-05,1.3999999999999998e-05,100.00000007189638,0.046599516829916504,-7142857.184145913,7142857.184145913,gas_gap,7.656249999999998e-13
2.6249999999999998e-05,1.4874999999999997e-05,106.25000011806004,0.07652040320244377,-7142857.208904815,7142857.208904815,gas_gap,7.656249999999998e-13
2.6249999999999998e-05,1.5749999999999997e-05,112.50000019140312,0.12405757988508088,-7142857.247183116,7142857.247183117,gas_gap,7.656249999999998e-13
2.6249999999999998e-05,1.6624999999999998e-05,118.75000030648174,0.19864557103482355,-7142857.30561733,7142857.305617332,gas_gap,7.656249999999998e-13
2.6249999999999998e-05,1.75e-05,125.00000048484594,0.3142519971679801,-7142857.393709246,7142857.393709253,gas_gap,7.656249999999998e-13
2.6249999999999998e-05,1.8374999999999996e-05,131.25000075798422,0.4912860876899797,-7142857.52487076,7142857.524870777,gas_gap,7.656249999999998e-13
2.6249999999999998e-05,1.9249999999999997e-05,137.50000117130747,0.7591807760127275,-7142857.717762382,7142857.717762422,gas_gap,7.656249999999998e-13
2.6249999999999998e-05,2.0124999999999998e-05,143.75000178944893,1.1598280222935704,-7142857.997970675,7142857.997970769,gas_gap,7.656249999999998e-13
2.6249999999999998e-05,2.0999999999999995e-05,150.00000270319438,1.7520704360333161,-7142858.400060699,7142858.400060914,gas_gap,7.656249999999998e-13
2.6249999999999998e-05,2.1874999999999996e-05,156.25000403837927,2.6174680389685583,-7142858.970021266,7142858.970021745,gas_gap,7.656249999999998e-13
2.6249999999999998e-05,2.2749999999999997e-05,162.50000596709455,3.8675612714816383,-7142859.768091041,7142859.7680920875,gas_gap,7.656249999999998e-13
2.6249999999999998e-05,2.3624999999999998e-05,168.75000872151355,5.652832847394917,-7142860.871909748,7142860.871911985,gas_gap,7.656249999999998e-13
2.6249999999999998e-05,2.4499999999999996e-05,175.00001261057892,8.173523380195185,-7142862.379879355,7142862.379884032,gas_gap,7.656249999999998e-13
2.6249999999999998e-05,2.5374999999999997e-05,181.25001803965623,11.692369783800322,-7142864.41454476,7142864.41455433,gas_gap,7.656249999999998e-13
2.6249999999999998e-05,2.6249999999999998e-05,187.5000255330553,16.54920249418797,-7142867.125713396,7142867.125732567,gas_gap,7.656249999999998e-13
2.6249999999999998e-05,2.7124999999999995e-05,193.75003575903187,23.177150298465722,-7142870.692932681,7142870.692970283,gas_gap,7.656249999999998e-13
2.6249999999999998e-05,2.7999999999999996e-05,200.00004955650337,32.119955914093076,-7142875.326840396,7142875.3269126145,gas_gap,7.656249999999998e-13
2.6249999999999998e-05,2.8874999999999997e-05,206.25006796224383,44.04960248388743,-7142881.2688068,7142881.268942625,gas_gap,7.656249999999998e-13
2.6249999999999998e-05,2.9749999999999995e-05,212.50009223678146,59.7830991027089,-7142888.788213223,7142888.7884634035,gas_gap,7.656249999999998e-13
2.6249999999999998e-05,3.0625e-05,218.75012388662995,80.29688978967509,-7142898.176677511,7142898.17712884,gas_gap,7.656249999999998e-13
2.6249999999999998e-05,3.149999999999999e-05,225.00016467988578,106.7369630229561,-7142909.738561683,7142909.739359172,gas_gap,7.656249999999998e-13
2.6249999999999998e-05,3.2374999999999994e-05,231.25021665168333,140.4223873507398,-7142923.7772012,7142923.778581479,gas_gap,7.656249999999998e-13
2.6249999999999998e-05,3.3249999999999995e-05,237.50028209558724,182.83973247713496,-7142940.576495139,7142940.578835238,gas_gap,7.656249999999998e-13
2.6249999999999998e-05,3.4124999999999996e-05,243.7503635368135,235.62571246894157,-7142960.377803349,7142960.3816896565,gas_gap,7.656249999999998e-13
2.6249999999999998e-05,3.5e-05,250.00046368329643,300.53546989015416,-7142983.352511785,7142983.358834183,gas_gap,7.656249999999998e-13
2.6249999999999998e-05,3.5875e-05,256.2505853511526,379.39426555817937,-7143009.571138968,7143009.581214554,gas_gap,7.656249999999998e-13
2.6249999999999998e-05,3.674999999999999e-05,262.50073136210824,474.03099611423085,-7143038.970437694,7143038.986166671,gas_gap,7.656249999999998e-13
2.6249999999999998e-05,3.762499999999999e-05,268.75090441199285,586.192958319956,-7143071.320552451,7143071.344605282,gas_gap,7.656249999999998e-13
2.6249999999999998e-05,3.8499999999999994e-05,275.0011069114596,717.442612738509,-7143106.194863883,7143106.2308933,gas_gap,7.656249999999998e-13
2.6249999999999998e-05,3.9374999999999995e-05,281.25134080261176,869.038729836573,-7143142.945613807,7143142.998477674,gas_gap,7.656249999999998e-13
2.6249999999999998e-05,4.0249999999999996e-05,287.5016073580511,1041.8061442209807,-7143180.688677279,7143180.764649041,gas_gap,7.656249999999998e-13
2.6249999999999998e-05,4.1125e-05,293.7519069718419,1236.000267901455,-7143218.300853774,7143218.407787133,gas_gap,7.656249999999998e-13
2.6249999999999998e-05,4.199999999999999e-05,300.0022389547113,1451.1743499084355,-7143254.432721734,7143254.580127023,gas_gap,7.656249999999998e-13
2.6249999999999998e-05,4.287499999999999e-05,306.2526013481946,1686.0590150275611,-7143287.539397986,7143287.738381643,gas_gap,7.656249999999998e-13
2.6249999999999998e-05,4.374999999999999e-05,312.5029907740352,1938.4646524651205,-7143315.930459358,7143316.193477624,gas_gap,7.656249999999998e-13
2.6249999999999998e-05,4.4624999999999994e-05,318.7534023356455,2205.217548005982,-7143337.838855643,7143338.179241638,gas_gap,7.656249999999998e-13
2.6249999999999998e-05,4.5499999999999995e-05,325.0038295875636,2482.1400875095223,-7143351.506956343,7143351.938197842,gas_gap,7.656249999999998e-13
2.6249999999999998e-05,4.6374999999999996e-05,331.25426458642545,2764.0837942643707,-7143355.28606084,7143355.82083467,gas_gap,7.656249999999998e-13
2.6249999999999998e-05,4.7249999999999997e-05,337.5046980329759,3045.021373260411,-7143347.743933849,7143348.392940105,gas_gap,7.656249999999998e-13
2.6249999999999998e-05,4.812499999999999e-05,343.7551195091917,3318.2004020388213,-7143327.773400506,7143328.544081459,gas_gap,7.656249999999998e-13
2.6249999999999998e-05,4.899999999999999e-05,350.00551780797895,3576.3570234040435,-7143294.6939467285,7143295.5892149,gas_gap,7.656249999999998e-13
2.6249999999999998e-05,4.987499999999999e-05,356.25588134560235,3811.9832607986805,-7143248.337798436,7143249.354927805,gas_gap,7.656249999999998e-13
2.6249999999999998e-05,5.0749999999999994e-05,362.506198639607,4017.6367823285727,-7143189.112229357,7143190.2420751285,gas_gap,7.656249999999998e-13
2.6249999999999998e-05,5.1624999999999994e-05,368.75645882818947,4186.277530249836,-7143118.030934782,7143119.257634241,gas_gap,7.656249999999998e-13
2.6249999999999998e-05,5.2499999999999995e-05,375.0066522014756,4311.612067508612,-7143036.70918607,7143038.010453141,gas_gap,7.656249999999998e-13
2.6249999999999998e-05,5.337499999999999e-05,381.2567707116101,4388.424191775379,-7142947.320034536,7142948.668096071,gas_gap,7.656249999999998e-13
2.6249999999999998e-05,5.424999999999999e-05,387.50680842747687,4412.86966094599,-7142852.511863198,7142853.875003257,gas_gap,7.656249999999998e-13
2.6249999999999998e-05,5.512499999999999e-05,393.7567619015352,4382.713957989123,-7142755.290818992,7142756.635410753,gas_gap,7.656249999999998e-13
2.6249999999999998e-05,5.599999999999999e-05,400.00663042074154,4297.494925101875,-7142658.87478129,7142660.167609443,gas_gap,7.656249999999998e-13
2.6249999999999998e-05,5.687499999999999e-05,406.25641612056427,4158.596662039026,-7142566.528210564,7142567.738834551,gas_gap,7.656249999999998e-13
2.6249999999999998e-05,5.7749999999999994e-05,412.50612395019533,3969.2269784704713,-7142481.389178951,7142482.492070281,gas_gap,7.656249999999998e-13
2.6249999999999998e-05,5.8624999999999995e-05,418.75576148746734,3734.297432536495,-7142406.300883861,7142407.277093823,gas_gap,7.656249999999998e-13
2.6249999999999998e-05,5.949999999999999e-05,425.00533861278643,3460.2119912120606,-7142343.659854479,7142344.498029376,gas_gap,7.656249999999998e-13
2.6249999999999998e-05,6.037499999999999e-05,431.25486706163196,3154.5769837027806,-7142295.291862457,7142295.988512137,gas_gap,7.656249999999998e-13
2.6249999999999998e-05,6.125e-05,437.5043598839104,2825.850682664934,-7142262.364345661,7142262.923372434,gas_gap,7.656249999999998e-13
2.6249999999999998e-05,6.212499999999999e-05,443.75383084489727,2482.955026042865,-7142245.341160989,7142245.772752539,gas_gap,7.656249999999998e-13
2.6249999999999998e-05,6.299999999999999e-05,450.00329380609037,2134.8743178827235,-7142243.981997627,7142244.301063194,gas_gap,7.656249999999998e-13
2.6249999999999998e-05,6.3875e-05,456.25276212474483,1790.2660383410325,-7142257.385155109,7142257.609527619,gas_gap,7.656249999999998e-13
2.6249999999999998e-05,6.474999999999999e-05,462.50224810820913,1457.1071726086013,-7142284.06897916,7142284.2176123755,gas_gap,7.656249999999998e-13
2.6249999999999998e-05,6.5625e-05,468.75176255375584,1142.3959528676571,-7142322.084378715,7142322.175740354,gas_gap,7.656249999999998e-13
2.6249999999999998e-05,6.649999999999999e-05,475.0013143969988,851.9239807029284,-7142369.148776306,7142369.19958399,gas_gap,7.656249999999998e-13
2.6249999999999998e-05,6.737499999999998e-05,481.25091048298873,590.1278630854483,-7142422.790732437,7142422.815111482,gas_gap,7.656249999999998e-13
2.6249999999999998e-05,6.824999999999999e-05,487.50055546454655,360.0233172282291,-7142480.494383954,7142480.503457608,gas_gap,7.656249999999998e-13
2.6249999999999998e-05,6.912499999999999e-05,493.7502518231992,163.2187402580886,-7142539.833689289,7142539.835554197,gas_gap,7.656249999999998e-13
2.6249999999999998e-05,7e-05,500.0,0.0,-7142598.5881263,7142598.5881263,gas_gap,7.656249999999998e-13
2.7124999999999995e-05,0.0,0.0,0.0,-7142857.142857915,7142857.142857915,gas_gap,7.656249999999998e-13
2.7124999999999995e-05,8.749999999999999e-07,6.25000000000121,8.104924765666216e-07,-7142857.142859327,7142857.142859327,gas_gap,7.656249999999998e-13
2.7124999999999995e-05,1.7499999999999998e-06,12.500000000004297,2.878575846552072e-06,-7142857.142862397,7142857.142862397,gas_gap,7.656249999999998e-13
2.7124999999999995e-05,2.6249999999999994e-06,18.750000000011344,7.5973345308304885e-06,-7142857.14286873,7142857.14286873,gas_gap,7.656249999999998e-13
2.7124999999999995e-05,3.4999999999999995e-06,25.000000000026365,1.7659729799239556e-05,-7142857.142881286,7142857.142881286,gas_gap,7.656249999999998e-13
2.7124999999999995e-05,4.375e-06,31.250000000056932,3.8130100380385545e-05,-7142857.142905418,7142857.142905418,gas_gap,7.656249999999998e-13
2.7124999999999995e-05,5.249999999999999e-06,37.50000000011692,7.830885435207296e-05,-7142857.142950598,7142857.142950598,gas_gap,7.656249999999998e-13
2.7124999999999995e-05,6.124999999999999e-06,43.7500000002313,0.00015491912274279566,-7142857.1430332875,7142857.1430332875,gas_gap,7.656249999999998e-13
2.7124999999999995e-05,6.999999999999999e-06,50.000000000444125,0.00029745950461981634,-7142857.143181598,7142857.143181598,gas_gap,7.656249999999998e-13
2.7124999999999995e-05,7.874999999999998e-06,56.25000000083172,0.0005570478115798688,-7142857.143442744,7142857.143442744,gas_gap,7.656249999999998e-13
2.7124999999999995e-05,8.75e-06,62.50000000152414,0.0010208005864793639,-7142857.14389478,7142857.14389478,gas_gap,7.656249999999998e-13
2.7124999999999995e-05,9.624999999999998e-06,68.7500000027396,0.0018348514639362082,-7142857.1446647765,7142857.1446647765,gas_gap,7.656249999999998e-13
2.7124999999999995e-05,1.0499999999999998e-05,75.00000000483855,0.0032406383774843425,-7142857.145956537,7142857.145956537,gas_gap,7.656249999999998e-13
2.7124999999999995e-05,1.1374999999999999e-05,81.25000000840795,0.005631250562447391,-7142857.148092182,7142857.148092182,gas_gap,7.656249999999998e-13
2.7124999999999995e-05,1.2249999999999998e-05,87.50000001438981,0.009637623622431606,-7142857.1515735835,7142857.1515735835,gas_gap,7.656249999999998e-13
2.7124999999999995e-05,1.3124999999999999e-05,93.75000002427528,0.01625844138103235,-7142857.157171622,7142857.157171622,gas_gap,7.656249999999998e-13
2.7124999999999995e-05,1.3999999999999998e-05,100.00000004039251,0.027053008128010713,-7142857.166053814,7142857.166053814,gas_gap,7.656249999999998e-13
2.7124999999999995e-05,1.4874999999999997e-05,106.25000006632797,0.04442335952430683,-7142857.179963748,7142857.179963748,gas_gap,7.656249999999998e-13
2.7124999999999995e-05,1.5749999999999997e-05,112.50000010753324,0.07202071921093016,-7142857.201469091,7142857.201469091,gas_gap,7.656249999999998e-13
2.7124999999999995e-05,1.6624999999999998e-05,118.75000017218618,0.11532223107404352,-7142857.234298337,7142857.234298338,gas_gap,7.656249999999998e-13
2.7124999999999995e-05,1.75e-05,125.00000027239396,0.18243669488373532,-7142857.28378974,7142857.283789743,gas_gap,7.656249999999998e-13
2.7124999999999995e-05,1.8374999999999996e-05,131.25000042584728,0.28521253926227497,-7142857.357478311,7142857.357478317,gas_gap,7.656249999999998e-13
2.7124999999999995e-05,1.9249999999999997e-05,137.50000065805867,0.4407368380891986,-7142857.465847812,7142857.465847826,gas_gap,7.656249999999998e-13
2.7124999999999995e-05,2.0124999999999998e-05,143.75000100534012,0.6733296619517497,-7142857.623273173,7142857.623273205,gas_gap,7.656249999999998e-13
2.7124999999999995e-05,2.0999999999999995e-05,150.00000151869648,1.0171516567405041,-7142857.8491735775,7142857.84917365,gas_gap,7.656249999999998e-13
2.7124999999999995e-05,2.1874999999999996e-05,156.250002268824,1.5195518956017369,-7142858.169386253,7142858.169386415,gas_gap,7.656249999999998e-13
2.7124999999999995e-05,2.2749999999999997e-05,162.50000335240617,2.2452843641031266,-7142858.617754215,7142858.617754568,gas_gap,7.656249999999998e-13
2.7124999999999995e-05,2.3624999999999998e-05,168.75000489988142,3.281710699383976,-7142859.237896664,7142859.2378974175,gas_gap,7.656249999999998e-13
2.7124999999999995e-05,2.4499999999999996e-05,175.00000708481858,4.745079122729224,-7142860.085097351,7142860.085098927,gas_gap,7.656249999999998e-13
2.7124999999999995e-05,2.5374999999999997e-05,181.25001013495833,6.787919624818645,-7142861.2282038955,7142861.228207121,gas_gap,7.656249999999998e-13
2.7124999999999995e-05,2.6249999999999998e-05,187.500014344866,9.60751827581051,-7142862.751380434,7142862.751386896,gas_gap,7.656249999999998e-13
2.7124999999999995e-05,2.7124999999999995e-05,193.75002008997805,13.455324820148842,-7142864.75549949,7142864.755512163,gas_gap,7.656249999999998e-13
2.7124999999999995e-05,2.7999999999999996e-05,200.0000278416113,18.647005109234364,-7142867.35890063,7142867.35892497,gas_gap,7.656249999999998e-13
2.7124999999999995e-05,2.8874999999999997e-05,206.2500381822414,25.572674033976305,-7142870.697189405,7142870.697235182,gas_gap,7.656249999999998e-13
2.7124999999999995e-05,2.9749999999999995e-05,212.5000518200527,34.706640239345845,-7142874.92170842,7142874.921792738,gas_gap,7.656249999999998e-13
2.7124999999999995e-05,3.0625e-05,218.7500696014279,46.615771147641595,-7142880.196293098,7142880.19644521,gas_gap,7.656249999999998e-13
2.7124999999999995e-05,3.149999999999999e-05,225.00009251971096,61.96536197485686,-7142886.691938735,7142886.692207513,gas_gap,7.656249999999998e-13
2.7124999999999995e-05,3.2374999999999994e-05,231.2501217182719,81.52118830372515,-7142894.579063893,7142894.57952909,gas_gap,7.656249999999998e-13
2.7124999999999995e-05,3.3249999999999995e-05,237.50015848567097,106.14626728600996,-7142904.017167472,7142904.017956159,gas_gap,7.656249999999998e-13
2.7124999999999995e-05,3.4124999999999996e-05,243.75020424061353,136.79078128334345,-7142915.141849175,7142915.143158984,gas_gap,7.656249999999998e-13
2.7124999999999995e-05,3.5e-05,250.000260504459,174.47366545384904,-7142928.049396284,7142928.051527137,gas_gap,7.656249999999998e-13
2.7124999999999995e-05,3.5875e-05,256.2503288593455,220.25456159401278,-7142942.779427199,7142942.782823003,gas_gap,7.656249999999998e-13
2.7124999999999995e-05,3.674999999999999e-05,262.5004108905622,275.19522225119766,-7142959.296408659,7142959.301709852,gas_gap,7.656249999999998e-13
2.7124999999999995e-05,3.762499999999999e-05,268.7505081126682,340.3100277604495,-7142977.471204277,7142977.479310905,gas_gap,7.656249999999998e-13
2.7124999999999995e-05,3.8499999999999994e-05,275.0006218800056,416.506053155807,-7142997.064132691,7142997.076275864,gas_gap,7.656249999999998e-13
2.7124999999999995e-05,3.9374999999999995e-05,281.25075328367814,504.5140684105038,-7143017.71127332,7143017.72909033,gas_gap,7.656249999999998e-13
2.7124999999999995e-05,4.0249999999999996e-05,287.5009030386533,604.8129252131602,-7143038.915911071,7143038.941516327,gas_gap,7.656249999999998e-13
2.7124999999999995e-05,4.1125e-05,293.75107136632244,717.5509011349848,-7143060.047014491,7143060.0830550175,gas_gap,7.656249999999998e-13
2.7124999999999995e-05,4.199999999999999e-05,300.0012578794413,842.468638173301,-7143080.346457643,7143080.396138829,gas_gap,7.656249999999998e-13
2.7124999999999995e-05,4.287499999999999e-05,306.2514614777142,978.8292098462962,-7143098.94630123,7143099.013366424,gas_gap,7.656249999999998e-13
2.7124999999999995e-05,4.374999999999999e-05,312.50168026318426,1125.3614536478087,-7143114.896839326,7143114.985486815,gas_gap,7.656249999999998e-13
2.7124999999999995e-05,4.4624999999999994e-05,318.75191148487255,1280.2228930394808,-7143127.205315751,7143127.320039359,gas_gap,7.656249999999998e-13
2.7124999999999995e-05,4.5499999999999995e-05,325.0021515216189,1440.9882447353405,-7143134.884266462,7143135.029612107,gas_gap,7.656249999999998e-13
2.7124999999999995e-05,4.6374999999999996e-05,331.2523959107182,1604.6685982960798,-7143137.007425912,7143137.18766614,gas_gap,7.656249999999998e-13
2.7124999999999995e-05,4.7249999999999997e-05,337.502639427705,1767.7648517568944,-7143132.770142131,7143132.988883167,gas_gap,7.656249999999998e-13
2.7124999999999995e-05,4.812499999999999e-05,343.75287621957216,1926.3569357245951,-7143121.550387126,7143121.810137079,gas_gap,7.656249999999998e-13
2.7124999999999995e-05,4.899999999999999e-05,350.0030999900011,2076.22787111613,-7143102.9658375485,7143103.26757771,gas_gap,7.656249999999998e-13
2.7124999999999995e-05,4.987499999999999e-05,356.2533042310696,2213.01895714124,-7143076.922235317,7143077.265046463,gas_gap,7.656249999999998e-13
2.7124999999999995e-05,5.0749999999999994e-05,362.5034824917568,2332.4096025380277,-7143043.648393121,7143044.029192586,gas_gap,7.656249999999998e-13
2.7124999999999995e-05,5.1624999999999994e-05,368.7536286697331,2430.312753355652,-7143003.71382068,7143004.12726159,gas_gap,7.656249999999998e-13
2.7124999999999995e-05,5.2499999999999995e-05,375.0037373098408,2503.0748008154524,-7142958.026002467,7142958.464573101,gas_gap,7.656249999999998e-13
2.7124999999999995e-05,5.337499999999999e-05,381.2538038906703,2547.6675168666316,-7142907.805792373,7142908.26013182,gas_gap,7.656249999999998e-13
2.7124999999999995e-05,5.424999999999999e-05,387.5038250800285,2561.859154916857,-7142854.541093005,7142855.000511721,gas_gap,7.656249999999998e-13
2.7124999999999995e-05,5.512499999999999e-05,393.7537989410337,2544.3524824726856,-7142799.92080428,7142800.373968964,gas_gap,7.656249999999998e-13
2.7124999999999995e-05,5.599999999999999e-05,400.0037250730871,2494.879197207207,-7142745.752780681,7142746.188497017,gas_gap,7.656249999999998e-13
2.7124999999999995e-05,5.687499999999999e-05,406.25360467592765,2414.242828093752,-7142693.871046669,7142694.279055774,gas_gap,7.656249999999998e-13
2.7124999999999995e-05,5.7749999999999994e-05,412.50344053008826,2304.305645537172,-7142646.0386197865,7142646.410318478,gas_gap,7.656249999999998e-13
2.7124999999999995e-05,5.8624999999999995e-05,418.7532368929126,2167.919018635892,-7142603.852852384,7142604.181855144,gas_gap,7.656249999999998e-13
2.7124999999999995e-05,5.949999999999999e-05,425.00299931536597,2008.8007235045777,-7142568.66015168,7142568.942632708,gas_gap,7.656249999999998e-13
2.7124999999999995e-05,6.037499999999999e-05,431.2527343906224,1831.366558842918,-7142541.486264474,7142541.721048089,gas_gap,7.656249999999998e-13
2.7124999999999995e-05,6.125e-05,437.50244945032154,1640.526912879926,-7142522.987075445,7142523.175477255,gas_gap,7.656249999999998e-13
2.7124999999999995e-05,6.212499999999999e-05,443.7521522280084,1441.4613513309905,-7142513.423186583,7142513.568640339,gas_gap,7.656249999999998e-13
2.7124999999999995e-05,6.299999999999999e-05,450.0018505112872,1239.3856460950378,-7142512.659587552,7142512.767118111,gas_gap,7.656249999999998e-13
2.7124999999999995e-05,6.3875e-05,456.2515518044708,1039.325833856039,-7142520.189689059,7142520.265306499,gas_gap,7.656249999999998e-13
2.7124999999999995e-05,6.474999999999999e-05,462.50126302201824,845.9128949306281,-7142535.1810747795,7142535.2311668405,gas_gap,7.656249999999998e-13
2.7124999999999995e-05,6.5625e-05,468.75099023000445,663.2096017462214,-7142556.538715161,7142556.569505746,gas_gap,7.656249999999998e-13
2.7124999999999995e-05,6.649999999999999e-05,475.00073844859577,494.57822617610293,-7142582.980222821,7142582.997346012,gas_gap,7.656249999999998e-13
2.7124999999999995e-05,6.737499999999998e-05,481.25051152344764,342.59440789667156,-7142613.117104764,7142613.12532101,gas_gap,7.656249999999998e-13
2.7124999999999995e-05,6.824999999999999e-05,487.50031206858716,209.00889944412137,-7142645.535910096,7142645.538968117,gas_gap,7.656249999999998e-13
2.7124999999999995e-05,6.912499999999999e-05,493.75014147817444,94.75544398801551,-7142678.873651082,7142678.874279599,gas_gap,7.656249999999998e-13
2.7124999999999995e-05,7e-05,500.0,0.0,-7142711.882803982,7142711.882803982,gas_gap,7.656249999999998e-13
2.7999999999999996e-05,0.0,0.0,0.0,-7142857.142857568,7142857.142857568,gas_gap,7.656249999999998e-13
2.7999999999999996e-05,8.749999999999999e-07,6.250000000000666,4.612336030946965e-07,-7142857.142858347,7142857.142858347,gas_gap,7.656249999999998e-13
2.7999999999999996e-05,1.7499999999999998e-06,12.500000000002368,1.6381347734539312e-06,-7142857.14286004,7142857.14286004,gas_gap,7.656249999999998e-13
2.7999999999999996e-05,2.6249999999999994e-06,18.750000000006253,4.323477491629332e-06,-7142857.142863531,7142857.142863531,gas_gap,7.656249999999998e-13
2.7999999999999996e-05,3.4999999999999995e-06,25.000000000014534,1.0049767321081987e-05,-7142857.142870453,7142857.142870453,gas_gap,7.656249999999998e-13
2.7999999999999996e-05,4.375e-06,31.250000000031385,2.1699009051026106e-05,-7142857.142883757,7142857.142883757,gas_gap,7.656249999999998e-13
2.7999999999999996e-05,5.249999999999999e-06,37.50000000006445,4.4563862208849876e-05,-7142857.142908664,7142857.142908664,gas_gap,7.656249999999998e-13
2.7999999999999996e-05,6.124999999999999e-06,43.750000000127514,8.81610961691086e-05,-7142857.142954251,7142857.142954251,gas_gap,7.656249999999998e-13
2.7999999999999996e-05,6.999999999999999e-06,50.00000000024484,0.0001692777207158737,-7142857.1430360135,7142857.1430360135,gas_gap,7.656249999999998e-13
2.7999999999999996e-05,7.874999999999998e-06,56.25000000045851,0.0003170037682760381,-7142857.143179982,7142857.143179982,gas_gap,7.656249999999998e-13
2.7999999999999996e-05,8.75e-06,62.50000000084026,0.0005809153646157933,-7142857.143429186,7142857.143429186,gas_gap,7.656249999999998e-13
2.7999999999999996e-05,9.624999999999998e-06,68.75000000151032,0.0010441739760989766,-7142857.143853682,7142857.143853682,gas_gap,7.656249999999998e-13
2.7999999999999996e-05,1.0499999999999998e-05,75.00000000266746,0.0018441766683705888,-7142857.144565822,7142857.144565822,gas_gap,7.656249999999998e-13
2.7999999999999996e-05,1.1374999999999999e-05,81.25000000463525,0.0032046219575650177,-7142857.145743192,7142857.145743192,gas_gap,7.656249999999998e-13
2.7999999999999996e-05,1.2249999999999998e-05,87.50000000793302,0.005484561543958146,-7142857.147662469,7142857.147662469,gas_gap,7.656249999999998e-13
2.7999999999999996e-05,1.3124999999999999e-05,93.75000001338282,0.009252324624460668,-7142857.150748637,7142857.150748637,gas_gap,7.656249999999998e-13
2.7999999999999996e-05,1.3999999999999998e-05,100.00000002226817,0.015395277284115282,-7142857.15564534,7142857.15564534,gas_gap,7.656249999999998e-13
2.7999999999999996e-05,1.4874999999999997e-05,106.25000003656625,0.02528036566331153,-7142857.163313811,7142857.163313811,gas_gap,7.656249999999998e-13
2.7999999999999996e-05,1.5749999999999997e-05,112.50000005928247,0.04098542155486404,-7142857.175169588,7142857.175169588,gas_gap,7.656249999999998e-13
2.7999999999999996e-05,1.6624999999999998e-05,118.7500000949253,0.06562736816574023,-7142857.1932681715,7142857.1932681715,gas_gap,7.656249999999998e-13
2.7999999999999996e-05,1.75e-05,125.0000001501693,0.10382074670744537,-7142857.220552511,7142857.2205525115,gas_gap,7.656249999999998e-13
2.7999999999999996e-05,1.8374999999999996e-05,131.25000023476727,0.1623082396631148,-7142857.261176615,7142857.261176617,gas_gap,7.656249999999998e-13
2.7999999999999996e-05,1.9249999999999997e-05,137.5000003627841,0.25081372835141347,-7142857.320920126,7142857.32092013,gas_gap,7.656249999999998e-13
2.7999999999999996e-05,2.0124999999999998e-05,143.75000055423848,0.3831772348685247,-7142857.407707863,7142857.407707873,gas_gap,7.656249999999998e-13
2.7999999999999996e-05,2.0999999999999995e-05,150.00000083724902,0.5788388382326966,-7142857.532245515,7142857.532245538,gas_gap,7.656249999999998e-13
2.7999999999999996e-05,2.1874999999999996e-05,156.25000125079023,0.8647438639612741,-7142857.708777006,7142857.708777058,gas_gap,7.656249999999998e-13
2.7999999999999996e-05,2.2749999999999997e-05,162.5000018481631,1.277742393876926,-7142857.955959802,7142857.955959916,gas_gap,7.656249999999998e-13
2.7999999999999996e-05,2.3624999999999998e-05,168.75000270127774,1.8675500315601858,-7142858.2978409305,7142858.2978411745,gas_gap,7.656249999999998e-13
2.7999999999999996e-05,2.4499999999999996e-05,175.0000039058216,2.700321106023155,-7142858.764898017,7142858.764898527,gas_gap,7.656249999999998e-13
2.7999999999999996e-05,2.5374999999999997e-05,181.2500055873469,3.862857110450864,-7142859.395086381,7142859.395087426,gas_gap,7.656249999999998e-13
2.7999999999999996e-05,2.6249999999999998e-05,187.50000790824586,5.467429247365726,-7142860.234805245,7142860.234807338,gas_gap,7.656249999999998e-13
2.7999999999999996e-05,2.7124999999999995e-05,193.7500110754946,7.657132085786385,-7142861.339665078,7142861.339669182,gas_gap,7.656249999999998e-13
2.7999999999999996e-05,2.7999999999999996e-05,200.00001534892746,10.611604181560121,-7142862.774905835,7142862.774913718,gas_gap,7.656249999999998e-13
2.7999999999999996e-05,2.8874999999999997e-05,206.25002104966006,14.552851416243275,-7142864.61528611,7142864.615300935,gas_gap,7.656249999999998e-13
2.7999999999999996e-05,2.9749999999999995e-05,212.50002856811057,19.750792501759925,-7142866.944240252,7142866.944267558,gas_gap,7.656249999999998e-13
2.7999999999999996e-05,3.0625e-05,218.7500383708851,26.528019332820037,-7142869.852089829,7142869.85213909,gas_gap,7.656249999999998e-13
2.7999999999999996e-05,3.149999999999999e-05,225.00005100560875,35.26313691621423,-7142873.43310361,7142873.433190654,gas_gap,7.656249999999998e-13
2.7999999999999996e-05,3.2374999999999994e-05,231.2500671026151,46.391931445396544,-7142877.781232412,7142877.781383066,gas_gap,7.656249999999998e-13
2.7999999999999996e-05,3.3249999999999995e-05,237.50008737228038,60.405527171299745,-7142882.984407104,7142882.984662521,gas_gap,7.656249999999998e-13
2.7999999999999996e-05,3.4124999999999996e-05,243.75011259672902,77.84465216595869,-7142889.117383055,7142889.117807238,gas_gap,7.656249999999998e-13
2.7999999999999996e-05,3.5e-05,250.00014361467814,99.28916021937022,-7142896.233242918,7142896.233932998,gas_gap,7.656249999999998e-13
2.7999999999999996e-05,3.5875e-05,256.25018129835183,125.3420703821904,-7142904.353828099,7142904.354927836,gas_gap,7.656249999999998e-13
2.7999999999999996e-05,3.674999999999999e-05,262.5002265217113,156.60760288739368,-7142913.459549305,7142913.461266107,gas_gap,7.656249999999998e-13
2.7999999999999996e-05,3.762499999999999e-05,268.75028011972455,193.66301947443944,-7142923.479214356,7142923.481839707,gas_gap,7.656249999999998e-13
2.7999999999999996e-05,3.8499999999999994e-05,275.0003428390332,237.02451677478723,-7142934.280688233,7142934.284620834,gas_gap,7.656249999999998e-13
2.7999999999999996e-05,3.9374999999999995e-05,281.2504152811565,287.1079600524994,-7142945.663343513,7142945.669113611,gas_gap,7.656249999999998e-13
2.7999999999999996e-05,4.0249999999999996e-05,287.5004978402522,344.1858533666215,-7142957.353343899,7142957.361636256,gas_gap,7.656249999999998e-13
2.7999999999999996e-05,4.1125e-05,293.7505906383721,408.3425782511023,-7142969.0028052125,7142969.014477086,gas_gap,7.656249999999998e-13
2.7999999999999996e-05,4.199999999999999e-05,300.00069346203065,479.4305397195298,-7142980.193776786,7142980.209866264,gas_gap,7.656249999999998e-13
2.7999999999999996e-05,4.287499999999999e-05,306.2508057046408,557.0303689729953,-7142990.447768449,7142990.469487842,gas_gap,7.656249999999998e-13
2.7999999999999996e-05,4.374999999999999e-05,312.5009263198694,640.4186751352261,-7142999.2412125375,7142999.269921492,gas_gap,7.656249999999998e-13
2.7999999999999996e-05,4.4624999999999994e-05,318.7510537911168,728.5469449664645,-7143006.026808021,7143006.063961891,gas_gap,7.656249999999998e-13
2.7999999999999996e-05,4.5499999999999995e-05,325.00118612205733,820.0350026096155,-7143010.260171393,7143010.307242402,gas_gap,7.656249999999998e-13
2.7999999999999996e-05,4.6374999999999996e-05,331.2513208524262,913.1819242793175,-7143011.430657542,7143011.489029367,gas_gap,7.656249999999998e-13
2.7999999999999996e-05,4.7249999999999997e-05,337.5014551020042,1005.9964473130717,-7143009.094666255,7143009.165506767,gas_gap,7.656249999999998e-13
2.7999999999999996e-05,4.812499999999999e-05,343.7515856440606,1096.2477456602026,-7143002.909276914,7143002.993398335,gas_gap,7.656249999999998e-13
2.7999999999999996e-05,4.899999999999999e-05,350.0017090074697,1181.5360284369126,-7142992.663716754,7142992.761436816,gas_gap,7.656249999999998e-13
2.7999999999999996e-05,4.987499999999999e-05,356.2518216044495,1259.380854024769,-7142978.306021814,7142978.41704274,gas_gap,7.656249999999998e-13
2.7999999999999996e-05,5.0749999999999994e-05,362.5019198785878,1327.323468107301,-7142959.962335275,7142960.085658629,gas_gap,7.656249999999998e-13
2.7999999999999996e-05,5.1624999999999994e-05,368.75200046570365,1383.038017361633,-7142937.946624716,7142938.0805187905,gas_gap,7.656249999999998e-13
2.7999999999999996e-05,5.2499999999999995e-05,375.0020603583987,1424.4453126650978,-7142912.759181345,7142912.901213349,gas_gap,7.656249999999998e-13
2.7999999999999996e-05,5.337499999999999e-05,381.25209706404445,1449.822055436594,-7142885.073055212,7142885.220193515,gas_gap,7.656249999999998e-13
2.7999999999999996e-05,5.424999999999999e-05,387.5021087456213,1457.8982073330928,-7142855.708518856,7142855.857301587,gas_gap,7.656249999999998e-13
2.7999999999999996e-05,5.512499999999999e-05,393.752094335337,1447.9355416167748,-7142825.596653529,7142825.743410389,gas_gap,7.656249999999998e-13
2.7999999999999996e-05,5.599999999999999e-05,400.0020536123435,1419.7813732812558,-7142795.734119483,7142795.875225236,gas_gap,7.656249999999998e-13
2.7999999999999996e-05,5.687499999999999e-05,406.25198723805045,1373.8929731517132,-7142767.132004336,7142767.2641367335,gas_gap,7.656249999999998e-13
2.7999999999999996e-05,5.7749999999999994e-05,412.5018967453503,1311.3301187259049,-7142740.76224998,7142740.882623008,gas_gap,7.656249999999998e-13
2.7999999999999996e-05,5.8624999999999995e-05,418.75178448129327,1233.7154620099163,-7142717.505467997,7142717.612013848,gas_gap,7.656249999999998e-13
2.7999999999999996e-05,5.949999999999999e-05,425.00165350609603,1143.1647083587582,-7142698.103925295,7142698.19540512,gas_gap,7.656249999999998e-13
2.7999999999999996e-05,6.037499999999999e-05,431.2515074545392,1042.1907925666258,-7142683.1231104545,7142683.199143622,gas_gap,7.656249999999998e-13
2.7999999999999996e-05,6.125e-05,437.5013503685156,933.5881095488867,-7142672.924609098,7142672.985621744,gas_gap,7.656249999999998e-13
2.7999999999999996e-05,6.212499999999999e-05,443.751186511486,820.3042372614707,-7142667.65208967,7142667.699193853,gas_gap,7.656249999999998e-13
2.7999999999999996e-05,6.299999999999999e-05,450.00102017671395,705.3073578102164,-7142667.231121715,7142667.265944734,gas_gap,7.656249999999998e-13
2.7999999999999996e-05,6.3875e-05,456.25085550128586,591.4576791255594,-7142671.382425338,7142671.406913528,gas_gap,7.656249999999998e-13
2.7999999999999996e-05,6.474999999999999e-05,462.50069629710504,481.39059116984663,-7142679.647093989,7142679.663315975,gas_gap,7.656249999999998e-13
2.7999999999999996e-05,6.5625e-05,468.7505459083654,377.4181291802087,-7142691.421443885,7142691.431415227,gas_gap,7.656249999999998e-13
2.7999999999999996e-05,6.649999999999999e-05,475.000407102657,281.4536887963782,-7142705.998501902,7142706.004047153,gas_gap,7.656249999999998e-13
2.7999999999999996e-05,6.737499999999998e-05,481.2502820000686,194.96301042010623,-7142722.612799476,7142722.615460266,gas_gap,7.656249999999998e-13
2.7999999999999996e-05,6.824999999999999e-05,487.50017204169893,118.94240916071608,-7142740.485108888,7142740.486099214,gas_gap,7.656249999999998e-13
2.7999999999999996e-05,6.912499999999999e-05,493.7500779961409,53.92325790434112,-7142758.86402248,7142758.864226024,gas_gap,7.656249999999998e-13
2.7999999999999996e-05,7e-05,500.0,0.0,-7142777.061787264,7142777.061787264,gas_gap,7.656249999999998e-13
2.8874999999999997e-05,0.0,0.0,0.0,-7142857.142857373,7142857.142857373,gas_gap,7.656249999999998e-13
2.8874999999999997e-05,8.749999999999999e-07,6.250000000000361,2.5731110354686183e-07,-7142857.142857795,7142857.142857795,gas_gap,7.656249999999998e-13
2.8874999999999997e-05,1.7499999999999998e-06,12.50000000000128,9.138758830400715e-07,-7142857.14285871,7142857.14285871,gas_gap,7.656249999999998e-13
2.8874999999999997e-05,2.6249999999999994e-06,18.750000000003382,2.4119638228153054e-06,-7142857.142860598,7142857.142860598,gas_gap,7.656249999999998e-13
2.8874999999999997e-05,3.4999999999999995e-06,25.000000000007862,5.606522817128477e-06,-7142857.142864344,7142857.142864344,gas_gap,7.656249999999998e-13
2.8874999999999997e-05,4.375e-06,31.25000000001698,1.2105353832267368e-05,-7142857.14287154,7142857.14287154,gas_gap,7.656249999999998e-13
2.8874999999999997e-05,5.249999999999999e-06,37.500000000034866,2.4861103974931317e-05,-7142857.142885014,7142857.142885014,gas_gap,7.656249999999998e-13
2.8874999999999997e-05,6.124999999999999e-06,43.75000000006899,4.9182949362249504e-05,-7142857.142909676,7142857.142909676,gas_gap,7.656249999999998e-13
2.8874999999999997e-05,6.999999999999999e-06,50.00000000013245,9.443595789866202e-05,-7142857.142953906,7142857.142953906,gas_gap,7.656249999999998e-13
2.8874999999999997e-05,7.874999999999998e-06,56.250000000248036,0.00017684875710773852,-7142857.143031789,7142857.143031789,gas_gap,7.656249999999998e-13
2.8874999999999997e-05,8.75e-06,62.500000000454556,0.0003240786719217599,-7142857.143166602,7142857.143166602,gas_gap,7.656249999999998e-13
2.8874999999999997e-05,9.624999999999998e-06,68.75000000081704,0.0005825194788112167,-7142857.143396242,7142857.143396242,gas_gap,7.656249999999998e-13
2.8874999999999997e-05,1.0499999999999998e-05,75.00000000144303,0.0010288216870798666,-7142857.143781488,7142857.143781488,gas_gap,7.656249999999998e-13
2.8874999999999997e-05,1.1374999999999999e-05,81.25000000250753,0.0017877813039182723,-7142857.14441841,7142857.14441841,gas_gap,7.656249999999998e-13
2.8874999999999997e-05,1.2249999999999998e-05,87.50000000429154,0.0030597046136224544,-7142857.145456683,7142857.145456683,gas_gap,7.656249999999998e-13
2.8874999999999997e-05,1.3124999999999999e-05,93.7500000072397,0.005161648768693439,-7142857.147126208,7142857.147126208,gas_gap,7.656249999999998e-13
2.8874999999999997e-05,1.3999999999999998e-05,100.00000001204641,0.008588653907274667,-7142857.149775181,7142857.149775181,gas_gap,7.656249999999998e-13
2.8874999999999997e-05,1.4874999999999997e-05,106.25000001978125,0.014103306314304575,-7142857.153923598,7142857.153923598,gas_gap,7.656249999999998e-13
2.8874999999999997e-05,1.5749999999999997e-05,112.50000003207008,0.022864778235704975,-7142857.160337225,7142857.160337225,gas_gap,7.656249999999998e-13
2.8874999999999997e-05,1.6624999999999998e-05,118.75000005135179,0.036611925957475804,-7142857.170128025,7142857.170128025,gas_gap,7.656249999999998e-13
2.8874999999999997e-05,1.75e-05,125.00000008123716,0.057919090732136566,-7142857.184888049,7142857.184888049,gas_gap,7.656249999999998e-13
2.8874999999999997e-05,1.8374999999999996e-05,131.25000012700215,0.09054785250304072,-7142857.206864494,7142857.206864495,gas_gap,7.656249999999998e-13
2.8874999999999997e-05,1.9249999999999997e-05,137.5000001962555,0.13992293014599547,-7142857.2391839735,7142857.239183974,gas_gap,7.656249999999998e-13
2.8874999999999997e-05,2.0124999999999998e-05,143.7500002998267,0.21376533820718244,-7142857.286133584,7142857.286133586,gas_gap,7.656249999999998e-13
2.8874999999999997e-05,2.0999999999999995e-05,150.00000045292708,0.322920227932437,-7142857.353504786,7142857.353504794,gas_gap,7.656249999999998e-13
2.8874999999999997e-05,2.1874999999999996e-05,156.2500006766407,0.4824197465846159,-7142857.449003125,7142857.44900314,gas_gap,7.656249999999998e-13
2.8874999999999997e-05,2.2749999999999997e-05,162.50000099980184,0.7128216660952585,-7142857.582721738,7142857.582721774,gas_gap,7.656249999999998e-13
2.8874999999999997e-05,2.3624999999999998e-05,168.7500014613117,1.0418611227054666,-7142857.767669361,7142857.767669437,gas_gap,7.656249999999998e-13
2.8874999999999997e-05,2.4499999999999996e-05,175.00000211293445,1.5064440211201295,-7142858.020333492,7142858.020333651,gas_gap,7.656249999999998e-13
2.8874999999999997e-05,2.5374999999999997e-05,181.25000302259014,2.1549948209863694,-7142858.361246839,7142858.361247164,gas_gap,7.656249999999998e-13
2.8874999999999997e-05,2.6249999999999998e-05,187.50000427812816,3.0501469185349612,-7142858.815510018,7142858.815510669,gas_gap,7.656249999999998e-13
2.8874999999999997e-05,2.7124999999999995e-05,193.75000599151642,4.271729322794508,-7142859.413206653,7142859.4132079305,gas_gap,7.656249999999998e-13
2.8874999999999997e-05,2.7999999999999996e-05,200.00000830331777,5.919958051710142,-7142860.189629639,7142860.189632092,gas_gap,7.656249999999998e-13
2.8874999999999997e-05,2.8874999999999997e-05,206.25001138724625,8.118684832462776,-7142861.185221175,7142861.1852257885,gas_gap,7.656249999999998e-13
2.8874999999999997e-05,2.9749999999999995e-05,212.50001545450658,11.01849080477668,-7142862.445116784,7142862.445125283,gas_gap,7.656249999999998e-13
2.8874999999999997e-05,3.0625e-05,218.75002075751894,14.799342206727644,-7142864.018177779,7142864.018193111,gas_gap,7.656249999999998e-13
2.8874999999999997e-05,3.149999999999999e-05,225.00002759253235,19.6724536407471,-7142865.9554007845,7142865.955427875,gas_gap,7.656249999999998e-13
2.8874999999999997e-05,3.2374999999999994e-05,231.2500363005388,25.880939714261256,-7142868.307610428,7142868.307657315,gas_gap,7.656249999999998e-13
2.8874999999999997e-05,3.3249999999999995e-05,237.50004726583083,33.698786802369916,-7142871.122374719,7142871.122454211,gas_gap,7.656249999999998e-13
2.8874999999999997e-05,3.4124999999999996e-05,243.75006091151477,43.42765405566514,-7142874.440134111,7142874.440266128,gas_gap,7.656249999999998e-13
2.8874999999999997e-05,3.5e-05,250.00007769131187,55.391027919190854,-7142878.289604757,7142878.289819528,gas_gap,7.656249999999998e-13
2.8874999999999997e-05,3.5875e-05,256.25009807706965,69.92531817823377,-7142882.682602214,7142882.682944481,gas_gap,7.656249999999998e-13
2.8874999999999997e-05,3.674999999999999e-05,262.5001225415754,87.36760472872696,-7142887.608529251,7142887.609063566,gas_gap,7.656249999999998e-13
2.8874999999999997e-05,3.762499999999999e-05,268.7501515365223,108.03992797323227,-7142893.028872997,7142893.029690077,gas_gap,7.656249999999998e-13
2.8874999999999997e-05,3.8499999999999994e-05,275.0001854658214,132.23026156327214,-7142898.872152293,7142898.873376225,gas_gap,7.656249999999998e-13
2.8874999999999997e-05,3.9374999999999995e-05,281.25022465487694,160.17060670020032,-7142905.029833617,7142905.031629428,gas_gap,7.656249999999998e-13
2.8874999999999997e-05,4.0249999999999996e-05,287.50026931691656,192.01298682654908,-7142911.353779591,7142911.3563604,gas_gap,7.656249999999998e-13
2.8874999999999997e-05,4.1125e-05,293.7503195179669,227.80447636507012,-7142917.655795122,7142917.659427732,gas_gap,7.656249999999998e-13
2.8874999999999997e-05,4.199999999999999e-05,300.0003751425383,267.46273563240794,-7142923.7097812025,7142923.714788698,gas_gap,7.656249999999998e-13
2.8874999999999997e-05,4.287499999999999e-05,306.2504358624852,310.75380888961325,-7142929.256888744,7142929.263648431,gas_gap,7.656249999999998e-13
2.8874999999999997e-05,4.374999999999999e-05,312.50050111177205,357.27413381290785,-7142934.013883057,7142934.022818097,gas_gap,7.656249999999998e-13
2.8874999999999997e-05,4.4624999999999994e-05,318.7505700699633,406.43877015293583,-7142937.684690399,7142937.696253742,gas_gap,7.656249999999998e-13
2.8874999999999997e-05,4.5499999999999995e-05,325.0006416571054,457.4777510848714,-7142939.974815324,7142939.989465167,gas_gap,7.656249999999998e-13
2.8874999999999997e-05,4.6374999999999996e-05,331.2507145422676,509.44217225022004,-7142940.608013864,7142940.626180844,gas_gap,7.656249999999998e-13
2.8874999999999997e-05,4.7249999999999997e-05,337.50078716733606,561.2211562330666,-7142939.344311364,7142939.3663589535,gas_gap,7.656249999999998e-13
2.8874999999999997e-05,4.812499999999999e-05,343.75085778674446,611.5701789808074,-7142935.998197871,7142936.024378848,gas_gap,7.656249999999998e-13
2.8874999999999997e-05,4.899999999999999e-05,350.00092452271616,659.1504550353828,-7142930.4556515245,7142930.486064765,gas_gap,7.656249999999998e-13
2.8874999999999997e-05,4.987499999999999e-05,356.25098543436656,702.578205838942,-7142922.688561352,7142922.723114165,gas_gap,7.656249999999998e-13
2.8874999999999997e-05,5.0749999999999994e-05,362.50103859778153,740.4817516563651,-7142912.765167098,7142912.803548724,gas_gap,7.656249999999998e-13
2.8874999999999997e-05,5.1624999999999994e-05,368.75108219303814,771.5635550116698,-7142900.8553159805,7142900.8969874475,gas_gap,7.656249999999998e-13
2.8874999999999997e-05,5.2499999999999995e-05,375.00111459322255,794.6636864373454,-7142887.2296508085,7142887.273854949,gas_gap,7.656249999999998e-13
2.8874999999999997e-05,5.337499999999999e-05,381.251134449896,808.8207592159694,-7142872.25227184,7142872.298065115,gas_gap,7.656249999999998e-13
2.8874999999999997e-05,5.424999999999999e-05,387.5011407692851,813.3262495856152,-7142856.366922366,7142856.413227342,gas_gap,7.656249999999998e-13
2.8874999999999997e-05,5.512499999999999e-05,393.75113297374565,807.7683186531459,-7142840.077289926,7142840.12296431,gas_gap,7.656249999999998e-13
2.8874999999999997e-05,5.599999999999999e-05,400.0011109438053,792.0617871358203,-7142823.922538366,7142823.9664539015,gas_gap,7.656249999999998e-13
2.8874999999999997e-05,5.687499999999999e-05,406.2510750372673,766.4617553989558,-7142808.449636314,7142808.490759048,gas_gap,7.656249999999998e-13
2.8874999999999997e-05,5.7749999999999994e-05,412.50102608338125,731.5594477497852,-7142794.184375715,7142794.221838592,gas_gap,7.656249999999998e-13
2.8874999999999997e-05,5.8624999999999995e-05,418.75096535183224,688.2601026088341,-7142781.603141502,7142781.63630099,gas_gap,7.656249999999998e-13
2.8874999999999997e-05,5.949999999999999e-05,425.0008944981073,637.7440209689717,-7142771.107478215,7142771.135948779,gas_gap,7.656249999999998e-13
2.8874999999999997e-05,6.037499999999999e-05,431.25081548851585,581.4131085471655,-7142763.003298525,7142763.026961721,gas_gap,7.656249999999998e-13
2.8874999999999997e-05,6.125e-05,437.5007305096028,520.8262908739807,-7142757.486209604,7142757.505198071,gas_gap,7.656249999999998e-13
2.8874999999999997e-05,6.212499999999999e-05,443.75064186777485,457.62795060398065,-7142754.633931854,7142754.648591698,gas_gap,7.656249999999998e-13
2.8874999999999997e-05,6.299999999999999e-05,450.0005518855612,393.4739649500505,-7142754.406200586,7142754.417038265,gas_gap,7.656249999999998e-13
2.8874999999999997e-05,6.3875e-05,456.2504628010038,329.95997493664254,-7142756.651933604,7142756.659554862,gas_gap,7.656249999999998e-13
2.8874999999999997e-05,6.474999999999999e-05,462.50037667623,268.55620106577123,-7142761.122875975,7142761.127924614,gas_gap,7.656249999999998e-13
2.8874999999999997e-05,6.5625e-05,468.7502953203504,210.552472036633,-7142767.492452551,7142767.4955558535,gas_gap,7.656249999999998e-13
2.8874999999999997e-05,6.649999999999999e-05,475.0002202305495,157.0162251310692,-7142775.37821169,7142775.379937497,gas_gap,7.656249999999998e-13
2.8874999999999997e-05,6.737499999999998e-05,481.2501525537331,108.76516156980043,-7142784.366057437,7142784.366885535,gas_gap,7.656249999999998e-13
2.8874999999999997e-05,6.824999999999999e-05,487.50009306949306,66.35510152408091,-7142794.034450545,7142794.034758758,gas_gap,7.656249999999998e-13
2.8874999999999997e-05,6.912499999999999e-05,493.75004219361546,30.082485111908355,-7142803.976901596,7142803.976964944,gas_gap,7.656249999999998e-13
2.8874999999999997e-05,7e-05,500.0,0.0,-7142813.821356477,7142813.821356477,gas_gap,7.656249999999998e-13
2.9749999999999995e-05,0.0,0.0,0.0,-7142857.142857265,7142857.142857265,gas_gap,7.656249999999998e-13
2.9749999999999995e-05,8.749999999999999e-07,6.250000000000191,1.407301296826774e-07,-7142857.142857489,7142857.142857489,gas_gap,7.656249999999998e-13
2.9749999999999995e-05,1.7499999999999998e-06,12.500000000000679,4.998224707806984e-07,-7142857.142857975,7142857.142857975,gas_gap,7.656249999999998e-13
2.9749999999999995e-05,2.6249999999999994e-06,18.750000000001798,1.319165698237759e-06,-7142857.142858977,7142857.142858977,gas_gap,7.656249999999998e-13
2.9749999999999995e-05,3.4999999999999995e-06,25.00000000000417,3.0663530343131325e-06,-7142857.142860966,7142857.142860966,gas_gap,7.656249999999998e-13
2.9749999999999995e-05,4.375e-06,31.250000000009013,6.62073261195051e-06,-7142857.142864785,7142857.142864785,gas_gap,7.656249999999998e-13
2.9749999999999995e-05,5.249999999999999e-06,37.50000000001851,1.359718386894028e-05,-7142857.142871939,7142857.142871939,gas_gap,7.656249999999998e-13
2.9749999999999995e-05,6.124999999999999e-06,43.750000000036614,2.6899433201744334e-05,-7142857.142885029,7142857.142885029,gas_gap,7.656249999999998e-13
2.9749999999999995e-05,6.999999999999999e-06,50.00000000007031,5.164947963221563e-05,-7142857.142908509,7142857.142908509,gas_gap,7.656249999999998e-13
2.9749999999999995e-05,7.874999999999998e-06,56.250000000131664,9.672318131214936e-05,-7142857.142949852,7142857.142949852,gas_gap,7.656249999999998e-13
2.9749999999999995e-05,8.75e-06,62.50000000024129,0.0001772470480219017,-7142857.143021416,7142857.143021416,gas_gap,7.656249999999998e-13
2.9749999999999995e-05,9.624999999999998e-06,68.75000000043372,0.00031859504182204184,-7142857.143143318,7142857.143143318,gas_gap,7.656249999999998e-13
2.9749999999999995e-05,1.0499999999999998e-05,75.00000000076601,0.0005626893182894921,-7142857.143347822,7142857.143347822,gas_gap,7.656249999999998e-13
2.9749999999999995e-05,1.1374999999999999e-05,81.2500000013311,0.0009777840570290967,-7142857.143685927,7142857.143685927,gas_gap,7.656249999999998e-13
2.9749999999999995e-05,1.2249999999999998e-05,87.50000000227811,0.001673431970600345,-7142857.144237083,7142857.144237083,gas_gap,7.656249999999998e-13
2.9749999999999995e-05,1.3124999999999999e-05,93.75000000384314,0.002823039855574546,-7142857.145123334,7142857.145123334,gas_gap,7.656249999999998e-13
2.9749999999999995e-05,1.3999999999999998e-05,100.00000000639471,0.0046973580288977735,-7142857.146529513,7142857.146529513,gas_gap,7.656249999999998e-13
2.9749999999999995e-05,1.4874999999999997e-05,106.25000001050068,0.007713464748345534,-7142857.148731659,7142857.148731659,gas_gap,7.656249999999998e-13
2.9749999999999995e-05,1.5749999999999997e-05,112.50000001702406,0.012505341440465268,-7142857.152136268,7142857.152136268,gas_gap,7.656249999999998e-13
2.9749999999999995e-05,1.6624999999999998e-05,118.75000002725957,0.02002401379849428,-7142857.157333616,7142857.157333616,gas_gap,7.656249999999998e-13
2.9749999999999995e-05,1.75e-05,125.00000004312392,0.031677455956936086,-7142857.1651688265,7142857.1651688265,gas_gap,7.656249999999998e-13
2.9749999999999995e-05,1.8374999999999996e-05,131.2500000674178,0.049522973744971444,-7142857.1768348,7142857.1768348,gas_gap,7.656249999999998e-13
2.9749999999999995e-05,1.9249999999999997e-05,137.50000010418026,0.0765274868965767,-7142857.193991271,7142857.193991271,gas_gap,7.656249999999998e-13
2.9749999999999995e-05,2.0124999999999998e-05,143.75000015915998,0.11691381892534376,-7142857.218913998,7142857.218913999,gas_gap,7.656249999999998e-13
2.9749999999999995e-05,2.0999999999999995e-05,150.00000024043177,0.1766134648978146,-7142857.254677323,7142857.254677325,gas_gap,7.656249999999998e-13
2.9749999999999995e-05,2.1874999999999996e-05,156.2500003591879,0.26384789681636484,-7142857.305371654,7142857.305371659,gas_gap,7.656249999999998e-13
2.9749999999999995e-05,2.2749999999999997e-05,162.50000053073475,0.38986069441786964,-7142857.376354834,7142857.376354844,gas_gap,7.656249999999998e-13
2.9749999999999995e-05,2.3624999999999998e-05,168.7500007757226,0.5698209245096855,-7142857.474532418,7142857.47453244,gas_gap,7.656249999999998e-13
2.9749999999999995e-05,2.4499999999999996e-05,175.00000112162996,0.8239133855073602,-7142857.608656627,7142857.608656675,gas_gap,7.656249999999998e-13
2.9749999999999995e-05,2.5374999999999997e-05,181.25000160451154,1.1786226728753568,-7142857.789627044,7142857.789627141,gas_gap,7.656249999999998e-13
2.9749999999999995e-05,2.6249999999999998e-05,187.50000227100125,1.6682046187659711,-7142858.030768079,7142858.030768273,gas_gap,7.656249999999998e-13
2.9749999999999995e-05,2.7124999999999995e-05,193.75000318053614,2.3363197828603677,-7142858.348049318,7142858.3480497,gas_gap,7.656249999999998e-13
2.9749999999999995e-05,2.7999999999999996e-05,200.0000044077326,3.2377789098457965,-7142858.760205642,7142858.760206376,gas_gap,7.656249999999998e-13
2.9749999999999995e-05,2.8874999999999997e-05,206.25000604480502,4.440319728049322,-7142859.2887053825,7142859.288706763,gas_gap,7.656249999999998e-13
2.9749999999999995e-05,2.9749999999999995e-05,212.50000820386919,6.026298976177713,-7142859.957508281,7142859.957510823,gas_gap,7.656249999999998e-13
2.9749999999999995e-05,3.0625e-05,218.7500110189199,8.094144866903486,-7142860.792551869,7142860.792556454,gas_gap,7.656249999999998e-13
2.9749999999999995e-05,3.149999999999999e-05,225.00001464721794,10.759376155466198,-7142861.820907194,7142861.820915298,gas_gap,7.656249999999998e-13
2.9749999999999995e-05,3.2374999999999994e-05,231.2500192697755,14.15495853887322,-7142863.0695539955,7142863.069568021,gas_gap,7.656249999999998e-13
2.9749999999999995e-05,3.3249999999999995e-05,237.50002509059033,18.430742286186334,-7142864.563743276,7142864.563767054,gas_gap,7.656249999999998e-13
2.9749999999999995e-05,3.4124999999999996e-05,243.75003233426423,23.751712626560465,-7142866.32494244,7142866.32498193,gas_gap,7.656249999999998e-13
2.9749999999999995e-05,3.5e-05,250.0000412416506,30.294792703746907,-7142868.368395168,7142868.368459413,gas_gap,7.656249999999998e-13
2.9749999999999995e-05,3.5875e-05,256.2500520632248,38.24397377213508,-7142870.700373631,7142870.700476013,gas_gap,7.656249999999998e-13
2.9749999999999995e-05,3.674999999999999e-05,262.50006504996134,47.78361358704218,-7142873.315252395,7142873.315412224,gas_gap,7.656249999999998e-13
2.9749999999999995e-05,3.762499999999999e-05,268.7500804416369,59.089844414005405,-7142876.192587291,7142876.1928317025,gas_gap,7.656249999999998e-13
2.9749999999999995e-05,3.8499999999999994e-05,275.0000984526637,72.32016652707172,-7142879.294433263,7142879.294799376,gas_gap,7.656249999999998e-13
2.9749999999999995e-05,3.9374999999999995e-05,281.25011925577917,87.60146741264566,-7142882.563176388,7142882.563713567,gas_gap,7.656249999999998e-13
2.9749999999999995e-05,4.0249999999999996e-05,287.50014296417316,105.01689264232314,-7142885.920179427,7142885.920951422,gas_gap,7.656249999999998e-13
2.9749999999999995e-05,4.1125e-05,293.7501696128952,124.59218844130496,-7142889.26554091,7142889.26662753,gas_gap,7.656249999999998e-13
2.9749999999999995e-05,4.199999999999999e-05,300.0001991406388,146.28232109687167,-7142892.479238458,7142892.480736347,gas_gap,7.656249999999998e-13
2.9749999999999995e-05,4.287499999999999e-05,306.2502313732112,169.959334135212,-7142895.4238646375,7142895.425886659,gas_gap,7.656249999999998e-13
2.9749999999999995e-05,4.374999999999999e-05,312.5002660101381,195.40250883343575,-7142897.949067166,7142897.951739901,gas_gap,7.656249999999998e-13
2.9749999999999995e-05,4.4624999999999994e-05,318.7503026158995,222.2919261673975,-7142899.897678278,7142899.901137217,gas_gap,7.656249999999998e-13
2.9749999999999995e-05,4.5499999999999995e-05,325.000340617213,250.20647127024748,-7142901.113368034,7142901.117750237,gas_gap,7.656249999999998e-13
2.9749999999999995e-05,4.6374999999999996e-05,331.25037930756736,278.6271636876385,-7142901.449495102,7142901.454929385,gas_gap,7.656249999999998e-13
2.9749999999999995e-05,4.7249999999999997e-05,337.50041785985366,306.94643569066795,-7142900.778671357,7142900.785266445,gas_gap,7.656249999999998e-13
2.9749999999999995e-05,4.812499999999999e-05,343.75045534745544,334.4836247315412,-7142899.002420703,7142899.0102522075,gas_gap,7.656249999999998e-13
2.9749999999999995e-05,4.899999999999999e-05,350.000490773574,360.5065142500982,-7142896.060215789,7142896.069313286,gas_gap,7.656249999999998e-13
2.9749999999999995e-05,4.987499999999999e-05,356.2505231079103,384.25827979059636,-7142891.937134184,7142891.947469943,gas_gap,7.656249999999998e-13
2.9749999999999995e-05,5.0749999999999994e-05,362.50055132917373,404.98871405787537,-7142886.669400272,7142886.6808813345,gas_gap,7.656249999999998e-13
2.9749999999999995e-05,5.1624999999999994e-05,368.75057447127676,421.98816008515064,-7142880.347175737,7142880.359640877,gas_gap,7.656249999999998e-13
2.9749999999999995e-05,5.2499999999999995e-05,375.00059167058834,434.62222230170846,-7142873.11412859,7142873.127351314,gas_gap,7.656249999999998e-13
2.9749999999999995e-05,5.337499999999999e-05,381.25060221130354,442.3650933267049,-7142865.163537785,7142865.177235851,gas_gap,7.656249999999998e-13
2.9749999999999995e-05,5.424999999999999e-05,387.50060556588755,444.8292631012083,-7142856.73095998,7142856.744811095,gas_gap,7.656249999999998e-13
2.9749999999999995e-05,5.512499999999999e-05,393.75060142770394,441.78948623145004,-7142848.083772635,7142848.097435109,gas_gap,7.656249999999998e-13
2.9749999999999995e-05,5.599999999999999e-05,400.00058973333194,433.199175954009,-7142839.508185445,7142839.521321785,gas_gap,7.656249999999998e-13
2.9749999999999995e-05,5.687499999999999e-05,406.2505706727078,419.1978532883765,-7142831.294551201,7142831.306852125,gas_gap,7.656249999999998e-13
2.9749999999999995e-05,5.7749999999999994e-05,412.50054468603037,400.1088741732645,-7142823.721981263,7142823.733187413,gas_gap,7.656249999999998e-13
2.9749999999999995e-05,5.8624999999999995e-05,418.7505124472992,376.4273370267289,-7142817.043359772,7142817.053278656,gas_gap,7.656249999999998e-13
2.9749999999999995e-05,5.949999999999999e-05,425.0004748353128,348.79877913612916,-7142811.471842607,7142811.480358902,gas_gap,7.656249999999998e-13
2.9749999999999995e-05,6.037499999999999e-05,431.25043289386673,317.9899391716286,-7142807.169820426,7142807.176898708,gas_gap,7.656249999999998e-13
2.9749999999999995e-05,6.125e-05,437.50038778366644,284.85343402017014,-7142804.24112933,7142804.246809276,gas_gap,7.656249999999998e-13
2.9749999999999995e-05,6.212499999999999e-05,443.75034072904475,250.28861929072224,-7142802.727026408,7142802.731411548,gas_gap,7.656249999999998e-13
2.9749999999999995e-05,6.299999999999999e-05,450.0002929628927,215.2011372649263,-7142802.606137558,7142802.609379389,gas_gap,7.656249999999998e-13
2.9749999999999995e-05,6.3875e-05,456.2502456732525,180.46368548751659,-7142803.798262316,7142803.800542032,gas_gap,7.656249999999998e-13
2.9749999999999995e-05,6.474999999999999e-05,462.50019995478357,146.8803657600034,-7142806.171617052,7142806.173127231,gas_gap,7.656249999999998e-13
2.9749999999999995e-05,6.5625e-05,468.75015676783414,115.15661891880706,-7142809.552842636,7142809.553770915,gas_gap,7.656249999999998e-13
2.9749999999999995e-05,6.649999999999999e-05,475.00011690716946,85.87625415455702,-7142813.738918466,7142813.7394346995,gas_gap,7.656249999999998e-13
2.9749999999999995e-05,6.737499999999998e-05,481.250080981613,59.48649351576749,-7142818.510025875,7142818.510273581,gas_gap,7.656249999999998e-13
2.9749999999999995e-05,6.824999999999999e-05,487.5000494050032,36.291329499080305,-7142823.642394995,7142823.64248719,gas_gap,7.656249999999998e-13
2.9749999999999995e-05,6.912499999999999e-05,493.7500223980559,16.452892909089183,-7142828.920245017,7142828.920263966,gas_gap,7.656249999999998e-13
2.9749999999999995e-05,7e-05,500.0,0.0,-7142834.146074758,7142834.146074758,gas_gap,7.656249999999998e-13
3.0625e-05,0.0,0.0,0.0,-7142857.142857207,7142857.142857207,gas_gap,7.656249999999998e-13
3.0625e-05,8.749999999999999e-07,6.2500000000000995,7.546225106355008e-08,-7142857.142857323,7142857.142857323,gas_gap,7.656249999999998e-13
3.0625e-05,1.7499999999999998e-06,12.500000000000353,2.6801459546938666e-07,-7142857.142857576,7142857.142857576,gas_gap,7.656249999999998e-13
3.0625e-05,2.6249999999999994e-06,18.750000000000934,7.073624769571604e-07,-7142857.142858099,7142857.142858099,gas_gap,7.656249999999998e-13
3.0625e-05,3.4999999999999995e-06,25.000000000002174,1.6442385368831183e-06,-7142857.142859134,7142857.142859134,gas_gap,7.656249999999998e-13
3.0625e-05,4.375e-06,31.250000000004697,3.5501664619665392e-06,-7142857.142861124,7142857.142861124,gas_gap,7.656249999999998e-13
3.0625e-05,5.249999999999999e-06,37.50000000000964,7.291076226454502e-06,-7142857.14286485,7142857.14286485,gas_gap,7.656249999999998e-13
3.0625e-05,6.124999999999999e-06,43.75000000001907,1.442400277974798e-05,-7142857.142871669,7142857.142871669,gas_gap,7.656249999999998e-13
3.0625e-05,6.999999999999999e-06,50.00000000003662,2.769546228726122e-05,-7142857.1428839,7142857.1428839,gas_gap,7.656249999999998e-13
3.0625e-05,7.874999999999998e-06,56.25000000006859,5.186486368129277e-05,-7142857.1429054355,7142857.1429054355,gas_gap,7.656249999999998e-13
3.0625e-05,8.75e-06,62.50000000012569,9.504333768654418e-05,-7142857.142942713,7142857.142942713,gas_gap,7.656249999999998e-13
3.0625e-05,9.624999999999998e-06,68.75000000022591,0.00017083689958779724,-7142857.143006211,7142857.143006211,gas_gap,7.656249999999998e-13
3.0625e-05,1.0499999999999998e-05,75.00000000039901,0.0003017250300506626,-7142857.143112738,7142857.143112738,gas_gap,7.656249999999998e-13
3.0625e-05,1.1374999999999999e-05,81.25000000069338,0.0005243069566115015,-7142857.143288855,7142857.143288855,gas_gap,7.656249999999998e-13
3.0625e-05,1.2249999999999998e-05,87.50000000118666,0.0008973269888115441,-7142857.143575952,7142857.143575952,gas_gap,7.656249999999998e-13
3.0625e-05,1.3124999999999999e-05,93.75000000200188,0.0015137692463165382,-7142857.1440376,7142857.1440376,gas_gap,7.656249999999998e-13
3.0625e-05,1.3999999999999998e-05,100.000000003331,0.0025188153504252767,-7142857.144770077,7142857.144770077,gas_gap,7.656249999999998e-13
3.0625e-05,1.4874999999999997e-05,106.25000000546979,0.004136110829443398,-7142857.145917173,7142857.145917173,gas_gap,7.656249999999998e-13
3.0625e-05,1.5749999999999997e-05,112.50000000886781,0.006705608937785048,-7142857.14769063,7142857.14769063,gas_gap,7.656249999999998e-13
3.0625e-05,1.6624999999999998e-05,118.75000001419949,0.010737268273461727,-7142857.150397924,7142857.150397924,gas_gap,7.656249999999998e-13
3.0625e-05,1.75e-05,125.00000002246323,0.016986072135845576,-7142857.154479276,7142857.154479276,gas_gap,7.656249999999998e-13
3.0625e-05,1.8374999999999996e-05,131.25000003511786,0.026555188193055804,-7142857.160556072,7142857.160556072,gas_gap,7.656249999999998e-13
3.0625e-05,1.9249999999999997e-05,137.5000000542674,0.041035536899408344,-7142857.16949286,7142857.16949286,gas_gap,7.656249999999998e-13
3.0625e-05,2.0124999999999998e-05,143.75000008290627,0.0626914789067284,-7142857.182475084,7142857.182475084,gas_gap,7.656249999999998e-13
3.0625e-05,2.0999999999999995e-05,150.00000012524066,0.0947035980097081,-7142857.201104165,7142857.201104166,gas_gap,7.656249999999998e-13
3.0625e-05,2.1874999999999996e-05,156.25000018710062,0.14148040847429882,-7142857.227510792,7142857.227510794,gas_gap,7.656249999999998e-13
3.0625e-05,2.2749999999999997e-05,162.5000002764592,0.20905093790724016,-7142857.264485861,7142857.264485864,gas_gap,7.656249999999998e-13
3.0625e-05,2.3624999999999998e-05,168.75000040407315,0.3055491369443906,-7142857.3156264685,7142857.315626475,gas_gap,7.656249999999998e-13
3.0625e-05,2.4499999999999996e-05,175.00000058425593,0.44179848971907143,-7142857.385491638,7142857.385491652,gas_gap,7.656249999999998e-13
3.0625e-05,2.5374999999999997e-05,181.25000083578848,0.6320005548936891,-7142857.479758952,7142857.47975898,gas_gap,7.656249999999998e-13
3.0625e-05,2.6249999999999998e-05,187.5000011829623,0.8945239804052211,-7142857.60536908,7142857.605369136,gas_gap,7.656249999999998e-13
3.0625e-05,2.7124999999999995e-05,193.75000165673816,1.252780413238331,-7142857.770640567,7142857.770640677,gas_gap,7.656249999999998e-13
3.0625e-05,2.7999999999999996e-05,200.00000229598362,1.7361604479010622,-7142857.985332393,7142857.9853326045,gas_gap,7.656249999999998e-13
3.0625e-05,2.8874999999999997e-05,206.250003148733,2.3809863806423905,-7142858.26062739,7142858.260627787,gas_gap,7.656249999999998e-13
3.0625e-05,2.9749999999999995e-05,212.50000427338742,3.2314195073204393,-7142858.609006165,7142858.609006896,gas_gap,7.656249999999998e-13
3.0625e-05,3.0625e-05,218.7500057397446,4.340238962816788,-7142859.043979552,7142859.04398087,gas_gap,7.656249999999998e-13
3.0625e-05,3.149999999999999e-05,225.00000762972147,5.769388165574231,-7142859.579648834,7142859.579651164,gas_gap,7.656249999999998e-13
3.0625e-05,3.2374999999999994e-05,231.25001003760718,7.590165925826445,-7142860.23006773,7142860.230071763,gas_gap,7.656249999999998e-13
3.0625e-05,3.3249999999999995e-05,237.50001306966394,9.88292489194645,-7142861.008389463,7142861.0083963,gas_gap,7.656249999999998e-13
3.0625e-05,3.4124999999999996e-05,243.75001684288657,12.73613337425514,-7142861.925796383,7142861.925807738,gas_gap,7.656249999999998e-13
3.0625e-05,3.5e-05,250.00002148273543,16.244661026627064,-7142862.990228908,7142862.99024738,gas_gap,7.656249999999998e-13
3.0625e-05,3.5875e-05,256.25002711968284,20.507167562255994,-7142864.204954206,7142864.204983644,gas_gap,7.656249999999998e-13
3.0625e-05,3.674999999999999e-05,262.5000338844611,25.622509219309617,-7142865.567041994,7142865.56708795,gas_gap,7.656249999999998e-13
3.0625e-05,3.762499999999999e-05,268.7500419019699,31.68513156727843,-7142867.065842923,7142867.065913199,gas_gap,7.656249999999998e-13
3.0625e-05,3.8499999999999994e-05,275.0000512838961,38.77948933699738,-7142868.681591453,7142868.681696722,gas_gap,7.656249999999998e-13
3.0625e-05,3.9374999999999995e-05,281.25006212021856,46.973622083162084,-7142870.384276546,7142870.384431002,gas_gap,7.656249999999998e-13
3.0625e-05,4.0249999999999996e-05,287.50007446989775,56.31211408927149,-7142872.132936141,7142872.133158115,gas_gap,7.656249999999998e-13
3.0625e-05,4.1125e-05,293.75008835119104,66.80877098539484,-7142873.875531662,7142873.8758441005,gas_gap,7.656249999999998e-13
3.0625e-05,4.199999999999999e-05,300.0001037321637,78.43944481300204,-7142875.549543568,7142875.549974259,gas_gap,7.656249999999998e-13
3.0625e-05,4.287499999999999e-05,306.2501205220791,91.13552280541876,-7142877.083396462,7142877.083977858,gas_gap,7.656249999999998e-13
3.0625e-05,4.374999999999999e-05,312.5001385644204,104.77865126170883,-7142878.398771986,7142878.399540484,gas_gap,7.656249999999998e-13
3.0625e-05,4.4624999999999994e-05,318.7501576323257,119.19728333703881,-7142879.413801607,7142879.414796163,gas_gap,7.656249999999998e-13
3.0625e-05,4.5499999999999995e-05,325.00017742717273,134.16560899427975,-7142880.0470532095,7142880.048313234,gas_gap,7.656249999999998e-13
3.0625e-05,4.6374999999999996e-05,331.25019758094044,149.40534075205616,-7142880.222141471,7142880.223704003,gas_gap,7.656249999999998e-13
3.0625e-05,4.7249999999999997e-05,337.5002176627886,164.59068889781742,-7142879.872710038,7142879.874606338,gas_gap,7.656249999999998e-13
3.0625e-05,4.812499999999999e-05,343.75023719004366,179.35666884590952,-7142878.947462812,7142878.949714622,gas_gap,7.656249999999998e-13
3.0625e-05,4.899999999999999e-05,350.0002556434741,193.31065173980932,-7142877.4148711525,7142877.417486976,gas_gap,7.656249999999998e-13
3.0625e-05,4.987499999999999e-05,356.25027248639816,206.04681348755386,-7142875.267161983,7142875.2701338455,gas_gap,7.656249999999998e-13
3.0625e-05,5.0749999999999994e-05,362.50028718682677,217.16287824825022,-7142872.523204546,7142872.52650572,gas_gap,7.656249999999998e-13
3.0625e-05,5.1624999999999994e-05,368.7502992415255,226.2783140610648,-7142869.229963977,7142869.233548102,gas_gap,7.656249999999998e-13
3.0625e-05,5.2499999999999995e-05,375.00030820063006,233.0529455993725,-7142865.4622768,7142865.466078753,gas_gap,7.656249999999998e-13
3.0625e-05,5.337499999999999e-05,381.2503136912783,237.20482465013765,-7142861.320821836,7142861.324760462,gas_gap,7.656249999999998e-13
3.0625e-05,5.424999999999999e-05,387.5003154386778,238.52616073222669,-7142856.928300315,7142856.932282946,gas_gap,7.656249999999998e-13
3.0625e-05,5.512499999999999e-05,393.75031328310206,236.89617285514512,-7142852.423988893,7142852.427917281,gas_gap,7.656249999999998e-13
3.0625e-05,5.599999999999999e-05,400.00030719151516,232.2898802841674,-7142847.956973923,7142847.96075103,gas_gap,7.656249999999998e-13
3.0625e-05,5.687499999999999e-05,406.2502972628547,224.78209692179772,-7142843.67849989,7142843.682036785,gas_gap,7.656249999999998e-13
3.0625e-05,5.7749999999999994e-05,412.5002837264198,214.54621255375565,-7142839.733955624,7142839.737177737,gas_gap,7.656249999999998e-13
3.0625e-05,5.8624999999999995e-05,418.75026693329636,201.84770864594157,-7142836.255068229,7142836.257920212,gas_gap,7.656249999999998e-13
3.0625e-05,5.949999999999999e-05,425.00024734124946,187.03273493160344,-7142833.352870393,7142833.355319087,gas_gap,7.656249999999998e-13
3.0625e-05,6.037499999999999e-05,431.25022549399125,170.51243169859887,-7142831.111951251,7142831.113986473,gas_gap,7.656249999999998e-13
3.0625e-05,6.125e-05,437.50020199613215,152.74398881613786,-7142829.586398927,7142829.588032084,gas_gap,7.656249999999998e-13
3.0625e-05,6.212499999999999e-05,443.7501774854257,134.20965837133505,-7142828.7977041975,7142828.798965058,gas_gap,7.656249999999998e-13
3.0625e-05,6.299999999999999e-05,450.00015260408395,115.39506348828684,-7142828.734733314,7142828.73566544,gas_gap,7.656249999999998e-13
3.0625e-05,6.3875e-05,456.25012797095667,96.76816167809454,-7142829.355709934,7142829.356365422,gas_gap,7.656249999999998e-13
3.0625e-05,6.474999999999999e-05,462.500104156251,78.76012807122277,-7142830.59198809,7142830.592422313,gas_gap,7.656249999999998e-13
3.0625e-05,6.5625e-05,468.7500816602113,61.749233856850836,-7142832.353265187,7142832.353532095,gas_gap,7.656249999999998e-13
3.0625e-05,6.649999999999999e-05,475.0000608968301,46.04852895411002,-7142834.533787987,7142834.53393642,gas_gap,7.656249999999998e-13
3.0625e-05,6.737499999999998e-05,481.25004218324284,31.897822582122238,-7142837.019053165,7142837.019124388,gas_gap,7.656249999999998e-13
3.0625e-05,6.824999999999999e-05,487.5000257350178,19.46012146982853,-7142839.692499215,7142839.692525724,gas_gap,7.656249999999998e-13
3.0625e-05,6.912499999999999e-05,493.75001166712536,8.8223633292098,-7142842.441726122,7142842.44173157,gas_gap,7.656249999999998e-13
3.0625e-05,7e-05,500.0,0.0,-7142845.1638557175,7142845.1638557175,gas_gap,7.656249999999998e-13
3.149999999999999e-05,0.0,0.0,0.0,-7142857.142857176,7142857.142857176,gas_gap,7.656249999999998e-13
3.149999999999999e-05,8.749999999999999e-07,6.250000000000051,3.9674157343672913e-08,-7142857.142857235,7142857.142857235,gas_gap,7.656249999999998e-13
3.149999999999999e-05,1.7499999999999998e-06,12.50000000000018,1.4090824327647594e-07,-7142857.142857365,7142857.142857365,gas_gap,7.656249999999998e-13
3.149999999999999e-05,2.6249999999999994e-06,18.75000000000048,3.7189468660528904e-07,-7142857.142857632,7142857.142857632,gas_gap,7.656249999999998e-13
3.149999999999999e-05,3.4999999999999995e-06,25.00000000000111,8.644557709773949e-07,-7142857.142858161,7142857.142858161,gas_gap,7.656249999999998e-13
3.149999999999999e-05,4.375e-06,31.2500000000024,1.8664943176645391e-06,-7142857.142859178,7142857.142859178,gas_gap,7.656249999999998e-13
3.149999999999999e-05,5.249999999999999e-06,37.500000000004924,3.833271620395503e-06,-7142857.142861082,7142857.142861082,gas_gap,7.656249999999998e-13
3.149999999999999e-05,6.124999999999999e-06,43.75000000000975,7.583396304032457e-06,-7142857.142864568,7142857.142864568,gas_gap,7.656249999999998e-13
3.149999999999999e-05,6.999999999999999e-06,50.000000000018716,1.4560844833070485e-05,-7142857.142870819,7142857.142870819,gas_gap,7.656249999999998e-13
3.149999999999999e-05,7.874999999999998e-06,56.25000000003505,2.7267868812538787e-05,-7142857.142881827,7142857.142881827,gas_gap,7.656249999999998e-13
3.149999999999999e-05,8.75e-06,62.50000000006424,4.996888219870708e-05,-7142857.142900881,7142857.142900881,gas_gap,7.656249999999998e-13
3.149999999999999e-05,9.624999999999998e-06,68.75000000011546,8.981722568338941e-05,-7142857.142933339,7142857.142933339,gas_gap,7.656249999999998e-13
3.149999999999999e-05,1.0499999999999998e-05,75.00000000020394,0.00015863145013621905,-7142857.142987789,7142857.142987789,gas_gap,7.656249999999998e-13
3.149999999999999e-05,1.1374999999999999e-05,81.25000000035442,0.0002756535406751788,-7142857.14307781,7142857.14307781,gas_gap,7.656249999999998e-13
3.149999999999999e-05,1.2249999999999998e-05,87.50000000060655,0.00047176822372887165,-7142857.143224558,7142857.143224558,gas_gap,7.656249999999998e-13
3.149999999999999e-05,1.3124999999999999e-05,93.75000000102325,0.0007958617509275996,-7142857.143460526,7142857.143460526,gas_gap,7.656249999999998e-13
3.149999999999999e-05,1.3999999999999998e-05,100.00000000170262,0.0013242631265832992,-7142857.143834928,7142857.143834928,gas_gap,7.656249999999998e-13
3.149999999999999e-05,1.4874999999999997e-05,106.25000000279586,0.0021745536281446557,-7142857.144421259,7142857.144421259,gas_gap,7.656249999999998e-13
3.149999999999999e-05,1.5749999999999997e-05,112.50000000453272,0.0035254631333324266,-7142857.145327752,7142857.145327752,gas_gap,7.656249999999998e-13
3.149999999999999e-05,1.6624999999999998e-05,118.75000000725798,0.005645101556323853,-7142857.14671157,7142857.14671157,gas_gap,7.656249999999998e-13
3.149999999999999e-05,1.75e-05,125.00000001148196,0.00893040015465462,-7142857.148797731,7142857.148797731,gas_gap,7.656249999999998e-13
3.149999999999999e-05,1.8374999999999996e-05,131.2500000179503,0.013961347558726932,-7142857.151903849,7142857.151903849,gas_gap,7.656249999999998e-13
3.149999999999999e-05,1.9249999999999997e-05,137.50000002773845,0.02157436764320956,-7142857.156471837,7142857.156471837,gas_gap,7.656249999999998e-13
3.149999999999999e-05,2.0124999999999998e-05,143.75000004237705,0.03295994438541833,-7142857.163107627,7142857.163107627,gas_gap,7.656249999999998e-13
3.149999999999999e-05,2.0999999999999995e-05,150.00000006401604,0.04979026460905493,-7142857.1726297755,7142857.1726297755,gas_gap,7.656249999999998e-13
3.149999999999999e-05,2.1874999999999996e-05,156.25000009563541,0.07438309761167045,-7142857.186127371,7142857.186127371,gas_gap,7.656249999999998e-13
3.149999999999999e-05,2.2749999999999997e-05,162.50000014131055,0.10990819497803665,-7142857.205026966,7142857.2050269665,gas_gap,7.656249999999998e-13
3.149999999999999e-05,2.3624999999999998e-05,168.75000020653968,0.1606419681960768,-7142857.231167194,7142857.231167196,gas_gap,7.656249999999998e-13
3.149999999999999e-05,2.4499999999999996e-05,175.00000029863907,0.23227484667201823,-7142857.266878376,7142857.2668783795,gas_gap,7.656249999999998e-13
3.149999999999999e-05,2.5374999999999997e-05,181.25000042720848,0.3322732770723303,-7142857.315062572,7142857.31506258,gas_gap,7.656249999999998e-13
3.149999999999999e-05,2.6249999999999998e-05,187.50000060466442,0.47029454655941755,-7142857.379267471,7142857.379267487,gas_gap,7.656249999999998e-13
3.149999999999999e-05,2.7124999999999995e-05,193.75000084683222,0.6586472909485811,-7142857.463745045,7142857.463745075,gas_gap,7.656249999999998e-13
3.149999999999999e-05,2.7999999999999996e-05,200.00000117357885,0.9127835681164705,-7142857.573483542,7142857.5734836,gas_gap,7.656249999999998e-13
3.149999999999999e-05,2.8874999999999997e-05,206.25000160945683,1.2517997670013385,-7142857.714199003,7142857.714199113,gas_gap,7.656249999999998e-13
3.149999999999999e-05,2.9749999999999995e-05,212.5000021843175,1.698913618000583,-7142857.892270818,7142857.89227102,gas_gap,7.656249999999998e-13
3.149999999999999e-05,3.0625e-05,218.75000293383755,2.281873666542491,-7142858.114604974,7142858.114605338,gas_gap,7.656249999999998e-13
3.149999999999999e-05,3.149999999999999e-05,225.0000038998884,3.03324656542452,-7142858.388409259,7142858.388409903,gas_gap,7.656249999999998e-13
3.149999999999999e-05,3.2374999999999994e-05,231.25000513066541,3.9905175496583567,-7142858.720867152,7142858.720868267,gas_gap,7.656249999999998e-13
3.149999999999999e-05,3.3249999999999995e-05,237.50000668048384,5.195931895121733,-7142859.118701848,7142859.118703738,gas_gap,7.656249999999998e-13
3.149999999999999e-05,3.4124999999999996e-05,243.750008609145,6.696001673931897,-7142859.587629141,7142859.58763228,gas_gap,7.656249999999998e-13
3.149999999999999e-05,3.5e-05,250.00001098077718,8.540604454302258,-7142860.13170773,7142860.131712835,gas_gap,7.656249999999998e-13
3.149999999999999e-05,3.5875e-05,256.2500138620706,10.78161042204843,-7142860.752607608,7142860.752615745,gas_gap,7.656249999999998e-13
3.149999999999999e-05,3.674999999999999e-05,262.5000173198482,13.470993085675557,-7142861.44883098,7142861.448843682,gas_gap,7.656249999999998e-13
3.149999999999999e-05,3.762499999999999e-05,268.7500214179519,16.658407051712974,-7142862.21493449,7142862.214953915,gas_gap,7.656249999999998e-13
3.149999999999999e-05,3.8499999999999994e-05,275.00002621346977,20.38825425930694,-7142863.040815097,7142863.040844195,gas_gap,7.656249999999998e-13
3.149999999999999e-05,3.9374999999999995e-05,281.2500317523939,24.696306395102667,-7142863.91113283,7142863.911175524,gas_gap,7.656249999999998e-13
3.149999999999999e-05,4.0249999999999996e-05,287.5000380648617,29.606003574570625,-7142864.804950167,7142864.805011524,gas_gap,7.656249999999998e-13
3.149999999999999e-05,4.1125e-05,293.7500451602053,35.1246040855551,-7142865.695667886,7142865.695754248,gas_gap,7.656249999999998e-13
3.149999999999999e-05,4.199999999999999e-05,300.0000530221014,41.239412177627905,-7142866.551329484,7142866.551448532,gas_gap,7.656249999999998e-13
3.149999999999999e-05,4.287499999999999e-05,306.2500616041704,47.914354798866285,-7142867.335349605,7142867.33551031,gas_gap,7.656249999999998e-13
3.149999999999999e-05,4.374999999999999e-05,312.50007082640985,55.08720768101734,-7142868.007696271,7142868.007908693,gas_gap,7.656249999999998e-13
3.149999999999999e-05,4.4624999999999994e-05,318.75008057286044,62.66778034582458,-7142868.526522848,7142868.526797755,gas_gap,7.656249999999998e-13
3.149999999999999e-05,4.5499999999999995e-05,325.0000906908831,70.53735352880051,-7142868.850205777,7142868.850554063,gas_gap,7.656249999999998e-13
3.149999999999999e-05,4.6374999999999996e-05,331.250100992366,78.54961803339643,-7142868.939701139,7142868.940133042,gas_gap,7.656249999999998e-13
3.149999999999999e-05,4.7249999999999997e-05,337.5001112570877,86.53329044128708,-7142868.761091264,7142868.7616154235,gas_gap,7.656249999999998e-13
3.149999999999999e-05,4.812499999999999e-05,343.75012123833227,94.29648069253963,-7142868.288156443,7142868.28877887,gas_gap,7.656249999999998e-13
3.149999999999999e-05,4.899999999999999e-05,350.00013067069756,101.632764796194,-7142867.504780996,7142867.50550404,gas_gap,7.656249999999998e-13
3.149999999999999e-05,4.987499999999999e-05,356.25013927986174,108.32878138744243,-7142866.406991754,7142866.407813211,gas_gap,7.656249999999998e-13
3.149999999999999e-05,5.0749999999999994e-05,362.5001467939016,114.17303458878041,-7142865.004433626,7142865.005346109,gas_gap,7.656249999999998e-13
3.149999999999999e-05,5.1624999999999994e-05,368.75015295559183,118.96546033273545,-7142863.321112571,7142863.322103265,gas_gap,7.656249999999998e-13
3.149999999999999e-05,5.2499999999999995e-05,375.00015753498684,122.5272119874784,-7142861.395280851,7142861.3963317545,gas_gap,7.656249999999998e-13
3.149999999999999e-05,5.337499999999999e-05,381.25016034150025,124.71005573266746,-7142859.278399866,7142859.279488548,gas_gap,7.656249999999998e-13
3.149999999999999e-05,5.424999999999999e-05,387.50016123467344,125.40474605644962,-7142857.033187649,7142857.034288494,gas_gap,7.656249999999998e-13
3.149999999999999e-05,5.512499999999999e-05,393.75016013286324,124.54778254698381,-7142854.730834665,7142854.731920516,gas_gap,7.656249999999998e-13
3.149999999999999e-05,5.599999999999999e-05,400.00015701918346,122.12603162309392,-7142852.447545548,7142852.448589582,gas_gap,7.656249999999998e-13
3.149999999999999e-05,5.687499999999999e-05,406.2501519442056,118.17882657390956,-7142850.260628051,7142850.261605688,gas_gap,7.656249999999998e-13
3.149999999999999e-05,5.7749999999999994e-05,412.50014502513443,112.79732680089927,-7142848.244396841,7142848.245287469,gas_gap,7.656249999999998e-13
3.149999999999999e-05,5.8624999999999995e-05,418.7501364414256,106.12110875853547,-7142846.466183475,7142846.466971795,gas_gap,7.656249999999998e-13
3.149999999999999e-05,5.949999999999999e-05,425.000126427063,98.33216011333748,-7142844.9827416735,7142844.98341852,gas_gap,7.656249999999998e-13
3.149999999999999e-05,6.037499999999999e-05,431.2501152599621,89.64663721156977,-7142843.83730869,7142843.837871247,gas_gap,7.656249999999998e-13
3.149999999999999e-05,6.125e-05,437.500103249166,80.30490689296117,-7142843.057531357,7142843.057982779,gas_gap,7.656249999999998e-13
3.149999999999999e-05,6.212499999999999e-05,443.7500907206588,70.56051241806703,-7142842.654394563,7142842.654743079,gas_gap,7.656249999999998e-13
3.149999999999999e-05,6.299999999999999e-05,450.00007800270345,60.66876936472379,-7142842.622207357,7142842.622465006,gas_gap,7.656249999999998e-13
3.149999999999999e-05,6.3875e-05,456.25006541162156,50.875705643097426,-7142842.939615999,7142842.9397971835,gas_gap,7.656249999999998e-13
3.149999999999999e-05,6.474999999999999e-05,462.5000532388711,41.408010885787505,-7142843.571532498,7142843.571652522,gas_gap,7.656249999999998e-13
3.149999999999999e-05,6.5625e-05,468.7500417401493,32.46456056319896,-7142844.471799198,7142844.471872974,gas_gap,7.656249999999998e-13
3.149999999999999e-05,6.649999999999999e-05,475.0000311270659,24.209940167720266,-7142845.586360939,7142845.586401967,gas_gap,7.656249999999998e-13
3.149999999999999e-05,6.737499999999998e-05,481.250021561723,16.770229011296347,-7142846.856689999,7142846.856709686,gas_gap,7.656249999999998e-13
3.149999999999999e-05,6.824999999999999e-05,487.5000131543069,10.231127619964223,-7142848.223206636,7142848.223213963,gas_gap,7.656249999999998e-13
3.149999999999999e-05,6.912499999999999e-05,493.7500059635843,4.638343356221263,-7142849.628458223,7142849.628459729,gas_gap,7.656249999999998e-13
3.149999999999999e-05,7e-05,500.0,0.0,-7142851.019859175,7142851.019859175,gas_gap,7.656249999999998e-13
3.2374999999999994e-05,0.0,0.0,0.0,-7142857.1428571595,7142857.1428571595,gas_gap,7.656249999999998e-13
3.2374999999999994e-05,8.749999999999999e-07,6.250000000000025,2.0452216958687903e-08,-7142857.142857189,7142857.142857189,gas_gap,7.656249999999998e-13
3.2374999999999994e-05,1.7499999999999998e-06,12.500000000000089,7.26388701288365e-08,-7142857.1428572545,7142857.1428572545,gas_gap,7.656249999999998e-13
3.2374999999999994e-05,2.6249999999999994e-06,18.750000000000238,1.9171348115469433e-07,-7142857.142857388,7142857.142857388,gas_gap,7.656249999999998e-13
3.2374999999999994e-05,3.4999999999999995e-06,25.000000000000558,4.45631064727306e-07,-7142857.142857653,7142857.142857653,gas_gap,7.656249999999998e-13
3.2374999999999994e-05,4.375e-06,31.2500000000012,9.621867052236493e-07,-7142857.142858163,7142857.142858163,gas_gap,7.656249999999998e-13
3.2374999999999994e-05,5.249999999999999e-06,37.500000000002466,1.976069766593625e-06,-7142857.142859119,7142857.142859119,gas_gap,7.656249999999998e-13
3.2374999999999994e-05,6.124999999999999e-06,43.75000000000489,3.909276891510807e-06,-7142857.142860867,7142857.142860867,gas_gap,7.656249999999998e-13
3.2374999999999994e-05,6.999999999999999e-06,50.000000000009386,7.50618482071528e-06,-7142857.142864003,7142857.142864003,gas_gap,7.656249999999998e-13
3.2374999999999994e-05,7.874999999999998e-06,56.25000000001758,1.4056716167256484e-05,-7142857.142869524,7142857.142869524,gas_gap,7.656249999999998e-13
3.2374999999999994e-05,8.75e-06,62.50000000003222,2.5759196624098068e-05,-7142857.142879081,7142857.142879081,gas_gap,7.656249999999998e-13
3.2374999999999994e-05,9.624999999999998e-06,68.75000000005792,4.630120736759846e-05,-7142857.142895361,7142857.142895361,gas_gap,7.656249999999998e-13
3.2374999999999994e-05,1.0499999999999998e-05,75.00000000010229,8.177526762706767e-05,-7142857.1429226715,7142857.1429226715,gas_gap,7.656249999999998e-13
3.2374999999999994e-05,1.1374999999999999e-05,81.25000000017776,0.0001421007123222084,-7142857.142967824,7142857.142967824,gas_gap,7.656249999999998e-13
3.2374999999999994e-05,1.2249999999999998e-05,87.50000000030423,0.00024319876493751174,-7142857.143041428,7142857.143041428,gas_gap,7.656249999999998e-13
3.2374999999999994e-05,1.3124999999999999e-05,93.75000000051323,0.0004102705208857683,-7142857.143159783,7142857.143159783,gas_gap,7.656249999999998e-13
3.2374999999999994e-05,1.3999999999999998e-05,100.00000000085397,0.000682663945213984,-7142857.143347573,7142857.143347573,gas_gap,7.656249999999998e-13
3.2374999999999994e-05,1.4874999999999997e-05,106.25000000140231,0.0011209927461309865,-7142857.143641661,7142857.143641661,gas_gap,7.656249999999998e-13
3.2374999999999994e-05,1.5749999999999997e-05,112.5000000022735,0.001817393026351693,-7142857.144096333,7142857.144096333,gas_gap,7.656249999999998e-13
3.2374999999999994e-05,1.6624999999999998e-05,118.75000000364041,0.0029100767228311267,-7142857.144790417,7142857.144790417,gas_gap,7.656249999999998e-13
3.2374999999999994e-05,1.75e-05,125.00000000575903,0.004603663788212119,-7142857.145836777,7142857.145836777,gas_gap,7.656249999999998e-13
3.2374999999999994e-05,1.8374999999999996e-05,131.25000000900337,0.007197141122198776,-7142857.1473947195,7142857.1473947195,gas_gap,7.656249999999998e-13
3.2374999999999994e-05,1.9249999999999997e-05,137.50000001391282,0.011121689213540134,-7142857.149685895,7142857.149685895,gas_gap,7.656249999999998e-13
3.2374999999999994e-05,2.0124999999999998e-05,143.75000002125515,0.016991008219217257,-7142857.153014222,7142857.153014222,gas_gap,7.656249999999998e-13
3.2374999999999994e-05,2.0999999999999995e-05,150.00000003210866,0.025667118406417097,-7142857.157790268,7142857.157790268,gas_gap,7.656249999999998e-13
3.2374999999999994e-05,2.1874999999999996e-05,156.2500000479681,0.0383448408805527,-7142857.164560287,7142857.164560287,gas_gap,7.656249999999998e-13
3.2374999999999994e-05,2.2749999999999997e-05,162.50000007087746,0.056658197671514414,-7142857.174039799,7142857.174039799,gas_gap,7.656249999999998e-13
3.2374999999999994e-05,2.3624999999999998e-05,168.75000010359457,0.08281169925694144,-7142857.187151009,7142857.18715101,gas_gap,7.656249999999998e-13
3.2374999999999994e-05,2.4499999999999996e-05,175.00000014978906,0.11973878908204962,-7142857.205062745,7142857.205062746,gas_gap,7.656249999999998e-13
3.2374999999999994e-05,2.5374999999999997e-05,181.2500002142759,0.17128845594350847,-7142857.229230599,7142857.2292306,gas_gap,7.656249999999998e-13
3.2374999999999994e-05,2.6249999999999998e-05,187.50000030328286,0.24243907734198983,-7142857.261433991,7142857.261433994,gas_gap,7.656249999999998e-13
3.2374999999999994e-05,2.7124999999999995e-05,193.7500004247475,0.3395358136290886,-7142857.303805593,7142857.303805602,gas_gap,7.656249999999998e-13
3.2374999999999994e-05,2.7999999999999996e-05,200.00000058863452,0.47054427419163747,-7142857.358847373,7142857.358847389,gas_gap,7.656249999999998e-13
3.2374999999999994e-05,2.8874999999999997e-05,206.2500008072588,0.645308738425651,-7142857.429426337,7142857.4294263655,gas_gap,7.656249999999998e-13
3.2374999999999994e-05,2.9749999999999995e-05,212.50000109559295,0.8757980568668297,-7142857.518742207,7142857.518742261,gas_gap,7.656249999999998e-13
3.2374999999999994e-05,3.0625e-05,218.75000147153136,1.1763167367658367,-7142857.630258839,7142857.6302589355,gas_gap,7.656249999999998e-13
3.2374999999999994e-05,3.149999999999999e-05,225.0000019560756,1.563653042656256,-7142857.767591457,7142857.767591628,gas_gap,7.656249999999998e-13
3.2374999999999994e-05,3.2374999999999994e-05,231.25000257339912,2.057130791615421,-7142857.934343094,7142857.93434339,gas_gap,7.656249999999998e-13
3.2374999999999994e-05,3.3249999999999995e-05,237.50000335074498,2.67852762444478,-7142858.133885916,7142858.133886418,gas_gap,7.656249999999998e-13
3.2374999999999994e-05,3.4124999999999996e-05,243.75000431810778,3.4518207357171002,-7142858.36908681,7142858.369087645,gas_gap,7.656249999999998e-13
3.2374999999999994e-05,3.5e-05,250.00000550765256,4.4027222492624185,-7142858.641981504,7142858.641982861,gas_gap,7.656249999999998e-13
3.2374999999999994e-05,3.5875e-05,256.2500069528292,5.557971492769504,-7142858.953407622,7142858.9534097845,gas_gap,7.656249999999998e-13
3.2374999999999994e-05,3.674999999999999e-05,262.5000086871543,6.944361057265395,-7142859.302613908,7142859.3026172845,gas_gap,7.656249999999998e-13
3.2374999999999994e-05,3.762499999999999e-05,268.7500107426492,8.587488128770685,-7142859.686870131,7142859.686875293,gas_gap,7.656249999999998e-13
3.2374999999999994e-05,3.8499999999999994e-05,275.00001314794764,10.510242118267419,-7142860.1011088835,7142860.101116616,gas_gap,7.656249999999998e-13
3.2374999999999994e-05,3.9374999999999995e-05,281.250015926118,12.731063500493565,-7142860.537636062,7142860.5376474075,gas_gap,7.656249999999998e-13
3.2374999999999994e-05,4.0249999999999996e-05,287.50001909227643,15.262035766548536,-7142860.985949989,7142860.985966294,gas_gap,7.656249999999998e-13
3.2374999999999994e-05,4.1125e-05,293.75002265110345,18.106900598365318,-7142861.432709235,7142861.432732185,gas_gap,7.656249999999998e-13
3.2374999999999994e-05,4.199999999999999e-05,300.00002659441196,21.25911327616673,-7142861.861885304,7142861.86191694,gas_gap,7.656249999999998e-13
3.2374999999999994e-05,4.287499999999999e-05,306.2500308989392,24.700077969979745,-7142862.255128,7142862.255170707,gas_gap,7.656249999999998e-13
3.2374999999999994e-05,4.374999999999999e-05,312.50003552455814,28.397717773333984,-7142862.5923583945,7142862.592414845,gas_gap,7.656249999999998e-13
3.2374999999999994e-05,4.4624999999999994e-05,318.7500404131068,32.30553906538373,-7142862.852587382,7142862.852660438,gas_gap,7.656249999999998e-13
3.2374999999999994e-05,4.5499999999999995e-05,325.0000454880257,36.36234150018489,-7142863.014937742,7142863.015030297,gas_gap,7.656249999999998e-13
3.2374999999999994e-05,4.6374999999999996e-05,331.2500506549631,40.492701990488385,-7142863.059826126,7142863.0599409025,gas_gap,7.656249999999998e-13
3.2374999999999994e-05,4.7249999999999997e-05,337.50005580346215,44.608323118842605,-7142862.970240379,7142862.970379672,gas_gap,7.656249999999998e-13
3.2374999999999994e-05,4.812499999999999e-05,343.75006080977687,48.61028464596019,-7142862.733029421,7142862.733194828,gas_gap,7.656249999999998e-13
3.2374999999999994e-05,4.899999999999999e-05,350.0000655407891,52.39217402192803,-7142862.340110075,7142862.340302221,gas_gap,7.656249999999998e-13
3.2374999999999994e-05,4.987499999999999e-05,356.2500698589065,55.84400244759281,-7142861.7894895105,7142861.789707809,gas_gap,7.656249999999998e-13
3.2374999999999994e-05,5.0749999999999994e-05,362.50007362774,58.856742791385706,-7142861.086005347,7142861.086247835,gas_gap,7.656249999999998e-13
3.2374999999999994e-05,5.1624999999999994e-05,368.7500767182725,61.32726107422459,-7142860.241698304,7142860.241961576,gas_gap,7.656249999999998e-13
3.2374999999999994e-05,5.2499999999999995e-05,375.0000790151697,63.16336100609588,-7142859.275754653,7142859.276033926,gas_gap,7.656249999999998e-13
3.2374999999999994e-05,5.337499999999999e-05,381.25008042283883,64.28862734702399,-7142858.213986003,7142858.2142753145,gas_gap,7.656249999999998e-13
3.2374999999999994e-05,5.424999999999999e-05,387.50008087082966,64.64674351564277,-7142857.087849974,7142857.088142518,gas_gap,7.656249999999998e-13
3.2374999999999994e-05,5.512499999999999e-05,393.7500803181924,64.20497474738765,-7142855.9330537245,7142855.933342284,gas_gap,7.656249999999998e-13
3.2374999999999994e-05,5.599999999999999e-05,400.0000787564571,62.956550618646894,-7142854.787819382,7142854.788096828,gas_gap,7.656249999999998e-13
3.2374999999999994e-05,5.687499999999999e-05,406.2500762109893,60.921747627192275,-7142853.690922364,7142853.691182166,gas_gap,7.656249999999998e-13
3.2374999999999994e-05,5.7749999999999994e-05,412.50007274057555,58.147558878397355,-7142852.679636843,7142852.679873522,gas_gap,7.656249999999998e-13
3.2374999999999994e-05,5.8624999999999995e-05,418.75006843522584,54.70593669892322,-7142851.7877344545,7142851.787943946,gas_gap,7.656249999999998e-13
3.2374999999999994e-05,5.949999999999999e-05,425.00006341229994,50.69069659711744,-7142851.043681288,7142851.043861156,gas_gap,7.656249999999998e-13
3.2374999999999994e-05,6.037499999999999e-05,431.2500578111926,46.21326819837828,-7142850.469163949,7142850.4693134455,gas_gap,7.656249999999998e-13
3.2374999999999994e-05,6.125e-05,437.50005178691123,41.397561752726304,-7142850.078049316,7142850.078169279,gas_gap,7.656249999999998e-13
3.2374999999999994e-05,6.212499999999999e-05,443.75004550296035,36.37428001783754,-7142849.875847109,7142849.875939725,gas_gap,7.656249999999998e-13
3.2374999999999994e-05,6.299999999999999e-05,450.00003912398745,31.275039389382595,-7142849.8597029,7142849.859771369,gas_gap,7.656249999999998e-13
3.2374999999999994e-05,6.3875e-05,456.2500328086508,26.226668426138936,-7142850.018906251,7142850.018954399,gas_gap,7.656249999999998e-13
3.2374999999999994e-05,6.474999999999999e-05,462.5000267031376,21.34602671274876,-7142850.3358579995,7142850.335889895,gas_gap,7.656249999999998e-13
3.2374999999999994e-05,6.5625e-05,468.75002093569844,16.73563550084822,-7142850.787406747,7142850.7874263525,gas_gap,7.656249999999998e-13
3.2374999999999994e-05,6.649999999999999e-05,475.0000156124709,12.480339395186517,-7142851.346439931,7142851.346450834,gas_gap,7.656249999999998e-13
3.2374999999999994e-05,6.737499999999998e-05,481.25001081476074,8.645132881205722,-7142851.983601671,7142851.983606902,gas_gap,7.656249999999998e-13
3.2374999999999994e-05,6.824999999999999e-05,487.50000659783467,5.274194988010337,-7142852.6690084245,7142852.669010372,gas_gap,7.656249999999998e-13
3.2374999999999994e-05,6.912499999999999e-05,493.75000299116806,2.3910880785336914,-7142853.3738435535,7142853.373843954,gas_gap,7.656249999999998e-13
3.2374999999999994e-05,7e-05,500.0,0.0,-7142854.071731588,7142854.071731588,gas_gap,7.656249999999998e-13
3.3249999999999995e-05,0.0,0.0,0.0,-7142857.142857151,7142857.142857151,gas_gap,7.656249999999998e-13
3.3249999999999995e-05,8.749999999999999e-07,6.250000000000012,1.0338217809709515e-08,-7142857.142857166,7142857.142857166,gas_gap,7.656249999999998e-13
3.3249999999999995e-05,1.7499999999999998e-06,12.500000000000044,3.671760681788168e-08,-7142857.142857198,7142857.142857198,gas_gap,7.656249999999998e-13
3.3249999999999995e-05,2.6249999999999994e-06,18.750000000000117,9.690762274027967e-08,-7142857.142857264,7142857.142857264,gas_gap,7.656249999999998e-13
3.3249999999999995e-05,3.4999999999999995e-06,25.000000000000274,2.2525827000708725e-07,-7142857.142857394,7142857.142857394,gas_gap,7.656249999999998e-13
3.3249999999999995e-05,4.375e-06,31.25000000000059,4.86367602705455e-07,-7142857.142857645,7142857.142857645,gas_gap,7.656249999999998e-13
3.3249999999999995e-05,5.249999999999999e-06,37.500000000001215,9.988667583319708e-07,-7142857.142858115,7142857.142858115,gas_gap,7.656249999999998e-13
3.3249999999999995e-05,6.124999999999999e-06,43.7500000000024,1.976067243200987e-06,-7142857.142858976,7142857.142858976,gas_gap,7.656249999999998e-13
3.3249999999999995e-05,6.999999999999999e-06,50.00000000000462,3.794237747097938e-06,-7142857.142860519,7142857.142860519,gas_gap,7.656249999999998e-13
3.3249999999999995e-05,7.874999999999998e-06,56.25000000000865,7.105410319081892e-06,-7142857.142863236,7142857.142863236,gas_gap,7.656249999999998e-13
3.3249999999999995e-05,8.75e-06,62.50000000001586,1.3020797981997616e-05,-7142857.1428679405,7142857.1428679405,gas_gap,7.656249999999998e-13
3.3249999999999995e-05,9.624999999999998e-06,68.75000000002849,2.3404404890953625e-05,-7142857.142875954,7142857.142875954,gas_gap,7.656249999999998e-13
3.3249999999999995e-05,1.0499999999999998e-05,75.00000000005035,4.1335886954631285e-05,-7142857.142889394,7142857.142889394,gas_gap,7.656249999999998e-13
3.3249999999999995e-05,1.1374999999999999e-05,81.25000000008748,7.18292847112507e-05,-7142857.142911619,7142857.142911619,gas_gap,7.656249999999998e-13
3.3249999999999995e-05,1.2249999999999998e-05,87.50000000014974,0.0001229324824812362,-7142857.142947844,7142857.142947844,gas_gap,7.656249999999998e-13
3.3249999999999995e-05,1.3124999999999999e-05,93.7500000002526,0.0002073841683954128,-7142857.143006097,7142857.143006097,gas_gap,7.656249999999998e-13
3.3249999999999995e-05,1.3999999999999998e-05,100.00000000042031,0.0003450740118156141,-7142857.143098523,7142857.143098523,gas_gap,7.656249999999998e-13
3.3249999999999995e-05,1.4874999999999997e-05,106.25000000069019,0.000566641122378844,-7142857.143243266,7142857.143243266,gas_gap,7.656249999999998e-13
3.3249999999999995e-05,1.5749999999999997e-05,112.50000000111895,0.0009186585977560605,-7142857.143467046,7142857.143467046,gas_gap,7.656249999999998e-13
3.3249999999999995e-05,1.6624999999999998e-05,118.75000000179173,0.0014709900185570907,-7142857.14380866,7142857.14380866,gas_gap,7.656249999999998e-13
3.3249999999999995e-05,1.75e-05,125.00000000283448,0.002327066990407225,-7142857.144323657,7142857.144323657,gas_gap,7.656249999999998e-13
3.3249999999999995e-05,1.8374999999999996e-05,131.25000000443123,0.003638021867204051,-7142857.145090445,7142857.145090445,gas_gap,7.656249999999998e-13
3.3249999999999995e-05,1.9249999999999997e-05,137.50000000684759,0.0056218084197778425,-7142857.1462181145,7142857.1462181145,gas_gap,7.656249999999998e-13
3.3249999999999995e-05,2.0124999999999998e-05,143.75000001046135,0.00858864073912613,-7142857.147856248,7142857.147856248,gas_gap,7.656249999999998e-13
3.3249999999999995e-05,2.0999999999999995e-05,150.0000000158032,0.012974254144141866,-7142857.150206919,7142857.150206919,gas_gap,7.656249999999998e-13
3.3249999999999995e-05,2.1874999999999996e-05,156.2500000236089,0.0193826086288124,-7142857.153538983,7142857.153538983,gas_gap,7.656249999999998e-13
3.3249999999999995e-05,2.2749999999999997e-05,162.5000000348844,0.028639672140035457,-7142857.158204602,7142857.158204602,gas_gap,7.656249999999998e-13
3.3249999999999995e-05,2.3624999999999998e-05,168.75000005098713,0.04185978399504248,-7142857.164657671,7142857.164657671,gas_gap,7.656249999999998e-13
3.3249999999999995e-05,2.4499999999999996e-05,175.00000007372307,0.060525745658846976,-7142857.173473458,7142857.173473458,gas_gap,7.656249999999998e-13
3.3249999999999995e-05,2.5374999999999997e-05,181.2500001054622,0.08658314985655367,-7142857.185368377,7142857.185368378,gas_gap,7.656249999999998e-13
3.3249999999999995e-05,2.6249999999999998e-05,187.50000014926957,0.12254847443723314,-7142857.201218222,7142857.201218223,gas_gap,7.656249999999998e-13
3.3249999999999995e-05,2.7124999999999995e-05,193.75000020905196,0.171629080729234,-7142857.222072652,7142857.2220726535,gas_gap,7.656249999999998e-13
3.3249999999999995e-05,2.7999999999999996e-05,200.00000028971377,0.23785143710977477,-7142857.24916308,7142857.249163084,gas_gap,7.656249999999998e-13
3.3249999999999995e-05,2.8874999999999997e-05,206.25000039731614,0.3261916449365332,-7142857.28390059,7142857.283900597,gas_gap,7.656249999999998e-13
3.3249999999999995e-05,2.9749999999999995e-05,212.50000053922824,0.4426997370259908,-7142857.327860021,7142857.327860035,gas_gap,7.656249999999998e-13
3.3249999999999995e-05,3.0625e-05,218.7500007242574,0.5946063775118576,-7142857.382746207,7142857.382746232,gas_gap,7.656249999999998e-13
3.3249999999999995e-05,3.149999999999999e-05,225.00000096274005,0.7903977239459382,-7142857.450338489,7142857.450338533,gas_gap,7.656249999999998e-13
3.3249999999999995e-05,3.2374999999999994e-05,231.25000126657397,1.039841608845559,-7142857.532410206,7142857.532410282,gas_gap,7.656249999999998e-13
3.3249999999999995e-05,3.3249999999999995e-05,237.50000164916756,1.3539462272852036,-7142857.63062107,7142857.630621199,gas_gap,7.656249999999998e-13
3.3249999999999995e-05,3.4124999999999996e-05,243.7500021252836,1.744831608133132,-7142857.7463821,7142857.746382313,gas_gap,7.656249999999998e-13
3.3249999999999995e-05,3.5e-05,250.00000271075302,2.225494754943629,-7142857.88069524,7142857.880695586,gas_gap,7.656249999999998e-13
3.3249999999999995e-05,3.5875e-05,256.2500034220392,2.8094519038435792,-7142858.033972753,7142858.0339733055,gas_gap,7.656249999999998e-13
3.3249999999999995e-05,3.674999999999999e-05,262.50000427563816,3.5102462145932734,-7142858.2058448875,7142858.20584575,gas_gap,7.656249999999998e-13
3.3249999999999995e-05,3.762499999999999e-05,268.7500052873104,4.340816591807856,-7142858.394967876,7142858.394969195,gas_gap,7.656249999999998e-13
3.3249999999999995e-05,3.8499999999999994e-05,275.0000064711487,5.312733209847699,-7142858.598847648,7142858.598849623,gas_gap,7.656249999999998e-13
3.3249999999999995e-05,3.9374999999999995e-05,281.2500078385069,6.435317387997696,-7142858.813697324,7142858.813700223,gas_gap,7.656249999999998e-13
3.3249999999999995e-05,4.0249999999999996e-05,287.50000939682474,7.714677107761235,-7142859.0343481945,7142859.03435236,gas_gap,7.656249999999998e-13
3.3249999999999995e-05,4.1125e-05,293.75001114840603,9.152703720226416,-7142859.254233882,7142859.254239745,gas_gap,7.656249999999998e-13
3.3249999999999995e-05,4.199999999999999e-05,300.0000130892211,10.74608899046215,-7142859.4654654935,7142859.465473577,gas_gap,7.656249999999998e-13
3.3249999999999995e-05,4.287499999999999e-05,306.2500152078207,12.485433069982495,-7142859.659011439,7142859.659022352,gas_gap,7.656249999999998e-13
3.3249999999999995e-05,4.374999999999999e-05,312.500017484455,14.354521675200385,-7142859.824989286,7142859.82500371,gas_gap,7.656249999999998e-13
3.3249999999999995e-05,4.4624999999999994e-05,318.7500198904978,16.329853139766595,-7142859.953068628,7142859.9530872945,gas_gap,7.656249999999998e-13
3.3249999999999995e-05,4.5499999999999995e-05,325.00002238826823,18.380491819507306,-7142860.032974127,7142860.032997776,gas_gap,7.656249999999998e-13
3.3249999999999995e-05,4.6374999999999996e-05,331.25002493132826,20.468312737289875,-7142860.0550672645,7142860.055096591,gas_gap,7.656249999999998e-13
3.3249999999999995e-05,4.7249999999999997e-05,337.5000274653134,22.548683179922723,-7142860.010975006,7142860.011010597,gas_gap,7.656249999999998e-13
3.3249999999999995e-05,4.812499999999999e-05,343.7500299293182,24.571600794037142,-7142859.894224664,7142859.894266928,gas_gap,7.656249999999998e-13
3.3249999999999995e-05,4.899999999999999e-05,350.0000322578249,26.483276001666578,-7142859.700837865,7142859.70088696,gas_gap,7.656249999999998e-13
3.3249999999999995e-05,4.987499999999999e-05,356.2500343831132,28.22811149692619,-7142859.429833777,7142859.429889555,gas_gap,7.656249999999998e-13
3.3249999999999995e-05,5.0749999999999994e-05,362.5000362380554,29.7509960791279,-7142859.083593378,7142859.083655336,gas_gap,7.656249999999998e-13
3.3249999999999995e-05,5.1624999999999994e-05,368.7500377591517,30.999797427287294,-7142858.668042862,7142858.668110131,gas_gap,7.656249999999998e-13
3.3249999999999995e-05,5.2499999999999995e-05,375.00003888963715,31.927912020165945,-7142858.192625316,7142858.192696673,gas_gap,7.656249999999998e-13
3.3249999999999995e-05,5.337499999999999e-05,381.2500395824629,32.49671336575835,-7142857.67004468,7142857.670118603,gas_gap,7.656249999999998e-13
3.3249999999999995e-05,5.424999999999999e-05,387.50003980295475,32.677734472655374,-7142857.115783748,7142857.115858496,gas_gap,7.656249999999998e-13
3.3249999999999995e-05,5.512499999999999e-05,393.7500395309581,32.45442852215751,-7142856.547416848,7142856.547490578,gas_gap,7.656249999999998e-13
3.3249999999999995e-05,5.599999999999999e-05,400.00003876230414,31.823373190215293,-7142855.983756119,7142855.983827011,gas_gap,7.656249999999998e-13
3.3249999999999995e-05,5.687499999999999e-05,406.2500375094774,30.79481787183596,-7142855.443886027,7142855.44395241,gas_gap,7.656249999999998e-13
3.3249999999999995e-05,5.7749999999999994e-05,412.5000358014113,29.39251671356938,-7142854.946152146,7142854.9462126205,gas_gap,7.656249999999998e-13
3.3249999999999995e-05,5.8624999999999995e-05,418.750033682407,27.652840287194646,-7142854.507176183,7142854.507229711,gas_gap,7.656249999999998e-13
3.3249999999999995e-05,5.949999999999999e-05,425.00003121022644,25.623210598902336,-7142854.140968557,7142854.141014516,gas_gap,7.656249999999998e-13
3.3249999999999995e-05,6.037499999999999e-05,431.2500284534769,23.359953265624274,-7142853.85820297,7142853.858241168,gas_gap,7.656249999999998e-13
3.3249999999999995e-05,6.125e-05,437.5000254884498,20.925702629454303,-7142853.665704412,7142853.665735064,gas_gap,7.656249999999998e-13
3.3249999999999995e-05,6.212499999999999e-05,443.7500223956187,18.386526519611817,-7142853.566184656,7142853.566208321,gas_gap,7.656249999999998e-13
3.3249999999999995e-05,6.299999999999999e-05,450.00001925601987,15.808954592442639,-7142853.558238809,7142853.558256304,gas_gap,7.656249999999998e-13
3.3249999999999995e-05,6.3875e-05,456.2500161477414,13.257096341200306,-7142853.636595415,7142853.636607718,gas_gap,7.656249999999998e-13
3.3249999999999995e-05,6.474999999999999e-05,462.5000131427337,10.790022126893781,-7142853.79259253,7142853.79260068,gas_gap,7.656249999999998e-13
3.3249999999999995e-05,6.5625e-05,468.75001030411903,8.459554548103911,-7142854.014835512,7142854.014840522,gas_gap,7.656249999999998e-13
3.3249999999999995e-05,6.649999999999999e-05,475.0000076841362,6.3085809849933385,-7142854.289980118,7142854.289982904,gas_gap,7.656249999999998e-13
3.3249999999999995e-05,6.737499999999998e-05,481.2500053228022,4.3699549491538505,-7142854.603577987,7142854.603579324,gas_gap,7.656249999999998e-13
3.3249999999999995e-05,6.824999999999999e-05,487.5000032473182,2.6660081235725017,-7142854.940921058,7142854.940921555,gas_gap,7.656249999999998e-13
3.3249999999999995e-05,6.912499999999999e-05,493.75000147219123,1.2086508473879902,-7142855.287826374,7142855.287826477,gas_gap,7.656249999999998e-13
3.3249999999999995e-05,7e-05,500.0,0.0,-7142855.631312474,7142855.631312474,gas_gap,7.656249999999998e-13
3.4124999999999996e-05,0.0,0.0,0.0,-7142857.142857146,7142857.142857146,gas_gap,7.656249999999998e-13
3.4124999999999996e-05,8.749999999999999e-07,6.250000000000005,5.124365045430525e-09,-7142857.142857154,7142857.142857154,gas_gap,7.656249999999998e-13
3.4124999999999996e-05,1.7499999999999998e-06,12.50000000000002,1.8199889419305997e-08,-7142857.14285717,7142857.14285717,gas_gap,7.656249999999998e-13
3.4124999999999996e-05,2.6249999999999994e-06,18.750000000000053,4.80343946845137e-08,-7142857.142857201,7142857.142857201,gas_gap,7.656249999999998e-13
3.4124999999999996e-05,3.4999999999999995e-06,25.00000000000013,1.1165421606172359e-07,-7142857.142857264,7142857.142857264,gas_gap,7.656249999999998e-13
3.4124999999999996e-05,4.375e-06,31.250000000000284,2.410787998868535e-07,-7142857.142857386,7142857.142857386,gas_gap,7.656249999999998e-13
3.4124999999999996e-05,5.249999999999999e-06,37.50000000000059,4.951102787398762e-07,-7142857.142857612,7142857.142857612,gas_gap,7.656249999999998e-13
3.4124999999999996e-05,6.124999999999999e-06,43.750000000001165,9.794811924903642e-07,-7142857.142858028,7142857.142858028,gas_gap,7.656249999999998e-13
3.4124999999999996e-05,6.999999999999999e-06,50.00000000000223,1.880697393221973e-06,-7142857.1428587735,7142857.1428587735,gas_gap,7.656249999999998e-13
3.4124999999999996e-05,7.874999999999998e-06,56.25000000000417,3.5219529074293765e-06,-7142857.142860087,7142857.142860087,gas_gap,7.656249999999998e-13
3.4124999999999996e-05,8.75e-06,62.50000000000766,6.4540449109028245e-06,-7142857.142862358,7142857.142862358,gas_gap,7.656249999999998e-13
3.4124999999999996e-05,9.624999999999998e-06,68.75000000001376,1.1600908061703472e-05,-7142857.142866227,7142857.142866227,gas_gap,7.656249999999998e-13
3.4124999999999996e-05,1.0499999999999998e-05,75.00000000002431,2.0489041547687264e-05,-7142857.142872719,7142857.142872719,gas_gap,7.656249999999998e-13
3.4124999999999996e-05,1.1374999999999999e-05,81.25000000004226,3.5603764844934265e-05,-7142857.142883452,7142857.142883452,gas_gap,7.656249999999998e-13
3.4124999999999996e-05,1.2249999999999998e-05,87.5000000000723,6.093418882925868e-05,-7142857.142900949,7142857.142900949,gas_gap,7.656249999999998e-13
3.4124999999999996e-05,1.3124999999999999e-05,93.750000000122,0.0001027945244588523,-7142857.142929083,7142857.142929083,gas_gap,7.656249999999998e-13
3.4124999999999996e-05,1.3999999999999998e-05,100.00000000020299,0.00017104352382416076,-7142857.14297372,7142857.14297372,gas_gap,7.656249999999998e-13
3.4124999999999996e-05,1.4874999999999997e-05,106.25000000033334,0.0002808681355208597,-7142857.143043626,7142857.143043626,gas_gap,7.656249999999998e-13
3.4124999999999996e-05,1.5749999999999997e-05,112.50000000054041,0.00045535333978010203,-7142857.143151704,7142857.143151704,gas_gap,7.656249999999998e-13
3.4124999999999996e-05,1.6624999999999998e-05,118.75000000086533,0.0007291285569734894,-7142857.14331669,7142857.14331669,gas_gap,7.656249999999998e-13
3.4124999999999996e-05,1.75e-05,125.00000000136893,0.0011534619373968261,-7142857.143565414,7142857.143565414,gas_gap,7.656249999999998e-13
3.4124999999999996e-05,1.8374999999999996e-05,131.25000000214013,0.0018032655564001975,-7142857.143935744,7142857.143935744,gas_gap,7.656249999999998e-13
3.4124999999999996e-05,1.9249999999999997e-05,137.50000000330712,0.002786572994366613,-7142857.144480365,7142857.144480365,gas_gap,7.656249999999998e-13
3.4124999999999996e-05,2.0124999999999998e-05,143.7500000050524,0.0042571486886263275,-7142857.145271523,7142857.145271523,gas_gap,7.656249999999998e-13
3.4124999999999996e-05,2.0999999999999995e-05,150.00000000763237,0.0064309744339426265,-7142857.146406809,7142857.146406809,gas_gap,7.656249999999998e-13
3.4124999999999996e-05,2.1874999999999996e-05,156.25000001140222,0.009607416285373963,-7142857.148016071,7142857.148016071,gas_gap,7.656249999999998e-13
3.4124999999999996e-05,2.2749999999999997e-05,162.50000001684785,0.014195883422880869,-7142857.15026939,7142857.15026939,gas_gap,7.656249999999998e-13
3.4124999999999996e-05,2.3624999999999998e-05,168.75000002462488,0.0207487226388292,-7142857.153385979,7142857.153385979,gas_gap,7.656249999999998e-13
3.4124999999999996e-05,2.4499999999999996e-05,175.00000003560547,0.030000917093419833,-7142857.157643673,7142857.157643673,gas_gap,7.656249999999998e-13
3.4124999999999996e-05,2.5374999999999997e-05,181.2500000509343,0.04291684261396517,-7142857.163388473,7142857.163388473,gas_gap,7.656249999999998e-13
3.4124999999999996e-05,2.6249999999999998e-05,187.5000000720916,0.060743846796030544,-7142857.171043353,7142857.171043353,gas_gap,7.656249999999998e-13
3.4124999999999996e-05,2.7124999999999995e-05,193.7500001009642,0.0850717288275988,-7142857.181115259,7142857.18111526,gas_gap,7.656249999999998e-13
3.4124999999999996e-05,2.7999999999999996e-05,200.00000013992087,0.1178962963215991,-7142857.194198919,7142857.19419892,gas_gap,7.656249999999998e-13
3.4124999999999996e-05,2.8874999999999997e-05,206.25000019188877,0.16168406336480698,-7142857.210975833,7142857.210975835,gas_gap,7.656249999999998e-13
3.4124999999999996e-05,2.9749999999999995e-05,212.50000026042702,0.21943386179256816,-7142857.232206588,7142857.232206591,gas_gap,7.656249999999998e-13
3.4124999999999996e-05,3.0625e-05,218.75000034978913,0.2947297293204769,-7142857.258714555,7142857.258714561,gas_gap,7.656249999999998e-13
3.4124999999999996e-05,3.149999999999999e-05,225.0000004649673,0.39177801659125633,-7142857.291359089,7142857.2913591005,gas_gap,7.656249999999998e-13
3.4124999999999996e-05,3.2374999999999994e-05,231.25000061170766,0.515420364634601,-7142857.3309966475,7142857.330996666,gas_gap,7.656249999999998e-13
3.4124999999999996e-05,3.3249999999999995e-05,237.500000796486,0.671113227463308,-7142857.3784288075,7142857.378428839,gas_gap,7.656249999999998e-13
3.4124999999999996e-05,3.4124999999999996e-05,243.7500010264322,0.8648641639647316,-7142857.434337039,7142857.434337091,gas_gap,7.656249999999998e-13
3.4124999999999996e-05,3.5e-05,250.00000130919193,1.1031154248183226,-7142857.499205244,7142857.4992053285,gas_gap,7.656249999999998e-13
3.4124999999999996e-05,3.5875e-05,256.2500016527165,1.392566629748609,-7142857.573232527,7142857.573232663,gas_gap,7.656249999999998e-13
3.4124999999999996e-05,3.674999999999999e-05,262.5000020649727,1.7399307437711982,-7142857.656240315,7142857.6562405275,gas_gap,7.656249999999998e-13
3.4124999999999996e-05,3.762499999999999e-05,268.7500025535724,2.1516212195484754,-7142857.747579618,7142857.747579942,gas_gap,7.656249999999998e-13
3.4124999999999996e-05,3.8499999999999994e-05,275.0000031253219,2.6333730684869625,-7142857.846045894,7142857.846046379,gas_gap,7.656249999999998e-13
3.4124999999999996e-05,3.9374999999999995e-05,281.2500037857045,3.1898066075116986,-7142857.949810222,7142857.949810934,gas_gap,7.656249999999998e-13
3.4124999999999996e-05,4.0249999999999996e-05,287.50000453831353,3.823949391999257,-7142858.056376308,7142858.056377332,gas_gap,7.656249999999998e-13
3.4124999999999996e-05,4.1125e-05,293.7500053842616,4.536738911716522,-7142858.16257284,7142858.162574281,gas_gap,7.656249999999998e-13
3.4124999999999996e-05,4.199999999999999e-05,300.00000632160237,5.3265353672556355,-7142858.264589778,7142858.264591764,gas_gap,7.656249999999998e-13
3.4124999999999996e-05,4.287499999999999e-05,306.2500073448065,6.188679516965807,-7142858.358065203,7142858.358067884,gas_gap,7.656249999999998e-13
3.4124999999999996e-05,4.374999999999999e-05,312.5000084443353,7.1151343945555965,-7142858.438226271,7142858.438229815,gas_gap,7.656249999999998e-13
3.4124999999999996e-05,4.4624999999999994e-05,318.7500096063637,8.094250882182255,-7142858.500083785,7142858.50008837,gas_gap,7.656249999999998e-13
3.4124999999999996e-05,4.5499999999999995e-05,325.000010812693,9.11069504738468,-7142858.5386751415,7142858.538680952,gas_gap,7.656249999999998e-13
3.4124999999999996e-05,4.6374999999999996e-05,331.25001204089557,10.145569406692099,-7142858.549345298,7142858.549352503,gas_gap,7.656249999999998e-13
3.4124999999999996e-05,4.7249999999999997e-05,337.5000132647152,11.176750774119109,-7142858.528050392,7142858.528059136,gas_gap,7.656249999999998e-13
3.4124999999999996e-05,4.812499999999999e-05,343.750014454737,12.179454383421849,-7142858.47166436,7142858.471674743,gas_gap,7.656249999999998e-13
3.4124999999999996e-05,4.899999999999999e-05,350.0000155793183,13.127018247184905,-7142858.378265796,7142858.378277859,gas_gap,7.656249999999998e-13
3.4124999999999996e-05,4.987499999999999e-05,356.25001660575276,13.991884337889374,-7142858.247380996,7142858.247394701,gas_gap,7.656249999999998e-13
3.4124999999999996e-05,5.0749999999999994e-05,362.5000175016203,14.746735576748963,-7142858.080159883,7142858.0801751055,gas_gap,7.656249999999998e-13
3.4124999999999996e-05,5.1624999999999994e-05,368.75001823625263,15.365731432222654,-7142857.879464584,7142857.879481112,gas_gap,7.656249999999998e-13
3.4124999999999996e-05,5.2499999999999995e-05,375.0000187822347,15.825771843968916,-7142857.649855759,7142857.649873291,gas_gap,7.656249999999998e-13
3.4124999999999996e-05,5.337499999999999e-05,381.2500191168435,16.107710741639472,-7142857.397468931,7142857.397487093,gas_gap,7.656249999999998e-13
3.4124999999999996e-05,5.424999999999999e-05,387.50001922333274,16.19743783481379,-7142857.12978171,7142857.129800075,gas_gap,7.656249999999998e-13
3.4124999999999996e-05,5.512499999999999e-05,393.7500190919686,16.08675132885788,-7142856.855281835,7142856.855299951,gas_gap,7.656249999999998e-13
3.4124999999999996e-05,5.599999999999999e-05,400.0000187207376,15.773954873582959,-7142856.583054865,7142856.583072282,gas_gap,7.656249999999998e-13
3.4124999999999996e-05,5.687499999999999e-05,406.2500181156694,15.26412880705875,-7142856.322317879,7142856.322334188,gas_gap,7.656249999999998e-13
3.4124999999999996e-05,5.7749999999999994e-05,412.50001729073756,14.569047394492742,-7142856.081931101,7142856.0819459595,gas_gap,7.656249999999998e-13
3.4124999999999996e-05,5.8624999999999995e-05,418.750016267338,13.706738509754254,-7142855.869922192,7142855.869935343,gas_gap,7.656249999999998e-13
3.4124999999999996e-05,5.949999999999999e-05,425.0000150733676,12.700707913253856,-7142855.693057657,7142855.693068949,gas_gap,7.656249999999998e-13
3.4124999999999996e-05,6.037499999999999e-05,431.2500137419611,11.578874635900007,-7142855.556492494,7142855.556501879,gas_gap,7.656249999999998e-13
3.4124999999999996e-05,6.125e-05,437.50001230996435,10.372284766987498,-7142855.4635229185,7142855.463530449,gas_gap,7.656249999999998e-13
3.4124999999999996e-05,6.212499999999999e-05,443.75001081624305,9.113686279224098,-7142855.415458612,7142855.415464426,gas_gap,7.656249999999998e-13
3.4124999999999996e-05,6.299999999999999e-05,450.0000092999346,7.83605606009063,-7142855.411621067,7142855.411625365,gas_gap,7.656249999999998e-13
3.4124999999999996e-05,6.3875e-05,456.25000779875285,6.5711713899999875,-7142855.449464366,7142855.449467389,gas_gap,7.656249999999998e-13
3.4124999999999996e-05,6.474999999999999e-05,462.5000063474469,5.3483117926328365,-7142855.524805116,7142855.524807118,gas_gap,7.656249999999998e-13
3.4124999999999996e-05,6.5625e-05,468.7500049765027,4.193164278808554,-7142855.632140132,7142855.632141363,gas_gap,7.656249999999998e-13
3.4124999999999996e-05,6.649999999999999e-05,475.0000037111493,3.1269869218083106,-7142855.765024646,7142855.765025331,gas_gap,7.656249999999998e-13
3.4124999999999996e-05,6.737499999999998e-05,481.2500025707136,2.16606428726222,-7142855.916480644,7142855.916480972,gas_gap,7.656249999999998e-13
3.4124999999999996e-05,6.824999999999999e-05,487.5000015683327,1.321465565025909,-7142856.079404683,7142856.079404805,gas_gap,7.656249999999998e-13
3.4124999999999996e-05,6.912499999999999e-05,493.75000071101306,0.5990943766601688,-7142856.246946926,7142856.246946951,gas_gap,7.656249999999998e-13
3.4124999999999996e-05,7e-05,500.0,0.0,-7142856.412837816,7142856.412837816,gas_gap,7.656249999999998e-13
3.5e-05,0.0,0.0,0.0,-7142857.142857145,7142857.142857145,gas_gap,7.656249999999998e-13
3.5e-05,8.749999999999999e-07,6.250000000000002,2.490799523585424e-09,-7142857.142857148,7142857.142857148,gas_gap,7.656249999999998e-13
3.5e-05,1.7499999999999998e-06,12.500000000000009,8.846418140202284e-09,-7142857.142857156,7142857.142857156,gas_gap,7.656249999999998e-13
3.5e-05,2.6249999999999994e-06,18.75000000000003,2.3348072655867754e-08,-7142857.142857171,7142857.142857171,gas_gap,7.656249999999998e-13
3.5e-05,3.4999999999999995e-06,25.00000000000006,5.4271751857498815e-08,-7142857.1428572005,7142857.1428572005,gas_gap,7.656249999999998e-13
3.5e-05,4.375e-06,31.25000000000014,1.1718114431370904e-07,-7142857.142857257,7142857.142857257,gas_gap,7.656249999999998e-13
3.5e-05,5.249999999999999e-06,37.50000000000028,2.40658195790953e-07,-7142857.142857366,7142857.142857366,gas_gap,7.656249999999998e-13
3.5e-05,6.124999999999999e-06,43.75000000000055,4.760963096864835e-07,-7142857.142857563,7142857.142857563,gas_gap,7.656249999999998e-13
3.5e-05,6.999999999999999e-06,50.00000000000105,9.14150363901734e-07,-7142857.142857917,7142857.142857917,gas_gap,7.656249999999998e-13
3.5e-05,7.874999999999998e-06,56.250000000001975,1.7119152414283882e-06,-7142857.142858538,7142857.142858538,gas_gap,7.656249999999998e-13
3.5e-05,8.75e-06,62.50000000000364,3.1371168616511164e-06,-7142857.142859614,7142857.142859614,gas_gap,7.656249999999998e-13
3.5e-05,9.624999999999998e-06,68.75000000000651,5.638852036705702e-06,-7142857.142861448,7142857.142861448,gas_gap,7.656249999999998e-13
3.5e-05,1.0499999999999998e-05,75.00000000001151,9.959106049872357e-06,-7142857.142864524,7142857.142864524,gas_gap,7.656249999999998e-13
3.5e-05,1.1374999999999999e-05,81.25000000002002,1.7305917850776267e-05,-7142857.142869611,7142857.142869611,gas_gap,7.656249999999998e-13
3.5e-05,1.2249999999999998e-05,87.50000000003428,2.9618274100382897e-05,-7142857.142877903,7142857.142877903,gas_gap,7.656249999999998e-13
3.5e-05,1.3124999999999999e-05,93.75000000005781,4.9965322587159506e-05,-7142857.142891237,7142857.142891237,gas_gap,7.656249999999998e-13
3.5e-05,1.3999999999999998e-05,100.0000000000962,8.313910579682332e-05,-7142857.142912392,7142857.142912392,gas_gap,7.656249999999998e-13
3.5e-05,1.4874999999999997e-05,106.25000000015797,0.00013652154207271358,-7142857.142945521,7142857.142945521,gas_gap,7.656249999999998e-13
3.5e-05,1.5749999999999997e-05,112.50000000025611,0.00022133354507963715,-7142857.1429967405,7142857.1429967405,gas_gap,7.656249999999998e-13
3.5e-05,1.6624999999999998e-05,118.7500000004101,0.0003544074331631684,-7142857.143074931,7142857.143074931,gas_gap,7.656249999999998e-13
3.5e-05,1.75e-05,125.00000000064875,0.0005606631101942827,-7142857.143192805,7142857.143192805,gas_gap,7.656249999999998e-13
3.5e-05,1.8374999999999996e-05,131.25000000101423,0.0008765130799541375,-7142857.143368312,7142857.143368312,gas_gap,7.656249999999998e-13
3.5e-05,1.9249999999999997e-05,137.5000000015673,0.0013544692123356056,-7142857.143626418,7142857.143626418,gas_gap,7.656249999999998e-13
3.5e-05,2.0124999999999998e-05,143.75000000239444,0.002069271769566513,-7142857.144001362,7142857.144001362,gas_gap,7.656249999999998e-13
3.5e-05,2.0999999999999995e-05,150.0000000036171,0.0031259029975895507,-7142857.144539394,7142857.144539394,gas_gap,7.656249999999998e-13
3.5e-05,2.1874999999999996e-05,156.2500000054037,0.004669875720082665,-7142857.145302053,7142857.145302053,gas_gap,7.656249999999998e-13
3.5e-05,2.2749999999999997e-05,162.5000000079845,0.006900191409688167,-7142857.146369941,7142857.146369941,gas_gap,7.656249999999998e-13
3.5e-05,2.3624999999999998e-05,168.75000001167018,0.010085329207739937,-7142857.147846949,7142857.147846949,gas_gap,7.656249999999998e-13
3.5e-05,2.4499999999999996e-05,175.00000001687408,0.014582542293713202,-7142857.149864748,7142857.149864748,gas_gap,7.656249999999998e-13
3.5e-05,2.5374999999999997e-05,181.25000002413867,0.02086058471419349,-7142857.152587313,7142857.152587313,gas_gap,7.656249999999998e-13
3.5e-05,2.6249999999999998e-05,187.5000000341655,0.029525754570357273,-7142857.1562151,7142857.1562151,gas_gap,7.656249999999998e-13
3.5e-05,2.7124999999999995e-05,193.75000004784877,0.04135080536920822,-7142857.160988359,7142857.160988359,gas_gap,7.656249999999998e-13
3.5e-05,2.7999999999999996e-05,200.00000006631103,0.05730583908579711,-7142857.167188942,7142857.167188942,gas_gap,7.656249999999998e-13
3.5e-05,2.8874999999999997e-05,206.25000009093955,0.07858975393634977,-7142857.175139826,7142857.175139826,gas_gap,7.656249999999998e-13
3.5e-05,2.9749999999999995e-05,212.50000012342107,0.10666019176343058,-7142857.185201466,7142857.185201467,gas_gap,7.656249999999998e-13
3.5e-05,3.0625e-05,218.7500001657714,0.1432592453639743,-7142857.197764073,7142857.197764074,gas_gap,7.656249999999998e-13
3.5e-05,3.149999999999999e-05,225.00000022035644,0.1904314951072652,-7142857.213234909,7142857.213234912,gas_gap,7.656249999999998e-13
3.5e-05,3.2374999999999994e-05,231.25000028989933,0.2505303168873345,-7142857.232019867,7142857.2320198715,gas_gap,7.656249999999998e-13
3.5e-05,3.3249999999999995e-05,237.50000037746915,0.32620792867363907,-7142857.254498827,7142857.254498835,gas_gap,7.656249999999998e-13
3.5e-05,3.4124999999999996e-05,243.75000048644483,0.42038442391812114,-7142857.2809947515,7142857.280994764,gas_gap,7.656249999999998e-13
3.5e-05,3.5e-05,250.0000006204498,0.5361911866617178,-7142857.31173697,7142857.311736991,gas_gap,7.656249999999998e-13
3.5e-05,3.5875e-05,256.25000078325235,0.6768847002872684,-7142857.346819844,7142857.346819876,gas_gap,7.656249999999998e-13
3.5e-05,3.674999999999999e-05,262.50000097862795,0.8457279349217062,-7142857.386158739,7142857.3861587895,gas_gap,7.656249999999998e-13
3.5e-05,3.762499999999999e-05,268.7500012101843,1.0458382767571497,-7142857.429446092,7142857.429446168,gas_gap,7.656249999999998e-13
3.5e-05,3.8499999999999994e-05,275.0000014811467,1.2800033421231336,-7142857.476111046,7142857.476111161,gas_gap,7.656249999999998e-13
3.5e-05,3.9374999999999995e-05,281.25000179411404,1.5504689279317903,-7142857.525286842,7142857.525287011,gas_gap,7.656249999999998e-13
3.5e-05,4.0249999999999996e-05,287.5000021507891,1.8587066376740407,-7142857.575790443,7142857.575790686,gas_gap,7.656249999999998e-13
3.5e-05,4.1125e-05,293.7500025516992,2.2051721568921967,-7142857.626118907,7142857.626119247,gas_gap,7.656249999999998e-13
3.5e-05,4.199999999999999e-05,300.00000299592205,2.5890684284781695,-7142857.674466583,7142857.674467052,gas_gap,7.656249999999998e-13
3.5e-05,4.287499999999999e-05,306.250003480837,3.0081307353829017,-7142857.718766283,7142857.718766917,gas_gap,7.656249999999998e-13
3.5e-05,4.374999999999999e-05,312.5000040019237,3.458452550332785,-7142857.756756067,7142857.756756905,gas_gap,7.656249999999998e-13
3.5e-05,4.4624999999999994e-05,318.75000455262995,3.9343715879684535,-7142857.786071465,7142857.7860725485,gas_gap,7.656249999999998e-13
3.5e-05,4.5499999999999995e-05,325.0000051243314,4.4284344855161075,-7142857.804360609,7142857.804361981,gas_gap,7.656249999999998e-13
3.5e-05,4.6374999999999996e-05,331.2500057063988,4.931455745375857,-7142857.809417389,7142857.809419092,gas_gap,7.656249999999998e-13
3.5e-05,4.7249999999999997e-05,337.5000062863892,5.432681953100405,-7142857.799325347,7142857.799327413,gas_gap,7.656249999999998e-13
3.5e-05,4.812499999999999e-05,343.750006850362,5.920065980234798,-7142857.772602984,7142857.772605437,gas_gap,7.656249999999998e-13
3.5e-05,4.899999999999999e-05,350.0000073833215,6.380648237646848,-7142857.728339711,7142857.728342561,gas_gap,7.656249999999998e-13
3.5e-05,4.987499999999999e-05,356.2500078697674,6.801033598095129,-7142857.666311029,7142857.666314268,gas_gap,7.656249999999998e-13
3.5e-05,5.0749999999999994e-05,362.50000829433526,7.167944052260748,-7142857.587061912,7142857.587065509,gas_gap,7.656249999999998e-13
3.5e-05,5.1624999999999994e-05,368.75000864249085,7.46881929597315,-7142857.491948769,7142857.491952674,gas_gap,7.656249999999998e-13
3.5e-05,5.2499999999999995e-05,375.0000089012417,7.692431085580024,-7142857.383132982,7142857.383137125,gas_gap,7.656249999999998e-13
3.5e-05,5.337499999999999e-05,381.2500090598188,7.829473092886711,-7142857.263522287,7142857.2635265775,gas_gap,7.656249999999998e-13
3.5e-05,5.424999999999999e-05,387.50000911028604,7.8730867306642525,-7142857.1366604585,7142857.136664798,gas_gap,7.656249999999998e-13
3.5e-05,5.512499999999999e-05,393.7500090480302,7.819285353545704,-7142857.006569989,7142857.006574268,gas_gap,7.656249999999998e-13
3.5e-05,5.599999999999999e-05,400.00000887209706,7.667244416791454,-7142856.877556691,7142856.877560806,gas_gap,7.656249999999998e-13
3.5e-05,5.687499999999999e-05,406.2500085853443,7.419433319738114,-7142856.753988704,7142856.7539925575,gas_gap,7.656249999999998e-13
3.5e-05,5.7749999999999994e-05,412.50000819439407,7.081575178110141,-7142856.64006505,7142856.64006856,gas_gap,7.656249999999998e-13
3.5e-05,5.8624999999999995e-05,418.7500077093865,6.662432798469299,-7142856.539590183,7142856.53959329,gas_gap,7.656249999999998e-13
3.5e-05,5.949999999999999e-05,425.0000071435423,6.173431623053422,-7142856.455770872,7142856.45577354,gas_gap,7.656249999999998e-13
3.5e-05,6.037499999999999e-05,431.25000651256454,5.6281422519796465,-7142856.391050165,7142856.391052382,gas_gap,7.656249999999998e-13
3.5e-05,6.125e-05,437.50000583391534,5.041655254272444,-7142856.346990196,7142856.346991975,gas_gap,7.656249999999998e-13
3.5e-05,6.212499999999999e-05,443.7500051260138,4.429888433229538,-7142856.32421165,7142856.324213023,gas_gap,7.656249999999998e-13
3.5e-05,6.299999999999999e-05,450.0000044074077,3.8088708607258557,-7142856.322392967,7142856.322393982,gas_gap,7.656249999999998e-13
3.5e-05,6.3875e-05,456.2500036959704,3.1940485157678795,-7142856.340327593,7142856.340328307,gas_gap,7.656249999999998e-13
3.5e-05,6.474999999999999e-05,462.50000300817015,2.599653293036812,-7142856.376032941,7142856.376033414,gas_gap,7.656249999999998e-13
3.5e-05,6.5625e-05,468.7500023584549,2.038170874903839,-7142856.426900952,7142856.426901243,gas_gap,7.656249999999998e-13
3.5e-05,6.649999999999999e-05,475.0000017587809,1.5199341705843747,-7142856.489877333,7142856.489877495,gas_gap,7.656249999999998e-13
3.5e-05,6.737499999999998e-05,481.2500012183078,1.0528586170064447,-7142856.561655078,7142856.561655155,gas_gap,7.656249999999998e-13
3.5e-05,6.824999999999999e-05,487.50000074326135,0.6423246139999668,-7142856.638867735,7142856.638867764,gas_gap,7.656249999999998e-13
3.5e-05,6.912499999999999e-05,493.750000336962,0.2912017342126118,-7142856.718269042,7142856.718269047,gas_gap,7.656249999999998e-13
3.5e-05,7e-05,500.0,0.0,-7142856.796887744,7142856.796887744,gas_gap,7.656249999999998e-13
