time_s,V_rx_reference_V
0.000000000000e+00,0.000000000000e+00
1.250000000000e-11,0.000000000000e+00
2.500000000000e-11,0.000000000000e+00
3.750000000000e-11,0.000000000000e+00
5.000000000000e-11,0.000000000000e+00
6.250000000000e-11,0.000000000000e+00
7.500000000000e-11,0.000000000000e+00
8.750000000000e-11,0.000000000000e+00
1.000000000000e-10,0.000000000000e+00
1.125000000000e-10,0.000000000000e+00
1.250000000000e-10,0.000000000000e+00
1.375000000000e-10,0.000000000000e+00
1.500000000000e-10,0.000000000000e+00
1.625000000000e-10,0.000000000000e+00
1.750000000000e-10,0.000000000000e+00
1.875000000000e-10,0.000000000000e+00
2.000000000000e-10,0.000000000000e+00
2.125000000000e-10,0.000000000000e+00
2.250000000000e-10,0.000000000000e+00
2.375000000000e-10,0.000000000000e+00
2.500000000000e-10,0.000000000000e+00
2.625000000000e-10,0.000000000000e+00
2.750000000000e-10,0.000000000000e+00
2.875000000000e-10,0.000000000000e+00
3.000000000000e-10,0.000000000000e+00
3.125000000000e-10,0.000000000000e+00
3.250000000000e-10,0.000000000000e+00
3.375000000000e-10,0.000000000000e+00
3.500000000000e-10,0.000000000000e+00
3.625000000000e-10,0.000000000000e+00
3.750000000000e-10,0.000000000000e+00
3.875000000000e-10,0.000000000000e+00
4.000000000000e-10,0.000000000000e+00
4.125000000000e-10,0.000000000000e+00
4.250000000000e-10,0.000000000000e+00
4.375000000000e-10,0.000000000000e+00
4.500000000000e-10,0.000000000000e+00
4.625000000000e-10,0.000000000000e+00
4.750000000000e-10,0.000000000000e+00
4.875000000000e-10,0.000000000000e+00
5.000000000000e-10,0.000000000000e+00
5.125000000000e-10,0.000000000000e+00
5.250000000000e-10,0.000000000000e+00
5.375000000000e-10,0.000000000000e+00
5.500000000000e-10,0.000000000000e+00
5.625000000000e-10,0.000000000000e+00
5.750000000000e-10,0.000000000000e+00
5.875000000000e-10,0.000000000000e+00
6.000000000000e-10,0.000000000000e+00
6.125000000000e-10,0.000000000000e+00
6.250000000000e-10,0.000000000000e+00
6.375000000000e-10,0.000000000000e+00
6.500000000000e-10,0.000000000000e+00
6.625000000000e-10,0.000000000000e+00
6.750000000000e-10,0.000000000000e+00
6.875000000000e-10,0.000000000000e+00
7.000000000000e-10,0.000000000000e+00
7.125000000000e-10,0.000000000000e+00
7.250000000000e-10,0.000000000000e+00
7.375000000000e-10,0.000000000000e+00
7.500000000000e-10,0.000000000000e+00
7.625000000000e-10,0.000000000000e+00
7.750000000000e-10,0.000000000000e+00
7.875000000000e-10,0.000000000000e+00
8.000000000000e-10,0.000000000000e+00
8.125000000000e-10,0.000000000000e+00
8.250000000000e-10,0.000000000000e+00
8.375000000000e-10,0.000000000000e+00
8.500000000000e-10,0.000000000000e+00
8.625000000000e-10,0.000000000000e+00
8.750000000000e-10,0.000000000000e+00
8.875000000000e-10,0.000000000000e+00
9.000000000000e-10,0.000000000000e+00
9.125000000000e-10,0.000000000000e+00
9.250000000000e-10,0.000000000000e+00
9.375000000000e-10,0.000000000000e+00
9.500000000000e-10,0.000000000000e+00
9.625000000000e-10,0.000000000000e+00
9.750000000000e-10,0.000000000000e+00
9.875000000000e-10,0.000000000000e+00
1.000000000000e-09,0.000000000000e+00
1.012500000000e-09,0.000000000000e+00
1.025000000000e-09,0.000000000000e+00
1.037500000000e-09,0.000000000000e+00
1.050000000000e-09,0.000000000000e+00
1.062500000000e-09,0.000000000000e+00
1.075000000000e-09,0.000000000000e+00
1.087500000000e-09,0.000000000000e+00
1.100000000000e-09,0.000000000000e+00
1.112500000000e-09,0.000000000000e+00
1.125000000000e-09,0.000000000000e+00
1.137500000000e-09,0.000000000000e+00
1.150000000000e-09,0.000000000000e+00
1.162500000000e-09,0.000000000000e+00
1.175000000000e-09,0.000000000000e+00
1.187500000000e-09,0.000000000000e+00
1.200000000000e-09,0.000000000000e+00
1.212500000000e-09,0.000000000000e+00
1.225000000000e-09,0.000000000000e+00
1.237500000000e-09,0.000000000000e+00
1.250000000000e-09,0.000000000000e+00
1.262500000000e-09,0.000000000000e+00
1.275000000000e-09,0.000000000000e+00
1.287500000000e-09,0.000000000000e+00
1.300000000000e-09,0.000000000000e+00
1.312500000000e-09,0.000000000000e+00
1.325000000000e-09,0.000000000000e+00
1.337500000000e-09,0.000000000000e+00
1.350000000000e-09,0.000000000000e+00
1.362500000000e-09,0.000000000000e+00
1.375000000000e-09,0.000000000000e+00
1.387500000000e-09,0.000000000000e+00
1.400000000000e-09,0.000000000000e+00
1.412500000000e-09,0.000000000000e+00
1.425000000000e-09,0.000000000000e+00
1.437500000000e-09,0.000000000000e+00
1.450000000000e-09,0.000000000000e+00
1.462500000000e-09,0.000000000000e+00
1.475000000000e-09,0.000000000000e+00
1.487500000000e-09,0.000000000000e+00
1.500000000000e-09,0.000000000000e+00
1.512500000000e-09,0.000000000000e+00
1.525000000000e-09,0.000000000000e+00
1.537500000000e-09,0.000000000000e+00
1.550000000000e-09,0.000000000000e+00
1.562500000000e-09,0.000000000000e+00
1.575000000000e-09,0.000000000000e+00
1.587500000000e-09,0.000000000000e+00
1.600000000000e-09,0.000000000000e+00
1.612500000000e-09,0.000000000000e+00
1.625000000000e-09,0.000000000000e+00
1.637500000000e-09,0.000000000000e+00
1.650000000000e-09,0.000000000000e+00
1.662500000000e-09,0.000000000000e+00
1.675000000000e-09,0.000000000000e+00
1.687500000000e-09,0.000000000000e+00
1.700000000000e-09,0.000000000000e+00
1.712500000000e-09,0.000000000000e+00
1.725000000000e-09,0.000000000000e+00
1.737500000000e-09,0.000000000000e+00
1.750000000000e-09,0.000000000000e+00
1.762500000000e-09,0.000000000000e+00
1.775000000000e-09,0.000000000000e+00
1.787500000000e-09,0.000000000000e+00
1.800000000000e-09,0.000000000000e+00
1.812500000000e-09,0.000000000000e+00
1.825000000000e-09,0.000000000000e+00
1.837500000000e-09,0.000000000000e+00
1.850000000000e-09,0.000000000000e+00
1.862500000000e-09,0.000000000000e+00
1.875000000000e-09,0.000000000000e+00
1.887500000000e-09,0.000000000000e+00
1.900000000000e-09,0.000000000000e+00
1.912500000000e-09,0.000000000000e+00
1.925000000000e-09,0.000000000000e+00
1.937500000000e-09,0.000000000000e+00
1.950000000000e-09,0.000000000000e+00
1.962500000000e-09,0.000000000000e+00
1.975000000000e-09,0.000000000000e+00
1.987500000000e-09,0.000000000000e+00
2.000000000000e-09,0.000000000000e+00
2.012500000000e-09,0.000000000000e+00
2.025000000000e-09,0.000000000000e+00
2.037500000000e-09,0.000000000000e+00
2.050000000000e-09,0.000000000000e+00
2.062500000000e-09,0.000000000000e+00
2.075000000000e-09,0.000000000000e+00
2.087500000000e-09,0.000000000000e+00
2.100000000000e-09,0.000000000000e+00
2.112500000000e-09,0.000000000000e+00
2.125000000000e-09,0.000000000000e+00
2.137500000000e-09,0.000000000000e+00
2.150000000000e-09,0.000000000000e+00
2.162500000000e-09,0.000000000000e+00
2.175000000000e-09,0.000000000000e+00
2.187500000000e-09,0.000000000000e+00
2.200000000000e-09,0.000000000000e+00
2.212500000000e-09,0.000000000000e+00
2.225000000000e-09,0.000000000000e+00
2.237500000000e-09,0.000000000000e+00
2.250000000000e-09,0.000000000000e+00
2.262500000000e-09,0.000000000000e+00
2.275000000000e-09,0.000000000000e+00
2.287500000000e-09,0.000000000000e+00
2.300000000000e-09,0.000000000000e+00
2.312500000000e-09,0.000000000000e+00
2.325000000000e-09,0.000000000000e+00
2.337500000000e-09,0.000000000000e+00
2.350000000000e-09,0.000000000000e+00
2.362500000000e-09,0.000000000000e+00
2.375000000000e-09,0.000000000000e+00
2.387500000000e-09,0.000000000000e+00
2.400000000000e-09,0.000000000000e+00
2.412500000000e-09,0.000000000000e+00
2.425000000000e-09,0.000000000000e+00
2.437500000000e-09,0.000000000000e+00
2.450000000000e-09,0.000000000000e+00
2.462500000000e-09,0.000000000000e+00
2.475000000000e-09,0.000000000000e+00
2.487500000000e-09,0.000000000000e+00
2.500000000000e-09,0.000000000000e+00
2.512500000000e-09,0.000000000000e+00
2.525000000000e-09,0.000000000000e+00
2.537500000000e-09,0.000000000000e+00
2.550000000000e-09,0.000000000000e+00
2.562500000000e-09,0.000000000000e+00
2.575000000000e-09,0.000000000000e+00
2.587500000000e-09,0.000000000000e+00
2.600000000000e-09,0.000000000000e+00
2.612500000000e-09,0.000000000000e+00
2.625000000000e-09,0.000000000000e+00
2.637500000000e-09,0.000000000000e+00
2.650000000000e-09,0.000000000000e+00
2.662500000000e-09,0.000000000000e+00
2.675000000000e-09,0.000000000000e+00
2.687500000000e-09,0.000000000000e+00
2.700000000000e-09,0.000000000000e+00
2.712500000000e-09,0.000000000000e+00
2.725000000000e-09,0.000000000000e+00
2.737500000000e-09,0.000000000000e+00
2.750000000000e-09,0.000000000000e+00
2.762500000000e-09,0.000000000000e+00
2.775000000000e-09,0.000000000000e+00
2.787500000000e-09,0.000000000000e+00
2.800000000000e-09,0.000000000000e+00
2.812500000000e-09,0.000000000000e+00
2.825000000000e-09,0.000000000000e+00
2.837500000000e-09,0.000000000000e+00
2.850000000000e-09,0.000000000000e+00
2.862500000000e-09,0.000000000000e+00
2.875000000000e-09,0.000000000000e+00
2.887500000000e-09,0.000000000000e+00
2.900000000000e-09,0.000000000000e+00
2.912500000000e-09,0.000000000000e+00
2.925000000000e-09,0.000000000000e+00
2.937500000000e-09,0.000000000000e+00
2.950000000000e-09,0.000000000000e+00
2.962500000000e-09,0.000000000000e+00
2.975000000000e-09,0.000000000000e+00
2.987500000000e-09,0.000000000000e+00
3.000000000000e-09,0.000000000000e+00
3.012500000000e-09,0.000000000000e+00
3.025000000000e-09,0.000000000000e+00
3.037500000000e-09,0.000000000000e+00
3.050000000000e-09,0.000000000000e+00
3.062500000000e-09,0.000000000000e+00
3.075000000000e-09,0.000000000000e+00
3.087500000000e-09,0.000000000000e+00
3.100000000000e-09,0.000000000000e+00
3.112500000000e-09,0.000000000000e+00
3.125000000000e-09,0.000000000000e+00
3.137500000000e-09,0.000000000000e+00
3.150000000000e-09,0.000000000000e+00
3.162500000000e-09,0.000000000000e+00
3.175000000000e-09,0.000000000000e+00
3.187500000000e-09,0.000000000000e+00
3.200000000000e-09,0.000000000000e+00
3.212500000000e-09,0.000000000000e+00
3.225000000000e-09,0.000000000000e+00
3.237500000000e-09,0.000000000000e+00
3.250000000000e-09,0.000000000000e+00
3.262500000000e-09,0.000000000000e+00
3.275000000000e-09,0.000000000000e+00
3.287500000000e-09,0.000000000000e+00
3.300000000000e-09,0.000000000000e+00
3.312500000000e-09,0.000000000000e+00
3.325000000000e-09,0.000000000000e+00
3.337500000000e-09,4.705455000029e-03
3.350000000000e-09,9.071482794937e-03
3.362500000000e-09,1.310765495454e-02
3.375000000000e-09,1.682313842489e-02
3.387500000000e-09,2.022672291404e-02
3.400000000000e-09,2.332778665367e-02
3.412500000000e-09,2.613432601340e-02
3.425000000000e-09,2.865404239618e-02
3.437500000000e-09,3.089436430191e-02
3.450000000000e-09,3.286333881736e-02
3.462500000000e-09,3.456780291495e-02
3.475000000000e-09,3.601438768808e-02
3.487500000000e-09,3.720953594113e-02
3.500000000000e-09,3.816027709043e-02
3.512500000000e-09,3.887263243991e-02
3.525000000000e-09,3.935248873861e-02
3.537500000000e-09,3.960561200943e-02
3.550000000000e-09,3.963829739958e-02
3.562500000000e-09,3.945602845463e-02
3.575000000000e-09,3.906421030760e-02
3.587500000000e-09,3.846818033312e-02
3.600000000000e-09,3.767374007475e-02
3.612500000000e-09,3.668605508850e-02
3.625000000000e-09,3.551025572406e-02
3.637500000000e-09,3.415144508376e-02
3.650000000000e-09,3.261512633187e-02
3.662500000000e-09,3.090631626635e-02
3.675000000000e-09,2.903002864988e-02
3.687500000000e-09,2.699127986603e-02
3.700000000000e-09,2.479542643789e-02
3.712500000000e-09,2.244746201552e-02
3.725000000000e-09,1.995239994256e-02
3.737500000000e-09,1.731527693338e-02
3.750000000000e-09,1.454141499382e-02
3.762500000000e-09,1.163587267111e-02
3.775000000000e-09,8.603742829063e-03
3.787500000000e-09,5.450154617600e-03
3.800000000000e-09,2.180472477535e-03
3.812500000000e-09,-1.200124437420e-03
3.825000000000e-09,-4.686415007702e-03
3.837500000000e-09,-8.273135653903e-03
3.850000000000e-09,-1.195483331948e-02
3.862500000000e-09,-1.572618035352e-02
3.875000000000e-09,-1.958180548898e-02
3.887500000000e-09,-2.351629462114e-02
3.900000000000e-09,-2.752408655028e-02
3.912500000000e-09,-3.159970111573e-02
3.925000000000e-09,-3.573761803317e-02
3.937500000000e-09,-3.993227876320e-02
3.950000000000e-09,-4.417801731272e-02
3.962500000000e-09,-4.846921738562e-02
3.975000000000e-09,-5.280023042840e-02
3.987500000000e-09,-5.716537842130e-02
4.000000000000e-09,-6.155891335183e-02
4.012500000000e-09,-6.597511639869e-02
4.025000000000e-09,-7.040824801777e-02
4.037500000000e-09,-7.485255149829e-02
4.050000000000e-09,-7.930223582899e-02
4.062500000000e-09,-8.375152761253e-02
4.075000000000e-09,-8.819464727168e-02
4.087500000000e-09,-9.262581322026e-02
4.100000000000e-09,-9.703924376217e-02
4.112500000000e-09,-1.014291705033e-01
4.125000000000e-09,-1.057898357945e-01
4.137500000000e-09,-1.101154973721e-01
4.150000000000e-09,-1.144004456886e-01
4.162500000000e-09,-1.186389859963e-01
4.175000000000e-09,-1.228254529976e-01
4.187500000000e-09,-1.269542158152e-01
4.200000000000e-09,-1.310197077752e-01
4.212500000000e-09,-1.350163830287e-01
4.225000000000e-09,-1.389387450835e-01
4.237500000000e-09,-1.427813519653e-01
4.250000000000e-09,-1.465388559862e-01
4.262500000000e-09,-1.502059397005e-01
4.275000000000e-09,-1.537773555651e-01
4.287500000000e-09,-1.572479311593e-01
4.300000000000e-09,-1.606126168902e-01
4.312500000000e-09,-1.638664052029e-01
4.325000000000e-09,-1.670043790899e-01
4.337500000000e-09,-1.700217172411e-01
4.350000000000e-09,-1.729137479822e-01
4.362500000000e-09,-1.756758549451e-01
4.375000000000e-09,-1.783035325347e-01
4.387500000000e-09,-1.807923908856e-01
4.400000000000e-09,-1.831382146139e-01
4.412500000000e-09,-1.853368575707e-01
4.425000000000e-09,-1.873843036940e-01
4.437500000000e-09,-1.892766716547e-01
4.450000000000e-09,-1.910102772385e-01
4.462500000000e-09,-1.925815193290e-01
4.475000000000e-09,-1.939869448362e-01
4.487500000000e-09,-1.952232529239e-01
4.500000000000e-09,-1.962873600317e-01
4.512500000000e-09,-1.971762788488e-01
4.525000000000e-09,-1.978871862285e-01
4.537500000000e-09,-1.984174268990e-01
4.550000000000e-09,-1.987645802993e-01
4.562500000000e-09,-1.989263339880e-01
4.575000000000e-09,-1.989005536386e-01
4.587500000000e-09,-1.986852861437e-01
4.600000000000e-09,-1.982788275780e-01
4.612500000000e-09,-1.976795922296e-01
4.625000000000e-09,-1.968861839238e-01
4.637500000000e-09,-1.958973984443e-01
4.650000000000e-09,-1.947122920506e-01
4.662500000000e-09,-1.933300471140e-01
4.675000000000e-09,-1.917500441456e-01
4.687500000000e-09,-1.899718634712e-01
4.700000000000e-09,-1.879953538312e-01
4.712500000000e-09,-1.858204954335e-01
4.725000000000e-09,-1.834474721729e-01
4.737500000000e-09,-1.808766725105e-01
4.750000000000e-09,-1.781087577686e-01
4.762500000000e-09,-1.751445232777e-01
4.775000000000e-09,-1.719849703695e-01
4.787500000000e-09,-1.686313064249e-01
4.800000000000e-09,-1.650850125517e-01
4.812500000000e-09,-1.613477033937e-01
4.825000000000e-09,-1.574211985593e-01
4.837500000000e-09,-1.533075218200e-01
4.850000000000e-09,-1.490089679206e-01
4.862500000000e-09,-1.445279615332e-01
4.875000000000e-09,-1.398671278526e-01
4.887500000000e-09,-1.350292909427e-01
4.900000000000e-09,-1.300175394869e-01
4.912500000000e-09,-1.248350852976e-01
4.925000000000e-09,-1.194853328738e-01
4.937500000000e-09,-1.139718769065e-01
4.950000000000e-09,-1.082985668262e-01
4.962500000000e-09,-1.024693652261e-01
4.975000000000e-09,-9.648841622736e-02
4.987500000000e-09,-9.036004217217e-02
5.000000000000e-09,-8.408880686939e-02
5.012500000000e-09,-7.767937424356e-02
5.025000000000e-09,-7.113657540214e-02
5.037500000000e-09,-6.446540455998e-02
5.050000000000e-09,-5.767108092058e-02
5.062500000000e-09,-5.075890783148e-02
5.075000000000e-09,-4.373433848673e-02
5.087500000000e-09,-3.660297114078e-02
5.100000000000e-09,-2.937060959777e-02
5.112500000000e-09,-2.204312312570e-02
5.125000000000e-09,-1.462651076345e-02
5.137500000000e-09,-7.126895895532e-03
5.150000000000e-09,4.494146491912e-04
5.162500000000e-09,8.096069693021e-03
5.175000000000e-09,1.580661079820e-02
5.187500000000e-09,2.357447824763e-02
5.200000000000e-09,3.139295330972e-02
5.212500000000e-09,3.925529612937e-02
5.225000000000e-09,4.715468418650e-02
5.237500000000e-09,5.508421873788e-02
5.250000000000e-09,6.303686839692e-02
5.262500000000e-09,7.100560561982e-02
5.275000000000e-09,7.898334648573e-02
5.287500000000e-09,8.696295749627e-02
5.300000000000e-09,9.493720040353e-02
5.312500000000e-09,1.028988671029e-01
5.325000000000e-09,1.108407206685e-01
5.337500000000e-09,1.187555023999e-01
5.350000000000e-09,1.266358778165e-01
5.362500000000e-09,1.344745697795e-01
5.375000000000e-09,1.422643007016e-01
5.387500000000e-09,1.499977997247e-01
5.400000000000e-09,1.576677497883e-01
5.412500000000e-09,1.652669188123e-01
5.425000000000e-09,1.727881029887e-01
5.437500000000e-09,1.802241339714e-01
5.450000000000e-09,1.875678269179e-01
5.462500000000e-09,1.948121095735e-01
5.475000000000e-09,2.019499665465e-01
5.487500000000e-09,2.089744463897e-01
5.500000000000e-09,2.158786105072e-01
5.512500000000e-09,2.226556599950e-01
5.525000000000e-09,2.292988807924e-01
5.537500000000e-09,2.358016505368e-01
5.550000000000e-09,2.421573882286e-01
5.562500000000e-09,2.483596786880e-01
5.575000000000e-09,2.544022184779e-01
5.587500000000e-09,2.602788224168e-01
5.600000000000e-09,2.659833738912e-01
5.612500000000e-09,2.715099468047e-01
5.625000000000e-09,2.768527521665e-01
5.637500000000e-09,2.820061441508e-01
5.650000000000e-09,2.869645709536e-01
5.662500000000e-09,2.917226941181e-01
5.675000000000e-09,2.962753356885e-01
5.687500000000e-09,3.006174837129e-01
5.700000000000e-09,3.047442435433e-01
5.712500000000e-09,3.086509544381e-01
5.725000000000e-09,3.123331371851e-01
5.737500000000e-09,3.157864989538e-01
5.750000000000e-09,3.190068849465e-01
5.762500000000e-09,3.219903921917e-01
5.775000000000e-09,3.247333175482e-01
5.787500000000e-09,3.272321618252e-01
5.800000000000e-09,3.294835816993e-01
5.812500000000e-09,3.314845006300e-01
5.825000000000e-09,3.332320571666e-01
5.837500000000e-09,3.347236082647e-01
5.850000000000e-09,3.359566813986e-01
5.862500000000e-09,3.369290825422e-01
5.875000000000e-09,3.376388447147e-01
5.887500000000e-09,3.380842304353e-01
5.900000000000e-09,3.382636839714e-01
5.912500000000e-09,3.381759363478e-01
5.925000000000e-09,3.378199540771e-01
5.937500000000e-09,3.371949407107e-01
5.950000000000e-09,3.363002891765e-01
5.962500000000e-09,3.351356837958e-01
5.975000000000e-09,3.337010491594e-01
5.987500000000e-09,3.319965507476e-01
6.000000000000e-09,3.300225473254e-01
6.012500000000e-09,3.277796899639e-01
6.025000000000e-09,3.252688710389e-01
6.037500000000e-09,3.224912239060e-01
6.050000000000e-09,3.194480753385e-01
6.062500000000e-09,3.161410415675e-01
6.075000000000e-09,3.125719773918e-01
6.087500000000e-09,3.087429749144e-01
6.100000000000e-09,3.046563160206e-01
6.112500000000e-09,3.003145654680e-01
6.125000000000e-09,2.957205201145e-01
6.137500000000e-09,2.908772067348e-01
6.150000000000e-09,2.857878345533e-01
6.162500000000e-09,2.804558854318e-01
6.175000000000e-09,2.748850632361e-01
6.187500000000e-09,2.690792907685e-01
6.200000000000e-09,2.630426623822e-01
6.212500000000e-09,2.567795313328e-01
6.225000000000e-09,2.502944593176e-01
6.237500000000e-09,2.435922125732e-01
6.250000000000e-09,2.366777146153e-01
6.262500000000e-09,2.295561308325e-01
6.275000000000e-09,2.222328182465e-01
6.287500000000e-09,2.147133208390e-01
6.300000000000e-09,2.070033224723e-01
6.312500000000e-09,1.991087288179e-01
6.325000000000e-09,1.910356173996e-01
6.337500000000e-09,1.827902322254e-01
6.350000000000e-09,1.743789369552e-01
6.362500000000e-09,1.658082942723e-01
6.375000000000e-09,1.570850162796e-01
6.387500000000e-09,1.482159585239e-01
6.400000000000e-09,1.392080734900e-01
6.412500000000e-09,1.300684875301e-01
6.425000000000e-09,1.208044516961e-01
6.437500000000e-09,1.114233352525e-01
6.450000000000e-09,1.019325795839e-01
6.462500000000e-09,9.233977280854e-02
6.475000000000e-09,8.265260113604e-02
6.487500000000e-09,7.287884197404e-02
6.500000000000e-09,6.302631834263e-02
6.512500000000e-09,5.310297130554e-02
6.525000000000e-09,4.311681194961e-02
6.537500000000e-09,3.307591419539e-02
6.550000000000e-09,2.298836981810e-02
6.562500000000e-09,1.286235883529e-02
6.575000000000e-09,2.706102207983e-03
6.587500000000e-09,-7.472145529747e-03
6.600000000000e-09,-1.766414054064e-02
6.612500000000e-09,-2.786158119811e-02
6.625000000000e-09,-3.805615456064e-02
6.637500000000e-09,-4.823954380658e-02
6.650000000000e-09,-5.840347169059e-02
6.662500000000e-09,-6.853963381580e-02
6.675000000000e-09,-7.863974418048e-02
6.687500000000e-09,-8.869554256066e-02
6.700000000000e-09,-9.869883704934e-02
6.712500000000e-09,-1.086414389446e-01
6.725000000000e-09,-1.185152072667e-01
6.737500000000e-09,-1.283120559743e-01
6.750000000000e-09,-1.380239954847e-01
6.762500000000e-09,-1.476430690384e-01
6.775000000000e-09,-1.571613960889e-01
6.787500000000e-09,-1.665711792409e-01
6.800000000000e-09,-1.758647446553e-01
6.812500000000e-09,-1.850344797556e-01
6.825000000000e-09,-1.940728753970e-01
6.837500000000e-09,-2.029725324212e-01
6.850000000000e-09,-2.117262008568e-01
6.862500000000e-09,-2.203267188374e-01
6.875000000000e-09,-2.287670534656e-01
6.887500000000e-09,-2.370403068864e-01
6.900000000000e-09,-2.451397541997e-01
6.912500000000e-09,-2.530587834705e-01
6.925000000000e-09,-2.607909352098e-01
6.937500000000e-09,-2.683299078792e-01
6.950000000000e-09,-2.756695944404e-01
6.962500000000e-09,-2.828040233483e-01
6.975000000000e-09,-2.897273965812e-01
6.987500000000e-09,-2.964340944975e-01
7.000000000000e-09,-3.029187109606e-01
7.012500000000e-09,-3.091759952143e-01
7.025000000000e-09,-3.152008884069e-01
7.037500000000e-09,-3.209885277327e-01
7.050000000000e-09,-3.265342800812e-01
7.062500000000e-09,-3.318336847082e-01
7.075000000000e-09,-3.368824882082e-01
7.087500000000e-09,-3.416766478877e-01
7.100000000000e-09,-3.462123639003e-01
7.112500000000e-09,-3.504860226367e-01
7.125000000000e-09,-3.544942301178e-01
7.137500000000e-09,-3.582338145556e-01
7.150000000000e-09,-3.617018569501e-01
7.162500000000e-09,-3.648956351378e-01
7.175000000000e-09,-3.678126555861e-01
7.187500000000e-09,-3.704506551157e-01
7.200000000000e-09,-3.728076299473e-01
7.212500000000e-09,-3.748817803605e-01
7.225000000000e-09,-3.766715408864e-01
7.237500000000e-09,-3.781755811778e-01
7.250000000000e-09,-3.793928335070e-01
7.262500000000e-09,-3.803224380022e-01
7.275000000000e-09,-3.809637712483e-01
7.287500000000e-09,-3.813164463047e-01
7.300000000000e-09,-3.813803386693e-01
7.312500000000e-09,-3.811555320740e-01
7.325000000000e-09,-3.806423455164e-01
7.337500000000e-09,-3.798413324377e-01
7.350000000000e-09,-3.787533051844e-01
7.362500000000e-09,-3.773792813540e-01
7.375000000000e-09,-3.757205092955e-01
7.387500000000e-09,-3.737784664739e-01
7.400000000000e-09,-3.715548824707e-01
7.412500000000e-09,-3.690516858865e-01
7.425000000000e-09,-3.662710283599e-01
7.437500000000e-09,-3.632152821562e-01
7.450000000000e-09,-3.598870617609e-01
7.462500000000e-09,-3.562891713587e-01
7.475000000000e-09,-3.524246274289e-01
7.487500000000e-09,-3.482966556107e-01
7.500000000000e-09,-3.439087109534e-01
7.512500000000e-09,-3.392644260001e-01
7.525000000000e-09,-3.343676320336e-01
7.537500000000e-09,-3.292223552753e-01
7.550000000000e-09,-3.238328358680e-01
7.562500000000e-09,-3.182034766049e-01
7.575000000000e-09,-3.123388629033e-01
7.587500000000e-09,-3.062437584087e-01
7.600000000000e-09,-2.999231227929e-01
7.612500000000e-09,-2.933820611749e-01
7.625000000000e-09,-2.866258429123e-01
7.637500000000e-09,-2.796598966856e-01
7.650000000000e-09,-2.724898272035e-01
7.662500000000e-09,-2.651213653695e-01
7.675000000000e-09,-2.575603859861e-01
7.687500000000e-09,-2.498129024024e-01
7.700000000000e-09,-2.418850822215e-01
7.712500000000e-09,-2.337831982753e-01
7.725000000000e-09,-2.255136453390e-01
7.737500000000e-09,-2.170829344305e-01
7.750000000000e-09,-2.084977076204e-01
7.762500000000e-09,-1.997646898787e-01
7.775000000000e-09,-1.908907049031e-01
7.787500000000e-09,-1.818826691602e-01
7.800000000000e-09,-1.727476059016e-01
7.812500000000e-09,-1.634925979491e-01
7.825000000000e-09,-1.541248027413e-01
7.837500000000e-09,-1.446514462090e-01
7.850000000000e-09,-1.350798361007e-01
7.862500000000e-09,-1.254173157748e-01
7.875000000000e-09,-1.156712785689e-01
7.887500000000e-09,-1.058491616017e-01
7.900000000000e-09,-9.595845851099e-02
7.912500000000e-09,-8.600667431975e-02
7.925000000000e-09,-7.600133923277e-02
7.937500000000e-09,-6.595000245391e-02
7.950000000000e-09,-5.586024443886e-02
7.962500000000e-09,-4.573963290076e-02
7.975000000000e-09,-3.559573613355e-02
7.987500000000e-09,-2.543611693307e-02
8.000000000000e-09,-1.526834446190e-02
8.012500000000e-09,-5.099951456408e-03
8.025000000000e-09,5.061552826453e-03
8.037500000000e-09,1.520868850130e-02
8.050000000000e-09,2.533399348426e-02
8.062500000000e-09,3.543006502726e-02
8.075000000000e-09,4.548954705669e-02
8.087500000000e-09,5.550513580121e-02
8.100000000000e-09,6.546956842939e-02
8.112500000000e-09,7.537566327378e-02
8.125000000000e-09,8.521630737048e-02
8.137500000000e-09,9.498446175156e-02
8.150000000000e-09,1.046731502102e-01
8.162500000000e-09,1.142754981700e-01
8.175000000000e-09,1.237847203477e-01
8.187500000000e-09,1.331941256476e-01
8.200000000000e-09,1.424971059810e-01
8.212500000000e-09,1.516871737437e-01
8.225000000000e-09,1.607579495339e-01
8.237500000000e-09,1.697031665915e-01
8.250000000000e-09,1.785166596097e-01
8.262500000000e-09,1.871924007911e-01
8.275000000000e-09,1.957244875598e-01
8.287500000000e-09,2.041071465006e-01
8.300000000000e-09,2.123347221068e-01
8.312500000000e-09,2.204017113948e-01
8.325000000000e-09,2.283027515604e-01
8.337500000000e-09,2.360326233791e-01
8.350000000000e-09,2.435862398457e-01
8.362500000000e-09,2.509586793360e-01
8.375000000000e-09,2.581451731650e-01
8.387500000000e-09,2.651411084220e-01
8.400000000000e-09,2.719420164646e-01
8.412500000000e-09,2.785436046256e-01
8.425000000000e-09,2.849417436425e-01
8.437500000000e-09,2.911324699068e-01
8.450000000000e-09,2.971119737877e-01
8.462500000000e-09,3.028766298907e-01
8.475000000000e-09,3.084229843353e-01
8.487500000000e-09,3.137477564103e-01
8.500000000000e-09,3.188478267095e-01
8.512500000000e-09,3.237202659579e-01
8.525000000000e-09,3.283623221245e-01
8.537500000000e-09,3.327714214837e-01
8.550000000000e-09,3.369451565541e-01
8.562500000000e-09,3.408813135179e-01
8.575000000000e-09,3.445778591634e-01
8.587500000000e-09,3.480329413605e-01
8.600000000000e-09,3.512448768052e-01
8.612500000000e-09,3.542121770617e-01
8.625000000000e-09,3.569335353407e-01
8.637500000000e-09,3.594078264048e-01
8.650000000000e-09,3.616340941263e-01
8.662500000000e-09,3.636115761929e-01
8.675000000000e-09,3.653396907329e-01
8.687500000000e-09,3.668180356738e-01
8.700000000000e-09,3.680463761300e-01
8.712500000000e-09,3.690246678178e-01
8.725000000000e-09,3.697530435458e-01
8.737500000000e-09,3.702318120580e-01
8.750000000000e-09,3.704614452724e-01
8.762500000000e-09,3.704426004583e-01
8.775000000000e-09,3.701761066164e-01
8.787500000000e-09,3.696629628416e-01
8.800000000000e-09,3.689043254416e-01
8.812500000000e-09,3.679015289328e-01
8.825000000000e-09,3.666560723401e-01
8.837500000000e-09,3.651696171201e-01
8.850000000000e-09,3.634439741928e-01
8.862500000000e-09,3.614811238161e-01
8.875000000000e-09,3.592832018411e-01
8.887500000000e-09,3.568524972388e-01
8.900000000000e-09,3.541914390822e-01
8.912500000000e-09,3.513026153638e-01
8.925000000000e-09,3.481887592428e-01
8.937500000000e-09,3.448527462243e-01
8.950000000000e-09,3.412975811301e-01
8.962500000000e-09,3.375264159262e-01
8.975000000000e-09,3.335425360015e-01
8.987500000000e-09,3.293493570490e-01
9.000000000000e-09,3.249504120673e-01
9.012500000000e-09,3.203493682647e-01
9.025000000000e-09,3.155500134117e-01
9.037500000000e-09,3.105562524748e-01
9.050000000000e-09,3.053720946904e-01
9.062500000000e-09,3.000016696145e-01
9.075000000000e-09,2.944492135903e-01
9.087500000000e-09,2.887190661856e-01
9.100000000000e-09,2.828156573826e-01
9.112500000000e-09,2.767435228396e-01
9.125000000000e-09,2.705072905162e-01
9.137500000000e-09,2.641116769645e-01
9.150000000000e-09,2.575614746772e-01
9.162500000000e-09,2.508615666269e-01
9.175000000000e-09,2.440169130909e-01
9.187500000000e-09,2.370325478443e-01
9.200000000000e-09,2.299135657078e-01
9.212500000000e-09,2.226651364289e-01
9.225000000000e-09,2.152924917451e-01
9.237500000000e-09,2.078009215270e-01
9.250000000000e-09,2.001957615641e-01
9.262500000000e-09,1.924824068496e-01
9.275000000000e-09,1.846662989200e-01
9.287500000000e-09,1.767529219918e-01
9.300000000000e-09,1.687477910226e-01
9.312500000000e-09,1.606564644583e-01
9.325000000000e-09,1.524845318823e-01
9.337500000000e-09,1.442376101896e-01
9.350000000000e-09,1.359213319552e-01
9.362500000000e-09,1.275413576995e-01
9.375000000000e-09,1.191033638790e-01
9.387500000000e-09,1.106130391352e-01
9.400000000000e-09,1.020760730020e-01
9.412500000000e-09,9.349816773938e-02
9.425000000000e-09,8.488502669492e-02
9.437500000000e-09,7.624235066187e-02
9.450000000000e-09,6.757582695196e-02
9.462500000000e-09,5.889114084608e-02
9.475000000000e-09,5.019396434981e-02
9.487500000000e-09,4.148995269263e-02
9.500000000000e-09,3.278473378946e-02
9.512500000000e-09,2.408391935105e-02
9.525000000000e-09,1.539309405512e-02
9.537500000000e-09,6.717812213635e-03
9.550000000000e-09,-1.936412357153e-03
9.562500000000e-09,-1.056409552755e-02
9.575000000000e-09,-1.915979325023e-02
9.587500000000e-09,-2.771810470158e-02
9.600000000000e-09,-3.623368198703e-02
9.612500000000e-09,-4.470121959819e-02
9.625000000000e-09,-5.311546436186e-02
9.637500000000e-09,-6.147121837019e-02
9.650000000000e-09,-6.976334824910e-02
9.662500000000e-09,-7.798677485049e-02
9.675000000000e-09,-8.613648274423e-02
9.687500000000e-09,-9.420752292099e-02
9.700000000000e-09,-1.021950216148e-01
9.712500000000e-09,-1.100941702027e-01
9.725000000000e-09,-1.179002342332e-01
9.737500000000e-09,-1.256085558885e-01
9.750000000000e-09,-1.332145623557e-01
9.762500000000e-09,-1.407137559099e-01
9.775000000000e-09,-1.481017224752e-01
9.787500000000e-09,-1.553741338366e-01
9.800000000000e-09,-1.625267555567e-01
9.812500000000e-09,-1.695554372224e-01
9.825000000000e-09,-1.764561205359e-01
9.837500000000e-09,-1.832248412712e-01
9.850000000000e-09,-1.898577367342e-01
9.862500000000e-09,-1.963510361562e-01
9.875000000000e-09,-2.027010683166e-01
9.887500000000e-09,-2.089042632379e-01
9.900000000000e-09,-2.149571591935e-01
9.912500000000e-09,-2.208563932307e-01
9.925000000000e-09,-2.265987083300e-01
9.937500000000e-09,-2.321809548358e-01
9.950000000000e-09,-2.376000970153e-01
9.962500000000e-09,-2.428532036998e-01
9.975000000000e-09,-2.479374549835e-01
9.987500000000e-09,-2.528501433917e-01
1.000000000000e-08,-2.575886799949e-01
1.001250000000e-08,-2.621505851579e-01
1.002500000000e-08,-2.665334947854e-01
1.003750000000e-08,-2.707351612278e-01
1.005000000000e-08,-2.747534589584e-01
1.006250000000e-08,-2.785863754204e-01
1.007500000000e-08,-2.822320168277e-01
1.008750000000e-08,-2.856886088104e-01
1.010000000000e-08,-2.889545016629e-01
1.011250000000e-08,-2.920281612817e-01
1.012500000000e-08,-2.949081745291e-01
1.013750000000e-08,-2.975932496229e-01
1.015000000000e-08,-3.000822209639e-01
1.016250000000e-08,-3.023740401570e-01
1.017500000000e-08,-3.044677809490e-01
1.018750000000e-08,-3.063626393650e-01
1.020000000000e-08,-3.080579381255e-01
1.021250000000e-08,-3.095531177458e-01
1.022500000000e-08,-3.108477410563e-01
1.023750000000e-08,-3.119414930921e-01
1.025000000000e-08,-3.128341851084e-01
1.026250000000e-08,-3.135257457538e-01
1.027500000000e-08,-3.140162251838e-01
1.028750000000e-08,-3.143057947083e-01
1.030000000000e-08,-3.143947504161e-01
1.031250000000e-08,-3.142835044177e-01
1.032500000000e-08,-3.139725885626e-01
1.033750000000e-08,-3.134626538509e-01
1.035000000000e-08,-3.127544736770e-01
1.036250000000e-08,-3.118489351386e-01
1.037500000000e-08,-3.107470423689e-01
1.038750000000e-08,-3.094499157178e-01
1.040000000000e-08,-3.079587946267e-01
1.041250000000e-08,-3.062750290001e-01
1.042500000000e-08,-3.044000821640e-01
1.043750000000e-08,-3.023355298239e-01
1.045000000000e-08,-3.000830625811e-01
1.046250000000e-08,-2.976444773648e-01
1.047500000000e-08,-2.950216800289e-01
1.048750000000e-08,-2.922166840935e-01
1.050000000000e-08,-2.892316129138e-01
1.051250000000e-08,-2.860686911723e-01
1.052500000000e-08,-2.827302471252e-01
1.053750000000e-08,-2.792187111352e-01
1.055000000000e-08,-2.755366175055e-01
1.056250000000e-08,-2.716865960310e-01
1.057500000000e-08,-2.676713739071e-01
1.058750000000e-08,-2.634937740625e-01
1.060000000000e-08,-2.591567166701e-01
1.061250000000e-08,-2.546632107590e-01
1.062500000000e-08,-2.500163557979e-01
1.063750000000e-08,-2.452193398374e-01
1.065000000000e-08,-2.402754407122e-01
1.066250000000e-08,-2.351880177136e-01
1.067500000000e-08,-2.299605128638e-01
1.068750000000e-08,-2.245964488767e-01
1.070000000000e-08,-2.190994300662e-01
1.071250000000e-08,-2.134731340827e-01
1.072500000000e-08,-2.077213128927e-01
1.073750000000e-08,-2.018477905703e-01
1.075000000000e-08,-1.958564639267e-01
1.076250000000e-08,-1.897512943156e-01
1.077500000000e-08,-1.835363083345e-01
1.078750000000e-08,-1.772155954600e-01
1.080000000000e-08,-1.707933084149e-01
1.081250000000e-08,-1.642736550496e-01
1.082500000000e-08,-1.576608987819e-01
1.083750000000e-08,-1.509593560915e-01
1.085000000000e-08,-1.441733966429e-01
1.086250000000e-08,-1.373074352503e-01
1.087500000000e-08,-1.303659320764e-01
1.088750000000e-08,-1.233533900011e-01
1.090000000000e-08,-1.162743545214e-01
1.091250000000e-08,-1.091334058088e-01
1.092500000000e-08,-1.019351586887e-01
1.093750000000e-08,-9.468425990144e-02
1.095000000000e-08,-8.738538780039e-02
1.096250000000e-08,-8.004324451461e-02
1.097500000000e-08,-7.266255573135e-02
1.098750000000e-08,-6.524806786905e-02
1.100000000000e-08,-5.780454759757e-02
1.101250000000e-08,-5.033677411998e-02
1.102500000000e-08,-4.284953878277e-02
1.103750000000e-08,-3.534764218286e-02
1.105000000000e-08,-2.783589353495e-02
1.106250000000e-08,-2.031910308877e-02
1.107500000000e-08,-1.280208159345e-02
1.108750000000e-08,-5.289637362006e-03
1.110000000000e-08,2.213424486984e-03
1.111250000000e-08,9.702309458571e-03
1.112500000000e-08,1.717223433480e-02
1.113750000000e-08,2.461843012729e-02
1.115000000000e-08,3.203614293264e-02
1.116250000000e-08,3.942064118793e-02
1.117500000000e-08,4.676721641210e-02
1.118750000000e-08,5.407118614875e-02
1.120000000000e-08,6.132789488824e-02
1.121250000000e-08,6.853272112785e-02
1.122500000000e-08,7.568107817015e-02
1.123750000000e-08,8.276841702748e-02
1.125000000000e-08,8.979022737931e-02
1.126250000000e-08,9.674204441398e-02
1.127500000000e-08,1.036194496516e-01
1.128750000000e-08,1.104180737808e-01
1.130000000000e-08,1.171335976190e-01
1.131250000000e-08,1.237617587110e-01
1.132500000000e-08,1.302983521437e-01
1.133750000000e-08,1.367392332847e-01
1.135000000000e-08,1.430803187118e-01
1.136250000000e-08,1.493175925442e-01
1.137500000000e-08,1.554471072146e-01
1.138750000000e-08,1.614649860792e-01
1.140000000000e-08,1.673674242834e-01
1.141250000000e-08,1.731506947990e-01
1.142500000000e-08,1.788111491210e-01
1.143750000000e-08,1.843452197176e-01
1.145000000000e-08,1.897494207989e-01
1.146250000000e-08,1.950203540347e-01
1.147500000000e-08,2.001547091424e-01
1.148750000000e-08,2.051492661472e-01
1.150000000000e-08,2.100008960202e-01
1.151250000000e-08,2.147065660520e-01
1.152500000000e-08,2.192633403001e-01
1.153750000000e-08,2.236683816283e-01
1.155000000000e-08,2.279189521836e-01
1.156250000000e-08,2.320124184018e-01
1.157500000000e-08,2.359462512820e-01
1.158750000000e-08,2.397180281780e-01
1.160000000000e-08,2.433254330844e-01
1.161250000000e-08,2.467662612500e-01
1.162500000000e-08,2.500384192518e-01
1.163750000000e-08,2.531399265118e-01
1.165000000000e-08,2.560689153632e-01
1.166250000000e-08,2.588236352529e-01
1.167500000000e-08,2.614024525866e-01
1.168750000000e-08,2.638038519481e-01
1.170000000000e-08,2.660264359196e-01
1.171250000000e-08,2.680689288561e-01
1.172500000000e-08,2.699301764769e-01
1.173750000000e-08,2.716091467665e-01
1.175000000000e-08,2.731049295278e-01
1.176250000000e-08,2.744167397117e-01
1.177500000000e-08,2.755439167358e-01
1.178750000000e-08,2.764859250490e-01
1.180000000000e-08,2.772423533983e-01
1.181250000000e-08,2.778129177031e-01
1.182500000000e-08,2.781974600837e-01
1.183750000000e-08,2.783959490758e-01
1.185000000000e-08,2.784084785964e-01
1.186250000000e-08,2.782352703550e-01
1.187500000000e-08,2.778766725798e-01
1.188750000000e-08,2.773331598714e-01
1.190000000000e-08,2.766053318592e-01
1.191250000000e-08,2.756939151448e-01
1.192500000000e-08,2.745997617177e-01
1.193750000000e-08,2.733238484445e-01
1.195000000000e-08,2.718672754085e-01
1.196250000000e-08,2.702312673875e-01
1.197500000000e-08,2.684171719558e-01
1.198750000000e-08,2.664264586078e-01
1.200000000000e-08,2.642607167807e-01
1.201250000000e-08,2.619216568727e-01
1.202500000000e-08,2.594111080322e-01
1.203750000000e-08,2.567310169217e-01
1.205000000000e-08,2.538834454268e-01
1.206250000000e-08,2.508705712261e-01
1.207500000000e-08,2.476946852747e-01
1.208750000000e-08,2.443581902173e-01
1.210000000000e-08,2.408635977941e-01
1.211250000000e-08,2.372135289772e-01
1.212500000000e-08,2.334107111605e-01
1.213750000000e-08,2.294579762374e-01
1.215000000000e-08,2.253582577172e-01
1.216250000000e-08,2.211145904501e-01
1.217500000000e-08,2.167301075390e-01
1.218750000000e-08,2.122080381024e-01
1.220000000000e-08,2.075517041212e-01
1.221250000000e-08,2.027645197762e-01
1.222500000000e-08,1.978499881062e-01
1.223750000000e-08,1.928116984787e-01
1.225000000000e-08,1.876533231918e-01
1.226250000000e-08,1.823786164557e-01
1.227500000000e-08,1.769914108217e-01
1.228750000000e-08,1.714956143911e-01
1.230000000000e-08,1.658952072011e-01
1.231250000000e-08,1.601942398840e-01
1.232500000000e-08,1.543968298982e-01
1.233750000000e-08,1.485071585096e-01
1.235000000000e-08,1.425294669932e-01
1.236250000000e-08,1.364680550091e-01
1.237500000000e-08,1.303272766703e-01
1.238750000000e-08,1.241115373331e-01
1.240000000000e-08,1.178252896519e-01
1.241250000000e-08,1.114730317131e-01
1.242500000000e-08,1.050593029787e-01
1.243750000000e-08,9.858868092531e-02
1.245000000000e-08,9.206577699211e-02
1.246250000000e-08,8.549523451805e-02
1.247500000000e-08,7.888172460091e-02
1.248750000000e-08,7.222994262937e-02
1.250000000000e-08,6.554460416615e-02
1.251250000000e-08,5.883044273475e-02
1.252500000000e-08,5.209220563815e-02
1.253750000000e-08,4.533465042856e-02
1.255000000000e-08,3.856254077001e-02
1.256250000000e-08,3.178064412343e-02
1.257500000000e-08,2.499372756970e-02
1.258750000000e-08,1.820655426347e-02
1.260000000000e-08,1.142387932093e-02
1.261250000000e-08,4.650447452354e-03
1.262500000000e-08,-2.109011164591e-03
1.263750000000e-08,-8.849784399881e-03
1.265000000000e-08,-1.556718221227e-02
1.266250000000e-08,-2.225653901959e-02
1.267500000000e-08,-2.891321772949e-02
1.268750000000e-08,-3.553261317619e-02
1.270000000000e-08,-4.211015604487e-02
1.271250000000e-08,-4.864131519587e-02
1.272500000000e-08,-5.512160155409e-02
1.273750000000e-08,-6.154657142150e-02
1.275000000000e-08,-6.791183024001e-02
1.276250000000e-08,-7.421303482178e-02
1.277500000000e-08,-8.044589705359e-02
1.278750000000e-08,-8.660618704047e-02
1.280000000000e-08,-9.268973666405e-02
1.281250000000e-08,-9.869244167345e-02
1.282500000000e-08,-1.046102651628e-01
1.283750000000e-08,-1.104392405036e-01
1.285000000000e-08,-1.161754746585e-01
1.286250000000e-08,-1.218151500892e-01
1.287500000000e-08,-1.273545279688e-01
1.288750000000e-08,-1.327899508632e-01
1.290000000000e-08,-1.381178457630e-01
1.291250000000e-08,-1.433347257694e-01
1.292500000000e-08,-1.484371930048e-01
1.293750000000e-08,-1.534219410088e-01
1.295000000000e-08,-1.582857574539e-01
1.296250000000e-08,-1.630255255737e-01
1.297500000000e-08,-1.676382267410e-01
1.298750000000e-08,-1.721209425466e-01
1.300000000000e-08,-1.764708571691e-01
1.301250000000e-08,-1.806852585151e-01
1.302500000000e-08,-1.847615404377e-01
1.303750000000e-08,-1.886972044705e-01
1.305000000000e-08,-1.924898618284e-01
1.306250000000e-08,-1.961372342331e-01
1.307500000000e-08,-1.996371557493e-01
1.308750000000e-08,-2.029875741543e-01
1.310000000000e-08,-2.061865525484e-01
1.311250000000e-08,-2.092322698458e-01
1.312500000000e-08,-2.121230222131e-01
1.313750000000e-08,-2.148572240562e-01
1.315000000000e-08,-2.174334092281e-01
1.316250000000e-08,-2.198502311703e-01
1.317500000000e-08,-2.221064639410e-01
1.318750000000e-08,-2.242010028105e-01
1.320000000000e-08,-2.261328650583e-01
1.321250000000e-08,-2.279011897541e-01
1.322500000000e-08,-2.295052383727e-01
1.323750000000e-08,-2.309443949923e-01
1.325000000000e-08,-2.322181666780e-01
1.326250000000e-08,-2.333261829007e-01
1.327500000000e-08,-2.342681957379e-01
1.328750000000e-08,-2.350440796773e-01
1.330000000000e-08,-2.356538315894e-01
1.331250000000e-08,-2.360975697876e-01
1.332500000000e-08,-2.363755338212e-01
1.333750000000e-08,-2.364880838911e-01
1.335000000000e-08,-2.364310714546e-01
1.336250000000e-08,-2.362098854723e-01
1.337500000000e-08,-2.358252486108e-01
1.338750000000e-08,-2.352780008004e-01
1.340000000000e-08,-2.345690981764e-01
1.341250000000e-08,-2.336996119315e-01
1.342500000000e-08,-2.326707270790e-01
1.343750000000e-08,-2.314837411289e-01
1.345000000000e-08,-2.301400626784e-01
1.346250000000e-08,-2.286412099178e-01
1.347500000000e-08,-2.269888090539e-01
1.348750000000e-08,-2.251845926527e-01
1.350000000000e-08,-2.232303979025e-01
1.351250000000e-08,-2.211281647995e-01
1.352500000000e-08,-2.188799342588e-01
1.353750000000e-08,-2.164878461505e-01
1.355000000000e-08,-2.139541372649e-01
1.356250000000e-08,-2.112811392086e-01
1.357500000000e-08,-2.084712762322e-01
1.358750000000e-08,-2.055270629935e-01
1.360000000000e-08,-2.024511022576e-01
1.361250000000e-08,-1.992460825356e-01
1.362500000000e-08,-1.959147756659e-01
1.363750000000e-08,-1.924600343386e-01
1.365000000000e-08,-1.888847895665e-01
1.366250000000e-08,-1.851920481051e-01
1.367500000000e-08,-1.813848898231e-01
1.368750000000e-08,-1.774664650278e-01
1.370000000000e-08,-1.734399917455e-01
1.371250000000e-08,-1.693087529617e-01
1.372500000000e-08,-1.650760938221e-01
1.373750000000e-08,-1.607454187982e-01
1.375000000000e-08,-1.563201888191e-01
1.376250000000e-08,-1.518039183730e-01
1.377500000000e-08,-1.472001725803e-01
1.378750000000e-08,-1.425125642414e-01
1.380000000000e-08,-1.377447508624e-01
1.381250000000e-08,-1.329004316600e-01
1.382500000000e-08,-1.279833445498e-01
1.383750000000e-08,-1.229972631195e-01
1.385000000000e-08,-1.179459935905e-01
1.386250000000e-08,-1.128333717700e-01
1.387500000000e-08,-1.076632599970e-01
1.388750000000e-08,-1.024395440839e-01
1.390000000000e-08,-9.716613025675e-02
1.391250000000e-08,-9.184694209786e-02
1.392500000000e-08,-8.648591749116e-02
1.393750000000e-08,-8.108700557492e-02
1.395000000000e-08,-7.565416370340e-02
1.396250000000e-08,-7.019135442024e-02
1.397500000000e-08,-6.470254244601e-02
1.398750000000e-08,-5.919169168250e-02
1.400000000000e-08,-5.366276223619e-02
1.401250000000e-08,-4.811970746319e-02
1.402500000000e-08,-4.256647103824e-02
1.403750000000e-08,-3.700698404989e-02
1.405000000000e-08,-3.144516212428e-02
1.406250000000e-08,-2.588490257983e-02
1.407500000000e-08,-2.033008161479e-02
1.408750000000e-08,-1.478455153016e-02
1.410000000000e-08,-9.252137989802e-03
1.411250000000e-08,-3.736637319926e-03
1.412500000000e-08,1.758186150050e-03
1.413750000000e-08,7.228602703337e-03
1.415000000000e-08,1.267091980641e-02
1.416250000000e-08,1.808148463263e-02
1.417500000000e-08,2.345668653698e-02
1.418750000000e-08,2.879295948038e-02
1.420000000000e-08,3.408678440173e-02
1.421250000000e-08,3.933469153621e-02
1.422500000000e-08,4.453326267828e-02
1.423750000000e-08,4.967913338792e-02
1.425000000000e-08,5.476899513868e-02
1.426250000000e-08,5.979959740628e-02
1.427500000000e-08,6.476774969639e-02
1.428750000000e-08,6.967032351054e-02
1.430000000000e-08,7.450425424887e-02
1.431250000000e-08,7.926654304882e-02
1.432500000000e-08,8.395425855862e-02
1.433750000000e-08,8.856453864480e-02
1.435000000000e-08,9.309459203278e-02
1.436250000000e-08,9.754169987981e-02
1.437500000000e-08,1.019032172795e-01
1.438750000000e-08,1.061765746973e-01
1.440000000000e-08,1.103592793366e-01
1.441250000000e-08,1.144489164345e-01
1.442500000000e-08,1.184431504873e-01
1.443750000000e-08,1.223397264047e-01
1.445000000000e-08,1.261364705935e-01
1.446250000000e-08,1.298312919695e-01
1.447500000000e-08,1.334221828980e-01
1.448750000000e-08,1.369072200622e-01
1.450000000000e-08,1.402845652613e-01
1.451250000000e-08,1.435524661353e-01
1.452500000000e-08,1.467092568198e-01
1.453750000000e-08,1.497533585285e-01
1.455000000000e-08,1.526832800652e-01
1.456250000000e-08,1.554976182651e-01
1.457500000000e-08,1.581950583654e-01
1.458750000000e-08,1.607743743060e-01
1.460000000000e-08,1.632344289611e-01
1.461250000000e-08,1.655741743014e-01
1.462500000000e-08,1.677926514884e-01
1.463750000000e-08,1.698889909007e-01
1.465000000000e-08,1.718624120936e-01
1.466250000000e-08,1.737122236923e-01
1.467500000000e-08,1.754378232198e-01
1.468750000000e-08,1.770386968603e-01
1.470000000000e-08,1.785144191592e-01
1.471250000000e-08,1.798646526596e-01
1.472500000000e-08,1.810891474786e-01
1.473750000000e-08,1.821877408211e-01
1.475000000000e-08,1.831603564360e-01
1.476250000000e-08,1.840070040124e-01
1.477500000000e-08,1.847277785196e-01
1.478750000000e-08,1.853228594905e-01
1.480000000000e-08,1.857925102502e-01
1.481250000000e-08,1.861370770913e-01
1.482500000000e-08,1.863569883965e-01
1.483750000000e-08,1.864527537109e-01
1.485000000000e-08,1.864249627639e-01
1.486250000000e-08,1.862742844437e-01
1.487500000000e-08,1.860014657240e-01
1.488750000000e-08,1.856073305461e-01
1.490000000000e-08,1.850927786569e-01
1.491250000000e-08,1.844587844038e-01
1.492500000000e-08,1.837063954891e-01
1.493750000000e-08,1.828367316850e-01
1.495000000000e-08,1.818509835095e-01
1.496250000000e-08,1.807504108671e-01
1.497500000000e-08,1.795363416535e-01
1.498750000000e-08,1.782101703272e-01
1.500000000000e-08,1.767733564486e-01
1.501250000000e-08,1.752274231894e-01
1.502500000000e-08,1.735739558127e-01
1.503750000000e-08,1.718146001251e-01
1.505000000000e-08,1.699510609044e-01
1.506250000000e-08,1.679851003012e-01
1.507500000000e-08,1.659185362193e-01
1.508750000000e-08,1.637532406734e-01
1.510000000000e-08,1.614911381282e-01
1.511250000000e-08,1.591342038186e-01
1.512500000000e-08,1.566844620531e-01
1.513750000000e-08,1.541439845020e-01
1.515000000000e-08,1.515148884720e-01
1.516250000000e-08,1.487993351679e-01
1.517500000000e-08,1.459995279437e-01
1.518750000000e-08,1.431177105443e-01
1.520000000000e-08,1.401561653385e-01
1.521250000000e-08,1.371172115457e-01
1.522500000000e-08,1.340032034571e-01
1.523750000000e-08,1.308165286530e-01
1.525000000000e-08,1.275596062166e-01
1.526250000000e-08,1.242348849474e-01
1.527500000000e-08,1.208448415738e-01
1.528750000000e-08,1.173919789667e-01
1.530000000000e-08,1.138788243558e-01
1.531250000000e-08,1.103079275488e-01
1.532500000000e-08,1.066818591557e-01
1.533750000000e-08,1.030032088187e-01
1.535000000000e-08,9.927458344883e-02
1.536250000000e-08,9.549860547067e-02
1.537500000000e-08,9.167791107612e-02
1.538750000000e-08,8.781514848801e-02
1.540000000000e-08,8.391297623482e-02
1.541250000000e-08,7.997406143732e-02
1.542500000000e-08,7.600107810811e-02
1.543750000000e-08,7.199670546498e-02
1.545000000000e-08,6.796362625882e-02
1.546250000000e-08,6.390452511709e-02
1.547500000000e-08,5.982208690360e-02
1.548750000000e-08,5.571899509523e-02
1.550000000000e-08,5.159793017661e-02
1.551250000000e-08,4.746156805314e-02
1.552500000000e-08,4.331257848335e-02
1.553750000000e-08,3.915362353099e-02
1.555000000000e-08,3.498735603763e-02
1.556250000000e-08,3.081641811630e-02
1.557500000000e-08,2.664343966667e-02
1.558750000000e-08,2.247103691247e-02
1.560000000000e-08,1.830181096140e-02
1.561250000000e-08,1.413834638828e-02
1.562500000000e-08,9.983209841618e-03
1.563750000000e-08,5.838948674192e-03
1.565000000000e-08,1.708089597971e-03
1.566250000000e-08,-2.406862636284e-03
1.567500000000e-08,-6.503426534382e-03
1.568750000000e-08,-1.057914512872e-02
1.570000000000e-08,-1.463158722267e-02
1.571250000000e-08,-1.865834860911e-02
1.572500000000e-08,-2.265705326281e-02
1.573750000000e-08,-2.662535450651e-02
1.575000000000e-08,-3.056093615047e-02
1.576250000000e-08,-3.446151360535e-02
1.577500000000e-08,-3.832483496823e-02
1.578750000000e-08,-4.214868208169e-02
1.580000000000e-08,-4.593087156584e-02
1.581250000000e-08,-4.966925582316e-02
1.582500000000e-08,-5.336172401612e-02
1.583750000000e-08,-5.700620301755e-02
1.585000000000e-08,-6.060065833365e-02
1.586250000000e-08,-6.414309499967e-02
1.587500000000e-08,-6.763155844826e-02
1.588750000000e-08,-7.106413535044e-02
1.590000000000e-08,-7.443895442927e-02
1.591250000000e-08,-7.775418724620e-02
1.592500000000e-08,-8.100804896021e-02
1.593750000000e-08,-8.419879905967e-02
1.595000000000e-08,-8.732474206712e-02
1.596250000000e-08,-9.038422821701e-02
1.597500000000e-08,-9.337565410634e-02
1.598750000000e-08,-9.629746331852e-02
1.600000000000e-08,-9.914814702035e-02
1.601250000000e-08,-1.019262445323e-01
1.602500000000e-08,-1.046303438723e-01
1.603750000000e-08,-1.072590822727e-01
1.605000000000e-08,-1.098111466714e-01
1.606250000000e-08,-1.122852741763e-01
1.607500000000e-08,-1.146802525037e-01
1.608750000000e-08,-1.169949203908e-01
1.610000000000e-08,-1.192281679820e-01
1.611250000000e-08,-1.213789371902e-01
1.612500000000e-08,-1.234462220315e-01
1.613750000000e-08,-1.254290689349e-01
1.615000000000e-08,-1.273265770269e-01
1.616250000000e-08,-1.291378983900e-01
1.617500000000e-08,-1.308622382973e-01
1.618750000000e-08,-1.324988554207e-01
1.620000000000e-08,-1.340470620154e-01
1.621250000000e-08,-1.355062240789e-01
1.622500000000e-08,-1.368757614861e-01
1.623750000000e-08,-1.381551480987e-01
1.625000000000e-08,-1.393439118518e-01
1.626250000000e-08,-1.404416348146e-01
1.627500000000e-08,-1.414479532278e-01
1.628750000000e-08,-1.423625575174e-01
1.630000000000e-08,-1.431851922828e-01
1.631250000000e-08,-1.439156562630e-01
1.632500000000e-08,-1.445538022778e-01
1.633750000000e-08,-1.450995371456e-01
1.635000000000e-08,-1.455528215775e-01
1.636250000000e-08,-1.459136700482e-01
1.637500000000e-08,-1.461821506432e-01
1.638750000000e-08,-1.463583848826e-01
1.640000000000e-08,-1.464425475216e-01
1.641250000000e-08,-1.464348663281e-01
1.642500000000e-08,-1.463356218370e-01
1.643750000000e-08,-1.461451470809e-01
1.645000000000e-08,-1.458638272986e-01
1.646250000000e-08,-1.454920996206e-01
1.647500000000e-08,-1.450304527306e-01
1.648750000000e-08,-1.444794265058e-01
1.650000000000e-08,-1.438396116334e-01
1.651250000000e-08,-1.431116492045e-01
1.652500000000e-08,-1.422962302859e-01
1.653750000000e-08,-1.413940954685e-01
1.655000000000e-08,-1.404060343945e-01
1.656250000000e-08,-1.393328852603e-01
1.657500000000e-08,-1.381755342990e-01
1.658750000000e-08,-1.369349152395e-01
1.660000000000e-08,-1.356120087431e-01
1.661250000000e-08,-1.342078418193e-01
1.662500000000e-08,-1.327234872178e-01
1.663750000000e-08,-1.311600628003e-01
1.665000000000e-08,-1.295187308890e-01
1.666250000000e-08,-1.278006975941e-01
1.667500000000e-08,-1.260072121195e-01
1.668750000000e-08,-1.241395660466e-01
1.670000000000e-08,-1.221990925974e-01
1.671250000000e-08,-1.201871658753e-01
1.672500000000e-08,-1.181052000856e-01
1.673750000000e-08,-1.159546487347e-01
1.675000000000e-08,-1.137370038080e-01
1.676250000000e-08,-1.114537949279e-01
1.677500000000e-08,-1.091065884905e-01
1.678750000000e-08,-1.066969867826e-01
1.680000000000e-08,-1.042266270780e-01
1.681250000000e-08,-1.016971807146e-01
1.682500000000e-08,-9.911035215087e-02
1.683750000000e-08,-9.646787800385e-02
1.685000000000e-08,-9.377152606725e-02
1.686250000000e-08,-9.102309431102e-02
1.687500000000e-08,-8.822440986213e-02
1.688750000000e-08,-8.537732796709e-02
1.690000000000e-08,-8.248373093642e-02
1.691250000000e-08,-7.954552707149e-02
1.692500000000e-08,-7.656464957400e-02
1.693750000000e-08,-7.354305543852e-02
1.695000000000e-08,-7.048272432853e-02
1.696250000000e-08,-6.738565743618e-02
1.697500000000e-08,-6.425387632639e-02
1.698750000000e-08,-6.108942176570e-02
1.700000000000e-08,-5.789435253614e-02
1.701250000000e-08,-5.467074423492e-02
1.702500000000e-08,-5.142068806010e-02
1.703750000000e-08,-4.814628958306e-02
1.705000000000e-08,-4.484966750805e-02
1.706250000000e-08,-4.153295241958e-02
1.707500000000e-08,-3.819828551806e-02
1.708750000000e-08,-3.484781734442e-02
1.710000000000e-08,-3.148370649425e-02
1.711250000000e-08,-2.810811832209e-02
1.712500000000e-08,-2.472322363653e-02
1.713750000000e-08,-2.133119738688e-02
1.715000000000e-08,-1.793421734187e-02
1.716250000000e-08,-1.453446276142e-02
1.717500000000e-08,-1.113411306186e-02
1.718750000000e-08,-7.735346475644e-03
1.720000000000e-08,-4.340338706075e-03
1.721250000000e-08,-9.512615780224e-04
1.722500000000e-08,2.429718314722e-03
1.723750000000e-08,5.800440964545e-03
1.725000000000e-08,9.158754306784e-03
1.726250000000e-08,1.250251557731e-02
1.727500000000e-08,1.582959267005e-02
1.728750000000e-08,1.913786549365e-02
1.730000000000e-08,2.242522732621e-02
1.731250000000e-08,2.568958616745e-02
1.732500000000e-08,2.892886608716e-02
1.733750000000e-08,3.214100856914e-02
1.735000000000e-08,3.532397384964e-02
1.736250000000e-08,3.847574224939e-02
1.737500000000e-08,4.159431549823e-02
1.738750000000e-08,4.467771805141e-02
1.740000000000e-08,4.772399839654e-02
1.741250000000e-08,5.073123035026e-02
1.742500000000e-08,5.369751434365e-02
1.743750000000e-08,5.662097869532e-02
1.745000000000e-08,5.949978087128e-02
1.746250000000e-08,6.233210873051e-02
1.747500000000e-08,6.511618175531e-02
1.748750000000e-08,6.785025226537e-02
1.750000000000e-08,7.053260661459e-02
1.751250000000e-08,7.316156636967e-02
1.752500000000e-08,7.573548946938e-02
1.753750000000e-08,7.825277136371e-02
1.755000000000e-08,8.071184613169e-02
1.756250000000e-08,8.311118757708e-02
1.757500000000e-08,8.544931030080e-02
1.758750000000e-08,8.772477074932e-02
1.760000000000e-08,8.993616823785e-02
1.761250000000e-08,9.208214594755e-02
1.762500000000e-08,9.416139189575e-02
1.763750000000e-08,9.617263987819e-02
1.765000000000e-08,9.811467038259e-02
1.766250000000e-08,9.998631147237e-02
1.767500000000e-08,1.017864396399e-01
1.768750000000e-08,1.035139806281e-01
1.770000000000e-08,1.051679102204e-01
1.771250000000e-08,1.067472549963e-01
1.772500000000e-08,1.082510930546e-01
1.773750000000e-08,1.096785547008e-01
1.775000000000e-08,1.110288230996e-01
1.776250000000e-08,1.123011348908e-01
1.777500000000e-08,1.134947807690e-01
1.778750000000e-08,1.146091060250e-01
1.780000000000e-08,1.156435110495e-01
1.781250000000e-08,1.165974517977e-01
1.782500000000e-08,1.174704402144e-01
1.783750000000e-08,1.182620446198e-01
1.785000000000e-08,1.189718900534e-01
1.786250000000e-08,1.195996585784e-01
1.787500000000e-08,1.201450895435e-01
1.788750000000e-08,1.206079798031e-01
1.790000000000e-08,1.209881838955e-01
1.791250000000e-08,1.212856141776e-01
1.792500000000e-08,1.215002409175e-01
1.793750000000e-08,1.216320923429e-01
1.795000000000e-08,1.216812546467e-01
1.796250000000e-08,1.216478719481e-01
1.797500000000e-08,1.215321462101e-01
1.798750000000e-08,1.213343371127e-01
1.800000000000e-08,1.210547618821e-01
1.801250000000e-08,1.206937950755e-01
1.802500000000e-08,1.202518683212e-01
1.803750000000e-08,1.197294700151e-01
1.805000000000e-08,1.191271449726e-01
1.806250000000e-08,1.184454940362e-01
1.807500000000e-08,1.176851736395e-01
1.808750000000e-08,1.168468953272e-01
1.810000000000e-08,1.159314252315e-01
1.811250000000e-08,1.149395835053e-01
1.812500000000e-08,1.138722437125e-01
1.813750000000e-08,1.127303321752e-01
1.815000000000e-08,1.115148272796e-01
1.816250000000e-08,1.102267587388e-01
1.817500000000e-08,1.088672068159e-01
1.818750000000e-08,1.074373015045e-01
1.820000000000e-08,1.059382216706e-01
1.821250000000e-08,1.043711941539e-01
1.822500000000e-08,1.027374928302e-01
1.823750000000e-08,1.010384376361e-01
1.825000000000e-08,9.927539355527e-02
1.826250000000e-08,9.744976956877e-02
1.827500000000e-08,9.556301756853e-02
1.828750000000e-08,9.361663123625e-02
1.830000000000e-08,9.161214488776e-02
1.831250000000e-08,8.955113228400e-02
1.832500000000e-08,8.743520540956e-02
1.833750000000e-08,8.526601321976e-02
1.835000000000e-08,8.304524035733e-02
1.836250000000e-08,8.077460583954e-02
1.837500000000e-08,7.845586171719e-02
1.838750000000e-08,7.609079170624e-02
1.840000000000e-08,7.368120979346e-02
1.841250000000e-08,7.122895881709e-02
1.842500000000e-08,6.873590902389e-02
1.843750000000e-08,6.620395660360e-02
1.845000000000e-08,6.363502220225e-02
1.846250000000e-08,6.103104941546e-02
1.847500000000e-08,5.839400326309e-02
1.848750000000e-08,5.572586864647e-02
1.850000000000e-08,5.302864878977e-02
1.851250000000e-08,5.030436366651e-02
1.852500000000e-08,4.755504841294e-02
1.853750000000e-08,4.478275172945e-02
1.855000000000e-08,4.198953427147e-02
1.856250000000e-08,3.917746703138e-02
1.857500000000e-08,3.634862971263e-02
1.858750000000e-08,3.350510909779e-02
1.860000000000e-08,3.064899741175e-02
1.861250000000e-08,2.778239068162e-02
1.862500000000e-08,2.490738709480e-02
1.863750000000e-08,2.202608535667e-02
1.865000000000e-08,1.914058304931e-02
1.866250000000e-08,1.625297499284e-02
1.867500000000e-08,1.336535161068e-02
1.868750000000e-08,1.047979730040e-02
1.870000000000e-08,7.598388811405e-03
1.871250000000e-08,4.723193631057e-03
1.872500000000e-08,1.856268380654e-03
1.873750000000e-08,-1.000342777350e-03
1.875000000000e-08,-3.844609719386e-03
1.876250000000e-08,-6.674517926703e-03
1.877500000000e-08,-9.488070035761e-03
1.878750000000e-08,-1.228328737170e-02
1.880000000000e-08,-1.505821146353e-02
1.881250000000e-08,-1.781090553965e-02
1.882500000000e-08,-2.053945600241e-02
1.883750000000e-08,-2.324197388030e-02
1.885000000000e-08,-2.591659625668e-02
1.886250000000e-08,-2.856148767347e-02
1.887500000000e-08,-3.117484150887e-02
1.888750000000e-08,-3.375488132768e-02
1.890000000000e-08,-3.629986220307e-02
1.891250000000e-08,-3.880807200878e-02
1.892500000000e-08,-4.127783268036e-02
1.893750000000e-08,-4.370750144456e-02
1.895000000000e-08,-4.609547201577e-02
1.896250000000e-08,-4.844017575832e-02
1.897500000000e-08,-5.074008281389e-02
1.898750000000e-08,-5.299370319283e-02
1.900000000000e-08,-5.519958782858e-02
1.901250000000e-08,-5.735632959434e-02
1.902500000000e-08,-5.946256428102e-02
1.903750000000e-08,-6.151697153573e-02
1.905000000000e-08,-6.351827576007e-02
1.906250000000e-08,-6.546524696739e-02
1.907500000000e-08,-6.735670159845e-02
1.908750000000e-08,-6.919150329472e-02
1.910000000000e-08,-7.096856362886e-02
1.911250000000e-08,-7.268684279164e-02
1.912500000000e-08,-7.434535023496e-02
1.913750000000e-08,-7.594314527040e-02
1.915000000000e-08,-7.747933762294e-02
1.916250000000e-08,-7.895308793941e-02
1.917500000000e-08,-8.036360825136e-02
1.918750000000e-08,-8.171016239215e-02
1.920000000000e-08,-8.299206636789e-02
1.921250000000e-08,-8.420868868213e-02
1.922500000000e-08,-8.535945061413e-02
1.923750000000e-08,-8.644382645063e-02
1.925000000000e-08,-8.746134367105e-02
1.926250000000e-08,-8.841158308614e-02
1.927500000000e-08,-8.929417893006e-02
1.928750000000e-08,-9.010881890617e-02
1.930000000000e-08,-9.085524418638e-02
1.931250000000e-08,-9.153324936454e-02
1.932500000000e-08,-9.214268236384e-02
1.933750000000e-08,-9.268344429877e-02
1.935000000000e-08,-9.315548929165e-02
1.936250000000e-08,-9.355882424441e-02
1.937500000000e-08,-9.389350856579e-02
1.938750000000e-08,-9.415965385455e-02
1.940000000000e-08,-9.435742353912e-02
1.941250000000e-08,-9.448703247427e-02
1.942500000000e-08,-9.454874649538e-02
1.943750000000e-08,-9.454288193089e-02
1.945000000000e-08,-9.446980507362e-02
1.946250000000e-08,-9.432993161168e-02
1.947500000000e-08,-9.412372601970e-02
1.948750000000e-08,-9.385170091106e-02
1.950000000000e-08,-9.351441635216e-02
1.951250000000e-08,-9.311247913926e-02
1.952500000000e-08,-9.264654203909e-02
1.953750000000e-08,-9.211730299392e-02
1.955000000000e-08,-9.152550429210e-02
1.956250000000e-08,-9.087193170510e-02
1.957500000000e-08,-9.015741359200e-02
1.958750000000e-08,-8.938281997240e-02
1.960000000000e-08,-8.854906156902e-02
1.961250000000e-08,-8.765708882079e-02
1.962500000000e-08,-8.670789086779e-02
1.963750000000e-08,-8.570249450900e-02
1.965000000000e-08,-8.464196313411e-02
1.966250000000e-08,-8.352739563053e-02
1.967500000000e-08,-8.235992526678e-02
1.968750000000e-08,-8.114071855348e-02
1.970000000000e-08,-7.987097408316e-02
1.971250000000e-08,-7.855192135016e-02
1.972500000000e-08,-7.718481955179e-02
1.973750000000e-08,-7.577095637213e-02
1.975000000000e-08,-7.431164674961e-02
1.976250000000e-08,-7.280823162972e-02
1.977500000000e-08,-7.126207670423e-02
1.978750000000e-08,-6.967457113795e-02
1.980000000000e-08,-6.804712628464e-02
1.981250000000e-08,-6.638117439312e-02
1.982500000000e-08,-6.467816730500e-02
1.983750000000e-08,-6.293957514535e-02
1.985000000000e-08,-6.116688500749e-02
1.986250000000e-08,-5.936159963329e-02
1.987500000000e-08,-5.752523609027e-02
1.988750000000e-08,-5.565932444668e-02
1.990000000000e-08,-5.376540644599e-02
1.991250000000e-08,-5.184503418187e-02
1.992500000000e-08,-4.989976877513e-02
1.993750000000e-08,-4.793117905359e-02
1.995000000000e-08,-4.594084023640e-02
1.996250000000e-08,-4.393033262382e-02
1.997500000000e-08,-4.190124029369e-02
1.998750000000e-08,-3.985514980584e-02
2.000000000000e-08,-3.779364891560e-02
2.001250000000e-08,-3.571832529739e-02
2.002500000000e-08,-3.363076527978e-02
2.003750000000e-08,-3.153255259288e-02
2.005000000000e-08,-2.942526712923e-02
2.006250000000e-08,-2.731048371932e-02
2.007500000000e-08,-2.518977092263e-02
2.008750000000e-08,-2.306468983525e-02
2.010000000000e-08,-2.093679291510e-02
2.011250000000e-08,-1.880762282561e-02
2.012500000000e-08,-1.667871129885e-02
2.013750000000e-08,-1.455157801899e-02
2.015000000000e-08,-1.242772952689e-02
2.016250000000e-08,-1.030865814671e-02
2.017500000000e-08,-8.195840935287e-03
2.018750000000e-08,-6.090738655153e-03
2.020000000000e-08,-3.994794771728e-03
2.021250000000e-08,-1.909434475576e-03
2.022500000000e-08,1.639362697178e-04
2.023750000000e-08,2.223931653391e-03
2.025000000000e-08,4.269186916474e-03
2.026250000000e-08,6.298359223331e-03
2.027500000000e-08,8.310128505250e-03
2.028750000000e-08,1.030319827559e-02
2.030000000000e-08,1.227629641605e-02
2.031250000000e-08,1.422817593359e-02
2.032500000000e-08,1.615761568773e-02
2.033750000000e-08,1.806342108777e-02
2.035000000000e-08,1.994442475970e-02
2.036250000000e-08,2.179948718248e-02
2.037500000000e-08,2.362749729351e-02
2.038750000000e-08,2.542737306305e-02
2.040000000000e-08,2.719806203744e-02
2.041250000000e-08,2.893854185103e-02
2.042500000000e-08,3.064782070660e-02
2.043750000000e-08,3.232493782445e-02
2.045000000000e-08,3.396896385988e-02
2.046250000000e-08,3.557900128927e-02
2.047500000000e-08,3.715418476469e-02
2.048750000000e-08,3.869368143718e-02
2.050000000000e-08,4.019669124881e-02
2.051250000000e-08,4.166244719365e-02
2.052500000000e-08,4.309021554783e-02
2.053750000000e-08,4.447929606893e-02
2.055000000000e-08,4.582902216489e-02
2.056250000000e-08,4.713876103276e-02
2.057500000000e-08,4.840791376756e-02
2.058750000000e-08,4.963591544166e-02
2.060000000000e-08,5.082223515483e-02
2.061250000000e-08,5.196637605563e-02
2.062500000000e-08,5.306787533432e-02
2.063750000000e-08,5.412630418783e-02
2.065000000000e-08,5.514126775725e-02
2.066250000000e-08,5.611240503827e-02
2.067500000000e-08,5.703938876514e-02
2.068750000000e-08,5.792192526863e-02
2.070000000000e-08,5.875975430857e-02
2.071250000000e-08,5.955264888151e-02
2.072500000000e-08,6.030041500409e-02
2.073750000000e-08,6.100289147279e-02
2.075000000000e-08,6.165994960056e-02
2.076250000000e-08,6.227149293104e-02
2.077500000000e-08,6.283745693108e-02
2.078750000000e-08,6.335780866203e-02
2.080000000000e-08,6.383254643075e-02
2.081250000000e-08,6.426169942074e-02
2.082500000000e-08,6.464532730432e-02
2.083750000000e-08,6.498351983644e-02
2.085000000000e-08,6.527639643085e-02
2.086250000000e-08,6.552410571943e-02
2.087500000000e-08,6.572682509524e-02
2.088750000000e-08,6.588476024025e-02
2.090000000000e-08,6.599814463827e-02
2.091250000000e-08,6.606723907399e-02
2.092500000000e-08,6.609233111871e-02
2.093750000000e-08,6.607373460365e-02
2.095000000000e-08,6.601178908152e-02
2.096250000000e-08,6.590685927700e-02
2.097500000000e-08,6.575933452710e-02
2.098750000000e-08,6.556962821179e-02
2.100000000000e-08,6.533817717603e-02
2.101250000000e-08,6.506544114355e-02
2.102500000000e-08,6.475190212338e-02
2.103750000000e-08,6.439806380966e-02
2.105000000000e-08,6.400445097553e-02
2.106250000000e-08,6.357160886174e-02
2.107500000000e-08,6.310010256076e-02
2.108750000000e-08,6.259051639686e-02
2.110000000000e-08,6.204345330311e-02
2.111250000000e-08,6.145953419568e-02
2.112500000000e-08,6.083939734623e-02
2.113750000000e-08,6.018369775304e-02
2.115000000000e-08,5.949310651134e-02
2.116250000000e-08,5.876831018360e-02
2.117500000000e-08,5.801001017023e-02
2.118750000000e-08,5.721892208141e-02
2.120000000000e-08,5.639577511041e-02
2.121250000000e-08,5.554131140910e-02
2.122500000000e-08,5.465628546607e-02
2.123750000000e-08,5.374146348788e-02
2.125000000000e-08,5.279762278396e-02
2.126250000000e-08,5.182555115557e-02
2.127500000000e-08,5.082604628927e-02
2.128750000000e-08,4.979991515537e-02
2.130000000000e-08,4.874797341174e-02
2.131250000000e-08,4.767104481331e-02
2.132500000000e-08,4.656996062777e-02
2.133750000000e-08,4.544555905762e-02
2.135000000000e-08,4.429868466912e-02
2.136250000000e-08,4.313018782823e-02
2.137500000000e-08,4.194092414403e-02
2.138750000000e-08,4.073175391968e-02
2.140000000000e-08,3.950354161144e-02
2.141250000000e-08,3.825715529561e-02
2.142500000000e-08,3.699346614403e-02
2.143750000000e-08,3.571334790794e-02
2.145000000000e-08,3.441767641062e-02
2.146250000000e-08,3.310732904887e-02
2.147500000000e-08,3.178318430347e-02
2.148750000000e-08,3.044612125875e-02
2.150000000000e-08,2.909701913132e-02
2.151250000000e-08,2.773675680812e-02
2.152500000000e-08,2.636621239379e-02
2.153750000000e-08,2.498626276737e-02
2.155000000000e-08,2.359778314847e-02
2.156250000000e-08,2.220164667282e-02
2.157500000000e-08,2.079872397722e-02
2.158750000000e-08,1.938988279388e-02
2.160000000000e-08,1.797598755411e-02
2.161250000000e-08,1.655789900132e-02
2.162500000000e-08,1.513647381318e-02
2.163750000000e-08,1.371256423308e-02
2.165000000000e-08,1.228701771045e-02
2.166250000000e-08,1.086067655021e-02
2.167500000000e-08,9.434377570981e-03
2.168750000000e-08,8.008951771999e-03
2.170000000000e-08,6.585224008642e-03
2.171250000000e-08,5.164012676373e-03
2.172500000000e-08,3.746129402951e-03
2.173750000000e-08,2.332378748763e-03
2.175000000000e-08,9.235579150823e-04
2.176250000000e-08,-4.795435399015e-04
2.177500000000e-08,-1.876143977492e-03
2.178750000000e-08,-3.265469947504e-03
2.180000000000e-08,-4.646756450105e-03
2.181250000000e-08,-6.019247190666e-03
2.182500000000e-08,-7.382194827830e-03
2.183750000000e-08,-8.734861215020e-03
2.185000000000e-08,-1.007651763557e-02
2.186250000000e-08,-1.140644503172e-02
2.187500000000e-08,-1.272393422766e-02
2.188750000000e-08,-1.402828614683e-02
2.190000000000e-08,-1.531881202377e-02
2.191250000000e-08,-1.659483361059e-02
2.192500000000e-08,-1.785568337841e-02
2.193750000000e-08,-1.910070471387e-02
2.195000000000e-08,-2.032925211095e-02
2.196250000000e-08,-2.154069135842e-02
2.197500000000e-08,-2.273439972281e-02
2.198750000000e-08,-2.390976612751e-02
2.200000000000e-08,-2.506619132776e-02
2.201250000000e-08,-2.620308808211e-02
2.202500000000e-08,-2.731988132015e-02
2.203750000000e-08,-2.841600830700e-02
2.205000000000e-08,-2.949091880451e-02
2.206250000000e-08,-3.054407522942e-02
2.207500000000e-08,-3.157495280858e-02
2.208750000000e-08,-3.258303973139e-02
2.210000000000e-08,-3.356783729959e-02
2.211250000000e-08,-3.452886007453e-02
2.212500000000e-08,-3.546563602194e-02
2.213750000000e-08,-3.637770665447e-02
2.215000000000e-08,-3.726462717188e-02
2.216250000000e-08,-3.812596659910e-02
2.217500000000e-08,-3.896130792225e-02
2.218750000000e-08,-3.977024822252e-02
2.220000000000e-08,-4.055239880809e-02
2.221250000000e-08,-4.130738534410e-02
2.222500000000e-08,-4.203484798062e-02
2.223750000000e-08,-4.273444147875e-02
2.225000000000e-08,-4.340583533470e-02
2.226250000000e-08,-4.404871390201e-02
2.227500000000e-08,-4.466277651169e-02
2.228750000000e-08,-4.524773759042e-02
2.230000000000e-08,-4.580332677665e-02
2.231250000000e-08,-4.632928903459e-02
2.232500000000e-08,-4.682538476598e-02
2.233750000000e-08,-4.729138991961e-02
2.235000000000e-08,-4.772709609842e-02
2.236250000000e-08,-4.813231066415e-02
2.237500000000e-08,-4.850685683943e-02
2.238750000000e-08,-4.885057380700e-02
2.240000000000e-08,-4.916331680626e-02
2.241250000000e-08,-4.944495722664e-02
2.242500000000e-08,-4.969538269793e-02
2.243750000000e-08,-4.991449717714e-02
2.245000000000e-08,-5.010222103199e-02
2.246250000000e-08,-5.025849112056e-02
2.247500000000e-08,-5.038326086716e-02
2.248750000000e-08,-5.047650033406e-02
2.250000000000e-08,-5.053819628888e-02
2.251250000000e-08,-5.056835226753e-02
2.252500000000e-08,-5.056698863234e-02
2.253750000000e-08,-5.053414262531e-02
2.255000000000e-08,-5.046986841604e-02
2.256250000000e-08,-5.037423714429e-02
2.257500000000e-08,-5.024733695683e-02
2.258750000000e-08,-5.008927303839e-02
2.260000000000e-08,-4.990016763635e-02
2.261250000000e-08,-4.968016007906e-02
2.262500000000e-08,-4.942940678738e-02
2.263750000000e-08,-4.914808127942e-02
2.265000000000e-08,-4.883637416786e-02
2.266250000000e-08,-4.849449314997e-02
2.267500000000e-08,-4.812266298983e-02
2.268750000000e-08,-4.772112549254e-02
2.270000000000e-08,-4.729013947026e-02
2.271250000000e-08,-4.682998069969e-02
2.272500000000e-08,-4.634094187083e-02
2.273750000000e-08,-4.582333252672e-02
2.275000000000e-08,-4.527747899403e-02
2.276250000000e-08,-4.470372430405e-02
2.277500000000e-08,-4.410242810407e-02
2.278750000000e-08,-4.347396655876e-02
2.280000000000e-08,-4.281873224150e-02
2.281250000000e-08,-4.213713401518e-02
2.282500000000e-08,-4.142959690264e-02
2.283750000000e-08,-4.069656194611e-02
2.285000000000e-08,-3.993848605591e-02
2.286250000000e-08,-3.915584184792e-02
2.287500000000e-08,-3.834911746972e-02
2.288750000000e-08,-3.751881641537e-02
2.290000000000e-08,-3.666545732855e-02
2.291250000000e-08,-3.578957379397e-02
2.292500000000e-08,-3.489171411694e-02
2.293750000000e-08,-3.397244109098e-02
2.295000000000e-08,-3.303233175342e-02
2.296250000000e-08,-3.207197712884e-02
2.297500000000e-08,-3.109198196030e-02
2.298750000000e-08,-3.009296442843e-02
2.300000000000e-08,-2.907555585811e-02
2.301250000000e-08,-2.804040041296e-02
2.302500000000e-08,-2.698815477750e-02
2.303750000000e-08,-2.591948782702e-02
2.305000000000e-08,-2.483508028520e-02
2.306250000000e-08,-2.373562436955e-02
2.307500000000e-08,-2.262182342464e-02
2.308750000000e-08,-2.149439154338e-02
2.310000000000e-08,-2.035405317618e-02
2.311250000000e-08,-1.920154272842e-02
2.312500000000e-08,-1.803760414611e-02
2.313750000000e-08,-1.686299049001e-02
2.315000000000e-08,-1.567846349834e-02
2.316250000000e-08,-1.448479313833e-02
2.317500000000e-08,-1.328275714673e-02
2.318750000000e-08,-1.207314055956e-02
2.320000000000e-08,-1.085673523130e-02
2.321250000000e-08,-9.634339343863e-03
2.322500000000e-08,-8.406756905483e-03
2.323750000000e-08,-7.174797239988e-03
2.325000000000e-08,-5.939274466631e-03
2.326250000000e-08,-4.701006970873e-03
2.327500000000e-08,-3.460816866458e-03
2.328750000000e-08,-2.219529449132e-03
2.330000000000e-08,-9.779726424031e-04
2.331250000000e-08,2.630235642765e-04
2.332500000000e-08,1.502627684487e-03
2.333750000000e-08,2.740007310542e-03
2.335000000000e-08,3.974329695483e-03
2.336250000000e-08,5.204762340894e-03
2.337500000000e-08,6.430473590076e-03
2.338750000000e-08,7.650633226091e-03
2.340000000000e-08,8.864413074170e-03
2.341250000000e-08,1.007098760798e-02
2.342500000000e-08,1.126953455923e-02
2.343750000000e-08,1.245923553004e-02
2.345000000000e-08,1.363927660761e-02
2.346250000000e-08,1.480884898053e-02
2.347500000000e-08,1.596714955623e-02
2.348750000000e-08,1.711338157896e-02
2.350000000000e-08,1.824675524778e-02
2.351250000000e-08,1.936648833381e-02
2.352500000000e-08,2.047180679638e-02
2.353750000000e-08,2.156194539719e-02
2.355000000000e-08,2.263614831216e-02
2.356250000000e-08,2.369366974009e-02
2.357500000000e-08,2.473377450770e-02
2.358750000000e-08,2.575573867031e-02
2.360000000000e-08,2.675885010761e-02
2.361250000000e-08,2.774240911384e-02
2.362500000000e-08,2.870572898174e-02
2.363750000000e-08,2.964813657975e-02
2.365000000000e-08,3.056897292167e-02
2.366250000000e-08,3.146759372825e-02
2.367500000000e-08,3.234336998013e-02
2.368750000000e-08,3.319568846137e-02
2.370000000000e-08,3.402395229308e-02
2.371250000000e-08,3.482758145650e-02
2.372500000000e-08,3.560601330489e-02
2.373750000000e-08,3.635870306366e-02
2.375000000000e-08,3.708512431818e-02
2.376250000000e-08,3.778476948866e-02
2.377500000000e-08,3.845715029146e-02
2.378750000000e-08,3.910179818639e-02
2.380000000000e-08,3.971826480939e-02
2.381250000000e-08,4.030612239003e-02
2.382500000000e-08,4.086496415332e-02
2.383750000000e-08,4.139440470532e-02
2.385000000000e-08,4.189408040209e-02
2.386250000000e-08,4.236364970137e-02
2.387500000000e-08,4.280279349670e-02
2.388750000000e-08,4.321121543335e-02
2.390000000000e-08,4.358864220575e-02
2.391250000000e-08,4.393482383594e-02
2.392500000000e-08,4.424953393268e-02
2.393750000000e-08,4.453256993074e-02
2.395000000000e-08,4.478375331022e-02
2.396250000000e-08,4.500292979524e-02
2.397500000000e-08,4.518996953206e-02
2.398750000000e-08,4.534476724594e-02
2.400000000000e-08,4.546724237681e-02
2.401250000000e-08,4.555733919322e-02
2.402500000000e-08,4.561502688456e-02
2.403750000000e-08,4.564029963114e-02
2.405000000000e-08,4.563317665212e-02
2.406250000000e-08,4.559370223098e-02
2.407500000000e-08,4.552194571852e-02
2.408750000000e-08,4.541800151319e-02
2.410000000000e-08,4.528198901870e-02
2.411250000000e-08,4.511405257882e-02
2.412500000000e-08,4.491436138937e-02
2.413750000000e-08,4.468310938737e-02
2.415000000000e-08,4.442051511733e-02
2.416250000000e-08,4.412682157482e-02
2.417500000000e-08,4.380229602723e-02
2.418750000000e-08,4.344722981196e-02
2.420000000000e-08,4.306193811208e-02
2.421250000000e-08,4.264675970960e-02
2.422500000000e-08,4.220205671658e-02
2.423750000000e-08,4.172821428418e-02
2.425000000000e-08,4.122564028995e-02
2.426250000000e-08,4.069476500361e-02
2.427500000000e-08,4.013604073148e-02
2.428750000000e-08,3.954994143999e-02
2.430000000000e-08,3.893696235856e-02
2.431250000000e-08,3.829761956210e-02
2.432500000000e-08,3.763244953361e-02
2.433750000000e-08,3.694200870724e-02
2.435000000000e-08,3.622687299221e-02
2.436250000000e-08,3.548763727801e-02
2.437500000000e-08,3.472491492144e-02
2.438750000000e-08,3.393933721580e-02
2.440000000000e-08,3.313155284294e-02
2.441250000000e-08,3.230222730853e-02
2.442500000000e-08,3.145204236119e-02
2.443750000000e-08,3.058169539598e-02
2.445000000000e-08,2.969189884291e-02
2.446250000000e-08,2.878337954100e-02
2.447500000000e-08,2.785687809856e-02
2.448750000000e-08,2.691314824034e-02
2.450000000000e-08,2.595295614206e-02
2.451250000000e-08,2.497707975328e-02
2.452500000000e-08,2.398630810894e-02
2.453750000000e-08,2.298144063058e-02
2.455000000000e-08,2.196328641771e-02
2.456250000000e-08,2.093266353024e-02
2.457500000000e-08,1.989039826258e-02
2.458750000000e-08,1.883732441018e-02
2.460000000000e-08,1.777428252934e-02
2.461250000000e-08,1.670211919090e-02
2.462500000000e-08,1.562168622878e-02
2.463750000000e-08,1.453383998392e-02
2.465000000000e-08,1.343944054465e-02
2.466250000000e-08,1.233935098404e-02
2.467500000000e-08,1.123443659518e-02
2.468750000000e-08,1.012556412514e-02
2.470000000000e-08,9.013601008352e-03
2.471250000000e-08,7.899414600356e-03
2.472500000000e-08,6.783871412502e-03
2.473750000000e-08,5.667836348584e-03
2.475000000000e-08,4.552171944106e-03
2.476250000000e-08,3.437737609004e-03
2.477500000000e-08,2.325388874594e-03
2.478750000000e-08,1.215976645551e-03
2.480000000000e-08,1.103464576705e-04
2.481250000000e-08,-9.906622577948e-04
2.482500000000e-08,-2.086216902474e-03
2.483750000000e-08,-3.175492431136e-03
2.485000000000e-08,-4.257672063116e-03
2.486250000000e-08,-5.331947984190e-03
2.487500000000e-08,-6.397522038157e-03
2.488750000000e-08,-7.453606407435e-03
2.490000000000e-08,-8.499424281963e-03
2.491250000000e-08,-9.534210515731e-03
2.492500000000e-08,-1.055721227027e-02
2.493750000000e-08,-1.156768964443e-02
2.495000000000e-08,-1.256491628988e-02
2.496250000000e-08,-1.354818001158e-02
2.497500000000e-08,-1.451678335274e-02
2.498750000000e-08,-1.547004416368e-02
2.500000000000e-08,-1.640729615394e-02
2.501250000000e-08,-1.732788942715e-02
2.502500000000e-08,-1.823119099818e-02
2.503750000000e-08,-1.911658529199e-02
2.505000000000e-08,-1.998347462372e-02
2.506250000000e-08,-2.083127965963e-02
2.507500000000e-08,-2.165943985838e-02
2.508750000000e-08,-2.246741389223e-02
2.510000000000e-08,-2.325468004785e-02
2.511250000000e-08,-2.402073660632e-02
2.512500000000e-08,-2.476510220201e-02
2.513750000000e-08,-2.548731615996e-02
2.515000000000e-08,-2.618693881160e-02
2.516250000000e-08,-2.686355178844e-02
2.517500000000e-08,-2.751675829349e-02
2.518750000000e-08,-2.814618335036e-02
2.520000000000e-08,-2.875147402957e-02
2.521250000000e-08,-2.933229965224e-02
2.522500000000e-08,-2.988835197080e-02
2.523750000000e-08,-3.041934532664e-02
2.525000000000e-08,-3.092501678483e-02
2.526250000000e-08,-3.140512624555e-02
2.527500000000e-08,-3.185945653242e-02
2.528750000000e-08,-3.228781345775e-02
2.530000000000e-08,-3.269002586459e-02
2.531250000000e-08,-3.306594564573e-02
2.532500000000e-08,-3.341544773980e-02
2.533750000000e-08,-3.373843010442e-02
2.535000000000e-08,-3.403481366671e-02
2.536250000000e-08,-3.430454225120e-02
2.537500000000e-08,-3.454758248537e-02
2.538750000000e-08,-3.476392368310e-02
2.540000000000e-08,-3.495357770610e-02
2.541250000000e-08,-3.511657880382e-02
2.542500000000e-08,-3.525298343193e-02
2.543750000000e-08,-3.536287004973e-02
2.545000000000e-08,-3.544633889695e-02
2.546250000000e-08,-3.550351175011e-02
2.547500000000e-08,-3.553453165895e-02
2.548750000000e-08,-3.553956266328e-02
2.550000000000e-08,-3.551878949072e-02
2.551250000000e-08,-3.547241723567e-02
2.552500000000e-08,-3.540067102015e-02
2.553750000000e-08,-3.530379563676e-02
2.555000000000e-08,-3.518205517452e-02
2.556250000000e-08,-3.503573262785e-02
2.557500000000e-08,-3.486512948947e-02
2.558750000000e-08,-3.467056532756e-02
2.560000000000e-08,-3.445237734790e-02
2.561250000000e-08,-3.421091994150e-02
2.562500000000e-08,-3.394656421832e-02
2.563750000000e-08,-3.365969752772e-02
2.565000000000e-08,-3.335072296624e-02
2.566250000000e-08,-3.302005887331e-02
2.567500000000e-08,-3.266813831562e-02
2.568750000000e-08,-3.229540856073e-02
2.570000000000e-08,-3.190233054057e-02
2.571250000000e-08,-3.148937830562e-02
2.572500000000e-08,-3.105703847023e-02
2.573750000000e-08,-3.060580965006e-02
2.575000000000e-08,-3.013620189197e-02
2.576250000000e-08,-2.964873609742e-02
2.577500000000e-08,-2.914394343978e-02
2.578750000000e-08,-2.862236477643e-02
2.580000000000e-08,-2.808455005625e-02
2.581250000000e-08,-2.753105772325e-02
2.582500000000e-08,-2.696245411706e-02
2.583750000000e-08,-2.637931287086e-02
2.585000000000e-08,-2.578221430766e-02
2.586250000000e-08,-2.517174483537e-02
2.587500000000e-08,-2.454849634158e-02
2.588750000000e-08,-2.391306558853e-02
2.590000000000e-08,-2.326605360919e-02
2.591250000000e-08,-2.260806510483e-02
2.592500000000e-08,-2.193970784503e-02
2.593750000000e-08,-2.126159207061e-02
2.595000000000e-08,-2.057432990016e-02
2.596250000000e-08,-1.987853474085e-02
2.597500000000e-08,-1.917482070418e-02
2.598750000000e-08,-1.846380202712e-02
2.600000000000e-08,-1.774609249952e-02
2.601250000000e-08,-1.702230489805e-02
2.602500000000e-08,-1.629305042760e-02
2.603750000000e-08,-1.555893817041e-02
2.605000000000e-08,-1.482057454369e-02
2.606250000000e-08,-1.407856276609e-02
2.607500000000e-08,-1.333350233376e-02
2.608750000000e-08,-1.258598850625e-02
2.610000000000e-08,-1.183661180296e-02
2.611250000000e-08,-1.108595751044e-02
2.612500000000e-08,-1.033460520115e-02
2.613750000000e-08,-9.583128263941e-03
2.615000000000e-08,-8.832093446844e-03
2.616250000000e-08,-8.082060412399e-03
2.617500000000e-08,-7.333581306037e-03
2.618750000000e-08,-6.587200337789e-03
2.620000000000e-08,-5.843453377682e-03
2.621250000000e-08,-5.102867565130e-03
2.622500000000e-08,-4.365960932628e-03
2.623750000000e-08,-3.633242044000e-03
2.625000000000e-08,-2.905209647464e-03
2.626250000000e-08,-2.182352343752e-03
2.627500000000e-08,-1.465148269466e-03
2.628750000000e-08,-7.540647958848e-04
2.630000000000e-08,-4.955824336812e-05
2.631250000000e-08,6.479263884945e-04
2.632500000000e-08,1.337955674869e-03
2.633750000000e-08,2.020108003701e-03
2.635000000000e-08,2.693973797694e-03
2.636250000000e-08,3.359155720201e-03
2.637500000000e-08,4.015268864984e-03
2.638750000000e-08,4.661940929830e-03
2.640000000000e-08,5.298812374040e-03
2.641250000000e-08,5.925536559818e-03
2.642500000000e-08,6.541779877613e-03
2.643750000000e-08,7.147221855476e-03
2.645000000000e-08,7.741555252542e-03
2.646250000000e-08,8.324486136735e-03
2.647500000000e-08,8.895733946833e-03
2.648750000000e-08,9.455031539046e-03
2.650000000000e-08,1.000212521827e-02
2.651250000000e-08,1.053677475423e-02
2.652500000000e-08,1.105875338266e-02
2.653750000000e-08,1.156784779182e-02
2.655000000000e-08,1.206385809455e-02
2.656250000000e-08,1.254659778613e-02
2.657500000000e-08,1.301589368815e-02
2.658750000000e-08,1.347158587887e-02
2.660000000000e-08,1.391352761011e-02
2.661250000000e-08,1.434158521123e-02
2.662500000000e-08,1.475563798038e-02
2.663750000000e-08,1.515557806343e-02
2.665000000000e-08,1.554131032090e-02
2.666250000000e-08,1.591275218335e-02
2.667500000000e-08,1.626983349547e-02
2.668750000000e-08,1.661249634935e-02
2.670000000000e-08,1.694069490739e-02
2.671250000000e-08,1.725439521508e-02
2.672500000000e-08,1.755357500428e-02
2.673750000000e-08,1.783822348725e-02
2.675000000000e-08,1.810834114199e-02
2.676250000000e-08,1.836393948926e-02
2.677500000000e-08,1.860504086175e-02
2.678750000000e-08,1.883167816585e-02
2.680000000000e-08,1.904389463645e-02
2.681250000000e-08,1.924174358533e-02
2.682500000000e-08,1.942528814341e-02
2.683750000000e-08,1.959460099750e-02
2.685000000000e-08,1.974976412200e-02
2.686250000000e-08,1.989086850583e-02
2.687500000000e-08,2.001801387532e-02
2.688750000000e-08,1.909402240925e-02
2.690000000000e-08,1.821475473515e-02
2.691250000000e-08,1.737806992555e-02
2.692500000000e-08,1.658192836787e-02
2.693750000000e-08,1.582438697071e-02
2.695000000000e-08,1.510338745401e-02
2.696250000000e-08,1.441718856789e-02
2.697500000000e-08,1.376413097099e-02
2.698750000000e-08,1.314263337778e-02
2.700000000000e-08,1.255099699177e-02
2.701250000000e-08,1.198780650440e-02
2.702500000000e-08,1.145171272084e-02
2.703750000000e-08,1.094142947114e-02
2.705000000000e-08,1.045556352456e-02
2.706250000000e-08,9.992964182059e-03
2.707500000000e-08,9.552534086831e-03
2.708750000000e-08,9.133226750636e-03
2.710000000000e-08,8.733903822133e-03
2.711250000000e-08,8.353628898645e-03
2.712500000000e-08,7.991508631929e-03
2.713750000000e-08,7.646690747251e-03
2.715000000000e-08,7.318247101508e-03
2.716250000000e-08,7.005414658459e-03
2.717500000000e-08,6.707465165462e-03
2.718750000000e-08,6.423703566271e-03
2.720000000000e-08,6.153373922610e-03
2.721250000000e-08,5.895853431975e-03
2.722500000000e-08,5.650547431434e-03
2.723750000000e-08,5.416888124647e-03
2.725000000000e-08,5.194260105483e-03
2.726250000000e-08,4.982154057711e-03
2.727500000000e-08,4.780083467618e-03
2.728750000000e-08,4.587583601727e-03
2.730000000000e-08,4.404153511975e-03
2.731250000000e-08,4.229375804180e-03
2.732500000000e-08,4.062851597473e-03
2.733750000000e-08,3.904199702119e-03
2.735000000000e-08,3.753012320210e-03
2.736250000000e-08,3.608946601251e-03
2.737500000000e-08,3.471674758252e-03
2.738750000000e-08,3.340883405375e-03
2.740000000000e-08,3.216240556390e-03
2.741250000000e-08,3.097463896862e-03
2.742500000000e-08,2.984283398407e-03
2.743750000000e-08,2.876440784150e-03
2.745000000000e-08,2.773665804055e-03
2.746250000000e-08,2.675725382666e-03
2.747500000000e-08,2.582396491944e-03
2.748750000000e-08,2.493465719035e-03
2.750000000000e-08,2.408713135992e-03
2.751250000000e-08,2.327945787983e-03
2.752500000000e-08,2.250978961078e-03
2.753750000000e-08,2.177635832024e-03
2.755000000000e-08,2.107737541629e-03
2.756250000000e-08,2.041123888870e-03
2.757500000000e-08,1.977641453982e-03
2.758750000000e-08,1.917143314054e-03
2.760000000000e-08,1.859484175206e-03
2.761250000000e-08,1.804530632284e-03
2.762500000000e-08,1.752154880484e-03
2.763750000000e-08,1.702234483857e-03
2.765000000000e-08,1.654651625761e-03
2.766250000000e-08,1.609294873102e-03
2.767500000000e-08,1.566057436462e-03
2.768750000000e-08,1.524836981176e-03
2.770000000000e-08,1.485538224101e-03
2.771250000000e-08,1.448067794183e-03
2.772500000000e-08,1.412336187933e-03
2.773750000000e-08,1.378257614806e-03
2.775000000000e-08,1.345755306729e-03
2.776250000000e-08,1.314750781592e-03
2.777500000000e-08,1.285168794285e-03
2.778750000000e-08,1.256937209748e-03
2.780000000000e-08,1.229994505063e-03
2.781250000000e-08,1.204274508796e-03
2.782500000000e-08,1.179713773377e-03
2.783750000000e-08,1.156251470495e-03
2.785000000000e-08,1.133838658309e-03
2.786250000000e-08,1.112419378333e-03
2.787500000000e-08,1.091939977619e-03
2.788750000000e-08,1.072349022209e-03
2.790000000000e-08,1.053607977943e-03
2.791250000000e-08,1.035669390039e-03
2.792500000000e-08,1.018487767517e-03
2.793750000000e-08,1.002019511270e-03
2.795000000000e-08,9.862347190601e-04
2.796250000000e-08,9.710930448087e-04
2.797500000000e-08,9.565558264102e-04
2.798750000000e-08,9.425860256285e-04
2.800000000000e-08,9.291609188215e-04
2.801250000000e-08,9.162461279066e-04
2.802500000000e-08,9.038087289857e-04
2.803750000000e-08,8.918172018225e-04
2.805000000000e-08,8.802548095809e-04
2.806250000000e-08,8.690922072903e-04
2.807500000000e-08,8.583013148255e-04
2.808750000000e-08,8.478552741471e-04
2.810000000000e-08,8.377423556505e-04
2.811250000000e-08,8.279374791787e-04
2.812500000000e-08,8.184166727689e-04
2.813750000000e-08,8.091570361851e-04
2.815000000000e-08,8.001510396861e-04
2.816250000000e-08,7.913772344269e-04
2.817500000000e-08,7.828151495070e-04
2.818750000000e-08,7.744452606039e-04
2.820000000000e-08,7.662635702044e-04
2.821250000000e-08,7.582517362958e-04
2.822500000000e-08,7.503922858678e-04
2.823750000000e-08,7.426685876812e-04
2.825000000000e-08,7.350796221740e-04
2.826250000000e-08,7.276097178002e-04
2.827500000000e-08,7.202439802536e-04
2.828750000000e-08,7.129682685920e-04
2.830000000000e-08,7.057840788563e-04
2.831250000000e-08,6.986780447568e-04
2.832500000000e-08,6.916374993188e-04
2.833750000000e-08,6.846504537292e-04
2.835000000000e-08,6.777205318030e-04
2.836250000000e-08,6.708363647028e-04
2.837500000000e-08,6.639872161148e-04
2.838750000000e-08,6.571629633077e-04
2.840000000000e-08,6.503690304241e-04
2.841250000000e-08,6.435957845477e-04
2.842500000000e-08,6.368341674439e-04
2.843750000000e-08,6.300756784203e-04
2.845000000000e-08,6.233272634197e-04
2.846250000000e-08,6.165808011880e-04
2.847500000000e-08,6.098286945035e-04
2.848750000000e-08,6.030638545099e-04
2.850000000000e-08,5.962945100586e-04
2.851250000000e-08,5.895138573191e-04
2.852500000000e-08,5.827155716282e-04
2.853750000000e-08,5.758937930319e-04
2.855000000000e-08,5.690578265426e-04
2.856250000000e-08,5.622020157137e-04
2.857500000000e-08,5.553211430609e-04
2.858750000000e-08,5.484104166070e-04
2.860000000000e-08,5.414800368954e-04
2.861250000000e-08,5.345253443740e-04
2.862500000000e-08,5.275420820223e-04
2.863750000000e-08,5.205263827347e-04
2.865000000000e-08,5.134891832527e-04
2.866250000000e-08,5.064266862985e-04
2.867500000000e-08,4.993354637736e-04
2.868750000000e-08,4.922124448548e-04
2.870000000000e-08,4.850691606132e-04
2.871250000000e-08,4.779025544036e-04
2.872500000000e-08,4.707099079493e-04
2.873750000000e-08,4.634888300560e-04
2.875000000000e-08,4.562513187015e-04
2.876250000000e-08,4.489949469692e-04
2.877500000000e-08,4.417175976351e-04
2.878750000000e-08,4.344174524295e-04
2.880000000000e-08,4.271068609061e-04
2.881250000000e-08,4.197839240031e-04
2.882500000000e-08,4.124470255093e-04
2.883750000000e-08,4.050948218222e-04
2.885000000000e-08,3.977399090254e-04
2.886250000000e-08,3.903808217934e-04
2.887500000000e-08,3.830163524276e-04
2.888750000000e-08,3.756455410771e-04
2.890000000000e-08,3.682811342280e-04
2.891250000000e-08,3.609220130053e-04
2.892500000000e-08,3.535672924091e-04
2.893750000000e-08,3.462163119767e-04
2.895000000000e-08,3.388818803812e-04
2.896250000000e-08,3.315631441042e-04
2.897500000000e-08,3.242594611300e-04
2.898750000000e-08,3.169703920376e-04
2.900000000000e-08,3.097087266647e-04
2.901250000000e-08,3.024738015280e-04
2.902500000000e-08,2.952651436054e-04
2.903750000000e-08,2.880824618525e-04
2.905000000000e-08,2.809384529461e-04
2.906250000000e-08,2.738325736457e-04
2.907500000000e-08,2.667644514415e-04
2.908750000000e-08,2.597338764983e-04
2.910000000000e-08,2.527533843850e-04
2.911250000000e-08,2.458224877232e-04
2.912500000000e-08,2.389408514523e-04
2.913750000000e-08,2.321082852054e-04
2.915000000000e-08,2.253371016848e-04
2.916250000000e-08,2.186268103848e-04
2.917500000000e-08,2.119770560420e-04
2.918750000000e-08,2.053876114501e-04
2.920000000000e-08,1.988705107797e-04
2.921250000000e-08,1.924252068399e-04
2.922500000000e-08,1.860512719728e-04
2.923750000000e-08,1.797483913158e-04
2.925000000000e-08,1.735282709013e-04
2.926250000000e-08,1.673902588033e-04
2.927500000000e-08,1.613338083187e-04
2.928750000000e-08,1.553584716831e-04
2.930000000000e-08,1.494755832454e-04
2.931250000000e-08,1.436843438924e-04
2.932500000000e-08,1.379840468534e-04
2.933750000000e-08,1.323740718756e-04
2.935000000000e-08,1.268653441532e-04
2.936250000000e-08,1.214568806165e-04
2.937500000000e-08,1.161477791132e-04
2.938750000000e-08,1.109372130466e-04
2.940000000000e-08,1.058356670683e-04
2.941250000000e-08,1.008419431297e-04
2.942500000000e-08,9.595491414619e-05
2.943750000000e-08,9.117351910009e-05
2.945000000000e-08,8.650777678327e-05
2.946250000000e-08,8.195624892316e-05
2.947500000000e-08,7.751755973612e-05
2.948750000000e-08,7.319039149275e-05
2.950000000000e-08,6.898427783499e-05
2.951250000000e-08,6.489752078700e-05
2.952500000000e-08,6.092847785875e-05
2.953750000000e-08,5.707555806750e-05
2.955000000000e-08,5.334779655574e-05
2.956250000000e-08,4.974322186973e-05
2.957500000000e-08,4.625991248974e-05
2.958750000000e-08,4.289599329804e-05
2.960000000000e-08,3.965999339546e-05
2.961250000000e-08,3.654965966492e-05
2.962500000000e-08,3.356278478764e-05
2.963750000000e-08,3.069720414441e-05
2.965000000000e-08,2.796093887481e-05
2.966250000000e-08,2.535145143004e-05
2.967500000000e-08,2.286624729018e-05
2.968750000000e-08,2.050287228163e-05
2.970000000000e-08,1.826884304789e-05
2.971250000000e-08,1.616134002820e-05
2.972500000000e-08,1.417758522317e-05
2.973750000000e-08,1.231483990764e-05
2.975000000000e-08,1.058012478850e-05
2.976250000000e-08,8.970345616498e-06
2.977500000000e-08,7.482449459812e-06
2.978750000000e-08,6.113422788496e-06
2.980000000000e-08,4.869803685612e-06
2.981250000000e-08,3.748235103618e-06
2.982500000000e-08,2.745402201123e-06
2.983750000000e-08,1.858030771909e-06
2.985000000000e-08,1.092193953539e-06
2.986250000000e-08,4.442879722844e-07
2.987500000000e-08,-8.924682045119e-08
2.988750000000e-08,-5.119272040959e-07
2.990000000000e-08,-8.181233722788e-07
2.991250000000e-08,-1.011665997997e-06
2.992500000000e-08,-1.096338792041e-06
2.993750000000e-08,-1.075879475630e-06
2.995000000000e-08,-9.450764884274e-07
2.996250000000e-08,-7.079642836107e-07
2.997500000000e-08,-3.685267170516e-07
2.998750000000e-08,6.930223003706e-08
3.000000000000e-08,6.103439342662e-07
3.001250000000e-08,1.250386082870e-06
3.002500000000e-08,1.985271267513e-06
3.003750000000e-08,2.810896477161e-06
3.005000000000e-08,3.731723429637e-06
3.006250000000e-08,4.743390164026e-06
3.007500000000e-08,5.841594473157e-06
3.008750000000e-08,7.022093576955e-06
3.010000000000e-08,8.289021994817e-06
3.011250000000e-08,9.637898097709e-06
3.012500000000e-08,1.106430527035e-05
3.013750000000e-08,1.256389172996e-05
3.015000000000e-08,1.414049866176e-05
3.016250000000e-08,1.578955599194e-05
3.017500000000e-08,1.750656420009e-05
3.018750000000e-08,1.928709424882e-05
3.020000000000e-08,2.113472872982e-05
3.021250000000e-08,2.304484107125e-05
3.022500000000e-08,2.501288094556e-05
3.023750000000e-08,2.703437427631e-05
3.025000000000e-08,2.911268016348e-05
3.026250000000e-08,3.124314770111e-05
3.027500000000e-08,3.342120794575e-05
3.028750000000e-08,3.564237396834e-05
3.030000000000e-08,3.790981634486e-05
3.031250000000e-08,4.021889173139e-05
3.032500000000e-08,4.256504437459e-05
3.033750000000e-08,4.494380617852e-05
3.035000000000e-08,4.735819356068e-05
3.036250000000e-08,4.980360191128e-05
3.037500000000e-08,5.227551963958e-05
3.038750000000e-08,5.476952822799e-05
3.040000000000e-08,5.728852326469e-05
3.041250000000e-08,5.982796890039e-05
3.042500000000e-08,6.238342743417e-05
3.043750000000e-08,6.495055932941e-05
3.045000000000e-08,6.753217124298e-05
3.046250000000e-08,7.012382458580e-05
3.047500000000e-08,7.272118365826e-05
3.048750000000e-08,7.532001560578e-05
3.050000000000e-08,7.792306827002e-05
3.051250000000e-08,8.052602695908e-05
3.052500000000e-08,8.312468414627e-05
3.053750000000e-08,8.571493934607e-05
3.055000000000e-08,8.829950961665e-05
3.056250000000e-08,9.087422864983e-05
3.057500000000e-08,9.343504104836e-05
3.058750000000e-08,9.597800210653e-05
3.060000000000e-08,9.850582379436e-05
3.061250000000e-08,1.010145102868e-04
3.062500000000e-08,1.035001798339e-04
3.063750000000e-08,1.059590644332e-04
3.065000000000e-08,1.083938941255e-04
3.066250000000e-08,1.108008630967e-04
3.067500000000e-08,1.131762821517e-04
3.068750000000e-08,1.155165782696e-04
3.070000000000e-08,1.178245200370e-04
3.071250000000e-08,1.200965084753e-04
3.072500000000e-08,1.223290631226e-04
3.073750000000e-08,1.245188214664e-04
3.075000000000e-08,1.266686083358e-04
3.076250000000e-08,1.287750456276e-04
3.077500000000e-08,1.308348749950e-04
3.078750000000e-08,1.328449571541e-04
3.080000000000e-08,1.348081880497e-04
3.081250000000e-08,1.367214216799e-04
3.082500000000e-08,1.385816323793e-04
3.083750000000e-08,1.403859139996e-04
3.085000000000e-08,1.421372456542e-04
3.086250000000e-08,1.438327218706e-04
3.087500000000e-08,1.454695574436e-04
3.088750000000e-08,1.470450864927e-04
3.090000000000e-08,1.485623805812e-04
3.091250000000e-08,1.500187804557e-04
3.092500000000e-08,1.514117464322e-04
3.093750000000e-08,1.527388573365e-04
3.095000000000e-08,1.540032837788e-04
3.096250000000e-08,1.552026157756e-04
3.097500000000e-08,1.563345616168e-04
3.098750000000e-08,1.573969466946e-04
3.100000000000e-08,1.583930447037e-04
3.101250000000e-08,1.593206954758e-04
3.102500000000e-08,1.601778552590e-04
3.103750000000e-08,1.609625954443e-04
3.105000000000e-08,1.616782944420e-04
3.106250000000e-08,1.623230401024e-04
3.107500000000e-08,1.628950343168e-04
3.108750000000e-08,1.633925916530e-04
3.110000000000e-08,1.638191946427e-04
3.111250000000e-08,1.641731752006e-04
3.112500000000e-08,1.644529764383e-04
3.113750000000e-08,1.646571512209e-04
3.115000000000e-08,1.647892835785e-04
3.116250000000e-08,1.648479435830e-04
3.117500000000e-08,1.648318092428e-04
3.118750000000e-08,1.647396649919e-04
3.120000000000e-08,1.645751919205e-04
3.121250000000e-08,1.643371906129e-04
3.122500000000e-08,1.640245659667e-04
3.123750000000e-08,1.636363256282e-04
3.125000000000e-08,1.631762417128e-04
3.126250000000e-08,1.626433361558e-04
3.127500000000e-08,1.620367312760e-04
3.128750000000e-08,1.613556481690e-04
3.130000000000e-08,1.606039425660e-04
3.131250000000e-08,1.597808472986e-04
3.132500000000e-08,1.588856913993e-04
3.133750000000e-08,1.579178984655e-04
3.135000000000e-08,1.568813992789e-04
3.136250000000e-08,1.557756260376e-04
3.137500000000e-08,1.546001027581e-04
3.138750000000e-08,1.533544436220e-04
3.140000000000e-08,1.520426449519e-04
3.141250000000e-08,1.506643259172e-04
3.142500000000e-08,1.492191929740e-04
3.143750000000e-08,1.477070382039e-04
3.145000000000e-08,1.461319132166e-04
3.146250000000e-08,1.444936110905e-04
3.147500000000e-08,1.427920075544e-04
3.148750000000e-08,1.410270593305e-04
3.150000000000e-08,1.392028625024e-04
3.151250000000e-08,1.373193705083e-04
3.152500000000e-08,1.353766147401e-04
3.153750000000e-08,1.333747028968e-04
3.155000000000e-08,1.313177643311e-04
3.156250000000e-08,1.292058989702e-04
3.157500000000e-08,1.270392799724e-04
3.158750000000e-08,1.248181521014e-04
3.160000000000e-08,1.225466665300e-04
3.161250000000e-08,1.202250556234e-04
3.162500000000e-08,1.178536202641e-04
3.163750000000e-08,1.154327282506e-04
3.165000000000e-08,1.129665410102e-04
3.166250000000e-08,1.104554092392e-04
3.167500000000e-08,1.078997474707e-04
3.168750000000e-08,1.053000325043e-04
3.170000000000e-08,1.026604244448e-04
3.171250000000e-08,9.998137825706e-05
3.172500000000e-08,9.726340811726e-05
3.173750000000e-08,9.450708587811e-05
3.175000000000e-08,9.171655881893e-05
3.176250000000e-08,8.889237223501e-05
3.177500000000e-08,8.603512607967e-05
3.178750000000e-08,8.314547346646e-05
3.180000000000e-08,8.022753748497e-05
3.181250000000e-08,7.728194000849e-05
3.182500000000e-08,7.430935309813e-05
3.183750000000e-08,7.131049754387e-05
3.185000000000e-08,6.828946106637e-05
3.186250000000e-08,6.524692859233e-05
3.187500000000e-08,6.218363085690e-05
3.188750000000e-08,5.910034298401e-05
3.190000000000e-08,5.600110636137e-05
3.191250000000e-08,5.288665569948e-05
3.192500000000e-08,4.975776723250e-05
3.193750000000e-08,4.661525733779e-05
3.195000000000e-08,4.346311033784e-05
3.196250000000e-08,4.030209772589e-05
3.197500000000e-08,3.713302832995e-05
3.198750000000e-08,3.395674697063e-05
3.200000000000e-08,3.077717041019e-05
3.201250000000e-08,2.759509419604e-05
3.202500000000e-08,2.441134711630e-05
3.203750000000e-08,2.122678989503e-05
3.205000000000e-08,1.804526147451e-05
3.206250000000e-08,1.486756899703e-05
3.207500000000e-08,1.169454884438e-05
3.208750000000e-08,8.527065369267e-06
3.210000000000e-08,5.368869663220e-06
3.211250000000e-08,2.220768266823e-06
3.212500000000e-08,-9.164069506353e-07
3.213750000000e-08,-4.041800024708e-06
3.215000000000e-08,-7.151757523675e-06
3.216250000000e-08,-1.024548544942e-05
3.217500000000e-08,-1.332216829744e-05
3.218750000000e-08,-1.638097025627e-05
3.220000000000e-08,-1.941834514647e-05
3.221250000000e-08,-2.243352320117e-05
3.222500000000e-08,-2.542571688176e-05
3.223750000000e-08,-2.839412204353e-05
3.225000000000e-08,-3.133530913505e-05
3.226250000000e-08,-3.424854405553e-05
3.227500000000e-08,-3.713307857816e-05
3.228750000000e-08,-3.998815148196e-05
3.230000000000e-08,-4.281045899439e-05
3.231250000000e-08,-4.559931385106e-05
3.232500000000e-08,-4.835401821481e-05
3.233750000000e-08,-5.107386477280e-05
3.235000000000e-08,-5.375568443913e-05
3.236250000000e-08,-5.639884767052e-05
3.237500000000e-08,-5.900271780498e-05
3.238750000000e-08,-6.156665212248e-05
3.240000000000e-08,-6.408762485814e-05
3.241250000000e-08,-6.656507475520e-05
3.242500000000e-08,-6.899843678323e-05
3.243750000000e-08,-7.138714315977e-05
3.245000000000e-08,-7.372831975823e-05
3.246250000000e-08,-7.602148380750e-05
3.247500000000e-08,-7.826615198539e-05
3.248750000000e-08,-8.046184139779e-05
3.250000000000e-08,-8.260583749892e-05
3.251250000000e-08,-8.469774577514e-05
3.252500000000e-08,-8.673717424485e-05
3.253750000000e-08,-8.872373439084e-05
3.255000000000e-08,-9.065487874445e-05
3.256250000000e-08,-9.253031031878e-05
3.257500000000e-08,-9.434973758245e-05
3.258750000000e-08,-9.611287533985e-05
3.260000000000e-08,-9.781735016410e-05
3.261250000000e-08,-9.946297127376e-05
3.262500000000e-08,-1.010495560831e-04
3.263750000000e-08,-1.025769310244e-04
3.265000000000e-08,-1.040429030484e-04
3.266250000000e-08,-1.054473955669e-04
3.267500000000e-08,-1.067903427182e-04
3.268750000000e-08,-1.080716901254e-04
3.270000000000e-08,-1.092894307150e-04
3.271250000000e-08,-1.104436092794e-04
3.272500000000e-08,-1.115342836303e-04
3.273750000000e-08,-1.125615252856e-04
3.275000000000e-08,-1.135235178938e-04
3.276250000000e-08,-1.144204338958e-04
3.277500000000e-08,-1.152524607778e-04
3.278750000000e-08,-1.160198016788e-04
3.280000000000e-08,-1.167208347400e-04
3.281250000000e-08,-1.173558652784e-04
3.282500000000e-08,-1.179252153843e-04
3.283750000000e-08,-1.184292244427e-04
3.285000000000e-08,-1.188664677595e-04
3.286250000000e-08,-1.192373875913e-04
3.287500000000e-08,-1.195424443678e-04
3.288750000000e-08,-1.197821171198e-04
3.290000000000e-08,-1.199551797694e-04
3.291250000000e-08,-1.200622142907e-04
3.292500000000e-08,-1.201038218734e-04
3.293750000000e-08,-1.200806232515e-04
3.295000000000e-08,-1.199915910764e-04
3.296250000000e-08,-1.198374484170e-04
3.297500000000e-08,-1.196189382165e-04
3.298750000000e-08,-1.193368235153e-04
3.300000000000e-08,-1.189902743611e-04
3.301250000000e-08,-1.185801547897e-04
3.302500000000e-08,-1.181073489618e-04
3.303750000000e-08,-1.175727612758e-04
3.305000000000e-08,-1.169757563010e-04
3.306250000000e-08,-1.163173373151e-04
3.307500000000e-08,-1.155985275449e-04
3.308750000000e-08,-1.148203701627e-04
3.310000000000e-08,-1.139824197651e-04
3.311250000000e-08,-1.130858154775e-04
3.312500000000e-08,-1.121317157554e-04
3.313750000000e-08,-1.111212982642e-04
3.315000000000e-08,-1.100543014546e-04
3.316250000000e-08,-1.089319951833e-04
3.317500000000e-08,-1.077556675666e-04
3.318750000000e-08,-1.065266247428e-04
3.320000000000e-08,-1.052447811317e-04
3.321250000000e-08,-1.039115304542e-04
3.322500000000e-08,-1.025282831674e-04
3.323750000000e-08,-1.010964661090e-04
3.325000000000e-08,-9.961616006163e-05
3.326250000000e-08,-9.808887399255e-05
3.327500000000e-08,-9.651613163322e-05
3.328750000000e-08,-9.489947100797e-05
3.330000000000e-08,-9.323912795463e-05
3.331250000000e-08,-9.153671634690e-05
3.332500000000e-08,-8.979386241326e-05
3.333750000000e-08,-8.801220415532e-05
3.335000000000e-08,-8.619211950924e-05
3.336250000000e-08,-8.433531525087e-05
3.337500000000e-08,-8.244350768493e-05
3.338750000000e-08,-8.051842195911e-05
3.340000000000e-08,-7.856056358306e-05
3.341250000000e-08,-7.657171865733e-05
3.342500000000e-08,-7.455367959657e-05
3.343750000000e-08,-7.250824434786e-05
3.345000000000e-08,-7.043603001552e-05
3.346250000000e-08,-6.833888699601e-05
3.347500000000e-08,-6.621866843211e-05
3.348750000000e-08,-6.407722934578e-05
3.350000000000e-08,-6.191528114815e-05
3.351250000000e-08,-5.973472220461e-05
3.352500000000e-08,-5.753744974942e-05
3.353750000000e-08,-5.532535894522e-05
3.355000000000e-08,-5.309923708806e-05
3.356250000000e-08,-5.086101306986e-05
3.357500000000e-08,-4.861261051463e-05
3.358750000000e-08,-4.635594677849e-05
3.360000000000e-08,-4.409186568974e-05
3.361250000000e-08,-4.182230831910e-05
3.362500000000e-08,-3.954920613020e-05
3.363750000000e-08,-3.727447993539e-05
3.365000000000e-08,-3.499901004022e-05
3.366250000000e-08,-3.272473067606e-05
3.367500000000e-08,-3.045356198808e-05
3.368750000000e-08,-2.818740896340e-05
3.370000000000e-08,-2.592716787808e-05
3.371250000000e-08,-2.367474669145e-05
3.372500000000e-08,-2.143203472482e-05
3.373750000000e-08,-1.920090157935e-05
3.375000000000e-08,-1.698223881178e-05
3.376250000000e-08,-1.477790853517e-05
3.377500000000e-08,-1.258974967058e-05
3.378750000000e-08,-1.041957687293e-05
3.380000000000e-08,-8.268256388879e-06
3.381250000000e-08,-6.137585054662e-06
3.382500000000e-08,-4.029332031303e-06
3.383750000000e-08,-1.945237757187e-06
3.385000000000e-08,1.138770320842e-07
3.386250000000e-08,2.146299771550e-06
3.387500000000e-08,4.150349909838e-06
3.388750000000e-08,6.124379911395e-06
3.390000000000e-08,8.067634068911e-06
3.391250000000e-08,9.978502352589e-06
3.392500000000e-08,1.185541086632e-05
3.393750000000e-08,1.369682278641e-05
3.395000000000e-08,1.550206597572e-05
3.396250000000e-08,1.726965018236e-05
3.397500000000e-08,1.899812511823e-05
3.398750000000e-08,2.068608131671e-05
3.400000000000e-08,2.233294749364e-05
3.401250000000e-08,2.393736911543e-05
3.402500000000e-08,2.549803508393e-05
3.403750000000e-08,2.701367849647e-05
3.405000000000e-08,2.848384467574e-05
3.406250000000e-08,2.990732917821e-05
3.407500000000e-08,3.128297404518e-05
3.408750000000e-08,3.260966845000e-05
3.410000000000e-08,3.388708829607e-05
3.411250000000e-08,3.511419178739e-05
3.412500000000e-08,3.628998618198e-05
3.413750000000e-08,3.741352831278e-05
3.415000000000e-08,3.848463663135e-05
3.416250000000e-08,3.950244251216e-05
3.417500000000e-08,4.046612842199e-05
3.418750000000e-08,4.137492830298e-05
3.420000000000e-08,4.222881291838e-05
3.421250000000e-08,4.302709511176e-05
3.422500000000e-08,4.376914028387e-05
3.423750000000e-08,4.445436662856e-05
3.425000000000e-08,4.508290461659e-05
3.426250000000e-08,4.565425447953e-05
3.427500000000e-08,4.616796986432e-05
3.428750000000e-08,4.662365791519e-05
3.430000000000e-08,4.702161371176e-05
3.431250000000e-08,4.736152829540e-05
3.432500000000e-08,4.764314635107e-05
3.433750000000e-08,4.786626613100e-05
3.435000000000e-08,4.803134964403e-05
3.436250000000e-08,4.813827958954e-05
3.437500000000e-08,4.818699189603e-05
3.438750000000e-08,4.817747548495e-05
3.440000000000e-08,4.811035898972e-05
3.441250000000e-08,4.798571500868e-05
3.442500000000e-08,4.780366831031e-05
3.443750000000e-08,4.756439543851e-05
3.445000000000e-08,4.726868872135e-05
3.446250000000e-08,4.691680630017e-05
3.447500000000e-08,4.650905679238e-05
3.448750000000e-08,4.604579874200e-05
3.450000000000e-08,4.552798266072e-05
3.451250000000e-08,4.495604533483e-05
3.452500000000e-08,4.433047171774e-05
3.453750000000e-08,4.365179423263e-05
3.455000000000e-08,4.292111357065e-05
3.456250000000e-08,4.213903582133e-05
3.457500000000e-08,4.130621234865e-05
3.458750000000e-08,4.042333895508e-05
3.460000000000e-08,3.949165614490e-05
3.461250000000e-08,3.851192766625e-05
3.462500000000e-08,3.748495910667e-05
3.463750000000e-08,3.641159693029e-05
3.465000000000e-08,3.529320889731e-05
3.466250000000e-08,3.413070264767e-05
3.467500000000e-08,3.292502373406e-05
3.468750000000e-08,3.167715454644e-05
3.470000000000e-08,3.038857556186e-05
3.471250000000e-08,2.906032264046e-05
3.472500000000e-08,2.769346519643e-05
3.473750000000e-08,2.628910502578e-05
3.475000000000e-08,2.484881904447e-05
3.476250000000e-08,2.337375400675e-05
3.477500000000e-08,2.186508549710e-05
3.478750000000e-08,2.032401667903e-05
3.480000000000e-08,1.875220316287e-05
3.481250000000e-08,1.715088389490e-05
3.482500000000e-08,1.552132163601e-05
3.483750000000e-08,1.386480165058e-05
3.485000000000e-08,1.218303932892e-05
3.486250000000e-08,1.047734603294e-05
3.487500000000e-08,8.749051709846e-06
3.488750000000e-08,6.999503541225e-06
3.490000000000e-08,5.230456928852e-06
3.491250000000e-08,3.443275118460e-06
3.492500000000e-08,1.639334579796e-06
3.493750000000e-08,-1.799763634777e-07
3.495000000000e-08,-2.012882592290e-06
3.496250000000e-08,-3.857989933668e-06
3.497500000000e-08,-5.713896400492e-06
3.498750000000e-08,-7.579193559743e-06
3.500000000000e-08,-9.452107059416e-06
3.501250000000e-08,-1.133123284506e-05
3.502500000000e-08,-1.321516442264e-05
3.503750000000e-08,-1.510249420416e-05
3.505000000000e-08,-1.699146894335e-05
3.506250000000e-08,-1.888069550460e-05
3.507500000000e-08,-2.076878356933e-05
3.508750000000e-08,-2.265434693883e-05
3.510000000000e-08,-2.453567333555e-05
3.511250000000e-08,-2.641140077020e-05
3.512500000000e-08,-2.828017512955e-05
3.513750000000e-08,-3.014065141700e-05
3.515000000000e-08,-3.199117739274e-05
3.516250000000e-08,-3.383044155476e-05
3.517500000000e-08,-3.565714506284e-05
3.518750000000e-08,-3.747000289900e-05
3.520000000000e-08,-3.926744083596e-05
3.521250000000e-08,-4.104821601864e-05
3.522500000000e-08,-4.281110269643e-05
3.523750000000e-08,-4.455489328702e-05
3.525000000000e-08,-4.627810817917e-05
3.526250000000e-08,-4.797958987307e-05
3.527500000000e-08,-4.965820200999e-05
3.528750000000e-08,-5.131283032503e-05
3.530000000000e-08,-5.294210480635e-05
3.531250000000e-08,-5.454496832574e-05
3.532500000000e-08,-5.612038847163e-05
3.533750000000e-08,-5.766735837855e-05
3.535000000000e-08,-5.918463078110e-05
3.536250000000e-08,-6.067126203978e-05
3.537500000000e-08,-6.212633630044e-05
3.538750000000e-08,-6.354896619027e-05
3.540000000000e-08,-6.493803832100e-05
3.541250000000e-08,-6.629273358981e-05
3.542500000000e-08,-6.761226320463e-05
3.543750000000e-08,-6.889586923934e-05
3.545000000000e-08,-7.014258115635e-05
3.546250000000e-08,-7.135171323784e-05
3.547500000000e-08,-7.252261203292e-05
3.548750000000e-08,-7.365465676716e-05
3.550000000000e-08,-7.474702647032e-05
3.551250000000e-08,-7.579917536955e-05
3.552500000000e-08,-7.681059133035e-05
3.553750000000e-08,-7.778079611834e-05
3.555000000000e-08,-7.870912273320e-05
3.556250000000e-08,-7.959516957228e-05
3.557500000000e-08,-8.043856945328e-05
3.558750000000e-08,-8.123898972860e-05
3.560000000000e-08,-8.199591944174e-05
3.561250000000e-08,-8.270910304713e-05
3.562500000000e-08,-8.337831961786e-05
3.563750000000e-08,-8.400338281574e-05
3.565000000000e-08,-8.458393750070e-05
3.566250000000e-08,-8.511987377102e-05
3.567500000000e-08,-8.561111597425e-05
3.568750000000e-08,-8.605762253859e-05
3.570000000000e-08,-8.645919168006e-05
3.571250000000e-08,-8.681585650578e-05
3.572500000000e-08,-8.712768346082e-05
3.573750000000e-08,-8.739477202875e-05
3.575000000000e-08,-8.761706919313e-05
3.576250000000e-08,-8.779474632942e-05
3.577500000000e-08,-8.792800673249e-05
3.578750000000e-08,-8.801708519642e-05
3.580000000000e-08,-8.806207089991e-05
3.581250000000e-08,-8.806326679171e-05
3.582500000000e-08,-8.802100585702e-05
3.583750000000e-08,-8.793565058836e-05
3.585000000000e-08,-8.780742397395e-05
3.586250000000e-08,-8.763675206800e-05
3.587500000000e-08,-8.742408866367e-05
3.588750000000e-08,-8.716991466842e-05
3.590000000000e-08,-8.687457689262e-05
3.591250000000e-08,-8.653861446334e-05
3.592500000000e-08,-8.616259159028e-05
3.593750000000e-08,-8.574709686035e-05
3.595000000000e-08,-8.529258953499e-05
3.596250000000e-08,-8.479971044670e-05
3.597500000000e-08,-8.426912255575e-05
3.598750000000e-08,-8.370151017969e-05
3.600000000000e-08,-8.309743251893e-05
3.601250000000e-08,-8.245761965535e-05
3.602500000000e-08,-8.178282060895e-05
3.603750000000e-08,-8.107380251853e-05
3.605000000000e-08,-8.033121112333e-05
3.606250000000e-08,-7.955585246764e-05
3.607500000000e-08,-7.874854817492e-05
3.608750000000e-08,-7.791013459618e-05
3.610000000000e-08,-7.704132998158e-05
3.611250000000e-08,-7.614300248307e-05
3.612500000000e-08,-7.521603236962e-05
3.613750000000e-08,-7.426131115976e-05
3.615000000000e-08,-7.327961523207e-05
3.616250000000e-08,-7.227186068668e-05
3.617500000000e-08,-7.123897224059e-05
3.618750000000e-08,-7.018188236055e-05
3.620000000000e-08,-6.910141106970e-05
3.621250000000e-08,-6.799850821006e-05
3.622500000000e-08,-6.687412876568e-05
3.623750000000e-08,-6.572923201105e-05
3.625000000000e-08,-6.456466727831e-05
3.626250000000e-08,-6.338140414613e-05
3.627500000000e-08,-6.218041394548e-05
3.628750000000e-08,-6.096266893797e-05
3.630000000000e-08,-5.972903381050e-05
3.631250000000e-08,-5.848048430723e-05
3.632500000000e-08,-5.721799467537e-05
3.633750000000e-08,-5.594253688650e-05
3.635000000000e-08,-5.465497763889e-05
3.636250000000e-08,-5.335628591824e-05
3.637500000000e-08,-5.204742615472e-05
3.638750000000e-08,-5.072935749867e-05
3.640000000000e-08,-4.940293611408e-05
3.641250000000e-08,-4.806911214250e-05
3.642500000000e-08,-4.672882834555e-05
3.643750000000e-08,-4.538301944513e-05
3.645000000000e-08,-4.403251949706e-05
3.646250000000e-08,-4.267824871569e-05
3.647500000000e-08,-4.132111738232e-05
3.648750000000e-08,-3.996202525788e-05
3.650000000000e-08,-3.860177383476e-05
3.651250000000e-08,-3.724124345602e-05
3.652500000000e-08,-3.588130227920e-05
3.653750000000e-08,-3.452280576766e-05
3.655000000000e-08,-3.316651362468e-05
3.656250000000e-08,-3.181325762294e-05
3.657500000000e-08,-3.046385541958e-05
3.658750000000e-08,-2.911911013045e-05
3.660000000000e-08,-2.777973175544e-05
3.661250000000e-08,-2.644649611791e-05
3.662500000000e-08,-2.512016333206e-05
3.663750000000e-08,-2.380147746235e-05
3.665000000000e-08,-2.249109225387e-05
3.666250000000e-08,-2.118972156572e-05
3.667500000000e-08,-1.989806229676e-05
3.668750000000e-08,-1.861679413066e-05
3.670000000000e-08,-1.734650938963e-05
3.671250000000e-08,-1.608785533060e-05
3.672500000000e-08,-1.484146134043e-05
3.673750000000e-08,-1.360793876505e-05
3.675000000000e-08,-1.238781470963e-05
3.676250000000e-08,-1.118166655158e-05
3.677500000000e-08,-9.990053221129e-06
3.678750000000e-08,-8.813515111361e-06
3.680000000000e-08,-7.652511652469e-06
3.681250000000e-08,-6.507548381250e-06
3.682500000000e-08,-5.379112127872e-06
3.683750000000e-08,-4.267671002109e-06
3.685000000000e-08,-3.173615573682e-06
3.686250000000e-08,-2.097378824409e-06
3.687500000000e-08,-1.039375066715e-06
