frequency_Hz,H_V_real,H_V_imag,H_V_magnitude,H_V_phase_rad,Zin_real_ohm,Zin_imag_ohm,Yin_real_S,Yin_imag_S
2.000000000000e+08,1.736590044613e-03,2.301695192002e-04,1.751777095015e-03,1.317730363380e-01,1.604744116578e+01,-3.434119164821e+02,1.357774853727e-04,2.905610058654e-03
2.005000000000e+08,1.807383569355e-03,2.614505103271e-04,1.826195974184e-03,1.436603737719e-01,1.614006760203e+01,-3.416399511210e+02,1.379748175659e-04,2.920539807605e-03
2.010000000000e+08,1.883015410183e-03,2.875875461010e-04,1.904850028653e-03,1.515559980019e-01,1.624194971732e+01,-3.398754569361e+02,1.402839191829e-04,2.935550347273e-03
2.015000000000e+08,1.963036415169e-03,3.082281944210e-04,1.987087463379e-03,1.557444330839e-01,1.635271062466e+01,-3.381190614194e+02,1.427038828902e-04,2.950636383853e-03
2.020000000000e+08,2.046975569556e-03,3.230621232289e-04,2.072312263590e-03,1.565329796248e-01,1.647192903913e+01,-3.363713437180e+02,1.452333271587e-04,2.965792852370e-03
2.025000000000e+08,2.134343826309e-03,3.318222281734e-04,2.159983694386e-03,1.542333162555e-01,1.659914446783e+01,-3.346328325125e+02,1.478704211291e-04,2.981014953098e-03
2.030000000000e+08,2.224637969427e-03,3.342854301249e-04,2.249613487649e-03,1.491491966333e-01,1.673386239040e+01,-3.329040043751e+02,1.506129120044e-04,2.996298185505e-03
2.035000000000e+08,2.317344483290e-03,3.302731448212e-04,2.340761800019e-03,1.415688421290e-01,1.687555939280e+01,-3.311852825881e+02,1.534581547438e-04,3.011638379583e-03
2.040000000000e+08,2.411943401870e-03,3.196514289170e-04,2.433032677510e-03,1.317607504782e-01,1.702368822085e+01,-3.294770363979e+02,1.564031438258e-04,3.027031724415e-03
2.045000000000e+08,2.507912112290e-03,3.023308086450e-04,2.526069492478e-03,1.199718705516e-01,1.717768272405e+01,-3.277795806810e+02,1.594445468390e-04,3.042474793855e-03
2.050000000000e+08,2.604729088028e-03,2.782657991690e-04,2.619550625013e-03,1.064273393659e-01,1.733696266373e+01,-3.260931759963e+02,1.625787396550e-04,3.057964569219e-03
2.055000000000e+08,2.701877527949e-03,2.474541245059e-04,2.713185529921e-03,9.133119548993e-02,1.750093836289e+01,-3.244180289977e+02,1.658018429307e-04,3.073498458908e-03
2.060000000000e+08,2.798848878430e-03,2.099356496173e-04,2.806711246507e-03,7.486765833446e-02,1.766901517851e+01,-3.227542931819e+02,1.691097596853e-04,3.089074314892e-03
2.065000000000e+08,2.895146216972e-03,1.657910378981e-04,2.899889357526e-03,5.720269550106e-02,1.784059777994e+01,-3.211020699441e+02,1.724982136935e-04,3.104690446017e-03
2.070000000000e+08,2.990287476965e-03,1.151401488356e-04,2.992503374897e-03,3.848569662346e-02,1.801509421954e+01,-3.194614099185e+02,1.759627884387e-04,3.120345628104e-03
2.075000000000e+08,3.083808494670e-03,5.814019203801e-05,3.084356515342e-03,1.885113974158e-02,1.819191978419e+01,-3.178323145770e+02,1.794989663667e-04,3.136039110841e-03
2.080000000000e+08,3.175265860926e-03,-5.016344837372e-06,3.175269823381e-03,-1.579817528289e-03,1.837050061847e+01,-3.162147380624e+02,1.831021681850e-04,3.151770621486e-03
2.085000000000e+08,3.264239561693e-03,-7.410397552356e-05,3.265080598593e-03,-2.269785894732e-02,1.855027711209e+01,-3.146085892346e+02,1.867677919567e-04,3.167540365404e-03
2.090000000000e+08,3.350335393175e-03,-1.488666821442e-04,3.353641086314e-03,-4.440415964903e-02,1.873070704570e+01,-3.130137339047e+02,1.904912517404e-04,3.183349023504e-03
2.095000000000e+08,3.433187139009e-03,-2.290205490182e-04,3.440817394651e-03,-6.660916950456e-02,1.891126849080e+01,-3.114299972376e+02,1.942680155365e-04,3.199197746641e-03
2.100000000000e+08,3.512458498798e-03,-3.142565417155e-04,3.526488604800e-03,-8.923152660561e-02,1.909146246066e+01,-3.098571663014e+02,1.980936423075e-04,3.215088147082e-03
2.105000000000e+08,3.587844759132e-03,-4.042434091558e-04,3.610546045888e-03,-1.121970933331e-01,1.927081530998e+01,-3.082949927436e+02,2.019638178477e-04,3.231022287136e-03
2.110000000000e+08,3.659074200136e-03,-4.986306860372e-04,3.692892709402e-03,-1.354381053438e-01,1.944888088245e+01,-3.067431955753e+02,2.058743892903e-04,3.247002665073e-03
2.115000000000e+08,3.725909232486e-03,-5.970517725456e-04,3.773442781840e-03,-1.588924230263e-01,1.962524240568e+01,-3.052014640441e+02,2.098213980507e-04,3.263032198488e-03
2.120000000000e+08,3.788147261843e-03,-6.991270681066e-04,3.852121277266e-03,-1.825028750199e-01,1.979951413405e+01,-3.036694605784e+02,2.138011110179e-04,3.279114205241e-03
2.125000000000e+08,3.845621279537e-03,-8.044671359274e-04,3.928863754117e-03,-2.062166839189e-01,1.997134274075e+01,-3.021468237848e+02,2.178100498204e-04,3.295252382173e-03
2.130000000000e+08,3.898200180327e-03,-9.126758752205e-04,4.003616102863e-03,-2.299849650617e-01,2.014040846064e+01,-3.006331714819e+02,2.218450180095e-04,3.311450781745e-03
2.135000000000e+08,3.945788809949e-03,-1.023353678309e-03,4.076334393009e-03,-2.537622901988e-01,2.030642598672e+01,-2.991281037541e+02,2.259031260160e-04,3.327713786832e-03
2.140000000000e+08,3.988327747072e-03,-1.136100550284e-03,4.146984769495e-03,-2.775063087514e-01,2.046914512313e+01,-2.976312060077e+02,2.299818137578e-04,3.344046083840e-03
2.145000000000e+08,4.025792826066e-03,-1.250519169515e-03,4.215543389852e-03,-3.011774202617e-01,2.062835119886e+01,-2.961420520149e+02,2.340788707904e-04,3.360452634383e-03
2.150000000000e+08,4.058194408776e-03,-1.366217868087e-03,4.281996394499e-03,-3.247384924661e-01,2.078386524656e+01,-2.946602069290e+02,2.381924539118e-04,3.376938645722e-03
2.155000000000e+08,4.085576415163e-03,-1.482813512173e-03,4.346339903416e-03,-3.481546201851e-01,2.093554395202e+01,-2.931852302549e+02,2.423211021534e-04,3.393509540199e-03
2.160000000000e+08,4.108015124229e-03,-1.599934263416e-03,4.408580033089e-03,-3.713929209014e-01,2.108327938057e+01,-2.917166787601e+02,2.464637491054e-04,3.410170923886e-03
2.165000000000e+08,4.125617758139e-03,-1.717222203561e-03,4.468732928099e-03,-3.944223635033e-01,2.122699848735e+01,-2.902541093125e+02,2.506197325467e-04,3.426928554681e-03
2.170000000000e+08,4.138520863798e-03,-1.834335805935e-03,4.526824802113e-03,-4.172136271948e-01,2.136666241963e+01,-2.887970816276e+02,2.547888013666e-04,3.443788310076e-03
2.175000000000e+08,4.146888507346e-03,-1.950952238724e-03,4.582891983250e-03,-4.397389880283e-01,2.150226562009e+01,-2.873451609144e+02,2.589711197873e-04,3.460756154827e-03
2.180000000000e+08,4.150910298144e-03,-2.066769486565e-03,4.636980958969e-03,-4.619722309001e-01,2.163383474089e+01,-2.858979204043e+02,2.631672689116e-04,3.477838108752e-03
2.185000000000e+08,4.150799259745e-03,-2.181508278498e-03,4.689148415635e-03,-4.838885851679e-01,2.176142737951e+01,-2.844549437509e+02,2.673782456413e-04,3.495040214859e-03
2.190000000000e+08,4.146789566125e-03,-2.294913812011e-03,4.739461267937e-03,-5.054646823101e-01,2.188513064817e+01,-2.830158272884e+02,2.716054590284e-04,3.512368508040e-03
2.195000000000e+08,4.139134162114e-03,-2.406757264584e-03,4.787996673203e-03,-5.266785342389e-01,2.200505958963e+01,-2.815801821382e+02,2.758507241374e-04,3.529828984519e-03
2.200000000000e+08,4.128102287400e-03,-2.516837085872e-03,4.834842025553e-03,-5.475095310267e-01,2.212135545304e+01,-2.801476361520e+02,2.801162535143e-04,3.547427572255e-03
2.205000000000e+08,4.113976923810e-03,-2.624980065421e-03,4.880094924640e-03,-5.679384568821e-01,2.223418384441e+01,-2.787178356835e+02,2.844046463718e-04,3.565170102478e-03
2.210000000000e+08,4.097052185757e-03,-2.731042172536e-03,4.923863113551e-03,-5.879475232437e-01,2.234373276694e+01,-2.772904471795e+02,2.887188756150e-04,3.583062282543e-03
2.215000000000e+08,4.077630673679e-03,-2.834909166688e-03,4.966264380226e-03,-6.075204178260e-01,2.245021056725e+01,-2.758651585848e+02,2.930622728426e-04,3.601109670252e-03
2.220000000000e+08,4.056020810216e-03,-2.936496978533e-03,5.007426416618e-03,-6.266423683735e-01,2.255384380397e+01,-2.744416805547e+02,2.974385114733e-04,3.619317649794e-03
2.225000000000e+08,4.032534178516e-03,-3.035751863291e-03,5.047486629638e-03,-6.453002197347e-01,2.265487505560e+01,-2.730197474716e+02,3.018515881540e-04,3.637691409440e-03
2.230000000000e+08,4.007482881654e-03,-3.132650329851e-03,5.086591897908e-03,-6.634825226801e-01,2.275356068495e+01,-2.715991182628e+02,3.063058026159e-04,3.656235921101e-03
2.235000000000e+08,3.981176941560e-03,-3.227198850518e-03,5.124898268336e-03,-6.811796326477e-01,2.285016857742e+01,-2.701795770192e+02,3.108057361540e-04,3.674955921866e-03
2.240000000000e+08,3.953921755164e-03,-3.319433357789e-03,5.162570586710e-03,-6.983838163166e-01,2.294497587054e+01,-2.687609334153e+02,3.153562289070e-04,3.693855897586e-03
2.245000000000e+08,3.926015624654e-03,-3.409418535927e-03,5.199782056794e-03,-7.150893635901e-01,2.303826669174e+01,-2.673430229326e+02,3.199623561245e-04,3.712940068605e-03
2.250000000000e+08,3.897747377810e-03,-3.497246916419e-03,5.236713722901e-03,-7.312927022292e-01,2.313032992121e+01,-2.659257068903e+02,3.246294036056e-04,3.732212377655e-03
2.255000000000e+08,3.869394093398e-03,-3.583037787555e-03,5.273553871638e-03,-7.469925120227e-01,2.322145699614e+01,-2.645088722894e+02,3.293628424994e-04,3.751676479990e-03
2.260000000000e+08,3.841218945494e-03,-3.666935929499e-03,5.310497349428e-03,-7.621898350369e-01,2.331193977171e+01,-2.630924314755e+02,3.341683036561e-04,3.771335735760e-03
2.265000000000e+08,3.813469179442e-03,-3.749110187142e-03,5.347744793638e-03,-7.768881781728e-01,2.340206845364e+01,-2.616763216299e+02,3.390515517156e-04,3.791193204636e-03
2.270000000000e+08,3.786374230946e-03,-3.829751893923e-03,5.385501776602e-03,-7.910936039975e-01,2.349212961601e+01,-2.602605040973e+02,3.440184591198e-04,3.811251642690e-03
2.275000000000e+08,3.760143998515e-03,-3.909073160525e-03,5.423977863515e-03,-8.048148056339e-01,2.358240431701e+01,-2.588449635615e+02,3.490749802314e-04,3.831513501492e-03
2.280000000000e+08,3.734967278164e-03,-3.987305042961e-03,5.463385587214e-03,-8.180631614206e-01,2.367316632388e+01,-2.574297070807e+02,3.542271257355e-04,3.851980929401e-03
2.285000000000e+08,3.711010367968e-03,-4.064695605083e-03,5.503939344973e-03,-8.308527651152e-01,2.376468045735e+01,-2.560147629935e+02,3.594809374972e-04,3.872655774992e-03
2.290000000000e+08,3.688415848683e-03,-4.141507890917e-03,5.545854224855e-03,-8.432004276317e-01,2.385720106414e+01,-2.546001797109e+02,3.648424640411e-04,3.893539592565e-03
2.295000000000e+08,3.667301545332e-03,-4.218017822482e-03,5.589344771543e-03,-8.551256466990e-01,2.395097062493e+01,-2.531860244067e+02,3.703177368099e-04,3.914633649651e-03
2.300000000000e+08,3.647759673279e-03,-4.294512038916e-03,5.634623704063e-03,-8.666505414120e-01,2.404621850357e+01,-2.517723816199e+02,3.759127473533e-04,3.935938936444e-03
2.305000000000e+08,3.629856170998e-03,-4.371285692761e-03,5.681900600140e-03,-8.777997494140e-01,2.414315984196e+01,-2.503593517854e+02,3.816334255887e-04,3.957456177049e-03
2.310000000000e+08,3.613630220422e-03,-4.448640219199e-03,5.731380564038e-03,-8.886002853997e-01,2.424199460356e+01,-2.489470497055e+02,3.874856192651e-04,3.979185842454e-03
2.315000000000e+08,3.599093954482e-03,-4.526881093851e-03,5.783262896589e-03,-8.990813607211e-01,2.434290676694e+01,-2.475356029775e+02,3.934750747538e-04,4.001128165108e-03
2.320000000000e+08,3.586232350196e-03,-4.606315594489e-03,5.837739787420e-03,-9.092741650910e-01,2.444606366953e+01,-2.461251503916e+02,3.996074192765e-04,4.023283154973e-03
2.325000000000e+08,3.575003304478e-03,-4.687250581665e-03,5.894995050240e-03,-9.192116126463e-01,2.455161550042e+01,-2.447158403122e+02,4.058881446726e-04,4.045650616947e-03
2.330000000000e+08,3.565337888664e-03,-4.769990312797e-03,5.955202922195e-03,-9.289280559073e-01,2.465969493974e+01,-2.433078290568e+02,4.123225927970e-04,4.068230169501e-03
2.335000000000e+08,3.557140776676e-03,-4.854834303737e-03,6.018526947837e-03,-9.384589723726e-01,2.477041694098e+01,-2.419012792840e+02,4.189159426262e-04,4.091021264406e-03
2.340000000000e+08,3.550290840686e-03,-4.942075251260e-03,6.085118967003e-03,-9.478406295599e-01,2.488387865176e+01,-2.404963584036e+02,4.256731991409e-04,4.114023207398e-03
2.345000000000e+08,3.544641907176e-03,-5.031997029205e-03,6.155118224051e-03,-9.571097351798e-01,2.500015946734e+01,-2.390932370197e+02,4.325991840437e-04,4.137235179647e-03
2.350000000000e+08,3.540023665370e-03,-5.124872770325e-03,6.228650613368e-03,-9.663030797513e-01,2.511932121050e+01,-2.376920874162e+02,4.396985283535e-04,4.160656259872e-03
2.355000000000e+08,3.536242719174e-03,-5.220963045057e-03,6.305828073042e-03,-9.754571793009e-01,2.524140843070e+01,-2.362930820965e+02,4.469756669139e-04,4.184285446956e-03
2.360000000000e+08,3.533083772983e-03,-5.320514147625e-03,6.386748135161e-03,-9.846079258097e-01,2.536644881474e+01,-2.348963923824e+02,4.544348348357e-04,4.208121682913e-03
2.365000000000e+08,3.530310941012e-03,-5.423756498981e-03,6.471493637520e-03,-9.937902527816e-01,2.549445370073e+01,-2.335021870831e+02,4.620800658869e-04,4.232163876060e-03
2.370000000000e+08,3.527669169195e-03,-5.530903175176e-03,6.560132597781e-03,-1.003037822720e+00,2.562541868673e+01,-2.321106312389e+02,4.699151928290e-04,4.256410924235e-03
2.375000000000e+08,3.524885758126e-03,-5.642148568772e-03,6.652718247449e-03,-1.012382742464e+00,2.575932432524e+01,-2.307218849459e+02,4.779438496896e-04,4.280861737924e-03
2.380000000000e+08,3.521671975052e-03,-5.757667189944e-03,6.749289219616e-03,-1.021855311280e+00,2.589613689446e+01,-2.293361022660e+02,4.861694759523e-04,4.305515263146e-03
2.385000000000e+08,3.517724742548e-03,-5.877612612882e-03,6.849869881351e-03,-1.031483805447e+00,2.603580923722e+01,-2.279534302267e+02,4.945953226300e-04,4.330370503961e-03
2.390000000000e+08,3.512728391156e-03,-6.002116572087e-03,6.954470799058e-03,-1.041294301773e+00,2.617828165839e+01,-2.265740079122e+02,5.032244601828e-04,4.355426544453e-03
2.395000000000e+08,3.506356463073e-03,-6.131288212090e-03,7.063089323083e-03,-1.051310541260e+00,2.632348287192e+01,-2.251979656497e+02,5.120597882296e-04,4.380682570062e-03
2.400000000000e+08,3.498273553774e-03,-6.265213493090e-03,7.175710276413e-03,-1.061553832910e+00,2.647133098846e+01,-2.238254242902e+02,5.211040469933e-04,4.406137888134e-03
2.405000000000e+08,3.488137178407e-03,-6.403954753931e-03,7.292306731465e-03,-1.072042996544e+00,2.662173453499e+01,-2.224564945854e+02,5.303598304120e-04,4.431791947564e-03
2.410000000000e+08,3.475599649797e-03,-6.547550432788e-03,7.412840858643e-03,-1.082794342606e+00,2.677459349807e+01,-2.210912766605e+02,5.398296008395e-04,4.457644357414e-03
2.415000000000e+08,3.460309954951e-03,-6.696014944884e-03,7.537264830589e-03,-1.093821686083e+00,2.692980038267e+01,-2.197298595815e+02,5.495157052497e-04,4.483694904402e-03
2.420000000000e+08,3.441915617147e-03,-6.849338715516e-03,7.665521766679e-03,-1.105136391142e+00,2.708724127884e+01,-2.183723210154e+02,5.594203928560e-04,4.509943569143e-03
2.425000000000e+08,3.420064530896e-03,-7.007488365668e-03,7.797546703321e-03,-1.116747442650e+00,2.724679692883e+01,-2.170187269825e+02,5.695458340436e-04,4.536390541068e-03
2.430000000000e+08,3.394406757400e-03,-7.170407046453e-03,7.933267576888e-03,-1.128661540538e+00,2.740834378788e+01,-2.156691316967e+02,5.798941405142e-04,4.563036231909e-03
2.435000000000e+08,3.364596268493e-03,-7.338014917709e-03,8.072606207569e-03,-1.140883212916e+00,2.757175507198e+01,-2.143235774921e+02,5.904673865298e-04,4.589881287684e-03
2.440000000000e+08,3.330292627532e-03,-7.510209765096e-03,8.215479273952e-03,-1.153414943926e+00,2.773690178664e+01,-2.129820948326e+02,6.012676311424e-04,4.616926599113e-03
2.445000000000e+08,3.291162596214e-03,-7.686867749160e-03,8.361799269762e-03,-1.166257312526e+00,2.790365373095e+01,-2.116447023997e+02,6.122969412904e-04,4.644173310389e-03
2.450000000000e+08,3.246881656891e-03,-7.867844278987e-03,8.511475435683e-03,-1.179409138668e+00,2.807188047177e+01,-2.103114072562e+02,6.235574156382e-04,4.671622826259e-03
2.455000000000e+08,3.197135440641e-03,-8.052975002249e-03,8.664414660705e-03,-1.192867633706e+00,2.824145228312e+01,-2.089822050812e+02,6.350512090329e-04,4.699276817379e-03
2.460000000000e+08,3.141621052038e-03,-8.242076902702e-03,8.820522348742e-03,-1.206628552225e+00,2.841224104664e+01,-2.076570804707e+02,6.467805574519e-04,4.727137223889e-03
2.465000000000e+08,3.080048282365e-03,-8.434949495504e-03,8.979703247514e-03,-1.220686342904e+00,2.858412110894e+01,-2.063360073021e+02,6.587478033098e-04,4.755206257206e-03
2.470000000000e+08,3.012140703840e-03,-8.631376110101e-03,9.141862237736e-03,-1.235034296404e+00,2.875697009248e+01,-2.050189491550e+02,6.709554209962e-04,4.783486399998e-03
2.475000000000e+08,2.937636638308e-03,-8.831125249839e-03,9.306905081555e-03,-1.249664688674e+00,2.893066965672e+01,-2.037058597859e+02,6.834060425136e-04,4.811980404358e-03
2.480000000000e+08,2.856289994760e-03,-9.033952017024e-03,9.474739129921e-03,-1.264568918416e+00,2.910510620703e+01,-2.023966836503e+02,6.961024830859e-04,4.840691288161e-03
2.485000000000e+08,2.767870971026e-03,-9.239599591682e-03,9.645273989206e-03,-1.279737637763e+00,2.928017154870e+01,-2.010913564691e+02,7.090477666098e-04,4.869622329630e-03
2.490000000000e+08,2.672166615947e-03,-9.447800751971e-03,9.818422147796e-03,-1.295160875538e+00,2.945576348441e+01,-1.997898058319e+02,7.222451508252e-04,4.898777060142e-03
2.495000000000e+08,2.568981249378e-03,-9.658279423944e-03,9.994099563774e-03,-1.310828152696e+00,2.963178635336e+01,-1.984919518354e+02,7.356981520789e-04,4.928159255283e-03
2.500000000000e+08,2.458136738382e-03,-9.870752248165e-03,1.017222621501e-02,-1.326728589762e+00,2.980815151080e+01,-1.971977077491e+02,7.494105695667e-04,4.957772924228e-03
2.505000000000e+08,2.339472629042e-03,-1.008493015064e-02,1.035272661308e-02,-1.342851006262e+00,2.998477774729e+01,-1.959069807052e+02,7.633865089371e-04,4.987622297466e-03
2.510000000000e+08,2.212846134350e-03,-1.030051990544e-02,1.053553028266e-02,-1.359184012277e+00,3.016159164683e+01,-1.946196724069e+02,7.776304051484e-04,5.017711812947e-03
2.515000000000e+08,2.078131979682e-03,-1.051722567670e-02,1.072057220765e-02,-1.375716092375e+00,3.033852788393e+01,-1.933356798512e+02,7.921470444766e-04,5.048046100720e-03
2.520000000000e+08,1.935222108422e-03,-1.073475052739e-02,1.090779324585e-02,-1.392435682239e+00,3.051552945949e+01,-1.920548960607e+02,8.069415855763e-04,5.078629966117e-03
2.525000000000e+08,1.784025251272e-03,-1.095279788322e-02,1.109714051312e-02,-1.409331238386e+00,3.069254787613e+01,-1.907772108192e+02,8.220195795045e-04,5.109468371591e-03
2.530000000000e+08,1.624466363831e-03,-1.117107293962e-02,1.128856773862e-02,-1.426391301389e+00,3.086954325350e+01,-1.895025114084e+02,8.373869886264e-04,5.140566417271e-03
2.535000000000e+08,1.456485937945e-03,-1.138928400072e-02,1.148203559202e-02,-1.443604553072e+00,3.104648438485e+01,-1.882306833396e+02,8.530502043270e-04,5.171929320340e-03
2.540000000000e+08,1.280039193261e-03,-1.160714373953e-02,1.167751198357e-02,-1.460959868099e+00,3.122334873594e+01,-1.869616110764e+02,8.690160634619e-04,5.203562393329e-03
2.545000000000e+08,1.095095156303e-03,-1.182437036906e-02,1.187497233791e-02,-1.478446360431e+00,3.140012238814e+01,-1.856951787447e+02,8.852918634921e-04,5.235471021429e-03
2.550000000000e+08,9.016356351947e-04,-1.204068871492e-02,1.207439984215e-02,-1.496053425070e+00,3.157679992751e+01,-1.844312708260e+02,9.018853762504e-04,5.267660638922e-03
2.555000000000e+08,6.996540989333e-04,-1.225583118046e-02,1.227578566863e-02,-1.513770775504e+00,3.175338428204e+01,-1.831697728294e+02,9.188048603030e-04,5.300136704842e-03
2.560000000000e+08,4.891544707953e-04,-1.246953859650e-02,1.247912917258e-02,-1.531588477240e+00,3.192988650950e+01,-1.819105719396e+02,9.360590718725e-04,5.332904677970e-03
2.565000000000e+08,2.701498461174e-04,-1.268156094825e-02,1.268443806495e-02,-1.549496977786e+00,3.210632553851e+01,-1.806535576374e+02,9.536572743039e-04,5.365969991274e-03
2.570000000000e+08,4.266114523269e-05,-1.289165797324e-02,1.289172856030e-02,-1.567487133393e+00,3.228272786583e+01,-1.793986222886e+02,9.716092460590e-04,5.399338025903e-03
2.575000000000e+08,-1.932842871617e-04,-1.309959962459e-02,1.310102549956e-02,-1.585550232863e+00,3.245912721279e+01,-1.781456617002e+02,9.899252872372e-04,5.433014084840e-03
2.580000000000e+08,-4.376541245244e-04,-1.330516639521e-02,1.331236244762e-02,-1.603678018672e+00,3.263556414424e+01,-1.768945756392e+02,1.008616224629e-03,5.467003366326e-03
2.585000000000e+08,-6.904125308724e-04,-1.350814949944e-02,1.352578176528e-02,-1.621862705627e+00,3.281208565350e+01,-1.756452683133e+02,1.027693415313e-03,5.501310937154e-03
2.590000000000e+08,-9.515216508112e-04,-1.370835090935e-02,1.374133465519e-02,-1.640096997261e+00,3.298874471677e+01,-1.743976488110e+02,1.047168748828e-03,5.535941705934e-03
2.595000000000e+08,-1.220943104781e-03,-1.390558324441e-02,1.395908118152e-02,-1.658374100122e+00,3.316559982074e+01,-1.731516314987e+02,1.067054647941e-03,5.570900396434e-03
2.600000000000e+08,-1.498639477022e-03,-1.409966951368e-02,1.417909026268e-02,-1.676687736076e+00,3.334271446729e+01,-1.719071363749e+02,1.087364068054e-03,5.606191521074e-03
2.605000000000e+08,-1.784575783764e-03,-1.429044271125e-02,1.440143963677e-02,-1.695032152748e+00,3.352015665892e+01,-1.706640893781e+02,1.108110495297e-03,5.641819354679e-03
2.610000000000e+08,-2.078720909218e-03,-1.447774526612e-02,1.462621579935e-02,-1.713402132163e+00,3.369799836903e+01,-1.694224226508e+02,1.129307943359e-03,5.677787908567e-03
2.615000000000e+08,-2.381048997133e-03,-1.466142834905e-02,1.485351391292e-02,-1.731792997656e+00,3.387631500078e+01,-1.681820747556e+02,1.150970949113e-03,5.714100905033e-03
2.620000000000e+08,-2.691540785859e-03,-1.484135103979e-02,1.508343768801e-02,-1.750200619080e+00,3.405518483848e+01,-1.669429908467e+02,1.173114567101e-03,5.750761752330e-03
2.625000000000e+08,-3.010184875228e-03,-1.501737935877e-02,1.531609923539e-02,-1.768621416335e+00,3.423468849527e+01,-1.657051227945e+02,1.195754362948e-03,5.787773520176e-03
2.630000000000e+08,-3.336978913878e-03,-1.518938516871e-02,1.555161888921e-02,-1.787052361224e+00,3.441490836092e+01,-1.644684292651e+02,1.218906405777e-03,5.825138915872e-03
2.635000000000e+08,-3.671930696127e-03,-1.535724495193e-02,1.579012500111e-02,-1.805490977625e+00,3.459592805331e+01,-1.632328757553e+02,1.242587259701e-03,5.862860261053e-03
2.640000000000e+08,-4.015059157954e-03,-1.552083847033e-02,1.603175370519e-02,-1.823935339975e+00,3.477783187716e+01,-1.619984345842e+02,1.266813974479e-03,5.900939469136e-03
2.645000000000e+08,-4.366395262247e-03,-1.568004731569e-02,1.627664865409e-02,-1.842384070029e+00,3.496070429327e+01,-1.607650848424e+02,1.291604075402e-03,5.939378023480e-03
2.650000000000e+08,-4.725982764026e-03,-1.583475335845e-02,1.652496072639e-02,-1.860836331887e+00,3.514462940154e+01,-1.595328123019e+02,1.316975552516e-03,5.978176956293e-03
2.655000000000e+08,-5.093878847027e-03,-1.598483710407e-02,1.677684770605e-02,-1.879291825249e+00,3.532969044062e+01,-1.583016092866e+02,1.342946849236e-03,6.017336828292e-03
2.660000000000e+08,-5.470154623708e-03,-1.613017596661e-02,1.703247393426e-02,-1.897750776895e+00,3.551596930704e+01,-1.570714745069e+02,1.369536850471e-03,6.056857709144e-03
2.665000000000e+08,-5.854895491457e-03,-1.627064246946e-02,1.729200993479e-02,-1.916213930357e+00,3.570354609629e+01,-1.558424128605e+02,1.396764870313e-03,6.096739158662e-03
2.670000000000e+08,-6.248201338524e-03,-1.640610238409e-02,1.755563201380e-02,-1.934682533780e+00,3.589249866799e+01,-1.546144352017e+02,1.424650639389e-03,6.136980208772e-03
2.675000000000e+08,-6.650186593989e-03,-1.653641281771e-02,1.782352183528e-02,-1.953158325989e+00,3.608290223737e+01,-1.533875580818e+02,1.453214291960e-03,6.177579346222e-03
2.680000000000e+08,-7.060980116853e-03,-1.666142026142e-02,1.809586597371e-02,-1.971643520746e+00,3.627482899452e+01,-1.521618034632e+02,1.482476352839e-03,6.218534496018e-03
2.685000000000e+08,-7.480724920151e-03,-1.678095861045e-02,1.837285544538e-02,-1.990140789251e+00,3.646834775312e+01,-1.509371984111e+02,1.512457724205e-03,6.259843005557e-03
2.690000000000e+08,-7.909577726822e-03,-1.689484716866e-02,1.865468522031e-02,-2.008653240926e+00,3.666352362962e+01,-1.497137747634e+02,1.543179672391e-03,6.301501629408e-03
2.695000000000e+08,-8.347708354868e-03,-1.700288864943e-02,1.894155371671e-02,-2.027184402523e+00,3.686041775382e+01,-1.484915687848e+02,1.574663814721e-03,6.343506514721e-03
2.700000000000e+08,-8.795298930177e-03,-1.710486718540e-02,1.923366228001e-02,-2.045738195657e+00,3.705908701155e+01,-1.472706208047e+02,1.606932106444e-03,6.385853187191e-03
2.705000000000e+08,-9.252542926223e-03,-1.720054635937e-02,1.953121464893e-02,-2.064318912851e+00,3.725958381977e+01,-1.460509748448e+02,1.640006827845e-03,6.428536537538e-03
2.710000000000e+08,-9.719644030642e-03,-1.728966726907e-02,1.983441641082e-02,-2.082931192191e+00,3.746195593417e+01,-1.448326782368e+02,1.673910571581e-03,6.471550808425e-03
2.715000000000e+08,-1.019681483955e-02,-1.737194663813e-02,2.014347444882e-02,-2.101579990742e+00,3.766624628913e+01,-1.436157812348e+02,1.708666230294e-03,6.514889581764e-03
2.720000000000e+08,-1.068427538121e-02,-1.744707498578e-02,2.045859638345e-02,-2.120270556862e+00,3.787249286981e+01,-1.424003366242e+02,1.744296984543e-03,6.558545766327e-03
2.725000000000e+08,-1.118225147150e-02,-1.751471486759e-02,2.077999001118e-02,-2.139008401565e+00,3.808072861556e+01,-1.411863993291e+02,1.780826291104e-03,6.602511585582e-03
2.730000000000e+08,-1.169097290443e-02,-1.757449919947e-02,2.110786274269e-02,-2.157799269124e+00,3.829098135408e+01,-1.399740260226e+02,1.818277871656e-03,6.646778565688e-03
2.735000000000e+08,-1.221067148156e-02,-1.762602967687e-02,2.144242104335e-02,-2.176649107087e+00,3.850327376532e+01,-1.387632747398e+02,1.856675701897e-03,6.691337523543e-03
2.740000000000e+08,-1.274157888518e-02,-1.766887530103e-02,2.178386987866e-02,-2.195564035908e+00,3.871762337386e+01,-1.375542044983e+02,1.896044001095e-03,6.736178554812e-03
2.745000000000e+08,-1.328392440059e-02,-1.770257102369e-02,2.213241216698e-02,-2.214550318386e+00,3.893404256871e+01,-1.363468749251e+02,1.936407222094e-03,6.781291021834e-03
2.750000000000e+08,-1.383793249362e-02,-1.772661652155e-02,2.248824824214e-02,-2.233614329127e+00,3.915253864900e+01,-1.351413458956e+02,1.977790041781e-03,6.826663541316e-03
2.755000000000e+08,-1.440382025028e-02,-1.774047511124e-02,2.285157532808e-02,-2.252762524223e+00,3.937311389414e+01,-1.339376771823e+02,2.020217352006e-03,6.872283971713e-03
2.760000000000e+08,-1.498179468588e-02,-1.774357281541e-02,2.322258702784e-02,-2.272001411365e+00,3.959576565677e+01,-1.327359281183e+02,2.063714250953e-03,6.918139400198e-03
2.765000000000e+08,-1.557204993185e-02,-1.773529758984e-02,2.360147282863e-02,-2.291337520574e+00,3.982048647699e+01,-1.315361572736e+02,2.108306034937e-03,6.964216129115e-03
2.770000000000e+08,-1.617476430892e-02,-1.771499872145e-02,2.398841762497e-02,-2.310777375758e+00,4.004726421606e+01,-1.303384221488e+02,2.154018190604e-03,7.010499661809e-03
2.775000000000e+08,-1.679009729588e-02,-1.768198640616e-02,2.438360126136e-02,-2.330327467263e+00,4.027608220787e+01,-1.291427788838e+02,2.200876387508e-03,7.056974687742e-03
2.780000000000e+08,-1.741818640394e-02,-1.763553151556e-02,2.478719809577e-02,-2.349994225588e+00,4.050691942645e+01,-1.279492819848e+02,2.248906470999e-03,7.103625066765e-03
2.785000000000e+08,-1.805914396688e-02,-1.757486556033e-02,2.519937658515e-02,-2.369783996433e+00,4.073975066780e+01,-1.267579840690e+02,2.298134455402e-03,7.150433812459e-03
2.790000000000e+08,-1.871305385799e-02,-1.749918085831e-02,2.562029889373e-02,-2.389703017195e+00,4.097454674418e+01,-1.255689356275e+02,2.348586517401e-03,7.197383074433e-03
2.795000000000e+08,-1.937996814508e-02,-1.740763091420e-02,2.605012052467e-02,-2.409757395045e+00,4.121127468938e+01,-1.243821848076e+02,2.400288989566e-03,7.244454119463e-03
2.800000000000e+08,-2.005990369554e-02,-1.729933101746e-02,2.648898997557e-02,-2.429953086695e+00,4.144989797304e+01,-1.231977772131e+02,2.453268353951e-03,7.291627311379e-03
2.805000000000e+08,-2.075283874337e-02,-1.717335906437e-02,2.693704841778e-02,-2.450295879907e+00,4.169037672260e+01,-1.220157557246e+02,2.507551235660e-03,7.338882089581e-03
2.810000000000e+08,-2.145870943113e-02,-1.702875660968e-02,2.739442939945e-02,-2.470791376838e+00,4.193266795125e+01,-1.208361603380e+02,2.563164396292e-03,7.386196946091e-03
2.815000000000e+08,-2.217740633959e-02,-1.686453015236e-02,2.786125857191e-02,-2.491444979240e+00,4.217672579037e+01,-1.196590280217e+02,2.620134727148e-03,7.433549401033e-03
2.820000000000e+08,-2.290877101850e-02,-1.667965265973e-02,2.833765343898e-02,-2.512261875540e+00,4.242250172503e+01,-1.184843925930e+02,2.678489242085e-03,7.480915976438e-03
2.825000000000e+08,-2.365259253204e-02,-1.647306533340e-02,2.882372312810e-02,-2.533247029806e+00,4.266994483127e+01,-1.173122846110e+02,2.738255069880e-03,7.528272168279e-03
2.830000000000e+08,-2.440860403296e-02,-1.624367961956e-02,2.931956818271e-02,-2.554405172577e+00,4.291900201380e+01,-1.161427312890e+02,2.799459445955e-03,7.575592416649e-03
2.835000000000e+08,-2.517647937945e-02,-1.599037946601e-02,2.982528037439e-02,-2.575740793525e+00,4.316961824300e+01,-1.149757564219e+02,2.862129703323e-03,7.622850073974e-03
2.840000000000e+08,-2.595582980931e-02,-1.571202382712e-02,3.034094253371e-02,-2.597258135907e+00,4.342173679013e+01,-1.138113803315e+02,2.926293262569e-03,7.670017371194e-03
2.845000000000e+08,-2.674620068573e-02,-1.540744941759e-02,3.086662839828e-02,-2.618961192723e+00,4.367529945969e+01,-1.126496198266e+02,2.991977620695e-03,7.717065381821e-03
2.850000000000e+08,-2.754706832977e-02,-1.507547371494e-02,3.140240247647e-02,-2.640853704536e+00,4.393024681802e+01,-1.114904881787e+02,3.059210338626e-03,7.763963983803e-03
2.855000000000e+08,-2.835783695404e-02,-1.471489821002e-02,3.194831992521e-02,-2.662939158832e+00,4.418651841733e+01,-1.103339951111e+02,3.128019027182e-03,7.810681819123e-03
2.860000000000e+08,-2.917783571300e-02,-1.432451190443e-02,3.250442644003e-02,-2.685220790862e+00,4.444405301442e+01,-1.091801468027e+02,3.198431331277e-03,7.857186251083e-03
2.865000000000e+08,-3.000631588458e-02,-1.390309505233e-02,3.307075815580e-02,-2.707701585825e+00,4.470278878332e+01,-1.080289459035e+02,3.270474912117e-03,7.903443319213e-03
2.870000000000e+08,-3.084244819856e-02,-1.344942314438e-02,3.364734155617e-02,-2.730384282326e+00,4.496266352141e+01,-1.068803915621e+02,3.344177427146e-03,7.949417691775e-03
2.875000000000e+08,-3.168532032676e-02,-1.296227112982e-02,3.423419338983e-02,-2.753271376957e+00,4.522361484833e+01,-1.057344794649e+02,3.419566507468e-03,7.995072615825e-03
2.880000000000e+08,-3.253393455032e-02,-1.244041787296e-02,3.483132059194e-02,-2.776365129925e+00,4.548558039746e+01,-1.045912018848e+02,3.496669732456e-03,8.040369864828e-03
2.885000000000e+08,-3.338720561933e-02,-1.188265083885e-02,3.543872020863e-02,-2.799667571583e+00,4.574849799935e+01,-1.034505477401e+02,3.575514601269e-03,8.085269683813e-03
2.890000000000e+08,-3.424395881993e-02,-1.128777100283e-02,3.605637932285e-02,-2.823180509773e+00,4.601230585700e+01,-1.023125026611e+02,3.656128500931e-03,8.129730732107e-03
2.895000000000e+08,-3.510292826418e-02,-1.065459797747e-02,3.668427497964e-02,-2.846905537849e+00,4.627694271269e+01,-1.011770490653e+02,3.738538670667e-03,8.173710023651e-03
2.900000000000e+08,-3.596275541785e-02,-9.981975350146e-03,3.732237410904e-02,-2.870844043296e+00,4.654234800612e+01,-1.000441662396e+02,3.822772162134e-03,8.217162864978e-03
2.905000000000e+08,-3.682198788118e-02,-9.268776223438e-03,3.797063344483e-02,-2.894997216814e+00,4.680846202381e+01,-9.891383042864e+01,3.908855795177e-03,8.260042790926e-03
2.910000000000e+08,-3.767907843780e-02,-8.513908950159e-03,3.862899943739e-02,-2.919366061778e+00,4.707522603970e+01,-9.778601492866e+01,3.996816108737e-03,8.302301498169e-03
2.915000000000e+08,-3.853238438680e-02,-7.716323053901e-03,3.929740815886e-02,-2.943951403986e+00,4.734258244679e+01,-9.666069018659e+01,4.086679306512e-03,8.343888776720e-03
2.920000000000e+08,-3.938016717286e-02,-6.875015325404e-03,3.997578519913e-02,-2.968753901583e+00,4.761047488006e+01,-9.553782390311e+01,4.178471196951e-03,8.384752439546e-03
2.925000000000e+08,-4.022059232963e-02,-5.989036084323e-03,4.066404555090e-02,-2.993774055095e+00,4.787884833053e+01,-9.441738113936e+01,4.272217127152e-03,8.424838250490e-03
2.930000000000e+08,-4.105172975095e-02,-5.057495595223e-03,4.136209348233e-02,-3.019012217478e+00,4.814764925062e+01,-9.329932442663e+01,4.367941910225e-03,8.464089850730e-03
2.935000000000e+08,-4.187155430517e-02,-4.079570625907e-03,4.206982239590e-02,-3.044468604121e+00,4.841682565106e+01,-9.218361387831e+01,4.465669745660e-03,8.502448684034e-03
2.940000000000e+08,-4.267794680716e-02,-3.054511135409e-03,4.278711467196e-02,-3.070143302719e+00,4.868632718923e+01,-9.107020730379e+01,4.565424132231e-03,8.539853921121e-03
2.945000000000e+08,-4.346869536309e-02,-1.981647078172e-03,4.351384149569e-02,-3.096036282970e+00,4.895610524944e+01,-8.995906032349e+01,4.667227772950e-03,8.576242383479e-03
2.950000000000e+08,-4.424149710287e-02,-8.603953100860e-04,4.424986266637e-02,-3.122147406025e+00,4.922611301510e+01,-8.885012648472e+01,4.771102471605e-03,8.611548467044e-03
2.955000000000e+08,-4.499396031506e-02,3.097334188284e-04,4.499502638764e-02,-3.148476433641e+00,4.949630553315e+01,-8.774335737783e+01,4.877069020353e-03,8.645704066186e-03
2.960000000000e+08,-4.572360699946e-02,1.529127401286e-03,4.574916903782e-02,-3.175023036997e+00,4.976663977100e+01,-8.663870275219e+01,4.985147077912e-03,8.678638498533e-03
2.965000000000e+08,-4.642787585213e-02,2.798066856361e-03,4.651211491938e-02,-3.201786805123e+00,5.003707466606e+01,-8.553611063167e+01,5.095355037827e-03,8.710278431181e-03
2.970000000000e+08,-4.710412569813e-02,4.116716778217e-03,4.728367598672e-02,-3.228767252907e+00,5.030757116846e+01,-8.443552742914e+01,5.207709886331e-03,8.740547808954e-03
2.975000000000e+08,-4.774963938695e-02,5.485119769485e-03,4.806365155156e-02,-3.255963828640e+00,5.057809227695e+01,-8.333689805971e+01,5.322227049329e-03,8.769367785402e-03
2.980000000000e+08,-4.836162816589e-02,6.903188880181e-03,4.885182796551e-02,-3.283375921080e+00,5.084860306836e+01,-8.224016605234e+01,5.438920228019e-03,8.796656657339e-03
2.985000000000e+08,-4.893723654634e-02,8.370700474494e-03,4.964797827934e-02,-3.311002866000e+00,5.111907072111e+01,-8.114527365960e+01,5.557801222724e-03,8.822329803764e-03
2.990000000000e+08,-4.947354767824e-02,9.887287149354e-03,5.045186187887e-02,-3.338843952191e+00,5.138946453276e+01,-8.005216196519e+01,5.678879744513e-03,8.846299630127e-03
2.995000000000e+08,-4.996758924763e-02,1.145243073045e-02,5.126322409736e-02,-3.366898426913e+00,5.165975593216e+01,-7.896077098915e+01,5.802163214218e-03,8.868475518953e-03
3.000000000000e+08,-5.041633991212e-02,1.306545537321e-02,5.208179580471e-02,-3.395165500763e+00,5.192991848648e+01,-7.787103979033e+01,5.927656548533e-03,8.888763787957e-03
3.005000000000e+08,-5.081673628879e-02,1.472552079845e-02,5.290729297394e-02,-3.423644351954e+00,5.219992790330e+01,-7.678290656613e+01,6.055361932895e-03,8.907067656855e-03
3.010000000000e+08,-5.116568050878e-02,1.643161569446e-02,5.373941622550e-02,-3.452334129978e+00,5.246976202824e+01,-7.569630874926e+01,6.185278580933e-03,8.923287224183e-03
3.015000000000e+08,-5.146004835204e-02,1.818255131991e-02,5.457785035063e-02,-3.481233958651e+00,5.273940083842e+01,-7.461118310127e+01,6.317402480354e-03,8.937319455528e-03
3.020000000000e+08,-5.169669797510e-02,1.997695534453e-02,5.542226381488e-02,-3.510342938529e+00,5.300882643195e+01,-7.352746580298e+01,6.451726125202e-03,8.949058184677e-03
3.025000000000e+08,-5.187247924375e-02,2.181326596730e-02,5.627230824352e-02,-3.539660148680e+00,5.327802301391e+01,-7.244509254142e+01,6.588238234557e-03,8.958394129279e-03
3.030000000000e+08,-5.198424368119e-02,2.368972635507e-02,5.712761789086e-02,-3.569184647810e+00,5.354697687904e+01,-7.136399859347e+01,6.726923457836e-03,8.965214922735e-03
3.035000000000e+08,-5.202885504061e-02,2.560437944753e-02,5.798780909579e-02,-3.598915474728e+00,5.381567639151e+01,-7.028411890589e+01,6.867762067008e-03,8.969405164090e-03
3.040000000000e+08,-5.200320050938e-02,2.755506317793e-02,5.885247972651e-02,-3.628851648160e+00,5.408411196196e+01,-6.920538817193e+01,7.010729636195e-03,8.970846487829e-03
3.045000000000e+08,-5.190420254947e-02,2.953940616269e-02,5.972120861755e-02,-3.658992165893e+00,5.435227602228e+01,-6.812774090429e+01,7.155796709267e-03,8.969417655535e-03
3.050000000000e+08,-5.172883137598e-02,3.155482391626e-02,6.059355500308e-02,-3.689336003260e+00,5.462016299818e+01,-6.705111150458e+01,7.302928456288e-03,8.964994671452e-03
3.055000000000e+08,-5.147411807238e-02,3.359851565175e-02,6.146905795057e-02,-3.719882110946e+00,5.488776928011e+01,-6.597543432925e+01,7.452084319815e-03,8.957450924064e-03
3.060000000000e+08,-5.113716833691e-02,3.566746173147e-02,6.234723579986e-02,-3.750629412146e+00,5.515509319251e+01,-6.490064375193e+01,7.603217652342e-03,8.946657355844e-03
3.065000000000e+08,-5.071517685017e-02,3.775842183524e-02,6.322758561286e-02,-3.781576799049e+00,5.542213496186e+01,-6.382667422236e+01,7.756275346391e-03,8.932482663357e-03
3.070000000000e+08,-5.020544224857e-02,3.986793391813e-02,6.410958264000e-02,-3.812723128662e+00,5.568889668375e+01,-6.275346032187e+01,7.911197459053e-03,8.914793529929e-03
3.075000000000e+08,-4.960538268241e-02,4.199231403278e-02,6.499267981008e-02,-3.844067217993e+00,5.595538228906e+01,-6.168093681551e+01,8.067916833046e-03,8.893454893063e-03
3.080000000000e+08,-4.891255193020e-02,4.412765709461e-02,6.587630725067e-02,-3.875607838583e+00,5.622159750971e+01,-6.060903870090e+01,8.226358716707e-03,8.868330248750e-03
3.085000000000e+08,-4.812465603364e-02,4.626983867134e-02,6.675987184700e-02,-3.907343710412e+00,5.648754984399e+01,-5.953770125396e+01,8.386440385629e-03,8.839281994754e-03
3.090000000000e+08,-4.723957040878e-02,4.841451788031e-02,6.764275684794e-02,-3.939273495189e+00,5.675324852186e+01,-5.846686007147e+01,8.548070769022e-03,8.806171814834e-03
3.095000000000e+08,-4.625535737981e-02,5.055714147923e-02,6.852432152808e-02,-3.971395789040e+00,5.701870447026e+01,-5.739645111081e+01,8.711150084218e-03,8.768861105719e-03
3.100000000000e+08,-4.517028407131e-02,5.269294923663e-02,6.940390091585e-02,-4.003709114631e+00,5.728393027872e+01,-5.632641072674e+01,8.875569483131e-03,8.727211448449e-03
3.105000000000e+08,-4.398284058420e-02,5.481698066863e-02,7.028080559783e-02,-4.036211912733e+00,5.754894016539e+01,-5.525667570554e+01,9.041210714836e-03,8.681085125450e-03
3.110000000000e+08,-4.269175836812e-02,5.692408322727e-02,7.115432161034e-02,-4.068902533271e+00,5.781374994373e+01,-5.418718329667e+01,9.207945808792e-03,8.630345684417e-03
3.115000000000e+08,-4.129602869098e-02,5.900892202362e-02,7.202371042952e-02,-4.101779225889e+00,5.807837698982e+01,-5.311787124186e+01,9.375636783641e-03,8.574858549700e-03
3.120000000000e+08,-3.979492109248e-02,6.106599116469e-02,7.288820907172e-02,-4.134840130072e+00,5.834284021072e+01,-5.204867780209e+01,9.544135386813e-03,8.514491681475e-03
3.125000000000e+08,-3.818800169522e-02,6.308962677798e-02,7.374703031621e-02,-4.168083264871e+00,5.860716001371e+01,-5.097954178244e+01,9.713282870530e-03,8.449116282500e-03
3.130000000000e+08,-3.647515123242e-02,6.507402178993e-02,7.459936306259e-02,-4.201506518277e+00,5.887135827670e+01,-4.991040255497e+01,9.882909810074e-03,8.378607551688e-03
3.135000000000e+08,-3.465658263730e-02,6.701324251510e-02,7.544437283511e-02,-4.235107636313e+00,5.913545831985e+01,-4.884120007987e+01,1.005283597045e-02,8.302845483115e-03
3.140000000000e+08,-3.273285802490e-02,6.890124710160e-02,7.628120244617e-02,-4.268884211898e+00,5.939948487853e+01,-4.777187492505e+01,1.022287022777e-02,8.221715708388e-03
3.145000000000e+08,-3.070490488351e-02,7.073190586396e-02,7.710897283101e-02,-4.302833673552e+00,5.966346407754e+01,-4.670236828428e+01,1.039281055177e-02,8.135110379560e-03
3.150000000000e+08,-2.857403127953e-02,7.249902351867e-02,7.792678406507e-02,-4.336953274030e+00,5.992742340691e+01,-4.563262199411e+01,1.056244405606e-02,8.042929088931e-03
3.155000000000e+08,-2.634193986821e-02,7.419636331843e-02,7.873371657492e-02,-4.371240078959e+00,6.019139169906e+01,-4.456257854971e+01,1.073154712240e-02,7.945079821262e-03
3.160000000000e+08,-2.401074049175e-02,7.581767305997e-02,7.952883255267e-02,-4.405690955563e+00,6.045539910753e+01,-4.349218111983e+01,1.089988560552e-02,7.841479932959e-03
3.165000000000e+08,-2.158296113808e-02,7.735671291637e-02,8.031117758266e-02,-4.440302561592e+00,6.071947708725e+01,-4.242137356110e+01,1.106721512437e-02,7.732057151895e-03
3.170000000000e+08,-1.906155702755e-02,7.880728501837e-02,8.107978248787e-02,-4.475071334529e+00,6.098365837632e+01,-4.135010043173e+01,1.123328144552e-02,7.616750590522e-03
3.175000000000e+08,-1.644991759126e-02,8.016326468107e-02,8.183366540175e-02,-4.509993481204e+00,6.124797697934e+01,-4.027830700492e+01,1.139782096388e-02,7.495511764007e-03
3.180000000000e+08,-1.375187110533e-02,8.141863314162e-02,8.257183406917e-02,-4.545064967917e+00,6.151246815230e+01,-3.920593928199e+01,1.156056128512e-02,7.368305604123e-03
3.185000000000e+08,-1.097168674879e-02,8.256751164178e-02,8.329328837805e-02,-4.580281511184e+00,6.177716838896e+01,-3.813294400564e+01,1.172122191340e-02,7.235111458768e-03
3.190000000000e+08,-8.114073861442e-03,8.360419665609e-02,8.399702312070e-02,-4.615638569226e+00,6.204211540864e+01,-3.705926867321e+01,1.187951504710e-02,7.095924066069e-03
3.195000000000e+08,-5.184178190423e-03,8.452319603265e-02,8.468203098110e-02,-4.651131334328e+00,6.230734814551e+01,-3.598486155037e+01,1.203514648398e-02,6.950754491316e-03
3.200000000000e+08,-2.187574932220e-03,8.531926577994e-02,8.534730574138e-02,-4.686754726169e+00,6.257290673920e+01,-3.490967168523e+01,1.218781663587e-02,6.799631014285e-03
3.205000000000e+08,8.697416003466e-04,8.598744720028e-02,8.599184569756e-02,-4.722503386265e+00,6.283883252673e+01,-3.383364892306e+01,1.233722165176e-02,6.642599954003e-03
3.210000000000e+08,3.981371828277e-03,8.652310403921e-02,8.661465727124e-02,-4.758371673623e+00,6.310516803555e+01,-3.275674392187e+01,1.248305464631e-02,6.479726417677e-03
3.215000000000e+08,7.140528382239e-03,8.692195929144e-02,8.721475880056e-02,-4.794353661729e+00,6.337195697790e+01,-3.167890816881e+01,1.262500702929e-02,6.311094960362e-03
3.220000000000e+08,1.034005727380e-02,8.718013127842e-02,8.779118448995e-02,-4.830443136970e+00,6.363924424598e+01,-3.060009399767e+01,1.276276992966e-02,6.136810142005e-03
3.225000000000e+08,1.357246278802e-02,8.729416859156e-02,8.834298849497e-02,-4.866633598587e+00,6.390707590819e+01,-2.952025460763e+01,1.289603570608e-02,5.956996968839e-03
3.230000000000e+08,1.682993607511e-02,8.726108347908e-02,8.886924911484e-02,-4.902918260252e+00,6.417549920612e+01,-2.843934408320e+01,1.302449953398e-02,5.771801206696e-03
3.235000000000e+08,2.010438736694e-02,8.707838324503e-02,8.936907306204e-02,-4.939290053339e+00,6.444456255222e+01,-2.735731741569e+01,1.314786105728e-02,5.581389554624e-03
3.240000000000e+08,2.338748168894e-02,8.674409922554e-02,8.984159977539e-02,-4.975741631948e+00,6.471431552801e+01,-2.627413052619e+01,1.326582609120e-02,5.385949668384e-03
3.245000000000e+08,2.667067788103e-02,8.625681291256e-02,9.028600573991e-02,-5.012265379741e+00,6.498480888270e+01,-2.518974029018e+01,1.337810836097e-02,5.185690024803e-03
3.250000000000e+08,2.994527068307e-02,8.561567880807e-02,9.070150877493e-02,-5.048853418597e+00,6.525609453209e+01,-2.410410456390e+01,1.348443125967e-02,4.980839619631e-03
3.255000000000e+08,3.320243558261e-02,8.482044361292e-02,9.108737224945e-02,-5.085497619123e+00,6.552822555751e+01,-2.301718221253e+01,1.358452960711e-02,4.771647493549e-03
3.260000000000e+08,3.643327606691e-02,8.387146138504e-02,9.144290918288e-02,-5.122189612980e+00,6.580125620476e+01,-2.192893314025e+01,1.367815139077e-02,4.558382083118e-03
3.265000000000e+08,3.962887286823e-02,8.276970433991e-02,9.176748618831e-02,-5.158920807026e+00,6.607524188276e+01,-2.083931832233e+01,1.376505946891e-02,4.341330395843e-03
3.270000000000e+08,4.278033474321e-02,8.151676901382e-02,9.206052721549e-02,-5.195682399196e+00,6.635023916186e+01,-1.974829983915e+01,1.384503321545e-02,4.120797011067e-03
3.275000000000e+08,4.587885028479e-02,8.011487756473e-02,9.232151705137e-02,-5.232465396059e+00,6.662630577141e+01,-1.865584091239e+01,1.391787008654e-02,3.897102911043e-03
3.280000000000e+08,4.891574023044e-02,7.856687404753e-02,9.255000453750e-02,-5.269260631961e+00,6.690350059672e+01,-1.756190594324e+01,1.398338708844e-02,3.670584149181e-03
3.285000000000e+08,5.188250970376e-02,7.687621556775e-02,9.274560546560e-02,-5.306058789622e+00,6.718188367491e+01,-1.646646055280e+01,1.404142212769e-02,3.441590365189e-03
3.290000000000e+08,5.477089981003e-02,7.504695828984e-02,9.290800511558e-02,-5.342850422077e+00,6.746151618963e+01,-1.536947162462e+01,1.409183522512e-02,3.210483159354e-03
3.295000000000e+08,5.757293799954e-02,7.308373835073e-02,9.303696040401e-02,-5.379625975773e+00,6.774246046435e+01,-1.427090734935e+01,1.413450957701e-02,2.977634340698e-03
3.300000000000e+08,6.028098661729e-02,7.099174780587e-02,9.313230161489e-02,-5.416375814692e+00,6.802477995406e+01,-1.317073727158e+01,1.416935244853e-02,2.743424065966e-03
3.305000000000e+08,6.288778907292e-02,6.877670581020e-02,9.319393368982e-02,-5.453090245282e+00,6.830853923519e+01,-1.206893233878e+01,1.419629588664e-02,2.508238888366e-03
3.310000000000e+08,6.538651309160e-02,6.644482531012e-02,9.322183705962e-02,-5.489759542016e+00,6.859380399343e+01,-1.096546495229e+01,1.421529724231e-02,2.272469736653e-03
3.315000000000e+08,6.777079054378e-02,6.400277559165e-02,9.321606800528e-02,-5.526373973378e+00,6.888064100930e+01,-9.860309020368e+00,1.422633949442e-02,2.036509846426e-03
3.320000000000e+08,7.003475339882e-02,6.145764109340e-02,9.317675854202e-02,-5.562923828055e+00,6.916911814123e+01,-8.753440013195e+00,1.422943137061e-02,1.800752666387e-03
3.325000000000e+08,7.217306540376e-02,5.881687694911e-02,9.310411582644e-02,-5.599399441123e+00,6.945930430597e+01,-7.644835019744e+00,1.422460726360e-02,1.565589762774e-03
3.330000000000e+08,7.418094915210e-02,5.608826177199e-02,9.299842109256e-02,-5.635791220027e+00,6.975126945591e+01,-6.534472806442e+00,1.421192694402e-02,1.331408745206e-03
3.335000000000e+08,7.605420827719e-02,5.327984823029e-02,9.286002812897e-02,-5.672089670125e+00,7.004508455340e+01,-5.422333877486e+00,1.419147507434e-02,1.098591236740e-03
3.340000000000e+08,7.778924457915e-02,5.039991199103e-02,9.268936131455e-02,-5.708285419614e+00,7.034082154148e+01,-4.308400536702e+00,1.416336053087e-02,8.675109101008e-04
3.345000000000e+08,7.938306997111e-02,4.745689962390e-02,9.248691323615e-02,-5.744369243628e+00,7.063855331108e+01,-3.192656950772e+00,1.412771554394e-02,6.385316107942e-04
3.350000000000e+08,8.083331320797e-02,4.445937606219e-02,9.225324191602e-02,-5.780332087342e+00,7.093835366426e+01,-2.075089213682e+00,1.408469466857e-02,4.120055861894e-04
3.355000000000e+08,8.213822143785e-02,4.141597221076e-02,9.198896768165e-02,-5.816165087900e+00,7.124029727339e+01,-9.556854121826e-01,1.403447360016e-02,1.882718377194e-04
3.360000000000e+08,8.329665668991e-02,3.833533327313e-02,9.169476971386e-02,-5.851859595041e+00,7.154445963599e+01,1.655643079402e-01,1.397724785184e-02,-3.234538885711e-05
3.365000000000e+08,8.430808748173e-02,3.522606834279e-02,9.137138231262e-02,-5.887407190267e+00,7.185091702498e+01,1.288667675017e+00,1.391323131125e-02,-2.495379626067e-04
3.370000000000e+08,8.517257579321e-02,3.209670176681e-02,9.101959092172e-02,-5.922799704465e+00,7.215974643420e+01,2.413630224323e+00,1.384265469604e-02,-4.630150660200e-04
3.375000000000e+08,8.589075971031e-02,2.895562674558e-02,9.064022795560e-02,-5.958029233875e+00,7.247102551899e+01,3.540455230862e+00,1.376576392775e-02,-6.725042257342e-04
3.380000000000e+08,8.646383209071e-02,2.581106158197e-02,9.023416847181e-02,-5.993088154359e+00,7.278483253150e+01,4.669143642400e+00,1.368281844437e-02,-8.777521707150e-04
3.385000000000e+08,8.689351564336e-02,2.267100893697e-02,8.980232573315e-02,-6.027969133897e+00,7.310124625080e+01,5.799694013074e+00,1.359408947165e-02,-1.078525515850e-03
3.390000000000e+08,8.718203484469e-02,1.954321839020e-02,8.934564670261e-02,-6.062665143311e+00,7.342034590734e+01,6.932102437922e+00,1.349985827292e-02,-1.274611271424e-03
3.395000000000e+08,8.733208513607e-02,1.643515254186e-02,8.886510751295e-02,-6.097169465197e+00,7.374221110183e+01,8.066362488701e+00,1.340041439643e-02,-1.465817181304e-03
3.400000000000e+08,8.734679985938e-02,1.335395683186e-02,8.836170895101e-02,-6.131475701082e+00,7.406692171830e+01,9.202465151393e+00,1.329605393825e-02,-1.651971894864e-03
3.405000000000e+08,8.722971539171e-02,1.030643319034e-02,8.783647199442e-02,-6.165577776847e+00,7.439455783119e+01,1.034039876581e+01,1.318707783746e-02,-1.832924979600e-03
3.410000000000e+08,8.698473493547e-02,7.299017575836e-03,8.729043343556e-02,-6.199469946459e+00,7.472519960650e+01,1.148014896774e+01,1.307379021891e-02,-2.008546783099e-03
3.415000000000e+08,8.661609140864e-02,4.337761401567e-03,8.672464162443e-02,-6.233146794074e+00,7.505892719684e+01,1.262169863411e+01,1.295649679722e-02,-2.178728154473e-03
3.420000000000e+08,8.612830986116e-02,1.428316799319e-03,8.614015235893e-02,-6.266603234609e+00,7.539582063034e+01,1.376502783161e+01,1.283550335399e-02,-2.343380036496e-03
3.425000000000e+08,8.552616981961e-02,-1.424074376108e-03,8.553802494704e-02,-6.299834512845e+00,7.573595969346e+01,1.491011376938e+01,1.271111429831e-02,-2.502432940581e-03
3.430000000000e+08,8.481466793313e-02,-4.214587939870e-03,8.491931846235e-02,-6.332836201181e+00,7.607942380772e+01,1.605693075616e+01,1.258363131893e-02,-2.655836317317e-03
3.435000000000e+08,8.399898126148e-02,-6.938821340725e-03,8.428508820998e-02,-6.365604196144e+00,7.642629190041e+01,1.720545016255e+01,1.245335213464e-02,-2.803557835678e-03
3.440000000000e+08,8.308443151068e-02,-9.592794398024e-03,8.363638241707e-02,-6.398134713756e+00,7.677664226932e+01,1.835564038893e+01,1.232056934755e-02,-2.945582584052e-03
3.445000000000e+08,8.207645048502e-02,-1.217294703816e-02,8.297423915778e-02,-6.430424283886e+00,7.713055244173e+01,1.950746683952e+01,1.218556940254e-02,-3.081912206196e-03
3.450000000000e+08,8.098054698662e-02,-1.467613427431e-02,8.229968351998e-02,-6.462469743705e+00,7.748809902790e+01,2.066089190336e+01,1.204863165426e-02,-3.212563984858e-03
3.455000000000e+08,7.980227535607e-02,-1.709961868565e-02,8.161372501731e-02,-6.494268230347e+00,7.784935756905e+01,2.181587494260e+01,1.191002754193e-02,-3.337569885367e-03
3.460000000000e+08,7.854720581091e-02,-1.944106065896e-02,8.091735524748e-02,-6.525817172926e+00,7.821440238049e+01,2.297237228887e+01,1.177001987070e-02,-3.456975570839e-03
3.465000000000e+08,7.722089670314e-02,-2.169850665833e-02,8.021154579509e-02,-6.557114283982e+00,7.858330638995e+01,2.413033724821e+01,1.162886219734e-02,-3.570839399941e-03
3.470000000000e+08,7.582886878353e-02,-2.387037578655e-02,7.949724637483e-02,-6.588157550509e+00,7.895614097163e+01,2.528972011526e+01,1.148679831683e-02,-3.679231417320e-03
3.475000000000e+08,7.437658152895e-02,-2.595544489614e-02,7.877538320877e-02,-6.618945224644e+00,7.933297577655e+01,2.645046819728e+01,1.134406184579e-02,-3.782232345919e-03
3.480000000000e+08,7.286941156034e-02,-2.795283249952e-02,7.804685762986e-02,-6.649475814130e+00,7.971387855947e+01,2.761252584853e+01,1.120087589787e-02,-3.879932589473e-03
3.485000000000e+08,7.131263315298e-02,-2.986198171636e-02,7.731254490210e-02,-6.679748072651e+00,8.009891500329e+01,2.877583451567e+01,1.105745284583e-02,-3.972431252575e-03
3.490000000000e+08,6.971140081760e-02,-3.168264248257e-02,7.657329324660e-02,-6.709760990126e+00,8.048814854130e+01,2.994033279460e+01,1.091399416435e-02,-4.059835184695e-03
3.495000000000e+08,6.807073391083e-02,-3.341485323064e-02,7.582992306197e-02,-6.739513783038e+00,8.088164017822e+01,3.110595649947e+01,1.077069034768e-02,-4.142258053693e-03
3.500000000000e+08,6.639550321618e-02,-3.505892223474e-02,7.508322632647e-02,-6.769005884885e+00,8.127944831070e+01,3.227263874398e+01,1.062772089586e-02,-4.219819453409e-03
3.505000000000e+08,6.469041942264e-02,-3.661540879706e-02,7.433396616926e-02,-6.798236936816e+00,8.168162854818e+01,3.344031003584e+01,1.048525436316e-02,-4.292644049105e-03
3.510000000000e+08,6.296002341596e-02,-3.808510443486e-02,7.358287659743e-02,-6.827206778509e+00,8.208823353502e+01,3.460889838435e+01,1.034344846265e-02,-4.360860763740e-03
3.515000000000e+08,6.120867828892e-02,-3.946901421027e-02,7.283066236556e-02,-6.855915439345e+00,8.249931277497e+01,3.577832942177e+01,1.020245022064e-02,-4.424602007277e-03
3.520000000000e+08,5.944056296984e-02,-4.076833832822e-02,7.207799897483e-02,-6.884363129934e+00,8.291491245880e+01,3.694852653845e+01,1.006239617506e-02,-4.484002950607e-03
3.525000000000e+08,5.765966736408e-02,-4.198445411114e-02,7.132553278839e-02,-6.912550234012e+00,8.333507529650e+01,3.811941103212e+01,9.923412612154e-03,-4.539200845001e-03
3.530000000000e+08,5.586978890058e-02,-4.311889844373e-02,7.057388125076e-02,-6.940477300760e+00,8.375984035490e+01,3.929090227132e+01,9.785615835886e-03,-4.590334387498e-03
3.535000000000e+08,5.407453037420e-02,-4.417335076586e-02,6.982363319875e-02,-6.968145037559e+00,8.418924290219e+01,4.046291787293e+01,9.649112465069e-03,-4.637543132136e-03
3.540000000000e+08,5.227729897538e-02,-4.514961667819e-02,6.907534925245e-02,-6.995554303199e+00,8.462331426031e+01,4.163537389392e+01,9.513999753315e-03,-4.680966946502e-03
3.545000000000e+08,5.048130640010e-02,-4.604961221174e-02,6.832956227514e-02,-7.022706101564e+00,8.506208166676e+01,4.280818503683e+01,9.380365927380e-03,-4.720745512737e-03
3.550000000000e+08,4.868956993575e-02,-4.687534880140e-02,6.758677789169e-02,-7.049601575781e+00,8.550556814684e+01,4.398126486890e+01,9.248290539803e-03,-4.757017871832e-03
3.555000000000e+08,4.690491442237e-02,-4.762891899215e-02,6.684747505576e-02,-7.076242002856e+00,8.595379239788e+01,4.515452605434e+01,9.117844832072e-03,-4.789922009763e-03
3.560000000000e+08,4.512997499274e-02,-4.831248289768e-02,6.611210665668e-02,-7.102628788777e+00,8.640676868665e+01,4.632788059913e+01,8.989092104939e-03,-4.819594483882e-03
3.565000000000e+08,4.336720049962e-02,-4.892825542218e-02,6.538110015771e-02,-7.128763464072e+00,8.686450676131e+01,4.750124010782e+01,8.862088092824e-03,-4.846170087751e-03
3.570000000000e+08,4.161885754359e-02,-4.947849424884e-02,6.465485825803e-02,-7.154647679828e+00,8.732701177910e+01,4.867451605129e+01,8.736881339578e-03,-4.869781552554e-03
3.575000000000e+08,3.988703502036e-02,-4.996548859199e-02,6.393375957154e-02,-7.180283204126e+00,8.779428425120e+01,4.984762004478e+01,8.613513573223e-03,-4.890559283109e-03
3.580000000000e+08,3.817364911183e-02,-5.039154870431e-02,6.321815931623e-02,-7.205671918893e+00,8.826632000579e+01,5.102046413487e+01,8.492020077551e-03,-4.908631126469e-03
3.585000000000e+08,3.648044865086e-02,-5.075899612578e-02,6.250839000858e-02,-7.230815817127e+00,8.874311017062e+01,5.219296109436e+01,8.372430058763e-03,-4.924122171087e-03
3.590000000000e+08,3.480902079503e-02,-5.107015465718e-02,6.180476215808e-02,-7.255717000476e+00,8.922464117603e+01,5.336502472360e+01,8.254767005605e-03,-4.937154574515e-03
3.595000000000e+08,3.316079695029e-02,-5.132734203781e-02,6.110756495758e-02,-7.280377677139e+00,8.971089477954e+01,5.453657015676e+01,8.139049041665e-03,-4.947847417651e-03
3.600000000000e+08,3.153705889048e-02,-5.153286230443e-02,6.041706696579e-02,-7.304800160047e+00,9.020184811278e+01,5.570751417158e+01,8.025289268759e-03,-4.956316583574e-03
3.605000000000e+08,2.993894502359e-02,-5.168899880668e-02,5.973351677879e-02,-7.328986865286e+00,9.069747375159e+01,5.687777550064e+01,7.913496100499e-03,-4.962674659078e-03
3.610000000000e+08,2.836745676087e-02,-5.179800785272e-02,5.905714368805e-02,-7.352940310734e+00,9.119773980984e+01,5.804727514249e+01,7.803673585353e-03,-4.967030857078e-03
3.615000000000e+08,2.682346494871e-02,-5.186211295791e-02,5.838815832267e-02,-7.376663114857e+00,9.170261005759e+01,5.921593667063e+01,7.695821718640e-03,-4.969490958145e-03
3.620000000000e+08,2.530771632812e-02,-5.188349966871e-02,5.772675327452e-02,-7.400157995624e+00,9.221204406370e+01,6.038368653826e+01,7.589936743069e-03,-4.970157269501e-03
3.625000000000e+08,2.382083999004e-02,-5.186431093398e-02,5.707310370470e-02,-7.423427769500e+00,9.272599736317e+01,6.155045437678e+01,7.486011437557e-03,-4.969128599898e-03
3.630000000000e+08,2.236335379873e-02,-5.180664299565e-02,5.642736793087e-02,-7.446475350478e+00,9.324442164912e+01,6.271617328582e+01,7.384035394167e-03,-4.966500248903e-03
3.635000000000e+08,2.093567075845e-02,-5.171254177126e-02,5.578968799474e-02,-7.469303749077e+00,9.376726498906e+01,6.388078011260e+01,7.283995283110e-03,-4.962364009187e-03
3.640000000000e+08,1.953810530216e-02,-5.158399970132e-02,5.516019020982e-02,-7.491916071301e+00,9.429447206515e+01,6.504421571844e+01,7.185875105842e-03,-4.956808180518e-03
3.645000000000e+08,1.817087948322e-02,-5.142295303498e-02,5.453898568943e-02,-7.514315517480e+00,9.482598443765e+01,6.620642523011e+01,7.089656436345e-03,-4.949917594250e-03
3.650000000000e+08,1.683412905399e-02,-5.123127952851e-02,5.392617085548e-02,-7.536505380959e+00,9.536174083066e+01,6.736735827390e+01,6.995318650763e-03,-4.941773647179e-03
3.655000000000e+08,1.552790941733e-02,-5.101079653169e-02,5.332182792882e-02,-7.558489046604e+00,9.590167743915e+01,6.852696919019e+01,6.902839145598e-03,-4.932454343726e-03
3.660000000000e+08,1.425220143889e-02,-5.076325943846e-02,5.272602540180e-02,-7.580269989056e+00,9.644572825579e+01,6.968521722648e+01,6.812193544700e-03,-4.922034345494e-03
3.665000000000e+08,1.300691711006e-02,-5.049036047879e-02,5.213881849434e-02,-7.601851770724e+00,9.699382541620e+01,7.084206670674e+01,6.723355895355e-03,-4.910585027326e-03
3.670000000000e+08,1.179190505299e-02,-5.019372783005e-02,5.156024959459e-02,-7.623238039455e+00,9.754589956064e+01,7.199748717544e+01,6.636298853753e-03,-4.898174539038e-03
3.675000000000e+08,1.060695586040e-02,-4.987492502694e-02,5.099034868548e-02,-7.644432525854e+00,9.810188021043e+01,7.315145351420e+01,6.550993860172e-03,-4.884867872117e-03
3.680000000000e+08,9.451807264090e-03,-4.953545064999e-02,5.042913375872e-02,-7.665439040232e+00,9.866169615673e+01,7.430394602968e+01,6.467411304203e-03,-4.870726930701e-03
3.685000000000e+08,8.326149127437e-03,-4.917673827387e-02,4.987661121757e-02,-7.686261469138e+00,9.922527585951e+01,7.545495051117e+01,6.385520680361e-03,-4.855810606229e-03
3.690000000000e+08,7.229628257619e-03,-4.880015665720e-02,4.933277627005e-02,-7.706903771465e+00,9.979254785399e+01,7.660445825674e+01,6.305290734419e-03,-4.840174855222e-03
3.695000000000e+08,6.161853034518e-03,-4.840701015689e-02,4.879761331406e-02,-7.727369974099e+00,1.003634411623e+02,7.775246606689e+01,6.226689600820e-03,-4.823872779671e-03
3.700000000000e+08,5.122397853742e-03,-4.799853935042e-02,4.827109631597e-02,-7.747664167105e+00,1.009378857070e+02,7.889897620493e+01,6.149684931486e-03,-4.806954709609e-03
3.705000000000e+08,4.110807381880e-03,-4.757592185066e-02,4.775318918430e-02,-7.767790498444e+00,1.015158127244e+02,8.004399632364e+01,6.074244016379e-03,-4.789468287426e-03
3.710000000000e+08,3.126600622619e-03,-4.714027329816e-02,4.724384613977e-02,-7.787753168200e+00,1.020971551739e+02,8.118753935779e+01,6.000333896116e-03,-4.771458553580e-03
3.715000000000e+08,2.169274792824e-03,-4.669264851672e-02,4.674301208344e-02,-7.807556422337e+00,1.026818481410e+02,8.232962338282e+01,5.927921466977e-03,-4.752968033347e-03
3.720000000000e+08,1.238309008073e-03,-4.623404281862e-02,4.625062296395e-02,-7.827204545979e+00,1.032698292304e+02,8.347027143961e+01,5.856973578588e-03,-4.734036824332e-03
3.725000000000e+08,3.331677775207e-04,-4.576539344633e-02,4.576660614537e-02,-7.846701856243e+00,1.038610389472e+02,8.460951132620e+01,5.787457124585e-03,-4.714702684436e-03
3.730000000000e+08,-5.466956917093e-04,-4.528758113818e-02,4.529088077667e-02,-7.866052694619e+00,1.044554210614e+02,8.574737535720e+01,5.719339126546e-03,-4.695001120056e-03
3.735000000000e+08,-1.401836380122e-03,-4.480143180578e-02,4.482335816385e-02,-7.885261418941e+00,1.050529229552e+02,8.688390009201e+01,5.652586811442e-03,-4.674965474272e-03
3.740000000000e+08,-2.232814530636e-03,-4.430771831146e-02,4.436394214557e-02,-7.904332394975e+00,1.056534959479e+02,8.801912603323e+01,5.587167682893e-03,-4.654627014819e-03
3.745000000000e+08,-3.040192911508e-03,-4.380716233439e-02,4.391252947315e-02,-7.923269987649e+00,1.062570955976e+02,8.915309729713e+01,5.523049586447e-03,-4.634015021660e-03
3.750000000000e+08,-3.824534266063e-03,-4.330043631426e-02,4.346901019528e-02,-7.942078551978e+00,1.068636819755e+02,9.028586125774e+01,5.460200769149e-03,-4.613156873970e-03
3.755000000000e+08,-4.586398947644e-03,-4.278816546190e-02,4.303326804812e-02,-7.960762423716e+00,1.074732199115e+02,9.141746816718e+01,5.398589933600e-03,-4.592078136384e-03
3.760000000000e+08,-5.326342737914e-03,-4.227092982630e-02,4.260518085094e-02,-7.979325909797e+00,1.080856792093e+02,9.254797075423e+01,5.338186286738e-03,-4.570802644346e-03
3.765000000000e+08,-6.044914846364e-03,-4.174926640789e-02,4.218462090735e-02,-7.997773278601e+00,1.087010348266e+02,9.367742380398e+01,5.278959583556e-03,-4.549352588423e-03
3.770000000000e+08,-6.742656088618e-03,-4.122367130814e-02,4.177145541217e-02,-8.016108750120e+00,1.093192670221e+02,9.480588372128e+01,5.220880165935e-03,-4.527748597456e-03
3.775000000000e+08,-7.420097240816e-03,-4.069460190581e-02,4.136554686374e-02,-8.034336486061e+00,1.099403614644e+02,9.593340808094e+01,5.163918996809e-03,-4.506009820409e-03
3.780000000000e+08,-8.077757567054e-03,-4.016247905035e-02,4.096675348111e-02,-8.052460579965e+00,1.105643093037e+02,9.706005516783e+01,5.108047689836e-03,-4.484154006820e-03
3.785000000000e+08,-8.716143516565e-03,-3.962768926328e-02,4.057492962592e-02,-8.070485047386e+00,1.111911072049e+02,9.818588350996e+01,5.053238534764e-03,-4.462197585712e-03
3.790000000000e+08,-9.335747586998e-03,-3.909058693859e-02,4.018992622800e-02,-8.088413816211e+00,1.118207573405e+02,9.931095140807e+01,4.999464518664e-03,-4.440155742889e-03
3.795000000000e+08,-9.937047349812e-03,-3.855149653341e-02,3.981159121409e-02,-8.106250717163e+00,1.124532673435e+02,1.004353164649e+02,4.946699343211e-03,-4.418042496486e-03
3.800000000000e+08,-1.052050463350e-02,-3.801071474048e-02,3.943976993880e-02,-8.123999474559e+00,1.130886502207e+02,1.015590351178e+02,4.894917438181e-03,-4.395870770697e-03
3.805000000000e+08,-1.108656486000e-02,-3.746851263432e-02,3.907430561665e-02,-8.141663697385e+00,1.137269242252e+02,1.026821621774e+02,4.844093971329e-03,-4.373652467571e-03
3.810000000000e+08,-1.163565652932e-02,-3.692513778317e-02,3.871503975426e-02,-8.159246870737e+00,1.143681126896e+02,1.038047503776e+02,4.794204854826e-03,-4.351398536803e-03
3.815000000000e+08,-1.216819084704e-02,-3.638081631910e-02,3.836181258145e-02,-8.176752347685e+00,1.150122438202e+02,1.049268499373e+02,4.745226748408e-03,-4.329119043422e-03
3.820000000000e+08,-1.268456148915e-02,-3.583575495921e-02,3.801446347995e-02,-8.194183341625e+00,1.156593504537e+02,1.060485081403e+02,4.697137059422e-03,-4.306823233298e-03
3.825000000000e+08,-1.318514449818e-02,-3.529014297082e-02,3.767283140858e-02,-8.211542919143e+00,1.163094697766e+02,1.071697689345e+02,4.649913939912e-03,-4.284519596408e-03
3.830000000000e+08,-1.367029830434e-02,-3.474415407444e-02,3.733675532339e-02,-8.228833993459e+00,1.169626430099e+02,1.082906725545e+02,4.603536280929e-03,-4.262215927770e-03
3.835000000000e+08,-1.414036386523e-02,-3.419794827820e-02,3.700607459161e-02,-8.246059318475e+00,1.176189150610e+02,1.094112551705e+02,4.557983704227e-03,-4.239919385991e-03
3.840000000000e+08,-1.459566491717e-02,-3.365167363825e-02,3.668062939794e-02,-8.263221483474e+00,1.182783341438e+02,1.105315485661e+02,4.513236551509e-03,-4.217636549369e-03
3.845000000000e+08,-1.503650833109e-02,-3.310546793982e-02,3.636026114188e-02,-8.280322908492e+00,1.189409513702e+02,1.116515798475e+02,4.469275871396e-03,-4.195373469502e-03
3.850000000000e+08,-1.546318456574e-02,-3.255946029431e-02,3.604481282475e-02,-8.297365840389e+00,1.196068203156e+02,1.127713711883e+02,4.426083404276e-03,-4.173135722335e-03
3.855000000000e+08,-1.587596821051e-02,-3.201377264804e-02,3.573412942526e-02,-8.314352349653e+00,1.202759965605e+02,1.138909396092e+02,4.383641565230e-03,-4.150928456642e-03
3.860000000000e+08,-1.627511861039e-02,-3.146852119896e-02,3.542805826223e-02,-8.331284327933e+00,1.209485372117e+02,1.150102967980e+02,4.341933425164e-03,-4.128756439866e-03
3.865000000000e+08,-1.666088056496e-02,-3.092381771820e-02,3.512644934332e-02,-8.348163486324e+00,1.216245004059e+02,1.161294489692e+02,4.300942690356e-03,-4.106624101329e-03
3.870000000000e+08,-1.703348509373e-02,-3.037977077354e-02,3.482915569880e-02,-8.364991354415e+00,1.223039447994e+02,1.172483967665e+02,4.260653680563e-03,-4.084535572771e-03
3.875000000000e+08,-1.739315025953e-02,-2.983648685281e-02,3.453603369915e-02,-8.381769280087e+00,1.229869290466e+02,1.183671352089e+02,4.221051305868e-03,-4.062494726216e-03
3.880000000000e+08,-1.774008204201e-02,-2.929407138561e-02,3.424694335561e-02,-8.398498430072e+00,1.236735112718e+02,1.194856536813e+02,4.182121042429e-03,-4.040505209159e-03
3.885000000000e+08,-1.807447525320e-02,-2.875262966208e-02,3.396174860285e-02,-8.415179791258e+00,1.243637485374e+02,1.206039359713e+02,4.143848907309e-03,-4.018570477084e-03
3.890000000000e+08,-1.839651448691e-02,-2.821226764847e-02,3.368031756287e-02,-8.431814172737e+00,1.250576963118e+02,1.217219603520e+02,4.106221432536e-03,-3.996693823318e-03
3.895000000000e+08,-1.870637509419e-02,-2.767309269927e-02,3.340252278955e-02,-8.448402208575e+00,1.257554079420e+02,1.228396997111e+02,4.069225638575e-03,-3.974878406260e-03
3.900000000000e+08,-1.900422417680e-02,-2.713521416666e-02,3.312824149321e-02,-8.464944361296e+00,1.264569341342e+02,1.239571217270e+02,4.032849007353e-03,-3.953127273989e-03
3.905000000000e+08,-1.929022159106e-02,-2.659874390819e-02,3.285735574458e-02,-8.481440926049e+00,1.271623224456e+02,1.250741890910e+02,3.997079455013e-03,-3.931443386322e-03
3.910000000000e+08,-1.956452095452e-02,-2.606379669444e-02,3.258975265799e-02,-8.497892035452e+00,1.278716167926e+02,1.261908597747e+02,3.961905304541e-03,-3.909829634333e-03
3.915000000000e+08,-1.982727064807e-02,-2.553049051852e-02,3.232532455318e-02,-8.514297665075e+00,1.285848569790e+02,1.273070873424e+02,3.927315258420e-03,-3.888288857425e-03
3.920000000000e+08,-2.007861480641e-02,-2.499894681033e-02,3.206396909569e-02,-8.530657639546e+00,1.293020782463e+02,1.284228213069e+02,3.893298371443e-03,-3.866823857987e-03
3.925000000000e+08,-2.031869429013e-02,-2.446929055818e-02,3.180558941564e-02,-8.546971639247e+00,1.300233108536e+02,1.295380075262e+02,3.859844023854e-03,-3.845437413720e-03
3.930000000000e+08,-2.054764763288e-02,-2.394165034160e-02,3.155009420469e-02,-8.563239207578e+00,1.307485796864e+02,1.306525886415e+02,3.826941894915e-03,-3.824132287714e-03
3.935000000000e+08,-2.076561195737e-02,-2.341615827902e-02,3.129739779138e-02,-8.579459758760e+00,1.314779039019e+02,1.317665045513e+02,3.794581937057e-03,-3.802911236343e-03
3.940000000000e+08,-2.097272385457e-02,-2.289294989452e-02,3.104742019481e-02,-8.595632586134e+00,1.322112966114e+02,1.328796929211e+02,3.762754350716e-03,-3.781777015092e-03
3.945000000000e+08,-2.116912022067e-02,-2.237216390845e-02,3.080008715675e-02,-8.611756870954e+00,1.329487646047e+02,1.339920897256e+02,3.731449559983e-03,-3.760732382392e-03
3.950000000000e+08,-2.135493904662e-02,-2.185394195666e-02,3.055533015253e-02,-8.627831691609e+00,1.336903081189e+02,1.351036298193e+02,3.700658189161e-03,-3.739780101573e-03
3.955000000000e+08,-2.153032015601e-02,-2.133842824366e-02,3.031308638080e-02,-8.643856033275e+00,1.344359206547e+02,1.362142475323e+02,3.670371040346e-03,-3.718922941057e-03
3.960000000000e+08,-2.169540588685e-02,-2.082576913503e-02,3.007329873261e-02,-8.659828797940e+00,1.351855888436e+02,1.373238772887e+02,3.640579072099e-03,-3.698163672870e-03
3.965000000000e+08,-2.185034171380e-02,-2.031611269503e-02,2.983591574005e-02,-8.675748814788e+00,1.359392923659e+02,1.384324542417e+02,3.611273379322e-03,-3.677505069630e-03
3.970000000000e+08,-2.199527680758e-02,-1.980960817496e-02,2.960089150494e-02,-8.691614850898e+00,1.366970039252e+02,1.395399149226e+02,3.582445174380e-03,-3.656949900098e-03
3.975000000000e+08,-2.213036452877e-02,-1.930640545854e-02,2.936818560800e-02,-8.707425622237e+00,1.374586892779e+02,1.406461978980e+02,3.554085769570e-03,-3.636500923436e-03
3.980000000000e+08,-2.225576285392e-02,-1.880665447038e-02,2.913776299887e-02,-8.723179804899e+00,1.382243073206e+02,1.417512444317e+02,3.526186560954e-03,-3.616160882284e-03
3.985000000000e+08,-2.237163473208e-02,-1.831050455367e-02,2.890959386770e-02,-8.738876046568e+00,1.389938102362e+02,1.428549991453e+02,3.498739013648e-03,-3.595932494798e-03
3.990000000000e+08,-2.247814837052e-02,-1.781810382354e-02,2.868365349870e-02,-8.754512978163e+00,1.397671436991e+02,1.439574106729e+02,3.471734648566e-03,-3.575818445765e-03
3.995000000000e+08,-2.257547744894e-02,-1.732959850212e-02,2.845992210623e-02,-8.770089225634e+00,1.405442471390e+02,1.450584323049e+02,3.445165030677e-03,-3.555821376932e-03
4.000000000000e+08,-2.266380126176e-02,-1.684513224188e-02,2.823838465421e-02,-8.785603421864e+00,1.413250540646e+02,1.461580226147e+02,3.419021758785e-03,-3.535943876676e-03
4.005000000000e+08,-2.274330478868e-02,-1.636484544313e-02,2.801903065933e-02,-8.801054218641e+00,1.421094924444e+02,1.472561460650e+02,3.393296456839e-03,-3.516188469151e-03
4.010000000000e+08,-2.281417869425e-02,-1.588887457198e-02,2.780185397878e-02,-8.816440298664e+00,1.428974851444e+02,1.483527735853e+02,3.367980766792e-03,-3.496557603031e-03
4.015000000000e+08,-2.287661925746e-02,-1.541735148468e-02,2.758685258331e-02,-8.831760387531e+00,1.436889504212e+02,1.494478831193e+02,3.343066342989e-03,-3.477053639981e-03
4.020000000000e+08,-2.293082823288e-02,-1.495040276427e-02,2.737402831627e-02,-8.847013265666e+00,1.444838024669e+02,1.505414601327e+02,3.318544848072e-03,-3.457678842989e-03
4.025000000000e+08,-2.297701264537e-02,-1.448814907497e-02,2.716338663944e-02,-8.862197780142e+00,1.452819520048e+02,1.516334980803e+02,3.294407950389e-03,-3.438435364666e-03
4.030000000000e+08,-2.301538452071e-02,-1.403070454003e-02,2.695493636657e-02,-8.877312856345e+00,1.460833069306e+02,1.527239988253e+02,3.270647322863e-03,-3.419325235648e-03
4.035000000000e+08,-2.304616055498e-02,-1.357817614802e-02,2.674868938533e-02,-8.892357509427e+00,1.468877729977e+02,1.538129730065e+02,3.247254643295e-03,-3.400350353204e-03
4.040000000000e+08,-2.306956172574e-02,-1.313066319261e-02,2.654466036881e-02,-8.907330855495e+00,1.476952545399e+02,1.549004403500e+02,3.224221596041e-03,-3.381512470177e-03
4.045000000000e+08,-2.308581284858e-02,-1.268825675040e-02,2.634286647736e-02,-8.922232122472e+00,1.485056552292e+02,1.559864299210e+02,3.201539875024e-03,-3.362813184345e-03
4.050000000000e+08,-2.309514208292e-02,-1.225103920120e-02,2.614332705185e-02,-8.937060660580e+00,1.493188788618e+02,1.570709803113e+02,3.179201188002e-03,-3.344253928323e-03
4.055000000000e+08,-2.309778039106e-02,-1.181908379471e-02,2.594606329947e-02,-8.951815952369e+00,1.501348301683e+02,1.581541397613e+02,3.157197262045e-03,-3.325835960089e-03
4.060000000000e+08,-2.309396095502e-02,-1.139245426720e-02,2.575109797314e-02,-8.966497622242e+00,1.509534156415e+02,1.592359662121e+02,3.135519850128e-03,-3.307560354235e-03
4.065000000000e+08,-2.308391855579e-02,-1.097120451146e-02,2.555845504569e-02,-8.981105445400e+00,1.517745443763e+02,1.603165272861e+02,3.114160738771e-03,-3.289427994017e-03
4.070000000000e+08,-2.306788891989e-02,-1.055537830293e-02,2.536815938018e-02,-8.995639356133e+00,1.525981289147e+02,1.613959001953e+02,3.093111756641e-03,-3.271439564288e-03
4.075000000000e+08,-2.304610803829e-02,-1.014500908434e-02,2.518023639750e-02,-9.010099455412e+00,1.534240860906e+02,1.624741715748e+02,3.072364784015e-03,-3.253595545382e-03
4.080000000000e+08,-2.301881146298e-02,-9.740119810985e-03,2.499471174269e-02,-9.024486017691e+00,1.542523378670e+02,1.635514372427e+02,3.051911763029e-03,-3.235896208015e-03
4.085000000000e+08,-2.298623358652e-02,-9.340722858200e-03,2.481161095149e-02,-9.038799496852e+00,1.550828121590e+02,1.646278018847e+02,3.031744708586e-03,-3.218341609247e-03
4.090000000000e+08,-2.294860691011e-02,-8.946819992124e-03,2.463095911828e-02,-9.053040531244e+00,1.559154436359e+02,1.657033786664e+02,3.011855719855e-03,-3.200931589569e-03
4.095000000000e+08,-2.290616130557e-02,-8.558402404550e-03,2.445278056735e-02,-9.067209947736e+00,1.567501744965e+02,1.667782887724e+02,2.992236992224e-03,-3.183665771139e-03
4.100000000000e+08,-2.285912327695e-02,-8.175450812041e-03,2.427709852868e-02,-9.081308764722e+00,1.575869552102e+02,1.678526608761e+02,2.972880829626e-03,-3.166543557204e-03
4.105000000000e+08,-2.280771522722e-02,-7.797935619124e-03,2.410393481999e-02,-9.095338194026e+00,1.584257452173e+02,1.689266305413e+02,2.953779657107e-03,-3.149564132725e-03
4.110000000000e+08,-2.275215473557e-02,-7.425817144928e-03,2.393330953674e-02,-9.109299641660e+00,1.592665135840e+02,1.700003395605e+02,2.934926033552e-03,-3.132726466229e-03
4.115000000000e+08,-2.269265385075e-02,-7.059045912130e-03,2.376524075156e-02,-9.123194707365e+00,1.601092396041e+02,1.710739352312e+02,2.916312664432e-03,-3.116029312879e-03
4.120000000000e+08,-2.262941840581e-02,-6.697562996685e-03,2.359974422488e-02,-9.137025182929e+00,1.609539133430e+02,1.721475695776e+02,2.897932414483e-03,-3.099471218761e-03
4.125000000000e+08,-2.256264735932e-02,-6.341300436361e-03,2.343683312833e-02,-9.150793049212e+00,1.618005361193e+02,1.732213985193e+02,2.879778320206e-03,-3.083050526383e-03
4.130000000000e+08,-2.249253216814e-02,-5.990181695676e-03,2.327651778256e-02,-9.164500471894e+00,1.626491209182e+02,1.742955809951e+02,2.861843602066e-03,-3.066765381352e-03
4.135000000000e+08,-2.241925619651e-02,-5.644122184434e-03,2.311880541112e-02,-9.178149795894e+00,1.634996927323e+02,1.753702780454e+02,2.844121676309e-03,-3.050613740211e-03
4.140000000000e+08,-2.234299416591e-02,-5.303029826680e-03,2.296369991183e-02,-9.191743538492e+00,1.643522888276e+02,1.764456518607e+02,2.826606166280e-03,-3.034593379385e-03
4.145000000000e+08,-2.226391165006e-02,-4.966805676516e-03,2.281120164722e-02,-9.205284381139e+00,1.652069589295e+02,1.775218648018e+02,2.809290913145e-03,-3.018701905195e-03
4.150000000000e+08,-2.218216461885e-02,-4.635344576868e-03,2.266130725541e-02,-9.218775159979e+00,1.660637653280e+02,1.785990783986e+02,2.792169985936e-03,-3.002936764895e-03
4.155000000000e+08,-2.209789903496e-02,-4.308535856999e-03,2.251400948277e-02,-9.232218855133e+00,1.669227828976e+02,1.796774523349e+02,2.775237690820e-03,-2.987295258648e-03
4.160000000000e+08,-2.201125050629e-02,-3.986264064248e-03,2.236929703948e-02,-9.245618578760e+00,1.677840990329e+02,1.807571434254e+02,2.758488579505e-03,-2.971774552396e-03
4.165000000000e+08,-2.192234399713e-02,-3.668409725239e-03,2.222715447917e-02,-9.258977561982e+00,1.686478134976e+02,1.818383045922e+02,2.741917456726e-03,-2.956371691530e-03
4.170000000000e+08,-2.183129360049e-02,-3.354850131541e-03,2.208756210349e-02,-9.272299140719e+00,1.695140381865e+02,1.829210838497e+02,2.725519386720e-03,-2.941083615291e-03
4.175000000000e+08,-2.173820237356e-02,-3.045460144612e-03,2.195049589249e-02,-9.285586740533e+00,1.703828968011e+02,1.840056233021e+02,2.709289698638e-03,-2.925907171809e-03
4.180000000000e+08,-2.164316223804e-02,-2.740113014656e-03,2.181592746127e-02,-9.298843860560e+00,1.712545244400e+02,1.850920581644e+02,2.693223990833e-03,-2.910839133687e-03
4.185000000000e+08,-2.154625394629e-02,-2.438681207933e-03,2.168382404356e-02,-9.312074056638e+00,1.721290671053e+02,1.861805158104e+02,2.677318133988e-03,-2.895876214037e-03
4.190000000000e+08,-2.144754711405e-02,-2.141037236960e-03,2.155414850231e-02,-9.325280923749e+00,1.730066811261e+02,1.872711148585e+02,2.661568273026e-03,-2.881015082871e-03
4.195000000000e+08,-2.134710031996e-02,-1.847054488012e-03,2.142685936744e-02,-9.338468077882e+00,1.738875325037e+02,1.883639642984e+02,2.645970827787e-03,-2.866252383732e-03
4.200000000000e+08,-2.124496127150e-02,-1.556608040308e-03,2.130191090063e-02,-9.351639137459e+00,1.747717961800e+02,1.894591626689e+02,2.630522492441e-03,-2.851584750474e-03
4.205000000000e+08,-2.114116703674e-02,-1.269575471322e-03,2.117925318685e-02,-9.364797704441e+00,1.756596552332e+02,1.905567972906e+02,2.615220233633e-03,-2.837008824076e-03
4.210000000000e+08,-2.103574434056e-02,-9.858376427306e-04,2.105883225203e-02,-9.377947345267e+00,1.765513000054e+02,1.916569435612e+02,2.600061287338e-03,-2.822521269386e-03
4.215000000000e+08,-2.092870992373e-02,-7.052794616022e-04,2.094059020636e-02,-9.391091571753e+00,1.774469271662e+02,1.927596643182e+02,2.585043154456e-03,-2.808118791679e-03
4.220000000000e+08,-2.082007096270e-02,-4.277906116198e-04,2.082446541209e-02,-9.404233822086e+00,1.783467387178e+02,1.938650092763e+02,2.570163595137e-03,-2.793798152941e-03
4.225000000000e+08,-2.070982554758e-02,-1.532662492924e-04,2.071039267504e-02,-9.417377442068e+00,1.792509409468e+02,1.949730145417e+02,2.555420621876e-03,-2.779556187752e-03
4.230000000000e+08,-2.059796321528e-02,1.183923396501e-04,2.059830345839e-02,-9.430525666728e+00,1.801597433291e+02,1.960837022114e+02,2.540812491393e-03,-2.765389818674e-03
4.235000000000e+08,-2.048446553448e-02,3.872771282250e-04,2.048812611752e-02,-9.443681602439e+00,1.810733573936e+02,1.971970800596e+02,2.526337695360e-03,-2.751296071053e-03
4.240000000000e+08,-2.036930673867e-02,6.534727847802e-04,2.037978615429e-02,-9.456848209667e+00,1.819919955521e+02,1.983131413154e+02,2.511994950006e-03,-2.737272087120e-03
4.245000000000e+08,-2.025245440313e-02,9.170561621235e-04,2.027320648924e-02,-9.470028286457e+00,1.829158699015e+02,1.994318645366e+02,2.497783184652e-03,-2.723315139313e-03
4.250000000000e+08,-2.013387016151e-02,1.178095842771e-03,2.016830774992e-02,-9.483224452787e+00,1.838451910072e+02,2.005532135809e+02,2.483701529268e-03,-2.709422642722e-03
4.255000000000e+08,-2.001351045726e-02,1.436651743513e-03,2.006500857351e-02,-9.496439135863e+00,1.847801666729e+02,2.016771376777e+02,2.469749301088e-03,-2.695592166592e-03
4.260000000000e+08,-1.989132732493e-02,1.692774782100e-03,1.996322592194e-02,-9.509674556459e+00,1.857210007072e+02,2.028035716030e+02,2.455925990385e-03,-2.681821444781e-03
4.265000000000e+08,-1.976726919627e-02,1.946506608422e-03,1.986287540751e-02,-9.522932716384e+00,1.866678916933e+02,2.039324359574e+02,2.442231245481e-03,-2.668108385134e-03
4.270000000000e+08,-1.964128172560e-02,2.197879402117e-03,1.976387162706e-02,-9.536215387126e+00,1.876210317712e+02,2.050636375498e+02,2.428664857078e-03,-2.654451077688e-03
4.275000000000e+08,-1.951330862916e-02,2.446915738122e-03,1.966612850274e-02,-9.549524099742e+00,1.885806054398e+02,2.061970698854e+02,2.415226742015e-03,-2.640847801664e-03
4.280000000000e+08,-1.938329253259e-02,2.693628521165e-03,1.956955962749e-02,-9.562860136032e+00,1.895467883891e+02,2.073326137581e+02,2.401916926535e-03,-2.627297031201e-03
4.285000000000e+08,-1.925117582106e-02,2.938020989800e-03,1.947407861311e-02,-9.576224521033e+00,1.905197463691e+02,2.084701379473e+02,2.388735529179e-03,-2.613797439783e-03
4.290000000000e+08,-1.911690148617e-02,3.180086790047e-03,1.937959943921e-02,-9.589618016848e+00,1.914996341064e+02,2.096095000158e+02,2.375682743396e-03,-2.600347903343e-03
4.295000000000e+08,-1.898041396407e-02,3.419810118280e-03,1.928603680108e-02,-9.603041117829e+00,1.924865942758e+02,2.107505472072e+02,2.362758819992e-03,-2.586947502009e-03
4.300000000000e+08,-1.884165995892e-02,3.657165932517e-03,1.919330645474e-02,-9.616494047111e+00,1.934807565363e+02,2.118931174399e+02,2.349964049515e-03,-2.573595520494e-03
4.305000000000e+08,-1.870058924635e-02,3.892120230800e-03,1.910132555745e-02,-9.629976754493e+00,1.944822366401e+02,2.130370403936e+02,2.337298744688e-03,-2.560291447108e-03
4.310000000000e+08,-1.855715545124e-02,4.124630394903e-03,1.901001300199e-02,-9.643488915647e+00,1.954911356233e+02,2.141821386828e+02,2.324763223009e-03,-2.547034971420e-03
4.315000000000e+08,-1.841131679469e-02,4.354645597177e-03,1.891928974331e-02,-9.657029932637e+00,1.965075390871e+02,2.153282291140e+02,2.312357789606e-03,-2.533825980554e-03
4.320000000000e+08,-1.826303680495e-02,4.582107267906e-03,1.882907911592e-02,-9.670598935729e+00,1.975315165762e+02,2.164751240180e+02,2.300082720476e-03,-2.520664554178e-03
4.325000000000e+08,-1.811228498744e-02,4.806949620111e-03,1.873930714078e-02,-9.684194786436e+00,1.985631210646e+02,2.176226326526e+02,2.287938246204e-03,-2.507550958184e-03
4.330000000000e+08,-1.795903744925e-02,5.029100228418e-03,1.864990282042e-02,-9.697816081792e+00,1.996023885540e+02,2.187705626657e+02,2.275924536260e-03,-2.494485637118e-03
4.335000000000e+08,-1.780327747380e-02,5.248480658146e-03,1.856079842108e-02,-9.711461159797e+00,2.006493377934e+02,2.199187216122e+02,2.264041683984e-03,-2.481469205402e-03
4.340000000000e+08,-1.764499604151e-02,5.465007140518e-03,1.847192974085e-02,-9.725128105999e+00,2.017039701253e+02,2.210669185143e+02,2.252289692345e-03,-2.468502437404e-03
4.345000000000e+08,-1.748419229295e-02,5.678591289499e-03,1.838323636278e-02,-9.738814761175e+00,2.027662694646e+02,2.222149654555e+02,2.240668460570e-03,-2.455586256419e-03
4.350000000000e+08,-1.732087393098e-02,5.889140855549e-03,1.829466189219e-02,-9.752518730066e+00,2.038362024158e+02,2.233626791972e+02,2.229177771729e-03,-2.442721722634e-03
4.355000000000e+08,-1.715505755904e-02,6.096560511242e-03,1.820615417712e-02,-9.766237391133e+00,2.049137185314e+02,2.245098828070e+02,2.217817281356e-03,-2.429910020144e-03
4.360000000000e+08,-1.698676895301e-02,6.300752663536e-03,1.811766551160e-02,-9.779967907280e+00,2.059987507161e+02,2.256564072856e+02,2.206586507171e-03,-2.417152443119e-03
4.365000000000e+08,-1.681604326453e-02,6.501618287248e-03,1.802915282058e-02,-9.793707237534e+00,2.070912157786e+02,2.268020931813e+02,2.195484819987e-03,-2.404450381194e-03
4.370000000000e+08,-1.664292515409e-02,6.699057774117e-03,1.794057782641e-02,-9.807452149616e+00,2.081910151318e+02,2.279467921777e+02,2.184511435848e-03,-2.391805304191e-03
4.375000000000e+08,-1.646746885265e-02,6.892971791727e-03,1.785190719600e-02,-9.821199233401e+00,2.092980356420e+02,2.290903686406e+02,2.173665409461e-03,-2.379218746259e-03
4.380000000000e+08,-1.628973815110e-02,7.083262146446e-03,1.776311266830e-02,-9.834944915210e+00,2.104121506262e+02,2.302327011128e+02,2.162945628952e-03,-2.366692289545e-03
4.385000000000e+08,-1.610980631705e-02,7.269832644490e-03,1.767417116166e-02,-9.848685472934e+00,2.115332209942e+02,2.313736837402e+02,2.152350812006e-03,-2.354227547496e-03
4.390000000000e+08,-1.592775593941e-02,7.452589945180e-03,1.758506486074e-02,-9.862417051939e+00,2.126610965319e+02,2.325132276166e+02,2.141879503401e-03,-2.341826147910e-03
4.395000000000e+08,-1.574367870109e-02,7.631444400480e-03,1.749578128237e-02,-9.876135681754e+00,2.137956173217e+02,2.336512620335e+02,2.131530073954e-03,-2.329489715836e-03
4.400000000000e+08,-1.555767508113e-02,7.806310874952e-03,1.740631332036e-02,-9.889837293494e+00,2.149366152923e+02,2.347877356203e+02,2.121300720914e-03,-2.317219856448e-03
4.405000000000e+08,-1.536985398783e-02,7.977109540325e-03,1.731665926862e-02,-9.903517738032e+00,2.160839158901e+02,2.359226173626e+02,2.111189469772e-03,-2.305018138002e-03
4.410000000000e+08,-1.518033232474e-02,8.143766639037e-03,1.722682282258e-02,-9.917172804860e+00,2.172373398636e+02,2.370558974858e+02,2.101194177512e-03,-2.292886074994e-03
4.415000000000e+08,-1.498923449231e-02,8.306215211207e-03,1.713681305845e-02,-9.930798241657e+00,2.183967051501e+02,2.381875881910e+02,2.091312537257e-03,-2.280825111627e-03
4.420000000000e+08,-1.479669182781e-02,8.464395779741e-03,1.704664439012e-02,-9.944389774508e+00,2.195618288511e+02,2.393177242335e+02,2.081542084316e-03,-2.268836605714e-03
4.425000000000e+08,-1.460284198722e-02,8.618256988455e-03,1.695633650358e-02,-9.957943128780e+00,2.207325292863e+02,2.404463633322e+02,2.071880203572e-03,-2.256921813109e-03
4.430000000000e+08,-1.440782827263e-02,8.767756188391e-03,1.686591426851e-02,-9.971454050602e+00,2.219086281087e+02,2.415735864025e+02,2.062324138184e-03,-2.245081872803e-03
4.435000000000e+08,-1.421179890950e-02,8.912859967775e-03,1.677540762692e-02,-9.984918328929e+00,2.230899524679e+02,2.426994976027e+02,2.052870999542e-03,-2.233317792758e-03
4.440000000000e+08,-1.401490627826e-02,9.053544621397e-03,1.668485145873e-02,-9.998331818150e+00,2.242763372035e+02,2.438242241898e+02,2.043517778429e-03,-2.221630436614e-03
4.445000000000e+08,-1.381730610527e-02,9.189796555567e-03,1.659428542418e-02,-1.001169046119e+01,2.254676270531e+02,2.449479161781e+02,2.034261357297e-03,-2.210020511344e-03
4.450000000000e+08,-1.361915661826e-02,9.321612625150e-03,1.650375378289e-02,-1.002499031303e+01,2.266636788559e+02,2.460707457977e+02,2.025098523606e-03,-2.198488555964e-03
4.455000000000e+08,-1.342061767200e-02,9.449000399636e-03,1.641330518970e-02,-1.003822756468e+01,2.278643637349e+02,2.471929067517e+02,2.016025984128e-03,-2.187034931374e-03
4.460000000000e+08,-1.322184984971e-02,9.571978355623e-03,1.632299246734e-02,-1.005139856731e+01,2.290695692378e+02,2.483146132708e+02,2.007040380126e-03,-2.175659811420e-03
4.465000000000e+08,-1.302301354668e-02,9.690575993555e-03,1.623287235593e-02,-1.006449985675e+01,2.302792014198e+02,2.494360989692e+02,1.998138303312e-03,-2.164363175250e-03
4.470000000000e+08,-1.282426804191e-02,9.804833877048e-03,1.614300523964e-02,-1.007752817796e+01,2.314931868484e+02,2.505576155028e+02,1.989316312474e-03,-2.153144801021e-03
4.475000000000e+08,-1.262577056454e-02,9.914803593648e-03,1.605345485088e-02,-1.009048050957e+01,2.327114745122e+02,2.516794310367e+02,1.980570950675e-03,-2.142004261023e-03
4.480000000000e+08,-1.242767536142e-02,1.002054763637e-02,1.596428795223e-02,-1.010335408826e+01,2.339340376162e+02,2.528018285291e+02,1.971898762891e-03,-2.130940918272e-03
4.485000000000e+08,-1.223013277240e-02,1.012213920593e-02,1.587557399701e-02,-1.011614643283e+01,2.351608752464e+02,2.539251038382e+02,1.963296313977e-03,-2.119953924604e-03
4.490000000000e+08,-1.203328832015e-02,1.021966193406e-02,1.578738476894e-02,-1.012885536781e+01,2.363920138859e+02,2.550495636659e+02,1.954760206844e-03,-2.109042220299e-03
4.495000000000e+08,-1.183728182102e-02,1.031320952903e-02,1.569979400183e-02,-1.014147904648e+01,2.376275087693e+02,2.561755233463e+02,1.946287100703e-03,-2.098204535270e-03
4.500000000000e+08,-1.164224652352e-02,1.040288534469e-02,1.561287698053e-02,-1.015401597299e+01,2.388674450578e+02,2.573033044953e+02,1.937873729264e-03,-2.087439391809e-03
4.505000000000e+08,-1.144830828100e-02,1.048880187540e-02,1.552671012411e-02,-1.016646502348e+01,2.401119388248e+02,2.584332325343e+02,1.929516918753e-03,-2.076745108900e-03
4.510000000000e+08,-1.125558476475e-02,1.057108017932e-02,1.544137055297e-02,-1.017882546596e+01,2.413611378374e+02,2.595656341039e+02,1.921213605609e-03,-2.066119808090e-03
4.515000000000e+08,-1.106418472377e-02,1.064984923328e-02,1.535693564137e-02,-1.019109697860e+01,2.426152221240e+02,2.607008343849e+02,1.912960853746e-03,-2.055561420884e-03
4.520000000000e+08,-1.087420729697e-02,1.072524522302e-02,1.527348255741e-02,-1.020327966639e+01,2.438744043197e+02,2.618391543439e+02,1.904755871238e-03,-2.045067697645e-03
4.525000000000e+08,-1.068574138357e-02,1.079741077295e-02,1.519108779240e-02,-1.021537407570e+01,2.451389297802e+02,2.629809079219e+02,1.896596026306e-03,-2.034636217945e-03
4.530000000000e+08,-1.049886507685e-02,1.086649412017e-02,1.510982668218e-02,-1.022738120669e+01,2.464090764587e+02,2.641263991851e+02,1.888478862482e-03,-2.024264402323e-03
4.535000000000e+08,-1.031364516618e-02,1.093264823794e-02,1.502977292272e-02,-1.023930252315e+01,2.476851545419e+02,2.652759194577e+02,1.880402112827e-03,-2.013949525368e-03
4.540000000000e+08,-1.013013671193e-02,1.099602991425e-02,1.495099808299e-02,-1.025113995969e+01,2.489675058413e+02,2.664297444555e+02,1.872363713099e-03,-2.003688730074e-03
4.545000000000e+08,-9.948382697017e-03,1.105679879141e-02,1.487357111792e-02,-1.026289592582e+01,2.502565029379e+02,2.675881314418e+02,1.864361813745e-03,-1.993479043361e-03
4.550000000000e+08,-9.768413758940e-03,1.111511637313e-02,1.479755788481e-02,-1.027457330703e+01,2.515525480821e+02,2.687513164245e+02,1.856394790628e-03,-1.983317392683e-03
4.555000000000e+08,-9.590248005061e-03,1.117114500579e-02,1.472302066626e-02,-1.028617546229e+01,2.528560718487e+02,2.699195114147e+02,1.848461254398e-03,-1.973200623612e-03
4.560000000000e+08,-9.413890913692e-03,1.122504684076e-02,1.465001770347e-02,-1.029770621818e+01,2.541675315513e+02,2.710929017676e+02,1.840560058395e-03,-1.963125518285e-03
4.565000000000e+08,-9.239335322822e-03,1.127698278514e-02,1.457860274319e-02,-1.030916985917e+01,2.554874094201e+02,2.722716436240e+02,1.832690305047e-03,-1.953088814597e-03
4.570000000000e+08,-9.066561507725e-03,1.132711144825e-02,1.450882460210e-02,-1.032057111421e+01,2.568162105492e+02,2.734558614728e+02,1.824851350656e-03,-1.943087226022e-03
4.575000000000e+08,-8.895537348096e-03,1.137558809134e-02,1.444072675232e-02,-1.033191513945e+01,2.581544606206e+02,2.746456458533e+02,1.817042808543e-03,-1.933117461909e-03
4.580000000000e+08,-8.726218584684e-03,1.142256358818e-02,1.437434693173e-02,-1.034320749709e+01,2.595027034137e+02,2.758410512150e+02,1.809264550488e-03,-1.923176248137e-03
4.585000000000e+08,-8.558549164784e-03,1.146818340416e-02,1.430971678257e-02,-1.035445413036e+01,2.608614981107e+02,2.770420939550e+02,1.801516706447e-03,-1.913260347977e-03
4.590000000000e+08,-8.392461675267e-03,1.151258660142e-02,1.424686152196e-02,-1.036566133484e+01,2.622314164074e+02,2.782487506482e+02,1.793799662509e-03,-1.903366583014e-03
4.595000000000e+08,-8.227877861200e-03,1.155590487758e-02,1.418579964748e-02,-1.037683572616e+01,2.636130394436e+02,2.794609564891e+02,1.786114057083e-03,-1.893491853987e-03
4.600000000000e+08,-8.064709227452e-03,1.159826164535e-02,1.412654268097e-02,-1.038798420422e+01,2.650069545652e+02,2.806786039608e+02,1.778460775334e-03,-1.883633161397e-03
4.605000000000e+08,-7.902857720068e-03,1.163977116020e-02,1.406909495332e-02,-1.039911391438e+01,2.664137519345e+02,2.819015417474e+02,1.770840941858e-03,-1.873787625730e-03
4.610000000000e+08,-7.742216483563e-03,1.168053770299e-02,1.401345343266e-02,-1.041023220564e+01,2.678340210019e+02,2.831295739047e+02,1.763255911642e-03,-1.863952507156e-03
4.615000000000e+08,-7.582670689704e-03,1.172065482410e-02,1.395960759815e-02,-1.042134658645e+01,2.692683468592e+02,2.843624593039e+02,1.755707259339e-03,-1.854125224545e-03
4.620000000000e+08,-7.424098432781e-03,1.176020465525e-02,1.390753936082e-02,-1.043246467825e+01,2.707173064909e+02,2.855999113621e+02,1.748196766910e-03,-1.844303373674e-03
4.625000000000e+08,-7.266371685843e-03,1.179925729489e-02,1.385722303306e-02,-1.044359416734e+01,2.721814649438e+02,2.868415980719e+02,1.740726409704e-03,-1.834484744464e-03
4.630000000000e+08,-7.109357311854e-03,1.183787027251e-02,1.380862534709e-02,-1.045474275548e+01,2.736613714367e+02,2.880871423434e+02,1.733298341034e-03,-1.824667337139e-03
4.635000000000e+08,-6.952918123286e-03,1.187608809651e-02,1.376170552313e-02,-1.046591810966e+01,2.751575554307e+02,2.893361226679e+02,1.725914875366e-03,-1.814849377156e-03
4.640000000000e+08,-6.796913983222e-03,1.191394189033e-02,1.371641538674e-02,-1.047712781153e+01,2.766705226867e+02,2.905880741146e+02,1.718578470181e-03,-1.805029328802e-03
4.645000000000e+08,-6.641202940710e-03,1.195144912015e-02,1.367269953488e-02,-1.048837930696e+01,2.782007513326e+02,2.918424896681e+02,1.711291706646e-03,-1.795205907330e-03
4.650000000000e+08,-6.485642392725e-03,1.198861341761e-02,1.363049554944e-02,-1.049967985624e+01,2.797486879686e+02,2.930988219139e+02,1.704057269206e-03,-1.785378089544e-03
4.655000000000e+08,-6.330090264885e-03,1.202542449994e-02,1.358973425661e-02,-1.051103648535e+01,2.813147438388e+02,2.943564850782e+02,1.696877924207e-03,-1.775545122735e-03
4.660000000000e+08,-6.174406202793e-03,1.206185818928e-02,1.355034003025e-02,-1.052245593872e+01,2.828992910976e+02,2.956148574244e+02,1.689756497707e-03,-1.765706531867e-03
4.665000000000e+08,-6.018452765746e-03,1.209787653258e-02,1.351223113668e-02,-1.053394463391e+01,2.845026592029e+02,2.968732840089e+02,1.682695852595e-03,-1.755862124971e-03
4.670000000000e+08,-5.862096614417e-03,1.213342802232e-02,1.347532011826e-02,-1.054550861864e+01,2.861251314688e+02,2.981310797948e+02,1.675698865185e-03,-1.746011996653e-03
4.675000000000e+08,-5.705209684077e-03,1.216844791805e-02,1.343951421271e-02,-1.055715353029e+01,2.877669418105e+02,2.993875331212e+02,1.668768401418e-03,-1.736156529683e-03
4.680000000000e+08,-5.547670334907e-03,1.220285866786e-02,1.340471580499e-02,-1.056888455848e+01,2.894282717165e+02,3.006419095201e+02,1.661907292848e-03,-1.726296394626e-03
4.685000000000e+08,-5.389364471021e-03,1.223657042807e-02,1.337082290821e-02,-1.058070641066e+01,2.911092474842e+02,3.018934558736e+02,1.655118312554e-03,-1.716432547488e-03
4.690000000000e+08,-5.230186619915e-03,1.226948167896e-02,1.333772966998e-02,-1.059262328101e+01,2.928099377547e+02,3.031414048969e+02,1.648404151161e-03,-1.706566225356e-03
4.695000000000e+08,-5.070040964257e-03,1.230147993362e-02,1.330532690077e-02,-1.060463882285e+01,2.945303513839e+02,3.043849799314e+02,1.641767393113e-03,-1.696698940047e-03
4.700000000000e+08,-4.908842318101e-03,1.233244253625e-02,1.327350262041e-02,-1.061675612451e+01,2.962704356854e+02,3.056234000277e+02,1.635210493380e-03,-1.686832469773e-03
4.705000000000e+08,-4.746517039936e-03,1.236223754566e-02,1.324214261914e-02,-1.062897768879e+01,2.980300750827e+02,3.068558852926e+02,1.628735754754e-03,-1.676968848846e-03
4.710000000000e+08,-4.583003875260e-03,1.239072469903e-02,1.321113102985e-02,-1.064130541593e+01,2.998090902062e+02,3.080816624728e+02,1.622345305899e-03,-1.667110355468e-03
4.715000000000e+08,-4.418254721782e-03,1.241775645057e-02,1.318035090778e-02,-1.065374059007e+01,3.016072374666e+02,3.092999707406e+02,1.616041080307e-03,-1.657259497661e-03
4.720000000000e+08,-4.252235310723e-03,1.244317907884e-02,1.314968481469e-02,-1.066628386912e+01,3.034242091399e+02,3.105100676436e+02,1.609824796338e-03,-1.647418997391e-03
4.725000000000e+08,-4.084925798218e-03,1.246683385622e-02,1.311901540420e-02,-1.067893527783e+01,3.052596339908e+02,3.117112351769e+02,1.603697938461e-03,-1.637591772988e-03
4.730000000000e+08,-3.916321261258e-03,1.248855827339e-02,1.308822600543e-02,-1.069169420408e+01,3.071130784621e+02,3.129027859292e+02,1.597661739875e-03,-1.627780919922e-03
4.735000000000e+08,-3.746432093221e-03,1.250818731117e-02,1.305720120242e-02,-1.070455939802e+01,3.089840484518e+02,3.140840692525e+02,1.591717166623e-03,-1.617989690073e-03
4.740000000000e+08,-3.575284294580e-03,1.252555475173e-02,1.302582740657e-02,-1.071752897402e+01,3.108719916955e+02,3.152544774003e+02,1.585864903353e-03,-1.608221469574e-03
4.745000000000e+08,-3.402919655014e-03,1.254049452078e-02,1.299399342020e-02,-1.073060041518e+01,3.127763007681e+02,3.164134515739e+02,1.580105340828e-03,-1.598479755384e-03
4.750000000000e+08,-3.229395823814e-03,1.255284205187e-02,1.296159098899e-02,-1.074377058017e+01,3.146963167092e+02,3.175604878157e+02,1.574438565312e-03,-1.588768130701e-03
4.755000000000e+08,-3.054786266134e-03,1.256243566387e-02,1.292851534170e-02,-1.075703571237e+01,3.166313332754e+02,3.186951426853e+02,1.568864349935e-03,-1.579090239379e-03
4.760000000000e+08,-2.879180103350e-03,1.256911794220e-02,1.289466571542e-02,-1.077039145082e+01,3.185806018102e+02,3.198170386496e+02,1.563382148125e-03,-1.569449759495e-03
4.765000000000e+08,-2.702681836542e-03,1.257273711435e-02,1.285994586521e-02,-1.078383284318e+01,3.205433367205e+02,3.209258691213e+02,1.557991089189e-03,-1.559850376229e-03
4.770000000000e+08,-2.525410952838e-03,1.257314841006e-02,1.282426455678e-02,-1.079735436021e+01,3.225187215351e+02,3.220214030773e+02,1.552689976121e-03,-1.550295754227e-03
4.775000000000e+08,-2.347501415152e-03,1.257021539639e-02,1.278753604123e-02,-1.081094991181e+01,3.245059155186e+02,3.231034891881e+02,1.547477285683e-03,-1.540789509628e-03
4.780000000000e+08,-2.169101036612e-03,1.256381127787e-02,1.274968051102e-02,-1.082461286455e+01,3.265040608009e+02,3.241720593953e+02,1.542351170801e-03,-1.531335181935e-03
4.785000000000e+08,-1.990370741777e-03,1.255382015208e-02,1.271062453621e-02,-1.083833606036e+01,3.285122899773e+02,3.252271318722e+02,1.537309465320e-03,-1.521936205920e-03
4.790000000000e+08,-1.811483717544e-03,1.254013821096e-02,1.267030148059e-02,-1.085211183660e+01,3.305297341266e+02,3.262688133099e+02,1.532349691114e-03,-1.512595883746e-03
4.795000000000e+08,-1.632624457434e-03,1.252267487830e-02,1.262865189665e-02,-1.086593204725e+01,3.325555311847e+02,3.272973004738e+02,1.527469067556e-03,-1.503317357517e-03
4.800000000000e+08,-1.453987703753e-03,1.250135387423e-02,1.258562389917e-02,-1.087978808539e+01,3.345888346076e+02,3.283128809838e+02,1.522664523341e-03,-1.494103582434e-03
4.805000000000e+08,-1.275777292911e-03,1.247611419756e-02,1.254117351653e-02,-1.089367090683e+01,3.366288222470e+02,3.293159332750e+02,1.517932710614e-03,-1.484957300768e-03
4.810000000000e+08,-1.098204909970e-03,1.244691101751e-02,1.249526501928e-02,-1.090757105508e+01,3.386747053617e+02,3.303069257078e+02,1.513270021369e-03,-1.475881016831e-03
4.815000000000e+08,-9.214887592431e-04,1.241371646634e-02,1.244787122523e-02,-1.092147868765e+01,3.407257376776e+02,3.312864148005e+02,1.508672606041e-03,-1.466876973163e-03
4.820000000000e+08,-7.458521585105e-04,1.237652032525e-02,1.239897378027e-02,-1.093538360385e+01,3.427812244107e+02,3.322550425691e+02,1.504136394224e-03,-1.457947128090e-03
4.825000000000e+08,-5.715220651415e-04,1.233533059636e-02,1.234856341412e-02,-1.094927527425e+01,3.448405311608e+02,3.332135329689e+02,1.499657117407e-03,-1.449093134879e-03
4.830000000000e+08,-3.987275430755e-04,1.229017395394e-02,1.229664017005e-02,-1.096314287192e+01,3.469030925862e+02,3.341626874411e+02,1.495230333620e-03,-1.440316322639e-03
4.835000000000e+08,-2.276981802675e-04,1.224109606915e-02,1.224321360736e-02,-1.097697530565e+01,3.489684207668e+02,3.351033795775e+02,1.490851453861e-03,-1.431617679156e-03
4.840000000000e+08,-5.866246679341e-05,1.218816180292e-02,1.218830297536e-02,-1.099076125548e+01,3.510361131662e+02,3.360365489292e+02,1.486515770156e-03,-1.422997835825e-03
4.845000000000e+08,1.081538556437e-04,1.213145526263e-02,1.213193735747e-02,-1.100448921064e+01,3.531058601058e+02,3.369631939899e+02,1.482218485093e-03,-1.414457054828e-03
4.850000000000e+08,2.725294615866e-04,1.207107971891e-02,1.207415578364e-02,-1.101814751027e+01,3.551774516666e+02,3.378843643994e+02,1.477954742665e-03,-1.405995218708e-03
4.855000000000e+08,4.342491154186e-04,1.200715737997e-02,1.201500730926e-02,-1.103172438721e+01,3.572507839402e+02,3.388011524170e+02,1.473719660210e-03,-1.397611822462e-03
4.860000000000e+08,5.931053386928e-04,1.193982902172e-02,1.195455105852e-02,-1.104520801497e+01,3.593258645575e+02,3.397146837251e+02,1.469508361280e-03,-1.389305968271e-03
4.865000000000e+08,7.489000589124e-04,1.186925347285e-02,1.189285622973e-02,-1.105858655850e+01,3.614028174269e+02,3.406261076287e+02,1.465316009196e-03,-1.381076362968e-03
4.870000000000e+08,9.014462272997e-04,1.179560695531e-02,1.183000206022e-02,-1.107184822866e+01,3.634818866263e+02,3.415365867241e+02,1.461137841080e-03,-1.372921318330e-03
4.875000000000e+08,1.050569392971e-03,1.171908228147e-02,1.176607774789e-02,-1.108498134098e+01,3.655634393951e+02,3.424472861136e+02,1.456969202135e-03,-1.364838754247e-03
4.880000000000e+08,1.196109220929e-03,1.163988791047e-02,1.170118232645e-02,-1.109797437874e+01,3.676479681865e+02,3.433593622480e+02,1.452805579916e-03,-1.356826204836e-03
4.885000000000e+08,1.337920941361e-03,1.155824686726e-02,1.163542449118e-02,-1.111081606072e+01,3.697360917454e+02,3.442739514799e+02,1.448642638357e-03,-1.348880827498e-03
4.890000000000e+08,1.475876717895e-03,1.147439552907e-02,1.156892237177e-02,-1.112349541369e+01,3.718285551852e+02,3.451921584150e+02,1.444476251300e-03,-1.340999414951e-03
4.895000000000e+08,1.609866922766e-03,1.138858228510e-02,1.150180324877e-02,-1.113600184969e+01,3.739262290485e+02,3.461150441455e+02,1.440302535262e-03,-1.333178410201e-03
4.900000000000e+08,1.739801307217e-03,1.130106607628e-02,1.143420321007e-02,-1.114832524831e+01,3.760301073394e+02,3.470436144546e+02,1.436117881194e-03,-1.325413924430e-03
4.905000000000e+08,1.865610055930e-03,1.121211482317e-02,1.136626674370e-02,-1.116045604364e+01,3.781413045280e+02,3.479788080728e+02,1.431918984963e-03,-1.317701757723e-03
4.910000000000e+08,1.987244714898e-03,1.112200375090e-02,1.129814626352e-02,-1.117238531580e+01,3.802610515288e+02,3.489214850726e+02,1.427702876315e-03,-1.310037422564e-03
4.915000000000e+08,2.104678982814e-03,1.103101362130e-02,1.123000156430e-02,-1.118410488668e+01,3.823906906655e+02,3.498724154800e+02,1.423466946066e-03,-1.302416169989e-03
4.920000000000e+08,2.217909356850e-03,1.093942888324e-02,1.116199920295e-02,-1.119560741943e+01,3.845316696365e+02,3.508322681803e+02,1.419208971275e-03,-1.294833018265e-03
4.925000000000e+08,2.326955624595e-03,1.084753575290e-02,1.109431180332e-02,-1.120688652088e+01,3.866855345026e+02,3.518016001949e+02,1.414927138167e-03,-1.287282783946e-03
4.930000000000e+08,2.431861194863e-03,1.075562023695e-02,1.102711728207e-02,-1.121793684620e+01,3.888539217183e+02,3.527808463982e+02,1.410620062597e-03,-1.279760115136e-03
4.935000000000e+08,2.532693261175e-03,1.066396611187e-02,1.096059799419e-02,-1.122875420446e+01,3.910385492360e+02,3.537703097461e+02,1.406286807824e-03,-1.272259526759e-03
4.940000000000e+08,2.629542792833e-03,1.057285287366e-02,1.089493979733e-02,-1.123933566410e+01,3.932412067112e+02,3.547701520798e+02,1.401926899415e-03,-1.264775437625e-03
4.945000000000e+08,2.722524349702e-03,1.048255367259e-02,1.083033103527e-02,-1.124967965645e+01,3.954637448382e+02,3.557803855722e+02,1.397540337114e-03,-1.257302209067e-03
4.950000000000e+08,2.811775718092e-03,1.039333324805e-02,1.076696144202e-02,-1.125978607579e+01,3.977080638520e+02,3.568008648773e+02,1.393127603482e-03,-1.249834184886e-03
4.955000000000e+08,2.897457366438e-03,1.030544587904e-02,1.070502096944e-02,-1.126965637388e+01,3.999761012266e+02,3.578312800458e+02,1.388689669219e-03,-1.242365732351e-03
4.960000000000e+08,2.979751720809e-03,1.021913336590e-02,1.064469854283e-02,-1.127929364684e+01,4.022698186072e+02,3.588711502685e+02,1.384227995011e-03,-1.234891283973e-03
4.965000000000e+08,3.058862261682e-03,1.013462305907e-02,1.058618075065e-02,-1.128870271214e+01,4.045911880117e+02,3.599198185107e+02,1.379744529834e-03,-1.227405379759e-03
4.970000000000e+08,3.135012444770e-03,1.005212595065e-02,1.052965047647e-02,-1.129789017316e+01,4.069421773394e+02,3.609764470999e+02,1.375241705645e-03,-1.219902709650e-03
4.975000000000e+08,3.208444450115e-03,9.971834844266e-03,1.047528548302e-02,-1.130686446913e+01,4.093247352289e+02,3.620400143358e+02,1.370722428413e-03,-1.212378155831e-03
4.980000000000e+08,3.279417765030e-03,9.893922618626e-03,1.042325696032e-02,-1.131563590785e+01,4.117407753079e+02,3.631093121880e+02,1.366190065480e-03,-1.204826834611e-03
4.985000000000e+08,3.348207607813e-03,9.818540599575e-03,1.037372805169e-02,-1.132421667894e+01,4.141921598841e+02,3.641829451572e+02,1.361648429260e-03,-1.197244137541e-03
4.990000000000e+08,3.415103200529e-03,9.745817055091e-03,1.032685237338e-02,-1.133262084561e+01,4.166806831316e+02,3.652593303721e+02,1.357101757322e-03,-1.189625771468e-03
4.995000000000e+08,3.480405900377e-03,9.675855826873e-03,1.028277254508e-02,-1.134086431322e+01,4.192080538331e+02,3.663366990041e+02,1.352554688915e-03,-1.181967797205e-03
5.000000000000e+08,3.544427200437e-03,9.608735111498e-03,1.024161875009e-02,-1.134896477299e+01,4.217758777489e+02,3.674130990801e+02,1.348012238037e-03,-1.174266666502e-03
