time_s,V_port_V,I_port_A,I_conduction_A,I_gap_displacement_A,I_external_capacitor_A,I_series_A,Rsp_ohm,Z_dynamic_ohm,Z_dynamic_valid,impedance_current_gate_A,waveform_valid,KCL_residual_A,P_port_W,P_conduction_W,E_Cgap_J,interval_index,sample_side
0.0,100.0,0.331831585045817,0.4147894813072712,-0.08295789626145425,-0.331831585045817,0.0,241.08615214839827,301.35769018549786,True,3.31831585045817e-09,True,2.7755575615628914e-17,33.1831585045817,41.47894813072712,1e-09,1,RIGHT
4.996427892174678e-12,97.94763114952752,0.32492227768386706,0.40627647119788446,-0.08135419351401742,-0.32541677405606967,-0.0004944963722026337,241.08615214839827,301.4494169120211,True,3.31831585045817e-09,True,1.3877787807814457e-17,31.825367406843768,39.79381794562203,9.593738447803894e-10,1,INTERIOR
1.7496427892174678e-11,92.98516865854488,0.30821664971862134,0.38569269877146967,-0.0774760490528483,-0.3099041962113932,-0.0016875464927718579,241.08615214839827,301.6876886548256,True,3.31831585045817e-09,True,-2.7755575615628914e-17,28.659577157457655,35.86370064563445,8.646241590458037e-10,1,INTERIOR
2.999642789217468e-11,88.2592888582895,0.2923081916887246,0.36609024646078525,-0.07378205477206073,-0.29512821908824294,-0.0028200273995183513,241.08615214839827,301.9391565744272,True,3.31831585045817e-09,True,5.551115123125783e-17,25.7989131258994,32.31086481058484,7.789702069770984e-10,1,INTERIOR
4.249642789217468e-11,83.75875776063546,0.2771590480773274,0.3474225168647536,-0.07026346878742626,-0.28105387514970503,-0.0038948270723776707,241.08615214839827,302.20466674884364,True,3.31831585045817e-09,True,2.7755575615628914e-17,23.21449756907718,29.099678430665186,7.015529501604811e-10,1,INTERIOR
5e-11,81.1609149022309,0.2684148584320908,0.33664693794719935,-0.06823207951510855,-0.2729283180604342,-0.004513459628343431,241.08615214839827,302.37117042000375,True,3.31831585045817e-09,True,-1.3877787807814457e-17,21.784795483701274,27.322573482829252,6.587094107767165e-10,1,LEFT
5e-11,81.1609149022309,0.2670684064988479,0.3349638730306457,-0.06789546653179782,-0.27158186612719126,-0.0045134596283434,242.2975175439458,303.8956047486696,True,3.31831585045817e-09,True,2.7755575615628914e-17,21.675516212927402,27.18597439436191,6.587094107767165e-10,2,RIGHT
6.25e-11,77.01892452798705,0.25319503162002055,0.3178692266792128,-0.0646741950591923,-0.2586967802367692,-0.005501748616748641,242.2975175439458,304.1881352694641,True,3.31831585045817e-09,True,4.163336342344337e-17,19.50080903120366,24.4819459793759,5.931914735447767e-10,2,INTERIOR
7.5e-11,73.07347168088157,0.2399806819310883,0.30158572164334346,-0.06160503971225521,-0.24642015884902085,-0.006439476917932573,242.2975175439458,304.4973082536077,True,3.31831585045817e-09,True,4.163336342344337e-17,17.536221565050027,22.03791568986309,5.339732263496601e-10,2,INTERIOR
8.75e-11,69.31527531689056,0.2273942340724333,0.2860750535932287,-0.0586808195207954,-0.2347232780831816,-0.007329044010748305,242.2975175439458,304.82424323393855,True,3.31831585045817e-09,True,0.0,15.761893940204171,19.829371101108872,4.804607392256338e-10,2,INTERIOR
9.999999999999999e-11,65.73549252395216,0.21540603393834723,0.2713007264386422,-0.055894692500294996,-0.22357877000117998,-0.008172736062832758,242.2975175439458,305.17015388142164,True,3.31831585045817e-09,True,0.0,14.15982173356841,17.834086874550156,4.3211549773665705e-10,2,INTERIOR
1e-10,65.73549252395216,0.21540603393834723,0.2713007264386422,-0.055894692500294996,-0.22357877000117998,-0.008172736062832758,242.2975175439458,305.17015388142164,True,3.31831585045817e-09,True,0.0,14.15982173356841,17.834086874550156,4.3211549773665705e-10,2,LEFT
1e-10,65.73549252395217,0.21415849501704837,0.26974130278701863,-0.055582807769970266,-0.22233123107988106,-0.0081727360628327,243.69828366942892,306.9478636311822,True,3.31831585045817e-09,True,0.0,14.077814148134031,17.731577392757185,4.3211549773665726e-10,3,RIGHT
1.125e-10,62.34419764301861,0.20286570669469664,0.2558253456047605,-0.052959638910063896,-0.21183855564025558,-0.00897284894555894,243.69828366942892,307.31757801156454,True,3.31831585045817e-09,True,3.469446951953614e-17,12.64749971316481,15.94922590847673,3.886798979751767e-10,3,INTERIOR
1.25e-10,59.11297353348148,0.19210667078430477,0.24256622838454975,-0.05045955760024494,-0.20183823040097976,-0.00973155961667499,243.69828366942892,307.7091143797545,True,3.31831585045817e-09,True,-4.163336342344337e-17,11.355996545677847,14.338811038612313,3.494343639970082e-10,3,INTERIOR
1.3750000000000002e-10,56.034309085253724,0.18185633929094486,0.22993312977642047,-0.048076790485475626,-0.1923071619419025,-0.010450822650957656,243.69828366942892,308.12403517925554,True,3.31831585045817e-09,True,1.3877787807814457e-17,10.190194324941576,12.884144062831702,3.139843794661748e-10,3,INTERIOR
1.5e-10,53.10104549304724,0.17209083909089595,0.21789667409015312,-0.04580583499925717,-0.18322333999702867,-0.011132500906132707,243.69828366942892,308.56404543997843,True,3.31831585045817e-09,True,0.0,9.138203475502339,11.570541203644908,2.8197210324546723e-10,3,LEFT
1.5e-10,53.101045493047245,0.17100397420318247,0.21653809298051127,-0.04553411877732879,-0.18213647510931516,-0.0111325009061327,245.2272704637997,310.5252128816256,True,3.31831585045817e-09,True,-6.938893903907228e-18,9.08048981365507,11.498399126335823,2.819721032454673e-10,4,RIGHT
1.625e-10,50.32247311058854,0.1618102990338428,0.2052074918723899,-0.04339719283854709,-0.17358877135418835,-0.01177847232034555,245.2272704637997,310.99672524592233,True,3.31831585045817e-09,True,-6.938893903907228e-18,8.142694422146846,10.326548491839658,2.532351299965907e-10,4,INTERIOR
1.7500000000000002e-10,47.67432191322509,0.15304887952987872,0.19440872878068732,-0.041359849250808586,-0.16543939700323435,-0.012390517473355622,245.2272704637997,311.4973599262316,True,3.31831585045817e-09,True,-1.3877787807814457e-17,7.296501551165845,9.268304318631355,2.2728409698858144e-10,4,INTERIOR
1.8750000000000002e-10,45.15051410333074,0.14469956965320233,0.18411701935896985,-0.039417449705767535,-0.15766979882307014,-0.012970229169867809,245.2272704637997,312.02935994586437,True,3.31831585045817e-09,True,1.3877787807814457e-17,6.533259960372801,8.312978079230387,2.0385689237950684e-10,4,INTERIOR
2e-10,42.745254972832704,0.1367431617286871,0.1743087336575103,-0.03756557192882319,-0.15026228771529276,-0.013519125986605658,245.2272704637997,312.59519256724377,True,3.31831585045817e-09,True,1.3877787807814457e-17,5.84512131388403,7.450871264181863,1.8271568226924793e-10,4,LEFT
2e-10,42.74525497283269,0.13583004288192957,0.17316733509906337,-0.03733729221713382,-0.14934916886853528,-0.0135191259866057,246.8436379665918,314.69661693318506,True,3.31831585045817e-09,True,1.3877787807814457e-17,5.806089815958877,7.402081891775423,1.827156822692478e-10,5,RIGHT
2.1250000000000002e-10,40.4665524496214,0.12834103159386648,0.1639359749474208,-0.0355949433535543,-0.1423797734142172,-0.014038741820350732,246.8436379665918,315.3048713031798,True,3.31831585045817e-09,True,-1.3877787807814457e-17,5.193519086431715,6.6339237285896235,1.63754186715796e-10,5,INTERIOR
2.2500000000000002e-10,38.294207824478704,0.12120228282396941,0.1551354863343146,-0.03393320351034519,-0.13573281404138077,-0.014530531217411356,246.8436379665918,315.9528594036143,True,3.31831585045817e-09,True,1.3877787807814457e-17,4.641345407262331,5.940790554637819,1.4664463529043662e-10,5,INTERIOR
2.375e-10,36.22330042263353,0.11439758923735782,0.14674593488018534,-0.03234834564282753,-0.1293933825713101,-0.01499579333395229,246.8436379665918,316.64391412545956,True,3.31831585045817e-09,True,1.3877787807814457e-17,4.1438582425698405,5.315622084965169,1.3121274935083623e-10,5,INTERIOR
2.5e-10,34.24913708224091,0.1079114928712948,0.13874830789390746,-0.030836815022612665,-0.12334726009045066,-0.01543576721915586,246.8436379665918,317.3817373010453,True,3.31831585045817e-09,True,0.0,3.695875512098238,4.752009816987405,1.1730033908781292e-10,5,LEFT
2.5e-10,34.2491370822409,0.10716269495505777,0.13781231049861117,-0.03064961554355342,-0.12259846217421368,-0.0154357672191559,248.52015729455496,319.59943800036393,True,3.31831585045817e-09,True,1.734723475976807e-17,3.670229829618139,4.719952713887281,1.1730033908781287e-10,6,RIGHT
2.625e-10,32.378333321414736,0.101057287578477,0.1302845357651966,-0.029227248186719606,-0.11690899274687842,-0.015851705168401425,248.52015729455496,320.3958279235531,True,3.31831585045817e-09,True,-3.469446951953614e-18,3.2720665417739934,4.218396125631315,1.0483564686726358e-10,6,INTERIOR
2.7500000000000003e-10,30.594370393968603,0.09523599523162503,0.1231061927814051,-0.027870197549780068,-0.11148079019912027,-0.016244794967495244,248.52015729455496,321.24797267629253,True,3.31831585045817e-09,True,0.0,2.9136853129545637,3.7663564597456114,9.360154998033427e-11,6,INTERIOR
2.8750000000000004e-10,28.893260398348517,0.08968576845119614,0.11626123495529254,-0.02657546650409641,-0.10630186601638564,-0.016616097565189496,248.52015729455496,322.16103956416697,True,3.31831585045817e-09,True,0.0,2.5913142618864002,3.3591661357968463,8.348204964467747e-11,6,INTERIOR
3e-10,27.271198422436186,0.08439415657131064,0.10973435201118671,-0.025340195439876076,-0.1013607817595043,-0.016966625188193665,248.52015729455496,323.1408373563495,True,3.31831585045817e-09,True,0.0,2.3015297895503593,2.992587287454532,7.43718263395886e-11,6,LEFT
3e-10,27.271198422436186,0.08379126886261738,0.1089807423753201,-0.025189473512702745,-0.10075789405081098,-0.0169666251881936,250.23869197473968,325.46587243056956,True,3.31831585045817e-09,True,2.7755575615628914e-17,2.2850883192201374,2.972035449541754,7.43718263395886e-11,7,RIGHT
3.125e-10,25.73347782373674,0.07880910156095096,0.10283572704389937,-0.024026625482948427,-0.09610650193179371,-0.01729740037084275,250.23869197473968,326.5292626618065,True,3.31831585045817e-09,True,1.3877787807814457e-17,2.0280322673273483,2.6463209013720292,6.622118809047507e-11,7,INTERIOR
3.25e-10,24.266766222084843,0.07405770276278806,0.0969744767709002,-0.022916774008112133,-0.09166709603244853,-0.01760939326966047,250.23869197473968,327.67376406223366,True,3.31831585045817e-09,True,-3.469446951953614e-18,1.7971409598892247,2.353256957308432,5.888759428773179e-11,7,INTERIOR
3.375e-10,22.867827325489003,0.06952655267459468,0.09138405873619813,-0.021857506061603468,-0.08743002424641387,-0.01790347157181919,250.23869197473968,328.90782651798315,True,3.31831585045817e-09,True,1.0408340855860843e-17,1.5899212010991466,2.0897548754817237,5.2293752658838154e-11,7,INTERIOR
3.5e-10,21.53357219628064,0.06520561049623952,0.08605212897474042,-0.020846518478500917,-0.08338607391400367,-0.018180463417764157,250.23869197473968,330.24109478313227,True,3.31831585045817e-09,True,1.734723475976807e-17,1.4041097212233284,1.853009731921226,4.636947315324307e-11,7,LEFT
3.5e-10,21.53357219628064,0.06472793320064357,0.0854550323552455,-0.02072709915460194,-0.08290839661840776,-0.0181804634177642,251.98717504152745,332.67819829085073,True,3.31831585045817e-09,True,1.3877787807814457e-17,1.393823622692089,1.840152108757177,4.636947315324307e-11,8,RIGHT
3.625e-10,20.268115335334215,0.06065825721953522,0.08043312256663075,-0.01977486534709555,-0.0790994613883822,-0.01844120416884698,251.98717504152745,334.1361302547742,True,3.31831585045817e-09,True,1.3877787807814457e-17,1.229428553365909,1.6302278049615453,4.1079649924641e-11,8,INTERIOR
3.75e-10,19.06081683902203,0.056776312012395316,0.07564201168524078,-0.018865699672845453,-0.07546279869138181,-0.018686486678986498,251.98717504152745,335.7177696723363,True,3.31831585045817e-09,True,-6.938893903907228e-18,1.0822028840634335,1.4417985300675387,3.633147385707458e-11,8,INTERIOR
3.875e-10,17.909046218590458,0.053073604238293444,0.07107126073237278,-0.01799765649407935,-0.0719906259763174,-0.01891702173802396,251.98717504152745,337.4379124165228,True,3.31831585045817e-09,True,1.0408340855860843e-17,0.9504976312907757,1.2728184932695572,3.207339364596092e-11,8,INTERIOR
3.9999999999999996e-10,16.810291819987032,0.04954202425852622,0.066710902319599,-0.01716887806107279,-0.06867551224429116,-0.01913348798576495,251.98717504152745,339.31378605495655,True,3.31831585045817e-09,True,6.938893903907228e-18,0.8328158851387024,1.121429735567109,2.8258591107312295e-11,8,LEFT
3.9999999999999996e-10,16.810291819987032,0.04916968158462409,0.06624547397722133,-0.01707579239259725,-0.068303169570389,-0.0191334879857649,253.75758992632902,341.88327599916363,True,3.31831585045817e-09,True,1.0408340855860843e-17,0.8265566961333733,1.1136057493104476,2.8258591107312295e-11,9,RIGHT
4.1249999999999997e-10,15.767652372278738,0.045842024679072,0.0621366729438769,-0.016294648264804888,-0.06517859305921955,-0.019336568380147554,253.75758992632902,343.95628209408153,True,3.31831585045817e-09,True,-6.938893903907228e-18,0.72282110918103,0.9797494585490286,2.486188613330273e-11,9,INTERIOR
4.25e-10,14.772730395863631,0.042667350070800455,0.05821591543390862,-0.015548565363108158,-0.062194261452432634,-0.019526911381632175,253.75758992632902,346.2303229835077,True,3.31831585045817e-09,True,-3.469446951953614e-18,0.6303132593018681,0.8600080234535286,2.1823356334887322e-11,9,INTERIOR
4.375e-10,13.823384046991931,0.03963878869281394,0.05447476093623501,-0.014835972243421085,-0.05934388897368434,-0.019705100280870403,253.75758992632902,348.7337656586351,True,3.31831585045817e-09,True,1.3877787807814457e-17,0.5479421992583283,0.7530255412896503,1.9108594651063102e-11,9,INTERIOR
4.5e-10,12.91756747959034,0.03674977935838351,0.05090514724442557,-0.014155367886042066,-0.056621471544168266,-0.01987169218578476,253.75758992632902,351.50054517656673,True,3.31831585045817e-09,True,5.204170427930421e-18,0.47471775472197514,0.6575706745883496,1.6686354958976994e-11,9,LEFT
4.5e-10,12.917567479590348,0.03646499416100248,0.05054916574769929,-0.01408417158669682,-0.05633668634678728,-0.0198716921857848,255.5446225178955,354.245702674623,True,3.31831585045817e-09,True,1.214306433183765e-17,0.4710390227176176,0.6529722595829027,1.6686354958977013e-11,10,RIGHT
4.6249999999999995e-10,12.057521528394465,0.033741450464166746,0.04718362456462997,-0.013442174100463217,-0.05376869640185287,-0.020027245937686122,255.5446225178955,357.35042099626077,True,3.31831585045817e-09,True,-5.204170427930421e-18,0.406838265370946,0.5689175689757078,1.45383825407696e-11,10,INTERIOR
4.749999999999999e-10,11.236699982879989,0.031142802927858936,0.04397157675307018,-0.012828773825211246,-0.051315095300844986,-0.02017229237298605,255.5446225178955,360.8120954594022,True,3.31831585045817e-09,True,1.734723475976807e-18,0.34994233312630735,0.4940954157484298,1.2626342650525515e-11,10,INTERIOR
4.874999999999998e-10,10.453355555703878,0.02866348563731348,0.04090618480915927,-0.0122426991718458,-0.0489707966873832,-0.020307311050069724,255.5446225178955,364.6924064983896,True,3.31831585045817e-09,True,6.938893903907228e-18,0.29962960683264916,0.42760689423747467,1.0927264237396513e-11,10,INTERIOR
4.999999999999997e-10,9.70581865376123,0.02629818017762433,0.03798091526297542,-0.011682735085351099,-0.046730940341404396,-0.020432760163780067,255.5446225178955,369.0680719428402,True,3.31831585045817e-09,True,5.204170427930421e-18,0.25524536772796,0.3686358758463115,9.420291573969948e-12,10,INTERIOR
4.999999999999998e-10,9.705818653761225,0.02629818017762431,0.0379809152629754,-0.011682735085351094,-0.046730940341404376,-0.020432760163780067,255.5446225178955,369.06807194284033,True,3.31831585045817e-09,True,0.0,0.2552453677279597,0.3686358758463111,9.420291573969937e-12,10,LEFT
4.999999999999998e-10,9.705818653761211,0.026085637562825514,0.03771523699447692,-0.011629599431651403,-0.04651839772660561,-0.0204327601637801,257.3447610890672,372.0751938834309,True,3.31831585045817e-09,True,0.0,0.253182467652526,0.366057250752019,9.420291573969909e-12,11,RIGHT
5.124999999999998e-10,8.995614439428897,0.023854579408608904,0.034955498613455385,-0.011100919204846486,-0.044403676819385944,-0.02054909741077704,257.3447610890672,377.1022026983406,True,3.31831585045817e-09,True,5.204170427930421e-18,0.21458659897458549,0.31444618806463603,8.092107914286167e-12,11,INTERIOR
5.249999999999998e-10,8.317716863504543,0.021725687322485327,0.03232129858911632,-0.01059561126663099,-0.04238244506652396,-0.02065675774403863,257.3447610890672,382.8517247827643,True,3.31831585045817e-09,True,0.0,0.18070811581346308,0.26883941032505837,6.918441382142786e-12,11,INTERIOR
5.374999999999998e-10,7.670697619642036,0.01969444216084596,0.029807086754671495,-0.010112644593825533,-0.04045057837530213,-0.02075613621445617,257.3447610890672,389.4853967934143,True,3.31831585045817e-09,True,-1.734723475976807e-18,0.15107011060337888,0.2286411494175223,5.8839601971981995e-12,11,INTERIOR
5.499999999999999e-10,7.053191408704378,0.017756524142063853,0.027407557779127522,-0.009651033637063669,-0.038604134548254676,-0.020847610406190823,257.3447610890672,397.21689629536814,True,3.31831585045817e-09,True,0.0,0.12524016352725664,0.19331075106131107,4.974750904782125e-12,11,INTERIOR
5.5e-10,7.0531914087043726,0.01775652414206384,0.0274075577791275,-0.009651033637063666,-0.03860413454825466,-0.020847610406190823,257.3447610890672,397.21689629536814,True,3.31831585045817e-09,True,3.469446951953614e-18,0.12524016352725645,0.1933107510613108,4.974750904782117e-12,11,LEFT
5.5e-10,7.053191408704379,0.01760330883402709,0.027216038644081553,-0.009612729810054472,-0.03845091924021789,-0.0208476104061908,259.155694954092,400.67418433690165,True,3.31831585045817e-09,True,6.938893903907228e-18,0.12415950663292975,0.19195992994340239,4.974750904782126e-12,12,RIGHT
5.625e-10,6.466131089073116,0.01577429548205129,0.024950758231334854,-0.009176462749283574,-0.0367058509971343,-0.02093155551508301,259.155694954092,409.9156819035484,True,3.31831585045817e-09,True,8.673617379884035e-18,0.10199866242471743,0.16133487349558126,4.181085126107789e-12,12,INTERIOR
5.75e-10,5.905734776580085,0.014029026990909452,0.022788365803137197,-0.00875933881222775,-0.035037355248911,-0.02100832825800155,259.155694954092,420.9653870084427,True,3.31831585045817e-09,True,5.204170427930421e-18,0.08285171258179462,0.1345820444250157,3.487770325130743e-12,12,INTERIOR
5.875e-10,5.370832401343116,0.012363826194852347,0.0207243464292557,-0.008360520234403354,-0.033442080937613416,-0.02107825474276107,259.155694954092,434.39889211474446,True,3.31831585045817e-09,True,0.0,0.06640403833188775,0.11130699129890603,2.8845840683317067e-12,12,INTERIOR
6e-10,4.860305099735763,0.010775176861433082,0.018754382768230268,-0.007979205906797182,-0.03191682362718873,-0.021141646765755646,259.155694954092,451.0649952421616,True,3.31831585045817e-09,True,-3.469446951953614e-18,0.052370647050178,0.09115202221082609,2.362256566251747e-12,12,LEFT
6e-10,4.860305099735758,0.010670532550291278,0.018623577379302998,-0.00795304482901172,-0.03181217931604688,-0.0211416467657556,260.9759124547777,455.4885219485211,True,3.31831585045817e-09,True,0.0,0.0518620437710771,0.09051626811194986,2.3622565662517416e-12,13,RIGHT
6.125e-10,4.374598176458104,0.009170205210327742,0.016762459551573138,-0.0075922543412454,-0.0303690173649816,-0.021198812154653857,260.9759124547777,477.0447417612104,True,3.31831585045817e-09,True,3.469446951953614e-18,0.04011596299084634,0.07332902498726458,1.913710920547057e-12,13,INTERIOR
6.25e-10,3.9109459341302504,0.007738671429612775,0.014985850216379434,-0.00724717878676666,-0.02898871514706664,-0.021250043717453863,260.9759124547777,505.37692027660427,True,3.31831585045817e-09,True,8.673617379884035e-19,0.030265525563214015,0.05860884997323408,1.5295498099689937e-12,13,INTERIOR
6.375e-10,3.468387668476978,0.006372932292996014,0.013290068174694037,-0.006917135881698024,-0.027668543526792096,-0.021295611233796082,260.9759124547777,544.2373320502414,True,3.31831585045817e-09,True,8.673617379884035e-19,0.02210379977706609,0.04609510857032714,1.2029713018843168e-12,13,INTERIOR
6.5e-10,3.0460043856706007,0.005070119095798593,0.011671592052383061,-0.006601472956584473,-0.02640589182633789,-0.0213357727305393,260.9759124547777,600.7757072599545,True,3.31831585045817e-09,True,4.336808689942018e-18,0.015443605001674774,0.03555172057931693,9.278142717524535e-13,13,LEFT
6.5e-10,3.046004385670597,0.005005152961880484,0.011590384384985426,-0.006585231423104946,-0.026340925692419782,-0.0213357727305393,262.8044320615021,608.5736857333096,True,3.31831585045817e-09,True,3.469446951953614e-18,0.015245717872840132,0.035304361668273616,9.278142717524513e-13,14,RIGHT
6.625e-10,2.643841675297176,0.00377393235734998,0.010060110685950906,-0.006286178328600931,-0.025144713314403724,-0.021370780957053744,262.8044320615021,700.5535406982378,True,3.31831585045817e-09,True,5.204170427930421e-18,0.009977679646114393,0.026597339889619466,6.989898804038179e-13,14,INTERIOR
6.75e-10,2.2599626998854316,0.0025993516100686863,0.008599408625485243,-0.006000057015416561,-0.024000228061666243,-0.021400876451597557,262.8044320615021,869.4332429408092,True,3.31831585045817e-09,True,4.336808689942018e-18,0.005874437682642372,0.019434342734669697,5.107431404873449e-13,14,INTERIOR
6.875000000000001e-10,1.893576757166073,0.0014789590144919929,0.007205269493792,-0.005726310479300008,-0.02290524191720003,-0.021426282902708038,262.8044320615021,1280.34430880865,True,3.31831585045817e-09,True,8.673617379884035e-19,0.002800522414643279,0.013643730842562289,3.585632935279581e-13,14,INTERIOR
7.000000000000001e-10,1.5439272026455633,0.0004104084749306132,0.00587481417468732,-0.005464405699756709,-0.021857622799026834,-0.02144721432409622,262.8044320615021,3761.928169018906,True,3.31831585045817e-09,True,1.734723475976807e-18,0.0006336408086416534,0.009070285414787497,2.3837112070689543e-13,14,LEFT
7.000000000000001e-10,1.5439272026455595,0.00037779888595424263,0.0058340521884668785,-0.005456253302512636,-0.021825013210050544,-0.0214472143240963,264.6406224643811,4086.6377854606835,True,3.31831585045817e-09,True,0.0,0.0005832939771539425,0.009007351875427873,2.3837112070689427e-13,15,RIGHT
7.125000000000001e-10,1.2107330322970116,-0.0006327690716443242,0.0045750082546755205,-0.0052077773263198455,-0.020831109305279382,-0.021463878376923706,264.6406224643811,-1913.3884485706305,True,3.31831585045817e-09,True,8.673617379884035e-19,-0.0007661144168556976,0.005539113616967152,1.4658744754951164e-13,15,INTERIOR
7.250000000000001e-10,0.8927327852111256,-0.0015965923658963453,0.003373377741095971,-0.004969970106992315,-0.01987988042796926,-0.021476472793865605,264.6406224643811,-559.1488499382466,True,3.31831585045817e-09,True,-1.734723475976807e-18,-0.0014253303496534649,0.0030115249063778216,7.969718257908138e-14,15,INTERIOR
7.375000000000001e-10,0.5892740145544005,-0.0025156805055663936,0.0022266952407645315,-0.004742375746330924,-0.018969502985323697,-0.02148518349089009,264.6406224643811,-234.24040264672968,True,3.31831585045817e-09,True,-8.673617379884035e-19,-0.0014824251508513528,0.001312133643714493,3.472438642290599e-14,15,INTERIOR
7.5e-10,0.2997321541516159,-0.0033919571201731016,0.0011326006996222127,-0.004524557819795314,-0.018098231279181257,-0.02149018839935436,264.6406224643811,-88.36554930751002,True,3.31831585045817e-09,True,0.0,-0.0010166786144193954,0.0003394768474913931,8.983936423236805e-15,15,LEFT
7.5e-10,0.2997321541516135,-0.0033982251232562016,0.0011247656957683219,-0.004522990819024525,-0.0180919632760981,-0.0214901883993543,266.4840822220026,-88.2025596539667,True,3.31831585045817e-09,True,8.673617379884035e-19,-0.0010185573364857134,0.0003371284449084774,8.98393642323666e-15,16,RIGHT
7.625e-10,0.023560224660982787,-0.004227602542753055,8.841137701183679e-05,-0.004316013919764896,-0.017264055679059583,-0.021491658221812638,266.4840822220026,-5.572951672424756,True,3.31831585045817e-09,True,4.336808689942018e-18,-9.960326568460405e-05,2.082991904985724e-06,5.5508418607598154e-17,16,INTERIOR
7.75e-10,-0.239953443280923,-0.005018304667835937,-0.0009004419373950545,-0.004117862730440886,-0.016471450921763543,-0.02148975558959948,266.4840822220026,47.81563877914153,True,3.31831585045817e-09,True,2.6020852139652106e-18,0.0012041594844799616,0.00021606414335248862,5.757765494237113e-15,16,INTERIOR
7.875e-10,-0.4913486794418466,-0.005771983079885672,-0.0018438199960946026,-0.003928163083791069,-0.015712652335164275,-0.021484635415049948,266.4840822220026,85.12649338043086,True,3.31831585045817e-09,True,-8.673617379884035e-19,0.002836056264062508,0.0009059585202095538,2.4142352478924657e-14,16,INTERIOR
8e-10,-0.7311424271812021,-0.006490219332497594,-0.0027436626648945656,-0.0037465566676030265,-0.014986226670412106,-0.0214764460029097,266.4840822220026,112.65296128287251,True,3.31831585045817e-09,True,-1.734723475976807e-18,0.004745274715700652,0.002006008180177458,5.3456924882441946e-14,16,LEFT
8e-10,-0.7311424271812051,-0.006475082751026668,-0.0027247419380559096,-0.003750340812970758,-0.015001363251883032,-0.0214764460029097,268.3345593098155,112.91630629203581,True,3.31831585045817e-09,True,-4.336808689942018e-19,0.004734207718784793,0.0019921744340326186,5.345692488244239e-14,17,RIGHT
8.125e-10,-0.960097497853943,-0.007155454944400796,-0.003577986750284473,-0.003577468194116323,-0.014309872776465293,-0.02146532772086609,268.3345593098155,134.17700276419566,True,3.31831585045817e-09,True,4.336808689942018e-19,0.0068699343881258295,0.0034352161263026836,9.217872053854023e-14,17,INTERIOR
8.25e-10,-1.1784784890082176,-0.007803743063686417,-0.004391825235032667,-0.003411917828653749,-0.013647671314614996,-0.021451414378301413,268.3345593098155,151.01451692997117,True,3.31831585045817e-09,True,-1.3010426069826053e-18,0.009196543334301529,0.005175671566969458,1.3888115490550917e-13,17,INTERIOR
8.375000000000001e-10,-1.386733347989044,-0.00842130848287587,-0.005167926753661053,-0.0032533817292148166,-0.013013526916859267,-0.021434835399735137,268.3345593098155,164.6695820262216,True,3.31831585045817e-09,True,-8.673617379884035e-19,0.011678109306906992,0.007166536369266543,1.9230293784249031e-13,17,INTERIOR
8.500000000000001e-10,-1.5852911804103083,-0.009009455305331976,-0.005907890450219467,-0.00310156485511251,-0.01240625942045004,-0.021415714725782017,268.3345593098155,175.95860423127922,True,3.31831585045817e-09,True,4.336808689942018e-19,0.014282610035843643,0.009365726625563205,2.513148126686709e-13,17,INTERIOR
8.500000000000002e-10,-1.5852911804103098,-0.00900945530533198,-0.005907890450219473,-0.0031015648551125092,-0.012406259420450037,-0.021415714725782017,268.3345593098155,175.95860423127934,True,3.31831585045817e-09,True,2.168404344971009e-18,0.014282610035843663,0.009365726625563224,2.5131481266867135e-13,17,LEFT
8.500000000000002e-10,-1.5852911804103105,-0.00897696595183345,-0.005867278758346313,-0.003109687193487137,-0.012438748773948549,-0.021415714725782,270.19189742011224,176.59543201080444,True,3.31831585045817e-09,True,-4.336808689942018e-19,0.014231104950285216,0.009301345268615167,2.5131481266867156e-13,18,RIGHT
8.625000000000002e-10,-1.775089190835741,-0.009534621634541905,-0.006569735094889669,-0.002964886539652237,-0.011859546158608947,-0.021394167793150853,270.19189742011224,186.17300810395773,True,3.31831585045817e-09,True,8.673617379884035e-19,0.01692480380218394,0.011661865753592873,3.1509416354218856e-13,18,INTERIOR
8.750000000000002e-10,-1.956028943985425,-0.010065586040827409,-0.007239406372516278,-0.0028261796683111302,-0.011304718673244521,-0.02137030471407193,270.19189742011224,194.32837154751857,True,3.31831585045817e-09,True,-8.673617379884035e-19,0.01968857763403407,0.01416048840191437,3.826049229708737e-13,18,INTERIOR
8.875000000000002e-10,-2.1284832977448374,-0.01057098483772976,-0.007877672565566726,-0.0026933122721630354,-0.010773249088652142,-0.021344233926381902,270.19189742011224,201.35146634095005,True,3.31831585045817e-09,True,4.336808689942018e-19,0.022500164667821714,0.0167674944809115,4.530441148778738e-13,18,INTERIOR
9.000000000000001e-10,-2.2928095495514516,-0.0110518967069159,-0.008485856058023973,-0.0025660406488919275,-0.01026416259556771,-0.02131605930248361,270.19189742011224,207.45846711693295,True,3.31831585045817e-09,True,8.673617379884035e-19,0.025339894310273014,0.019456451805956402,5.256975630514331e-13,18,LEFT
9.000000000000001e-10,-2.292809549551457,-0.011005381260352276,-0.008427711749819445,-0.0025776695105328307,-0.010310678042131323,-0.0213160593024836,272.05600020676764,208.33531299923956,True,3.31831585045817e-09,True,0.0,0.025233243250190347,0.019323137980853042,5.256975630514355e-13,19,RIGHT
9.125000000000001e-10,-2.450085058248373,-0.011461824361209029,-0.009005811510814915,-0.0024560128503941145,-0.009824051401576458,-0.021285875762785487,272.05600020676764,213.7604783528484,True,3.31831585045817e-09,True,1.3010426069826053e-18,0.02808244460766544,0.02206500422004883,6.002916792651933e-13,19,INTERIOR
9.250000000000001e-10,-2.599917155938839,-0.011895995920593667,-0.009556551423099854,-0.002339444497493814,-0.009357777989975256,-0.021253773910568922,272.05600020676764,218.5539717139623,True,3.31831585045817e-09,True,8.673617379884035e-19,0.030928603880929918,0.024846241996529038,6.759569217745102e-13,19,INTERIOR
9.375000000000001e-10,-2.7426172314236528,-0.012308829825311543,-0.010081076062793,-0.0022277537625185443,-0.008911015050074177,-0.02121984487538572,272.05600020676764,222.81705656404552,True,3.31831585045817e-09,True,4.336808689942018e-19,0.03375840877756083,0.027648532921108596,7.521949278101942e-13,19,INTERIOR
9.5e-10,-2.8784837797169804,-0.012701221284384912,-0.010580482612143378,-0.002120738672241534,-0.008482954688966137,-0.02118417597335105,272.05600020676764,226.63047239841694,True,3.31831585045817e-09,True,4.336808689942018e-19,0.03656025944969804,0.030455747580632263,8.285668870093755e-13,19,LEFT
9.5e-10,-2.878483779716985,-0.01264341301092089,-0.010508222270313337,-0.0021351907406075526,-0.00854076296243021,-0.0211841759733511,273.9268075675329,227.66667332868602,True,3.31831585045817e-09,True,-4.336808689942018e-19,0.036393859272198466,0.03024774735875773,8.28566887009378e-13,20,RIGHT
9.625000000000001e-10,-3.0087060159933587,-0.013016259360339127,-0.010983612895395803,-0.002032646464943324,-0.008130585859773295,-0.021146845220112422,273.9268075675329,231.14982059753376,True,3.31831585045817e-09,True,-4.336808689942018e-19,0.0391620978431822,0.033046462195719585,9.05231189067463e-13,20,INTERIOR
9.750000000000003e-10,-3.1326534145351697,-0.01337046265453617,-0.011436096533789806,-0.0019343661207463655,-0.007737464482985462,-0.02110792713752163,273.9268075675329,234.2965606707978,True,3.31831585045817e-09,True,1.3010426069826053e-18,0.0418850254886477,0.03582532685553045,9.813517415598857e-13,20,INTERIOR
9.875000000000004e-10,-3.250586958352193,-0.013706800457631558,-0.01186662593273499,-0.0018401745248965667,-0.007360698099586267,-0.021067498557217824,273.9268075675329,237.1514029404549,True,3.31831585045817e-09,True,-4.336808689942018e-19,0.04455514680831301,0.038573499496592285,1.0566315573809362e-12,20,INTERIOR
1.0000000000000003e-09,-3.3627569077514674,-0.014026018378881722,-0.012276114695062935,-0.0017499036838187862,-0.006999614735275145,-0.021025633114156866,273.9268075675329,239.75135472619965,True,3.31831585045817e-09,True,-6.505213034913027e-19,0.04716609019183355,0.04128158949117219,1.1308134020630212e-12,20,LEFT
1.0000000000000003e-09,-3.362756907751468,-0.013959164979345802,-0.012192547945643029,-0.0017666170337027746,-0.007066468134811098,-0.0210256331141569,275.804280019513,240.89957477593074,True,3.31831585045817e-09,True,1.5178830414797062e-18,0.04694127846073747,0.041000574827302065,1.1308134020630214e-12,21,RIGHT
1.0125000000000004e-09,-3.470440933582622,-0.014262866439426859,-0.012582984329819285,-0.0016798821096075743,-0.006719528438430297,-0.020982394877857156,275.804280019513,243.32001903833844,True,3.31831585045817e-09,True,6.505213034913027e-19,0.04949843552160879,0.04366850388483354,1.2043960273485822e-12,21,INTERIOR
1.0250000000000005e-09,-3.572816893094362,-0.01455090897304064,-0.012954174941888455,-0.0015967340311521861,-0.0063869361246087445,-0.020937845097649385,275.804280019513,245.53908623261532,True,3.31831585045817e-09,True,4.336808689942018e-19,0.05198773338875794,0.04628289506847875,1.276502055158045e-12,21,INTERIOR
1.0375000000000006e-09,-3.6701043629143064,-0.014823942486014532,-0.013306915913903325,-0.0015170265721112064,-0.0060681062884448255,-0.020892048774459358,275.804280019513,247.57950635445474,True,3.31831585045817e-09,True,-4.336808689942018e-19,0.05440541599351269,0.04883777015255041,1.3469666034682626e-12,21,INTERIOR
1.0500000000000003e-09,-3.7625139678642143,-0.015082590380506973,-0.013641970920821166,-0.0014406194596858083,-0.005762477838743233,-0.020845068219250206,275.804280019513,249.4607274309431,True,3.31831585045817e-09,True,8.673617379884035e-19,0.05674845697823192,0.05132810613878707,1.4156511358373314e-12,21,LEFT
1.0500000000000003e-09,-3.7625139678642143,-0.015008542051843272,-0.013549410509991542,-0.0014591315418517315,-0.005836526167406926,-0.0208450682192502,277.6883883686068,250.6915032031457,True,3.31831585045817e-09,True,6.505213034913027e-19,0.056469849107337745,0.050979846300169364,1.4156511358373314e-12,22,RIGHT
1.0625000000000004e-09,-3.8513924702945275,-0.015254972089672546,-0.013869476116452317,-0.001385495973220229,-0.005541983892880916,-0.02079695598255346,277.6883883686068,252.46801158698148,True,3.31831585045817e-09,True,2.168404344971009e-19,0.05875288464071802,0.05341679588183424,1.4833223960241382e-12,22,INTERIOR
1.0750000000000005e-09,-3.935764080252642,-0.015488201818993297,-0.014173311687157271,-0.001314890131836025,-0.0052595605273441,-0.020747762346337396,277.6883883686068,254.11368771203544,True,3.31831585045817e-09,True,-6.505213034913027e-19,0.06095790838689745,0.05578281103653856,1.5490238895406926e-12,22,INTERIOR
1.0875000000000006e-09,-4.0158142992164185,-0.01570877669506443,-0.014461585242396883,-0.0012471914526675475,-0.00498876581067019,-0.02069754250573462,277.6883883686068,255.64144027065802,True,3.31831585045817e-09,True,0.0,0.06308353007523737,0.05807504080575454,1.6126764485791054e-12,22,INTERIOR
1.1000000000000003e-09,-4.091721124113221,-0.015917220098503243,-0.014734937777383123,-0.0011822823211201207,-0.004729129284480483,-0.020646349382983726,277.6883883686068,257.062546021964,True,3.31831585045817e-09,True,8.673617379884035e-19,0.06512882571420524,0.060291256166212434,1.674218175751436e-12,22,LEFT
1.1000000000000003e-09,-4.091721124113221,-0.01583750133880204,-0.014635289327756623,-0.0012022120110454157,-0.004808848044181663,-0.0206463493829837,279.5791072167633,258.3564816558823,True,3.31831585045817e-09,True,0.0,0.06480263878114771,0.059883522499890554,1.674218175751436e-12,23,RIGHT
1.1125000000000004e-09,-4.164884373289176,-0.016036429214048686,-0.01489698001667935,-0.0011394491973693382,-0.004557796789477353,-0.02059422600352604,279.5791072167633,259.71394988857844,True,3.31831585045817e-09,True,1.3010426069826053e-18,0.0667898734369494,0.062044199280668955,1.7346261842868376e-12,23,INTERIOR
1.1250000000000006e-09,-4.234205822141996,-0.016224186182701984,-0.015144929334290815,-0.0010792568484111699,-0.0043170273936446795,-0.020541213576346664,279.5791072167633,260.9810917145694,True,3.31831585045817e-09,True,1.5178830414797062e-18,0.06869654359431246,0.06412674796318327,1.7928498944261173e-12,23,INTERIOR
1.1375000000000007e-09,-4.2998428779778095,-0.016401232067701617,-0.01537970029585957,-0.0010215317718420469,-0.0040861270873681875,-0.020487359155069804,279.5791072167633,262.1658458479679,True,3.31831585045817e-09,True,8.673617379884035e-19,0.07052272089636806,0.06613029478258499,1.8488648775296494e-12,23,INTERIOR
1.1500000000000004e-09,-4.361946628677544,-0.016568008223509453,-0.015601833313301339,-0.0009661749102081133,-0.003864699640832453,-0.020432707864341905,279.5791072167633,263.2752573413192,True,3.31831585045817e-09,True,-6.505213034913027e-19,0.07226876761443889,0.06805436422214378,1.9026578391431396e-12,23,LEFT
1.1500000000000004e-09,-4.361946628677545,-0.016483876379481177,-0.015496668508265997,-0.000987207871215181,-0.003948831484860724,-0.0204327078643419,281.47641064599543,264.6189845312851,True,3.31831585045817e-09,True,8.673617379884035e-19,0.07190178900101533,0.06759564095536436,1.9026578391431404e-12,24,RIGHT
1.1625000000000003e-09,-4.421956660262876,-0.016643351674743893,-0.015709865882239916,-0.0009334857925039784,-0.0037339431700159137,-0.020377294844759808,281.47641064599543,265.68907192973325,True,3.31831585045817e-09,True,1.5178830414797062e-18,0.07359617978723106,0.06946834606980733,1.955370070524321e-12,24,INTERIOR
1.1750000000000002e-09,-4.4786779989432555,-0.016793334383427616,-0.01591137953146616,-0.0008819548519614584,-0.0035278194078458337,-0.02032115379127345,281.47641064599543,266.69379032689346,True,3.31831585045817e-09,True,1.4094628242311558e-18,0.07521193723195456,0.07126194544041353,2.0058556618218363e-12,24,INTERIOR
1.1875e-09,-4.532244844358233,-0.01693421397829019,-0.016101686226411005,-0.0008325277518791849,-0.0033301110075167396,-0.02026432498580693,281.47641064599543,267.6383356303759,True,3.31831585045817e-09,True,1.4094628242311558e-18,0.07675000399636482,0.07297678438512524,2.0541243329211783e-12,24,INTERIOR
1.2e-09,-4.582786049218381,-0.017066364406313175,-0.016281243741529786,-0.0007851206647833897,-0.003140482659133559,-0.020206847065446735,281.47641064599543,268.5273758436285,True,3.31831585045817e-09,True,1.4094628242311558e-18,0.07821149671212915,0.07461345668260679,2.1001927972910616e-12,24,INTERIOR
1.2000000000000002e-09,-4.582786049218382,-0.017066364406313175,-0.016281243741529786,-0.0007851206647833897,-0.003140482659133559,-0.020206847065446735,281.47641064599543,268.52737584362853,True,3.31831585045817e-09,True,1.4094628242311558e-18,0.07821149671212917,0.0746134566826068,2.1001927972910624e-12,24,LEFT
1.2000000000000002e-09,-4.5827860492183845,-0.016978857419446505,-0.01617186000794646,-0.0008069974115000483,-0.003227989646000193,-0.0202068470654467,283.38026961441136,269.91133360773455,True,3.31831585045817e-09,True,2.168404344971009e-18,0.0778104709135075,0.07411217443432974,2.1001927972910652e-12,25,RIGHT
1.2125000000000001e-09,-4.631769948658751,-0.017105522306680408,-0.016344715724073124,-0.000760806582607286,-0.003043226330429144,-0.020148748637109554,283.38026961441136,270.77629467355433,True,3.31831585045817e-09,True,1.4094628242311558e-18,0.07922884417619423,0.07570496311013206,2.1453292857298287e-12,25,INTERIOR
1.2250000000000002e-09,-4.677925978350306,-0.017224085334511165,-0.016507592376545643,-0.000716492957965522,-0.002865971831862088,-0.020090057166373253,283.38026961441136,271.59212739020427,True,3.31831585045817e-09,True,0.0,0.0805729962396323,0.07722129521826032,2.188299145892467e-12,25,INTERIOR
1.2375000000000003e-09,-4.721369128373537,-0.017334878054884983,-0.016660895745486404,-0.0006739823093985791,-0.0026959292375943163,-0.0200308072924793,283.38026961441136,272.36240793993073,True,3.31831585045817e-09,True,-6.505213034913027e-19,0.08184435809245387,0.0786622388237895,2.229132644635869e-12,25,INTERIOR
1.2500000000000002e-09,-4.762209841639687,-0.01743821890088574,-0.016805015564843345,-0.0006332033360423948,-0.002532813344169579,-0.01997103224505532,283.38026961441136,273.0903808873394,True,3.31831585045817e-09,True,6.505213034913027e-19,0.08304445767046528,0.08002901051180511,2.2678642575809896e-12,25,LEFT
1.2500000000000002e-09,-4.762209841639691,-0.01734819427947603,-0.016692484788081215,-0.0006557094913948167,-0.002622837965579267,-0.0199710322450553,285.2906503793856,274.50752308404077,True,3.31831585045817e-09,True,2.168404344971009e-18,0.08261574153239813,0.0794931153392212,2.267864257580993e-12,26,RIGHT
1.2625000000000001e-09,-4.801936061397397,-0.017447537461485602,-0.016831733023888722,-0.0006158044375968807,-0.0024632177503875227,-0.019910755211873125,285.2906503793856,275.22142147551676,True,3.31831585045817e-09,True,7.589415207398531e-19,0.08378195931888971,0.08082490578322471,2.3058589937748744e-12,26,INTERIOR
1.2750000000000003e-09,-4.839219078781721,-0.017539933580627307,-0.016962417353482924,-0.0005775162271443847,-0.002310064908577539,-0.019849998489204847,285.2906503793856,275.89722940151796,True,3.31831585045817e-09,True,1.4094628242311558e-18,0.08487958122393584,0.08208485367923271,2.3418041292445003e-12,26,INTERIOR
1.2875000000000004e-09,-4.8741579502858,-0.01762566639262033,-0.017084884989410062,-0.0005407814032102686,-0.0021631256128410744,-0.019788792005461405,285.2906503793856,276.53751306257305,True,3.31831585045817e-09,True,7.589415207398531e-19,0.08591028197667562,0.08327442800085158,2.375741572433427e-12,26,INTERIOR
1.3000000000000003e-09,-4.906847844451706,-0.017705008507860026,-0.01719946951618104,-0.0005055389916789867,-0.0020221559667159467,-0.019727164474575974,285.2906503793856,277.14461940378857,True,3.31831585045817e-09,True,1.4094628242311558e-18,0.08687578283279208,0.08439517992118577,2.4077155768600356e-12,26,LEFT
1.3000000000000003e-09,-4.90684784445171,-0.017613175170415052,-0.017084677844374816,-0.0005284973260402365,-0.002113989304160946,-0.019727164474576,287.2075136065446,278.5896237887743,True,3.31831585045817e-09,True,7.589415207398531e-19,0.08642517061890148,0.08383191465382246,2.4077155768600396e-12,27,RIGHT
1.3125000000000002e-09,-4.9387887267799115,-0.017689738682137125,-0.017195889706234244,-0.0004938489759028795,-0.001975395903611518,-0.01966513458574864,287.2075136065446,279.1894677204609,True,3.31831585045817e-09,True,-1.4094628242311558e-18,0.08736588198302137,0.0849268662281004,2.439163408776834e-12,27,INTERIOR
1.3250000000000003e-09,-4.968608140660979,-0.01776031609457835,-0.017299715032760756,-0.0004606010618175949,-0.0018424042472703797,-0.01960272034184873,287.2075136065446,279.7589927004584,True,3.31831585045817e-09,True,7.589415207398531e-19,0.08824405112823419,0.0859555049428902,2.468706685544255e-12,27,INTERIOR
1.3375000000000004e-09,-4.9963918971650365,-0.0178251516270893,-0.017396452601200974,-0.00042869902588832663,-0.0017147961035533065,-0.019539947730642607,287.2075136065446,280.30010637171256,True,3.31831585045817e-09,True,-7.047314121155779e-19,0.08906144315532716,0.08691949481605617,2.4963931990056435e-12,27,INTERIOR
1.3500000000000003e-09,-5.022222464107134,-0.01788447997612761,-0.017486389548245766,-0.0003980904278818462,-0.0015923617115273848,-0.019476841687654997,287.2075136065446,280.81456496419514,True,3.31831585045817e-09,True,1.4094628242311558e-18,0.08981983709498231,0.0878205384053281,2.5222718478982336e-12,27,LEFT
1.3500000000000003e-09,-5.022222464107136,-0.017791424301969335,-0.017370069955547917,-0.0004213543464214167,-0.0016854173856856668,-0.019476841687655,289.130813920704,282.2833281285538,True,3.31831585045817e-09,True,-1.4094628242311558e-18,0.08935249079781202,0.08723635553386519,2.5222718478982352e-12,28,RIGHT
1.3625000000000002e-09,-5.047605533174321,-0.017848972158075193,-0.017457860906373888,-0.0003911112517013059,-0.0015644450068052235,-0.019413417164880417,289.130813920704,282.7953054367164,True,3.31831585045817e-09,True,7.047314121155779e-19,0.09009457062657474,0.08812039530840049,2.547832161853202e-12,28,INTERIOR
1.3750000000000003e-09,-5.07113678889899,-0.01790133539741193,-0.017539247097646888,-0.0003620882997650413,-0.0014483531990601651,-0.019349688596472094,289.130813920704,283.28259743304653,True,3.31831585045817e-09,True,-1.3552527156068805e-18,0.09078012050423535,0.08894392120646696,2.5716428331724755e-12,28,INTERIOR
1.3875000000000004e-09,-5.092891005965066,-0.017948725451988015,-0.017614487148235346,-0.0003342383037526688,-0.0013369532150106752,-0.01928567866699869,289.130813920704,283.7466660007869,True,3.31831585045817e-09,True,-6.505213034913027e-19,0.09141090242296603,0.08970866317193503,2.593753879863986e-12,28,INTERIOR
1.4000000000000003e-09,-5.112940067033117,-0.01799134556842385,-0.017683829674534014,-0.00030751589388983353,-0.0012300635755593341,-0.01922140914398318,289.130813920704,284.1888644508451,True,3.31831585045817e-09,True,-1.4094628242311558e-18,0.091988671616633,0.09041636128151416,2.6142156129072613e-12,28,LEFT
1.4000000000000003e-09,-5.112940067033119,-0.017897552737515584,-0.017566588635898682,-0.00033096410161690337,-0.0013238564064676135,-0.0192214091439832,291.0604997366666,285.67816740194513,True,3.31831585045817e-09,True,1.4094628242311558e-18,0.0915091144934817,0.08981691487757502,2.6142156129072633e-12,29,RIGHT
1.4125000000000002e-09,-5.132790165082051,-0.017939208656498767,-0.017634787852442636,-0.00030442080405612904,-0.0012176832162245162,-0.01915689187272328,291.0604997366666,286.12132582685666,True,3.31831585045817e-09,True,-1.3552527156068805e-18,0.09207819376143167,0.090515665652326,2.634553487876303e-12,29,INTERIOR
1.4250000000000004e-09,-5.151014949026076,-0.017976350030282896,-0.017697402958101127,-0.0002789470721817684,-0.0011157882887270737,-0.01909213831900997,291.0604997366666,286.5439836423242,True,3.31831585045817e-09,True,-7.047314121155779e-19,0.09259644773491256,0.0911595871961172,2.6532955005090116e-12,29,INTERIOR
1.4375000000000005e-09,-5.167679975122602,-0.01800916102673143,-0.017754659185282774,-0.00025450184144865383,-0.0010180073657946153,-0.019027168392526043,291.0604997366666,286.947291295363,True,3.31831585045817e-09,True,-7.047314121155779e-19,0.09306558080659841,0.09175039673691236,2.6704916325283137e-12,29,INTERIOR
1.4500000000000004e-09,-5.1828482824395214,-0.018037818734216327,-0.017806773118058408,-0.0002310456161579204,-0.0009241824646316816,-0.01896200119884801,291.0604997366666,287.33231876912396,True,3.31831585045817e-09,True,1.4094628242311558e-18,0.09348727784558851,0.09228980347071926,2.68619163187863e-12,29,LEFT
1.4500000000000004e-09,-5.182848282439524,-0.01794369023220667,-0.017689112490546336,-0.00025457774166033273,-0.001018310966641331,-0.018962001198848,292.99651326257407,288.839598508949,True,3.31831585045817e-09,True,0.0,0.0929994241006192,0.09167998628950762,2.6861916318786324e-12,30,RIGHT
1.4625000000000003e-09,-5.198022231156887,-0.01797205026205157,-0.017740901327718488,-0.0002311489343330822,-0.0009245957373323288,-0.0188966459993839,292.99651326257407,289.2281156219911,True,3.31831585045817e-09,True,-1.3823577699190182e-18,0.09341911680161304,0.09221759950224144,2.7019435115601226e-12,30,INTERIOR
1.4750000000000004e-09,-5.211761554005424,-0.017996457375989754,-0.017787793772599644,-0.0002086636033901114,-0.0008346544135604456,-0.0188311117895502,292.99651326257407,289.59930530320787,True,3.31831585045817e-09,True,1.4094628242311558e-18,0.09379324466048074,0.09270573971461192,2.716245849580903e-12,30,INTERIOR
1.4875000000000005e-09,-5.224124087133486,-0.01801707300495071,-0.017829987220536626,-0.00018708578441408512,-0.0007483431376563405,-0.01876541614260705,292.99651326257407,289.95409441356026,True,3.31831585045817e-09,True,-6.776263578034403e-19,0.0941234250648055,0.09314606571208763,2.7291472477768277e-12,30,INTERIOR
1.5000000000000004e-09,-5.235165461786521,-0.018034052417677,-0.017867671541520816,-0.00016638087615618164,-0.0006655235046247266,-0.018699575922301724,292.99651326257407,290.2933484131945,True,3.31831585045817e-09,True,-1.3823577699190182e-18,0.09441124835307034,0.09354021693671571,2.7406957412282482e-12,30,LEFT
1.5000000000000004e-09,-5.235165461786524,-0.01793992041547338,-0.0177500065387663,-0.00018991387670707976,-0.000759655506828319,-0.0186995759223017,294.9387906056732,291.81653767377566,True,3.31831585045817e-09,True,1.4094628242311558e-18,0.09391845174628519,0.0929242211782343,2.740695741228251e-12,31,RIGHT
1.5125000000000003e-09,-5.24638061305877,-0.01795714516049261,-0.017788031890566297,-0.00016911326992631107,-0.0006764530797052443,-0.018633598240197852,294.9387906056732,292.1611740713271,True,3.31831585045817e-09,True,-1.3823577699190182e-18,0.09421001823589055,0.09332278565513817,2.752450953707892e-12,31,INTERIOR
1.5250000000000004e-09,-5.256322069592928,-0.017970888996618528,-0.017821738737040245,-0.00014915025957828177,-0.0005966010383131271,-0.018567490034931654,294.9387906056732,292.4909318944643,True,3.31831585045817e-09,True,-1.3823577699190182e-18,0.09446078044313068,0.09367679864202383,2.762892169928968e-12,31,INTERIOR
1.5375000000000005e-09,-5.265041184137294,-0.01798129433468924,-0.017851301191427683,-0.00012999314326155796,-0.0005199725730462318,-0.018501266907735472,294.9387906056732,292.8065736613886,True,3.31831585045817e-09,True,7.047314121155779e-19,0.09467225521623344,0.0939878359633059,2.7720658670661844e-12,31,INTERIOR
1.5500000000000004e-09,-5.272587365533015,-0.017988498186823323,-0.01787688677608484,-0.00011161141073848248,-0.0004464456429539299,-0.018434943829777253,294.9387906056732,293.1088137972082,True,3.31831585045817e-09,True,1.3552527156068805e-20,0.0948459282647582,0.09425744735064917,2.780017752717838e-12,31,LEFT
1.5500000000000004e-09,-5.272587365533019,-0.017894637369453317,-0.017759560754372322,-0.0001350766150809958,-0.0005403064603239832,-0.0184349438297773,296.8872619349514,294.64622594328085,True,3.31831585045817e-09,True,1.3823577699190182e-18,0.09435103890497457,0.09363883565091956,2.780017752717842e-12,32,RIGHT
1.5625000000000005e-09,-5.280445150050811,-0.01790252761510108,-0.01778602798798342,-0.00011649962711765897,-0.0004659985084706359,-0.018368526123571715,296.8872619349514,294.9552858444786,True,3.31831585045817e-09,True,1.3552527156068805e-20,0.0945333151188112,0.09391814522781504,2.7883100982695134e-12,32,INTERIOR
1.5750000000000007e-09,-5.287165410249778,-0.01790733477816814,-0.01780866371898504,-9.867105918310027e-05,-0.00039468423673240106,-0.018302019014900542,296.8872619349514,295.25138585646283,True,3.31831585045817e-09,True,-6.911788849595091e-19,0.09467904102889348,0.09415735081778788,2.79541180753417e-12,32,INTERIOR
1.5875000000000008e-09,-5.292794037789022,-0.017909185305983333,-0.01782762252342333,-8.15627825600046e-05,-0.0003262511302400184,-0.018235436436223353,296.8872619349514,295.53516518815275,True,3.31831585045817e-09,True,1.395910297075087e-18,0.09478962920916735,0.09435793419992829,2.8013668726455023e-12,32,INTERIOR
1.6000000000000007e-09,-5.297375199286027,-0.017908200884906862,-0.01784305316691793,-6.514771798893302e-05,-0.00026059087195573206,-0.018168791756862594,296.8872619349514,295.80722448510653,True,3.31831585045817e-09,True,-6.911788849595091e-19,0.0948664592315377,0.09452134732597305,2.806218400201068e-12,32,LEFT
1.6000000000000007e-09,-5.297375199286029,-0.01781483819582073,-0.017726349805560263,-8.848839026046747e-05,-0.00035395356104186987,-0.0181687917568626,298.84185167238377,297.3574691533694,True,3.31831585045817e-09,True,1.3552527156068805e-20,0.09437188203783421,0.09390312583384366,2.80621840020107e-12,33,RIGHT
1.6125000000000008e-09,-5.302380574905249,-0.0178148970031723,-0.01774309905132758,-7.179795184471885e-05,-0.0002871918073788754,-0.018102088810551174,298.84185167238377,297.6374533044482,True,3.31831585045817e-09,True,-6.911788849595091e-19,0.09446136381355853,0.0940806637483791,2.811523976113252e-12,33,INTERIOR
1.625000000000001e-09,-5.306363964901416,-0.017812209060232242,-0.017756428476151696,-5.5780584080546154e-05,-0.00022312233632218462,-0.018035331396554426,298.84185167238377,297.90600070759723,True,3.31831585045817e-09,True,6.776263578034403e-21,0.09451806429250688,0.09422207221120071,2.8157498528004275e-12,33,INTERIOR
1.637500000000001e-09,-5.30936664621402,-0.01780688736869935,-0.01776647620305407,-4.0411165645280746e-05,-0.00016164466258112298,-0.017968532031280474,298.84185167238377,298.1636563584232,True,3.31831585045817e-09,True,1.3891340334970526e-18,0.09454329386826206,0.09432873617325038,2.818937418392991e-12,33,INTERIOR
1.6500000000000007e-09,-5.311428354941534,-0.01779904070412364,-0.017773375199014563,-2.5665505109076502e-05,-0.00010266202043630601,-0.017901702724559945,298.84185167238377,298.41093366964407,True,3.31831585045817e-09,True,-6.945670167485263e-19,0.09453832948664083,0.09440200899506059,2.8211271169676934e-12,33,LEFT
1.6500000000000007e-09,-5.311428354941533,-0.017706363381988735,-0.017657528546345943,-4.8834835642791455e-05,-0.00019533934257116582,-0.0179017027245599,300.8024787274481,299.9728538466811,True,3.31831585045817e-09,True,-6.911788849595091e-19,0.09404608052999343,0.09378669779925139,2.8211271169676926e-12,34,RIGHT
1.6625000000000008e-09,-5.3140058896580635,-0.017699847140416412,-0.017666097407638026,-3.3749732778386166e-05,-0.00013499893111354466,-0.017834846071529957,300.8024787274481,300.22891426694235,True,3.31831585045817e-09,True,0.0,0.09405709195022025,0.09387774567146152,2.8238658595320584e-12,34,INTERIOR
1.675000000000001e-09,-5.315659762294915,-0.01769086942402537,-0.017671595609128416,-1.927381489695082e-05,-7.709525958780329e-05,-0.01776796468361317,300.8024787274481,300.4747610129267,True,3.31831585045817e-09,True,-1.3857459017080354e-18,0.09403864275730507,0.09393618971499143,2.8256238708481237e-12,34,INTERIOR
1.687500000000001e-09,-5.3164273368682,-0.017679531866631373,-0.01767414736527262,-5.384501358752375e-06,-2.15380054350095e-05,-0.01770106987206638,300.8024787274481,300.7108659309305,True,3.31831585045817e-09,True,-1.387439967602544e-18,0.0939919465187915,0.09396332020857243,2.82643996281995e-12,34,INTERIOR
1.7000000000000007e-09,-5.316344592180755,-0.017665932326279582,-0.01767387228546678,7.939959187197588e-06,3.175983674879035e-05,-0.01763417248953079,300.8024787274481,300.93767450202665,True,3.31831585045817e-09,True,-6.945670167485263e-19,0.09391818378864764,0.09396039534773463,2.8263519822809555e-12,34,LEFT
1.7000000000000007e-09,-5.316344592180759,-0.017574094551455442,-0.017559075066936602,-1.5019484518839776e-05,-6.0077938075359105e-05,-0.0176341724895308,302.7690565655894,302.5102987021583,True,3.31831585045817e-09,True,0.0,0.09342994253110347,0.0933500937758044,2.8263519822809596e-12,35,RIGHT
1.7125000000000007e-09,-5.316851781106404,-0.017562055007909236,-0.01756075023457559,-1.3047733336456203e-06,-5.219093334582481e-06,-0.01756727410124382,302.7690565655894,302.7465623306561,True,3.31831585045817e-09,True,1.3878634840761711e-18,0.09337484344869086,0.09336790616226794,2.8268912862254345e-12,35,INTERIOR
1.7250000000000006e-09,-5.316519247035938,-0.017547796806212376,-0.017559651925275963,1.1855119063586273e-05,4.7420476254345094e-05,-0.01750037632995803,302.7690565655894,302.973604364609,True,3.31831585045817e-09,True,6.928729508540177e-19,0.09329319946330386,0.09335622743198131,2.826537690410358e-12,35,INTERIOR
1.7375000000000005e-09,-5.315381023904183,-0.01753141192995031,-0.017555892547931835,2.4480617981524622e-05,9.792247192609849e-05,-0.017433489458024212,302.7690565655894,303.19183903399664,True,3.31831585045817e-09,True,-6.945670167485263e-19,0.09318613429470529,0.09331625810697773,2.825327542928068e-12,35,INTERIOR
1.7500000000000004e-09,-5.3134698924657995,-0.017512988967899164,-0.01754958037237446,3.659140447529671e-05,0.00014636561790118684,-0.017366623349997976,302.7690565655894,303.401658175269,True,3.31831585045817e-09,True,-6.911788849595091e-19,0.0930547396080179,0.09324916693402042,2.8232962298140516e-12,35,INTERIOR
1.7500000000000006e-09,-5.3134698924657995,-0.017512988967899164,-0.01754958037237446,3.659140447529671e-05,0.00014636561790118684,-0.017366623349997976,302.7690565655894,303.401658175269,True,3.31831585045817e-09,True,-6.911788849595091e-19,0.0930547396080179,0.09324916693402042,2.8232962298140516e-12,35,LEFT
1.7500000000000006e-09,-5.313469892465802,-0.017422117345609996,-0.017435990844512996,1.3873498902999133e-05,5.549399561199653e-05,-0.017366623349998,304.74149360648005,304.9841639256714,True,3.31831585045817e-09,True,6.928729508540177e-19,0.09257189597890493,0.09264561239762918,2.823296229814054e-12,36,RIGHT
1.7625000000000005e-09,-5.312208198819578,-0.01740543625105861,-0.017431850634949498,2.6414383890888128e-05,0.00010565753556355251,-0.017299778715495057,304.74149360648005,305.20396743841945,True,3.31831585045817e-09,True,-1.3891340334970526e-18,0.09246130115690505,0.09260161986357698,2.8219555947605945e-12,36,INTERIOR
1.7750000000000006e-09,-5.310178685047577,-0.017386743948479864,-0.017425190846851783,3.844689837191884e-05,0.00015378759348767536,-0.01723295635499219,304.74149360648005,305.41536131104357,True,3.31831585045817e-09,True,6.911788849595091e-19,0.09232671711759773,0.09253087701783848,2.819799766713362e-12,36,INTERIOR
1.7875000000000007e-09,-5.3074125398428,-0.017366124193863818,-0.0174161138249732,4.9989631109383095e-05,0.00019995852443753238,-0.017166165669426286,304.74149360648005,305.6187138013289,True,3.31831585045817e-09,True,6.911788849595091e-19,0.09216918531498026,0.09243450090999232,2.8168627868080604e-12,36,INTERIOR
1.8000000000000006e-09,-5.303939811230194,-0.01734365767216316,-0.017404718170999377,6.106049883621637e-05,0.00024424199534486547,-0.017099415676818296,304.74149360648005,305.81437384705185,True,3.31831585045817e-09,True,6.911788849595091e-19,0.09198971639973418,0.09231357761040516,2.8131777521152586e-12,36,LEFT
1.8000000000000006e-09,-5.303939811230193,-0.017253855788604545,-0.017292465816551104,3.861002794656107e-05,0.0001544401117862443,-0.0170994156768183,306.71969327553296,307.4060590406247,True,3.31831585045817e-09,True,-1.3891340334970526e-18,0.09151341261440415,0.09171819787874264,2.8131777521152574e-12,37,RIGHT
1.8125000000000005e-09,-5.301163831697045,-0.017233273494837147,-0.01728341527433289,5.0141779495740944e-05,0.00020056711798296378,-0.017032706376854185,306.71969327553296,307.6121221708227,True,3.31831585045817e-09,True,1.3891340334970526e-18,0.09135640615257402,0.09162221594049379,2.81023379704929e-12,37,INTERIOR
1.8250000000000006e-09,-5.297681849168995,-0.017210857934534297,-0.01727206294644398,6.120501190968185e-05,0.0002448200476387274,-0.01696603788689557,306.71969327553296,307.8104455524543,True,3.31831585045817e-09,True,1.395910297075087e-18,0.09117764968840852,0.09150189436908063,2.8065432975014628e-12,37,INTERIOR
1.8375000000000007e-09,-5.293522611090139,-0.017186685816689154,-0.017258502558343564,7.181674165441035e-05,0.0002872669666176414,-0.016899418850071513,306.71969327553296,308.0013603291599,True,3.31831585045817e-09,True,0.0,0.09097810998034622,0.09135827352614867,2.802138163412256e-12,37,INTERIOR
1.8500000000000006e-09,-5.28871382056562,-0.017160831055805834,-0.017242824430626483,8.199337482065055e-05,0.0003279734992826022,-0.01683285755652323,306.71969327553296,308.1851807390382,True,3.31831585045817e-09,True,-1.3823577699190182e-18,0.09075872437723202,0.0911923638718408,2.79704938758418e-12,37,LEFT
1.8500000000000006e-09,-5.28871382056562,-0.017072183249989298,-0.017132014673355823,5.983142336652495e-05,0.0002393256934660998,-0.0168328575565232,308.7035542171682,309.78544121291196,True,3.31831585045817e-09,True,6.911788849595091e-19,0.09028989150144728,0.09060632277710995,2.79704938758418e-12,38,RIGHT
1.8625000000000008e-09,-5.284638903298237,-0.017048322343613916,-0.01711881457503588,7.049223142196402e-05,0.0002819689256878561,-0.01676635341792606,308.7035542171682,309.9799966697483,True,3.31831585045817e-09,True,-7.047314121155779e-19,0.09009422749303068,0.09046675348158349,2.7927408338253198e-12,38,INTERIOR
1.8750000000000007e-09,-5.279911336521159,-0.017022781448296807,-0.017103500314113076,8.071886581627123e-05,0.0003228754632650849,-0.01669990598503172,308.7035542171682,310.16736909639604,True,3.31831585045817e-09,True,-1.395910297075087e-18,0.08987877674798438,0.09030496520267883,2.7877463721524647e-12,38,INTERIOR
1.8875000000000008e-09,-5.274557763642237,-0.0169956312077873,-0.017086158198009172,9.052699022187307e-05,0.00036210796088749226,-0.016633523246899807,308.7035542171682,310.3478593501997,True,3.31831585045817e-09,True,6.776263578034403e-19,0.08964443853503479,0.09012192837412873,2.78209596019986e-12,38,INTERIOR
1.900000000000001e-09,-5.268603866615437,-0.0169669397088048,-0.01706687141965672,9.993171085192141e-05,0.00039972684340768564,-0.016567212865397113,308.7035542171682,310.52175330601045,True,3.31831585045817e-09,True,-1.395910297075087e-18,0.08939208415443996,0.08991858475263188,2.7758186703315132e-12,38,LEFT
1.900000000000001e-09,-5.268603866615438,-0.016879514206390514,-0.016957589541638868,7.807533524835376e-05,0.00031230134099341505,-0.0165672128653971,310.692970464849,312.13006501222446,True,3.31831585045817e-09,True,-1.3552527156068805e-20,0.08893147381437927,0.08934282182755605,2.775818670331514e-12,39,RIGHT
1.912500000000001e-09,-5.26341245095931,-0.016852899066036375,-0.01694088039096719,8.798132493081576e-05,0.00035192529972326303,-0.016500973766313112,310.692970464849,312.3149572269532,True,3.31831585045817e-09,True,0.0,0.08870375877893638,0.08916684078002914,2.770351062891349e-12,39,INTERIOR
1.925000000000001e-09,-5.257614626294365,-0.016824736562463298,-0.016922219445223007,9.748288275970782e-05,0.0003899315310388313,-0.016434805031424467,310.692970464849,312.4931321673307,True,3.31831585045817e-09,True,6.911788849595091e-19,0.0884579810343566,0.08897050846456739,2.7642511558624438e-12,39,INTERIOR
1.9375000000000012e-09,-5.251235213972162,-0.016795092092340015,-0.01690168659469646,0.00010659450235644755,0.0004263780094257902,-0.016368714082914224,310.692970464849,312.66486572986224,True,3.31831585045817e-09,True,-1.395910297075087e-18,0.08819497901720129,0.0887547318215913,2.7575471272461262e-12,39,INTERIOR
1.950000000000001e-09,-5.244298145581975,-0.016764028700325027,-0.016879358865878494,0.00011533016555346706,0.00046132066221386825,-0.01630270803811116,310.692970464849,312.83042037981573,True,3.31831585045817e-09,True,0.0,0.08791556462559755,0.08852039039893925,2.7502663039754535e-12,39,LEFT
1.950000000000001e-09,-5.244298145581976,-0.0166778802195824,-0.016771673264950198,9.379304536779946e-05,0.00037517218147119783,-0.0163027080381112,312.68783160363745,314.4463251045755,True,3.31831585045817e-09,True,-1.395910297075087e-18,0.08746377630779431,0.08795565500168513,2.7502663039754555e-12,40,RIGHT
1.962500000000001e-09,-5.238145044507751,-0.016648953219909224,-0.016751995169251147,0.00010304194934192407,0.0004121677973676963,-0.016236785422541526,312.68783160363745,314.6230862276584,True,3.31831585045817e-09,True,-1.395910297075087e-18,0.08720963180510886,0.08774938048143067,2.7438163507301107e-12,40,INTERIOR
1.975000000000001e-09,-5.231425787962668,-0.01661859415764674,-0.01673050646433218,0.00011191230668543898,0.0004476492267417559,-0.016170944930904985,312.68783160363745,314.7935221437202,True,3.31831585045817e-09,True,6.911788849595091e-19,0.08693894203599889,0.08752440296318349,2.7367815774960826e-12,40,INTERIOR
1.9875000000000013e-09,-5.224163611480957,-0.016586863865771885,-0.016707281459238547,0.00012041759346666377,0.0004816703738666551,-0.01610519349190523,312.68783160363745,314.95788798637045,True,3.31831585045817e-09,True,-1.4094628242311558e-18,0.08665249063615385,0.08728157184612449,2.7291885439521756e-12,40,INTERIOR
2.000000000000001e-09,-5.216380923184582,-0.016553821003276233,-0.016682391816886747,0.00012857081361051446,0.0005142832544420578,-0.016039537748834175,312.68783160363745,315.11642672420993,True,3.31831585045817e-09,True,-7.047314121155779e-19,0.08635103608730241,0.08702171042669861,2.7210629935764036e-12,40,LEFT
2.000000000000001e-09,-5.216380923184581,-0.01646899292486422,-0.016576356718871754,0.00010736379400753116,0.00042945517603012464,-0.0160395377488341,314.6880229264049,316.7395205634644,True,3.31831585045817e-09,True,1.3823577699190182e-18,0.08590854051732356,0.08646859096422518,2.7210629935764024e-12,41,RIGHT
2.012500000000001e-09,-5.2093977301215455,-0.016438127879053986,-0.0165541658741167,0.00011603799506271286,0.00046415198025085146,-0.015973975898803134,314.6880229264049,316.9094296169538,True,3.31831585045817e-09,True,-6.911788849595091e-19,0.08563274606059153,0.08623723412867908,2.7137824710595515e-12,41,INTERIOR
2.025000000000001e-09,-5.201883588040746,-0.01640593150835264,-0.016530287805892423,0.00012435629753978285,0.0004974251901591314,-0.01590850631819351,314.6880229264049,317.07334541731734,True,3.31831585045817e-09,True,7.047314121155779e-19,0.08534174585982017,0.08598863284306188,2.705959286352767e-12,41,INTERIOR
2.0375000000000013e-09,-5.193860344968697,-0.016372460654241625,-0.016504791941774562,0.00013233128753293717,0.0005293251501317487,-0.015843135504109877,314.6880229264049,317.23150567615625,True,3.31831585045817e-09,True,6.776263578034403e-19,0.08503627414162582,0.08572358436834181,2.6976185283038352e-12,41,INTERIOR
2.050000000000001e-09,-5.185349076054048,-0.01633777013971193,-0.016477745253325796,0.00013997511361386536,0.0005599004544554614,-0.01577786968525647,314.6880229264049,317.38413698513915,True,3.31831585045817e-09,True,0.0,0.08471704129873868,0.0854428611247869,2.688784504053457e-12,41,LEFT
2.050000000000001e-09,-5.185349076054052,-0.016254296315565974,-0.016373402973143342,0.00011910665757736834,0.00047642663030947335,-0.0157778696852565,316.6934255853459,319.0140609832668,True,3.31831585045817e-09,True,-1.3552527156068805e-20,0.08428420038182881,0.0849018099786495,2.6887845040534612e-12,42,RIGHT
2.062500000000001e-09,-5.177647845701306,-0.01622180964071668,-0.01634908535322903,0.00012727571251234873,0.0005091028500493949,-0.015712706790667285,316.6934255853459,319.1781903731276,True,3.31831585045817e-09,True,-1.3823577699190182e-18,0.08399081773963339,0.08464980655833305,2.680803721409537e-12,42,INTERIOR
2.0750000000000012e-09,-5.169446611144479,-0.016188080112103046,-0.01632318890608407,0.00013510879398102445,0.0005404351759240978,-0.01564764493617895,316.6934255853459,319.33660911892406,True,3.31831585045817e-09,True,6.776263578034403e-19,0.08368341587644643,0.08438185357362746,2.6723178265473137e-12,42,INTERIOR
2.0875000000000013e-09,-5.160765999719507,-0.016153161060038477,-0.016295778765160154,0.00014261770512167816,0.0005704708204867126,-0.015582690239551764,316.6934255853459,319.48954019203063,True,3.31831585045817e-09,True,-7.047314121155779e-19,0.08336268438663967,0.08409870099018965,2.6633505703860882e-12,42,INTERIOR
2.100000000000001e-09,-5.1516259138624845,-0.016117103932978334,-0.016266917774945,0.00014981384196666517,0.0005992553678666607,-0.015517848565111673,316.6934255853459,319.6371963154858,True,3.31831585045817e-09,True,0.0,0.08302929027754616,0.08380107514807693,2.653924955637948e-12,42,LEFT
2.100000000000001e-09,-5.151625913862488,-0.016035010196224667,-0.01616430060400291,0.00012929040777824203,0.0005171616311129681,-0.0155178485651117,318.70391674024825,321.2736288172366,True,3.31831585045817e-09,True,3.5236570605778894e-19,0.08260637405592021,0.08327242987104445,2.6539249556379513e-12,43,RIGHT
2.112500000000001e-09,-5.143302240266882,-0.016001170198753415,-0.016138183342311426,0.0001370131435580121,0.0005480525742320483,-0.015453117624521366,318.70391674024825,321.43288124437146,True,3.31831585045817e-09,True,-1.0570971181733668e-18,0.08229885453014012,0.08300355453834804,2.645355793473433e-12,43,INTERIOR
2.1250000000000012e-09,-5.134505902807577,-0.015966165463674752,-0.016110582999180174,0.00014441753550542387,0.0005776701420216955,-0.015388495321653055,318.70391674024825,321.58666490644185,True,3.31831585045817e-09,True,-1.7618285302889447e-18,0.08197837081844049,0.08271988350696201,2.6363150865965853e-12,43,INTERIOR
2.1375000000000014e-09,-5.125256448765152,-0.015930046214447127,-0.01608156090827828,0.00015151469383115277,0.0006060587753246111,-0.015323987439122517,318.70391674024825,321.7351902040939,True,3.31831585045817e-09,True,1.3823577699190182e-18,0.08164557208972203,0.08242212375136283,2.626825366560878e-12,43,INTERIOR
2.150000000000001e-09,-5.11557274298266,-0.015892860913458446,-0.016051176261984823,0.00015831534852637637,0.0006332613941055055,-0.015259599519352941,318.70391674024825,321.87865802378434,True,3.31831585045817e-09,True,6.776263578034403e-19,0.08130108609690252,0.08211095977861986,2.6169084488747136e-12,43,LEFT
2.150000000000001e-09,-5.115572742982662,-0.01581216634034448,-0.015950308045592377,0.00013814170524789545,0.0005525668209915818,-0.0152595995193529,320.71936970498024,323.5213083946861,True,3.31831585045817e-09,True,7.047314121155779e-19,0.08088828713817414,0.08159496108020942,2.616908448874716e-12,44,RIGHT
2.162500000000001e-09,-5.10670833663003,-0.015777200947340267,-0.0159226689093569,0.00014546796201663422,0.0005818718480665369,-0.015195329099273729,320.71936970498024,323.6764463908868,True,3.31831585045817e-09,True,-1.3823577699190182e-18,0.08056956360646975,0.08131242606081267,2.607847003540665e-12,44,INTERIOR
2.1750000000000013e-09,-5.097395552763575,-0.01574114017130983,-0.015893631736220083,0.00015249156491025235,0.0006099662596410094,-0.015131173911668822,320.71936970498024,323.8263237153689,True,3.31831585045817e-09,True,-7.047314121155779e-19,0.0802388179046628,0.08101612772947027,2.598344142133387e-12,44,INTERIOR
2.1875000000000014e-09,-5.087652977448517,-0.01570403147018002,-0.01586325447735973,0.00015922300717970649,0.0006368920287188259,-0.015067139441461196,320.71936970498024,323.9711399655133,True,3.31831585045817e-09,True,1.734723475976807e-18,0.07989666246720659,0.08070673387376275,2.5884212818940757e-12,44,INTERIOR
2.200000000000001e-09,-5.077498552120452,-0.015665920648236784,-0.015831593074004495,0.00016567242576771208,0.0006626897030708483,-0.015003230945165934,320.71936970498024,324.1110858487547,True,3.31831585045817e-09,True,-6.776263578034403e-19,0.07954368940905616,0.080384890911018,2.5780991546785287e-12,44,LEFT
2.200000000000001e-09,-5.077498552120455,-0.015586638614122402,-0.0157324905313615,0.00014585191723910028,0.0005834076689564011,-0.015003230945166,322.73965409347335,325.7596892969563,True,3.31831585045817e-09,True,-7.047314121155779e-19,0.07914113499563127,0.0798816978942368,2.5780991546785323e-12,45,RIGHT
2.212500000000001e-09,-5.0681634001104126,-0.015550741818508228,-0.01570356581792254,0.0001528239994143133,0.0006112959976572532,-0.014939445820850975,322.73965409347335,325.9113590374429,True,3.31831585045817e-09,True,0.0,0.07881370052912984,0.07958823752961997,2.568628025021874e-12,45,INTERIOR
2.2250000000000013e-09,-5.0584015645999365,-0.015513811562777445,-0.015673319037315753,0.00015950747453830836,0.0006380298981532335,-0.014875781664624211,322.73965409347335,326.0579480504099,True,3.31831585045817e-09,True,-7.047314121155779e-19,0.07847508868206202,0.07928194154083197,2.5587426388747087e-12,45,INTERIOR
2.2375000000000014e-09,-5.048230771111539,-0.015475892828372235,-0.015641805111588324,0.00016591228321608808,0.0006636491328643523,-0.014812243695507883,322.73965409347335,326.1996465791315,True,3.31831585045817e-09,True,3.5236570605778894e-19,0.07812587838661311,0.07896344188004994,2.548463391839741e-12,45,INTERIOR
2.250000000000001e-09,-5.037668134405599,-0.015437029039219424,-0.015609077070357663,0.00017204803113823885,0.0006881921245529554,-0.014748836914666469,322.73965409347335,326.33663651256103,True,3.31831585045817e-09,True,0.0,0.07776662928076956,0.0786333501648219,2.5378100232405582e-12,45,LEFT
2.250000000000001e-09,-5.037668134405599,-0.015359168103343994,-0.015511750900513393,0.00015258279716939862,0.0006103311886775945,-0.0147488369146664,324.7646359663284,327.9909498033815,True,3.31831585045817e-09,True,-3.5236570605778894e-19,0.07737439172519492,0.07814305322035367,2.5378100232405582e-12,46,RIGHT
2.2625000000000012e-09,-5.02792231325869,-0.01532250534324756,-0.015481742026185344,0.0001592366829377825,0.00063694673175113,-0.014685558611496431,324.7646359663284,328.13970043576677,True,3.31831585045817e-09,True,3.2526065174565133e-19,0.07704036651033992,0.0778409961815721,2.528000278816462e-12,46,INTERIOR
2.2750000000000013e-09,-5.017769297892415,-0.015284864725730016,-0.015450479338559071,0.00016561461282905526,0.000662458451316221,-0.014622406274413795,324.7646359663284,328.2835267390803,True,3.31831585045817e-09,True,-7.047314121155779e-19,0.07669592494320684,0.07752694086274281,2.517800872687174e-12,46,INTERIOR
2.2875000000000015e-09,-5.007226038795867,-0.015246289001342825,-0.01541801503078376,0.00017172602944093423,0.0006869041177637369,-0.014559384883579088,324.7646359663284,328.42261079760806,True,3.31831585045817e-09,True,3.5236570605778894e-19,0.07634161528253083,0.07720148632868651,2.507231260359535e-12,46,INTERIOR
2.300000000000001e-09,-4.99630890621587,-0.01520681944964249,-0.015384399509353868,0.00017758005971137795,0.0007103202388455118,-0.014496499210796978,324.7646359663284,328.5571268049305,True,3.31831585045817e-09,True,3.5236570605778894e-19,0.0759779674514655,0.0768652122853678,2.4963102686332026e-12,46,LEFT
2.300000000000001e-09,-4.996308906215874,-0.015130384097367366,-0.015288855319009958,0.00015847122164259174,0.000633884886570367,-0.014496499210797,326.79417797901,330.21692470353173,True,3.31831585045817e-09,True,0.0,0.07559607282014359,0.07638784399621538,2.4963102686332066e-12,47,RIGHT
2.3125000000000013e-09,-4.986204104917481,-0.015093096751269752,-0.015257934323535423,0.00016483757226567233,0.0006593502890626893,-0.014433746462207062,326.79417797901,330.3632241341063,True,3.31831585045817e-09,True,-7.047314121155779e-19,0.07525726097709792,0.07607917475657365,2.4862231375895937e-12,47,INTERIOR
2.3250000000000014e-09,-4.975709719750482,-0.01505488176036764,-0.015225821189721659,0.00017093942935401883,0.0006837577174160753,-0.014371124042951565,326.79417797901,330.50473586907634,True,3.31831585045817e-09,True,6.776263578034403e-19,0.0749087215047555,0.0757592664848809,2.475768721521942e-12,47,INTERIOR
2.3375000000000015e-09,-4.964841999006798,-0.01501577985373867,-0.015192565637829968,0.00017678578409129758,0.0007071431363651903,-0.01430863671737348,326.79417797901,330.6416348246234,True,3.31831585045817e-09,True,0.0,0.0745509744656819,0.07542868795136573,2.4649656075101816e-12,47,INTERIOR
2.350000000000001e-09,-4.953616638401305,-0.014975830367789147,-0.015158215697219295,0.0001823853294301483,0.0007295413177205932,-0.014246289050068554,326.79417797901,330.77408843090404,True,3.31831585045817e-09,True,-2.710505431213761e-20,0.07418452248375586,0.07508798948622135,2.4538317800246247e-12,47,LEFT
2.350000000000001e-09,-4.953616638401308,-0.014900821634067786,-0.015064454780067581,0.00016363314599979613,0.0006545325839991845,-0.0142462890500686,328.8281395325139,332.4391607423742,True,3.31831585045817e-09,True,-7.047314121155779e-19,0.07381295797236835,0.07462353384698689,2.4538317800246275e-12,48,RIGHT
2.362500000000001e-09,-4.943197439450259,-0.014863030781491557,-0.01503276893053578,0.00016973814904422472,0.0006789525961768989,-0.014184078185314657,328.8281395325139,332.5834086010143,True,3.31831585045817e-09,True,-7.047314121155779e-19,0.07347089570153945,0.07430994488527187,2.44352009253876e-12,48,INTERIOR
2.3750000000000006e-09,-4.932404662212935,-0.014824357886096207,-0.014999946991231354,0.00017558910513514744,0.0007023564205405898,-0.014122001465555617,328.8281395325139,332.7229887534655,True,3.31831585045817e-09,True,-2.710505431213761e-20,0.07311973195169402,0.07398580847249642,2.4328615751819897e-12,48,INTERIOR
2.3875000000000003e-09,-4.921253915014229,-0.014784841834732856,-0.014966036428666486,0.00018119459393363058,0.0007247783757345223,-0.014060063458998334,328.8281395325139,332.85806977340246,True,3.31831585045817e-09,True,-2.710505431213761e-20,0.07275996076204522,0.07365166536682051,2.421874009604288e-12,48,INTERIOR
2.4e-09,-4.909760278823257,-0.01474452019287805,-0.014931083105610522,0.0001865629127324721,0.0007462516509298884,-0.013998268541948161,328.8281395325139,332.98881310459916,True,3.31831585045817e-09,True,3.2526065174565133e-19,0.07239205957330008,0.07330803875173554,2.4105745995510628e-12,48,INTERIOR
2.4000000000000004e-09,-4.909760278823257,-0.01474452019287805,-0.014931083105610522,0.00018656291273247243,0.0007462516509298897,-0.01399826854194816,328.8281395325139,332.98881310459916,True,3.31831585045817e-09,True,0.0,0.07239205957330008,0.07330803875173554,2.4105745995510628e-12,48,LEFT
2.4000000000000004e-09,-4.909760278823256,-0.01467093618664466,-0.014839103097818801,0.00016816691117414013,0.0006726676446965605,-0.0139982685419481,330.86637692711645,334.6589622067023,True,3.31831585045817e-09,True,3.2526065174565133e-19,0.0720307797423387,0.07285643896303388,2.410574599551062e-12,49,RIGHT
2.4125000000000005e-09,-4.899065236942868,-0.014632745758055163,-0.01480677874386142,0.00017403298580625677,0.0006961319432250271,-0.013936613814830136,330.86637692711645,334.80150054858893,True,3.31831585045817e-09,True,3.5236570605778894e-19,0.07168677606431127,0.07253937501515607,2.400084019582208e-12,49,INTERIOR
2.4250000000000006e-09,-4.888011248553199,-0.014593714932070276,-0.014773369521406326,0.00017965458933605005,0.0007186183573442002,-0.013875096574726076,330.86637692711645,334.93947711775553,True,3.31831585045817e-09,True,-2.710505431213761e-20,0.0713342427461383,0.07221239639966712,2.3892653965982603e-12,49,INTERIOR
2.4375000000000007e-09,-4.876613335353729,-0.014553880907358731,-0.014738920831559605,0.0001850399242008742,0.0007401596968034968,-0.013813721210555234,330.86637692711645,335.07305483639186,True,3.31831585045817e-09,True,-7.047314121155779e-19,0.07097364971397561,0.07187601787590643,2.3781357622549814e-12,49,INTERIOR
2.450000000000001e-09,-4.864886014808213,-0.014513279626458521,-0.014703476551441353,0.00019019692498283247,0.0007607876999313299,-0.01375249192652719,330.86637692711645,335.202389812655,True,3.31831585045817e-09,True,-7.047314121155779e-19,0.07060545108375901,0.07153073744416752,2.3667115937076535e-12,49,LEFT
2.450000000000001e-09,-4.864886014808216,-0.014441115972269217,-0.01461327198370472,0.000172156011435504,0.000688624045742016,-0.0137524919265272,332.9087435197988,336.8774285969375,True,3.31831585045817e-09,True,-7.047314121155779e-19,0.07025438313171607,0.07109190250411382,2.3667115937076567e-12,50,RIGHT
2.462500000000001e-09,-4.853948566282663,-0.014402615390441017,-0.014580417789459437,0.00017780239901841986,0.0007112095960736794,-0.013691405794367338,332.9087435197988,337.0185507768414,True,3.31831585045817e-09,True,3.5236570605778894e-19,0.0699095543251518,0.07077259802494887,2.3560816684117527e-12,50,INTERIOR
2.475000000000001e-09,-4.842665624004016,-0.014363312649705955,-0.014546525792032892,0.00018321314232693718,0.0007328525693077487,-0.013630460080398206,332.9087435197988,337.1552052167544,True,3.31831585045817e-09,True,-7.047314121155779e-19,0.06955672041555307,0.07044396040176547,2.3451410345910207e-12,50,INTERIOR
2.487500000000001e-09,-4.831051668928357,-0.014323243393502232,-0.014511639489700107,0.00018839609619787404,0.0007535843847914962,-0.013569659008710737,332.9087435197988,337.28754976823006,True,3.31831585045817e-09,True,6.776263578034403e-19,0.06919632890064602,0.07010648017560235,2.3339060227855464e-12,50,INTERIOR
2.500000000000001e-09,-4.819120699081438,-0.014282442069140953,-0.014475800930097333,0.00019335886095637987,0.0007734354438255195,-0.013509006625315434,332.9087435197988,337.41573575108464,True,3.31831585045817e-09,True,3.5236570605778894e-19,0.0688288122088287,0.06976063189801439,2.322392431231517e-12,50,LEFT
2.500000000000001e-09,-4.819120699081441,-0.014211692279644186,-0.014387363693226383,0.00017567141358219642,0.0007026856543287857,-0.0135090066253154,334.95508988559857,339.09548590381496,True,3.31831585045817e-09,True,3.5236570605778894e-19,0.06848786043380921,0.06933444217924006,2.322392431231519e-12,51,RIGHT
2.512500000000001e-09,-4.807969929147262,-0.014172958677132688,-0.014354073349920995,0.0001811146727883066,0.0007244586911532264,-0.013448499985979462,334.95508988559857,339.2354439658859,True,3.31831585045817e-09,True,6.776263578034403e-19,0.06814315912670073,0.06901395302719425,2.311657483958433e-12,51,INTERIOR
2.525000000000001e-09,-4.796486103646421,-0.014133458209787716,-0.014319788677594435,0.0001863304678067196,0.0007453218712268784,-0.013388136338560837,334.95508988559857,339.37101822148196,True,3.31831585045817e-09,True,-7.047314121155779e-19,0.0677909358997142,0.06868466739923507,2.300627894247323e-12,51,INTERIOR
2.5375000000000012e-09,-4.7846832024041985,-0.014093225081083644,-0.014284551412663623,0.00019132633157997945,0.0007653053263199178,-0.013327919754763726,334.95508988559857,339.50236194172095,True,3.31831585045817e-09,True,-3.5236570605778894e-19,0.06743161731316247,0.0683470531980508,2.28931933473689e-12,51,INTERIOR
2.550000000000001e-09,-4.772574742046339,-0.014052292353811056,-0.014248401908674909,0.00019610955486385265,0.0007844382194554106,-0.013267854134355645,334.95508988559857,339.6296221201227,True,3.31831585045817e-09,True,0.0,0.06706561555564954,0.06800156306386672,2.2777469668418677e-12,51,LEFT
2.550000000000001e-09,-4.772574742046342,-0.013982948144334532,-0.014161721646829242,0.00017877350249470846,0.0007150940099788338,-0.0132678541343557,337.005263983204,341.313912687293,True,3.31831585045817e-09,True,7.047314121155779e-19,0.06673466513299477,0.06758787503554817,2.277746966841871e-12,52,RIGHT
2.562500000000001e-09,-4.7612360331909205,-0.01394404822719673,-0.014128076152033686,0.00018402792483695473,0.0007361116993478189,-0.013207936527848912,337.005263983204,341.4529235422836,True,3.31831585045817e-09,True,3.5236570605778894e-19,0.06639090486788105,0.06726710525472811,2.266936856375561e-12,52,INTERIOR
2.575000000000001e-09,-4.74957583137533,-0.01390441418467125,-0.014093476687094254,0.0001890625024230052,0.0007562500096920208,-0.013148164174979228,337.005263983204,341.58762593618945,True,3.31831585045817e-09,True,-7.047314121155779e-19,0.06604006956094688,0.06693803625307451,2.2558470577984656e-12,52,INTERIOR
2.5875000000000012e-09,-4.737607649629688,-0.013864078880677566,-0.014057963349396841,0.00019388446871927456,0.0007755378748770983,-0.013088541005800468,337.005263983204,341.71816897496996,True,3.31831585045817e-09,True,7.047314121155779e-19,0.06568256616016745,0.06660111470231626,2.2444926241829743e-12,52,INTERIOR
2.600000000000001e-09,-4.725344556142314,-0.013823074089904635,-0.014021574916342617,0.00019850082643798201,0.0007940033057519281,-0.013029070784152707,337.005263983204,341.8446957173847,True,3.31831585045817e-09,True,-7.047314121155779e-19,0.06531878789988274,0.06625677269948121,2.2328881174263807e-12,52,LEFT
2.600000000000001e-09,-4.725344556142317,-0.013755125644555779,-0.013936639359656548,0.00018151371510076973,0.0007260548604030789,-0.0130290707841527,339.0591113250108,343.53336190808176,True,3.31831585045817e-09,True,0.0,0.06499770808355522,0.06585542292907182,2.232888117426383e-12,53,RIGHT
2.612500000000001e-09,-4.71384013636884,-0.01371611726051803,-0.013902708934579578,0.00018659167406154703,0.0007463666962461881,-0.012969750564271843,339.0591113250108,343.67161251513005,True,3.31831585045817e-09,True,7.047314121155779e-19,0.06465558405777132,0.06553514738007489,2.2220288831241804e-12,53,INTERIOR
2.625000000000001e-09,-4.702025028256267,-0.013676405264896978,-0.01386786218450582,0.00019145691960884177,0.0007658276784353671,-0.012910577586461611,339.0591113250108,343.8056226898221,True,3.31831585045817e-09,True,0.0,0.06430679985212137,0.06520703507995498,2.2109039366348346e-12,53,INTERIOR
2.6375000000000013e-09,-4.689912307926806,-0.013636021269957728,-0.013832137675342433,0.00019611640538470392,0.0007844656215388157,-0.012851555648418913,339.0591113250108,343.9355377260529,True,3.31831585045817e-09,True,7.047314121155779e-19,0.06395174398512647,0.06487151272852656,2.1995277456043343e-12,53,INTERIOR
2.650000000000001e-09,-4.677514623815097,-0.013594995846677735,-0.013795572711601272,0.0002005768649235372,0.0008023074596941488,-0.012792688386983586,339.0591113250108,344.06149708079244,True,3.31831585045817e-09,True,-7.047314121155779e-19,0.06359079188354061,0.06452899310241944,2.187914305600409e-12,53,LEFT
2.650000000000001e-09,-4.677514623815099,-0.01352843204379953,-0.013712367958003513,0.00018393591420398268,0.0007357436568159307,-0.0127926883869836,341.11647515154147,345.7543792710951,True,3.31831585045817e-09,True,3.2526065174565133e-19,0.06327943872216109,0.06413980165069501,2.1879143056004104e-12,54,RIGHT
2.662500000000001e-09,-4.665864030788437,-0.01348936550321417,-0.01367821366210946,0.00018884815889529084,0.0007553926355811633,-0.012733972867633007,341.11647515154147,345.89203099854336,True,3.31831585045817e-09,True,3.2526065174565133e-19,0.06293954529960535,0.06382068513147551,2.177028715380532e-12,54,INTERIOR
2.675000000000001e-09,-4.653912895654465,-0.013449623917308235,-0.013643178312003132,0.00019355439469489756,0.0007742175787795902,-0.012675406338528645,341.11647515154147,346.02550407862145,True,3.31831585045817e-09,True,-7.047314121155779e-19,0.06259337819046353,0.0634941634839447,2.1658905240338927e-12,54,INTERIOR
2.6875000000000013e-09,-4.641673883758881,-0.013409237724039246,-0.0136072990367786,0.00019806131273935497,0.0007922452509574199,-0.012616992473081826,341.11647515154147,346.1549402944492,True,3.31831585045817e-09,True,-3.5236570605778894e-19,0.06224130854478735,0.06316064456751261,2.1545136443169254e-12,54,INTERIOR
2.700000000000001e-09,-4.629159248853515,-0.013368236364914222,-0.01357061175892195,0.00020237539400772762,0.0008095015760309105,-0.012558734788883311,341.11647515154147,346.28047578535,True,3.31831585045817e-09,True,-7.047314121155779e-19,0.06188369500950257,0.06282052293641381,2.142911535124604e-12,54,LEFT
2.700000000000001e-09,-4.629159248853518,-0.013303044968437167,-0.013489122513325635,0.0001860775448884671,0.0007443101795538684,-0.0125587347888833,343.1771966101178,347.97741869148535,True,3.31831585045817e-09,True,3.5236570605778894e-19,0.06158191365355516,0.062443296241479575,2.1429115351246066e-12,55,RIGHT
2.712500000000001e-09,-4.6173797232302265,-0.0132639641582287,-0.013454797605553065,0.00019083344732436432,0.0007633337892974573,-0.012500630368931244,343.1771966101178,348.1146109977759,True,3.31831585045817e-09,True,3.5236570605778894e-19,0.06124475915385768,0.06212590964404733,2.1320195508497643e-12,55,INTERIOR
2.7250000000000012e-09,-4.60530922778107,-0.013224235156883127,-0.01341962482726713,0.00019538967038400316,0.0007815586815360126,-0.012442676475347114,343.1771966101178,348.24768110570363,True,3.31831585045817e-09,True,-7.047314121155779e-19,0.060901692198340705,0.06180152205037325,2.1208873083485472e-12,55,INTERIOR
2.7375000000000014e-09,-4.59296004003025,-0.013183887296471814,-0.01338363995451683,0.00019975265804501527,0.0007990106321800611,-0.012384876664291753,343.1771966101178,348.37676754559243,True,3.31831585045817e-09,True,0.0,0.06055306752495749,0.06147052350124807,2.1095281929314678e-12,55,INTERIOR
2.750000000000001e-09,-4.580344041062169,-0.013142948954689586,-0.013346877608146788,0.00020392865345720304,0.0008157146138288122,-0.012327234340860773,343.1771966101178,348.5020033824174,True,3.31831585045817e-09,True,-7.047314121155779e-19,0.06019922792659671,0.061133291319261235,2.097955153449372e-12,55,LEFT
2.750000000000001e-09,-4.580344041062171,-0.013079116776840038,-0.013267087385834849,0.0001879706089948096,0.0007518824359792384,-0.0123272343408608,345.2411149377491,350.2028553772725,True,3.31831585045817e-09,True,6.776263578034403e-19,0.05990685459115554,0.060767824649959744,2.0979551534493736e-12,56,RIGHT
2.762500000000001e-09,-4.568450860137552,-0.013040060100909912,-0.013232638473437022,0.00019257837252711007,0.0007703134901084403,-0.012269746610801472,345.2411149377491,350.33970892655424,True,3.31831585045817e-09,True,3.2526065174565133e-19,0.059572873784247256,0.060452658615862624,2.0870743261491538e-12,56,INTERIOR
2.7750000000000013e-09,-4.556275779378926,-0.01300038057564255,-0.013197373030730927,0.0001969924550883774,0.0007879698203535096,-0.01221241075528904,345.2411149377491,350.47249216038665,True,3.31831585045817e-09,True,-7.047314121155779e-19,0.05923331913950841,0.06013087109134797,2.075964897775504e-12,56,INTERIOR
2.7875000000000014e-09,-4.5438307087531,-0.012960106488077681,-0.013161325555249709,0.0002012190671720267,0.0008048762686881068,-0.012155230219389575,345.2411149377491,350.6013405779559,True,3.31831585045817e-09,True,6.776263578034403e-19,0.058888529849237654,0.05980283522584057,2.0646397509807695e-12,56,INTERIOR
2.800000000000001e-09,-4.531127176103968,-0.012919265210480152,-0.013124529437697425,0.00020526422721727327,0.0008210569088690931,-0.012098208301611058,345.2411149377491,350.7263843789121,True,3.31831585045817e-09,True,-3.5236570605778894e-19,0.05853883369050117,0.05946891200872734,2.0531113486027925e-12,56,LEFT
2.800000000000001e-09,-4.531127176103968,-0.012856778250418175,-0.013046420737619968,0.00018964248720179379,0.0007585699488071751,-0.012098208301611,347.30806764787604,352.4309969300894,True,3.31831585045817e-09,True,-7.047314121155779e-19,0.058255697327612224,0.059114991555116216,2.0531113486027925e-12,57,RIGHT
2.812500000000001e-09,-4.51913393710304,-0.012817779424403505,-0.01301188874680803,0.00019410932240452388,0.0007764372896180955,-0.01204134213478541,347.30806764787604,352.56761623617535,True,3.31831585045817e-09,True,6.776263578034403e-19,0.05792526199512295,0.058802468021509305,2.042257154147642e-12,57,INTERIOR
2.8250000000000013e-09,-4.506867426847202,-0.012778181748126049,-0.01297656992931291,0.0001983881811868607,0.0007935527247474428,-0.011984629023378606,347.30806764787604,352.70021319802754,True,3.31831585045817e-09,True,6.776263578034403e-19,0.057589571094962724,0.05848368032662525,2.031185400317632e-12,57,INTERIOR
2.8375000000000014e-09,-4.494339205726191,-0.01273801251801623,-0.012940497570827667,0.00020248505281143594,0.0008099402112457438,-0.011928072306770487,347.30806764787604,352.82892047480277,True,3.31831585045817e-09,True,3.5236570605778894e-19,0.05724894906275134,0.058158985574175315,2.019908489612753e-12,57,INTERIOR
2.850000000000001e-09,-4.481560465573652,-0.012697298153106908,-0.012903703895866177,0.0002064057427592695,0.000825622971037078,-0.01187167518206983,347.30806764787604,352.953865581006,True,3.31831585045817e-09,True,-7.047314121155779e-19,0.056903709422565264,0.057828729239182565,2.0084384206592726e-12,57,LEFT
2.850000000000001e-09,-4.481560465573654,-0.012636141715318813,-0.012827258348631042,0.0001911166333122282,0.0007644665332489128,-0.0118716751820699,349.3778907206572,354.66209279218924,True,3.31831585045817e-09,True,7.047314121155779e-19,0.05662963314875885,0.057486133896924474,2.008438420659275e-12,58,RIGHT
2.8625000000000012e-09,-4.469479326408454,-0.012597230438981364,-0.012792679345534193,0.00019544890655282812,0.0007817956262113125,-0.011815434812770052,349.3778907206572,354.7985684677103,True,3.31831585045817e-09,True,3.2526065174565133e-19,0.0563030610170305,0.0571766158642375,1.9976245449192567e-12,58,INTERIOR
2.8750000000000013e-09,-4.457133154921137,-0.01255774311313355,-0.0127573417588831,0.0001995986457495491,0.0007983945829981964,-0.011759348530135355,349.3778907206572,354.93106641587786,True,3.31831585045817e-09,True,7.047314121155779e-19,0.05597153318053012,0.0568611709221778,1.986603596069725e-12,58,INTERIOR
2.8875000000000015e-09,-4.4445331779627955,-0.012517706092535863,-0.012721277722511618,0.00020357162997575556,0.0008142865199030222,-0.01170341957263284,349.3778907206572,355.05971662116355,True,3.31831585045817e-09,True,-3.5236570605778894e-19,0.05563536004026266,0.05654014090378187,1.9753875170012066e-12,58,INTERIOR
2.900000000000001e-09,-4.431690266719434,-0.012477144889916362,-0.012684518352258192,0.00020737346234183074,0.0008294938493673229,-0.011647651040549038,349.3778907206572,355.1846440687715,True,3.31831585045817e-09,True,-7.047314121155779e-19,0.055294841565090465,0.05621385651972666,1.9639878620135766e-12,58,LEFT
2.900000000000001e-09,-4.431690266719434,-0.012417303685565807,-0.012609716846820008,0.00019241316125420164,0.0007696526450168066,-0.011647651040549,351.45041879644134,356.89634230907507,True,3.31831585045817e-09,True,-2.710505431213761e-20,0.05502964388222134,0.0558823594161403,1.9639878620135766e-12,59,RIGHT
2.9125000000000013e-09,-4.419532150780445,-0.01237850621225462,-0.012575122732575886,0.0001966165203212668,0.0007864660812850672,-0.011592040130969553,351.45041879644134,357.0327529831624,True,3.31831585045817e-09,True,3.2526065174565133e-19,0.05470720618369476,0.05557615921662918,1.953226443178203e-12,59,INTERIOR
2.9250000000000014e-09,-4.407116895867929,-0.012339154415009228,-0.012539796967550388,0.00020064255254115954,0.0008025702101646381,-0.01153658420484459,351.45041879644134,357.1652276680447,True,3.31831585045817e-09,True,0.0,0.05438009590311053,0.05526435108644474,1.9422679333844574e-12,59,INTERIOR
2.9375000000000015e-09,-4.3944554096782245,-0.012299273751171676,-0.012503770587974387,0.00020449683680271103,0.0008179873472108441,-0.011481286403960832,351.45041879644134,357.29389381707125,True,3.31831585045817e-09,True,-3.7947076036992655e-19,0.054048610070949764,0.054947262301699516,1.931123834765021e-12,59,INTERIOR
2.950000000000001e-09,-4.381558256521298,-0.012258888869586863,-0.012467073653023809,0.00020818478343694605,0.0008327391337477842,-0.011426149735839079,351.45041879644134,357.4188740214072,True,3.31831585045817e-09,True,-3.7947076036992655e-19,0.05371303574231536,0.0546252094990656,1.9198052755289955e-12,59,LEFT
2.950000000000001e-09,-4.3815582565212985,-0.01220034710351438,-0.0123938964454332,0.00019354934191882016,0.0007741973676752806,-0.0114261497358391,353.5254853719371,359.13390162966476,True,3.31831585045817e-09,True,6.776263578034403e-19,0.05345653158382914,0.05430457930095781,1.9198052755289963e-12,60,RIGHT
2.9625000000000013e-09,-4.369333027023404,-0.012161686722961926,-0.012359315545317804,0.00019762882235587823,0.0007905152894235129,-0.011371171433538413,353.5254853719371,359.27031558655966,True,3.31831585045817e-09,True,-3.5236570605778894e-19,0.053138459462949574,0.05400196560356085,1.9091071101037503e-12,60,INTERIOR
2.9750000000000014e-09,-4.356858243856614,-0.012122492774107473,-0.012324028745121021,0.0002015359710135483,0.0008061438840541932,-0.01131634889005328,353.5254853719371,359.4028328201986,True,3.31831585045817e-09,True,0.0,0.052815982578962375,0.0536940462357064,1.898221375706134e-12,60,INTERIOR
2.9875000000000015e-09,-4.344144508533724,-0.012082789857105272,-0.012288066032816094,0.000205276175710822,0.000821104702843288,-0.011261685154261984,353.5254853719371,359.53157837791525,True,3.31831585045817e-09,True,-3.5236570605778894e-19,0.052489385205510844,0.05338113457695781,1.8871591511023706e-12,60,INTERIOR
3.0000000000000012e-09,-4.331202090902115,-0.012042601795475163,-0.012251456458210767,0.00020885466273560423,0.0008354186509424169,-0.011207183144532746,353.5254853719371,359.65667257465105,True,3.31831585045817e-09,True,-3.5236570605778894e-19,0.05215894207646359,0.0530635338283987,1.8759311552234855e-12,60,LEFT
3.0000000000000012e-09,-4.331202090902116,-0.01198534324110046,-0.0121798832652424,0.00019454002414193985,0.0007781600965677594,-0.0112071831445327,355.6029229986153,361.37488962764473,True,3.31831585045817e-09,True,3.2526065174565133e-19,0.05191094370603386,0.05275353586536158,1.8759311552234864e-12,61,RIGHT
3.0125000000000013e-09,-4.318918699430076,-0.011946840689164507,-0.012145340828502956,0.00019850013933845023,0.0007940005573538009,-0.011152840131810705,355.6029229986153,361.51136620974864,True,3.31831585045817e-09,True,-7.047314121155779e-19,0.051597433651544684,0.05245473961517299,1.8653058732286774e-12,61,INTERIOR
3.0250000000000014e-09,-4.306393063563845,-0.011907824444734778,-0.012110117170157832,0.00020229272542305403,0.0008091709016922161,-0.011098653543042562,355.6029229986153,361.6439832103824,True,3.31831585045817e-09,True,6.776263578034403e-19,0.05127977259094184,0.052150924580513104,1.8545021217910795e-12,61,INTERIOR
3.0375000000000016e-09,-4.29363549039498,-0.011868318287547943,-0.01207424127504064,0.00020592298749269808,0.0008236919499707923,-0.01104462633757715,355.6029229986153,361.7728633802985,True,3.31831585045817e-09,True,-3.5236570605778894e-19,0.05095823261071962,0.05184239085810643,1.843530572437934e-12,61,INTERIOR
3.0500000000000013e-09,-4.280655966559792,-0.011828345251032789,-0.012037741226824675,0.0002093959757918866,0.0008375839031675464,-0.010990761347865242,355.6029229986153,361.8981248612123,True,3.31831585045817e-09,True,-7.047314121155779e-19,0.050633076673362684,0.05152942880650983,1.8324015504043946e-12,61,LEFT
3.0500000000000013e-09,-4.280655966559794,-0.011772353315056858,-0.011967751306854747,0.00019539799179788924,0.000781591967191557,-0.0109907613478653,357.6825634827464,363.6193929963713,True,3.31831585045817e-09,True,-7.047314121155779e-19,0.05039339445854812,0.05122982603799155,1.8324015504043966e-12,62,RIGHT
3.0625000000000014e-09,-4.268322579725903,-0.011734027121816377,-0.011933269931207578,0.00019924280939120076,0.0007969712375648031,-0.010937055884251574,357.6825634827464,363.7559838079857,True,3.31831585045817e-09,True,-3.5236570605778894e-19,0.05008461291516499,0.05093504549733748,1.821857764459799e-12,62,INTERIOR
3.0750000000000015e-09,-4.255754009069636,-0.011695206309422763,-0.01189813103448897,0.0002029247250662062,0.0008116989002648248,-0.010883507409157939,357.6825634827464,363.8887503541343,True,3.31831585045817e-09,True,6.776263578034403e-19,0.04977192113822243,0.050635518850462295,1.8111442185712281e-12,62,INTERIOR
3.0875000000000016e-09,-4.24296027798658,-0.011655913870976392,-0.011862362639858591,0.00020644876888219928,0.0008257950755287971,-0.010830118795447595,357.6825634827464,364.01781318508966,True,3.31831585045817e-09,True,-3.5236570605778894e-19,0.04945557955818562,0.050331533483992025,1.8002711920571953e-12,62,INTERIOR
3.1000000000000013e-09,-4.229951100157086,-0.01161617208217886,-0.011825991904581971,0.00020981982240311122,0.0008392792896124449,-0.010776892792566415,357.6825634827464,364.1432883597286,True,3.31831585045817e-09,True,-3.5236570605778894e-19,0.0491358398786265,0.0500233674672353,1.7892486309720143e-12,62,LEFT
3.1000000000000013e-09,-4.229951100157086,-0.011561429860678207,-0.01175756412770616,0.0001961342670279521,0.0007845370681118084,-0.0107768927925664,359.7642380864758,365.86747064423673,True,3.31831585045817e-09,True,3.2526065174565133e-19,0.04890428295856477,0.04973392131715816,1.7892486309720143e-12,63,RIGHT
3.1125000000000014e-09,-4.217575207670298,-0.011523296646454798,-0.011723164120210659,0.00019986747375586034,0.0007994698950234413,-0.010723826751431357,359.7642380864758,366.00422058629,True,3.31831585045817e-09,True,0.0,0.048600370246718046,0.04944332634885045,1.7787940632355157e-12,63,INTERIOR
3.1250000000000015e-09,-4.204970966578208,-0.011484687150515746,-0.011688129395361046,0.00020344224484529947,0.0008137689793811979,-0.010670918171134549,359.7642380864758,366.1371800092416,True,3.31831585045817e-09,True,6.776263578034403e-19,0.048292776028152525,0.0491482447611025,1.768178082976567e-12,63,INTERIOR
3.1375000000000016e-09,-4.192148126413829,-0.011445623610514927,-0.011652487052940964,0.0002068634424260363,0.0008274537697041452,-0.010618169840810782,359.7642380864758,366.2664673476213,True,3.31831585045817e-09,True,3.2526065174565133e-19,0.04798174957445804,0.048848951767047864,1.7574105913794979e-12,63,INTERIOR
3.1500000000000013e-09,-4.17911613730008,-0.01140612757430306,-0.01161626336049431,0.00021013578619124876,0.000840543144764995,-0.010565584429538066,359.7642380864758,366.39219665710544,True,3.31831585045817e-09,True,6.776263578034403e-19,0.04766753180987334,0.04854571366496943,1.7465011689041944e-12,63,LEFT
3.1500000000000013e-09,-4.17911613730008,-0.011352617901545872,-0.011549376269547839,0.0001967583680019678,0.0007870334720078712,-0.010565584429538,361.8477777297054,368.1191574967933,True,3.31831585045817e-09,True,-3.5236570605778894e-19,0.047443908672952124,0.048266184743817976,1.7465011689041944e-12,64,RIGHT
3.1625000000000014e-09,-4.166704644231792,-0.011314692628890228,-0.011515075953690822,0.00020038332480059494,0.0008015332992023798,-0.010513159329687848,361.8477777297054,368.2561056579468,True,3.31831585045817e-09,True,-3.7947076036992655e-19,0.04714498232485213,0.04797992045492538,1.7361427592262781e-12,64,INTERIOR
3.1750000000000015e-09,-4.154071432387984,-0.011276308733482612,-0.011480162897368988,0.0002038541638863762,0.0008154166555455048,-0.010460892077937108,361.8477777297054,368.38929569685763,True,3.31831585045817e-09,True,3.2526065174565133e-19,0.04684259197254725,0.04768941673112098,1.7256309465381958e-12,64,INTERIOR
3.1875000000000017e-09,-4.141225986503339,-0.01123748772646418,-0.011444663312529087,0.0002071755860649078,0.0008287023442596312,-0.010408785382204548,361.8477777297054,368.51884400734787,True,3.31831585045817e-09,True,-7.047314121155779e-19,0.046536976195845785,0.04739493711662684,1.7149752671290553e-12,64,INTERIOR
3.2000000000000014e-09,-4.128177501803492,-0.011198250455546519,-0.011408602611032687,0.00021035215548616712,0.0008414086219446685,-0.010356841833601851,361.8477777297054,368.64486271235313,True,3.31831585045817e-09,True,6.776263578034403e-19,0.04622836559014785,0.047096736625881715,1.7041849486396522e-12,64,LEFT
3.2000000000000014e-09,-4.128177501803496,-0.011145955946676861,-0.0113432344749456,0.00019727852826874025,0.000789114113074961,-0.0103568418336019,363.9330131913978,370.3744677937922,True,3.31831585045817e-09,True,-3.5236570605778894e-19,0.0460124845751643,0.046826885357152216,1.704184948639655e-12,65,RIGHT
3.2125000000000015e-09,-4.11573680740332,-0.011108252135079284,-0.011309050452201744,0.00020079831712246088,0.0008031932684898435,-0.01030505886658944,363.9330131913978,370.5116482192583,True,3.31831585045817e-09,True,-3.5236570605778894e-19,0.045718642178262325,0.04654507520290788,1.6939289467814475e-12,65,INTERIOR
3.2250000000000016e-09,-4.103080835762686,-0.011070106730907634,-0.011274274899608557,0.00020416816870092203,0.0008166726748036881,-0.010253434056103947,363.9330131913978,370.64510175922,True,3.31831585045817e-09,True,3.5236570605778894e-19,0.04542154277743463,0.04625926127770415,1.6835272344803023e-12,65,INTERIOR
3.2375000000000017e-09,-4.090218815216922,-0.011031540545751865,-0.011238933174402112,0.0002073926286502468,0.0008295705146009872,-0.010201970031150878,363.9330131913978,370.77494283353053,True,3.31831585045817e-09,True,3.2526065174565133e-19,0.04512141470106262,0.04596969593290516,1.6729889956354517e-12,65,INTERIOR
3.250000000000002e-09,-4.0771596941162285,-0.010992573753004716,-0.011203049864486983,0.0002104761114822676,0.0008419044459290705,-0.010150669307075645,363.9330131913978,370.9012816949966,True,3.31831585045817e-09,True,-3.7947076036992655e-19,0.04481847864035079,0.0456766233586606,1.6623231171325938e-12,65,INTERIOR
3.2500000000000022e-09,-4.0771596941162285,-0.010992573753004716,-0.011203049864486983,0.00021047611148226794,0.0008419044459290718,-0.010150669307075644,363.9330131913978,370.9012816949966,True,3.31831585045817e-09,True,-7.047314121155779e-19,0.04481847864035079,0.0456766233586606,1.6623231171325938e-12,65,LEFT
3.2500000000000022e-09,-4.077159694116231,-0.010941476841521025,-0.01113917872513238,0.0001977018836113561,0.0007908075344454244,-0.0101506693070756,366.0197753104799,372.63339795630793,True,3.31831585045817e-09,True,-3.5236570605778894e-19,0.04461014837235569,0.04541621052366677,1.662323117132596e-12,66,RIGHT
3.2625000000000023e-09,-4.0646957591688455,-0.010904006750535822,-0.011105126097957215,0.00020111934742139405,0.0008044773896855762,-0.010099529360850245,366.0197753104799,372.7708403123564,True,3.31831585045817e-09,True,-7.047314121155779e-19,0.044321469996851416,0.04513895895540196,1.6521751614605197e-12,66,INTERIOR
3.2750000000000024e-09,-4.052022814867252,-0.010866111511489324,-0.011070502437826164,0.00020439092633683966,0.0008175637053473586,-0.010048547806141965,366.0197753104799,372.90458602259235,True,3.31831585045817e-09,True,-3.5236570605778894e-19,0.04402973175344642,0.044857928450115145,1.6418888892204728e-12,66,INTERIOR
3.2875000000000026e-09,-4.039149840969168,-0.010827811261649863,-0.011035332278270811,0.00020752101662094847,0.0008300840664837939,-0.009997727195166069,366.0197753104799,373.0347475925353,True,3.31831585045817e-09,True,-3.5236570605778894e-19,0.04373515213553721,0.04457336061681948,1.6314731437801258e-12,66,INTERIOR
3.3000000000000023e-09,-4.02608554641773,-0.010789125524251585,-0.010999639412932166,0.00021051388868058125,0.000842055554722325,-0.00994706996952926,366.0197753104799,373.1614334607539,True,3.31831585045817e-09,True,-2.710505431213761e-20,0.043437942331675916,0.044285489256213,1.620936482707375e-12,66,LEFT
3.3000000000000023e-09,-4.026085546417733,-0.010739208495089029,-0.010937243126478962,0.00019803463138993242,0.0007921385255597297,-0.0099470699695293,368.1078951852701,374.89592908628566,True,3.31831585045817e-09,True,6.776263578034403e-19,0.043236972102044476,0.04403427646917365,1.6209364827073779e-12,67,RIGHT
3.3125000000000024e-09,-4.013603950826824,-0.010701983280666835,-0.010903335688594135,0.00020135240792729973,0.0008054096317091989,-0.009896573648957636,368.1078951852701,375.0336592356121,True,3.31831585045817e-09,True,-2.710505431213761e-20,0.04295352237696703,0.043761671196932535,1.6109016674092692e-12,67,INTERIOR
3.3250000000000025e-09,-4.000919452681286,-0.010664348814573845,-0.010868877046681132,0.00020452823210728653,0.0008181129284291461,-0.0098462358861447,368.1078951852701,375.1677221222968,True,3.31831585045817e-09,True,6.776263578034403e-19,0.04266720062240711,0.043485501604867666,1.600735646684352e-12,67,INTERIOR
3.3375000000000026e-09,-3.988040790480441,-0.0106263245834585,-0.01083389093970192,0.00020756635624341949,0.0008302654249736779,-0.009796059158484822,368.1078951852701,375.2982283910692,True,3.31831585045817e-09,True,0.0,0.04237821589171758,0.04320599898714773,1.590446934653586e-12,67,INTERIOR
3.350000000000002e-09,-3.9749764407472026,-0.010587929483092909,-0.010798400394934703,0.00021047091184179387,0.0008418836473671755,-0.009746045835725733,368.1078951852701,375.4252847163888,True,3.31831585045817e-09,True,-2.710505431213761e-20,0.04208677025158702,0.04292338716762073,1.58004377044953e-12,67,LEFT
3.350000000000002e-09,-3.974976440747205,-0.010539174501978133,-0.01073745666854124,0.00019828216656310807,0.0007931286662524323,-0.0097460458357257,370.197204370859,377.16202915144146,True,3.31831585045817e-09,True,0.0,0.04189297035028673,0.0426811372909954,1.5800437704495316e-12,68,RIGHT
3.362500000000002e-09,-3.9624824327758565,-0.010502204350049926,-0.010703707067453406,0.00020150271740347964,0.0008060108696139185,-0.009696193480436007,370.197204370859,377.30006965223635,True,3.31831585045817e-09,True,-2.710505431213761e-20,0.04161480024249501,0.0424132512203629,1.5701267030057272e-12,68,INTERIOR
3.375000000000002e-09,-3.9497914787490247,-0.01046484032751943,-0.010669425463278679,0.00020458513575924883,0.0008183405430369953,-0.009646499784482435,370.197204370859,377.43447153820813,True,3.31831585045817e-09,True,6.776263578034403e-19,0.0413339371521054,0.04214200577800599,1.5600852725598408e-12,68,INTERIOR
3.3875000000000022e-09,-3.936912082787779,-0.010427101292762597,-0.010634634827884406,0.0002075335351218094,0.0008301341404872376,-0.009596967152275359,370.197204370859,377.56534364160933,True,3.31831585045817e-09,True,-3.5236570605778894e-19,0.04105058106792914,0.041867622349933846,1.5499276747600406e-12,68,INTERIOR
3.400000000000002e-09,-3.923852495561268,-0.010389005535489406,-0.01059935744849764,0.00021035191300823388,0.0008414076520329355,-0.00954759788345647,370.197204370859,377.69279091797335,True,3.31831585045817e-09,True,3.5236570605778894e-19,0.040764925296829936,0.04159031517563338,1.5396618406922392e-12,68,LEFT
3.400000000000002e-09,-3.9238524955612712,-0.01034139467513123,-0.010539843873049914,0.0001984491979186827,0.0007937967916747308,-0.0095475978834565,372.2875350738783,379.43165490021084,True,3.31831585045817e-09,True,3.2526065174565133e-19,0.04057810730359772,0.04135679268409308,1.5396618406922416e-12,69,RIGHT
3.412500000000002e-09,-3.911351033941921,-0.010304688915858838,-0.010506263748974932,0.00020157483311609403,0.0008062993324643761,-0.009498389583394462,372.2875350738783,379.57002543981525,True,3.31831585045817e-09,True,6.776263578034403e-19,0.040305255645494316,0.041093685577419624,1.5298666910718535e-12,69,INTERIOR
3.425000000000002e-09,-3.8986584417376005,-0.010267604180494033,-0.010472170229830376,0.00020456604933634417,0.0008182641973453767,-0.009449339983148656,372.2875350738783,379.7047853815898,True,3.31831585045817e-09,True,-3.5236570605778894e-19,0.040029881714703335,0.040827414869841386,1.5199537645331857e-12,69,INTERIOR
3.4375000000000022e-09,-3.885782995186177,-0.010230158720281287,-0.010437585546384371,0.000207426826103084,0.000829707304412336,-0.009400451415868951,372.2875350738783,379.83604178912816,True,3.31831585045817e-09,True,-3.5236570605778894e-19,0.03975217679332461,0.04055819242694141,1.5099309485678058e-12,69,INTERIOR
3.450000000000002e-09,-3.8727327253011037,-0.010192370239114028,-0.01040253127070876,0.0002101610315947321,0.0008406441263789284,-0.0093517261127351,372.2875350738783,379.96389793996934,True,3.31831585045817e-09,True,3.2526065174565133e-19,0.039472325773401935,0.04028622327804189,1.4998058761618114e-12,69,LEFT
3.450000000000002e-09,-3.8727327253011055,-0.010145885502702337,-0.010344425350194145,0.00019853984749180903,0.0007941593899672361,-0.0093517261127351,374.37872034413414,381.70475354463747,True,3.31831585045817e-09,True,-3.5236570605778894e-19,0.039292302813473394,0.04006119457813122,1.4998058761618128e-12,70,RIGHT
3.462500000000002e-09,-3.8602285152457516,-0.010109452708281976,-0.01031102545491201,0.00020157274663003407,0.0008062909865201363,-0.00930316172176184,374.37872034413414,381.8434713170312,True,3.31831585045817e-09,True,3.2526065174565133e-19,0.039024797618038475,0.039802914482476144,1.490136418991642e-12,70,INTERIOR
3.475000000000002e-09,-3.8475388570269655,-0.010072655371043682,-0.010277130210526534,0.00020447483948285197,0.0008178993579314079,-0.009254756013112275,374.37872034413414,381.97860596796147,True,3.31831585045817e-09,True,6.776263578034403e-19,0.03875493293353193,0.03954165782372656,1.4803555256332369e-12,70,INTERIOR
3.4875000000000023e-09,-3.83467180515534,-0.010035511155161445,-0.010242761131376421,0.00020724997621497724,0.000828999904859909,-0.009206511250301535,374.37872034413414,382.1102628323121,True,3.31831585045817e-09,True,-7.047314121155779e-19,0.03848289167701949,0.039277627317430175,1.4704707853253314e-12,70,INTERIOR
3.500000000000002e-09,-3.821635176862591,-0.009998037197924931,-0.010207939098006668,0.00020990190008173676,0.000839607600326947,-0.009158429597597984,374.37872034413414,382.2385435469036,True,3.31831585045817e-09,True,0.0,0.03820885065517061,0.03901101914021327,1.4604895425033565e-12,70,LEFT
3.500000000000002e-09,-3.821635176862593,-0.009952660540342276,-0.010151218276028346,0.00019855773568606925,0.000794230942744277,-0.009158429597598,376.4705942622883,383.9812642430549,True,3.31831585045817e-09,True,3.5236570605778894e-19,0.03803543762434431,0.03879425285168037,1.4604895425033583e-12,71,RIGHT
3.512500000000002e-09,-3.8091327008498497,-0.009916508608803687,-0.010118008574651158,0.0002014999658474702,0.0008059998633898808,-0.009110508745413807,376.4705942622883,384.12034427804304,True,3.31831585045817e-09,True,3.2526065174565133e-19,0.037773297220053174,0.038540837329182905,1.4509491932683672e-12,71,INTERIOR
3.525000000000002e-09,-3.7964503329229404,-0.009880006128874604,-0.010084321035384616,0.00020431490651001105,0.0008172596260400442,-0.00906274650283456,376.4705942622883,384.2558682051527,True,3.31831585045817e-09,True,6.776263578034403e-19,0.037508952557246684,0.03828462395208774,1.4413035130350705e-12,71,INTERIOR
3.5375000000000023e-09,-3.783595911721194,-0.009843170196747738,-0.010050176479614103,0.00020700628286636423,0.0008280251314654569,-0.009015145065282282,376.4705942622883,384.38793966717395,True,3.31831585045817e-09,True,6.776263578034403e-19,0.037242578514790646,0.038025806640344426,1.4315598023193336e-12,71,INTERIOR
3.550000000000002e-09,-3.7705770462821877,-0.009806017401393094,-0.010015595118845363,0.00020957771745226778,0.0008383108698090711,-0.008967706531584024,376.4705942622883,384.51665869433594,True,3.31831585045817e-09,True,6.776263578034403e-19,0.036974344129136506,0.037764573059974244,1.4217251261950109e-12,71,LEFT
3.550000000000002e-09,-3.770577046282189,-0.009761730748469656,-0.00996023680269107,0.0001985060542214142,0.0007940242168856568,-0.008967706531584,378.5629921231842,386.2611194099265,True,3.31831585045817e-09,True,6.776263578034403e-19,0.036807357892166735,0.037555840263762054,1.4217251261950117e-12,72,RIGHT
3.562500000000002e-09,-3.7580805903676477,-0.009725866975540004,-0.009927226560869876,0.000201359585329872,0.000805438341319488,-0.008920428634220516,378.5629921231842,386.40057486073005,True,3.31831585045817e-09,True,-7.047314121155779e-19,0.036550591905274585,0.037307317454587256,1.4123169723698048e-12,72,INTERIOR
3.5750000000000022e-09,-3.745409678550872,-0.009689666229681954,-0.009893755481867382,0.00020408925218542845,0.0008163570087417138,-0.00887330922094024,378.5629921231842,386.5365008216396,True,3.31831585045817e-09,True,-3.5236570605778894e-19,0.03629176967857833,0.03705616753900184,1.4028093660182546e-12,72,INTERIOR
3.5875000000000023e-09,-3.7325719391894956,-0.00965314505731727,-0.009859843716511303,0.00020669865919403197,0.0008267946367761279,-0.008826350420541144,378.5629921231842,386.66899927709403,True,3.31831585045817e-09,True,6.776263578034403e-19,0.03603105836586822,0.03680257598104396,1.3932093281224833e-12,72,INTERIOR
3.600000000000002e-09,-3.7195747784604283,-0.009616319516540987,-0.009825510828723799,0.00020919131218281178,0.0008367652487312471,-0.00877955426780974,378.5629921231842,386.79816868214544,True,3.31831585045817e-09,True,0.0,0.03576861953534263,0.036546722264010865,1.3835236532558944e-12,72,LEFT
3.600000000000002e-09,-3.719574778460431,-0.009573104782633962,-0.009771492411340028,0.00019838762870606557,0.0007935505148242623,-0.0087795542678097,380.6557506142853,388.5442458759989,True,3.31831585045817e-09,True,3.2526065174565133e-19,0.03560787910104421,0.036345796721137864,1.3835236532558964e-12,73,RIGHT
3.612500000000002e-09,-3.707088454746678,-0.009537535923421337,-0.009738690270051992,0.000201154346630655,0.00080461738652262,-0.008732918536898717,380.6557506142853,388.6840882709733,True,3.31831585045817e-09,True,0.0,0.03535648930844693,0.03610218626446355,1.3742504811316112e-12,73,INTERIOR
3.6250000000000023e-09,-3.694432996035925,-0.009501643265515353,-0.009705443803420843,0.00020380053790549046,0.0008152021516219618,-0.00868644111389339,380.6557506142853,388.8204274564022,True,3.31831585045817e-09,True,-7.047314121155779e-19,0.03510318439668245,0.035856111828530365,1.364883516219898e-12,73,INTERIOR
3.6375000000000024e-09,-3.681615825755866,-0.009465442822978285,-0.009671772513129352,0.0002063296901510671,0.0008253187606042684,-0.008640124062374016,380.6557506142853,388.9533637896354,True,3.31831585045817e-09,True,-7.047314121155779e-19,0.03484812409486414,0.03560775074744761,1.3554295088456048e-12,73,INTERIOR
3.650000000000002e-09,-3.6686441523296396,-0.009428950139712334,-0.009637695336033529,0.00020874519632119588,0.0008349807852847835,-0.00859396935442755,380.6557506142853,389.08299417962195,True,3.31831585045817e-09,True,-7.047314121155779e-19,0.03459146279266339,0.03535727463647405,1.3458949916422461e-12,73,LEFT
3.650000000000002e-09,-3.668644152329643,-0.009386789243845757,-0.009584994216200297,0.00019820497235453936,0.0007928198894181575,-0.0085939693544276,382.7487079886809,390.83056591846986,True,3.31831585045817e-09,True,-2.710505431213761e-20,0.034436789468585534,0.03516393298137667,1.3458949916422488e-12,74,RIGHT
3.662500000000002e-09,-3.656171918138985,-0.009351521565831886,-0.009552408255933575,0.00020088669010168841,0.0008035467604067537,-0.008547974805425133,382.7487079886809,390.970805381845,True,3.31831585045817e-09,True,0.0,0.03419077054086565,0.034925246815943334,1.3367593094988105e-12,74,INTERIOR
3.6750000000000023e-09,-3.6435357591935693,-0.009315942878036007,-0.009519394012693362,0.0002034511346573554,0.0008138045386294216,-0.008502138339406586,382.7487079886809,391.10756762837747,True,3.31831585045817e-09,True,-3.5236570605778894e-19,0.03394297100672885,0.03468425249110143,1.327535282852226e-12,74,INTERIOR
3.6875000000000024e-09,-3.6307428991296047,-0.009280068678842542,-0.0094859703595315,0.00020590168068895868,0.0008236067227558347,-0.008456461956086707,382.7487079886809,391.2409514174468,True,3.31831585045817e-09,True,-7.047314121155779e-19,0.03369354345914261,0.03444111952422289,1.3182293999580046e-12,74,INTERIOR
3.700000000000002e-09,-3.6178003535203622,-0.009243914013946765,-0.009452155625897898,0.00020824161195113385,0.0008329664478045354,-0.008410947566142229,382.7487079886809,391.37105213895353,True,3.31831585045817e-09,True,-3.5236570605778894e-19,0.033442635387568434,0.0341960119649029,1.3088479397932058e-12,74,LEFT
3.700000000000002e-09,-3.617800353520365,-0.009202788893325922,-0.009400749225121852,0.00019796033179593047,0.0007918413271837219,-0.0084109475661422,384.84170430293244,393.1199982370647,True,3.31831585045817e-09,True,-7.047314121155779e-19,0.033293852911647805,0.03401003387000213,1.3088479397932076e-12,75,RIGHT
3.7125000000000022e-09,-3.6053460277555014,-0.009167828221982923,-0.009368387021063374,0.00020055879908045145,0.0008022351963218058,-0.008365593025661117,384.84170430293244,393.26064368336256,True,3.31831585045817e-09,True,-3.5236570605778894e-19,0.03305319306327091,0.03377627693286703,1.2998519979852371e-12,75,INTERIOR
3.7250000000000023e-09,-3.592732880671446,-0.009132568958774685,-0.009335612124416187,0.00020304316564150225,0.000812172662566009,-0.008320396296208676,384.84170430293244,393.39783766094683,True,3.31831585045817e-09,True,-2.710505431213761e-20,0.0328108807831892,0.03354036064058505,1.2907729551857746e-12,75,INTERIOR
3.737500000000002e-09,-3.5799679410591136,-0.009097026102419435,-0.009302442799289502,0.00020541669687006714,0.0008216667874802686,-0.008275359314939166,384.84170430293244,393.5316773584929,True,3.31831585045817e-09,True,-3.5236570605778894e-19,0.03256706180563952,0.033302446994992616,1.281617045901103e-12,75,INTERIOR
3.750000000000002e-09,-3.567058036363063,-0.009061214215752634,-0.009268896786599857,0.00020768257084722333,0.0008307302833888933,-0.00823048393236374,384.84170430293244,393.6622566721627,True,3.31831585045817e-09,True,-7.047314121155779e-19,0.032321876987507665,0.03306269277086079,1.2723903034782312e-12,75,LEFT
3.750000000000002e-09,-3.567058036363066,-0.009021106842037788,-0.009218762569456284,0.00019765572741849702,0.0007906229096739881,-0.0082304839323638,386.934581456896,395.41245867311994,True,3.31831585045817e-09,True,-3.5236570605778894e-19,0.032178811657780734,0.03288386110870207,1.2723903034782335e-12,76,RIGHT
3.762500000000002e-09,-3.554625313390868,-0.008986458600003622,-0.009186631238817947,0.00020017263881432423,0.0008006905552572969,-0.008185768044746326,386.934581456896,395.5535179775307,True,3.31831585045817e-09,True,3.2526065174565133e-19,0.031943493217311936,0.03265503194628958,1.2635361118599127e-12,76,INTERIOR
3.775000000000002e-09,-3.5420387690845185,-0.008951523826007337,-0.009154102369831984,0.00020257854382464726,0.000810314175298589,-0.008141209650708747,386.934581456896,395.69115135387847,True,3.31831585045817e-09,True,-3.5236570605778894e-19,0.03170664443410177,0.032424185490113354,1.254603864169777e-12,76,INTERIOR
3.7875000000000025e-09,-3.529305242161616,-0.008916317034494563,-0.009121193636590934,0.00020487660209637002,0.0008195064083854801,-0.008096810626109084,386.934581456896,395.8254544457975,True,3.31831585045817e-09,True,6.776263578034403e-19,0.03146840445061658,0.03219147651639156,1.2455995492349462e-12,76,INTERIOR
3.800000000000002e-09,-3.51643137649375,-0.00888085232019908,-0.00908792220962415,0.00020706988942506972,0.0008282795577002789,-0.008052572762498801,386.934581456896,395.9565196795123,True,3.31831585045817e-09,True,-7.047314121155779e-19,0.031228907748755363,0.03195705480505677,1.236528962558973e-12,76,LEFT
3.800000000000002e-09,-3.5164313764937503,-0.0088417447116466,-0.00903903769893355,0.00019729298728695006,0.0007891719491478003,-0.0080525727624988,389.027183381327,397.707860967961,True,3.31831585045817e-09,True,0.0,0.03109138852698179,0.0317851557778398,1.2365289625589732e-12,77,RIGHT
3.812500000000002e-09,-3.504023837946556,-0.008807413952502246,-0.009007143941691829,0.00019972998918958395,0.0007989199567583358,-0.00800849399574391,389.027183381327,397.8493411168711,True,3.31831585045817e-09,True,-3.5236570605778894e-19,0.030861388440230963,0.03156124708350407,1.227818305689771e-12,77,INTERIOR
3.825000000000002e-09,-3.4914673775287044,-0.008772808375106963,-0.008974867378628256,0.00020205900352129327,0.0008082360140851731,-0.00796457236102179,389.027183381327,397.9874207027957,True,3.31831585045817e-09,True,3.2526065174565133e-19,0.03062997425099656,0.03133545667012712,1.219034444834717e-12,77,INTERIOR
3.837500000000002e-09,-3.4787686484977662,-0.008737942024454645,-0.008942225112037619,0.00020428308758297308,0.0008171323503318923,-0.007920809674122753,389.027183381327,398.12219384860066,True,3.31831585045817e-09,True,3.2526065174565133e-19,0.030397278767063923,0.031107932367565892,1.2101831309770976e-12,77,INTERIOR
3.850000000000001e-09,-3.465934115557611,-0.008702828541389897,-0.00890923375953469,0.00020640521814479162,0.0008256208725791665,-0.007877207668810731,389.027183381327,398.253751533071,True,3.31831585045817e-09,True,3.2526065174565133e-19,0.030163430343451727,0.03087881723064887,1.201269929338612e-12,77,LEFT
3.850000000000001e-09,-3.465934115557612,-0.008664702774573527,-0.008861576551014234,0.0001968737764407067,0.0007874951057628268,-0.0078772076688107,391.11935620089247,400.00611743178973,True,3.31831585045817e-09,True,3.5236570605778894e-19,0.030031288947561085,0.030713640485785593,1.201269929338613e-12,78,RIGHT
3.8625000000000015e-09,-3.453555240335501,-0.008630694211985005,-0.008829926684992892,0.00019923247300788623,0.0007969298920315449,-0.007833764319953461,391.11935620089247,400.1480246559685,True,3.31831585045817e-09,True,6.776263578034403e-19,0.029806579223534094,0.030494639574735482,1.19270437980488e-12,78,INTERIOR
3.875000000000002e-09,-3.441032244749248,-0.00859642220948889,-0.008797908337172181,0.00020148612768329123,0.0008059445107331649,-0.007790477698755725,391.11935620089247,400.28655653406287,True,3.31831585045817e-09,True,5.149960319306146e-19,0.02958056601232984,0.030273886274557713,1.184070290940405e-12,78,INTERIOR
3.887500000000002e-09,-3.42837160106439,-0.008561900356915052,-0.008765538055609447,0.00020363769869439566,0.0008145507947775827,-0.007747349562137469,391.11935620089247,400.4218056912392,True,3.31831585045817e-09,True,-3.5236570605778894e-19,0.02935337603479063,0.030051521737900603,1.175373183498481e-12,78,INTERIOR
3.900000000000001e-09,-3.415579599084688,-0.008527141854923802,-0.008732831921850289,0.00020569006692648594,0.0008227602677059437,-0.007704381587217859,391.11935620089247,400.5538616802111,True,3.31831585045817e-09,True,6.776263578034403e-19,0.0291251317581789,0.029827682554507372,1.1666183997683517e-12,78,LEFT
3.900000000000001e-09,-3.4155795990846896,-0.008489980076045844,-0.00868637969825283,0.000196399622206986,0.000785598488827944,-0.0077043815872179,393.2109483737737,402.30713953282617,True,3.31831585045817e-09,True,-5.421010862427522e-19,0.028998202744377668,0.02966902128725579,1.1666183997683529e-12,79,RIGHT
3.912500000000001e-09,-3.4032327718033177,-0.008456298108925377,-0.008654979689345562,0.00019868158042018558,0.0007947263216807423,-0.007661571787244634,393.2109483737737,402.4494794254361,True,3.31831585045817e-09,True,-5.421010862427522e-19,0.028778750852433265,0.029454910518072915,1.1581993299076093e-12,79,INTERIOR
3.925000000000001e-09,-3.390746529961508,-0.008422363754837339,-0.008623225126321694,0.00020086137148435623,0.0008034454859374249,-0.007618918268899913,393.2109483737737,402.58846906416875,True,3.31831585045817e-09,True,-7.047314121155779e-19,0.028558100675788286,0.029239170674152173,1.149716203044601e-12,79,INTERIOR
3.937500000000001e-09,-3.37812716916703,-0.00838819016223701,-0.008591132019945413,0.00020294185770840175,0.000811767430833607,-0.007576422731403404,393.2109483737737,402.7241995985141,True,3.31831585045817e-09,True,7.047314121155779e-19,0.028336373087192442,0.029021936490478423,1.1411743171064452e-12,79,INTERIOR
3.9500000000000015e-09,-3.365380808464597,-0.008353790104830956,-0.008558715931952064,0.0002049258271211078,0.0008197033084844312,-0.007534086796346525,393.2109483737737,402.8567591755045,True,3.31831585045817e-09,True,-1.8973538018496328e-19,0.028113684896739554,0.028803338342491665,1.1325787985981824e-12,79,LEFT
3.9500000000000015e-09,-3.365380808464598,-0.008317574540375048,-0.008513446476382185,0.00019587193600713697,0.0007834877440285479,-0.0075340867963465,395.3018108237085,404.6108384275267,True,3.31831585045817e-09,True,-3.5236570605778894e-19,0.027991805731151936,0.02865098938550716,1.1325787985981832e-12,80,RIGHT
3.9625000000000016e-09,-3.3530693265638565,-0.008284223274631687,-0.00848230196461006,0.000198078689978372,0.000792314759913488,-0.0074919085147182,395.3018108237085,404.75361604892674,True,3.31831585045817e-09,True,1.6263032587282567e-19,0.0277775749565739,0.02844174653618633,1.1243073908743395e-12,80,INTERIOR
3.975000000000001e-09,-3.3406230421937124,-0.008250630358680516,-0.008450816441322905,0.00020018608264238977,0.0008007443305695591,-0.0074498860281109565,395.3018108237085,404.893068404044,True,3.31831585045817e-09,True,-5.421010862427522e-19,0.027562245888831105,0.028230992129232767,1.1159762310035574e-12,80,INTERIOR
3.9875e-09,-3.3280480785147075,-0.00821680851292403,-0.008419005396357536,0.00020219688343350446,0.0008087875337340179,-0.007408020979190013,395.3018108237085,405.02928518780703,True,3.31831585045817e-09,True,6.776263578034403e-19,0.02734593378296011,0.02801885473235265,1.1075904012905437e-12,80,INTERIOR
3.9999999999999994e-09,-3.3153503878366135,-0.008182770096900617,-0.008386883887347407,0.0002041137904467907,0.0008164551617871628,-0.007366314935113453,395.3018108237085,405.1623531611095,True,3.31831585045817e-09,True,-5.149960319306146e-19,0.027128750014337302,0.02780545874865787,1.0991548194128384e-12,80,INTERIOR
4e-09,-3.3153503878366126,-0.008182770096900615,-0.008386883887347405,0.00020411379044679088,0.0008164551617871635,-0.007366314935113451,395.3018108237085,405.1623531611094,True,3.31831585045817e-09,True,-7.047314121155779e-19,0.02712875001433729,0.027805458748657856,1.0991548194128378e-12,80,LEFT
4e-09,-3.315350387836613,-0.00814748306369091,-0.008342775095835288,0.00019529203214437767,0.0007811681285775107,-0.0073663149351134,397.39179706422095,406.9171254385791,True,3.31831585045817e-09,True,-5.421010862427522e-19,0.0270117611350999,0.027659222649611157,1.099154819412838e-12,81,RIGHT
4.0125e-09,-3.303077467535429,-0.008114466331058567,-0.008311891417833247,0.00019742508677467966,0.0007897003470987186,-0.007324765983959849,397.39179706422095,407.06034540961963,True,3.31831585045817e-09,True,8.673617379884035e-19,0.026802710899194435,0.02745482125484611,1.0910320756540265e-12,81,INTERIOR
4.0250000000000005e-09,-3.29067426490916,-0.008081218377380208,-0.008280679896312423,0.00019946151893221519,0.0007978460757288607,-0.007283372301651347,397.39179706422095,407.2002650144866,True,3.31831585045817e-09,True,-5.421010862427522e-19,0.026592657343556012,0.027249020230745942,1.082853711773544e-12,81,INTERIOR
4.0375000000000006e-09,-3.2781467347666142,-0.00804775150788695,-0.008249155516002877,0.0002014040081159272,0.0008056160324637088,-0.007242135475423241,397.39179706422095,407.33697251387144,True,3.31831585045817e-09,True,-3.5236570605778894e-19,0.026381710327792702,0.027041942219366837,1.0746246014661014e-12,81,INTERIOR
4.05e-09,-3.2655006665980677,-0.008014077680315548,-0.008217332845625756,0.0002032551653102085,0.000813020661240834,-0.0072010570190747135,397.39179706422095,407.4705533013365,True,3.31831585045817e-09,True,-8.673617379884035e-19,0.02616997600723912,0.026833705885049103,1.0663494603552425e-12,81,LEFT
4.05e-09,-3.265500666598072,-0.007979701595036422,-0.008174362739026853,0.00019466114399043066,0.0007786445759617226,-0.0072010570190747,399.48076331474687,409.2259124864139,True,3.31831585045817e-09,True,5.149960319306146e-19,0.026057720877845133,0.02669338697330663,1.0663494603552454e-12,82,RIGHT
4.0625e-09,-3.25326944785506,-0.007947022969396873,-0.008143744947467824,0.00019672197807095085,0.0007868879122838034,-0.00716013505711307,399.48076331474687,409.36957907169125,True,3.31831585045817e-09,True,1.6263032587282567e-19,0.025853807027741246,0.026493796628721086,1.0583762100347168e-12,82,INTERIOR
4.075e-09,-3.2409123765605847,-0.007914123252302934,-0.008112812115578898,0.00019868886327596285,0.0007947554531038514,-0.007119367799199083,399.48076331474687,409.50997011797995,True,3.31831585045817e-09,True,7.047314121155779e-19,0.025648979998014486,0.02629291319409031,1.0503513032543577e-12,82,INTERIOR
4.0875e-09,-3.2284352431597063,-0.007881014346279507,-0.008081578738288468,0.00020056439200896102,0.0008022575680358441,-0.0070787567782436625,399.48076331474687,409.6471724713705,True,3.31831585045817e-09,True,-7.047314121155779e-19,0.025443344467376016,0.02609085361906064,1.0422794119275671e-12,82,INTERIOR
4.0999999999999995e-09,-3.215843678137199,-0.007847707819232304,-0.008050058910104435,0.00020235109087213092,0.0008094043634885237,-0.0070383034557437805,399.48076331474687,409.7812701762623,True,3.31831585045817e-09,True,0.0,0.025237001578346067,0.025887731054691377,1.0341650562214988e-12,82,LEFT
4.0999999999999995e-09,-3.2158436781372024,-0.007814225207445747,-0.008008205645371235,0.00019398043792548687,0.0007759217517019475,-0.0070383034557438,401.5685686088705,411.5371124795586,True,3.31831585045817e-09,True,5.149960319306146e-19,0.025129326732904776,0.02575313749788974,1.034165056221501e-12,83,RIGHT
4.1125e-09,-3.2036572287551333,-0.007781888019004841,-0.007977858525764025,0.00019597050675918462,0.0007838820270367385,-0.006998005991968102,401.5685686088705,411.6812296619017,True,3.31831585045817e-09,True,-3.5236570605778894e-19,0.024930501805447824,0.02555832413604969,1.026341963935502e-12,83,INTERIOR
4.125e-09,-3.191349267640079,-0.007749339576678018,-0.007947208813418032,0.00019786923674001405,0.0007914769469600562,-0.006957862629717961,401.5685686088705,411.8220960718494,True,3.31831585045817e-09,True,-3.5236570605778894e-19,0.024730849182725674,0.025362319026484417,1.018471014806687e-12,83,INTERIOR
4.1375e-09,-3.178925424760401,-0.007716591392354496,-0.007916270528276051,0.0001996791359215551,0.0007987165436862204,-0.0069178748486682755,401.5685686088705,411.9597971599275,True,3.31831585045817e-09,True,-3.5236570605778894e-19,0.02453046856964297,0.02516523365161819,1.0105566856188095e-12,83,INTERIOR
4.149999999999999e-09,-3.166391175314185,-0.007683654655704182,-0.007885057304866565,0.0002014026491623836,0.0008056105966495344,-0.006878044059054647,401.5685686088705,412.0944156389855,True,3.31831585045817e-09,True,-1.8973538018496328e-19,0.024329456295983473,0.02496717586697614,1.0026033075107546e-12,83,LEFT
4.149999999999999e-09,-3.1663911753141885,-0.007651048160408815,-0.007844299185747344,0.0001932510253385287,0.0007730041013541148,-0.0068780440590547,403.6550748940511,413.85063966778114,True,3.31831585045817e-09,True,-3.5236570605778894e-19,0.024226211377022328,0.024838119718274664,1.0026033075107568e-12,84,RIGHT
4.162499999999999e-09,-3.1542524943074066,-0.007619055508032857,-0.007814227270982075,0.00019517176294921846,0.0007806870517968738,-0.006838368456235983,403.6550748940511,413.99521121507024,True,3.31831585045817e-09,True,1.6263032587282567e-19,0.024032424840479225,0.02464804586058017,9.949308797844498e-13,84,INTERIOR
4.174999999999999e-09,-3.141996554711425,-0.007586861154445718,-0.007783864864169283,0.00019700370972356495,0.0007880148388942598,-0.006798846315551458,403.6550748940511,414.1365567063648,True,3.31831585045817e-09,True,-2.710505431213761e-20,0.02383789160834239,0.0244568765855592,9.872142349818465e-13,84,INTERIOR
4.1874999999999994e-09,-3.1296288298097568,-0.007554476232596218,-0.007753225524617032,0.00019874929202081358,0.0007949971680832543,-0.006759479064512964,403.6550748940511,414.2747602151379,True,3.31831585045817e-09,True,0.0,0.023642706611645723,0.02426471812585834,9.794576612376388e-13,84,INTERIOR
4.199999999999999e-09,-3.117154643142904,-0.00752191156515678,-0.007722322440665648,0.0002004108755088689,0.0008016435020354756,-0.006720268063121304,403.6550748940511,414.4099031398188,True,3.31831585045817e-09,True,-5.421010862427522e-19,0.023446961560638763,0.024071673251767567,9.716653069267367e-13,84,LEFT
4.199999999999999e-09,-3.117154643142905,-0.00749016395490533,-0.007682637927851338,0.00019247397294600775,0.000769895891784031,-0.0067202680631213,405.7401471234898,416.16640996242427,True,3.31831585045817e-09,True,1.6263032587282567e-19,0.023347999349934773,0.023947970488387586,9.71665306926737e-13,85,RIGHT
4.212499999999999e-09,-3.105066663470987,-0.00745851871688175,-0.007652845510813942,0.00019432679393219192,0.0007773071757287677,-0.006681211541152982,405.7401471234898,416.311439487699,True,3.31831585045817e-09,True,-3.5236570605778894e-19,0.02315919782666392,0.023762595476321965,9.641438984598846e-13,85,INTERIOR
4.224999999999999e-09,-3.0928655918461483,-0.00742668105219387,-0.007622774363772322,0.00019609331157845154,0.0007843732463138061,-0.006642307805880064,405.7401471234898,416.45326763191264,True,3.31831585045817e-09,True,3.5236570605778894e-19,0.02296972628794617,0.023576216544118327,9.565817569225826e-13,85,INTERIOR
4.237499999999999e-09,-3.080556748568735,-0.007394661726187646,-0.007592437599306993,0.00019777587311934754,0.0007911034924773902,-0.006603558233710256,405.7401471234898,416.59197710953725,True,3.31831585045817e-09,True,-2.710505431213761e-20,0.022779675083990283,0.023388934884632163,9.489829881152376e-13,85,INTERIOR
4.249999999999998e-09,-3.0681453090658444,-0.007362471205436056,-0.007561847972939274,0.0001993767675032185,0.000797507070012874,-0.006564964135423182,405.7401471234898,416.7276480212907,True,3.31831585045817e-09,True,-1.6263032587282567e-19,0.022589131492090988,0.023200848386042697,9.413515637542747e-13,85,LEFT
4.249999999999998e-09,-3.0681453090658457,-0.0073315653820465575,-0.007523215693702397,0.0001916503116558395,0.000766601246623358,-0.0065649641354232,407.8236533393768,418.4843412266472,True,3.31831585045817e-09,True,3.2526065174565133e-19,0.02249430793503569,0.023082318939723564,9.413515637542753e-13,86,RIGHT
4.2624999999999985e-09,-3.056110899822876,-0.007300270225495442,-0.007493706838234039,0.00019343661273859715,0.0007737464509543886,-0.006526523774541053,407.8236533393768,418.62983224233585,True,3.31831585045817e-09,True,-3.5236570605778894e-19,0.022310435407789025,0.022901599148404266,9.33981383201619e-13,86,INTERIOR
4.2749999999999986e-09,-3.0439674798284875,-0.007268791645147789,-0.0074639306840189636,0.00019513903887117477,0.0007805561554846991,-0.00648823548966309,407.8236533393768,418.77214651770333,True,3.31831585045817e-09,True,1.6263032587282567e-19,0.02212596538547888,0.022719962273847722,9.265738018253393e-13,86,INTERIOR
4.287499999999999e-09,-3.0317202200157953,-0.007237140049742297,-0.0074338999103931375,0.00019675986065084122,0.0007870394426033649,-0.006450100607138931,407.8236533393768,418.91136542587014,True,3.31831585045817e-09,True,-3.5236570605778894e-19,0.02194098382388984,0.022537504671912484,9.191327492452622e-13,86,INTERIOR
4.299999999999998e-09,-3.019374151161937,-0.007205325560325306,-0.007403626853024432,0.00019830129269912607,0.0007932051707965043,-0.006412120389528802,407.8236533393768,419.0475677861832,True,3.31831585045817e-09,True,-1.6263032587282567e-19,0.02175557374755263,0.02235431954487037,9.11662026470487e-13,86,LEFT
4.299999999999998e-09,-3.019374151161937,-0.007175244566193382,-0.007366025610359528,0.00019078104416614551,0.0007631241766645821,-0.0064121203895288,409.9054647482504,420.80435353909877,True,3.31831585045817e-09,True,1.6263032587282567e-19,0.021664747971429445,0.02224078732471639,9.11662026470487e-13,87,RIGHT
4.312499999999998e-09,-3.007396119299138,-0.007144301955325247,-0.007336804160798821,0.0001925022054735739,0.0007700088218942955,-0.006374293133430952,409.9054647482504,420.95030950609157,True,3.31831585045817e-09,True,-1.8973538018496328e-19,0.021485745975546394,0.022064676361244144,9.044431418375515e-13,87,INTERIOR
4.324999999999998e-09,-2.9953130734461184,-0.0071131846580205285,-0.007307326520483778,0.0001941418624632492,0.0007765674498529968,-0.006336617208167532,409.9054647482504,421.0931133453325,True,3.31831585045817e-09,True,1.6263032587282567e-19,0.021306215000005246,0.021887730658744595,8.971900407957233e-13,87,INTERIOR
4.337499999999998e-09,-2.9831300387028468,-0.007081902737078778,-0.007277604948582427,0.00019570221150364868,0.0007828088460145947,-0.006299093891064184,409.9054647482504,421.2328451058848,True,3.31831585045817e-09,True,-2.710505431213761e-20,0.021126236786151612,0.021710041931928725,8.899064827811248e-13,87,INTERIOR
4.3499999999999984e-09,-2.9708519045829123,-0.007050465978280947,-0.007247651373488044,0.00019718539520709663,0.0007887415808283865,-0.006261724397452561,409.9054647482504,421.3695823417431,True,3.31831585045817e-09,True,3.5236570605778894e-19,0.020945890279772977,0.021531698886679915,8.825961038963918e-13,87,LEFT
4.3499999999999984e-09,-2.9708519045829136,-0.007021193003317486,-0.007211060154783733,0.0001898671514662465,0.000759468605864986,-0.0062617243974525,411.9854557879517,423.1263694331145,True,3.31831585045817e-09,True,-2.710505431213761e-20,0.02085892460634998,0.021422991794901213,8.825961038963924e-13,88,RIGHT
4.3624999999999985e-09,-2.9589329962320923,-0.00699060520670523,-0.007182129744296242,0.00019152453759101187,0.0007660981503640475,-0.006224507056341182,411.9854557879517,423.2727938053133,True,3.31831585045817e-09,True,-2.710505431213761e-20,0.02068473240975197,0.02125144068361811,8.755284476191027e-13,88,INTERIOR
4.374999999999998e-09,-2.9469129871421136,-0.006959851201436515,-0.007152953935002223,0.00019310273356570927,0.0007724109342628371,-0.006187440267173677,411.9854557879517,423.41609063910306,True,3.31831585045817e-09,True,-5.421010862427522e-19,0.02051007589408991,0.021079132847487338,8.684296153786855e-13,88,INTERIOR
4.387499999999997e-09,-2.9347967600354843,-0.006928940714725543,-0.007123544578588279,0.0001946038638627353,0.0007784154554509413,-0.006150525259274602,411.9854557879517,423.55633867647146,True,3.31831585045817e-09,True,1.6263032587282567e-19,0.020335032760054477,0.02090615554920922,8.613032022714776e-13,88,INTERIOR
4.399999999999996e-09,-2.922589066474883,-0.0068978832070500755,-0.007093913208380674,0.0001960300013305988,0.0007841200053223952,-0.00611376320172768,411.9854557879517,423.69361422179645,True,3.31831585045817e-09,True,-1.6263032587282567e-19,0.020159678042745252,0.020732593181335114,8.541526851478527e-13,88,INTERIOR
4.399999999999997e-09,-2.922589066474882,-0.006897883207050073,-0.0070939132083806715,0.0001960300013305988,0.0007841200053223952,-0.0061137632017276775,411.9854557879517,423.6936142217965,True,3.31831585045817e-09,True,-1.6263032587282567e-19,0.020159678042745238,0.0207325931813351,8.541526851478521e-13,88,LEFT
4.399999999999997e-09,-2.922589066474884,-0.006869401595248027,-0.007058311193628109,0.00018890959838008172,0.0007556383935203269,-0.0061137632017277,414.06350418684457,425.4503141142036,True,3.31831585045817e-09,True,0.0,0.02007643799549701,0.0206285431222748,8.541526851478536e-13,89,RIGHT
4.412499999999997e-09,-2.9107319679315524,-0.006839170692258119,-0.007029675251499818,0.0001905045592416995,0.000762018236966798,-0.006077152455291321,414.06350418684457,425.5972103790998,True,3.31831585045817e-09,True,-3.5236570605778894e-19,0.019906992768096272,0.0204615004787178,8.472360589138688e-13,89,INTERIOR
4.4249999999999974e-09,-2.8987775992678566,-0.006808781804525895,-0.007000804393424142,0.0001920225888982467,0.0007680903555929868,-0.006040691448932908,414.06350418684457,425.7410036757232,True,3.31831585045817e-09,True,-5.421010862427522e-19,0.01973714417326224,0.020293774952513895,8.402911570017118e-13,89,INTERIOR
4.4374999999999975e-09,-2.8867307042091994,-0.0067782443337318305,-0.006971710075917663,0.00019346574218583255,0.0007738629687433302,-0.0060043813649885,414.06350418684457,425.88177145568915,True,3.31831585045817e-09,True,-3.5236570605778894e-19,0.019566966038815702,0.020125449536996166,8.333214158624141e-13,89,INTERIOR
4.449999999999997e-09,-2.8745958996091034,-0.006747567424725105,-0.00694240344909015,0.0001948360243650452,0.0007793440974601808,-0.005968223327264924,414.06350418684457,426.01958878924637,True,3.31831585045817e-09,True,-1.8973538018496328e-19,0.019396529651450747,0.019956604488186643,8.263301586049471e-13,89,LEFT
4.449999999999997e-09,-2.874595899609106,-0.00671986068037295,-0.006907770018649962,0.00018790933827701246,0.0007516373531080498,-0.0059682233272649,416.139491014918,427.7761156574405,True,3.31831585045817e-09,True,-1.6263032587282567e-19,0.01931688395774454,0.0198570473710539,8.263301586049486e-13,90,RIGHT
4.462499999999997e-09,-2.8628032380264536,-0.006689988566880679,-0.006879431776696786,0.0001894432098161071,0.0007577728392644284,-0.0059322157276162505,416.139491014918,427.92348737320555,True,3.31831585045817e-09,True,1.6263032587282567e-19,0.019152120931625962,0.01969445956610964,8.195642379654748e-13,90,INTERIOR
4.474999999999997e-09,-2.8509170551458665,-0.006659966444219069,-0.006850868799288422,0.00019090235506935354,0.0007636094202774142,-0.005896357023941655,416.139491014918,428.0677806748556,True,3.31831585045817e-09,True,-5.421010862427522e-19,0.018987011922523316,0.019531258702458046,8.127728055321579e-13,90,INTERIOR
4.487499999999997e-09,-2.838941959003402,-0.006629803398295467,-0.006822092159721583,0.0001922887614261163,0.0007691550457044652,-0.005860648352591002,416.139491014918,428.2090717400909,True,3.31831585045817e-09,True,-2.710505431213761e-20,0.018821627047364346,0.01936752368042174,8.059591446590075e-13,90,INTERIOR
4.4999999999999965e-09,-2.826882434916875,-0.006599508267728094,-0.006793112636396086,0.0001936043686679918,0.0007744174746719672,-0.005825090793056127,416.139491014918,428.3474344202981,True,3.31831585045817e-09,True,1.6263032587282567e-19,0.01865603400112924,0.019203330790239958,7.991264300841559e-13,90,LEFT
4.4999999999999965e-09,-2.8268824349168784,-0.006572560061273449,-0.006759427378327786,0.00018686731705433725,0.000747469268217349,-0.0058250907930561,418.2133007272904,430.10370518685886,True,3.31831585045817e-09,True,-1.8973538018496328e-19,0.018579854589650113,0.019108106525891063,7.991264300841579e-13,91,RIGHT
4.5124999999999966e-09,-2.815156778755375,-0.006543048454770188,-0.006731389876552705,0.00018834142178251762,0.0007533656871300705,-0.005789682767640117,418.2133007272904,430.2515560163694,True,3.31831585045817e-09,True,0.0,0.018419707211171175,0.018949917841422654,7.925107688972338e-13,91,INTERIOR
4.524999999999997e-09,-2.8033412691248163,-0.006513394571686625,-0.006703137523961311,0.00018974295227468553,0.0007589718090987421,-0.005754422762587883,418.2133007272904,430.3963529725022,True,3.31831585045817e-09,True,3.5236570605778894e-19,0.01825926780490267,0.01879118205353988,7.858722271178336e-13,91,INTERIOR
4.537499999999997e-09,-2.791440381609535,-0.006483607191636954,-0.006674681022232204,0.00019107383059524947,0.0007642953223809979,-0.005719311869255957,418.2133007272904,430.53817097527826,True,3.31831585045817e-09,True,1.6263032587282567e-19,0.018098602933229384,0.01863197413982178,7.792139404080385e-13,91,INTERIOR
4.549999999999996e-09,-2.7794584730990795,-0.006453694856138869,-0.006646030789230005,0.00019233593309113604,0.0007693437323645441,-0.005684351123774325,418.2133007272904,430.67708267229415,True,3.31831585045817e-09,True,-3.5236570605778894e-19,0.017937776850691124,0.0184723665896027,7.725389403682266e-13,91,LEFT
4.549999999999996e-09,-2.7794584730990834,-0.00642748902971246,-0.006613273506196974,0.0001857844764845148,0.0007431379059380592,-0.0056843511237744,420.2848212000591,432.43301703829206,True,3.31831585045817e-09,True,-1.6263032587282567e-19,0.017864938844385704,0.018381319081720863,7.725389403682288e-13,92,RIGHT
4.562499999999996e-09,-2.767802332370775,-0.006398339473898012,-0.00658553959780831,0.00018720012391029841,0.0007488004956411937,-0.005649538978256818,420.2848212000591,432.58135078046547,True,3.31831585045817e-09,True,-3.7947076036992655e-19,0.017709338919154917,0.018227471858733937,7.660729751077102e-13,92,INTERIOR
4.574999999999996e-09,-2.7560599257860896,-0.006369055136316427,-0.006557600433716786,0.00018854529740035874,0.000754181189601435,-0.005614873946714992,420.2848212000591,432.7266551785686,True,3.31831585045817e-09,True,-2.710505431213761e-20,0.017553497626323765,0.018073139764684314,7.595866314524026e-13,92,INTERIOR
4.587499999999996e-09,-2.7442355996473258,-0.006339644499497759,-0.006529466355248282,0.00018982185575052246,0.0007592874230020898,-0.005580357076495669,420.2848212000591,432.8690039109812,True,3.31831585045817e-09,True,-1.8973538018496328e-19,0.017397478124630102,0.017918394018771808,7.530829026371718e-13,92,INTERIOR
4.599999999999996e-09,-2.7323335854592745,-0.006310115816731536,-0.006501147430586508,0.00019103161385497123,0.0007641264554198849,-0.005545989361311652,420.2848212000591,433.0084684364077,True,3.31831585045817e-09,True,3.2526065174565133e-19,0.017241341374193357,0.017763303468613784,7.465646822228734e-13,92,LEFT
4.599999999999996e-09,-2.7323335854592754,-0.006284636389333588,-0.006469298146339085,0.00018466175700549702,0.0007386470280219881,-0.0055459893613116,422.35394375902695,434.7639889074008,True,3.31831585045817e-09,True,3.5236570605778894e-19,0.017171723078975677,0.017676280599591716,7.465646822228739e-13,93,RIGHT
4.612499999999996e-09,-2.72074941180102,-0.006255850258274145,-0.00644187050222819,0.00018602024395404459,0.0007440809758161783,-0.005511769282457967,422.35394375902695,434.9128095261692,True,3.31831585045817e-09,True,1.6263032587282567e-19,0.01702060091051464,0.01752671537983569,7.402477361815596e-13,93,INTERIOR
4.624999999999996e-09,-2.7090824804412788,-0.006226936607559546,-0.006414246914163868,0.00018731030660432222,0.0007492412264172889,-0.005477695381142257,422.35394375902695,435.0586253202631,True,3.31831585045817e-09,True,0.0,0.016869284870358017,0.01737672394038587,7.339127885833871e-13,93,INTERIOR
4.637499999999996e-09,-2.697337011504078,-0.006197903631582774,-0.006386437374059509,0.0001885337424767349,0.0007541349699069396,-0.005443768661675835,422.35394375902695,435.2015087422797,True,3.31831585045817e-09,True,-2.710505431213761e-20,0.01671783485920375,0.017226373900703626,7.27562695362975e-13,93,INTERIOR
4.649999999999995e-09,-2.685517114090888,-0.006168759304028022,-0.006358451610962352,0.00018969230693433037,0.0007587692277373215,-0.0054099900762907,422.35394375902695,435.3415300767729,True,3.31831585045817e-09,True,0.0,0.016566308683674646,0.017075730620358172,7.212002170075051e-13,93,LEFT
4.649999999999995e-09,-2.6855171140908918,-0.0061439904763868555,-0.006327490576410894,0.0001835001000240387,0.0007340004000961548,-0.0054099900762907,424.4205632012466,437.0965619839608,True,3.31831585045817e-09,True,-5.421010862427522e-19,0.01649979157314835,0.016992584232200295,7.212002170075073e-13,94,RIGHT
4.6624999999999954e-09,-2.6740073006964917,-0.006115568978308071,-0.0063003716891741725,0.00018480271086610147,0.0007392108434644059,-0.005376358134843665,424.4205632012466,437.24587363517577,True,3.31831585045817e-09,True,1.6263032587282567e-19,0.016353076095908765,0.016847239893953224,7.150315044178138e-13,94,INTERIOR
4.6749999999999955e-09,-2.662418159042768,-0.006087026994939715,-0.00627306589238075,0.000186038897441034,0.000744155589764136,-0.00534287140517558,424.4205632012466,437.3922049723284,True,3.31831585045817e-09,True,1.6263032587282567e-19,0.01620621120591103,0.016701524544746334,7.088470453600683e-13,94,INTERIOR
4.687499999999996e-09,-2.6507537861151294,-0.006058372441231329,-0.006245582839157176,0.00018721039792584816,0.0007488415917033926,-0.005309530849527936,424.4205632012466,437.53562723792845,True,3.31831585045817e-09,True,-3.5236570605778894e-19,0.016059253686289503,0.016555502357391564,7.026495634603693e-13,94,INTERIOR
4.699999999999995e-09,-2.6390181715327894,-0.006029613019643049,-0.00621793192965877,0.00018831891001572148,0.0007532756400628859,-0.005276337379580163,424.4205632012466,437.67620955698055,True,3.31831585045817e-09,True,-2.710505431213761e-20,0.0159122583261487,0.016409235351723436,6.964416909680267e-13,94,LEFT
4.699999999999995e-09,-2.6390181715327925,-0.00600553917875003,-0.006187839628542488,0.00018230044979245763,0.0007292017991698305,-0.0052763373795802,426.4845778096546,439.43068107367964,True,3.31831585045817e-09,True,-1.8973538018496328e-19,0.015848727022573453,0.016329821222254348,6.964416909680283e-13,95,RIGHT
4.712499999999995e-09,-2.627585052970263,-0.005977483359525198,-0.006161031816121115,0.00018354845659591685,0.0007341938263836674,-0.005243289533141531,426.4845778096546,439.5804881302048,True,3.31831585045817e-09,True,0.0,0.015706345929866885,0.016188635110914076,6.904203210592741e-13,95,INTERIOR
4.724999999999994e-09,-2.6160759576143056,-0.005949313866476431,-0.00613404585706237,0.0001847319905859393,0.0007389279623437572,-0.005210385904132674,426.4845778096546,439.7273393753077,True,3.31831585045817e-09,True,-2.710505431213761e-20,0.015563856970390396,0.016047129889564502,6.843853416007606e-13,95,INTERIOR
4.737499999999994e-09,-2.6044948622889237,-0.005921038343557987,-0.006106891076027003,0.00018585273246901624,0.0007434109298760649,-0.005177627413681922,426.4845778096546,439.87130485695644,True,3.31831585045817e-09,True,0.0,0.015421313945212496,0.015905366432070404,6.783393487689399e-13,95,INTERIOR
4.749999999999993e-09,-2.5928456399933086,-0.005892664230153233,-0.006079576554232468,0.000186912324079235,0.00074764929631694,-0.005145014933836293,426.4845778096546,440.01245255507865,True,3.31831585045817e-09,True,-1.8973538018496328e-19,0.015278768757097336,0.015763403561647196,6.722848512832311e-13,95,INTERIOR
4.749999999999994e-09,-2.5928456399933077,-0.005892664230153231,-0.006079576554232466,0.000186912324079235,0.00074764929631694,-0.005145014933836291,426.4845778096546,440.01245255507865,True,3.31831585045817e-09,True,-1.8973538018496328e-19,0.015278768757097327,0.015763403561647186,6.722848512832306e-13,95,LEFT
4.749999999999994e-09,-2.592845639993309,-0.005869269953476947,-0.006050333708387108,0.00018106375491016172,0.0007242550196406469,-0.0051450149338363,428.5458893612841,441.7662947088183,True,3.31831585045817e-09,True,-2.710505431213761e-20,0.015218111008816433,0.015687581376296063,6.722848512832313e-13,96,RIGHT
4.762499999999994e-09,-2.5814914919303655,-0.00584158069986224,-0.006023839117388076,0.00018225841752583604,0.0007290336701033441,-0.005112547029758896,428.5458893612841,441.91660178404175,True,3.31831585045817e-09,True,1.6263032587282567e-19,0.015079990876119003,0.015550489430294641,6.664098322908865e-13,96,INTERIOR
4.774999999999994e-09,-2.570064641295526,-0.005813784365737237,-0.005997174876944957,0.00018339051120771986,0.0007335620448308795,-0.005080222320906358,428.5458893612841,442.0639775430715,True,3.31831585045817e-09,True,-1.8973538018496328e-19,0.014941801630498009,0.01541312709890208,6.6052322604375e-13,96,INTERIOR
4.787499999999994e-09,-2.558568947667694,-0.005785888332271177,-0.005970349993278553,0.0001844616610073756,0.0007378466440295024,-0.005048041688241675,428.5458893612841,442.2084908547414,True,3.31831585045817e-09,True,3.2526065174565133e-19,0.014803594221621854,0.01527555209951053,6.546275059969369e-13,96,INTERIOR
4.799999999999994e-09,-2.5470081702308667,-0.005757899783691055,-0.005943373238340925,0.0001854734546498699,0.0007418938185994796,-0.005016005965091576,428.5458893612841,442.35020856825815,True,3.31831585045817e-09,True,1.6263032587282567e-19,0.014665417792431657,0.01513782019678582,6.487250619222787e-13,96,LEFT
4.799999999999994e-09,-2.547008170230869,-0.0057351698430779035,-0.005914960812574479,0.00017979096949657589,0.0007191638779863035,-0.0050160059650916,430.604403129137,444.1033552484928,True,3.31831585045817e-09,True,0.0,0.01460752444798111,0.015065453516222618,6.487250619222799e-13,97,RIGHT
4.812499999999994e-09,-2.535735209088852,-0.005707847885739452,-0.005888781421327901,0.0001809335355884489,0.0007237341423537956,-0.004984113743385656,430.604403129137,444.2541672184642,True,3.31831585045817e-09,True,0.0,0.01447359085199289,0.01493239038868945,6.429953050612885e-13,97,INTERIOR
4.824999999999994e-09,-2.524392743082872,-0.005680425227710217,-0.0058624406177421595,0.00018201539003194194,0.0007280615601277677,-0.00495236366758245,430.604403129137,444.40207236042716,True,3.31831585045817e-09,True,3.5236570605778894e-19,0.014339624222456542,0.014799102552182575,6.372558721329467e-13,97,INTERIOR
4.8374999999999945e-09,-2.512984517403546,-0.005652908995353949,-0.0058359470993377405,0.00018303810398379117,0.0007321524159351647,-0.004920756579418785,430.604403129137,444.5471383793609,True,3.31831585045817e-09,True,-2.710505431213761e-20,0.01420567278361571,0.014665644705021876,6.315091184709934e-13,97,INTERIOR
4.849999999999994e-09,-2.501514180168402,-0.005625306125441533,-0.005809309338200626,0.00018400321275909294,0.0007360128510363718,-0.004889293274405161,430.604403129137,444.68943100799817,True,3.31831585045817e-09,True,-1.8973538018496328e-19,0.014071783040580169,0.014532069686493582,6.257573193583594e-13,97,LEFT
4.849999999999994e-09,-2.501514180168403,-0.00560322549070679,-0.005781708544782212,0.00017848305407542256,0.0007139322163016902,-0.0048892932744051,432.66002787807963,446.44181896967746,True,3.31831585045817e-09,True,-3.5236570605778894e-19,0.014016548019684095,0.014463025910373527,6.257573193583598e-13,98,RIGHT
4.862499999999994e-09,-2.4903245627224084,-0.0055762714070782355,-0.005755846166182385,0.00017957475910414938,0.0007182990364165975,-0.004857972370661638,432.66002787807963,446.5931409940551,True,3.31831585045817e-09,True,0.0,0.013886725653453577,0.0143339250868956,6.201716427698554e-13,98,INTERIOR
4.874999999999994e-09,-2.4790685623392728,-0.0055492227936592186,-0.005729830357792737,0.0001806075641335189,0.0007224302565340756,-0.004826792537125143,432.66002787807963,446.7415806717949,True,3.31831585045817e-09,True,-1.8973538018496328e-19,0.013756903773177082,0.014204642307541163,6.145780936778909e-13,98,INTERIOR
4.887499999999994e-09,-2.467749812619968,-0.005522086529763612,-0.00570366951789538,0.00018158298813176818,0.0007263319525270727,-0.004795754577236539,432.66002787807963,446.8872045591808,True,3.31831585045817e-09,True,-3.5236570605778894e-19,0.013627127999095405,0.014075229384032549,6.089789137685888e-13,98,INTERIOR
4.8999999999999934e-09,-2.456371853309391,-0.0054948693121927485,-0.005677371827844421,0.00018250251565167226,0.000730010062606689,-0.00476485924958606,432.66002787807963,447.0300772866182,True,3.31831585045817e-09,True,3.2526065174565133e-19,0.0134974423160838,0.013945736358688725,6.033762681730613e-13,98,LEFT
4.8999999999999934e-09,-2.4563718533093946,-0.005473423154409028,-0.00565056413061476,0.000177140976205732,0.000708563904822928,-0.0047648592495861,434.712675854924,448.78164614966846,True,3.31831585045817e-09,True,-1.8973538018496328e-19,0.013444762577742256,0.013879886685761764,6.03376268173063e-13,99,RIGHT
4.9124999999999935e-09,-2.4452676762501873,-0.005446837371412832,-0.005625020414785979,0.00017818304337314603,0.0007127321734925841,-0.0047341051979202485,434.712675854924,448.9334836916417,True,3.31831585045817e-09,True,3.5236570605778894e-19,0.013318975362107334,0.013754680598523574,5.979334008513991e-13,99,INTERIOR
4.924999999999994e-09,-2.4341001631361596,-0.005420163025105375,-0.005599331002596502,0.00017916797749112733,0.0007166719099645093,-0.004703491115140865,434.712675854924,449.0824633616694,True,3.31831585045817e-09,True,-1.8973538018496328e-19,0.013193219703633572,0.0136293325068735,5.924843604179479e-13,99,INTERIOR
4.937499999999994e-09,-2.422872838720339,-0.00539340675528886,-0.005573504002282465,0.00018009724699360517,0.0007203889879744207,-0.004673017767314439,434.712675854924,449.22865058238585,True,3.31831585045817e-09,True,-1.8973538018496328e-19,0.013067538735560172,0.013503891463629287,5.870312792608754e-13,99,INTERIOR
4.949999999999993e-09,-2.411589137015077,-0.005366575026074047,-0.005547547313342878,0.000180972287268831,0.000723889149075324,-0.0046426858769987225,434.712675854924,449.37210889592103,True,3.31831585045817e-09,True,-1.6263032587282567e-19,0.012941974035856573,0.013378404837934859,5.815762165769123e-13,99,LEFT
4.949999999999993e-09,-2.411589137015078,-0.005345748720558806,-0.005521514431448833,0.00017576571089002668,0.0007030628435601067,-0.0046426858769987,436.76226277330994,451.1228011411258,True,3.31831585045817e-09,True,3.2526065174565133e-19,0.01289174954371187,0.013315624222753992,5.81576216576913e-13,100,RIGHT
4.962499999999993e-09,-2.4005724364865126,-0.005319531517220023,-0.005496290868271436,0.0001767593510514136,0.0007070374042056544,-0.004612494113014368,436.76226277330994,451.2751599864658,True,3.31831585045817e-09,True,-5.421010862427522e-19,0.012769920735259664,0.01319424436128493,5.762748022818792e-13,100,INTERIOR
4.974999999999993e-09,-2.3894953724836485,-0.0052932315170544034,-0.005470929098386538,0.00017769758133213428,0.0007107903253285371,-0.0045824411917258666,436.76226277330994,451.4246854279602,True,3.31831585045817e-09,True,1.6263032587282567e-19,0.0126481522154861,0.013072759763780771,5.70968813512077e-13,100,INTERIOR
4.987499999999993e-09,-2.3783613635974916,-0.005266855127679524,-0.005445436948914971,0.0001785818212354462,0.0007143272849417847,-0.00455252784273774,436.76226277330994,451.5714417695313,True,3.31831585045817e-09,True,3.5236570605778894e-19,0.012526484743338314,0.012951216847205575,5.65660277585332e-13,100,INTERIOR
4.9999999999999935e-09,-2.3671737406952458,-0.005240408587592824,-0.005419822046127336,0.0001794134585345126,0.0007176538341380504,-0.004522754753454773,436.76226277330994,451.7154914789964,True,3.31831585045817e-09,True,-3.5236570605778894e-19,0.012404957599063593,0.012829660426833806,5.603511518637122e-13,100,LEFT
4.9999999999999935e-09,-2.3671737406952484,-0.005220187716604672,-0.005394545957392139,0.00017435824078746793,0.0006974329631498717,-0.0045227547534548,438.80870779338034,453.465252440177,True,3.31831585045817e-09,True,-3.7947076036992655e-19,0.012357091284246469,0.012769827533312381,5.603511518637135e-13,101,RIGHT
5.012499999999993e-09,-2.356246491819192,-0.005194339226581753,-0.005369643878919254,0.00017530465233750095,0.0007012186093500038,-0.004493120617231749,438.80870779338034,453.61813871555154,True,3.31831585045817e-09,True,1.6263032587282567e-19,0.01223914357995207,0.01265220455202189,5.55189753021025e-13,101,INTERIOR
5.024999999999992e-09,-2.3452617784979752,-0.005168413510580631,-0.005344610844874749,0.00017619733429411825,0.000704789337176473,-0.004463624173404158,438.80870779338034,453.768216048662,True,3.31831585045817e-09,True,-3.5236570605778894e-19,0.012121282661837294,0.01253451153543052,5.500252809683486e-13,101,INTERIOR
5.037499999999991e-09,-2.334222915791819,-0.0051424167511560665,-0.005319454409940568,0.0001770376587845013,0.0007081506351380052,-0.0044342661160180616,438.80870779338034,453.9155476395534,True,3.31831585045817e-09,True,1.6263032587282567e-19,0.012003547023100206,0.012416792383193122,5.448596620607662e-13,101,INTERIOR
5.049999999999991e-09,-2.323133133958492,-0.005116354968073337,-0.00529418193554257,0.00017782696746923308,0.0007113078698769323,-0.004405047098196405,438.80870779338034,454.0601948956081,True,3.31831585045817e-09,True,-2.710505431213761e-20,0.011885973751424313,0.012299089471663447,5.396947558095806e-13,101,INTERIOR
5.049999999999992e-09,-2.323133133958491,-0.005116354968073334,-0.005294181935542567,0.00017782696746923324,0.000711307869876933,-0.004405047098196401,438.80870779338034,454.0601948956081,True,3.31831585045817e-09,True,-1.8973538018496328e-19,0.011885973751424299,0.012299089471663433,5.396947558095801e-13,101,LEFT
5.049999999999992e-09,-2.3231331339584917,-0.005096725323221028,-0.005269644879477185,0.00017291955625615697,0.0006916782250246279,-0.0044050470981964,440.8519334966981,455.80897274847024,True,3.31831585045817e-09,True,1.6263032587282567e-19,0.011840371473060073,0.012242086623708152,5.396947558095804e-13,102,RIGHT
5.062499999999992e-09,-2.3122972503577723,-0.005071245537274741,-0.0052450654622683895,0.00017381992499364876,0.000695279699974595,-0.004375965837300146,440.8519334966981,455.96239293914925,True,3.31831585045817e-09,True,1.6263032587282567e-19,0.011726227111729506,0.012128150446349715,5.346718574012115e-13,102,INTERIOR
5.0749999999999925e-09,-2.3014067285490634,-0.005045693904858323,-0.005220362107284033,0.00017466820242571028,0.0006986728097028411,-0.004347021095155482,440.8519334966981,456.1130286427242,True,3.31831585045817e-09,True,-1.8973538018496328e-19,0.011612193902839943,0.012014176479166042,5.296472930210902e-13,102,INTERIOR
5.087499999999993e-09,-2.290464782639397,-0.005020076390386066,-0.005195542105196533,0.00017546571481046635,0.0007018628592418654,-0.004318213531144201,440.8519334966981,456.26094197009814,True,3.31831585045817e-09,True,1.8973538018496328e-19,0.01149830817833879,0.01190020621867281,5.24622892051134e-13,102,INTERIOR
5.099999999999992e-09,-2.2794745447620866,-0.004994398801581546,-0.005170612560734429,0.00017621375915288315,0.0007048550366115326,-0.004289543764970013,440.8519334966981,456.4061932820141,True,3.31831585045817e-09,True,3.5236570605778894e-19,0.011384604934595404,0.01178627971302124,5.196004200218322e-13,102,LEFT
5.099999999999992e-09,-2.279474544762087,-0.004975346385953496,-0.00514679704119937,0.00017145065524587396,0.0006858026209834959,-0.00428954376497,442.8918658566136,458.15393902976245,True,3.31831585045817e-09,True,1.6263032587282567e-19,0.01134117543815504,0.011731992842470791,5.196004200218324e-13,103,RIGHT
5.112499999999992e-09,-2.268731878090674,-0.004950235154371918,-0.00512254130859377,0.00017230615422185233,0.0006892246168874093,-0.004261010537484508,442.8918658566136,458.3078999968293,True,3.31831585045817e-09,True,-3.5236570605778894e-19,0.011230756298768678,0.011621672763643,5.147144334664836e-13,103,INTERIOR
5.124999999999992e-09,-2.2579373274259145,-0.004925057268722286,-0.005098168427769054,0.0001731111590467677,0.0006924446361870708,-0.004232612632535215,442.8918658566136,458.45910092568204,True,3.31831585045817e-09,True,3.5236570605778894e-19,0.011120470646758371,0.011511344794564034,5.098280974583281e-13,103,INTERIOR
5.137499999999992e-09,-2.247094008446597,-0.004899818482006811,-0.005073685433577357,0.00017386695157054575,0.000695467806282183,-0.004204350675724628,442.8918658566136,458.60760285271994,True,3.31831585045817e-09,True,-3.5236570605778894e-19,0.011010352753393406,0.011401048138534453,5.049431482796595e-13,103,INTERIOR
5.1499999999999915e-09,-2.2362049575967307,-0.00487452439641231,-0.005049099181967598,0.00017457478555528774,0.000698299142221151,-0.004176225254191159,442.8918658566136,458.7534651057641,True,3.31831585045817e-09,True,0.0,0.010900435621183419,0.01129082062211354,5.000612612380197e-13,103,LEFT
5.1499999999999915e-09,-2.236204957596732,-0.0048560354264313614,-0.005025987969491426,0.00016995254306006528,0.0006798101722402611,-0.0041762252541911,444.9284342045512,460.50013256186037,True,3.31831585045817e-09,True,-3.5236570605778894e-19,0.01085909049485117,0.01123913921419826,5.000612612380202e-13,104,RIGHT
5.162499999999992e-09,-2.2255572970851865,-0.0048312924614262445,-0.005002056793839365,0.00017076433241312115,0.0006830573296524846,-0.0041482351317737596,444.9284342045512,460.6546415590375,True,3.31831585045817e-09,True,-3.5236570605778894e-19,0.01075231819187983,0.011132363997963732,4.953105282609121e-13,104,INTERIOR
5.174999999999992e-09,-2.214860435552646,-0.004806487851825587,-0.004978015036311181,0.00017152718448559345,0.0006861087379423738,-0.004120379113883214,444.9284342045512,460.8064149608541,True,3.31831585045817e-09,True,3.2526065174565133e-19,0.010645699776972922,0.011025608551511802,4.905606748976456e-13,104,INTERIOR
5.187499999999992e-09,-2.204117392722901,-0.004781627145759262,-0.004953869483894529,0.0001722423381352664,0.0006889693525410656,-0.004092657793218197,444.9284342045512,460.95551274375134,True,3.31831585045817e-09,True,3.2526065174565133e-19,0.010539267557483953,0.010918909890731153,4.858133480903599e-13,104,INTERIOR
5.199999999999991e-09,-2.1933311117368524,-0.004756715746201791,-0.004929626751453002,0.00017291100525121102,0.0006916440210048441,-0.004065071725196947,444.9284342045512,461.1019932162678,True,3.31831585045817e-09,True,-5.421010862427522e-19,0.010433052635832966,0.01081230372321214,4.810701365712817e-13,104,LEFT
5.199999999999991e-09,-2.193331111736857,-0.004738776653213918,-0.004907202885218147,0.00016842623200422955,0.0006737049280169182,-0.004065071725197,446.9615711923746,462.84753898441335,True,3.31831585045817e-09,True,-1.8973538018496328e-19,0.010393706265066345,0.01076312075975383,4.810701365712836e-13,105,RIGHT
5.212499999999991e-09,-2.1827801837600584,-0.0047144015313013606,-0.0048835969900879435,0.0001691954587865826,0.0006767818351463305,-0.00403761969615503,446.9615711923746,463.0026036746015,True,3.31831585045817e-09,True,3.5236570605778894e-19,0.010290502240812684,0.010659818735434229,4.764529330615595e-13,105,INTERIOR
5.224999999999991e-09,-2.172182667283916,-0.0046899695954566115,-0.004859886861165962,0.00016991726570935088,0.0006796690628374035,-0.004010300532619208,446.9615711923746,463.15495720659015,True,3.31831585045817e-09,True,-1.8973538018496328e-19,0.01018747066533941,0.010556562004785539,4.718377540048668e-13,105,INTERIOR
5.2374999999999915e-09,-2.1615414884996866,-0.004665486195293447,-0.004836079045304206,0.00017059285001075897,0.0006823714000430359,-0.003983114795250411,446.9615711923746,463.3046585113154,True,3.31831585045817e-09,True,-3.5236570605778894e-19,0.010084641975149338,0.010453385498088996,4.672261606505441e-13,105,INTERIOR
5.249999999999991e-09,-2.150859499583235,-0.004640956540722895,-0.004812179923757906,0.00017122338303501123,0.0006848935321400449,-0.00395606300858285,446.9615711923746,463.45176489159877,True,3.31831585045817e-09,True,-5.421010862427522e-19,0.009982045462766787,0.01035032290271842,4.626196586947443e-13,105,LEFT
5.249999999999991e-09,-2.1508594995832366,-0.004623553972326164,-0.0047904267132620046,0.00016687274093584085,0.0006674909637433634,-0.0039560630085828,448.99121275119666,465.19614834324386,True,3.31831585045817e-09,True,-1.8973538018496328e-19,0.00994461498321354,0.010303534803276884,4.626196586947451e-13,106,RIGHT
5.262499999999991e-09,-2.140406967256435,-0.004599546136702407,-0.004767146675635536,0.0001676005389331296,0.0006704021557325184,-0.003929143980969888,448.99121275119666,465.3517768148698,True,3.31831585045817e-09,True,-1.8973538018496328e-19,0.00984490059721525,0.010203633958463654,4.581341985479889e-13,106,INTERIOR
5.274999999999991e-09,-2.1299103893045634,-0.004575486143066729,-0.004743768538928687,0.00016828239586195797,0.0006731295834478319,-0.0039023565596188973,448.99121275119666,465.5047185602417,True,3.31831585045817e-09,True,3.2526065174565133e-19,0.009745375472236893,0.01010380189552034,4.536518266467517e-13,106,INTERIOR
5.287499999999991e-09,-2.119372600758913,-0.004551379148694527,-0.004720298617365902,0.00016891946867137535,0.0006756778746855014,-0.003875701274009025,448.99121275119666,465.6550314791536,True,3.31831585045817e-09,True,-1.8973538018496328e-19,0.009646068263408606,0.010004071557045474,4.4917402208475995e-13,106,INTERIOR
5.29999999999999e-09,-2.108796365121071,-0.0045272301764111645,-0.00469674306585959,0.00016951288944842583,0.0006780515577937033,-0.003849178618617461,448.99121275119666,465.8027718822021,True,3.31831585045817e-09,True,-1.8973538018496328e-19,0.009547006540082288,0.009904474705192299,4.447022109547842e-13,106,LEFT
5.29999999999999e-09,-2.1087963651210755,-0.0045103509975336804,-0.004675644092262725,0.00016529309472904498,0.0006611723789161799,-0.0038491786186175,451.0172980468553,467.5459551316945,True,3.31831585045817e-09,True,-5.421010862427522e-19,0.009511411789019241,0.009859981266363465,4.44702210954786e-13,107,RIGHT
5.3124999999999905e-09,-2.098443827929516,-0.004486709760455079,-0.0046526903447315525,0.000165980584276473,0.000663922337105892,-0.0038227874233491875,451.0172980468553,467.70215591495594,True,3.31831585045817e-09,True,1.6263032587282567e-19,0.009415108404538079,0.009763409337169179,4.4034664989754807e-13,107,INTERIOR
5.324999999999991e-09,-2.0880497191550544,-0.004463020850554945,-0.004629644424276896,0.00016662357372195107,0.0006664942948878043,-0.003796526555667141,451.0172980468553,467.855694399326,True,3.31831585045817e-09,True,2.439454888092385e-19,0.009319009433584404,0.009666927739899137,4.359951629663502e-13,107,INTERIOR
5.337499999999991e-09,-2.0776167849925424,-0.004439289238774276,-0.004606512419789059,0.00016722318101478263,0.0006688927240591305,-0.0037703965147151456,451.0172980468553,468.00662746773156,True,3.31831585045817e-09,True,-2.710505431213761e-19,0.009223141835914203,0.009570567523630362,4.3164915052827483e-13,107,INTERIOR
5.349999999999991e-09,-2.0671477025135148,-0.0044155197666641685,-0.004583300266897442,0.00016778050023327385,0.0006711220009330954,-0.0037443977657310727,451.0172980468553,468.1550104519634,True,3.31831585045817e-09,True,-4.607859233063394e-19,0.009127531541062847,0.009474358616646627,4.2730996240069027e-13,107,LEFT
5.349999999999991e-09,-2.067147702513518,-0.0043991510603973985,-0.004562839384063973,0.00016368832366657466,0.0006547532946662986,-0.0037443977657311,453.0397694324222,469.8969583296786,True,3.31831585045817e-09,True,1.6263032587282567e-19,0.009093695007510389,0.009432062949706038,4.2730996240069153e-13,108,RIGHT
5.362499999999991e-09,-2.0568966959801167,-0.004375875605571997,-0.004540212217035693,0.00016433661146369688,0.0006573464458547875,-0.003718529159717209,453.0397694324222,470.05374041277105,True,3.31831585045817e-09,True,-1.8973538018496328e-19,0.009000724075121033,0.009338747508269279,4.2308240179339206e-13,108,INTERIOR
5.374999999999991e-09,-2.0466065239011626,-0.004352556796346978,-0.004517498599439062,0.00016494180309208333,0.0006597672123683333,-0.003692789583978645,453.0397694324222,470.2078846205619,True,3.31831585045817e-09,True,0.0,0.00890797113505407,0.009245542105326349,4.1885982636748005e-13,108,INTERIOR
5.387499999999991e-09,-2.036279845910389,-0.004329199423163865,-0.0044947044019148326,0.0001655049787509675,0.00066201991500387,-0.003667179508159995,453.0397694324222,470.35944683329814,True,3.31831585045817e-09,True,2.710505431213761e-19,0.008815461534315458,0.009152475986943881,4.146435610860837e-13,108,INTERIOR
5.3999999999999905e-09,-2.025919254847731,-0.004305808151948831,-0.004471835347669026,0.0001660271957201951,0.0006641087828807804,-0.0036416993690680504,453.0397694324222,470.50848141731296,True,3.31831585045817e-09,True,1.6263032587282567e-19,0.00872321964271346,0.009059577335351376,4.1043488271627855e-13,108,LEFT
5.3999999999999905e-09,-2.025919254847732,-0.004289937220145676,-0.004451996682915095,0.00016205946276941896,0.0006482378510776759,-0.003641699369068,455.0585723979455,472.2491614408606,True,3.31831585045817e-09,True,1.6263032587282567e-19,0.008691066416381078,0.009019385802435923,4.1043488271627895e-13,109,RIGHT
5.41249999999999e-09,-2.0157712502426297,-0.004267026605142416,-0.004429696246837983,0.00016266964169556596,0.0006506785667822638,-0.003616348038360153,455.0585723979455,472.40653428626825,True,3.31831585045817e-09,True,3.5236570605778894e-19,0.008601349554666493,0.008929254341683684,4.063333733304735e-13,109,INTERIOR
5.424999999999989e-09,-2.00558641896376,-0.004244076791303524,-0.004407314883434146,0.00016323809213062215,0.0006529523685224886,-0.0035911244227810352,455.0585723979455,472.56129367719694,True,3.31831585045817e-09,True,0.0,0.00851186277367764,0.00883925087431237,4.0223768839318794e-13,109,INTERIOR
5.437499999999988e-09,-1.9953673363116644,-0.0042210923942414096,-0.0043848582519762525,0.00016376585773484288,0.0006550634309393715,-0.003566028963302038,455.0585723979455,472.7134945053152,True,3.31831585045817e-09,True,8.131516293641283e-20,0.008422629887022907,0.008749402930350076,3.9814908068195073e-13,109,INTERIOR
5.449999999999988e-09,-1.9851165130481006,-0.004198077909748893,-0.004362331869911749,0.00016425396016285596,0.0006570158406514238,-0.0035410620690974693,455.0585723979455,472.86319018477667,True,3.31831585045817e-09,True,0.0,0.008333673781704982,0.00865973703035781,3.94068757037625e-13,109,INTERIOR
5.449999999999989e-09,-1.9851165130480992,-0.00419807790974889,-0.004362331869911746,0.00016425396016285596,0.0006570158406514238,-0.003541062069097466,455.0585723979455,472.8631901847767,True,3.31831585045817e-09,True,0.0,0.00833367378170497,0.008659737030357799,3.9406875703762447e-13,109,LEFT
5.449999999999989e-09,-1.985116513048102,-0.004182692273394087,-0.004343099824468234,0.00016040755107414673,0.0006416302042965869,-0.0035410620690975,457.07365551772887,474.60257252854507,True,3.31831585045817e-09,True,8.131516293641283e-20,0.00830313150091331,0.008621559179368205,3.940687570376256e-13,110,RIGHT
5.462499999999989e-09,-1.9750729171433095,-0.004160145432074483,-0.004321126132080699,0.00016098070000621575,0.000643922800024863,-0.00351622263204962,457.07365551772887,474.76054608947334,True,3.31831585045817e-09,True,2.439454888092385e-19,0.008216590574267761,0.00853453919503281,3.900913028032982e-13,110,INTERIOR
5.4749999999999895e-09,-1.964994767122036,-0.004137563388485638,-0.004299076841119359,0.0001615134526337209,0.0006460538105348836,-0.0034915095779507544,457.07365551772887,474.9159306151997,True,3.31831585045817e-09,True,-1.8973538018496328e-19,0.008130290407009999,0.008447663496255073,3.8612044348169846e-13,110,INTERIOR
5.4874999999999896e-09,-1.9548845561329566,-0.0041149505889210665,-0.004276957406172649,0.00016200681725158297,0.0006480272690063319,-0.0034669233199147343,457.07365551772887,475.06878002282997,True,3.31831585045817e-09,True,-4.607859233063394e-19,0.008044253355532008,0.008360957980565381,3.8215736278071473e-13,110,INTERIOR
5.499999999999989e-09,-1.9447447149687684,-0.004092311364378157,-0.004254773145404649,0.00016246178102649142,0.0006498471241059657,-0.003442464240272192,457.07365551772887,475.21914678754655,True,3.31831585045817e-09,True,3.5236570605778894e-19,0.007958500897881051,0.008274447587916735,3.782032006398956e-13,110,LEFT
5.499999999999989e-09,-1.9447447149687704,-0.004077398763739297,-0.004236132394606071,0.00015873363086677425,0.000634934523467097,-0.0034424642402722,459.0849703954112,476.95720425080174,True,3.31831585045817e-09,True,-1.8973538018496328e-19,0.007929499696602196,0.008238196086318159,3.782032006398964e-13,111,RIGHT
5.512499999999989e-09,-1.9348068698405845,-0.004055214508715277,-0.004214485323216157,0.0001592708145008801,0.0006370832580035204,-0.003418131250711757,459.0849703954112,477.1157889878299,True,3.31831585045817e-09,True,2.439454888092385e-19,0.007846056890139529,0.008154215156200937,3.7434776235823206e-13,111,INTERIOR
5.524999999999989e-09,-1.9248366777013275,-0.0040329988928015075,-0.004192767792078796,0.0001597688992772882,0.0006390755971091528,-0.003393923295692355,459.0849703954112,477.27180910884084,True,3.31831585045817e-09,True,8.131516293641283e-20,0.007762864189993186,0.00807039322727808,3.704996235824284e-13,111,INTERIOR
5.537499999999989e-09,-1.914836551683312,-0.004010756198326911,-0.004170985057589792,0.00016022885926288093,0.0006409154370515237,-0.003369840761275387,459.0849703954112,477.4253175703093,True,3.31831585045817e-09,True,-3.5236570605778894e-19,0.007679942568446772,0.007986754644797856,3.6665990196624367e-13,111,INTERIOR
5.5499999999999885e-09,-1.9048088446756928,-0.003988490596681759,-0.004149142244920533,0.00016065164823877493,0.0006426065929550997,-0.0033458840037266587,459.0849703954112,477.5763659215861,True,3.31831585045817e-09,True,-2.710505431213761e-19,0.007597312165465245,0.007903322845942192,3.628296734754747e-13,111,LEFT
5.5499999999999885e-09,-1.904808844675694,-0.003974038991249851,-0.004131077738130664,0.00015703874688081273,0.0006281549875232509,-0.0033458840037266,461.0924716070898,479.3130738952875,True,3.31831585045817e-09,True,-3.5236570605778894e-19,0.007569784619618789,0.007868913413634148,3.628296734754752e-13,112,RIGHT
5.562499999999989e-09,-1.8949780275570698,-0.003952216016370575,-0.004109757031929672,0.0001575410155590976,0.0006301640622363904,-0.003322051954134184,461.0924716070898,479.4722807933152,True,3.31831585045817e-09,True,-4.336808689942018e-19,0.007489362511181372,0.007787899274104887,3.590941724924083e-13,112,INTERIOR
5.574999999999989e-09,-1.8851170059547588,-0.003930365370555549,-0.004088370819381153,0.00015800544882560452,0.0006320217953024181,-0.0032983435752531307,461.0924716070898,479.6289474961208,True,3.31831585045817e-09,True,-1.0842021724855044e-19,0.007409198599649942,0.0077070573582646035,3.5536661261398345e-13,112,INTERIOR
5.587499999999989e-09,-1.8752281150751549,-0.003908491177371656,-0.004066924164992854,0.0001584329876211984,0.0006337319504847936,-0.003274759226886862,461.0924716070898,479.78312601339684,True,3.31831585045817e-09,True,-2.710505431213761e-20,0.007329312543330522,0.007626410536073148,3.516480483568318e-13,112,INTERIOR
5.599999999999988e-09,-1.8653136319264914,-0.0038865974536446504,-0.004045422007054539,0.00015882455340988897,0.0006352982136395559,-0.0032512992400050944,461.0924716070898,479.934866981734,True,3.31831585045817e-09,True,-1.8973538018496328e-19,0.007249723212094156,0.007545980816654259,3.4793949454507985e-13,112,LEFT
5.599999999999988e-09,-1.865313631926496,-0.00387259502187316,-0.004027918967340175,0.00015532394546701503,0.0006212957818680601,-0.0032512992400051,463.096116642647,481.67020341420846,True,3.31831585045817e-09,True,1.6263032587282567e-19,0.007223604285230692,0.007513332158074923,3.4793949454508156e-13,113,RIGHT
5.612499999999988e-09,-1.855591055111119,-0.0038511319047427415,-0.004006924239753462,0.00015579233501072037,0.0006231693400428815,-0.0032279625646998602,463.096116642647,481.83004399977153,True,3.31831585045817e-09,True,2.710505431213761e-19,0.007146125914493677,0.007435212777794445,3.443218163808396e-13,113,INTERIOR
5.624999999999988e-09,-1.8458403526460943,-0.0038296446589174945,-0.003985868778231315,0.00015622411931382076,0.000624896477255283,-0.0032047481816622116,463.096116642647,481.9873688144864,True,3.31831585045817e-09,True,1.6263032587282567e-19,0.007068912647725499,0.007357277431211548,3.407126607456658e-13,113,INTERIOR
5.6374999999999884e-09,-1.83606378385803,-0.003808137254257073,-0.003964757461516024,0.00015662020725895154,0.0006264808290358062,-0.0031816564252212668,463.096116642647,482.14222893502995,True,3.31831585045817e-09,True,-1.0842021724855044e-19,0.006991982896501971,0.00727954758687047,3.371130218395067e-13,113,INTERIOR
5.649999999999988e-09,-1.826263551854647,-0.0037866135579234248,-0.003943595046951997,0.00015698148902857246,0.0006279259561142898,-0.003158687601809135,463.096116642647,482.29467409823786,True,3.31831585045817e-09,True,0.0,0.006915354325794196,0.007202043897522948,3.335238560832751e-13,113,LEFT
5.649999999999988e-09,-1.8262635518546504,-0.0037730486967731507,-0.003926638970514138,0.00015359027374098767,0.0006143610949639507,-0.0031586876018092,465.0958658456768,484.0286194600504,True,3.31831585045817e-09,True,0.0,0.0068905813142894935,0.0071710776331420385,3.3352385608327634e-13,114,RIGHT
5.662499999999988e-09,-1.816650362654056,-0.0037519439013005414,-0.0039059697065912807,0.0001540258052907393,0.0006161032211629572,-0.0031358406801375843,465.0958658456768,484.18910581907903,True,3.31831585045817e-09,True,8.131516293641283e-20,0.006815970248955302,0.007095781283994807,3.300218540131113e-13,114,INTERIOR
5.674999999999988e-09,-1.8070110638395611,-0.003730818375324516,-0.003885244304534722,0.00015442592921020596,0.0006177037168408238,-0.003113114658483692,465.0958658456768,484.3471008374624,True,3.31831585045817e-09,True,-8.131516293641283e-20,0.006741630081387337,0.007020679444013884,3.2652889848385826e-13,114,INTERIOR
5.687499999999988e-09,-1.7973478408605479,-0.003709675939908502,-0.0038644674632668627,0.0001547915233583606,0.0006191660934334424,-0.0030905098464750597,465.0958658456768,484.5026546725477,True,3.31831585045817e-09,True,0.0,0.00666757804088687,0.006945792251178535,3.230459261046073e-13,114,INTERIOR
5.699999999999987e-09,-1.7876628248630952,-0.003688520317313155,-0.0038436437649528765,0.00015512344763972155,0.0006204937905588862,-0.003068026526754269,465.0958658456768,484.65581617435424,True,3.31831585045817e-09,True,-1.8973538018496328e-19,0.006593830650012955,0.006871139070623082,3.1957383753975017e-13,114,LEFT
5.699999999999987e-09,-1.7876628248630966,-0.003675381641613627,-0.003827220420328484,0.00015183877871485682,0.0006073551148594273,-0.0030680265267542,467.0916823519834,486.38835342232574,True,3.31831585045817e-09,True,1.6263032587282567e-19,0.006570343127896981,0.006841779667978145,3.1957383753975063e-13,115,RIGHT
5.7124999999999875e-09,-1.778160105617814,-0.003654633520595203,-0.003806875979174163,0.0001522424585789604,0.0006089698343158416,-0.003045663686279361,467.0916823519834,486.5494982184201,True,3.31831585045817e-09,True,-8.131516293641283e-20,0.006498523526975969,0.0067692349932022495,3.1618533612107555e-13,115,INTERIOR
5.7249999999999876e-09,-1.7686332309010044,-0.003633867926830104,-0.0037864798233941286,0.00015261189656402466,0.0006104475862560986,-0.0030234203405740054,467.0916823519834,486.70817611244854,True,3.31831585045817e-09,True,1.6263032587282567e-19,0.006426979572097061,0.006696894043791022,3.128063505447326e-13,115,INTERIOR
5.737499999999988e-09,-1.759084314244536,-0.003613088537356527,-0.0037660364778642186,0.00015294794050769176,0.000611791762030767,-0.00300129677532576,467.0916823519834,486.8644363560349,True,3.31831585045817e-09,True,0.0,0.0063557273720406,0.006624775695083687,3.0943776246211697e-13,115,INTERIOR
5.749999999999987e-09,-1.7495154167308462,-0.003592298934161767,-0.0037455503551709034,0.0001532514210091364,0.0006130056840365456,-0.0029792932501252214,467.0916823519834,487.0183269252566,True,3.31831585045817e-09,True,8.131516293641283e-20,0.006284782366821799,0.006552898090513192,3.0608041933789063e-13,115,LEFT
5.749999999999987e-09,-1.7495154167308502,-0.003579575275795659,-0.0037296457822132488,0.00015007050641758978,0.0006002820256703591,-0.0029792932501253,469.0835320271759,488.74944146606117,True,3.31831585045817e-09,True,-8.131516293641283e-20,0.006262522130353091,0.00652507279492727,3.0608041933789205e-13,116,RIGHT
5.762499999999987e-09,-1.7401241848762532,-0.003559182073530618,-0.003709625399459644,0.00015044332592902617,0.0006017733037161047,-0.0029574087698145133,469.0835320271759,488.9112579593587,True,3.31831585045817e-09,True,-1.0842021724855044e-19,0.006193418804528639,0.006455208874430958,3.028032178791245e-13,116,INTERIOR
5.774999999999987e-09,-1.7307106907133631,-0.003538774519407095,-0.00368955755755053,0.00015078303814343493,0.0006031321525737397,-0.0029356423668333554,469.0835320271759,489.0706320004066,True,3.31831585045817e-09,True,-8.131516293641283e-20,0.006124594892761903,0.0063855567088549866,2.9953594949495266e-13,116,INTERIOR
5.787499999999987e-09,-1.721276977774115,-0.0035183561510727635,-0.0036694466129209465,0.00015109046184818303,0.0006043618473927321,-0.0029139943036800313,469.0835320271759,489.22761194863386,True,3.31831585045817e-09,True,-8.131516293641283e-20,0.006056065442451494,0.00631613397599203,2.9627944342151913e-13,116,INTERIOR
5.7999999999999874e-09,-1.7118250389350909,-0.0034979304147384174,-0.0036492968140180155,0.0001513663992795981,0.0006054655971183924,-0.002892464817620025,469.0835320271759,489.3822449189872,True,3.31831585045817e-09,True,0.0,0.00598784486840183,0.006246957660742092,2.9303449639251256e-13,116,LEFT
5.7999999999999874e-09,-1.7118250389350915,-0.003485610821659207,-0.0036338973226690088,0.0001482865010098018,0.0005931460040392072,-0.00289246481762,471.0713834032597,491.1119245723007,True,3.31831585045817e-09,True,5.421010862427522e-20,0.005966755880499349,0.006220596425864,2.9303449639251276e-13,117,RIGHT
5.812499999999987e-09,-1.7025462471222874,-0.003465570676597258,-0.0036142001129897254,0.00014862943639246733,0.0005945177455698693,-0.0028710529310273887,471.0713834032597,491.274426639011,True,3.31831585045817e-09,True,-8.131516293641283e-20,0.005900294349577708,0.006153342838719604,2.898663723590185e-13,117,INTERIOR
5.824999999999986e-09,-1.6932470261082517,-0.003445519167213867,-0.0035944595357828204,0.00014894036856895324,0.000595761474275813,-0.0028497576929380542,471.0713834032597,491.43451071771386,True,3.31831585045817e-09,True,8.131516293641283e-20,0.005834115083283861,0.006086307919430708,2.8670854914244384e-13,117,INTERIOR
5.837499999999985e-09,-1.6839293513011424,-0.0034254596962682102,-0.0035746797844852705,0.00014922008821706005,0.0005968803528682402,-0.0028285793433999703,471.0713834032597,491.5922242890965,True,3.31831585045817e-09,True,1.6263032587282567e-19,0.005768232124245136,0.006019508210597589,2.835618060173486e-13,117,INTERIOR
5.8499999999999846e-09,-1.6745951491899083,-0.0034053955785637996,-0.0035548649486873514,0.00014946937012355168,0.0005978774804942067,-0.002807518098069593,471.0713834032597,491.7476136197241,True,3.31831585045817e-09,True,8.131516293641283e-20,0.0057026589169357,0.00595295959909707,2.804268913690371e-13,117,INTERIOR
5.849999999999986e-09,-1.674595149189907,-0.003405395578563797,-0.0035548649486873483,0.0001494693701235516,0.0005978774804942064,-0.0028075180980695904,471.0713834032597,491.7476136197241,True,3.31831585045817e-09,True,-2.710505431213761e-19,0.005702658916935691,0.005952959599097061,2.8042689136903666e-13,117,LEFT
5.849999999999986e-09,-1.6745951491899085,-0.003393469313655601,-0.0035399571175521016,0.00014648780389650033,0.0005859512155860013,-0.0028075180980696,473.0552076144639,493.47584858103744,True,3.31831585045817e-09,True,8.131516293641283e-20,0.005682687251572478,0.00592799501739304,2.8042689136903717e-13,118,RIGHT
5.862499999999986e-09,-1.6654296854617747,-0.003373780261076106,-0.0035205820772172673,0.00014680181614116147,0.0005872072645646459,-0.00278657299651146,473.0552076144639,493.63905073372115,True,3.31831585045817e-09,True,-8.131516293641283e-20,0.005618793799021123,0.005863281901502315,2.7736560372173063e-13,118,INTERIOR
5.8749999999999864e-09,-1.656245566514386,-0.0033540827018296556,-0.0035011676012754365,0.00014708489944578073,0.0005883395977831229,-0.002765743104046533,473.0552076144639,493.79985938059974,True,3.31831585045817e-09,True,1.6263032587282567e-19,0.00555518460462796,0.005798793317236249,2.7431493765985593e-13,118,INTERIOR
5.8874999999999865e-09,-1.6470447014675513,-0.0033343799081598036,-0.0034817177254496674,0.00014733781728986365,0.0005893512691594546,-0.002745028639000349,473.0552076144639,493.95832113699714,True,3.31831585045817e-09,True,1.6263032587282567e-19,0.005491872760414465,0.005734544731707529,2.7127562486323356e-13,118,INTERIOR
5.899999999999986e-09,-1.637828952201888,-0.0033146750677076897,-0.0034622363856032326,0.00014756131789554267,0.0005902452715821707,-0.0027244297961255192,473.0552076144639,494.11448143378703,True,3.31831585045817e-09,True,1.6263032587282567e-19,0.005428870793033408,0.005670550991707795,2.682483676670734e-13,118,LEFT
5.899999999999986e-09,-1.6378289522018892,-0.003303131607493584,-0.0034478070603356052,0.00014467545284202102,0.0005787018113680841,-0.0027244297961255,475.03497833271007,495.8412642373259,True,3.31831585045817e-09,True,1.6263032587282567e-19,0.005409964579686158,0.00564691822502374,2.682483676670738e-13,119,RIGHT
5.912499999999986e-09,-1.6287776402241183,-0.0032837915822149363,-0.003428753069807288,0.00014496148759235187,0.0005798459503694075,-0.0027039456318455287,475.03497833271007,496.0051816459979,True,3.31831585045817e-09,True,-8.131516293641283e-20,0.005348566304267868,0.005584676333951917,2.6529166012940475e-13,119,INTERIOR
5.924999999999986e-09,-1.619709388822558,-0.003264445781460996,-0.003409663419960053,0.00014521763849905701,0.0005808705539962281,-0.002683575227464768,475.03497833271007,496.166730052922,True,3.31831585045817e-09,True,0.0,0.0052874534815345675,0.0055226638540341304,2.6234585042399445e-13,119,INTERIOR
5.937499999999986e-09,-1.6106260426240573,-0.0032450973512068364,-0.003390541993932897,0.0001454446427260607,0.0005817785709042429,-0.0026633187803025934,475.03497833271007,496.32595522136586,True,3.31831585045817e-09,True,-1.8973538018496328e-19,0.0052266383047040775,0.0054608952340388225,2.5941162491788317e-13,119,INTERIOR
5.9499999999999855e-09,-1.6015294006419147,-0.0032257493560550747,-0.003371392578843359,0.00014564322278828426,0.000582572891153137,-0.002643176464901938,475.03497833271007,496.48290175914434,True,3.31831585045817e-09,True,8.131516293641283e-20,0.005166132432823926,0.005399384336123604,2.5648964211204506e-13,119,LEFT
5.9499999999999855e-09,-1.6015294006419167,-0.003214578389264905,-0.0033574288703556564,0.00014285048109075128,0.0005714019243630051,-0.0026431764649019,477.0106717025593,498.2082272406949,True,3.31831585045817e-09,True,8.131516293641283e-20,0.005148241801075881,0.005377021046438562,2.564896421120457e-13,120,RIGHT
5.9624999999999856e-09,-1.5925929999886865,-0.003195585228382574,-0.0033386946969223156,0.0001431094685397415,0.000572437874158966,-0.002623147354223608,477.0106717025593,498.3728757548325,True,3.31831585045817e-09,True,0.0,0.005089266665589336,0.0053171818034178295,2.5363524636129645e-13,120,INTERIOR
5.974999999999986e-09,-1.5836413184660274,-0.003176588900124527,-0.003319928488839992,0.00014333958871546497,0.0005733583548618599,-0.0026032305452626673,477.0106717025593,498.53517979740667,True,3.31831585045817e-09,True,0.0,0.005030577434017754,0.0052575759292794915,2.5079198255528173e-13,120,INTERIOR
5.987499999999986e-09,-1.5746761379638594,-0.003157592428322114,-0.0033011339816433937,0.0001435415533212794,0.0005741662132851176,-0.0025834262150369967,477.0106717025593,498.6951842928674,True,3.31831585045817e-09,True,8.131516293641283e-20,0.004972185450294191,0.005198216909115477,2.4796049394727755e-13,120,INTERIOR
5.999999999999985e-09,-1.5656991963315177,-0.0031385987585454012,-0.0032823148185410233,0.00014371605999562208,0.0005748642399824883,-0.002563734518562913,477.0106717025593,498.8529330385476,True,3.31831585045817e-09,True,0.0,0.004914101553861633,0.005139117673496711,2.4514139733931606e-13,120,LEFT
5.999999999999985e-09,-1.5656991963315217,-0.0031277901845497475,-0.0032688041010464595,0.00014101391649671194,0.0005640556659868477,-0.0025637345185629,478.9822662760017,500.57679829854305,True,3.31831585045817e-09,True,8.131516293641283e-20,0.004897178578243161,0.005117963953973624,2.4514139733931727e-13,121,RIGHT
6.012499999999985e-09,-1.5568784028252396,-0.003109141630201199,-0.003250388401494862,0.00014124677129366306,0.0005649870851746522,-0.0025441545450265468,478.9822662760017,500.74219447008295,True,3.31831585045817e-09,True,-1.8973538018496328e-19,0.0048405554553851045,0.005060459503081005,2.423870361183669e-13,121,INTERIOR
6.024999999999985e-09,-1.5480439307143572,-0.0030904923968060596,-0.003231944144300188,0.00014145174749412848,0.0005658069899765139,-0.0025246854068295458,478.9822662760017,500.9052707310391,True,3.31831585045817e-09,True,8.131516293641283e-20,0.004784217997794487,0.005003191516991713,2.3964400114215575e-13,121,INTERIOR
6.037499999999985e-09,-1.5391975008692114,-0.0030718453900575845,-0.0032134749222266336,0.00014162953216904908,0.0005665181286761963,-0.0025053272613813882,478.9822662760017,501.0660711802158,True,3.31831585045817e-09,True,8.131516293641283e-20,0.004728176747433242,0.0049461725693971175,2.369128946682026e-13,121,INTERIOR
6.049999999999985e-09,-1.5303407916414924,-0.0030532034403844615,-0.003194984239269667,0.00014178079888520562,0.0005671231955408225,-0.002486080244843639,478.9822662760017,501.2246388169898,True,3.31831585045817e-09,True,-2.710505431213761e-20,0.004672441770000485,0.004889414710006034,2.3419429385619097e-13,121,LEFT
6.049999999999985e-09,-1.530340791641497,-0.003042747367503293,-0.0031819141481681914,0.00013916678066489831,0.0005566671226595933,-0.0024860802448437,480.9497429471832,502.9470431839395,True,3.31831585045817e-09,True,-1.0842021724855044e-19,0.004656440415150071,0.00486941301644299,2.3419429385619243e-13,122,RIGHT
6.062499999999985e-09,-1.5216362377458756,-0.0030244410696577493,-0.0031638154714909122,0.00013937440183316277,0.0005574976073326511,-0.0024669434623250984,480.9497429471832,503.1132042913524,True,3.31831585045817e-09,True,1.6263032587282567e-19,0.004602099130518129,0.004814176270961625,2.315376840021423e-13,122,INTERIOR
6.074999999999985e-09,-1.512919552178014,-0.0030061364645966927,-0.0031456915704062647,0.00013955510580957204,0.0005582204232382882,-0.0024479160413584046,480.9497429471832,503.2770700850367,True,3.31831585045817e-09,True,-2.710505431213761e-20,0.004548042633803627,0.0047591782819891995,2.2889255713625224e-13,122,INTERIOR
6.087499999999985e-09,-1.5041923964679926,-0.0029878363437649534,-0.0031275458995997,0.00013970955583474692,0.0005588382233389877,-0.0024289981204259656,480.9497429471832,503.43868385126126,True,3.31831585045817e-09,True,-1.8973538018496328e-19,0.00449428071018197,0.004704430761782517,2.262594765592123e-13,122,INTERIOR
6.099999999999984e-09,-1.495456391099754,-0.0029695434262292353,-0.0031093818284127486,0.00013983840218351326,0.000559353608734053,-0.0024101898174951823,480.9497429471832,503.5980878039234,True,3.31831585045817e-09,True,0.0,0.004440822695402771,0.004649944927669284,2.2363898176811005e-13,122,LEFT
6.099999999999984e-09,-1.4954563910997554,-0.002959430169923542,-0.003096740258030628,0.00013731008810708556,0.0005492403524283423,-0.0024101898174952,482.9130848871358,505.31903279826025,True,3.31831585045817e-09,True,1.6263032587282567e-19,0.004425698761625596,0.004631040010447808,2.2363898176811048e-13,123,RIGHT
6.1124999999999844e-09,-1.4868686463653107,-0.002941463689194349,-0.00307895704816699,0.0001374933589726414,0.0005499734358905655,-0.0023914902533037834,482.9130848871358,505.48597687179205,True,3.31831585045817e-09,True,-2.710505431213761e-20,0.004373570133885114,0.0045780046984249855,2.2107783715442113e-13,123,INTERIOR
6.1249999999999845e-09,-1.4782702625203923,-0.00292350115980572,-0.0030611518071950498,0.00013765064738932957,0.0005506025895573183,-0.002372898570248402,482.9130848871358,505.6506502698395,True,3.31831585045817e-09,True,8.131516293641283e-20,0.004321724826984673,0.004525209685636999,2.1852829690521095e-13,123,INTERIOR
6.137499999999985e-09,-1.4696628433967858,-0.002905545262730866,-0.0030433278562751486,0.00013778259354428257,0.0005511303741771303,-0.002354414888553736,482.9130848871358,505.8130954791866,True,3.31831585045817e-09,True,8.131516293641283e-20,0.004270171912443105,0.004472665870641979,2.1599088732611252e-13,123,INTERIOR
6.149999999999984e-09,-1.461047953204773,-0.0028875986093450626,-0.0030254884345207638,0.0001378898251757012,0.0005515593007028047,-0.002336039308642258,482.9130848871358,505.9733539406829,True,3.31831585045817e-09,True,0.0,0.0042189200378605525,0.004420383684701275,2.134661121563857e-13,123,LEFT
6.149999999999984e-09,-1.4610479532047738,-0.0028778186902988405,-0.003013263535713001,0.00013544484541416015,0.0005417793816566406,-0.0023360393086422,484.8722774787302,507.6928432392155,True,3.31831585045817e-09,True,1.6263032587282567e-19,0.004204631107155563,0.00440252252132006,2.134661121563859e-13,124,RIGHT
6.162499999999984e-09,-1.4525775247657153,-0.0028601895007760755,-0.0029957941343211466,0.0001356046335450712,0.0005424185341802848,-0.0023177709665957906,484.8722774787302,507.8605890873934,True,3.31831585045817e-09,True,-8.131516293641283e-20,0.0041546469853981985,0.00435162322833986,2.1099814654544923e-13,124,INTERIOR
6.174999999999984e-09,-1.4440978963733535,-0.0028425664110485246,-0.0029783057589567005,0.00013573934790817607,0.0005429573916327043,-0.0022996090194158203,484.8722774787302,508.0260889456847,True,3.31831585045817e-09,True,-1.0842021724855044e-19,0.004104944174496728,0.004300965081266015,2.085418734309945e-13,124,INTERIOR
6.187499999999984e-09,-1.435610615766431,-0.002824951995284726,-0.0029608016016741782,0.00013584960638945225,0.000543398425557809,-0.002281553569726917,484.8722774787302,508.1893845143858,True,3.31831585045817e-09,True,-1.8973538018496328e-19,0.004055531073461314,0.004250558210541702,2.0609778401012713e-13,124,INTERIOR
6.1999999999999836e-09,-1.4271171924404467,-0.0028073487607331096,-0.002943284775655275,0.00013593601492216539,0.0005437440596886615,-0.002263604701044448,484.8722774787302,508.35051647368886,True,3.31831585045817e-09,True,-1.8973538018496328e-19,0.004006415681618603,0.004200412305585865,2.036663480959103e-13,124,LEFT
6.1999999999999836e-09,-1.4271171924404504,-0.002797892902833394,-0.0029314649532806176,0.00013357205044722353,0.0005342882017888941,-0.0022636047010445,486.8273082519224,510.06855587475314,True,3.31831585045817e-09,True,-1.0842021724855044e-19,0.003992921064240655,0.004183544033863411,2.0366634809591136e-13,125,RIGHT
6.212499999999984e-09,-1.4187645255617864,-0.002780598394934216,-0.0029143076025382026,0.00013370920760398633,0.0005348368304159453,-0.002245761564518271,486.8273082519224,510.2371231122544,True,3.31831585045817e-09,True,2.710505431213761e-19,0.003945014362566708,0.00413471624305622,2.012892778992561e-13,125,INTERIOR
6.224999999999984e-09,-1.410404045451833,-0.0027633120283074523,-0.0028971342025085824,0.0001338221742011302,0.0005352886968045209,-0.0022280233315029314,486.8273082519224,510.4034690992588,True,3.31831585045817e-09,True,-1.0842021724855044e-19,0.0038973864635705405,0.004086129799434975,1.9892395714268963e-13,125,INTERIOR
6.237499999999984e-09,-1.4020372453254717,-0.002746036273877003,-0.0028799478204290636,0.00013391154655206076,0.000535646186208243,-0.00221039008766876,486.8273082519224,510.56763476252246,True,3.31831585045817e-09,True,-1.8973538018496328e-19,0.0038500451329903356,0.0040377941088354605,1.965708437279837e-13,125,INTERIOR
6.249999999999983e-09,-1.3936655814876857,-0.002728773538225852,-0.0028627514477197213,0.00013397790949386953,0.0005359116379754781,-0.0021928619002503738,486.8273082519224,510.72966003393446,True,3.31831585045817e-09,True,-2.710505431213761e-20,0.0038029977598997415,0.00398971816104102,1.9423037530234094e-13,125,LEFT
6.249999999999983e-09,-1.3936655814876868,-0.002719632666448394,-0.0028513253579979174,0.00013169269154952347,0.0005267707661980939,-0.0021928619002503,488.77816681932825,512.4462574233211,True,3.31831585045817e-09,True,0.0,0.003790258441518709,0.003973794013064754,1.9423037530234121e-13,126,RIGHT
6.262499999999983e-09,-1.3854310601612465,-0.0027026701497824953,-0.0028344782034287483,0.0001318080536462531,0.0005272322145850124,-0.002175437935197483,488.77816681932825,512.61566650031,True,3.31831585045817e-09,True,-1.0842021724855044e-19,0.0037443631708793173,0.003926974142380236,1.9194192224595157e-13,126,INTERIOR
6.274999999999983e-09,-1.3771900608625722,-0.0026857177119630465,-0.002817617795460238,0.0001319000834971919,0.0005276003339887676,-0.002158117377974279,488.77816681932825,512.7828791269189,True,3.31831585045817e-09,True,-1.8973538018496328e-19,0.003698743739198076,0.003880395223217352,1.8966524637386557e-13,126,INTERIOR
6.2874999999999835e-09,-1.368944023816433,-0.0026687777241252908,-0.0028007470806740205,0.0001319693565487297,0.0005278774261949188,-0.002140900297930372,488.77816681932825,512.9479354692655,True,3.31831585045817e-09,True,8.131516293641283e-20,0.003653407316335738,0.0038340659783100218,1.8740077403427265e-13,126,INTERIOR
6.299999999999983e-09,-1.3606943536275447,-0.0026518524955477132,-0.002783868932776024,0.00013201643722831076,0.000528065748913243,-0.0021237867466344703,488.77816681932825,513.110874723259,True,3.31831585045817e-09,True,8.131516293641283e-20,0.0036083607173448867,0.0037879947380674746,1.8514891239938815e-13,126,LEFT
6.299999999999983e-09,-1.360694353627549,-0.002643017733755113,-0.0027728254805352666,0.00012980774678015335,0.0005192309871206134,-0.0021237867466345,490.72484481240434,514.8260400411007,True,3.31831585045817e-09,True,0.0,0.0035963393068580633,0.003772967974958933,1.851489123993894e-13,127,RIGHT
6.312499999999983e-09,-1.352578301215562,-0.0026263844400026388,-0.0027562865738591847,0.00012990213385654604,0.0005196085354261841,-0.0021067759045764545,490.72484481240434,514.996312274148,True,3.31831585045817e-09,True,-8.131516293641283e-20,0.0035523906041977546,0.003728093411733718,1.829468060919176e-13,127,INTERIOR
6.324999999999982e-09,-1.3444570556017186,-0.002609763061791996,-0.0027397370844667165,0.0001299740226747204,0.0005198960906988816,-0.0020898669710931145,490.72484481240434,515.1644129251127,True,3.31831585045817e-09,True,-8.131516293641283e-20,0.003508714361874993,0.0036834588537049584,1.8075647743572426e-13,127,INTERIOR
6.3374999999999815e-09,-1.336332005519618,-0.0025931558738244848,-0.0027231798423217692,0.00013002396849728465,0.0005200958739891386,-0.002073059999835346,490.72484481240434,515.3303814123386,True,3.31831585045817e-09,True,-1.6263032587282567e-19,0.003465317189492851,0.003639072380080447,1.7857832289760842e-13,127,INTERIOR
6.349999999999981e-09,-1.3282045053305227,-0.0025765650913372384,-0.002706617607344239,0.00013005251600700055,0.0005202100640280022,-0.002056355027309236,490.72484481240434,515.4942562080525,True,3.31831585045817e-09,True,-1.0842021724855044e-19,0.0034222053625914696,0.0035949417002815376,1.7641272079802983e-13,127,INTERIOR
6.349999999999982e-09,-1.3282045053305223,-0.0025765650913372375,-0.002706617607344238,0.0001300525160070006,0.0005202100640280024,-0.002056355027309235,490.72484481240434,515.4942562080525,True,3.31831585045817e-09,True,-1.6263032587282567e-19,0.0034222053625914675,0.0035949417002815354,1.7641272079802976e-13,127,LEFT
6.349999999999982e-09,-1.3282045053305254,-0.0025680277599969357,-0.0026959459431688446,0.00012791818317190893,0.0005116727326876357,-0.0020563550273093,492.6673358180688,517.2080014166631,True,3.31831585045817e-09,True,0.0,0.003410866040641787,0.003580767547844412,1.7641272079803057e-13,128,RIGHT
6.362499999999982e-09,-1.3202071852552535,-0.002551720845796082,-0.0026797132451719446,0.00012799239937586273,0.0005119695975034509,-0.002039751248292631,492.6673358180688,517.3791590213613,True,3.31831585045817e-09,True,-1.0842021724855044e-19,0.0033688001953856,0.003537776680699674,1.7429470119995995e-13,128,INTERIOR
6.374999999999982e-09,-1.3122059072355137,-0.0025354275859284436,-0.002663472513469175,0.0001280449275407313,0.0005121797101629252,-0.0020232478757655184,492.6673358180688,517.5481699884556,True,3.31831585045817e-09,True,-1.0842021724855044e-19,0.0033270030556231817,0.0034950243659336725,1.7218843429837778e-13,128,INTERIOR
6.387499999999982e-09,-1.3042020099784966,-0.002519150161917545,-0.0026472264653244833,0.0001280763034069386,0.0005123052136277544,-0.0020068449482897903,492.6673358180688,517.7150730013469,True,3.31831585045817e-09,True,-1.6263032587282567e-19,0.003285480704610517,0.003452518076944462,1.7009428828319503e-13,128,INTERIOR
6.399999999999982e-09,-1.2961967990259733,-0.0025028906981271167,-0.0026309777506837396,0.0001280870525566232,0.0005123482102264928,-0.0019905424879006236,492.6673358180688,517.8799058208582,True,3.31831585045817e-09,True,-2.710505431213761e-19,0.0032442389112242523,0.0034102649387448185,1.6801261418051794e-13,128,LEFT
6.399999999999982e-09,-1.296196799025974,-0.0024946423119552676,-0.0026206672679689345,0.00012602495601366694,0.0005040998240546678,-0.0019905424879006,494.60563531613474,519.592244873788,True,3.31831585045817e-09,True,-8.131516293641283e-20,0.003233547379471173,0.0033969005240534773,1.680126141805181e-13,129,RIGHT
6.412499999999982e-09,-1.2883184155038645,-0.002478658861796822,-0.0026047386513912566,0.0001260797895944344,0.0005043191583777376,-0.0019743397034190846,494.60563531613474,519.7643109991911,True,3.31831585045817e-09,True,0.0,0.003193301857404694,0.0033557327721620567,1.659764339726388e-13,129,INTERIOR
6.424999999999982e-09,-1.2804372607581287,-0.002462690709783739,-0.0025888044319182044,0.00012611372213446544,0.0005044548885378618,-0.0019582358212458773,494.60563531613474,519.9342555162236,True,3.31831585045817e-09,True,-1.8973538018496328e-19,0.0031533209465299827,0.003314801655443849,1.63951957873778e-13,129,INTERIOR
6.437499999999982e-09,-1.2725546249007387,-0.0024467399474220382,-0.0025728672179146646,0.00012612727049262645,0.0005045090819705058,-0.0019422308654515324,494.60563531613474,520.1021163861496,True,3.31831585045817e-09,True,-1.3552527156068805e-19,0.003113610236021305,0.003274114077412803,1.6193952733562596e-13,129,INTERIOR
6.4499999999999825e-09,-1.2646717660456535,-0.0024308086112773105,-0.002556929553051532,0.0001261209417742215,0.000504483767096886,-0.0019263248441804244,494.60563531613474,520.2679306706544,True,3.31831585045817e-09,True,0.0,0.0030741750193430586,0.0032336766135120042,1.5993946758330322e-13,129,LEFT
6.4499999999999825e-09,-1.2646717660456552,-0.0024228408768161135,-0.0025469698849750417,0.00012412900815892834,0.0004965160326357134,-0.0019263248441804,496.5397406173289,521.978879482823,True,3.31831585045817e-09,True,-2.168404344971009e-19,0.0030640984505306383,0.0032210809024964854,1.5993946758330364e-13,130,RIGHT
6.462499999999983e-09,-1.2569124648643886,-0.002407177905942122,-0.0025313431374127623,0.00012416523147064032,0.0004966609258825613,-0.0019105169800595608,496.5397406173289,522.151878247843,True,3.31831585045817e-09,True,-5.421010862427522e-20,0.00302561191512481,0.0031816767422630297,1.5798289443314729e-13,130,INTERIOR
6.474999999999982e-09,-1.249151531620327,-0.002391531784921232,-0.0025157131029780308,0.00012418131805679887,0.0004967252722271955,-0.0018948065126940365,496.5397406173289,522.3227805276564,True,3.31831585045817e-09,True,2.710505431213761e-20,0.002987385592053051,0.0031425068757023325,1.560379548949409e-13,130,INTERIOR
6.487499999999981e-09,-1.241390209228452,-0.0023759045183089126,-0.0025000822848239273,0.00012417776651501485,0.0004967110660600594,-0.001879193452248853,496.5397406173289,522.4916235741792,True,3.31831585045817e-09,True,-1.3552527156068805e-19,0.002949424607090325,0.0031035776706459213,1.5410496515682596e-13,130,INTERIOR
6.4999999999999804e-09,-1.2336297097348765,-0.0023602980578576655,-0.002484453123935562,0.0001241550660778965,0.000496620264311586,-0.0018636777935460795,496.5397406173289,522.6584437622195,True,3.31831585045817e-09,True,5.421010862427522e-20,0.0029117338080027447,0.003064895186130535,1.5218422607405556e-13,130,INTERIOR
6.499999999999981e-09,-1.233629709734876,-0.0023602980578576647,-0.002484453123935561,0.00012415506607789655,0.0004966202643115862,-0.0018636777935460785,496.5397406173289,522.6584437622195,True,3.31831585045817e-09,True,0.0,0.0029117338080027425,0.0030648951861305326,1.5218422607405546e-13,130,LEFT
6.499999999999981e-09,-1.2336297097348776,-0.0023526028709914618,-0.0024748341403528023,0.00012223126936134049,0.0004889250774453619,-0.0018636777935461,498.4696508021408,524.368020181403,True,3.31831585045817e-09,True,2.710505431213761e-20,0.0029022407968626366,0.003053028922205393,1.5218422607405584e-13,131,RIGHT
6.512499999999981e-09,-1.2259895790716264,-0.0023372573282952162,-0.0024595069671719343,0.00012224963887671786,0.0004889985555068714,-0.001848258772788345,498.4696508021408,524.5419767133031,True,3.31831585045817e-09,True,2.168404344971009e-19,0.0028654531280987265,0.003015329911406852,1.5030504479922237e-13,131,INTERIOR
6.5249999999999815e-09,-1.2183489089223927,-0.0023219300978802883,-0.0024441787117065548,0.00012224861382626668,0.0004889944553050667,-0.0018329356425752215,498.4696508021408,524.7138619869025,True,3.31831585045817e-09,True,-2.439454888092385e-19,0.002828921001346514,0.0029778624666190203,1.4843740638723846e-13,131,INTERIOR
6.537499999999982e-09,-1.2107088963710335,-0.002306623100327753,-0.0024288517754747,0.00012222867514694727,0.0004889147005877891,-0.001817708399739964,498.4696508021408,524.8837125575485,True,3.31831585045817e-09,True,2.710505431213761e-20,0.0027926491081417455,0.0029406324525337994,1.4658160317519658e-13,131,INTERIOR
6.549999999999981e-09,-1.2030707087246317,-0.002291338205474262,-0.002413528500258024,0.00012219029478376187,0.0004887611791350475,-0.0018025770263392147,498.4696508021408,525.0515641254364,True,3.31831585045817e-09,True,8.131516293641283e-20,0.0027566418787877463,0.0029036454433325185,1.4473791301911877e-13,131,LEFT
6.549999999999981e-09,-1.2030707087246328,-0.002283907648890258,-0.0024042403045280224,0.00012033265563776448,0.00048133062255105793,-0.0018025770263392,500.39536666065845,526.7597879052598,True,3.31831585045817e-09,True,-1.3552527156068805e-20,0.0027477023938120124,0.002892471087112855,1.4473791301911902e-13,132,RIGHT
6.562499999999981e-09,-1.195549780003817,-0.0022688764198148304,-0.0023892103317866556,0.00012033391197182508,0.00048133564788730034,-0.0017875407719275301,500.39536666065845,526.9347283803978,True,3.31831585045817e-09,True,4.0657581468206416e-20,0.0027125547045654687,0.002856419886550383,1.4293392764671754e-13,132,INTERIOR
6.574999999999981e-09,-1.1880293587646342,-0.0022538648789443786,-0.002374181373206624,0.00012031649426224554,0.0004812659770489822,-0.0017725989018953963,500.39536666065845,527.1076229383636,True,3.31831585045817e-09,True,-1.7618285302889447e-19,0.00267765764687442,0.002820597174401604,1.4114137572867082e-13,132,INTERIOR
6.587499999999981e-09,-1.1805105975939119,-0.00223887486577339,-0.0023591557321402446,0.00012028086636685474,0.00048112346546741897,-0.001757751400305971,500.39536666065845,527.2785074507145,True,3.31831585045817e-09,True,-2.303929616531697e-19,0.002643015505732134,0.002785008343165983,1.3936052710315348e-13,132,INTERIOR
6.5999999999999805e-09,-1.1729946203579187,-0.002223908171034429,-0.0023441356545441023,0.0001202274835096734,0.0004809099340386936,-0.0017429982369957353,500.39536666065845,527.4474169553106,True,3.31831585045817e-09,True,-4.0657581468206416e-20,0.002608632320793403,0.0027496585121694205,1.3759163793886178e-13,132,LEFT
6.5999999999999805e-09,-1.1729946203579205,-0.002216734511635031,-0.0023351685802948637,0.00011843406865983277,0.00047373627463933107,-0.0017429982369957,502.31689063314025,529.1543097295565,True,3.31831585045817e-09,True,-1.3552527156068805e-20,0.002600217656909633,0.0027391401823147177,1.3759163793886219e-13,133,RIGHT
6.612499999999981e-09,-1.1655928691466864,-0.0022020144210675705,-0.0023204333576709447,0.00011841893660337437,0.0004736757464134975,-0.001728338674654073,502.31689063314025,529.3302614165392,True,3.31831585045817e-09,True,-1.7618285302889447e-19,0.002566652306954529,0.0027046805750313555,1.3586067366056043e-13,133,INTERIOR
6.624999999999981e-09,-1.1581926277485362,-0.002187315310849255,-0.0023057011407454447,0.00011838582989618947,0.0004735433195847579,-0.0017137719912644974,502.31689063314025,529.5041926528883,True,3.31831585045817e-09,True,-1.3552527156068805e-20,0.002533332467587105,0.002670446063002764,1.341410162971059e-13,133,INTERIOR
6.637499999999981e-09,-1.1507950055561769,-0.0021726389421898324,-0.002290974138069833,0.00011833519588000036,0.0004733407835200014,-0.001699298158669831,502.31689063314025,529.6761386391587,True,3.31831585045817e-09,True,2.710505431213761e-20,0.0025002620435489145,0.0026364415959491305,1.3243291448130412e-13,133,INTERIOR
6.649999999999981e-09,-1.1434010842632327,-0.0021579870294463573,-0.0022762545030529323,0.00011826747360657492,0.0004730698944262997,-0.0016849171350200578,502.31689063314025,529.8461337631757,True,3.31831585045817e-09,True,6.776263578034403e-20,0.002467444709294958,0.002602671866849789,1.3073660394943362e-13,133,LEFT
6.649999999999981e-09,-1.143401084263237,-0.002151062715717632,-0.0022675991108920147,0.00011653639517438293,0.00046614558069753173,-0.0016849171350201,504.23422675159395,531.5517190217201,True,3.31831585045817e-09,True,-1.4907779871675686e-19,0.0024595274414697635,0.0025927752820682818,1.307366039494346e-13,134,RIGHT
6.662499999999981e-09,-1.136118431202861,-0.0021366505308766793,-0.0022531561146136923,0.00011650558373701306,0.0004660223349480522,-0.001670628195928627,504.23422675159395,531.7287103271424,True,3.31831585045817e-09,True,-8.131516293641283e-20,0.0024274880491683727,0.0025598521901900417,1.29076508971885e-13,134,INTERIOR
6.674999999999981e-09,-1.1288382466214988,-0.0021222605374247943,-0.0022387180138360775,0.00011645747641128314,0.0004658299056451326,-0.0016564306317796618,504.23422675159395,531.9037067858126,True,3.31831585045817e-09,True,4.0657581468206416e-20,0.0023956888639406044,0.002527150517418682,1.2742757870354997e-13,134,INTERIOR
6.687499999999981e-09,-1.1215615979900402,-0.0021078944210052,-0.0022242869255731158,0.00011639250456791584,0.0004655700182716634,-0.0016423244027335365,504.23422675159395,532.0767429400931,True,3.31831585045817e-09,True,1.3552527156068805e-19,0.0023641334352168825,0.0024946747986341372,1.2579004180859724e-13,134,INTERIOR
6.6999999999999806e-09,-1.1142895260681291,-0.0020935538222470584,-0.002209864913864867,0.0001163110916178089,0.0004652443664712356,-0.0016283094557758228,504.23422675159395,532.2478525401067,True,3.31831585045817e-09,True,-5.421010862427522e-20,0.0023328250963897948,0.00246242932754507,1.241641147905136e-13,134,LEFT
6.6999999999999806e-09,-1.114289526068131,-0.002086871481588472,-0.00220151198804164,0.00011464050645316802,0.0004585620258126721,-0.0016283094557758,506.1473805824467,533.952155606613,True,3.31831585045817e-09,True,6.776263578034403e-20,0.0023253790341843166,0.0024531217497882275,1.2416411479051398e-13,135,RIGHT
6.71249999999998e-09,-1.1071258378395266,-0.002072763914901608,-0.00218735862381725,0.00011459470891564188,0.0004583788356625675,-0.0016143850792390405,506.1473805824467,534.1302161235669,True,3.31831585045817e-09,True,0.0,0.0022948104859289798,0.002421681249049187,1.2257276208118736e-13,135,INTERIOR
6.724999999999979e-09,-1.099965534058016,-0.002058679672164981,-0.0021732119462758766,0.00011453227411089549,0.00045812909644358195,-0.0016005505757213992,506.1473805824467,534.3063075477171,True,3.31831585045817e-09,True,4.0657581468206416e-20,0.0022644766850473345,0.002390458239106605,1.209924176115536e-13,135,INTERIOR
6.7374999999999784e-09,-1.0928096415149362,-0.00204462036609214,-0.002159073984058538,0.00011445361796639794,0.00045781447186559176,-0.0015868058942265482,506.1473805824467,534.4804637760755,True,3.31831585045817e-09,True,-2.303929616531697e-19,0.0022343808493032894,0.0023594568665232358,1.1942329125880035e-13,135,INTERIOR
6.749999999999978e-09,-1.0856591612456443,-0.002030587566153175,-0.0021449467149199253,0.00011435914876675021,0.00045743659506700086,-0.0015731509710861743,506.1473805824467,534.6527179334402,True,3.31831585045817e-09,True,8.131516293641283e-20,0.0022045259939056905,0.0023286810514365664,1.1786558143965959e-13,135,INTERIOR
6.749999999999979e-09,-1.0856591612456434,-0.0020305875661531733,-0.0021449467149199236,0.00011435914876675021,0.00045743659506700086,-0.0015731509710861726,506.1473805824467,534.6527179334402,True,3.31831585045817e-09,True,8.131516293641283e-20,0.0022045259939056866,0.0023286810514365625,1.178655814396594e-13,135,LEFT
6.749999999999979e-09,-1.0856591612456454,-0.0020241400021749666,-0.002136887259947158,0.0001127472577721916,0.0004509890310887664,-0.0015731509710862,508.0563591700631,536.3557659445935,True,3.31831585045817e-09,True,-1.3552527156068805e-19,0.002197526137005033,0.002319931230310737,1.1786558143965984e-13,136,RIGHT
6.7624999999999795e-09,-1.0786142515671275,-0.002010333714144123,-0.0021230208658919274,0.00011268715174780424,0.00045074860699121695,-0.0015595851071529062,508.0563591700631,536.5349265041477,True,3.31831585045817e-09,True,-4.0657581468206416e-20,0.002168374594481727,0.0022899205623254162,1.1634087036837148e-13,136,INTERIOR
6.77499999999998e-09,-1.071573600570059,-0.001996551806721788,-0.0021091628541379365,0.00011261104741614876,0.00045044418966459505,-0.0015461076170571928,508.0563591700631,536.712143888475,True,3.31831585045817e-09,True,-1.8973538018496328e-19,0.0021394522082535225,0.0022601232337972105,1.14826998143868e-13,136,INTERIOR
6.78749999999998e-09,-1.0645381955790152,-0.0019827958222495305,-0.0020953151680218993,0.00011251934577236868,0.0004500773830894747,-0.001532718439160056,508.0563591700631,536.8874513621229,True,3.31831585045817e-09,True,1.2197274440461925e-19,0.0021107618868191247,0.0022305430281353736,1.1332415698466256e-13,136,INTERIOR
6.799999999999979e-09,-1.0575089990863225,-0.0019690672615305187,-0.0020814797020035714,0.00011241244047305262,0.0004496497618922105,-0.0015194174996383083,508.0563591700631,537.0608814370012,True,3.31831585045817e-09,True,4.0657581468206416e-20,0.002082306348874785,0.0022011835162842933,1.1183252831485555e-13,136,LEFT
6.799999999999979e-09,-1.0575089990863238,-0.001962847451322006,-0.0020737049392429326,0.00011085748792092651,0.00044342995168370603,-0.0015194174996383,509.96117098144094,538.762703323723,True,3.31831585045817e-09,True,4.0657581468206416e-20,0.002075728843606676,0.0021929616346991593,1.1183252831485585e-13,137,RIGHT
6.812499999999979e-09,-1.050582629741777,-0.0019493390533738642,-0.002060122788799563,0.0001107837354256991,0.0004431349417027964,-0.0015062041116710677,509.96117098144094,538.9429960495875,True,3.31831585045817e-09,True,-9.486769009248164e-20,0.0020479417489518603,0.0021643292170480085,1.1037238619151478e-13,137,INTERIOR
6.824999999999979e-09,-1.0436613525393394,-0.0019358560193159502,-0.0020465506237088028,0.00011069460439285264,0.00044277841757141056,-0.0014930776017445396,509.96117098144094,539.1213716958791,True,3.31831585045817e-09,True,-9.486769009248164e-20,0.0020203781114407062,0.0021359057919801577,1.0892290187842434e-13,137,INTERIOR
6.837499999999979e-09,-1.0367461165206973,-0.00192239982359855,-0.0020329903049783916,0.00011059048137984154,0.00044236192551936617,-0.001480037898079184,509.96117098144094,539.2978629076271,True,3.31831585045817e-09,True,8.131516293641283e-20,0.00199304055151587,0.0021076948036105755,1.0748425101207472e-13,137,INTERIOR
6.8499999999999794e-09,-1.029837846788483,-0.0019089719007754325,-0.002019443646673174,0.00011047174589774127,0.0004418869835909651,-0.0014670849171844675,509.96117098144094,539.4725015963611,True,3.31831585045817e-09,True,9.486769009248164e-20,0.0019659315118742892,0.0020796994968005833,1.060565990677939e-13,137,LEFT
6.8499999999999794e-09,-1.0298378467884854,-0.0019029729921494825,-0.002011945010890728,0.00010897201874124566,0.0004358880749649826,-0.0014670849171845,511.8618258520672,541.173128066964,True,3.31831585045817e-09,True,2.710505431213761e-20,0.0019597536087318647,0.0020719771178725433,1.0605659906779441e-13,138,RIGHT
6.8624999999999796e-09,-1.02302972868408,-0.001889759049468427,-0.001998644315741071,0.00010888526627264397,0.0004355410650905759,-0.001454217984377851,511.8618258520672,541.3545864335717,True,3.31831585045817e-09,True,-9.486769009248164e-20,0.0019332796876559697,0.002044672552068566,1.0465898257714222e-13,138,INTERIOR
6.874999999999979e-09,-1.0162274963641404,-0.0018765713830597626,-0.0019853551193673886,0.00010878373630762608,0.0004351349452305043,-0.0014414364378292582,511.8618258520672,541.5341540097315,True,3.31831585045817e-09,True,0.0,0.0019070234383554148,0.002017572462348451,1.0327183243665291e-13,138,INTERIOR
6.887499999999978e-09,-1.0094320617429664,-0.0018634114018882793,-0.0019720792033330915,0.00010866780144481213,0.00043467120577924854,-0.0014287401961090309,511.8618258520672,541.7118628339738,True,3.31831585045817e-09,True,8.131516293641283e-20,0.0018809872132834371,0.0019906799761409493,1.018953087274656e-13,138,INTERIOR
6.899999999999977e-09,-1.0026443136594367,-0.0018502804766032711,-0.0019588183041202418,0.00010853782751697056,0.00043415131006788226,-0.001416129166535389,511.8618258520672,541.8877442300437,True,3.31831585045817e-09,True,9.486769009248164e-20,0.0018551731985413423,0.0019639980341181816,1.0052956197136029e-13,138,INTERIOR
6.899999999999978e-09,-1.0026443136594363,-0.0018502804766032702,-0.001958818304120241,0.00010853782751697056,0.00043415131006788226,-0.001416129166535388,511.8618258520672,541.8877442300437,True,3.31831585045817e-09,True,9.486769009248164e-20,0.0018551731985413406,0.00196399803411818,1.0052956197136021e-13,138,LEFT
6.899999999999978e-09,-1.002644313659436,-0.0018444957853219143,-0.0019515874400185679,0.00010709165469665359,0.00042836661878661435,-0.0014161291665353,513.7583349326621,543.5872077552335,True,3.31831585045817e-09,True,-1.3552527156068805e-20,0.0018493732107218133,0.001956748049343793,1.0052956197136016e-13,139,RIGHT
6.912499999999978e-09,-0.995954107907009,-0.001831572819663057,-0.0019385653529836121,0.00010699253332055515,0.0004279701332822206,-0.0014036026863808364,513.7583349326621,543.7698666494889,True,3.31831585045817e-09,True,-1.3552527156068805e-19,0.001824162473674245,0.0019307221267502294,9.919245850568461e-14,139,INTERIOR
6.9249999999999785e-09,-0.9892705427133399,-0.0018186769741870194,-0.0019255561914007736,0.00010687921721375419,0.00042751686885501676,-0.0013911601053320027,513.7583349326621,543.9506612522882,True,3.31831585045817e-09,True,0.0,0.0017991635572742477,0.0019048960184920752,9.786562066803461e-14,139,INTERIOR
6.9374999999999786e-09,-0.9825944939930147,-0.0018058095947060203,-0.001912561660185625,0.0001067520654796048,0.0004270082619184192,-0.001378801332787601,513.7583349326621,544.1296230087745,True,3.31831585045817e-09,True,-9.486769009248164e-20,0.001774378564957893,0.0018792725567205342,9.654919396253886e-14,139,INTERIOR
6.949999999999978e-09,-0.9759268154202093,-0.0017929719902391506,-0.001899583420964106,0.00010661143072495543,0.0004264457228998217,-0.001366526267339329,513.7583349326621,544.3067826676076,True,3.31831585045817e-09,True,0.0,0.001749809444571729,0.0018538543986465269,9.524331490562313e-14,139,LEFT
6.949999999999978e-09,-0.9759268154202138,-0.0017873949972234738,-0.0018926121796944923,0.00010521718247101844,0.0004208687298840738,-0.0013665262673394,515.650710637268,546.0051174677177,True,3.31831585045817e-09,True,0.0,0.0017443667075383266,0.001847050977354755,9.5243314905624e-14,140,RIGHT
6.962499999999977e-09,-0.969354134445484,-0.0017747594897034062,-0.0018798657976200703,0.00010510630791666412,0.0004204252316666565,-0.0013543342580367497,515.650710637268,546.1890132546806,True,3.31831585045817e-09,True,4.0657581468206416e-20,0.0017203704489903542,0.0018222556831256726,9.396474379665535e-14,140,INTERIOR
6.9749999999999764e-09,-0.962788810880321,-0.0017621518801837015,-0.0018671336837497157,0.00010498180356601408,0.0004199272142640563,-0.0013422246659196453,515.650710637268,546.3710714765131,True,3.31831585045817e-09,True,8.131516293641283e-20,0.0016965801133125879,0.0017976554191319822,9.269622943563425e-14,140,INTERIOR
6.987499999999976e-09,-0.956231685739973,-0.0017495734535860588,-0.001854417469061978,0.00010484401547591924,0.00041937606190367696,-0.0013301973916823818,515.650710637268,546.5513229981901,True,3.31831585045817e-09,True,-9.486769009248164e-20,0.0016729975728485033,0.0017732527425067895,9.143790368131105e-14,140,INTERIOR
6.999999999999975e-09,-0.9496835786065775,-0.0017370254595048956,-0.0018417187429702346,0.0001046932834653389,0.0004187731338613556,-0.0013182523256435401,515.650710637268,546.7297980061074,True,3.31831585045817e-09,True,8.131516293641283e-20,0.0016496245545133438,0.00174905004661078,9.018988994749954e-14,140,INTERIOR
6.999999999999977e-09,-0.9496835786065766,-0.001737025459504894,-0.0018417187429702329,0.00010469328346533886,0.00041877313386135543,-0.0013182523256435386,515.650710637268,546.7297980061073,True,3.31831585045817e-09,True,-9.486769009248164e-20,0.001649624554513341,0.0017490500466107765,9.018988994749938e-14,140,LEFT
6.999999999999977e-09,-0.9496835786065774,-0.001731649808033789,-0.0018349991786313611,0.00010334937059757223,0.00041339748239028893,-0.0013182523256435,517.538966592291,548.427040040446,True,3.31831585045817e-09,True,-9.486769009248164e-20,0.0016445193865869214,0.0017426685867027612,9.018988994749953e-14,141,RIGHT
7.012499999999977e-09,-0.9432279872803043,-0.0017192982018966875,-0.0018225255452568934,0.00010322734336020604,0.00041290937344082415,-0.0013063888284558633,517.538966592291,548.6122106332447,True,3.31831585045817e-09,True,-9.486769009248164e-20,0.001621690182509659,0.0017190571018195987,8.896790359888539e-14,141,INTERIOR
7.024999999999977e-09,-0.9367804332293618,-0.0017069752078147093,-0.0018100674416798891,0.0001030922338651799,0.0004123689354607196,-0.0012946062723539896,517.538966592291,548.7955706331784,True,3.31831585045817e-09,True,-1.3552527156068805e-19,0.0015990609746884433,0.0016956357621912492,8.775575800813908e-14,141,INTERIOR
7.037499999999977e-09,-0.930341723643266,-0.0016946820520121488,-0.0017976264275694133,0.00010294437555726455,0.0004117775022290582,-0.0012829045497830907,517.538966592291,548.9771503384026,True,3.31831585045817e-09,True,-1.3552527156068805e-20,0.0015766334212962893,0.0016724068690916146,8.65535722751523e-14,141,INTERIOR
7.049999999999977e-09,-0.9239126450588937,-0.0016824199267974015,-0.0017852040226890538,0.00010278409589165239,0.00041113638356660956,-0.001271283543230792,517.538966592291,549.1569793860103,True,3.31831585045817e-09,True,-5.421010862427522e-20,0.0015544090446671776,0.001649372570572421,8.536145756997213e-14,141,LEFT
7.049999999999977e-09,-0.923912645058897,-0.0016772394196986464,-0.001778728388815608,0.00010148896911696161,0.00040595587646784643,-0.0012712835432308,519.4231175868833,550.8531663445513,True,3.31831585045817e-09,True,4.0657581468206416e-20,0.0015496227086508258,0.0016433896505519787,8.536145756997275e-14,142,RIGHT
7.062499999999977e-09,-0.9175736618491849,-0.001665168123055578,-0.0017665244976234685,0.00010135637456789052,0.0004054254982715621,-0.0012597426247840159,519.4231175868833,551.0396512788392,True,3.31831585045817e-09,True,0.0,0.0015279144122666408,0.0016209163520306577,8.419414249193223e-14,142,INTERIOR
7.074999999999977e-09,-0.9112433597273503,-0.0016531260910412114,-0.0017543373193722508,0.00010121122833103946,0.00040484491332415785,-0.0012482811777170535,519.4231175868833,551.2243528582924,True,3.31831585045817e-09,True,-1.3552527156068805e-19,0.001506400173253335,0.0015986282329998433,8.303644606471891e-14,142,INTERIOR
7.0874999999999774e-09,-0.904922513104531,-0.0016411144933085038,-0.001742168344968138,0.00010105385165963413,0.0004042154066385365,-0.0012368990866699673,519.4231175868833,551.4073008277429,True,3.31831585045817e-09,True,0.0,0.0014850814515770003,0.0015765273569797289,8.1888475472342e-14,142,INTERIOR
7.099999999999977e-09,-0.8986118764937236,-0.00162913446695341,-0.0017300190270091585,0.00010088456005574874,0.000403538240222995,-0.0012255962267304148,519.4231175868833,551.5885242881072,True,3.31831585045817e-09,True,-1.3552527156068805e-19,0.001463959580409606,0.001554615644230546,8.075033045755712e-14,142,LEFT
7.099999999999977e-09,-0.8986118764937263,-0.0016241430637908745,-0.001723779773055993,9.963670926511861e-05,0.00039854683706047443,-0.0012255962267304,521.3031795242773,553.2836955854722,True,3.31831585045817e-09,True,-1.3552527156068805e-20,0.0014594742462473876,0.0015490089765277757,8.07503304575576e-14,143,RIGHT
7.112499999999977e-09,-0.8923889746376102,-0.0016123484523300885,-0.0017118425700989829,9.949411776889431e-05,0.00039797647107557723,-0.0012143719812545114,521.3031795242773,553.471536098771,True,3.31831585045817e-09,True,4.0657581468206416e-20,0.0014388419821333854,0.0015276294358716428,7.963580820547654e-14,143,INTERIOR
7.124999999999977e-09,-0.8861753625534713,-0.0016005836988237695,-0.0016999231874284047,9.93394886046352e-05,0.0003973579544185408,-0.0012032257444052287,521.3031795242773,553.6576207821561,True,3.31831585045817e-09,True,0.0,0.00141839783960233,0.0015064300469324191,7.853067731967763e-14,143,INTERIOR
7.137499999999977e-09,-0.8799717828956807,-0.0015888499184143951,-0.0016880230496555029,9.91731312411078e-05,0.0003966925249644312,-0.001192157393449964,521.3031795242773,553.8419788408053,True,3.31831585045817e-09,True,-5.421010862427522e-20,0.001398143095460772,0.001485412652574357,7.743503386926031e-14,143,INTERIOR
7.149999999999976e-09,-0.8737789591498214,-0.0015771481949957554,-0.0016761435446206198,9.899534962486438e-05,0.0003959813984994575,-0.001181166796496298,521.3031795242773,554.02463885277,True,3.31831585045817e-09,True,0.0,0.0013780789082484108,0.0014645789618042975,7.634896694529453e-14,143,LEFT
7.149999999999976e-09,-0.8737789591498247,-0.0015723400092556299,-0.0016701333124454624,9.779330318983247e-05,0.0003911732127593299,-0.0011811667964963,523.1791693744553,555.7188356247992,True,3.31831585045817e-09,True,2.710505431213761e-20,0.00137387761671701,0.0014593273473900452,7.634896694529511e-14,144,RIGHT
7.1624999999999765e-09,-0.8676715678423602,-0.001560818428921826,-0.0016584596991501034,9.764127022827739e-05,0.00039056508091310954,-0.0011702533480087165,523.1791693744553,555.9080747410997,True,3.31831585045817e-09,True,-4.0657581468206416e-20,0.0013542777733398504,0.0014389983273649393,7.528539496420195e-14,144,INTERIOR
7.1749999999999766e-09,-0.861574040779803,-0.0015493272428058658,-0.0016468049402845167,9.74776974786509e-05,0.0003899107899146036,-0.0011594164528912622,523.1791693744553,556.095585861818,True,3.31831585045817e-09,True,0.0,0.001334860133074481,0.0014188443867770733,7.423098277456378e-14,144,INTERIOR
7.187499999999977e-09,-0.8554870898561321,-0.0015378675135371855,-0.0016351703965565068,9.730288301932128e-05,0.0003892115320772851,-0.0011486559814599005,523.1791693744553,556.2813976663449,True,3.31831585045817e-09,True,8.131516293641283e-20,0.0013156258037402126,0.0013988671639690235,7.318581609105138e-14,144,INTERIOR
7.199999999999976e-09,-0.8494114085015474,-0.0015264402737561042,-0.001623557393382376,9.711711962627178e-05,0.0003884684785050871,-0.0011379717952510172,523.1791693744553,556.4655382233888,True,3.31831585045817e-09,True,8.131516293641283e-20,0.0012965757829246601,0.0013790681722960249,7.214997408925827e-14,144,LEFT
7.199999999999976e-09,-0.8494114085015505,-0.0015218095700357248,-0.001617769013731906,9.59594436961812e-05,0.0003838377747847248,-0.001137971795251,525.0511051278631,558.1588033262337,True,3.31831585045817e-09,True,0.0,0.001292642410355184,0.0013741514565841825,7.21499740892588e-14,145,RIGHT
7.212499999999975e-09,-0.8434189141006089,-0.001510557339676303,-0.0016063558496752714,9.579850999896842e-05,0.0003831940399958737,-0.0011273632996804293,525.0511051278631,558.3494859462568,True,3.31831585045817e-09,True,0.0,0.001274032631116492,0.0013548309063922783,7.113554646626503e-14,145,INTERIOR
7.2249999999999745e-09,-0.8374368251157093,-0.001499335984873504,-0.00159496250352958,9.562651865607582e-05,0.0003825060746243033,-0.0011168299102492008,525.0511051278631,558.5384687384543,True,3.31831585045817e-09,True,8.131516293641283e-20,0.0012555991669542022,0.0013356803351344147,7.01300436059879e-14,145,INTERIOR
7.237499999999974e-09,-0.83146582365207,-0.0014881465176794847,-0.001583590274416406,9.544375673692144e-05,0.0003817750269476858,-0.0011063714907317988,525.0511051278631,558.7257798705209,True,3.31831585045817e-09,True,-9.486769009248164e-20,0.0012373429700373324,0.0013167011918450446,6.913354159014152e-14,145,INTERIOR
7.249999999999973e-09,-0.8255065740325734,-0.0014769899213698786,-0.0015722404275895045,9.525050621962602e-05,0.00038100202487850406,-0.0010959878964913745,525.0511051278631,558.911446915584,True,3.31831585045817e-09,True,-5.421010862427522e-20,0.0012192648898706885,0.0012978948089349203,6.814611037709966e-14,145,INTERIOR
7.249999999999974e-09,-0.825506574032573,-0.0014769899213698777,-0.0015722404275895037,9.525050621962596e-05,0.00038100202487850385,-0.0010959878964913738,525.0511051278631,558.911446915584,True,3.31831585045817e-09,True,0.0,0.0012192648898706872,0.0012978948089349188,6.814611037709959e-14,145,LEFT
7.249999999999974e-09,-0.8255065740325761,-0.0014725311125718442,-0.0015666669165919553,9.413580402011105e-05,0.0003765432160804442,-0.0010959878964914,526.919005750335,560.603824927536,True,3.31831585045817e-09,True,4.0657581468206416e-20,0.0012155841138955608,0.0012932938389660048,6.814611037710011e-14,146,RIGHT
7.262499999999974e-09,-0.8196283212775946,-0.0014615445265482663,-0.001555511022249881,9.396649570161471e-05,0.00037586598280645885,-0.0010856785437418075,526.919005750335,560.7959979250943,True,3.31831585045817e-09,True,4.0657581468206416e-20,0.0011979232867672122,0.001274940887895465,6.717905850403278e-14,146,INTERIOR
7.274999999999974e-09,-0.8137609827090672,-0.001450589244585978,-0.0015443758411224282,9.378659653645019e-05,0.00037514638614580075,-0.0010754428584401773,526.919005750335,560.9864996216265,True,3.31831585045817e-09,True,4.0657581468206416e-20,0.0011804329291814888,0.0012567528021439293,6.622069369796267e-14,146,INTERIOR
7.287499999999974e-09,-0.8079052115908302,-0.0014396662300356394,-0.0015332626129899594,9.359638295431999e-05,0.00037438553181727997,-0.0010652806982183595,526.919005750335,561.1753576874761,True,3.31831585045817e-09,True,0.0,0.0011631138501971162,0.0012387308557719624,6.527108309156241e-14,146,INTERIOR
7.299999999999974e-09,-0.8020616440630132,-0.001428776418638715,-0.0015221725451350417,9.339612649632672e-05,0.00037358450598530687,-0.0010551919126534082,526.919005750335,561.3625992142197,True,3.31831585045817e-09,True,8.131516293641283e-20,0.0011459667633318318,0.0012208762140985927,6.433028808770636e-14,146,INTERIOR
7.299999999999975e-09,-0.8020616440630128,-0.0014287764186387145,-0.001522172545135041,9.339612649632672e-05,0.00037358450598530687,-0.0010551919126534075,526.919005750335,561.3625992142197,True,3.31831585045817e-09,True,-1.3552527156068805e-19,0.001145966763331831,0.0012208762140985916,6.433028808770631e-14,146,LEFT
7.299999999999975e-09,-0.8020616440630163,-0.0014244840631729534,-0.0015168071008028418,9.232303762988837e-05,0.0003692921505195535,-0.0010551919126534,528.7828911392143,563.0541364404398,True,3.31831585045817e-09,True,4.0657581468206416e-20,0.0011425240296500645,0.0012165727969963844,6.433028808770686e-14,147,RIGHT
7.312499999999975e-09,-0.7962969373059744,-0.0014137593939354332,-0.0015059052602674524,9.214586633201926e-05,0.00036858346532807703,-0.0010451759286073561,528.7828911392143,563.2478487653759,True,3.31831585045817e-09,True,-4.0657581468206416e-20,0.001125772275478336,0.0011991477466239287,6.340888123628749e-14,147,INTERIOR
7.3249999999999754e-09,-0.7905436219974709,-0.001403066406473284,-0.0014950249625026958,9.195855602941186e-05,0.00036783422411764744,-0.0010352321823556365,528.7828911392143,563.4399187024678,True,3.31831585045817e-09,True,-5.421010862427522e-20,0.0011091851988763656,0.0011818824488335142,6.249592182808801e-14,147,INTERIOR
7.3374999999999755e-09,-0.7848023234835662,-0.0013924060172531305,-0.0014841673901225918,9.176137286946141e-05,0.00036704549147784565,-0.0010253605257752848,528.7828911392143,563.6303734393401,True,3.31831585045817e-09,True,-9.486769009248164e-20,0.0010927634775727553,0.0011647780162067503,6.15914686945204e-14,147,INTERIOR
7.349999999999975e-09,-0.7790736506231583,-0.0013817791162560977,-0.0014733336945617047,9.155457830560704e-05,0.00036621831322242816,-0.0010155608030336695,528.7828911392143,563.8192396003511,True,3.31831585045817e-09,True,-9.486769009248164e-20,0.0010765077004564795,0.0011478354600082924,6.069557530952948e-14,147,LEFT
7.349999999999975e-09,-0.7790736506231613,-0.001377647914991842,-0.0014681696929813774,9.052177798953547e-05,0.0003620871119581419,-0.0010155608030337,530.6427821985038,565.5099841876324,True,3.31831585045817e-09,True,4.0657581468206416e-20,0.0010732891904060807,0.0011438123224452876,6.069557530952995e-14,148,RIGHT
7.362499999999974e-09,-0.773421755074099,-0.0013671814156236018,-0.0014575186566558745,9.033724103227275e-05,0.000361348964129091,-0.0010058324514945107,530.6427821985038,565.7052869763623,True,3.31831585045817e-09,True,-4.0657581468206416e-20,0.0010574078499762975,0.0011272766374840297,5.981812112218997e-14,148,INTERIOR
7.374999999999973e-09,-0.767781697610564,-0.0013567469269509661,-0.0014468899292845764,9.014300233361035e-05,0.0003605720093344414,-0.0009961749176165247,530.6427821985038,565.8989767060016,True,3.31831585045817e-09,True,-5.421010862427522e-20,0.0010416854588023287,0.001110895606161741,5.894887351857597e-14,148,INTERIOR
7.387499999999973e-09,-0.762154076561151,-0.0013463453203172728,-0.0014362846384218658,8.99393181045931e-05,0.0003597572724183724,-0.0009865880478989004,530.6427821985038,566.0910800964092,True,3.31831585045817e-09,True,-5.421010862427522e-20,0.001026122574338838,0.0010946701922753838,5.808788364187809e-14,148,INTERIOR
7.399999999999972e-09,-0.7565394743824556,-0.0013359774416620094,-0.0014257038817112337,8.972644004922423e-05,0.00035890576019689693,-0.0009770716814651126,530.6427821985038,566.2816233193954,True,3.31831585045817e-09,True,8.131516293641283e-20,0.0010107196715017943,0.0010786012652948434,5.723519762988822e-14,148,INTERIOR
7.399999999999974e-09,-0.7565394743824548,-0.001335977441662008,-0.0014257038817112322,8.972644004922419e-05,0.00035890576019689677,-0.0009770716814651113,530.6427821985038,566.2816233193954,True,3.31831585045817e-09,True,-9.486769009248164e-20,0.0010107196715017923,0.0010786012652948412,5.723519762988811e-14,148,LEFT
7.399999999999974e-09,-0.756539474382456,-0.0013320022355243044,-0.0014207348740391055,8.873263851480111e-05,0.00035493055405920443,-0.0009770716814651,532.4987006418992,567.971625126189,True,3.31831585045817e-09,True,4.0657581468206416e-20,0.0010077122711398135,0.0010748420148423696,5.723519762988827e-14,149,RIGHT
7.412499999999974e-09,-0.7509996173576693,-0.0013217901422337497,-0.0014103313612829078,8.85412190491582e-05,0.0003541648761966328,-0.0009676252660371169,532.4987006418992,568.168571819217,True,3.31831585045817e-09,True,-1.2197274440461925e-19,0.0009926638910446853,0.0010591583126709845,5.6400042527136575e-14,149,INTERIOR
7.424999999999974e-09,-0.7454720153042156,-0.001311610341715815,-0.0013999508626135393,8.834052089772424e-05,0.000353362083590897,-0.0009582482581249181,532.4987006418992,568.3639352286657,True,3.31831585045817e-09,True,-8.131516293641283e-20,0.0009777688047327396,0.0010436241908793901,5.557285256017287e-14,149,INTERIOR
7.437499999999974e-09,-0.7399572404107032,-0.0013014636618961571,-0.0013895944525662198,8.813079067006265e-05,0.0003525231626802506,-0.0009489404992159066,532.4987006418992,568.5577416219431,True,3.31831585045817e-09,True,4.0657581468206416e-20,0.0009630274597514889,0.001028240476410922,5.4753671763622325e-14,149,INTERIOR
7.449999999999974e-09,-0.7344558495882089,-0.0012913509063377081,-0.0013792631769858987,8.79122706481907e-05,0.0003516490825927628,-0.0009397018237449452,532.4987006418992,568.7500167333583,True,3.31831585045817e-09,True,-1.0842021724855044e-19,0.000948440227030765,0.0010130079084589103,5.394253949943377e-14,149,LEFT
7.449999999999974e-09,-0.7344558495882114,-0.001287526673632397,-0.0013744828861042713,8.695621247187427e-05,0.00034782484988749707,-0.0009397018237449,534.3506689049411,570.4393273004196,True,3.31831585045817e-09,True,4.0657581468206416e-20,0.000945631496950166,0.0010094969958581695,5.394253949943414e-14,150,RIGHT
7.462499999999975e-09,-0.7290272217646377,-0.0012775652082016938,-0.0013643235878391476,8.675837963745376e-05,0.000347033518549815,-0.0009305316896518789,534.3506689049411,570.6379737679454,True,3.31831585045817e-09,True,2.710505431213761e-20,0.0009313798143584418,0.0009946290348303364,5.3148069007386635e-14,150,INTERIOR
7.474999999999976e-09,-0.7236112369113209,-0.0012676362726823875,-0.0013541879500108729,8.655167732848553e-05,0.0003462067093139421,-0.0009214295633684453,534.3506689049411,570.8350672075043,True,3.31831585045817e-09,True,-9.486769009248164e-20,0.0009172758512293589,0.0009799056175177738,5.236132221843318e-14,150,INTERIOR
7.487499999999977e-09,-0.7182084419319893,-0.0012577406532344381,-0.0013440769961116223,8.633634287718409e-05,0.00034534537150873637,-0.0009123952817257018,534.3506689049411,571.0306334497704,True,3.31831585045817e-09,True,2.710505431213761e-20,0.0009033199549140283,0.0009653274452139566,5.158233660623756e-14,150,INTERIOR
7.499999999999975e-09,-0.7128193690272732,-0.0012478791126571557,-0.0013339917221177483,8.611260946059263e-05,0.00034445043784237054,-0.0009034286748147852,534.3506689049411,571.2246978070177,True,3.31831585045817e-09,True,-1.3552527156068805e-20,0.0008895124017065872,0.0009508951376475789,5.081114528604398e-14,150,LEFT
7.499999999999975e-09,-0.7128193690272775,-0.0012442009661338155,-0.0013293940389635694,8.519307282975387e-05,0.0003407722913190155,-0.0009034286748148,536.1987101905544,572.9133704519345,True,3.31831585045817e-09,True,-2.710505431213761e-20,0.0008868905476226355,0.0009476178200426355,5.081114528604461e-14,151,RIGHT
7.512499999999975e-09,-0.7075011257059038,-0.0012344863383311581,-0.001319475620249948,8.498928191879004e-05,0.00033995712767516016,-0.0008945292106559979,536.1987101905544,573.1137751288038,True,3.31831585045817e-09,True,-1.3552527156068805e-19,0.0008734004740378537,0.0009335304866683339,5.005578428751211e-14,151,INTERIOR
7.524999999999976e-09,-0.7021958853211111,-0.001224804434500016,-0.001309581451756131,8.4777017256115e-05,0.00033910806902446,-0.000885696365475556,536.1987101905544,573.3126575490872,True,3.31831585045817e-09,True,1.3552527156068805e-20,0.0008600526342289615,0.0009195827069160024,4.9307906136189904e-14,151,INTERIOR
7.537499999999977e-09,-0.6969041703249328,-0.0012151560006345061,-0.0012997125078448378,8.455650721033159e-05,0.00033822602884132636,-0.0008769299717931798,536.1987101905544,573.5100431228889,True,3.31831585045817e-09,True,4.0657581468206416e-20,0.000846847284437554,0.0009057750669405444,4.8567542261628296e-14,151,INTERIOR
7.549999999999975e-09,-0.6916264890213423,-0.0012055417603325244,-0.0012898697364929356,8.432797616041125e-05,0.000337311904641645,-0.0008682298556908794,536.1987101905544,573.7059567563806,True,3.31831585045817e-09,True,-1.3552527156068805e-19,0.0008337846150673924,0.000892108077145493,4.7834720031598895e-14,151,LEFT
7.549999999999975e-09,-0.691626489021346,-0.0012020049444629599,-0.0012854487166559748,8.344377219301497e-05,0.0003337750887720599,-0.0008682298556909,538.0428484308381,575.3940465946716,True,3.31831585045817e-09,True,-4.0657581468206416e-20,0.000831338459525215,0.0008890503827177669,4.783472003159941e-14,152,RIGHT
7.562499999999976e-09,-0.6864177513946763,-0.0011925333544105625,-0.0012757678192295697,8.32344648190074e-05,0.0003329378592760296,-0.0008595954951345328,538.0428484308381,575.5962706250294,True,3.31831585045817e-09,True,-1.6263032587282567e-19,0.0008185760635976489,0.0008757096777772511,4.7116932942972364e-14,152,INTERIOR
7.574999999999977e-09,-0.6812223494822836,-0.001183094641125757,-0.0012661117074021478,8.301706627639069e-05,0.00033206826510556275,-0.0008510263760201944,538.0428484308381,575.7970037241281,True,3.31831585045817e-09,True,5.421010862427522e-20,0.0008059505110875873,0.0008625035920235167,4.640638894341625e-14,152,INTERIOR
7.587499999999978e-09,-0.6760407820962154,-0.0011736895119859843,-0.0012564813082598125,8.279179627382818e-05,0.0003311671850953127,-0.0008425223268906716,538.0428484308381,575.9962708981661,True,3.31831585045817e-09,True,-2.710505431213761e-20,0.0007934619756211303,0.0008494326063252396,4.570311390572626e-14,152,INTERIOR
7.599999999999975e-09,-0.6708735344367237,-0.0011643186529006141,-0.0012468775235899452,8.255887068933124e-05,0.00033023548275732496,-0.0008340831701432891,538.0428484308381,576.1940966636641,True,3.31831585045817e-09,True,-1.2197274440461925e-19,0.0007811105698820399,0.0008364971312604959,4.500712992076219e-14,152,LEFT
7.599999999999975e-09,-0.6708735344367263,-0.0011609185411791414,-0.0012426273839381016,8.170884275896034e-05,0.00032683537103584136,-0.0008340831701433,539.8831082497246,577.8816606334171,True,3.31831585045817e-09,True,-6.776263578034403e-20,0.0007788295249139787,0.0008336458250504171,4.5007129920762533e-14,153,RIGHT
7.612499999999976e-09,-0.665773390858793,-0.001151686181675718,-0.0012331806287053482,8.149444702963017e-05,0.00032597778811852067,-0.0008257083935571973,539.8831082497246,578.0857680258733,True,3.31831585045817e-09,True,4.0657581468206416e-20,0.0007667620143794586,0.0008210188487145377,4.432542079756151e-14,153,INTERIOR
7.624999999999977e-09,-0.6606868894175922,-0.0011424868122420194,-0.0012237591421585827,8.127232991656345e-05,0.0003250893196662538,-0.0008173974925757655,539.8831082497246,578.2884164072392,True,3.31831585045817e-09,True,-1.2197274440461925e-19,0.0007548260581808006,0.0008085216210290951,4.365071658482938e-14,153,INTERIOR
7.637499999999978e-09,-0.6556145060758569,-0.0011333211031386995,-0.0012143638059011106,8.104270276241104e-05,0.00032417081104964415,-0.0008091502920890554,539.8831082497246,578.4896303970268,True,3.31831585045817e-09,True,8.131516293641283e-20,0.0007430217552596238,0.0007961545268022544,4.2983038057708986e-14,153,INTERIOR
7.649999999999976e-09,-0.6505567037026152,-0.0011241897040515317,-0.0012049954772833866,8.080577323185483e-05,0.0003232230929274193,-0.0008009666111241124,539.8831082497246,578.6894341391285,True,3.31831585045817e-09,True,0.0,0.000731349148204183,0.0007839178856780396,4.232240247324123e-14,153,LEFT
7.649999999999976e-09,-0.6505567037026172,-0.0011209217963178571,-0.0012009105926162964,7.99887962984393e-05,0.0003199551851937572,-0.0008009666111241,541.7195149268509,580.3765310297707,True,3.31831585045817e-09,True,1.3552527156068805e-20,0.0007292231889209616,0.0007812604365740144,4.232240247324149e-14,154,RIGHT
7.662499999999977e-09,-0.6455642109600656,-0.0011119248551144482,-0.0011916945821071941,7.976972699274598e-05,0.0003190789079709839,-0.0007928459471434643,541.7195149268509,580.5825888239713,True,3.31831585045817e-09,True,-9.486769009248164e-20,0.000717818891738844,0.0007693153726034158,4.16753150472492e-14,154,INTERIOR
7.674999999999978e-09,-0.6405856412440076,-0.0011029609795149915,-0.0011825042731394063,7.954329362441473e-05,0.00031817317449765893,-0.0007847878050173326,541.7195149268509,580.7872201659341,True,3.31831585045817e-09,True,4.0657581468206416e-20,0.0007065409663297296,0.0007574952580827857,4.1034996376799644e-14,154,INTERIOR
7.687499999999979e-09,-0.6356214484379255,-0.0010940308041153465,-0.0011733405035699227,7.930969945457623e-05,0.0003172387978183049,-0.0007767920062970416,541.7195149268509,580.9904493063161,True,3.31831585045817e-09,True,-9.486769009248164e-20,0.0006953894443475049,0.0007458003903899991,4.040146257143263e-14,154,INTERIOR
7.699999999999976e-09,-0.6306720738320957,-0.001085134943795976,-0.0011642040880090062,7.90691442130303e-05,0.0003162765768521212,-0.0007688583669438547,541.7195149268509,581.1923000340433,True,3.31831585045817e-09,True,-1.3552527156068805e-19,0.0006843643053914827,0.0007342310065484435,3.9774726471167634e-14,154,LEFT
7.699999999999976e-09,-0.6306720738320982,-0.0010819948635823996,-0.0011602789877420245,7.82841241596249e-05,0.0003131364966384996,-0.0007688583669439,543.5520943626028,582.8789905194122,True,3.31831585045817e-09,True,4.0657581468206416e-20,0.0006823839444911902,0.0007317555554230702,3.977472647116796e-14,155,RIGHT
7.712499999999977e-09,-0.6257862584149158,-0.001073229525610498,-0.0011512903085190848,7.806078290858676e-05,0.00031224313163434706,-0.0007609863939761509,543.5520943626028,583.0870689649935,True,3.31831585045817e-09,True,-4.0657581468206416e-20,0.0006716122892522086,0.0007204616545175121,3.916084412209398e-14,155,INTERIOR
7.724999999999978e-09,-0.620914622192757,-0.0010644972926913293,-0.0011423277154710872,7.783042277975807e-05,0.00031132169111903227,-0.0007531756015722969,543.5520943626028,583.2937542029077,True,3.31831585045817e-09,True,-1.6263032587282567e-19,0.0006609619343166493,0.0007092879818720452,3.855349680527741e-14,155,INTERIOR
7.737499999999979e-09,-0.6160575977197329,-0.0010557987651613789,-0.0011333920043894849,7.759323922810594e-05,0.00031037295691242376,-0.0007454258082489551,543.5520943626028,583.4990701334723,True,3.31831585045817e-09,True,6.776263578034403e-20,0.0006504328509407795,0.000698234755498939,3.795269637082082e-14,155,INTERIOR
7.749999999999977e-09,-0.6112156054402217,-0.0010471345244687453,-0.0011244839487868491,7.734942431810396e-05,0.00030939769727241585,-0.0007377368271963293,543.5520943626028,583.7030402090091,True,3.31831585045817e-09,True,-9.486769009248164e-20,0.0006400249623505227,0.0006873021375655653,3.735845163336568e-14,155,LEFT
7.749999999999977e-09,-0.6112156054402222,-0.0010441180163736378,-0.0011207133136679722,7.659529729433445e-05,0.0003063811891773378,-0.0007377368271963,545.3808730439548,585.3893868846897,True,3.31831585045817e-09,True,-6.776263578034403e-20,0.0006381812255288569,0.0006849974665384873,3.735845163336575e-14,156,RIGHT
7.762499999999978e-09,-0.6064354648107135,-0.0010355804659246282,-0.0011119485386900212,7.63680727653929e-05,0.0003054722910615716,-0.0007301081748630567,545.3808730439548,585.5995596336898,True,3.31831585045817e-09,True,4.0657581468206416e-20,0.0006280127212018972,0.0006743250289060767,3.677639729801862e-14,156,INTERIOR
7.774999999999979e-09,-0.601669735623682,-0.0010270760255310435,-0.001103210188259005,7.613416272796172e-05,0.0003045366509118469,-0.0007225393746191965,545.3808730439548,585.8083731558161,True,3.31831585045817e-09,True,-1.3552527156068805e-19,0.000617960560746685,0.000663768182307148,3.620064707654714e-14,156,INTERIOR
7.78749999999998e-09,-0.5969188298339816,-0.0010186052626301552,-0.0010944990177275122,7.589375509735719e-05,0.00030357502038942875,-0.0007150302422407264,545.3808730439548,586.0158510203148,True,3.31831585045817e-09,True,-9.486769009248164e-20,0.0006080246614319278,0.0006533270729163488,3.563120894103698e-14,156,INTERIOR
7.799999999999977e-09,-0.592183147753723,-0.001010168726566548,-0.0010858157611002177,7.564703453366995e-05,0.0003025881381346798,-0.000707580588431868,545.3808730439548,586.222016362047,True,3.31831585045817e-09,True,-1.0842021724855044e-19,0.0005982048962605483,0.0006430017952889315,3.506808804835078e-14,156,LEFT
7.799999999999977e-09,-0.5921831477537249,-0.0010072716536547086,-0.0010821944199604107,7.492276630570215e-05,0.0002996910652228086,-0.0007075805884319,547.2058780116316,587.908083787618,True,3.31831585045817e-09,True,-4.0657581468206416e-20,0.0005964892985043451,0.0006408572980936726,3.5068088048351e-14,157,RIGHT
7.812499999999978e-09,-0.587507651612404,-0.0009989580765097667,-0.0010736501109001532,7.469203439038661e-05,0.00029876813756154645,-0.0007001899389482202,547.2058780116316,588.1204281015291,True,3.31831585045817e-09,True,-1.2197274440461925e-19,0.0005868955135894972,0.0006307776553083461,3.451652407031219e-14,157,INTERIOR
7.824999999999979e-09,-0.5828467760285739,-0.0009906775815736117,-0.001065132520407949,7.445493883433733e-05,0.0002978197553373493,-0.0006928578262362624,547.2058780116316,588.3314479598587,True,3.31831585045817e-09,True,4.0657581468206416e-20,0.0005774132345039641,0.0006208090555629624,3.397103643269026e-14,157,INTERIOR
7.83749999999998e-09,-0.5782009130685892,-0.0009824307047004636,-0.0010566423649716328,7.421166027116913e-05,0.0002968466410846765,-0.0006855840636157872,547.2058780116316,588.5411666208852,True,3.31831585045817e-09,True,1.3552527156068805e-20,0.0005680423304844256,0.0006109515802135516,3.3431629587335033e-14,157,INTERIOR
7.849999999999978e-09,-0.5735704436070965,-0.0009742179644173822,-0.001048180340626576,7.396237620919378e-05,0.00029584950483677513,-0.000678368459580607,547.2058780116316,588.749606922012,True,3.31831585045817e-09,True,-9.486769009248164e-20,0.0005587826300208805,0.0006012052629534227,3.289830537796415e-14,157,LEFT
7.849999999999978e-09,-0.5735704436070967,-0.0009714363056488652,-0.0010447032671659314,7.326696151706628e-05,0.00029306784606826514,-0.0006783684595806,549.0271368281227,590.4354616682601,True,3.31831585045817e-09,True,-1.3552527156068805e-20,0.0005571871527670588,0.0005992109163861466,3.2898305377964174e-14,158,RIGHT
7.862499999999979e-09,-0.5689985351541794,-0.0009633428911584919,-0.0010363759766801998,7.303308552170799e-05,0.00029213234208683197,-0.0006712105490716599,549.0271368281227,590.6500586410267,True,3.31831585045817e-09,True,-9.486769009248164e-20,0.000548140693920374,0.0005896964126000157,3.23759333007602e-14,158,INTERIOR
7.87499999999998e-09,-0.5644414340182514,-0.0009552824997356067,-0.001028075656294844,7.279315655923729e-05,0.00029117262623694915,-0.0006641098734986576,549.0271368281227,590.8633667783841,True,3.31831585045817e-09,True,0.0,0.0005392010240433058,0.0005802884977183167,3.1859413243658006e-14,158,INTERIOR
7.88749999999998e-09,-0.5598995130689725,-0.0009472556369247761,-0.0010198029851560023,7.254734823122631e-05,0.00029018939292490523,-0.0006570662439998709,549.0271368281227,591.0754090486721,True,3.31831585045817e-09,True,-5.421010862427522e-20,0.0005303679698660215,0.0005709871948151303,3.1348746473487245e-14,158,INTERIOR
7.899999999999978e-09,-0.5553731344198869,-0.0009392627916798501,-0.0010115586228185854,7.229583113873531e-05,0.00028918332455494123,-0.0006500794671249089,549.0271368281227,591.2862080127912,True,3.31831585045817e-09,True,0.0,0.0005216413206592116,0.0005617924830042219,3.084393184353698e-14,158,LEFT
7.899999999999978e-09,-0.5553731344198877,-0.0009365926393683895,-0.0010082209324292618,7.162829306087238e-05,0.0002865131722434895,-0.0006500794671249,550.8446775467572,592.9719187142182,True,3.31831585045817e-09,True,-2.710505431213761e-20,0.000520158389800618,0.0005599388194309809,3.0843931843537066e-14,159,RIGHT
7.912499999999979e-09,-0.5509037316111404,-0.0009287155824808878,-0.0010001072063810185,7.13916239001307e-05,0.0002855664956005228,-0.000643149086880365,550.8446775467572,593.1888535126172,True,3.31831585045817e-09,True,-6.776263578034403e-20,0.0005116328799941349,0.000550962792006496,3.034949215030794e-14,159,INTERIOR
7.92499999999998e-09,-0.5464493012883987,-0.0009208714597380096,-0.000992020661290704,7.114920155269437e-05,0.00028459680621077747,-0.0006362746535272322,550.8446775467572,593.4045360075173,True,3.31831585045817e-09,True,4.0657581468206416e-20,0.0005032095657502632,0.0005420889972259605,2.986068388785792e-14,159,INTERIOR
7.937499999999981e-09,-0.5420101977978761,-0.0009130607476065043,-0.0009839619404362289,7.090119282972462e-05,0.00028360477131889847,-0.0006294559762876058,550.8446775467572,593.6189888993702,True,3.31831585045817e-09,True,-4.0657581468206416e-20,0.000494888236411678,0.0005333174059614224,2.9377505451689276e-14,159,INTERIOR
7.949999999999979e-09,-0.5375867651503151,-0.0009052839066708186,-0.0009759316683325551,7.064776166173646e-05,0.00028259104664694586,-0.0006226928600238727,550.8446775467572,593.8322344945801,True,3.31831585045817e-09,True,0.0,0.00048666864692980513,0.0005246479485866485,2.889995300647801e-14,159,LEFT
7.949999999999979e-09,-0.5375867651503163,-0.0009027214639725279,-0.0009727286149597099,7.000715098718198e-05,0.0002800286039487279,-0.0006226928600238,552.6585286817979,595.5178719076923,True,3.31831585045817e-09,True,-5.421010862427522e-20,0.0004852911116487491,0.000522926029485338,2.8899953006478136e-14,160,RIGHT
7.96249999999998e-09,-0.5332187619460429,-0.0008950569672107772,-0.0009648249945909226,6.976802738014542e-05,0.0002790721095205817,-0.0006159848576901955,552.6585286817979,595.7372340306861,True,3.31831585045817e-09,True,4.0657581468206416e-20,0.0004772611679273105,0.0005144627891103693,2.843222480912708e-14,160,INTERIOR
7.97499999999998e-09,-0.5288658755592865,-0.0008874252873612703,-0.0009569487271294598,6.952343976818964e-05,0.00027809375907275857,-0.0006093315282885116,552.6585286817979,595.9553813615698,True,3.31831585045817e-09,True,-6.776263578034403e-20,0.0004693289515937697,0.0005060975264386666,2.7969911433109076e-14,160,INTERIOR
7.987499999999981e-09,-0.5245284424678962,-0.0008798268730043845,-0.0009491004214103099,6.927354840592537e-05,0.00027709419362370146,-0.000602732679380683,552.6585286817979,596.1723363560893,True,3.31831585045817e-09,True,2.710505431213761e-20,0.0004614942193383893,0.0004978301657879737,2.7513008695779713e-14,160,INTERIOR
7.999999999999979e-09,-0.5202067892204272,-0.0008722621575195902,-0.0009412806683020442,6.901851078245403e-05,0.00027607404312981614,-0.000596188114389774,552.6585286817979,596.3881210893227,True,3.31831585045817e-09,True,-4.0657581468206416e-20,0.0004537566963217485,0.0004896605942126644,2.7061510355102597e-14,160,LEFT
7.999999999999979e-09,-0.5202067892204316,-0.0008698037359533014,-0.0009382076413441767,6.840390539087534e-05,0.00027361562156350135,-0.0005961881143898,554.4687191794001,598.073758156818,True,3.31831585045817e-09,True,-2.710505431213761e-20,0.000452477808732203,0.00048806198472572845,2.7061510355103057e-14,161,RIGHT
8.01249999999998e-09,-0.5159390568264375,-0.000862348011339281,-0.0009305106653987883,6.81626540595073e-05,0.0002726506162380292,-0.0005896973951012519,554.4687191794001,598.2956417156357,True,3.31831585045817e-09,True,-2.710505431213761e-20,0.0004449190196265427,0.0004800867950727916,2.661931103589539e-14,161,INTERIOR
8.024999999999981e-09,-0.5116865654847381,-0.0008549249595271532,-0.0009228411771218068,6.791621759465366e-05,0.00027166487037861463,-0.0005832600891485385,554.4687191794001,598.516349046289,True,3.31831585045817e-09,True,-9.486769009248164e-20,0.0004374536162876278,0.0004722054324093502,2.6182314129756722e-14,161,INTERIOR
8.037499999999982e-09,-0.5074496344421175,-0.0008475350023631162,-0.0009151997522838266,6.766474992071049e-05,0.00027065899968284194,-0.0005768760026802742,554.4687191794001,598.7359023842497,True,3.31831585045817e-09,True,-5.421010862427522e-20,0.00043008132712606253,0.00046441777973794436,2.5750513149543873e-14,161,INTERIOR
8.049999999999981e-09,-0.5032285734082389,-0.000840178547147813,-0.000907586949454975,6.740840230716205e-05,0.0002696336092286482,-0.0005705449379191647,554.4687191794001,598.9543235977266,True,3.31831585045817e-09,True,-4.0657581468206416e-20,0.0004228018516894007,0.0004567236858181625,2.5323899709449132e-14,161,LEFT
8.049999999999981e-09,-0.5032285734082427,-0.0008378205641472961,-0.0009046394707043201,6.681890655702403e-05,0.0002672756262280961,-0.0005705449379192,556.2752783895742,600.6400355193128,True,3.31831585045817e-09,True,-6.776263578034403e-20,0.0004216152472679329,0.00045524043029132274,2.532389970944951e-14,162,RIGHT
8.06249999999998e-09,-0.49905996150764814,-0.0008305698350738723,-0.0008971456775005977,6.657584242672544e-05,0.00026630336970690177,-0.0005642664653669706,556.2752783895742,600.8645395402073,True,3.31831585045817e-09,True,-2.710505431213761e-20,0.0004145041499213804,0.0004477294872802012,2.4906084518001528e-14,162,INTERIOR
8.07499999999998e-09,-0.49490669552582206,-0.0008233516092056002,-0.00088967947121178,6.632786200617975e-05,0.000265311448024719,-0.0005580401611808812,556.2752783895742,601.0879070283547,True,3.31831585045817e-09,True,4.0657581468206416e-20,0.0004074822241678116,0.00044030832717458277,2.4493263727628876e-14,162,INTERIOR
8.087499999999979e-09,-0.49076907809837744,-0.0008161662827685478,-0.0008822413958771667,6.607511310861883e-05,0.00026430045243447533,-0.0005518658303340726,556.2752783895742,601.3101600247703,True,3.31831585045817e-09,True,6.776263578034403e-20,0.00040054917416929985,0.00043297679651486276,2.408542880175313e-14,162,INTERIOR
8.099999999999978e-09,-0.4866474027024252,-0.0008090142380734802,-0.0008748319790720831,6.581774099860289e-05,0.00026327096399441155,-0.0005457432740790687,556.2752783895742,601.5313202166715,True,3.31831585045817e-09,True,0.0,0.0003937046777077406,0.0004257347104164516,2.368256945570164e-14,162,INTERIOR
8.09999999999998e-09,-0.4866474027024246,-0.0008090142380734794,-0.0008748319790720822,6.581774099860285e-05,0.0002632709639944114,-0.0005457432740790679,556.2752783895742,601.5313202166715,True,3.31831585045817e-09,True,-6.776263578034403e-20,0.00039370467770773974,0.0004257347104164507,2.3682569455701583e-14,162,LEFT
8.09999999999998e-09,-0.4866474027024258,-0.0008067532145726555,-0.0008720056996960444,6.525248512338888e-05,0.0002610099404935555,-0.0005457432740791,558.0782360391186,603.2171845267543,True,3.31831585045817e-09,True,-2.710505431213761e-20,0.0003926043564936156,0.0004243593088987915,2.36825694557017e-14,163,RIGHT
8.11249999999998e-09,-0.482576740677262,-0.0007997037176222408,-0.0008647116291477019,6.500791152546105e-05,0.0002600316461018442,-0.0005396720715203966,558.0782360391186,603.444413278592,True,3.31831585045817e-09,True,2.710505431213761e-20,0.00038591841355763043,0.00041728971961982325,2.3288031064268935e-14,163,INTERIOR
8.124999999999982e-09,-0.47852151078500205,-0.0007926865301460202,-0.0008574452108744481,6.475868072842791e-05,0.00025903472291371164,-0.0005336518072323086,558.0782360391186,603.6705464098828,True,3.31831585045817e-09,True,-2.710505431213761e-20,0.00037931755598439465,0.00041030597772300555,2.2898283628396085e-14,163,INTERIOR
8.137499999999983e-09,-0.47448199965294724,-0.0007857020238269169,-0.0008502069584732711,6.450493464635419e-05,0.00025801973858541674,-0.0005276822852415001,558.0782360391186,603.8956057945338,True,3.31831585045817e-09,True,0.0,0.00037280146739676314,0.0004034078977752479,2.2513316799465944e-14,163,INTERIOR
8.14999999999998e-09,-0.47045848511539834,-0.0007787505570386133,-0.0008429973697853028,6.424681274668951e-05,0.00025698725098675804,-0.0005217633060518553,558.0782360391186,604.1196129662239,True,3.31831585045817e-09,True,0.0,0.0003663698073471586,0.00039659526554545885,2.213311862170755e-14,163,LEFT
8.14999999999998e-09,-0.4704584851153984,-0.0007765831150902383,-0.0008402880673498478,6.370495225960958e-05,0.00025481980903843834,-0.0005217633060518,559.8776222053935,605.8057096190297,True,3.31831585045817e-09,True,-5.421010862427522e-20,0.0003653501158915506,0.00039532065122595527,2.2133118621707555e-14,164,RIGHT
8.162499999999981e-09,-0.4664845832569566,-0.0007697311017999974,-0.0008331902629353967,6.345916113539924e-05,0.000253836644541597,-0.0005158944572584004,559.8776222053935,606.0357729681102,True,3.31831585045817e-09,True,2.710505431213761e-20,0.0003590676922430898,0.00038867041257917257,2.1760786641641645e-14,164,INTERIOR
8.174999999999982e-09,-0.4625261817966098,-0.0007629111814320997,-0.0008261201438533832,6.320896242128349e-05,0.00025283584968513397,-0.0005100753317469658,559.8776222053935,606.2647829179515,True,3.31831585045817e-09,True,-5.421010862427522e-20,0.00035286639579772973,0.00038210219584177134,2.1393046884735057e-14,164,INTERIOR
8.187499999999983e-09,-0.4585835519395363,-0.0007561237021672978,-0.0008190781945046251,6.295449233732729e-05,0.00025181796934930915,-0.0005043057328179886,559.8776222053935,606.4927612043981,True,3.31831585045817e-09,True,2.710505431213761e-20,0.0003467458930455515,0.00037561578775215337,2.102988741094814e-14,164,INTERIOR
8.19999999999998e-09,-0.45465695645071735,-0.0007493689994598451,-0.0008120648842148659,6.26958847550208e-05,0.0002507835390200832,-0.0004985854604397619,559.8776222053935,606.7197292367845,True,3.31831585045817e-09,True,-5.421010862427522e-20,0.00034070582855293244,0.0003692109486976351,2.067129480490295e-14,164,LEFT
8.19999999999998e-09,-0.4546569564507201,-0.0007472918598883671,-0.0008094684597505089,6.217659986214178e-05,0.0002487063994485671,-0.0004985854604398,561.6734672909339,608.4061406993491,True,3.31831585045817e-09,True,0.0,0.00033976144259724293,0.00036803046625301855,2.06712948049032e-14,165,RIGHT
8.212499999999982e-09,-0.4507786071576672,-0.0007406335984617032,-0.0008025634704303636,6.192987196866039e-05,0.00024771948787464154,-0.0004929141105870616,561.6734672909339,608.6391544941181,True,3.31831585045817e-09,True,-6.776263578034403e-20,0.00033386178192873755,0.00036177844335622293,2.0320135267100647e-14,165,INTERIOR
8.224999999999983e-09,-0.4469158092696825,-0.0007340071918596788,-0.000795686168736524,6.16789768768452e-05,0.0002467159075073808,-0.00048729128435229794,561.6734672909339,608.8711585200925,True,3.31831585045817e-09,True,-4.0657581468206416e-20,0.0003280394181597355,0.00035560472802557676,1.9973374057517522e-14,165,INTERIOR
8.237499999999984e-09,-0.4430688191396978,-0.0007274129657668628,-0.0007888370110781793,6.142404531131647e-05,0.00024569618124526587,-0.00048171678452159697,561.6734672909339,609.1021744059785,True,3.31831585045817e-09,True,0.0,0.00032229400376922933,0.00034950908299209764,1.9630997849384628e-14,165,INTERIOR
8.249999999999981e-09,-0.4392378850209628,-0.0007208512337015908,-0.0007820164394438943,6.116520574230358e-05,0.0002446608229692143,-0.0004761904107323765,561.6734672909339,609.3322234678911,True,3.31831585045817e-09,True,-1.0842021724855044e-19,0.00031662517130583856,0.00034349124691295994,1.9292991963768852e-14,165,LEFT
8.249999999999981e-09,-0.4392378850209636,-0.0007188612137901045,-0.0007795289145545557,6.066770076445115e-05,0.0002426708030578046,-0.0004761904107323,563.465801999091,611.0190348219479,True,3.31831585045817e-09,True,2.0328790734103208e-20,0.0003157510791687683,0.0003423986317416305,1.9292991963768925e-14,166,RIGHT
8.262499999999982e-09,-0.435453863984284,-0.00071239299075424,-0.000772813296635501,6.042030588126098e-05,0.00024168122352504393,-0.0004707117672291961,563.465801999091,611.2551213105718,True,3.31831585045817e-09,True,3.3881317890172014e-20,0.0003102142804992541,0.00033652453615836157,1.896200676588433e-14,166,INTERIOR
8.274999999999983e-09,-0.43168542877940397,-0.000705956364136789,-0.0007661253393690437,6.016897523225473e-05,0.00024067590092901892,-0.00046528046320777004,563.465801999091,611.4902431784847,True,3.31831585045817e-09,True,1.3552527156068805e-20,0.00030475107575193876,0.000330725145624292,1.8635230942045785e-14,166,INTERIOR
8.287499999999984e-09,-0.42793282146092576,-0.0006995516380981329,-0.0007594654723368928,5.991383423875988e-05,0.00023965533695503952,-0.0004598963011430934,563.465801999091,611.7244219802619,True,3.31831585045817e-09,True,-1.3552527156068805e-20,0.00029936110624894643,0.0003250002023792812,1.831264996835086e-14,166,INTERIOR
8.299999999999982e-09,-0.42419627631239043,-0.0006931791051710223,-0.0007528341113292174,5.965500615819509e-05,0.00023862002463278037,-0.000454559080538242,563.465801999091,611.957678972063,True,3.31831585045817e-09,True,-6.776263578034403e-21,0.0002940439952311025,0.0003193494267068016,1.799424808372979e-14,166,LEFT
8.299999999999982e-09,-0.424196276312395,-0.0006912731163836979,-0.0007504516253450474,5.917850896134949e-05,0.00023671403584539795,-0.0004545590805383,565.25465731033,613.6449780247793,True,3.31831585045817e-09,True,4.0657581468206416e-20,0.0002932354818848295,0.00031833878502395365,1.7994248083730176e-14,167,RIGHT
8.312499999999983e-09,-0.42050534368627746,-0.0006849912381932449,-0.0007439219442917675,5.89307060985227e-05,0.0002357228243940908,-0.0004492684137991541,565.25465731033,613.8842663088889,True,3.31831585045817e-09,True,-5.421010862427522e-20,0.00028804247603853917,0.00031282315286017346,1.7682474406871432e-14,167,INTERIOR
8.324999999999984e-09,-0.4168300154036056,-0.000678740678906653,-0.0007374198691029308,5.867919019627785e-05,0.0002347167607851114,-0.00044402391812154156,565.25465731033,614.1226367558443,True,3.31831585045817e-09,True,0.0,0.00028291948764371384,0.00030737873539709947,1.7374726174137006e-14,167,INTERIOR
8.337499999999984e-09,-0.41317051975895464,-0.0006725217220990936,-0.0007309458036576958,5.842408155860236e-05,0.00023369632623440945,-0.0004388253958646841,565.25465731033,614.3601108814081,True,3.31831585045817e-09,True,-8.809142651444724e-20,0.0002778661494688697,0.000302005257612877,1.7070987839788474e-14,167,INTERIOR
8.349999999999982e-09,-0.4095270775929494,-0.0006663346402358296,-0.0007245001386483317,5.816549841250214e-05,0.00023266199365000855,-0.0004336726465858211,565.25465731033,614.5967099174212,True,3.31831585045817e-09,True,-6.776263578034403e-21,0.0002728820779147286,0.0002967024244963379,1.6771242728182158e-14,167,LEFT
8.349999999999982e-09,-0.4095270775929512,-0.0006645096859750564,-0.0007222189458223705,5.7709259847314096e-05,0.00023083703938925638,-0.0004336726465858,567.0400644594475,616.2845873225143,True,3.31831585045817e-09,True,6.776263578034403e-21,0.00027213470972957453,0.00029576821426489735,1.677124272818231e-14,168,RIGHT
8.362499999999983e-09,-0.4059279791507548,-0.0006584104805614945,-0.0007158717780157581,5.7461297454263665e-05,0.00022984518981705466,-0.0004285652907444398,567.0400644594475,616.5272138508157,True,3.31831585045817e-09,True,0.0,0.0002672672358260048,0.0002905923841809944,1.647775242574156e-14,168,INTERIOR
8.374999999999984e-09,-0.40234448830084324,-0.0006523422985925604,-0.0007095521348820271,5.720983628946676e-05,0.00022883934515786705,-0.0004235029534346933,567.0400644594475,616.7689710891174,True,3.31831585045817e-09,True,-3.3881317890172014e-20,0.0002624663283242196,0.0002854843906318801,1.618810872660674e-14,168,INTERIOR
8.387499999999985e-09,-0.39877682010079385,-0.0006463054039651181,-0.0007032603956846383,5.695499171952026e-05,0.00022781996687808105,-0.000418485437087037,567.0400644594475,617.0098805522541,True,3.31831585045817e-09,True,-5.421010862427522e-20,0.0002577316138071688,0.0002804439442939461,1.590229522497009e-14,168,INTERIOR
8.399999999999983e-09,-0.3952251824602043,-0.000640300049963723,-0.0006969969270812773,5.669687711755425e-05,0.000226787508470217,-0.00041351254149350606,567.0400644594475,617.2499634860192,True,3.31831585045817e-09,True,-2.710505431213761e-20,0.0002530627040761904,0.0002754707376798995,1.562029448507018e-14,168,LEFT
8.399999999999983e-09,-0.3952251824602072,-0.0006385532233631806,-0.0006948133938306008,5.626017046742016e-05,0.00022504068186968065,-0.0004135125414935,568.8220549135891,618.9385128754111,True,3.31831585045817e-09,True,0.0,0.00025237231421426653,0.000274607750352495,1.562029448507041e-14,169,RIGHT
8.412499999999984e-09,-0.3917166507347223,-0.0006326330416302809,-0.0006886453282727034,5.601228664242245e-05,0.0002240491465696898,-0.00040858389506059114,568.8220549135891,619.1846219812949,True,3.31831585045817e-09,True,5.421010862427522e-20,0.0002478128962115338,0.0002697538415350967,1.5344193446282842e-14,169,INTERIOR
8.424999999999984e-09,-0.38822371522690896,-0.0006267435710657729,-0.0006825046811623449,5.576111009657199e-05,0.00022304444038628797,-0.0004036991306794849,568.8220549135891,619.4299122474241,True,3.31831585045817e-09,True,-6.776263578034403e-20,0.0002433167176537346,0.00026496450298060245,1.507176530645841e-14,169,INTERIOR
8.437499999999985e-09,-0.3847465782654364,-0.0006208850567639647,-0.000676391808197177,5.550675143321232e-05,0.00022202700573284927,-0.0003988580510311154,568.8220549135891,619.6744052284406,True,3.31831585045817e-09,True,-2.710505431213761e-20,0.00023888340108607666,0.0002602394337706352,1.4802992948696158e-14,169,INTERIOR
8.449999999999983e-09,-0.3812854353261838,-0.0006150577336850585,-0.0006703070530275161,5.524931934245753e-05,0.00022099727736983013,-0.0003940604563152284,568.8220549135891,619.9181222252898,True,3.31831585045817e-09,True,5.421010862427522e-20,0.00023451255573884354,0.0002555783165158078,1.453785831918775e-14,169,LEFT
8.449999999999983e-09,-0.3812854353261869,-0.0006133862154382017,-0.0006682176552189521,5.483143978075043e-05,0.00021932575912300171,-0.0003940604563152,570.6006603510838,621.6074403527269,True,3.31831585045817e-09,True,-6.776263578034403e-21,0.00023387523017643703,0.00025478165956280204,1.453785831918799e-14,170,RIGHT
8.462499999999984e-09,-0.37786619073341804,-0.0006076414327034432,-0.000662225295184414,5.458386248097085e-05,0.0002183354499238834,-0.0003893059827795598,570.6006603510838,621.8571848405111,True,3.31831585045817e-09,True,-6.776263578034403e-21,0.00022960715350744666,0.00025023254969864785,1.4278285809938388e-14,170,INTERIOR
8.474999999999985e-09,-0.37446251698665123,-0.0006019270331361404,-0.0006562602236671947,5.433319053105437e-05,0.00021733276212421748,-0.00038459427101192285,570.6006603510838,622.1061629939413,True,3.31831585045817e-09,True,-6.098637220230962e-20,0.00022539911187046655,0.00024574485515264043,1.4022217662797807e-14,170,INTERIOR
8.487499999999986e-09,-0.3710746041791261,-0.0005962432438735403,-0.0006503227738131398,5.407952993959959e-05,0.00021631811975839836,-0.0003799251241151419,570.6006603510838,622.3543964513732,True,3.31831585045817e-09,True,-5.421010862427522e-20,0.0002212507257148521,0.0002413182658813822,1.376963618666951e-14,170,INTERIOR
8.499999999999983e-09,-0.36770263583604884,-0.000590590282378293,-0.0006444132672573596,5.382298487906655e-05,0.0002152919395162662,-0.0003752983428620269,570.6006603510838,622.6019066133615,True,3.31831585045817e-09,True,1.3552527156068805e-20,0.00021716160352965475,0.00023695245693825133,1.3520522840077795e-14,170,LEFT
8.499999999999983e-09,-0.3677026358360533,-0.0005889913386030593,-0.0006424145875382992,5.3423248935239826e-05,0.0002136929957409593,-0.0003752983428621,572.3759126408875,624.292093510496,True,3.31831585045817e-09,True,3.3881317890172014e-20,0.00021657366768895026,0.00023621753713736358,1.3520522840078123e-14,171,RIGHT
8.512499999999984e-09,-0.36437138778181455,-0.0005834183559851738,-0.0006365945521722604,5.3176196187086617e-05,0.00021270478474834647,-0.0003707135712368273,572.3759126408875,624.5456352954966,True,3.31831585045817e-09,True,-2.710505431213761e-20,0.00021258095602770248,0.00023195684042934926,1.3276650823404547e-14,171,INTERIOR
8.524999999999985e-09,-0.36105567181826603,-0.0005778754138666269,-0.0006308016529773063,5.292623911067945e-05,0.0002117049564427178,-0.00036617045742390905,572.3759126408875,624.7984654726934,True,3.31831585045817e-09,True,-4.743384504624082e-20,0.0002086451957808735,0.00022775451459979403,1.3036119815213945e-14,171,INTERIOR
8.537499999999986e-09,-0.3577556662824084,-0.0005723627222437171,-0.0006250362015266473,5.267347928293022e-05,0.00021069391713172088,-0.0003616688051119962,572.3759126408875,625.0506058115939,True,3.31831585045817e-09,True,6.776263578034403e-21,0.00020476600705151405,0.0002236102427277914,1.2798911675716997e-14,171,INTERIOR
8.549999999999984e-09,-0.3544715432178693,-0.000566880481879638,-0.0006192984983983195,5.241801651868149e-05,0.00020967206607472595,-0.00035720841580491207,572.3759126408875,625.3020778604472,True,3.31831585045817e-09,True,-6.098637220230962e-20,0.00020094299923196468,0.00021952369443976145,1.2565007495125778e-14,171,LEFT
8.549999999999984e-09,-0.3544715432178704,-0.0005653514620187632,-0.0006173872235722289,5.203576155346579e-05,0.00020814304621386316,-0.0003572084158049,574.1478438230108,626.9932370071522,True,3.31831585045817e-09,True,-2.0328790734103208e-20,0.0002004010052022702,0.00021884620190264437,1.2565007495125856e-14,172,RIGHT
8.562499999999985e-09,-0.3512269911865146,-0.0005599467077715853,-0.0006117361494346834,5.178944166309804e-05,0.00020715776665239217,-0.00035278894111919314,574.1478438230108,627.2507478154295,True,3.31831585045817e-09,True,-2.0328790734103208e-20,0.00019666839739540849,0.00021485824716596793,1.2336039933793202e-14,172,INTERIOR
8.574999999999986e-09,-0.34799791970731453,-0.000554571637711779,-0.0006061120379554884,5.15404002437094e-05,0.0002061616009748376,-0.00034841003673694135,574.1478438230108,627.507604145049,True,3.31831585045817e-09,True,-4.0657581468206416e-20,0.0001929897762523776,0.00021092572831807083,1.2110255212061853e-14,172,INTERIOR
8.587499999999987e-09,-0.3447844958262516,-0.000549226445482274,-0.0006005151800805792,5.128873459830519e-05,0.00020515493839322075,-0.00034407150708905325,574.1478438230108,627.7638279480468,True,3.31831585045817e-09,True,-1.3552527156068805e-20,0.0001893647631000501,0.00020704832360009316,1.188763485621625e-14,172,INTERIOR
8.599999999999984e-09,-0.3415868805608241,-0.0005439113159170228,-0.0005949458562560118,5.103454033898901e-05,0.00020413816135595605,-0.0003397731545610667,574.1478438230108,628.0194409724974,True,3.31831585045817e-09,True,-3.3881317890172014e-20,0.00018579296970582874,0.00020322569914107952,1.1668159697127471e-14,172,LEFT
8.599999999999984e-09,-0.3415868805608255,-0.0005424496506748895,-0.0005931187747033618,5.066912402847237e-05,0.00020267649611388947,-0.000339773154561,575.916486089425,629.7116794818463,True,3.31831585045817e-09,True,-4.743384504624082e-20,0.00018529368403534497,0.0002026015920529804,1.1668159697127566e-14,173,RIGHT
8.612499999999985e-09,-0.33842771518548503,-0.0005372095814677598,-0.0005876333172600582,5.042373579229849e-05,0.00020169494316919396,-0.0003355146382985658,575.916486089425,629.9733416162004,True,3.31831585045817e-09,True,-2.0328790734103208e-20,0.00018180661123188462,0.00019887140092718876,1.1453331840566778e-14,173,INTERIOR
8.624999999999986e-09,-0.3352839666279658,-0.000531998827481923,-0.0005821746290067217,5.017580152479862e-05,0.00020070320609919448,-0.0003312956213827286,575.916486089425,630.2344090022614,True,3.31831585045817e-09,True,2.0328790734103208e-20,0.000178370677119566,0.00019519381888353802,1.1241533827778288e-14,173,INTERIOR
8.637499999999987e-09,-0.3321557910947905,-0.0005268175667668168,-0.0005767429811745574,4.992541440774065e-05,0.0001997016576309626,-0.00032711590913585417,575.916486089425,630.4949038303639,True,3.31831585045817e-09,True,-6.776263578034403e-20,0.00017498550565206463,0.00019156852117040296,1.103274695578061e-14,173,INTERIOR
8.649999999999985e-09,-0.32904333901943433,-0.0005216659689702936,-0.0005713386349706655,4.967266600037191e-05,0.00019869066400148765,-0.00032297530496880594,575.916486089425,630.7548481050559,True,3.31831585045817e-09,True,-2.710505431213761e-20,0.00017165071228279402,0.0001879951721615535,1.082695189530584e-14,173,LEFT
8.649999999999985e-09,-0.329043339019439,-0.0005202691682855536,-0.0005695926341147171,4.932346582916342e-05,0.00019729386331665368,-0.0003229753049689,577.6818717658646,632.4482769250725,True,3.31831585045817e-09,True,6.776263578034403e-21,0.00017119110432154498,0.00018742066220998413,1.0826951895306148e-14,174,RIGHT
8.662499999999986e-09,-0.32596824313318556,-0.0005151902704305571,-0.0005642694691747243,4.907919874416719e-05,0.00019631679497666876,-0.00031887347545388834,577.6818717658646,632.7142841047172,True,3.31831585045817e-09,True,3.3881317890172014e-20,0.00016793566733155945,0.0001839339275205801,1.0625529553133557e-14,174,INTERIOR
8.674999999999987e-09,-0.32290848870905264,-0.00051014030713341,-0.0005589728611735422,4.8832554040132196e-05,0.00019533021616052878,-0.00031481009097288125,577.6818717658646,632.9797590853898,True,3.31831585045817e-09,True,0.0,0.00016472863560602137,0.0001804970818309236,1.0426989208036439e-14,174,INTERIOR
8.687499999999988e-09,-0.3198642215523122,-0.0005051194415830365,-0.000553703062508345,4.8583620925308524e-05,0.0001943344837012341,-0.00031078495788180234,577.6818717658646,633.2447243564071,True,3.31831585045817e-09,True,-2.0328790734103208e-20,0.0001615696369728966,0.00017710979906036302,1.0231312022926666e-14,174,INTERIOR
8.699999999999985e-09,-0.31683558194147526,-0.00050012782895804,-0.0005484603160091706,4.833248705113061e-05,0.00019332994820452245,-0.0003067978807535176,577.6818717658646,633.5092022404883,True,3.31831585045817e-09,True,4.0657581468206416e-20,0.0001584582917330472,0.000173771743394571,1.003847859841933e-14,174,LEFT
8.699999999999985e-09,-0.3168355819414755,-0.0004987934800122207,-0.0005467923798269009,4.799889981468018e-05,0.00019199559925872072,-0.0003067978807535,579.4440332942766,635.2039363740537,True,3.31831585045817e-09,True,-6.776263578034403e-21,0.00015803552250828566,0.00017324328186362045,1.0038478598419342e-14,175,RIGHT
8.712499999999986e-09,-0.31384323160884187,-0.0004938722706385881,-0.0005416282049270035,4.775593428841546e-05,0.00019102373715366183,-0.0003028485334849262,579.4440332942766,635.474494656352,True,3.31831585045817e-09,True,-3.3881317890172014e-20,0.00015499846941921102,0.0001699863461647868,9.849757402668115e-15,175,INTERIOR
8.724999999999987e-09,-0.3108661363227251,-0.0004889796043863506,-0.0005364903570675799,4.7510752681229285e-05,0.00019004301072491714,-0.00029893659366143346,579.4440332942766,635.74458634701,True,3.31831585045817e-09,True,-2.710505431213761e-20,0.00015200720035619944,0.00016677668447599774,9.66377547122191e-15,175,INTERIOR
8.737499999999988e-09,-0.3079044319123018,-0.00048411563029078546,-0.0005313790706615654,4.7263440370779906e-05,0.00018905376148311962,-0.00029506186880766584,579.4440332942766,636.0142343005082,True,3.31831585045817e-09,True,0.0,0.00014906134812455024,0.00016361397088213617,9.480513919123732e-15,175,INTERIOR
8.749999999999986e-09,-0.30495824891742224,-0.0004792804897525718,-0.0005262945709936167,4.701408124104493e-05,0.00018805632496417973,-0.00029122416478839205,579.4440332942766,636.2834612250891,True,3.31831585045817e-09,True,0.0,0.0001461605388952288,0.0001604978707849593,9.299953358278045e-15,175,LEFT
8.749999999999986e-09,-0.3049582489174233,-0.00047800625501515234,-0.0005247017775718404,4.669552255668808e-05,0.0001867820902267523,-0.0002912241647884,581.2030032158018,637.9796199691077,True,3.31831585045817e-09,True,-2.710505431213761e-20,0.00014577195050099613,0.00016001213529216778,9.29995335827811e-15,176,RIGHT
8.762499999999987e-09,-0.30204731444579797,-0.0004732392831912332,-0.0005196933133080306,4.64540301167974e-05,0.0001858161204671896,-0.0002874231627240436,581.2030032158018,638.2549487628702,True,3.31831585045817e-09,True,-2.710505431213761e-20,0.00014294065457816645,0.0001569719696201293,9.123258016391875e-15,176,INTERIOR
8.774999999999988e-09,-0.29915153809370165,-0.0004685004531718058,-0.00051471092963817,4.621047646636418e-05,0.00018484190586545672,-0.0002836585473063491,581.2030032158018,638.5298798931973,True,3.31831585045817e-09,True,-6.776263578034403e-21,0.00014015263116394196,0.00015397656627489758,8.949164274382744e-15,176,INTERIOR
8.787499999999989e-09,-0.29627104612661503,-0.0004637899005200202,-0.0005097548438107589,4.5964943290738674e-05,0.0001838597731629547,-0.0002799301273570655,581.2030032158018,638.8044366520785,True,3.31831585045817e-09,True,-1.3552527156068805e-20,0.0001374075190100251,0.0001510256008439228,8.777653277295885e-15,176,INTERIOR
8.799999999999986e-09,-0.2934059597495615,-0.00045910775352517297,-0.0005048252643674302,4.571751084225722e-05,0.00018287004336902887,-0.0002762377101561441,581.2030032158018,639.0786422069738,True,3.31831585045817e-09,True,-2.710505431213761e-20,0.00013470495105151852,0.00014811874119755196,8.608705721656132e-15,176,LEFT
8.799999999999986e-09,-0.2934059597495623,-0.0004578913688340477,-0.0005033047835035346,4.5413414669486926e-05,0.0001816536586779477,-0.0002762377101561,582.9588141546081,640.7763494137855,True,3.31831585045817e-09,True,-2.0328790734103208e-20,0.00013434805653379458,0.00014767262305040023,8.608705721656177e-15,177,RIGHT
8.812499999999987e-09,-0.29057510667997183,-0.00045327521663726466,-0.0004984487748098575,4.5173558172592886e-05,0.00018069423269037154,-0.0002725809839468931,582.9588141546081,641.0566825949052,True,3.31831585045817e-09,True,-2.710505431213761e-20,0.00013171049442976053,0.0001448368059148756,8.443389262207702e-15,177,INTERIOR
8.824999999999988e-09,-0.28775930482714995,-0.0004486867959089915,-0.0004936185847784995,4.493178886950807e-05,0.00017972715547803227,-0.0002689596404309592,582.9588141546081,641.3366906511709,True,3.31831585045817e-09,True,-4.0657581468206416e-20,0.0001291138004758927,0.0001420433408056226,8.28054175146046e-15,177,INTERIOR
8.837499999999989e-09,-0.28495867129281494,-0.0004441262293971689,-0.0004888144142842316,4.468818488706267e-05,0.00017875273954825067,-0.0002653734898489182,582.9588141546081,641.6163973913481,True,3.31831585045817e-09,True,0.0,0.00012655762021530518,0.0001392919060032102,8.120144434496656e-15,177,INTERIOR
8.849999999999987e-09,-0.28217331833880915,-0.00043959363292219534,-0.0004840364558995641,4.4442822977368795e-05,0.00017777129190947518,-0.00026182234101272017,582.9588141546081,641.8958265229279,True,3.31831585045817e-09,True,-2.710505431213761e-20,0.00012404159412226826,0.00013658217295813666,7.962178158233493e-15,177,LEFT
8.849999999999987e-09,-0.2821733183388119,-0.00043843289295172086,-0.00048258553093647605,4.4152637984755215e-05,0.00017661055193902086,-0.0002618223410127,584.7115179587825,643.5952294525587,True,3.31831585045817e-09,True,-2.710505431213761e-20,0.00012371406427307216,0.0001361727606466428,7.962178158233646e-15,178,RIGHT
8.862499999999988e-09,-0.2794212086102457,-0.0004339641768763263,-0.0004778787487985532,4.391457192222695e-05,0.0001756582876889078,-0.0002583058891874185,584.7115179587825,643.8808166644521,True,3.31831585045817e-09,True,-4.743384504624082e-20,0.00012125879479633355,0.00013352945755844376,7.807621182121046e-15,178,INTERIOR
8.874999999999988e-09,-0.27668403373661715,-0.0004295227737357389,-0.00047319750892288936,4.3674735187150486e-05,0.00017469894074860194,-0.00025482383298713695,584.7115179587825,644.1661552196188,True,3.31831585045817e-09,True,-1.3552527156068805e-20,0.00011884209361894456,0.00013092619552290392,7.65540545247655e-15,178,INTERIOR
8.88749999999999e-09,-0.2739619020437437,-0.00042510879409589104,-0.00046854199657318167,4.34332024772906e-05,0.0001737328099091624,-0.00025137598418672867,584.7115179587825,644.4512695306571,True,3.31831585045817e-09,True,3.3881317890172014e-20,0.00011646361380603252,0.0001283626565685621,7.505512377142583e-15,178,INTERIOR
8.899999999999987e-09,-0.2712549172301293,-0.00042072234192757415,-0.0004639123890992868,4.31900471717126e-05,0.0001727601886868504,-0.0002479621532407238,584.7115179587825,644.7361839339278,True,3.31831585045817e-09,True,3.3881317890172014e-20,0.00011412300403643028,0.00012583851670715856,7.357923012152429e-15,178,LEFT
8.899999999999987e-09,-0.2712549172301332,-0.00041961511208082615,-0.00046252835179083266,4.291323971000654e-05,0.00017165295884002615,-0.0002479621532408,586.4611675800616,646.4374361662268,True,3.31831585045817e-09,True,-2.710505431213761e-20,0.00011382266249599755,0.00012546308978161224,7.35792301215264e-15,179,RIGHT
8.912499999999988e-09,-0.26858021008753347,-0.0004152904839351025,-0.00045796759433499554,4.267711039989304e-05,0.00017070844159957217,-0.00024458204233553034,586.4611675800616,646.7285441809076,True,3.31831585045817e-09,True,-1.3552527156068805e-20,0.00011153880542264327,0.0001230010326997754,7.213532925066361e-15,179,INTERIOR
8.924999999999989e-09,-0.2659203124838109,-0.00041099274278562397,-0.0004534320892568022,4.24393464711782e-05,0.0001697573858847128,-0.00024123535690091116,586.4611675800616,647.019484289328,True,3.31831585045817e-09,True,6.776263578034403e-21,0.00010929131859013163,0.00012057680286535606,7.071361259148763e-15,179,INTERIOR
8.93749999999999e-09,-0.26327532434493756,-0.00040672198762648127,-0.0004489220069442981,4.220001931781681e-05,0.00016880007727126725,-0.00023792191035521402,586.4611675800616,647.3102816037575,True,3.31831585045817e-09,True,6.776263578034403e-21,0.00010707986321057954,0.0001181900869838404,6.9313896408932076e-15,179,INTERIOR
8.949999999999987e-09,-0.2606453411743742,-0.0004024783111756205,-0.00044443751024451564,4.19591990688952e-05,0.0001678367962755808,-0.00023464151490003966,586.4611675800616,647.6009611873029,True,3.31831585045817e-09,True,-4.743384504624082e-20,0.00010490409673165555,0.00011584056648837122,6.793599387590594e-15,179,LEFT
8.949999999999987e-09,-0.2606453411743743,-0.0004014225031144246,-0.00044311775016803076,4.1695247053606156e-05,0.00016678098821442462,-0.0002346415149,588.2078546290174,649.3042596071848,True,3.31831585045817e-09,True,0.0,0.00010462890527933055,0.00011549657717296753,6.793599387590599e-15,180,RIGHT
8.962499999999988e-09,-0.25804669440706357,-0.0003972386515729859,-0.00043869984458098324,4.1461193007997356e-05,0.00016584477203198942,-0.00023139387954099647,588.2078546290174,649.6011739674628,True,3.31831585045817e-09,True,-6.776263578034403e-21,0.0001025061209291283,0.00011320504473101526,6.658809649441246e-15,180,INTERIOR
8.97499999999999e-09,-0.2554627233904531,-0.00039308125443231255,-0.00043430688893396943,4.122563450165692e-05,0.0001649025380066277,-0.00022817871642568483,588.2078546290174,649.8980058445984,True,3.31831585045817e-09,True,-4.743384504624082e-20,0.00010041760777101419,0.00011094922063430687,6.526120304206716e-15,180,INTERIOR
8.98749999999999e-09,-0.25289352001537535,-0.00038895039970273813,-0.0004299390394486915,4.0988639745953344e-05,0.00016395455898381337,-0.00022499584071892479,588.2078546290174,650.1947811562951,True,3.31831585045817e-09,True,2.0328790734103208e-20,9.836303569221265e-05,0.00010872879707820892,6.395513246576706e-15,180,INTERIOR
8.999999999999988e-09,-0.2503391719474426,-0.0003848461694245268,-0.00042559644516364275,4.075027573911596e-05,0.00016300110295646385,-0.00022184506646806296,588.2078546290174,650.4915258005115,True,3.31831585045817e-09,True,-2.710505431213761e-20,9.634207138088125e-05,0.00010654346166604148,6.266970101133124e-15,180,LEFT
8.999999999999988e-09,-0.2503391719474446,-0.00038383979988832384,-0.0004243384832433798,4.049868335505596e-05,0.00016199473342022385,-0.0002218450664681,589.9516113504659,652.197015578581,True,3.31831585045817e-09,True,-1.3552527156068805e-20,9.609013766451582e-05,0.00010622854452058228,6.266970101133223e-15,181,RIGHT
9.012499999999989e-09,-0.2478152421345185,-0.0003797934500624232,-0.0004200602852278705,4.026683516544728e-05,0.00016106734066178912,-0.0002187261094006341,589.9516113504659,652.5000420459788,True,3.31831585045817e-09,True,0.0,9.411860578832357e-05,0.00010409734129483963,6.141239423419003e-15,181,INTERIOR
9.02499999999999e-09,-0.24530584630123758,-0.0003757731161348657,-0.0004158067230966702,4.003360696180455e-05,0.0001601344278472182,-0.0002156386882876475,589.9516113504659,652.803076559625,True,3.31831585045817e-09,True,-2.710505431213761e-20,9.217934227071646e-05,0.00010199982010697304,6.01749582295664e-15,181,INTERIOR
9.03749999999999e-09,-0.24281106865656793,-0.00037177887569838427,-0.0004115779395885469,3.9799063890162634e-05,0.00015919625556065053,-0.0002125826201377337,589.9516113504659,653.106145959608,True,3.31831585045817e-09,True,-2.0328790734103208e-20,9.027202611226202e-05,9.993567934696342e-05,5.8957215062144545e-15,181,INTERIOR
9.049999999999988e-09,-0.24033098937428204,-0.00036781080066926856,-0.0004073740706023961,3.9563269933127575e-05,0.0001582530797325103,-0.00020955772093675826,589.9516113504659,653.4092770983771,True,3.31831585045817e-09,True,-2.0328790734103208e-20,8.839633362739215e-05,9.790461343330249e-05,5.7758984453621275e-15,181,LEFT
9.049999999999988e-09,-0.2403309893742822,-0.00036685195033015546,-0.00040617550767851933,3.932355734836387e-05,0.00015729422939345547,-0.0002095577209367,591.692469956854,655.1171096623358,True,3.31831585045817e-09,True,6.776263578034403e-21,8.81658921767313e-05,9.761656161997991e-05,5.7758984453621354e-15,182,RIGHT
9.06249999999999e-09,-0.23788043279081247,-0.0003629398646265831,-0.0004020339025239896,3.9094037897406495e-05,0.00015637615158962598,-0.00020656371303695714,591.692469956854,655.4265760680762,True,3.31831585045817e-09,True,6.776263578034403e-21,8.633629207441048e-05,9.563599872898596e-05,5.658710030474426e-15,182,INTERIOR
9.07499999999999e-09,-0.23544426090919743,-0.00035905335113296485,-0.000397916608481372,3.886325734840714e-05,0.00015545302939362857,-0.0002036003217393363,591.692469956854,655.7361466374605,True,3.31831585045817e-09,True,2.0328790734103208e-20,8.453705088447145e-05,9.368718178739112e-05,5.543399999507823e-15,182,INTERIOR
9.087499999999991e-09,-0.23302255059865173,-0.000355192477569326,-0.00039382375546480027,3.863127789547429e-05,0.00015452511158189715,-0.00020066736598742883,591.692469956854,656.0458492625895,True,3.31831585045817e-09,True,-6.776263578034403e-21,8.276785707665874e-05,9.176981598474747e-05,5.429950908750121e-15,182,INTERIOR
9.099999999999989e-09,-0.23061537487619585,-0.0003513573062608827,-0.00038975546687794124,3.839816061705852e-05,0.00015359264246823408,-0.00019776466379264863,591.692469956854,656.3557118831164,True,3.31831585045817e-09,True,1.3552527156068805e-20,8.102839689884383e-05,8.988360310410315e-05,5.318345112928834e-15,182,LEFT
9.099999999999989e-09,-0.2306153748761989,-0.0003504441180321594,-0.00038861398159202424,3.816986355986485e-05,0.0001526794542394594,-0.0001977646637927,593.4304626185688,658.0660453688537,True,3.31831585045817e-09,True,-6.776263578034403e-21,8.081780165314534e-05,8.962035904697694e-05,5.318345112928975e-15,183,RIGHT
9.11249999999999e-09,-0.2282368483746364,-0.0003466630969597863,-0.00038460588519086033,3.794278823107401e-05,0.00015177115292429604,-0.00019489194403549028,593.4304626185688,658.3823036725261,True,3.31831585045817e-09,True,0.0,7.912129269789263e-05,8.77812351022992e-05,5.209205895598677e-15,183,INTERIOR
9.12499999999999e-09,-0.22587255025357544,-0.0003429071999156513,-0.0003806217652812954,3.7714565365644104e-05,0.00015085826146257641,-0.00019204893845307488,593.4304626185688,658.6987683814625,True,3.31831585045817e-09,True,6.776263578034403e-21,7.745332374526079e-05,8.5972008806104e-05,5.101840895805397e-15,183,INTERIOR
9.137499999999992e-09,-0.22352255037370378,-0.0003391764852713493,-0.00037666173958679017,3.748525431544085e-05,0.0001499410172617634,-0.00018923546800958595,593.4304626185688,659.0154685837975,True,3.31831585045817e-09,True,6.776263578034403e-21,7.581359301464097e-05,8.41923926606352e-05,4.9962330525564944e-15,183,INTERIOR
9.149999999999991e-09,-0.221186914919717,-0.0003354710062737473,-0.00037272591963632696,3.725491336257968e-05,0.00014901965345031872,-0.00018645135282342856,593.4304626185688,659.3324334539556,True,3.31831585045817e-09,True,-2.710505431213761e-20,7.420179692270319e-05,8.244209627497353e-05,4.892365133170214e-15,183,LEFT
9.149999999999991e-09,-0.2211869149197178,-0.00033460167292863373,-0.0003716392529549422,3.703758002630844e-05,0.00014815032010523377,-0.0001864513528234,595.1656429212945,661.0454543868767,True,3.31831585045817e-09,True,2.710505431213761e-20,7.400951176206095e-05,8.220173982417228e-05,4.892365133170248e-15,184,RIGHT
9.16249999999999e-09,-0.21887907695136147,-0.00033094855618694347,-0.0003677616131822084,3.68130569952649e-05,0.0001472522279810596,-0.0001836963282058839,595.1656429212945,661.3688830469557,True,3.31831585045817e-09,True,1.3552527156068805e-20,7.243771449658398e-05,8.049532243146542e-05,4.790805032708002e-15,184,INTERIOR
9.174999999999991e-09,-0.21658530444374427,-0.0003273201114553603,-0.0003639076062601043,3.6587494804744e-05,0.000146349979218976,-0.0001809701322363843,595.1656429212945,661.6926270761154,True,3.31831585045817e-09,True,-2.0328790734103208e-20,7.089272599011953e-05,7.88170396912389e-05,4.690919410098939e-15,184,INTERIOR
9.187499999999992e-09,-0.21430566056971753,-0.00032371638826147596,-0.00036007733833194,3.636095007046401e-05,0.00014544380028185604,-0.00017827258797961995,595.1656429212945,662.0167169189348,True,3.31831585045817e-09,True,6.776263578034403e-21,6.937425442361876e-05,7.716661184741206e-05,4.5926916152222984e-15,184,INTERIOR
9.199999999999991e-09,-0.2120402049957677,-0.00032013743126710494,-0.0003562709096496153,3.613347838251035e-05,0.0001445339135300414,-0.00017560351773706354,595.1656429212945,662.3411831490992,True,3.31831585045817e-09,True,0.0,6.788200655269542e-05,7.554375671613306e-05,4.4961048534647194e-15,184,LEFT
9.199999999999991e-09,-0.2120402049957697,-0.0003193101820819068,-0.0003552368481681085,3.59266660862017e-05,0.0001437066643448068,-0.0001756035177371,596.8981148471007,664.057135958724,True,3.31831585045817e-09,True,-6.776263578034403e-21,6.770659646588407e-05,7.532449410761684e-05,4.496104853464804e-15,185,RIGHT
9.21249999999999e-09,-0.20980171676764414,-0.00031578184993474547,-0.00035148664663044914,3.57047966957037e-05,0.0001428191867828148,-0.00017296266315193067,596.8981148471007,664.3881426719062,True,3.31831585045817e-09,True,-3.3881317890172014e-20,6.625157424037217e-05,7.374250188397051e-05,4.4016760358650776e-15,185,INTERIOR
9.22499999999999e-09,-0.20757712490402133,-0.0003122777345566964,-0.0003477597260584305,3.5481991501734124e-05,0.0001419279660069365,-0.0001703497685497599,596.8981148471007,664.7195811084447,True,3.31831585045817e-09,True,-3.3881317890172014e-20,6.482171431082019e-05,7.218696409261907e-05,4.3088262783419675e-15,185,INTERIOR
9.23749999999999e-09,-0.20536648620052073,-0.00030879787711681134,-0.0003440561816033322,3.525830448652089e-05,0.00014103321794608356,-0.00016776465917072776,596.8981148471007,665.0514832484913,True,3.31831585045817e-09,True,-6.776263578034403e-21,6.341673496965974e-05,7.065760907144458e-05,4.217539365434867e-15,185,INTERIOR
9.249999999999989e-09,-0.20316985410966237,-0.0003053423141665903,-0.0003403761028156466,3.50337886490563e-05,0.0001401351545962252,-0.00016520715957036512,596.8981148471007,665.3838812488199,True,3.31831585045817e-09,True,-1.3552527156068805e-20,6.203635342273285e-05,6.915416315147036e-05,4.12779896189415e-15,185,INTERIOR
9.24999999999999e-09,-0.2031698541096621,-0.0003053423141665899,-0.0003403761028156461,3.5033788649056266e-05,0.00014013515459622506,-0.0001652071595703648,596.8981148471007,665.3838812488199,True,3.31831585045817e-09,True,-3.3881317890172014e-20,6.203635342273268e-05,6.915416315147017e-05,4.127798961894138e-15,185,LEFT
9.24999999999999e-09,-0.203169854109662,-0.00030455547403011456,-0.0003393925526450682,3.4837078614953637e-05,0.00013934831445981455,-0.0001652071595703,598.6279089692757,667.1029465376561,True,3.31831585045817e-09,True,1.3552527156068805e-20,6.187649122699733e-05,6.895433540680429e-05,4.127798961894135e-15,186,RIGHT
9.262499999999991e-09,-0.2009993797420143,-0.00030114884667526863,-0.00033576680393685164,3.4617957261583055e-05,0.00013847182904633222,-0.00016267701762893638,598.6279089692757,667.4419708429222,True,3.31831585045817e-09,True,-4.0657581468206416e-20,6.053073139175196e-05,6.74889193292657e-05,4.0400750656674466e-15,186,INTERIOR
9.274999999999992e-09,-0.19884262689513482,-0.00029776597824329845,-0.00033216397684749494,3.4397998604196475e-05,0.0001375919944167859,-0.00016017398382651255,598.6279089692757,667.7815513653632,True,3.31831585045817e-09,True,1.3552527156068805e-20,5.920856931389703e-05,6.604835771629063e-05,3.953839027055779e-15,186,INTERIOR
9.287499999999993e-09,-0.19669964628783523,-0.0002944069020113071,-0.0003285841561021017,3.417725409079464e-05,0.00013670901636317855,-0.00015769788564812853,598.6279089692757,668.1217218211845,True,3.31831585045817e-09,True,-2.710505431213761e-20,5.790973349032148e-05,6.463238728107025e-05,3.8690750849759495e-15,186,INTERIOR
9.29999999999999e-09,-0.19457048545294153,-0.00029107164687674185,-0.0003250274211036288,3.395577422688692e-05,0.0001358230969075477,-0.00015524854996919416,598.6279089692757,668.462516156151,True,3.31831585045817e-09,True,6.776263578034403e-21,5.663395163439483e-05,6.32407431096507e-05,3.7857673809393334e-15,186,LEFT
9.29999999999999e-09,-0.1945704854529447,-0.0002903235961231883,-0.00032409235766168537,3.376876153849707e-05,0.00013507504615398828,-0.0001552485499692,600.3550557525136,670.1848835269517,True,3.31831585045817e-09,True,6.776263578034403e-21,5.6488403036133397e-05,6.30588073618235e-05,3.7857673809394565e-15,187,RIGHT
9.312499999999992e-09,-0.19246669278206732,-0.00028703563433502086,-0.0003205881102155797,3.355247588055886e-05,0.00013420990352223545,-0.00015282573081278538,600.3550557525136,670.532400020497,True,3.31831585045817e-09,True,-4.743384504624082e-20,5.524479925106427e-05,6.170253331844552e-05,3.7043427830466684e-15,187,INTERIOR
9.324999999999993e-09,-0.19037644145683585,-0.0002837709716094235,-0.00031710641833141383,3.3335446721990364e-05,0.00013334178688796146,-0.00015042918472146202,600.3550557525136,670.880606205437,True,3.31831585045817e-09,True,-1.3552527156068805e-20,5.402330776375084e-05,6.036959148505731e-05,3.624318946176805e-15,187,INTERIOR
9.337499999999993e-09,-0.1882997764097509,-0.00028052963377985776,-0.0003136473568523996,3.311772307254186e-05,0.00013247089229016744,-0.0001480587414896903,600.3550557525136,671.2295377589837,True,3.31831585045817e-09,True,-3.3881317890172014e-20,5.282366731705652e-05,5.9059727166816194e-05,3.5456805795962183e-15,187,INTERIOR
9.349999999999993e-09,-0.18623673953849157,-0.00027731164252807613,-0.0003102109955667044,3.2899353038628284e-05,0.00013159741215451314,-0.000145714230373563,600.3550557525136,671.5792306471093,True,3.31831585045817e-09,True,-3.3881317890172014e-20,5.1645616140492594e-05,5.7772684383332485e-05,3.468412315392795e-15,187,LEFT
9.349999999999993e-09,-0.1862367395384949,-0.0002766008098095021,-0.0003093224546684777,3.272164485897554e-05,0.00013088657943590215,-0.0001457142303736,602.0795992263081,673.3051131222577,True,3.31831585045817e-09,True,2.0328790734103208e-20,5.151323297262901e-05,5.760720542350117e-05,3.468412315392919e-15,188,RIGHT
9.362499999999992e-09,-0.18419830097914897,-0.00027342851570709805,-0.00030593679177279845,3.250827606570043e-05,0.00013003310426280173,-0.00014339541144429632,602.0795992263081,673.6616351180642,True,3.31831585045817e-09,True,-2.710505431213761e-20,5.036506803249801e-05,5.635303725156116e-05,3.3929014083605152e-15,188,INTERIOR
9.374999999999991e-09,-0.18217321865962535,-0.0002702790593540439,-0.0003025733123888002,3.229425303475633e-05,0.0001291770121390253,-0.00014110204721501856,602.0795992263081,674.0189902059451,True,3.31831585045817e-09,True,0.0,4.923760617882209e-05,5.512075419837203e-05,3.318708159680767e-15,188,INTERIOR
9.38749999999999e-09,-0.18016153200698193,-0.0002671524595708289,-0.00029923208200127586,3.207962243044692e-05,0.00012831848972178769,-0.00013883396984904124,602.0795992263081,674.3772162771967,True,3.31831585045817e-09,True,1.3552527156068805e-20,4.813059639571384e-05,5.39101103189887e-05,3.2458177615102773e-15,188,INTERIOR
9.39999999999999e-09,-0.17816327755886693,-0.0002640487312445988,-0.00029591316129596906,3.186443005137027e-05,0.0001274577202054811,-0.0001365910110391177,602.0795992263081,674.7363515783276,True,3.31831585045817e-09,True,-6.776263578034403e-21,4.7043787393798116e-05,5.2720858689295494e-05,3.174215347051786e-15,188,INTERIOR
9.399999999999992e-09,-0.17816327755886668,-0.0002640487312445984,-0.0002959131612959687,3.186443005137026e-05,0.00012745772020548104,-0.0001365910110391174,602.0795992263081,674.7363515783276,True,3.31831585045817e-09,True,6.776263578034403e-21,4.704378739379798e-05,5.272085868929535e-05,3.174215347051777e-15,188,LEFT
9.399999999999992e-09,-0.1781632775588676,-0.0002633735697966721,-0.0002950692094860651,3.169563968939303e-05,0.00012678255875757212,-0.0001365910110391,603.801656801746,676.466046674357,True,3.31831585045817e-09,True,-6.776263578034403e-21,4.692349841735428e-05,5.2570497468741466e-05,3.1742153470518096e-15,189,RIGHT
9.412499999999992e-09,-0.17618887127172156,-0.00026031398824685336,-0.0002917992511066791,3.148526285982578e-05,0.0001259410514393031,-0.00013437293680755021,603.801656801746,676.8321305293947,True,3.31831585045817e-09,True,-3.3881317890172014e-20,4.586442776545329e-05,5.1411780690419435e-05,3.1042518360003273e-15,189,INTERIOR
9.424999999999993e-09,-0.17422763156262605,-0.0002572767821954454,-0.0002885510988583333,3.1274316662887914e-05,0.00012509726665155165,-0.00013217951554389374,603.801656801746,677.199201870733,True,3.31831585045817e-09,True,-2.710505431213761e-20,4.482472441796605e-05,5.027357453888058e-05,3.035526759992217e-15,189,INTERIOR
9.437499999999994e-09,-0.17227959262492454,-0.0002542619638639055,-0.00028532480937111987,3.106284550721439e-05,0.00012425138202885755,-0.00013001058183504795,603.801656801746,677.5673010892723,True,3.31831585045817e-09,True,-2.0328790734103208e-20,4.380414755448692e-05,4.915564192424078e-05,2.9680258035009953e-15,189,INTERIOR
9.449999999999992e-09,-0.17034478590239813,-0.0002512695417494827,-0.00028212043472138006,3.0850892971897365e-05,0.00012340357188758946,-0.00012786596986189325,603.801656801746,677.9364690059925,True,3.31831585045817e-09,True,-2.0328790734103208e-20,4.280245629310932e-05,4.805774505130497e-05,2.901734608413386e-15,189,LEFT
9.449999999999992e-09,-0.1703447859024002,-0.00025062859424004554,-0.00028131925033458193,3.069065609453639e-05,0.00012276262437814557,-0.0001278659698619,605.5212563655126,679.670196526931,True,3.31831585045817e-09,True,-6.776263578034403e-21,4.2693274226840094e-05,4.7921267468468086e-05,2.901734608413457e-15,190,RIGHT
9.462499999999993e-09,-0.1684330958633642,-0.0002476788120476707,-0.0002781621521832958,3.048334013562512e-05,0.00012193336054250048,-0.00012574545150517022,605.5212563655126,680.046445922657,True,3.31831585045817e-09,True,-1.0164395367051604e-20,4.171730909294948e-05,4.685171244424876e-05,2.8369707782117232e-15,190,INTERIOR
9.474999999999994e-09,-0.1665343785669742,-0.0002447509426866777,-0.0002750264781232528,3.0275535436575073e-05,0.00012110214174630029,-0.00012364880094037744,605.5212563655126,680.4238493992898,True,3.31831585045817e-09,True,1.3552527156068805e-20,4.075944614400699e-05,4.580136362371943e-05,2.773369924468828e-15,190,INTERIOR
9.487499999999995e-09,-0.16464866323533153,-0.00024184499217673228,-0.0002719122764138674,3.006728423713515e-05,0.0001202691369485406,-0.00012157585522819168,605.5212563655126,680.80245017028,True,3.31831585045817e-09,True,-2.371692252312041e-20,3.981945467205818e-05,4.4769992828819236e-05,2.7109182305181615e-15,190,INTERIOR
9.499999999999992e-09,-0.16277597647544223,-0.00023896096301353911,-0.00026881959099580357,2.9858627982264484e-05,0.00011943451192905794,-0.00011952645108448116,605.5212563655126,681.1822919638117,True,3.31831585045817e-09,True,-3.049318610115481e-20,3.8897104094040866e-05,4.375737142007092e-05,2.649601851753372e-15,190,LEFT
9.499999999999992e-09,-0.1627759764754439,-0.00023835280349283975,-0.0002680593915949247,2.970658810208494e-05,0.00011882635240833976,-0.0001195264510845,607.2384761710614,682.9203352765842,True,3.31831585045817e-09,True,-3.3881317890172014e-21,3.8798110334206585e-05,4.363362922027726e-05,2.6496018517534263e-15,191,RIGHT
9.512499999999993e-09,-0.16092569346719046,-0.00023550995044667244,-0.00026501234651978326,2.950239607311082e-05,0.00011800958429244327,-0.00011750036615422918,607.2384761710614,683.3074065956698,True,3.31831585045817e-09,True,3.3881317890172014e-21,3.789960209405443e-05,4.2647295641063503e-05,2.5897078817896146e-15,191,INTERIOR
9.524999999999994e-09,-0.1590881855535367,-0.00023268854763233547,-0.00026198633946364255,2.92977918313071e-05,0.0001171911673252284,-0.00011549738030710705,607.2384761710614,683.6958121587807,True,3.31831585045817e-09,True,-2.0328790734103208e-20,3.701799884191595e-05,4.167893138508382e-05,2.5309050782716527e-15,191,INTERIOR
9.537499999999995e-09,-0.1572634772389575,-0.00022988859524900935,-0.00025898141078045884,2.9092815531449472e-05,0.00011637126212579789,-0.00011351733312321145,607.2384761710614,684.0855983682609,True,3.31831585045817e-09,True,1.3552527156068805e-20,3.61530798664385e-05,4.072831719958579e-05,2.473180127328811e-15,191,INTERIOR
9.549999999999993e-09,-0.15545159054209748,-0.00022711009016360245,-0.0002559975967305243,2.8887506566921873e-05,0.00011555002626768749,-0.00011156006389591496,607.2384761710614,684.4768122372519,True,3.31831585045817e-09,True,-1.6940658945086007e-20,3.530462474409117e-05,3.979523358671446e-05,2.4165197002067933e-15,191,LEFT
9.549999999999993e-09,-0.1554515905420984,-0.00022653333847578465,-0.0002552766571207558,2.8743318644971163e-05,0.00011497327457988465,-0.0001115600638959,608.9534088052702,686.2194835781994,True,3.31831585045817e-09,True,-3.049318610115481e-20,3.521496777687226e-05,3.968316237769138e-05,2.4165197002068217e-15,192,RIGHT
9.562499999999992e-09,-0.15366141284100837,-0.00022379458779689013,-0.00025233689576101195,2.8542307964121837e-05,0.00011416923185648735,-0.00010962535594040278,608.9534088052702,686.6180918569277,True,3.31831585045817e-09,True,-2.371692252312041e-20,3.438859254704123e-05,3.877444391455135e-05,2.3611829796294816e-15,192,INTERIOR
9.574999999999991e-09,-0.151883809122035,-0.00022107682527685674,-0.0002494177829138388,2.8340957636982055e-05,0.00011336383054792822,-0.00010771299472892853,608.9534088052702,687.0182296666753,True,3.31831585045817e-09,True,-1.0164395367051604e-20,3.357799033165559e-05,3.7882522931726656e-05,2.306869147341876e-15,192,INTERIOR
9.58749999999999e-09,-0.15011879941703252,-0.00021838004566028939,-0.0002465193514747812,2.813930581449184e-05,0.00011255722325796736,-0.00010582282240232203,608.9534088052702,687.4199470154722,True,3.31831585045817e-09,True,-3.049318610115481e-20,3.278295027115939e-05,3.7007189076459615e-05,2.2535653938411244e-15,192,INTERIOR
9.59999999999999e-09,-0.14836640139625912,-0.0002157042405429665,-0.00024364163046126144,2.7937389918294925e-05,0.0001117495596731797,-0.00010395468086978681,608.9534088052702,687.8232946315478,True,3.31831585045817e-09,True,6.776263578034403e-21,3.2003261935272997e-05,3.6148231941854544e-05,2.201258906327588e-15,192,INTERIOR
9.599999999999992e-09,-0.1483664013962589,-0.00021570424054296618,-0.00024364163046126109,2.7937389918294908e-05,0.00011174955967317963,-0.00010395468086978656,608.9534088052702,687.8232946315478,True,3.31831585045817e-09,True,-3.3881317890172014e-21,3.20032619352729e-05,3.614823194185444e-05,2.2012589063275815e-15,192,LEFT
9.599999999999992e-09,-0.1483664013962601,-0.00021515758382147229,-0.00024295830955939037,2.7800725737918073e-05,0.00011120290295167229,-0.0001039546808698,610.6660919123344,689.5708659722058,True,3.31831585045817e-09,True,1.0164395367051604e-20,3.192215644470603e-05,3.604685007864533e-05,2.201258906327617e-15,193,RIGHT
9.612499999999993e-09,-0.1466350350791617,-0.00021252015183685614,-0.00024012310003977135,2.760294820291521e-05,0.00011041179281166084,-0.0001021083590251953,610.6660919123344,689.9817914290218,True,3.31831585045817e-09,True,6.776263578034403e-21,3.116289991962617e-05,3.521045919764893e-05,2.1501833512666984e-15,193,INTERIOR
9.624999999999994e-09,-0.1449160385141954,-0.00020990324691759653,-0.0002373081466835384,2.740489976594188e-05,0.00010961959906376751,-0.00010028364785382902,610.6660919123344,690.3944586006633,True,3.31831585045817e-09,True,-6.776263578034403e-21,3.0418347014565086e-05,3.438975652452398e-05,2.100065821864777e-15,193,INTERIOR
9.637499999999994e-09,-0.14320942749702642,-0.00020730685870446223,-0.00023451347535697982,2.7206616652517623e-05,0.00010882646661007049,-9.848039209439172e-05,610.6660919123344,690.8089215764277,True,3.31831585045817e-09,True,-3.049318610115481e-20,2.9688296551272983e-05,3.358454054621109e-05,2.0508940124026066e-15,193,INTERIOR
9.649999999999994e-09,-0.14151521558109714,-0.00020473097386490894,-0.00023173910825461825,2.7008134389709335e-05,0.00010803253755883734,-9.669843630607158e-05,610.6660919123344,691.225235290853,True,3.31831585045817e-09,True,-1.6940658945086007e-20,2.8972547902620554e-05,3.279460986322351e-05,2.00265562409644e-15,193,LEFT
9.649999999999994e-09,-0.1415152155810982,-0.00020421314893317094,-0.00023109182708994116,2.6878678156770224e-05,0.0001075147126270809,-9.669843630609004e-05,612.3765490244722,692.9779807049019,True,3.31831585045817e-09,True,0.0,2.88992677957726e-05,3.270300972966289e-05,2.00265562409647e-15,194,RIGHT
9.662499999999995e-09,-0.13984137509773453,-0.00020167429528339024,-0.00022835847538659764,2.6684180103207424e-05,0.0001067367204128297,-9.493757487056054e-05,612.3765490244722,693.4020763589685,True,3.31831585045817e-09,True,-2.0328790734103208e-20,2.820241077429585e-05,3.193396321328398e-05,1.9555610189225288e-15,194,INTERIOR
9.674999999999996e-09,-0.1381796973561503,-0.00019915550901868312,-0.00022564498522399863,2.6489476205315506e-05,0.00010595790482126203,-9.319760419742108e-05,612.3765490244722,693.8281448352374,True,3.31831585045817e-09,True,0.0,2.7519247963011694e-05,3.1179555768185136e-05,1.909362876143729e-15,194,INTERIOR
9.687499999999997e-09,-0.13653019414386497,-0.00019665677501198842,-0.00022295137585095354,2.6294600838965118e-05,0.00010517840335586047,-9.147837165612795e-05,612.3765490244722,694.25624484863,True,3.31831585045817e-09,True,0.0,2.684958767209315e-05,3.0439594629572494e-05,1.864049391296146e-15,194,INTERIOR
9.699999999999994e-09,-0.13489287512085033,-0.00019417807533080982,-0.00022027766304202426,2.6099587711214444e-05,0.00010439835084485778,-8.977972448595203e-05,612.3765490244722,694.6864361027434,True,3.31831585045817e-09,True,-1.0164395367051604e-20,2.6193238866805995e-05,2.9713887292640527e-05,1.8196087758369323e-15,194,LEFT
9.699999999999994e-09,-0.1348928751208504,-0.00019368786247958843,-0.00021966489697799752,2.59770344984091e-05,0.0001039081379936364,-8.977972448595203e-05,614.0848036104821,696.4446475579539,True,3.31831585045817e-09,True,-6.776263578034403e-21,2.612711264588357e-05,2.963122951648749e-05,1.8196087758369343e-15,195,RIGHT
9.712499999999995e-09,-0.13327528392389912,-0.00019124489045137198,-0.00021703074744776858,2.578585699639661e-05,0.00010314342798558644,-8.810146246578554e-05,614.0848036104821,696.882848003655,True,3.31831585045817e-09,True,-6.776263578034403e-21,2.5488217073901582e-05,2.89248344863174e-05,1.7762301304995924e-15,195,INTERIOR
9.724999999999996e-09,-0.13166964600296494,-0.00018882152795243916,-0.00021441606310532285,2.5594535152883703e-05,0.00010237814061153481,-8.644338734090434e-05,614.0848036104821,697.3232736265655,True,3.31831585045817e-09,True,-1.3552527156068805e-20,2.486206374323661e-05,2.823208712642725e-05,1.7336895678546102e-15,195,INTERIOR
9.737499999999997e-09,-0.13007596935730345,-0.00018641775540966036,-0.00021182085697696478,2.5403101567304443e-05,0.00010161240626921777,-8.480534914044258e-05,614.0848036104821,697.7659883923416,True,3.31831585045817e-09,True,-3.049318610115481e-20,2.4248470240324272e-05,2.7552803301373428e-05,1.6919757804242146e-15,195,INTERIOR
9.749999999999996e-09,-0.12849425996875774,-0.00018403355060500045,-0.0002092451388037644,2.521158819876392e-05,0.00010084635279505568,-8.318719780994479e-05,614.0848036104821,698.2110574204526,True,3.31831585045817e-09,True,2.710505431213761e-20,2.364725489441246e-05,2.68867992626497e-05,1.6510774844918699e-15,195,LEFT
9.749999999999996e-09,-0.1284942599687579,-0.0001835697723857564,-0.00020866541602970924,2.509564364395285e-05,0.0001003825745758114,-8.318719780994501e-05,615.7908790715143,699.9750465383705,True,3.31831585045817e-09,True,0.0,2.3587662055341098e-05,2.6812308213810482e-05,1.6510774844918742e-15,196,RIGHT
9.762499999999996e-09,-0.1269316511150362,-0.0001812200291971836,-0.00020612785188767814,2.490782269049456e-05,9.963129076197824e-05,-8.158873843520536e-05,615.7908790715143,700.428378018432,True,3.31831585045817e-09,True,-1.6940658945086007e-20,2.3002557521113583e-05,2.616414858089862e-05,1.6111644054789274e-15,196,INTERIOR
9.774999999999997e-09,-0.1253807839292068,-0.00017888943989610408,-0.00020360935536793784,2.4719915471833775e-05,9.88796618873351e-05,-8.000977800876898e-05,615.7908790715143,700.8842109518919,True,3.31831585045817e-09,True,-1.3552527156068805e-20,2.242929821083025e-05,2.5528700591352496e-05,1.572034097870244e-15,196,INTERIOR
9.787499999999997e-09,-0.1238416628342034,-0.0001765779807713112,-0.000201109933653014,2.453195288170279e-05,9.812781152681115e-05,-7.845016924450004e-05,615.7908790715143,701.3426152754154,True,3.31831585045817e-09,True,6.776263578034403e-21,2.1867710758625172e-05,2.4905788596065577e-05,1.5336757453540517e-15,196,INTERIOR
9.799999999999997e-09,-0.12231429034129639,-0.0001742856256201522,-0.0001986295908210286,2.434396520087641e-05,9.737586080350565e-05,-7.690976481664654e-05,615.7908790715143,701.8036622703181,True,3.31831585045817e-09,True,0.0,2.131762261441778e-05,2.429523744205619e-05,1.4960785621694952e-15,196,LEFT
9.799999999999997e-09,-0.1223142903412963,-0.0001738471456631578,-0.0001980814908747856,2.4234345211627813e-05,9.693738084651125e-05,-7.690976481664656e-05,617.4947987372306,703.5737623112296,True,3.31831585045817e-09,True,-1.6940658945086007e-20,2.1263990249649115e-05,2.422819698609536e-05,1.496078562169493e-15,197,RIGHT
9.812499999999996e-09,-0.12080540706479126,-0.0001715880227031938,-0.00019563793462201926,2.4049911918825483e-05,9.619964767530193e-05,-7.538837502789184e-05,617.4947987372306,704.0433543182422,True,3.31831585045817e-09,True,-1.0164395367051604e-20,2.072876093010197e-05,2.3634120329328056e-05,1.4593946376089918e-15,197,INTERIOR
9.824999999999995e-09,-0.11930805200708598,-0.00016934760057137614,-0.00019321304770674914,2.3865447135373008e-05,9.546178854149203e-05,-7.38858120298841e-05,617.4947987372306,704.5157510619725,True,3.31831585045817e-09,True,-6.776263578034403e-21,2.020453233624497e-05,2.305187234424441e-05,1.4234411273725533e-15,197,INTERIOR
9.837499999999995e-09,-0.11782222621900999,-0.00016712585171310088,-0.00019080683183073774,2.3680980117636865e-05,9.472392047054746e-05,-7.240193124255342e-05,617.4947987372306,704.9910292829579,True,3.31831585045817e-09,True,-3.3881317890172014e-21,1.969113990758569e-05,2.248128570409378e-05,1.3882076991203565e-15,197,INTERIOR
9.849999999999994e-09,-0.11634792894124116,-0.00016492274622897474,-0.00018841928576430323,2.3496539535328513e-05,9.398615814131405e-05,-7.093658808766067e-05,617.4947987372306,705.469267287767,True,3.31831585045817e-09,True,-2.371692252312041e-20,1.91884199590431e-05,2.1922193671264563e-05,1.3536840568916102e-15,197,INTERIOR
9.849999999999996e-09,-0.11634792894124096,-0.00016492274622897444,-0.00018841928576430293,2.349653953532849e-05,9.398615814131396e-05,-7.093658808766048e-05,617.4947987372306,705.4692672877671,True,3.31831585045817e-09,True,0.0,1.9188419959043035e-05,2.1922193671264492e-05,1.3536840568916058e-15,197,LEFT
9.849999999999996e-09,-0.1163479289412408,-0.00016450846808613033,-0.00018790143808574783,2.339296999961751e-05,9.357187999847004e-05,-7.093658808766029e-05,619.1965858619242,707.2458353956921,True,3.31831585045817e-09,True,-6.776263578034403e-21,1.914021955511747e-05,2.1861943166357544e-05,1.3536840568916019e-15,198,RIGHT
9.862499999999996e-09,-0.11489152519859079,-0.00016233740111025756,-0.0001855493518890472,2.3211950778789655e-05,9.284780311515862e-05,-6.948959799509893e-05,619.1965858619242,707.7329340794232,True,3.31831585045817e-09,True,-2.0328790734103208e-20,1.8651191610332898e-05,2.1318048038142655e-05,1.3200062562458423e-15,198,INTERIOR
9.874999999999997e-09,-0.11344643467467361,-0.00016018458483368507,-0.00018321553649517576,2.303095166149068e-05,9.212380664596272e-05,-6.806077818772235e-05,619.1965858619242,708.2231713648457,True,3.31831585045817e-09,True,6.776263578034403e-21,1.8172370039224365e-05,2.0785149392385234e-05,1.2870093540394986e-15,198,INTERIOR
9.887499999999998e-09,-0.11201265524491975,-0.00015804998814022763,-0.00018089998847296238,2.2850000332734738e-05,9.140000133093895e-05,-6.66499868092887e-05,619.1965858619242,708.7166317629717,True,3.31831585045817e-09,True,1.0164395367051604e-20,1.7703598833014974e-05,2.0263088042631893e-05,1.254683493501725e-15,198,INTERIOR
9.899999999999996e-09,-0.11059018307202662,-0.00015593357770902312,-0.00017860270162517873,2.2669123916155612e-05,9.067649566462245e-05,-6.525708204440067e-05,619.1965858619242,709.2134016086729,True,3.31831585045817e-09,True,0.0,1.7244722905916954e-05,1.975170546988706e-05,1.2230188591904363e-15,198,LEFT
9.899999999999996e-09,-0.1105901830720266,-0.00015554244372098687,-0.00017811378414013342,2.257134041914655e-05,9.02853616765862e-05,-6.525708204440067e-05,620.8962636211147,710.9968213589601,True,3.31831585045817e-09,True,0.0,1.7201467326574333e-05,1.9697635995708783e-05,1.223018859190436e-15,199,RIGHT
9.912499999999997e-09,-0.10918502406106048,-0.00015345691300461029,-0.00017585067016555236,2.2393757160942065e-05,8.957502864376826e-05,-6.388188436084204e-05,620.8962636211147,711.5028050758473,True,3.31831585045817e-09,True,6.776263578034403e-21,1.6755196738744438e-05,1.9200259653179446e-05,1.1921369479214358e-15,199,INTERIOR
9.924999999999998e-09,-0.10779096199662729,-0.00015138918611752432,-0.00017360542865563745,2.2216242538113147e-05,8.886497015245259e-05,-6.252421596507171e-05,620.8962636211147,712.0122959968127,True,3.31831585045817e-09,True,-1.3552527156068805e-20,1.63183860074944e-05,1.8713096162628006e-05,1.1618891488158348e-15,199,INTERIOR
9.937499999999999e-09,-0.10640799176815645,-0.00014933922865134554,-0.0001713780513794315,2.2038822728085947e-05,8.815529091234379e-05,-6.118393773900177e-05,620.8962636211147,712.5253875294991,True,3.31831585045817e-09,True,1.0164395367051604e-20,1.589088741299521e-05,1.823599428042524e-05,1.132266071213205e-15,199,INTERIOR
9.949999999999996e-09,-0.1050361066458081,-0.00014730700412683,-0.00016916852749802272,2.1861523371192708e-05,8.744609348477083e-05,-5.986091064205918e-05,620.8962636211147,713.0421752069097,True,3.31831585045817e-09,True,3.3881317890172014e-21,1.5472554195140212e-05,1.7768803495396635e-05,1.1032583699309573e-15,199,LEFT
9.949999999999996e-09,-0.1050361066458081,-0.00014693799431437168,-0.00016870726523244978,2.1769270918078127e-05,8.707708367231251e-05,-5.9860910642059175e-05,622.5938551080553,714.832859505928,True,3.31831585045817e-09,True,-2.0328790734103208e-20,1.5433794841125487e-05,1.7720354302878228e-05,1.1032583699309573e-15,200,RIGHT
9.962499999999997e-09,-0.10368096929773193,-0.00014493552476561704,-0.00016653066593427492,2.1595141168657892e-05,8.638056467463157e-05,-5.855496009098547e-05,622.5938551080553,715.35925692062,True,3.31831585045817e-09,True,-6.776263578034403e-21,1.5027055693374607e-05,1.726606086186241e-05,1.0749743394517233e-15,200,INTERIOR
9.974999999999998e-09,-0.10233671161978775,-0.00014295041574423323,-0.0001643715413831486,2.1421125638915403e-05,8.568450255566161e-05,-5.726591318857161e-05,622.5938551080553,715.8895697294683,True,3.31831585045817e-09,True,-2.371692252312041e-20,1.4629075471946362e-05,1.6821243029027286e-05,1.04728025451516e-15,200,INTERIOR
9.9875e-09,-0.1010033256976959,-0.00014098262980700988,-0.00016222987886728516,2.1247249060275294e-05,8.498899624110118e-05,-5.599363356590869e-05,622.5938551080553,716.4239015541038,True,3.31831585045817e-09,True,-6.776263578034403e-21,1.4239714476115109e-05,1.638575729313016e-05,1.0201671801994839e-15,200,INTERIOR
9.999999999999997e-09,-0.09968080208755184,-0.00013903212756763607,-0.00016010566321804053,2.1073535650404487e-05,8.429414260161795e-05,-5.473798496601811e-05,622.5938551080553,716.9623584955882,True,3.31831585045817e-09,True,-2.371692252312041e-20,1.3858833991880791e-05,1.5959460928333727e-05,9.93626230481768e-16,200,LEFT
9.999999999999997e-09,-0.0996808020875519,-0.00013868425854685835,-0.00015967082694206842,2.0986568395210065e-05,8.394627358084026e-05,-5.47379849660181e-05,624.2893833306066,718.7607528930325,True,3.31831585045817e-09,True,3.3881317890172014e-21,1.3824158128868264e-05,1.591611609956807e-05,9.93626230481769e-16,201,RIGHT
1e-08,-0.09968080208755155,-0.00013868425854685783,-0.00015967082694206785,2.0986568395210017e-05,8.394627358084007e-05,-5.4737984966017766e-05,624.2893833306066,718.7607528930328,True,3.31831585045817e-09,True,-3.3881317890172014e-21,1.3824158128868166e-05,1.591611609956796e-05,9.936262304817621e-16,201,LEFT
