time_s,V_port_V,I_port_A,I_conduction_A,I_gap_displacement_A,I_external_capacitor_A,I_series_A,Rsp_ohm,Z_dynamic_ohm,Z_dynamic_valid,impedance_current_gate_A,waveform_valid,KCL_residual_A,P_port_W,P_conduction_W,E_Cgap_J
0.0,100.0,0.331831585045817,0.4147894813072712,-0.08295789626145425,-0.331831585045817,0.0,241.08615214839827,301.35769018549786,True,3.31831585045817e-09,True,2.7755575615628914e-17,33.1831585045817,41.47894813072712,1e-09
1.25e-11,94.93970505392986,0.31479630804475484,0.3937999101478488,-0.07900360210309396,-0.3160144084123758,-0.001218100367620978,241.08615214839827,301.5909101463547,True,3.31831585045817e-09,True,-2.7755575615628914e-17,29.886668637835072,37.38724731970085,9.013547595727194e-10
2.5e-11,90.12063827221596,0.298573854977287,0.3738109280401267,-0.07523707306283975,-0.300948292251359,-0.002374437274071996,241.08615214839827,301.8370053837151,True,3.31831585045817e-09,True,2.7755575615628914e-17,26.90766638194915,33.68807942810561,8.121729442591595e-10
3.75e-11,85.53134513919643,0.2831256272049275,0.35477502285800483,-0.07164939565307733,-0.28659758261230933,-0.003471955407381799,241.08615214839827,302.0967970422843,True,3.31831585045817e-09,True,1.3877787807814457e-17,24.216115738216118,30.344384926834316,7.315611001320342e-10
5e-11,81.1609149022309,0.2670684064988479,0.3349638730306457,-0.06789546653179782,-0.27158186612719126,-0.0045134596283434,242.2975175439458,303.8956047486696,True,3.31831585045817e-09,True,2.7755575615628914e-17,21.675516212927402,27.18597439436191,6.587094107767165e-10
6.25e-11,77.01892452798705,0.25319503162002055,0.3178692266792128,-0.0646741950591923,-0.2586967802367692,-0.005501748616748641,242.2975175439458,304.1881352694641,True,3.31831585045817e-09,True,4.163336342344337e-17,19.50080903120366,24.4819459793759,5.931914735447767e-10
7.5e-11,73.07347168088157,0.2399806819310883,0.30158572164334346,-0.06160503971225521,-0.24642015884902085,-0.006439476917932573,242.2975175439458,304.4973082536077,True,3.31831585045817e-09,True,4.163336342344337e-17,17.536221565050027,22.03791568986309,5.339732263496601e-10
8.750000000000001e-11,69.31527531689056,0.2273942340724333,0.2860750535932287,-0.0586808195207954,-0.2347232780831816,-0.007329044010748306,242.2975175439458,304.82424323393855,True,3.31831585045817e-09,True,0.0,15.761893940204171,19.829371101108872,4.804607392256338e-10
1e-10,65.73549252395217,0.21415849501704837,0.26974130278701863,-0.055582807769970266,-0.22233123107988106,-0.0081727360628327,243.69828366942892,306.9478636311822,True,3.31831585045817e-09,True,0.0,14.077814148134031,17.731577392757185,4.3211549773665726e-10
1.125e-10,62.34419764301861,0.20286570669469664,0.2558253456047605,-0.052959638910063896,-0.21183855564025558,-0.00897284894555894,243.69828366942892,307.31757801156454,True,3.31831585045817e-09,True,3.469446951953614e-17,12.64749971316481,15.94922590847673,3.886798979751767e-10
1.25e-10,59.11297353348148,0.19210667078430477,0.24256622838454975,-0.05045955760024494,-0.20183823040097976,-0.00973155961667499,243.69828366942892,307.7091143797545,True,3.31831585045817e-09,True,-4.163336342344337e-17,11.355996545677847,14.338811038612313,3.494343639970082e-10
1.3750000000000002e-10,56.034309085253724,0.18185633929094486,0.22993312977642047,-0.048076790485475626,-0.1923071619419025,-0.010450822650957656,243.69828366942892,308.12403517925554,True,3.31831585045817e-09,True,1.3877787807814457e-17,10.190194324941576,12.884144062831702,3.139843794661748e-10
1.5e-10,53.101045493047245,0.17100397420318247,0.21653809298051127,-0.04553411877732879,-0.18213647510931516,-0.0111325009061327,245.2272704637997,310.5252128816256,True,3.31831585045817e-09,True,-6.938893903907228e-18,9.08048981365507,11.498399126335823,2.819721032454673e-10
1.625e-10,50.32247311058854,0.1618102990338428,0.2052074918723899,-0.04339719283854709,-0.17358877135418835,-0.01177847232034555,245.2272704637997,310.99672524592233,True,3.31831585045817e-09,True,-6.938893903907228e-18,8.142694422146846,10.326548491839658,2.532351299965907e-10
1.7500000000000002e-10,47.67432191322509,0.15304887952987872,0.19440872878068732,-0.041359849250808586,-0.16543939700323435,-0.012390517473355622,245.2272704637997,311.4973599262316,True,3.31831585045817e-09,True,-1.3877787807814457e-17,7.296501551165845,9.268304318631355,2.2728409698858144e-10
1.875e-10,45.15051410333075,0.14469956965320235,0.18411701935896987,-0.03941744970576754,-0.15766979882307017,-0.012970229169867807,245.2272704637997,312.02935994586437,True,3.31831585045817e-09,True,2.0816681711721685e-17,6.533259960372803,8.31297807923039,2.0385689237950692e-10
2e-10,42.74525497283269,0.13583004288192957,0.17316733509906337,-0.03733729221713382,-0.14934916886853528,-0.0135191259866057,246.8436379665918,314.69661693318506,True,3.31831585045817e-09,True,1.3877787807814457e-17,5.806089815958877,7.402081891775423,1.827156822692478e-10
2.1250000000000002e-10,40.4665524496214,0.12834103159386648,0.1639359749474208,-0.0355949433535543,-0.1423797734142172,-0.014038741820350732,246.8436379665918,315.3048713031798,True,3.31831585045817e-09,True,-1.3877787807814457e-17,5.193519086431715,6.6339237285896235,1.63754186715796e-10
2.25e-10,38.29420782447871,0.12120228282396944,0.15513548633431462,-0.0339332035103452,-0.1357328140413808,-0.014530531217411354,246.8436379665918,315.9528594036143,True,3.31831585045817e-09,True,2.0816681711721685e-17,4.641345407262333,5.940790554637821,1.4664463529043665e-10
2.375e-10,36.22330042263353,0.11439758923735782,0.14674593488018534,-0.03234834564282753,-0.1293933825713101,-0.01499579333395229,246.8436379665918,316.64391412545956,True,3.31831585045817e-09,True,1.3877787807814457e-17,4.1438582425698405,5.315622084965169,1.3121274935083623e-10
2.5e-10,34.2491370822409,0.10716269495505777,0.13781231049861117,-0.03064961554355342,-0.12259846217421368,-0.0154357672191559,248.52015729455496,319.59943800036393,True,3.31831585045817e-09,True,1.734723475976807e-17,3.670229829618139,4.719952713887281,1.1730033908781287e-10
2.625e-10,32.378333321414736,0.101057287578477,0.1302845357651966,-0.029227248186719606,-0.11690899274687842,-0.015851705168401425,248.52015729455496,320.3958279235531,True,3.31831585045817e-09,True,-3.469446951953614e-18,3.2720665417739934,4.218396125631315,1.0483564686726358e-10
2.7500000000000003e-10,30.594370393968603,0.09523599523162503,0.1231061927814051,-0.027870197549780068,-0.11148079019912027,-0.016244794967495244,248.52015729455496,321.24797267629253,True,3.31831585045817e-09,True,0.0,2.9136853129545637,3.7663564597456114,9.360154998033427e-11
2.875e-10,28.893260398348524,0.08968576845119616,0.11626123495529257,-0.026575466504096416,-0.10630186601638567,-0.016616097565189496,248.52015729455496,322.16103956416697,True,3.31831585045817e-09,True,6.938893903907228e-18,2.5913142618864016,3.359166135796848,8.348204964467751e-11
3e-10,27.271198422436186,0.08379126886261738,0.1089807423753201,-0.025189473512702745,-0.10075789405081098,-0.0169666251881936,250.23869197473968,325.46587243056956,True,3.31831585045817e-09,True,2.7755575615628914e-17,2.2850883192201374,2.972035449541754,7.43718263395886e-11
3.125e-10,25.73347782373674,0.07880910156095096,0.10283572704389937,-0.024026625482948427,-0.09610650193179371,-0.01729740037084275,250.23869197473968,326.5292626618065,True,3.31831585045817e-09,True,1.3877787807814457e-17,2.0280322673273483,2.6463209013720292,6.622118809047507e-11
3.25e-10,24.266766222084843,0.07405770276278806,0.0969744767709002,-0.022916774008112133,-0.09166709603244853,-0.01760939326966047,250.23869197473968,327.67376406223366,True,3.31831585045817e-09,True,-3.469446951953614e-18,1.7971409598892247,2.353256957308432,5.888759428773179e-11
3.375e-10,22.867827325489003,0.06952655267459468,0.09138405873619813,-0.021857506061603468,-0.08743002424641387,-0.01790347157181919,250.23869197473968,328.90782651798315,True,3.31831585045817e-09,True,1.0408340855860843e-17,1.5899212010991466,2.0897548754817237,5.2293752658838154e-11
3.5000000000000003e-10,21.533572196280634,0.06472793320064354,0.08545503235524547,-0.020727099154601934,-0.08290839661840774,-0.0181804634177642,251.98717504152745,332.67819829085073,True,3.31831585045817e-09,True,6.938893903907228e-18,1.393823622692088,1.840152108757176,4.636947315324304e-11
3.625e-10,20.268115335334215,0.06065825721953522,0.08043312256663075,-0.01977486534709555,-0.0790994613883822,-0.01844120416884698,251.98717504152745,334.1361302547742,True,3.31831585045817e-09,True,1.3877787807814457e-17,1.229428553365909,1.6302278049615453,4.1079649924641e-11
3.75e-10,19.06081683902203,0.056776312012395316,0.07564201168524078,-0.018865699672845453,-0.07546279869138181,-0.018686486678986498,251.98717504152745,335.7177696723363,True,3.31831585045817e-09,True,-6.938893903907228e-18,1.0822028840634335,1.4417985300675387,3.633147385707458e-11
3.875e-10,17.909046218590458,0.053073604238293444,0.07107126073237278,-0.01799765649407935,-0.0719906259763174,-0.01891702173802396,251.98717504152745,337.4379124165228,True,3.31831585045817e-09,True,1.0408340855860843e-17,0.9504976312907757,1.2728184932695572,3.207339364596092e-11
4e-10,16.81029181998703,0.04916968158462408,0.06624547397722132,-0.017075792392597246,-0.06830316957038898,-0.0191334879857649,253.75758992632902,341.8832759991637,True,3.31831585045817e-09,True,6.938893903907228e-18,0.826556696133373,1.113605749310447,2.8258591107312282e-11
4.125e-10,15.767652372278734,0.04584202467907199,0.06213667294387688,-0.016294648264804885,-0.06517859305921954,-0.019336568380147554,253.75758992632902,343.9562820940816,True,3.31831585045817e-09,True,-1.0408340855860843e-17,0.7228211091810297,0.9797494585490282,2.486188613330272e-11
4.2500000000000003e-10,14.772730395863627,0.04266735007080044,0.058215915433908604,-0.015548565363108155,-0.06219426145243262,-0.019526911381632175,253.75758992632902,346.23032298350773,True,3.31831585045817e-09,True,-6.938893903907228e-18,0.6303132593018678,0.8600080234535281,2.1823356334887312e-11
4.3750000000000004e-10,13.823384046991928,0.039638788692813925,0.054474760936234996,-0.014835972243421081,-0.059343888973684325,-0.019705100280870403,253.75758992632902,348.73376565863515,True,3.31831585045817e-09,True,1.0408340855860843e-17,0.547942199258328,0.7530255412896499,1.9108594651063096e-11
4.5e-10,12.917567479590348,0.03646499416100248,0.05054916574769929,-0.01408417158669682,-0.05633668634678728,-0.0198716921857848,255.5446225178955,354.245702674623,True,3.31831585045817e-09,True,1.214306433183765e-17,0.4710390227176176,0.6529722595829027,1.6686354958977013e-11
4.625e-10,12.057521528394462,0.033741450464166746,0.047183624564629954,-0.013442174100463217,-0.05376869640185287,-0.020027245937686122,255.5446225178955,357.35042099626065,True,3.31831585045817e-09,True,8.673617379884035e-18,0.40683826537094586,0.5689175689757074,1.4538382540769594e-11
4.75e-10,11.236699982879982,0.03114280292785891,0.04397157675307015,-0.01282877382521124,-0.05131509530084496,-0.02017229237298605,255.5446225178955,360.8120954594023,True,3.31831585045817e-09,True,-5.204170427930421e-18,0.34994233312630685,0.4940954157484292,1.2626342650525498e-11
4.875e-10,10.453355555703865,0.028663485637313434,0.040906184809159224,-0.01224269917184579,-0.04897079668738316,-0.020307311050069728,255.5446225178955,364.6924064983897,True,3.31831585045817e-09,True,0.0,0.29962960683264833,0.4276068942374736,1.0927264237396489e-11
5e-10,9.705818653761199,0.026085637562825476,0.03771523699447687,-0.011629599431651394,-0.04651839772660558,-0.020432760163780102,257.3447610890672,372.075193883431,True,3.31831585045817e-09,True,1.734723475976807e-18,0.25318246765252533,0.36605725075201806,9.420291573969885e-12
5.125e-10,8.995614439428886,0.023854579408608866,0.034955498613455344,-0.011100919204846477,-0.04440367681938591,-0.020549097410777043,257.3447610890672,377.10220269834076,True,3.31831585045817e-09,True,0.0,0.2145865989745849,0.3144461880646353,8.092107914286147e-12
5.25e-10,8.317716863504533,0.021725687322485292,0.032321298589116275,-0.01059561126663098,-0.04238244506652392,-0.02065675774403863,257.3447610890672,382.8517247827644,True,3.31831585045817e-09,True,-1.734723475976807e-18,0.18070811581346255,0.2688394103250577,6.918441382142768e-12
5.375000000000001e-10,7.670697619642025,0.019694442160845933,0.029807086754671454,-0.010112644593825526,-0.0404505783753021,-0.02075613621445617,257.3447610890672,389.4853967934143,True,3.31831585045817e-09,True,5.204170427930421e-18,0.15107011060337844,0.22864114941752167,5.883960197198184e-12
5.500000000000001e-10,7.053191408704373,0.017603308834027068,0.027216038644081533,-0.009612729810054467,-0.038450919240217867,-0.0208476104061908,259.155694954092,400.6741843369018,True,3.31831585045817e-09,True,1.734723475976807e-18,0.12415950663292952,0.19195992994340208,4.974750904782119e-12
5.625e-10,6.466131089073116,0.01577429548205129,0.024950758231334854,-0.009176462749283574,-0.0367058509971343,-0.02093155551508301,259.155694954092,409.9156819035484,True,3.31831585045817e-09,True,8.673617379884035e-18,0.10199866242471743,0.16133487349558126,4.181085126107789e-12
5.75e-10,5.905734776580085,0.014029026990909452,0.022788365803137197,-0.00875933881222775,-0.035037355248911,-0.02100832825800155,259.155694954092,420.9653870084427,True,3.31831585045817e-09,True,5.204170427930421e-18,0.08285171258179462,0.1345820444250157,3.487770325130743e-12
5.875e-10,5.370832401343116,0.012363826194852347,0.0207243464292557,-0.008360520234403354,-0.033442080937613416,-0.02107825474276107,259.155694954092,434.39889211474446,True,3.31831585045817e-09,True,0.0,0.06640403833188775,0.11130699129890603,2.8845840683317067e-12
6e-10,4.860305099735758,0.010670532550291278,0.018623577379302998,-0.00795304482901172,-0.03181217931604688,-0.0211416467657556,260.9759124547777,455.4885219485211,True,3.31831585045817e-09,True,0.0,0.0518620437710771,0.09051626811194986,2.3622565662517416e-12
6.125e-10,4.374598176458104,0.009170205210327742,0.016762459551573138,-0.0075922543412454,-0.0303690173649816,-0.021198812154653857,260.9759124547777,477.0447417612104,True,3.31831585045817e-09,True,3.469446951953614e-18,0.04011596299084634,0.07332902498726458,1.913710920547057e-12
6.25e-10,3.9109459341302504,0.007738671429612775,0.014985850216379434,-0.00724717878676666,-0.02898871514706664,-0.021250043717453863,260.9759124547777,505.37692027660427,True,3.31831585045817e-09,True,8.673617379884035e-19,0.030265525563214015,0.05860884997323408,1.5295498099689937e-12
6.375e-10,3.468387668476978,0.006372932292996014,0.013290068174694037,-0.006917135881698024,-0.027668543526792096,-0.021295611233796082,260.9759124547777,544.2373320502414,True,3.31831585045817e-09,True,8.673617379884035e-19,0.02210379977706609,0.04609510857032714,1.2029713018843168e-12
6.5e-10,3.046004385670597,0.005005152961880484,0.011590384384985426,-0.006585231423104946,-0.026340925692419782,-0.0213357727305393,262.8044320615021,608.5736857333096,True,3.31831585045817e-09,True,3.469446951953614e-18,0.015245717872840132,0.035304361668273616,9.278142717524513e-13
6.625e-10,2.643841675297176,0.00377393235734998,0.010060110685950906,-0.006286178328600931,-0.025144713314403724,-0.021370780957053744,262.8044320615021,700.5535406982378,True,3.31831585045817e-09,True,5.204170427930421e-18,0.009977679646114393,0.026597339889619466,6.989898804038179e-13
6.75e-10,2.2599626998854316,0.0025993516100686863,0.008599408625485243,-0.006000057015416561,-0.024000228061666243,-0.021400876451597557,262.8044320615021,869.4332429408092,True,3.31831585045817e-09,True,4.336808689942018e-18,0.005874437682642372,0.019434342734669697,5.107431404873449e-13
6.875000000000001e-10,1.893576757166073,0.0014789590144919929,0.007205269493792,-0.005726310479300008,-0.02290524191720003,-0.021426282902708038,262.8044320615021,1280.34430880865,True,3.31831585045817e-09,True,8.673617379884035e-19,0.002800522414643279,0.013643730842562289,3.585632935279581e-13
7.000000000000001e-10,1.5439272026455595,0.00037779888595424263,0.0058340521884668785,-0.005456253302512636,-0.021825013210050544,-0.0214472143240963,264.6406224643811,4086.6377854606835,True,3.31831585045817e-09,True,0.0,0.0005832939771539425,0.009007351875427873,2.3837112070689427e-13
7.125000000000001e-10,1.2107330322970116,-0.0006327690716443242,0.0045750082546755205,-0.0052077773263198455,-0.020831109305279382,-0.021463878376923706,264.6406224643811,-1913.3884485706305,True,3.31831585045817e-09,True,8.673617379884035e-19,-0.0007661144168556976,0.005539113616967152,1.4658744754951164e-13
7.25e-10,0.8927327852111282,-0.001596592365896335,0.003373377741095981,-0.0049699701069923176,-0.01987988042796927,-0.021476472793865605,264.6406224643811,-559.1488499382518,True,3.31831585045817e-09,True,1.734723475976807e-18,-0.0014253303496534597,0.0030115249063778393,7.969718257908184e-14
7.375e-10,0.5892740145544031,-0.002515680505566383,0.002226695240764541,-0.004742375746330927,-0.018969502985323707,-0.02148518349089009,264.6406224643811,-234.24040264673167,True,3.31831585045817e-09,True,2.6020852139652106e-18,-0.001482425150851353,0.0013121336437145043,3.472438642290629e-14
7.5e-10,0.2997321541516135,-0.0033982251232562016,0.0011247656957683219,-0.004522990819024525,-0.0180919632760981,-0.0214901883993543,266.4840822220026,-88.2025596539667,True,3.31831585045817e-09,True,8.673617379884035e-19,-0.0010185573364857134,0.0003371284449084774,8.98393642323666e-15
7.625e-10,0.023560224660982787,-0.004227602542753055,8.841137701183679e-05,-0.004316013919764896,-0.017264055679059583,-0.021491658221812638,266.4840822220026,-5.572951672424756,True,3.31831585045817e-09,True,4.336808689942018e-18,-9.960326568460405e-05,2.082991904985724e-06,5.5508418607598154e-17
7.75e-10,-0.239953443280923,-0.005018304667835937,-0.0009004419373950545,-0.004117862730440886,-0.016471450921763543,-0.02148975558959948,266.4840822220026,47.81563877914153,True,3.31831585045817e-09,True,2.6020852139652106e-18,0.0012041594844799616,0.00021606414335248862,5.757765494237113e-15
7.875e-10,-0.4913486794418466,-0.005771983079885672,-0.0018438199960946026,-0.003928163083791069,-0.015712652335164275,-0.021484635415049948,266.4840822220026,85.12649338043086,True,3.31831585045817e-09,True,-8.673617379884035e-19,0.002836056264062508,0.0009059585202095538,2.4142352478924657e-14
8e-10,-0.7311424271812051,-0.006475082751026668,-0.0027247419380559096,-0.003750340812970758,-0.015001363251883032,-0.0214764460029097,268.3345593098155,112.91630629203581,True,3.31831585045817e-09,True,-4.336808689942018e-19,0.004734207718784793,0.0019921744340326186,5.345692488244239e-14
8.125e-10,-0.960097497853943,-0.007155454944400796,-0.003577986750284473,-0.003577468194116323,-0.014309872776465293,-0.02146532772086609,268.3345593098155,134.17700276419566,True,3.31831585045817e-09,True,4.336808689942018e-19,0.0068699343881258295,0.0034352161263026836,9.217872053854023e-14
8.25e-10,-1.1784784890082176,-0.007803743063686417,-0.004391825235032667,-0.003411917828653749,-0.013647671314614996,-0.021451414378301413,268.3345593098155,151.01451692997117,True,3.31831585045817e-09,True,-1.3010426069826053e-18,0.009196543334301529,0.005175671566969458,1.3888115490550917e-13
8.375000000000001e-10,-1.386733347989044,-0.00842130848287587,-0.005167926753661053,-0.0032533817292148166,-0.013013526916859267,-0.021434835399735137,268.3345593098155,164.6695820262216,True,3.31831585045817e-09,True,-8.673617379884035e-19,0.011678109306906992,0.007166536369266543,1.9230293784249031e-13
8.500000000000001e-10,-1.5852911804103083,-0.009009455305331976,-0.005907890450219467,-0.00310156485511251,-0.01240625942045004,-0.021415714725782017,268.3345593098155,175.95860423127922,True,3.31831585045817e-09,True,4.336808689942018e-19,0.014282610035843643,0.009365726625563205,2.513148126686709e-13
8.625000000000001e-10,-1.7750891908357394,-0.0095346216345419,-0.006569735094889663,-0.002964886539652238,-0.011859546158608953,-0.021394167793150853,270.19189742011224,186.17300810395767,True,3.31831585045817e-09,True,1.3010426069826053e-18,0.016924803802183915,0.011661865753592852,3.15094163542188e-13
8.750000000000001e-10,-1.9560289439854235,-0.010065586040827404,-0.007239406372516272,-0.0028261796683111315,-0.011304718673244526,-0.02137030471407193,270.19189742011224,194.32837154751851,True,3.31831585045817e-09,True,-4.336808689942018e-19,0.019688577634034046,0.014160488401914348,3.826049229708731e-13
8.875e-10,-2.1284832977448347,-0.010570984837729752,-0.007877672565566715,-0.0026933122721630376,-0.01077324908865215,-0.021344233926381902,270.19189742011224,201.35146634094997,True,3.31831585045817e-09,True,8.673617379884035e-19,0.02250016466782167,0.016767494480911454,4.530441148778727e-13
9e-10,-2.29280954955145,-0.011051896706915896,-0.00848585605802397,-0.0025660406488919284,-0.010264162595567713,-0.02131605930248361,270.19189742011224,207.4584671169329,True,3.31831585045817e-09,True,1.734723475976807e-18,0.025339894310272993,0.01945645180595638,5.256975630514325e-13
9.125e-10,-2.4500850582483715,-0.011461824361209025,-0.00900581151081491,-0.0024560128503941154,-0.009824051401576462,-0.021285875762785487,272.05600020676764,213.76047835284834,True,3.31831585045817e-09,True,4.336808689942018e-19,0.02808244460766542,0.022065004220048805,6.002916792651927e-13
9.25e-10,-2.599917155938838,-0.011895995920593663,-0.009556551423099848,-0.002339444497493815,-0.00935777798997526,-0.021253773910568922,272.05600020676764,218.55397171396226,True,3.31831585045817e-09,True,0.0,0.030928603880929894,0.02484624199652901,6.759569217745096e-13
9.375000000000001e-10,-2.7426172314236528,-0.012308829825311543,-0.010081076062793,-0.0022277537625185443,-0.008911015050074177,-0.02121984487538572,272.05600020676764,222.81705656404552,True,3.31831585045817e-09,True,4.336808689942018e-19,0.03375840877756083,0.027648532921108596,7.521949278101942e-13
9.5e-10,-2.878483779716985,-0.01264341301092089,-0.010508222270313337,-0.0021351907406075526,-0.00854076296243021,-0.0211841759733511,273.9268075675329,227.66667332868602,True,3.31831585045817e-09,True,-4.336808689942018e-19,0.036393859272198466,0.03024774735875773,8.28566887009378e-13
9.625e-10,-3.0087060159933565,-0.013016259360339118,-0.010983612895395794,-0.002032646464943326,-0.008130585859773304,-0.021146845220112422,273.9268075675329,231.14982059753373,True,3.31831585045817e-09,True,1.734723475976807e-18,0.03916209784318214,0.033046462195719536,9.052311890674616e-13
9.75e-10,-3.1326534145351674,-0.013370462654536164,-0.011436096533789797,-0.001934366120746367,-0.007737464482985468,-0.02110792713752163,273.9268075675329,234.2965606707977,True,3.31831585045817e-09,True,-6.505213034913027e-19,0.041885025488647656,0.0358253268555304,9.813517415598845e-13
9.875e-10,-3.250586958352189,-0.013706800457631545,-0.011866625932734975,-0.00184017452489657,-0.00736069809958628,-0.021067498557217824,273.9268075675329,237.1514029404548,True,3.31831585045817e-09,True,-6.505213034913027e-19,0.04455514680831291,0.03857349949659219,1.0566315573809336e-12
1e-09,-3.3627569077514656,-0.014026018378881715,-0.01227611469506293,-0.0017499036838187875,-0.00699961473527515,-0.021025633114156866,273.9268075675329,239.75135472619962,True,3.31831585045817e-09,True,2.3852447794681098e-18,0.0471660901918335,0.041281589491172145,1.1308134020630198e-12
1.0125e-09,-3.4704409335826183,-0.014262866439426848,-0.012582984329819271,-0.001679882109607577,-0.006719528438430308,-0.020982394877857156,275.804280019513,243.3200190383384,True,3.31831585045817e-09,True,0.0,0.04949843552160871,0.04366850388483345,1.2043960273485795e-12
1.025e-09,-3.572816893094359,-0.014550908973040632,-0.012954174941888445,-0.001596734031152188,-0.006386936124608752,-0.020937845097649385,275.804280019513,245.53908623261526,True,3.31831585045817e-09,True,6.505213034913027e-19,0.05198773338875786,0.04628289506847867,1.2765020551580429e-12
1.0375e-09,-3.6701043629143015,-0.014823942486014518,-0.013306915913903308,-0.0015170265721112107,-0.006068106288444843,-0.02089204877445936,275.804280019513,247.57950635445465,True,3.31831585045817e-09,True,4.336808689942018e-19,0.05440541599351256,0.04883777015255028,1.3469666034682592e-12
1.05e-09,-3.762513967864213,-0.01508259038050697,-0.01364197092082116,-0.0014406194596858091,-0.0057624778387432365,-0.020845068219250206,275.804280019513,249.46072743094305,True,3.31831585045817e-09,True,0.0,0.05674845697823189,0.051328106138787036,1.4156511358373306e-12
1.0625e-09,-3.851392470294525,-0.015254972089672537,-0.013869476116452307,-0.001385495973220231,-0.005541983892880924,-0.02079695598255346,277.6883883686068,252.46801158698145,True,3.31831585045817e-09,True,4.336808689942018e-19,0.05875288464071794,0.053416795881834164,1.4833223960241361e-12
1.0750000000000001e-09,-3.9357640802526395,-0.015488201818993288,-0.01417331168715726,-0.0013148901318360269,-0.0052595605273441075,-0.020747762346337396,277.6883883686068,254.11368771203541,True,3.31831585045817e-09,True,-4.336808689942018e-19,0.06095790838689737,0.05578281103653848,1.5490238895406905e-12
1.0875e-09,-4.015814299216415,-0.01570877669506442,-0.01446158524239687,-0.0012471914526675507,-0.004988765810670203,-0.020697542505734624,277.6883883686068,255.64144027065797,True,3.31831585045817e-09,True,1.5178830414797062e-18,0.06308353007523727,0.05807504080575444,1.6126764485791025e-12
1.1000000000000001e-09,-4.09172112411322,-0.015917220098503243,-0.01473493777738312,-0.0011822823211201212,-0.004729129284480485,-0.020646349382983726,277.6883883686068,257.06254602196395,True,3.31831585045817e-09,True,-2.168404344971009e-18,0.06512882571420522,0.060291256166212406,1.6742181757514353e-12
1.1125e-09,-4.164884373289174,-0.01603642921404868,-0.014896980016679339,-0.0011394491973693403,-0.004557796789477361,-0.02059422600352604,279.5791072167633,259.7139498885784,True,3.31831585045817e-09,True,0.0,0.06678987343694932,0.06204419928066887,1.7346261842868354e-12
1.125e-09,-4.234205822141992,-0.016224186182701977,-0.015144929334290803,-0.001079256848411173,-0.004317027393644692,-0.020541213576346667,279.5791072167633,260.9810917145693,True,3.31831585045817e-09,True,-6.505213034913027e-19,0.06869654359431238,0.06412674796318316,1.7928498944261144e-12
1.1375e-09,-4.299842877977806,-0.01640123206770161,-0.015379700295859559,-0.00102153177184205,-0.0040861270873682,-0.020487359155069808,279.5791072167633,262.1658458479678,True,3.31831585045817e-09,True,-1.3010426069826053e-18,0.07052272089636798,0.06613029478258488,1.848864877529646e-12
1.15e-09,-4.361946628677543,-0.016568008223509446,-0.015601833313301332,-0.0009661749102081155,-0.003864699640832462,-0.02043270786434191,279.5791072167633,263.2752573413192,True,3.31831585045817e-09,True,1.5178830414797062e-18,0.07226876761443883,0.06805436422214371,1.902657839143138e-12
1.1625e-09,-4.421956660262875,-0.016643351674743893,-0.015709865882239913,-0.000933485792503979,-0.003733943170015916,-0.020377294844759808,281.47641064599543,265.6890719297332,True,3.31831585045817e-09,True,-1.4094628242311558e-18,0.07359617978723104,0.0694683460698073,1.9553700705243204e-12
1.175e-09,-4.478677998943255,-0.016793334383427616,-0.015911379531466156,-0.0008819548519614592,-0.0035278194078458367,-0.02032115379127345,281.47641064599543,266.6937903268934,True,3.31831585045817e-09,True,-1.3010426069826053e-18,0.07521193723195455,0.0712619454404135,2.0058556618218355e-12
1.1875e-09,-4.532244844358233,-0.01693421397829019,-0.016101686226411005,-0.0008325277518791849,-0.0033301110075167396,-0.02026432498580693,281.47641064599543,267.6383356303759,True,3.31831585045817e-09,True,1.4094628242311558e-18,0.07675000399636482,0.07297678438512524,2.0541243329211783e-12
1.2e-09,-4.582786049218381,-0.017066364406313175,-0.016281243741529786,-0.0007851206647833897,-0.003140482659133559,-0.020206847065446735,281.47641064599543,268.5273758436285,True,3.31831585045817e-09,True,1.4094628242311558e-18,0.07821149671212915,0.07461345668260679,2.1001927972910616e-12
1.2125000000000001e-09,-4.631769948658751,-0.017105522306680408,-0.016344715724073124,-0.000760806582607286,-0.003043226330429144,-0.020148748637109554,283.38026961441136,270.77629467355433,True,3.31831585045817e-09,True,1.4094628242311558e-18,0.07922884417619423,0.07570496311013206,2.1453292857298287e-12
1.225e-09,-4.677925978350305,-0.017224085334511162,-0.01650759237654564,-0.0007164929579655227,-0.0028659718318620906,-0.020090057166373253,283.38026961441136,271.59212739020427,True,3.31831585045817e-09,True,6.505213034913027e-19,0.08057299623963227,0.0772212952182603,2.1882991458924656e-12
1.2375000000000001e-09,-4.721369128373536,-0.01733487805488498,-0.0166608957454864,-0.0006739823093985797,-0.002695929237594319,-0.0200308072924793,283.38026961441136,272.36240793993073,True,3.31831585045817e-09,True,0.0,0.08184435809245383,0.07866223882378948,2.2291326446358684e-12
1.25e-09,-4.762209841639686,-0.017438218900885736,-0.016805015564843342,-0.0006332033360423956,-0.0025328133441695822,-0.01997103224505532,283.38026961441136,273.0903808873394,True,3.31831585045817e-09,True,1.4094628242311558e-18,0.08304445767046524,0.08002901051180507,2.2678642575809884e-12
1.2625000000000001e-09,-4.801936061397397,-0.017447537461485602,-0.016831733023888722,-0.0006158044375968807,-0.0024632177503875227,-0.019910755211873125,285.2906503793856,275.22142147551676,True,3.31831585045817e-09,True,7.589415207398531e-19,0.08378195931888971,0.08082490578322471,2.3058589937748744e-12
1.275e-09,-4.83921907878172,-0.017539933580627304,-0.01696241735348292,-0.0005775162271443855,-0.002310064908577542,-0.019849998489204847,285.2906503793856,275.89722940151796,True,3.31831585045817e-09,True,2.168404344971009e-18,0.08487958122393581,0.08208485367923267,2.3418041292444995e-12
1.2875e-09,-4.874157950285799,-0.01762566639262033,-0.01708488498941006,-0.0005407814032102699,-0.0021631256128410797,-0.01978879200546141,285.2906503793856,276.537513062573,True,3.31831585045817e-09,True,-1.4094628242311558e-18,0.08591028197667559,0.08327442800085154,2.3757415724334256e-12
1.3e-09,-4.906847844451705,-0.017705008507860026,-0.017199469516181037,-0.0005055389916789874,-0.00202215596671595,-0.019727164474575974,285.2906503793856,277.14461940378857,True,3.31831585045817e-09,True,-1.3010426069826053e-18,0.08687578283279207,0.08439517992118573,2.4077155768600344e-12
1.3125e-09,-4.938788726779911,-0.01768973868213712,-0.01719588970623424,-0.0004938489759028803,-0.001975395903611521,-0.01966513458574864,287.2075136065446,279.1894677204609,True,3.31831585045817e-09,True,-6.505213034913027e-19,0.08736588198302132,0.08492686622810038,2.4391634087768332e-12
1.325e-09,-4.968608140660978,-0.017760316094578347,-0.017299715032760753,-0.0004606010618175956,-0.0018424042472703823,-0.01960272034184873,287.2075136065446,279.7589927004584,True,3.31831585045817e-09,True,1.4094628242311558e-18,0.08824405112823415,0.08595550494289017,2.468706685544254e-12
1.3375e-09,-4.996391897165036,-0.017825151627089298,-0.01739645260120097,-0.00042869902588832804,-0.0017147961035533122,-0.01953994773064261,287.2075136065446,280.30010637171256,True,3.31831585045817e-09,True,7.047314121155779e-19,0.08906144315532712,0.08691949481605614,2.4963931990056423e-12
1.35e-09,-5.022222464107134,-0.01788447997612761,-0.017486389548245766,-0.0003980904278818462,-0.0015923617115273848,-0.019476841687654997,287.2075136065446,280.81456496419514,True,3.31831585045817e-09,True,1.4094628242311558e-18,0.08981983709498231,0.0878205384053281,2.5222718478982336e-12
1.3625e-09,-5.047605533174321,-0.017848972158075193,-0.017457860906373888,-0.0003911112517013059,-0.0015644450068052235,-0.019413417164880417,289.130813920704,282.7953054367164,True,3.31831585045817e-09,True,7.047314121155779e-19,0.09009457062657474,0.08812039530840049,2.547832161853202e-12
1.3750000000000001e-09,-5.07113678889899,-0.01790133539741193,-0.017539247097646888,-0.0003620882997650413,-0.0014483531990601651,-0.019349688596472094,289.130813920704,283.28259743304653,True,3.31831585045817e-09,True,-1.3552527156068805e-18,0.09078012050423535,0.08894392120646696,2.5716428331724755e-12
1.3875e-09,-5.092891005965065,-0.01794872545198801,-0.017614487148235342,-0.00033423830375267015,-0.0013369532150106806,-0.019285678666998693,289.130813920704,283.7466660007869,True,3.31831585045817e-09,True,7.047314121155779e-19,0.09141090242296598,0.089708663171935,2.593753879863985e-12
1.4000000000000001e-09,-5.112940067033117,-0.01799134556842385,-0.017683829674534014,-0.00030751589388983353,-0.0012300635755593341,-0.01922140914398318,289.130813920704,284.1888644508451,True,3.31831585045817e-09,True,-1.4094628242311558e-18,0.091988671616633,0.09041636128151416,2.6142156129072613e-12
1.4125e-09,-5.132790165082051,-0.017939208656498767,-0.017634787852442636,-0.00030442080405612904,-0.0012176832162245162,-0.01915689187272328,291.0604997366666,286.12132582685666,True,3.31831585045817e-09,True,-1.3552527156068805e-18,0.09207819376143167,0.090515665652326,2.634553487876303e-12
1.4250000000000001e-09,-5.151014949026076,-0.017976350030282896,-0.017697402958101127,-0.0002789470721817684,-0.0011157882887270737,-0.01909213831900997,291.0604997366666,286.5439836423242,True,3.31831585045817e-09,True,-7.047314121155779e-19,0.09259644773491256,0.0911595871961172,2.6532955005090116e-12
1.4375e-09,-5.167679975122601,-0.018009161026731425,-0.01775465918528277,-0.00025450184144865524,-0.001018007365794621,-0.019027168392526047,291.0604997366666,286.947291295363,True,3.31831585045817e-09,True,7.047314121155779e-19,0.09306558080659837,0.09175039673691233,2.670491632528313e-12
1.45e-09,-5.182848282439521,-0.018037818734216327,-0.017806773118058405,-0.0002310456161579218,-0.0009241824646316872,-0.018962001198848014,291.0604997366666,287.3323187691239,True,3.31831585045817e-09,True,-6.505213034913027e-19,0.0934872778455885,0.09228980347071923,2.6861916318786292e-12
1.4625e-09,-5.198022231156887,-0.01797205026205157,-0.017740901327718488,-0.0002311489343330822,-0.0009245957373323288,-0.0188966459993839,292.99651326257407,289.2281156219911,True,3.31831585045817e-09,True,-1.3823577699190182e-18,0.09341911680161304,0.09221759950224144,2.7019435115601226e-12
1.475e-09,-5.211761554005424,-0.017996457375989757,-0.017787793772599644,-0.0002086636033901121,-0.0008346544135604484,-0.018831111789550204,292.99651326257407,289.5993053032078,True,3.31831585045817e-09,True,-1.3823577699190182e-18,0.09379324466048075,0.09270573971461192,2.716245849580903e-12
1.4875e-09,-5.224124087133486,-0.01801707300495071,-0.017829987220536626,-0.0001870857844140858,-0.0007483431376563432,-0.018765416142607055,292.99651326257407,289.95409441356026,True,3.31831585045817e-09,True,0.0,0.0941234250648055,0.09314606571208763,2.7291472477768277e-12
1.5e-09,-5.235165461786521,-0.018034052417677,-0.017867671541520816,-0.00016638087615618234,-0.0006655235046247294,-0.018699575922301728,292.99651326257407,290.2933484131945,True,3.31831585045817e-09,True,-6.776263578034403e-19,0.09441124835307034,0.09354021693671571,2.7406957412282482e-12
1.5125e-09,-5.24638061305877,-0.01795714516049261,-0.017788031890566297,-0.00016911326992631107,-0.0006764530797052443,-0.018633598240197852,294.9387906056732,292.1611740713271,True,3.31831585045817e-09,True,-1.3823577699190182e-18,0.09421001823589055,0.09332278565513817,2.752450953707892e-12
1.525e-09,-5.256322069592928,-0.017970888996618528,-0.017821738737040245,-0.00014915025957828245,-0.0005966010383131298,-0.018567490034931657,294.9387906056732,292.4909318944643,True,3.31831585045817e-09,True,-7.047314121155779e-19,0.09446078044313068,0.09367679864202383,2.762892169928968e-12
1.5375000000000001e-09,-5.265041184137294,-0.01798129433468924,-0.017851301191427683,-0.00012999314326155866,-0.0005199725730462347,-0.018501266907735476,294.9387906056732,292.8065736613886,True,3.31831585045817e-09,True,1.4094628242311558e-18,0.09467225521623344,0.0939878359633059,2.7720658670661844e-12
1.55e-09,-5.272587365533015,-0.017988498186823323,-0.01787688677608484,-0.00011161141073848317,-0.0004464456429539327,-0.018434943829777256,294.9387906056732,293.1088137972082,True,3.31831585045817e-09,True,7.047314121155779e-19,0.0948459282647582,0.09425744735064917,2.780017752717838e-12
1.5625000000000001e-09,-5.280445150050811,-0.01790252761510108,-0.01778602798798342,-0.00011649962711765967,-0.00046599850847063866,-0.01836852612357172,296.8872619349514,294.9552858444786,True,3.31831585045817e-09,True,7.047314121155779e-19,0.0945333151188112,0.09391814522781504,2.7883100982695134e-12
1.575e-09,-5.287165410249778,-0.01790733477816814,-0.01780866371898504,-9.867105918310097e-05,-0.0003946842367324039,-0.018302019014900545,296.8872619349514,295.25138585646283,True,3.31831585045817e-09,True,1.3552527156068805e-20,0.09467904102889348,0.09415735081778788,2.79541180753417e-12
1.5875000000000002e-09,-5.292794037789022,-0.017909185305983337,-0.01782762252342333,-8.15627825600053e-05,-0.0003262511302400212,-0.018235436436223357,296.8872619349514,295.5351651881527,True,3.31831585045817e-09,True,-1.3823577699190182e-18,0.09478962920916738,0.09435793419992829,2.8013668726455023e-12
1.6e-09,-5.297375199286027,-0.017908200884906862,-0.01784305316691793,-6.51477179889337e-05,-0.0002605908719557348,-0.018168791756862597,296.8872619349514,295.80722448510653,True,3.31831585045817e-09,True,0.0,0.0948664592315377,0.09452134732597305,2.806218400201068e-12
1.6125e-09,-5.302380574905249,-0.0178148970031723,-0.01774309905132758,-7.179795184471954e-05,-0.00028719180737887817,-0.018102088810551177,298.84185167238377,297.6374533044482,True,3.31831585045817e-09,True,0.0,0.09446136381355853,0.0940806637483791,2.811523976113252e-12
1.625e-09,-5.306363964901416,-0.017812209060232242,-0.017756428476151696,-5.5780584080546845e-05,-0.00022312233632218738,-0.01803533139655443,298.84185167238377,297.90600070759723,True,3.31831585045817e-09,True,6.979551485375435e-19,0.09451806429250688,0.09422207221120071,2.8157498528004275e-12
1.6375e-09,-5.30936664621402,-0.017806887368699353,-0.01776647620305407,-4.0411165645282135e-05,-0.00016164466258112854,-0.01796853203128048,298.84185167238377,298.16365635842317,True,3.31831585045817e-09,True,-6.911788849595091e-19,0.09454329386826207,0.09432873617325038,2.818937418392991e-12
1.65e-09,-5.311428354941534,-0.01779904070412364,-0.017773375199014563,-2.5665505109077197e-05,-0.00010266202043630879,-0.01790170272455995,298.84185167238377,298.41093366964407,True,3.31831585045817e-09,True,0.0,0.09453832948664083,0.09440200899506059,2.8211271169676934e-12
1.6625e-09,-5.3140058896580635,-0.017699847140416412,-0.017666097407638026,-3.3749732778386864e-05,-0.00013499893111354745,-0.01783484607152996,300.8024787274481,300.22891426694235,True,3.31831585045817e-09,True,6.979551485375435e-19,0.09405709195022025,0.09387774567146152,2.8238658595320584e-12
1.6750000000000001e-09,-5.315659762294915,-0.01769086942402537,-0.017671595609128416,-1.9273814896951516e-05,-7.709525958780606e-05,-0.017767964683613174,300.8024787274481,300.4747610129267,True,3.31831585045817e-09,True,-6.911788849595091e-19,0.09403864275730507,0.09393618971499143,2.8256238708481237e-12
1.6875e-09,-5.3164273368682,-0.017679531866631373,-0.01767414736527262,-5.3845013587537635e-06,-2.1538005435015054e-05,-0.017701069872066388,300.8024787274481,300.7108659309305,True,3.31831585045817e-09,True,8.470329472543003e-22,0.0939919465187915,0.09396332020857243,2.82643996281995e-12
1.7000000000000001e-09,-5.316344592180755,-0.017665932326279582,-0.01767387228546678,7.939959187196895e-06,3.175983674878758e-05,-0.017634172489530794,300.8024787274481,300.93767450202665,True,3.31831585045817e-09,True,-1.6940658945086007e-21,0.09391818378864764,0.09396039534773463,2.8263519822809555e-12
1.7125e-09,-5.316851781106404,-0.01756205500790924,-0.01756075023457559,-1.304773333646314e-06,-5.219093334585256e-06,-0.017567274101243823,302.7690565655894,302.74656233065605,True,3.31831585045817e-09,True,-1.3878634840761711e-18,0.09337484344869089,0.09336790616226794,2.8268912862254345e-12
1.7250000000000001e-09,-5.316519247035938,-0.017547796806212376,-0.017559651925275963,1.185511906358558e-05,4.742047625434232e-05,-0.017500376329958035,302.7690565655894,302.973604364609,True,3.31831585045817e-09,True,1.3857459017080354e-18,0.09329319946330386,0.09335622743198131,2.826537690410358e-12
1.7375e-09,-5.315381023904183,-0.01753141192995031,-0.017555892547931835,2.4480617981523928e-05,9.792247192609571e-05,-0.017433489458024216,302.7690565655894,303.19183903399664,True,3.31831585045817e-09,True,0.0,0.09318613429470529,0.09331625810697773,2.825327542928068e-12
1.7500000000000002e-09,-5.3134698924657995,-0.017512988967899164,-0.01754958037237446,3.659140447529671e-05,0.00014636561790118684,-0.017366623349997976,302.7690565655894,303.401658175269,True,3.31831585045817e-09,True,-6.911788849595091e-19,0.0930547396080179,0.09324916693402042,2.8232962298140516e-12
1.7625e-09,-5.312208198819578,-0.01740543625105861,-0.017431850634949498,2.6414383890887434e-05,0.00010565753556354973,-0.01729977871549506,304.74149360648005,305.20396743841945,True,3.31831585045817e-09,True,-6.945670167485263e-19,0.09246130115690505,0.09260161986357698,2.8219555947605945e-12
1.775e-09,-5.310178685047577,-0.017386743948479864,-0.017425190846851783,3.844689837191814e-05,0.00015378759348767256,-0.017232956354992193,304.74149360648005,305.41536131104357,True,3.31831585045817e-09,True,1.3891340334970526e-18,0.09232671711759773,0.09253087701783848,2.819799766713362e-12
1.7875e-09,-5.3074125398428,-0.017366124193863818,-0.0174161138249732,4.99896311093824e-05,0.0001999585244375296,-0.01716616566942629,304.74149360648005,305.6187138013289,True,3.31831585045817e-09,True,1.3891340334970526e-18,0.09216918531498026,0.09243450090999232,2.8168627868080604e-12
1.8e-09,-5.303939811230194,-0.01734365767216316,-0.017404718170999377,6.106049883621568e-05,0.0002442419953448627,-0.0170994156768183,304.74149360648005,305.81437384705185,True,3.31831585045817e-09,True,1.3823577699190182e-18,0.09198971639973418,0.09231357761040516,2.8131777521152586e-12
1.8125e-09,-5.301163831697045,-0.01723327349483715,-0.01728341527433289,5.014177949574025e-05,0.000200567117982961,-0.01703270637685419,306.71969327553296,307.61212217082266,True,3.31831585045817e-09,True,-1.3891340334970526e-18,0.09135640615257404,0.09162221594049379,2.81023379704929e-12
1.825e-09,-5.297681849168995,-0.0172108579345343,-0.01727206294644398,6.120501190968116e-05,0.00024482004763872465,-0.016966037886895574,306.71969327553296,307.81044555245427,True,3.31831585045817e-09,True,-1.3823577699190182e-18,0.09117764968840855,0.09150189436908063,2.8065432975014628e-12
1.8375000000000001e-09,-5.293522611090139,-0.017186685816689154,-0.017258502558343564,7.181674165440966e-05,0.00028726696661763863,-0.016899418850071516,306.71969327553296,308.0013603291599,True,3.31831585045817e-09,True,6.911788849595091e-19,0.09097810998034622,0.09135827352614867,2.802138163412256e-12
1.85e-09,-5.28871382056562,-0.017160831055805834,-0.017242824430626483,8.199337482064986e-05,0.00032797349928259943,-0.016832857556523233,306.71969327553296,308.1851807390382,True,3.31831585045817e-09,True,-6.911788849595091e-19,0.09075872437723202,0.0911923638718408,2.79704938758418e-12
1.8625000000000001e-09,-5.284638903298237,-0.017048322343613916,-0.01711881457503588,7.049223142196331e-05,0.00028196892568785326,-0.016766353417926063,308.7035542171682,309.9799966697483,True,3.31831585045817e-09,True,0.0,0.09009422749303068,0.09046675348158349,2.7927408338253198e-12
1.8750000000000002e-09,-5.279911336521159,-0.017022781448296807,-0.017103500314113076,8.071886581627053e-05,0.00032287546326508214,-0.016699905985031724,308.7035542171682,310.16736909639604,True,3.31831585045817e-09,True,-7.047314121155779e-19,0.08987877674798438,0.09030496520267883,2.7877463721524647e-12
1.8875e-09,-5.274557763642237,-0.0169956312077873,-0.017086158198009172,9.052699022187236e-05,0.00036210796088748944,-0.01663352324689981,308.7035542171682,310.3478593501997,True,3.31831585045817e-09,True,1.3823577699190182e-18,0.08964443853503479,0.09012192837412873,2.78209596019986e-12
1.9e-09,-5.268603866615437,-0.0169669397088048,-0.01706687141965672,9.993171085192072e-05,0.0003997268434076829,-0.016567212865397116,308.7035542171682,310.52175330601045,True,3.31831585045817e-09,True,-7.047314121155779e-19,0.08939208415443996,0.08991858475263188,2.7758186703315132e-12
1.9125e-09,-5.26341245095931,-0.016852899066036375,-0.01694088039096719,8.798132493081507e-05,0.00035192529972326027,-0.016500973766313116,310.692970464849,312.3149572269532,True,3.31831585045817e-09,True,6.911788849595091e-19,0.08870375877893638,0.08916684078002914,2.770351062891349e-12
1.925e-09,-5.257614626294366,-0.0168247365624633,-0.01692221944522301,9.748288275970713e-05,0.0003899315310388285,-0.016434805031424474,310.692970464849,312.4931321673307,True,3.31831585045817e-09,True,1.3823577699190182e-18,0.08845798103435665,0.08897050846456743,2.7642511558624446e-12
1.9375e-09,-5.251235213972163,-0.01679509209234002,-0.016901686594696465,0.00010659450235644685,0.0004263780094257874,-0.01636871408291423,310.692970464849,312.66486572986224,True,3.31831585045817e-09,True,-6.911788849595091e-19,0.08819497901720132,0.08875473182159133,2.757547127246127e-12
1.95e-09,-5.2442981455819755,-0.01676402870032503,-0.016879358865878498,0.00011533016555346706,0.00046132066221386825,-0.016302708038111163,310.692970464849,312.83042037981573,True,3.31831585045817e-09,True,0.0,0.08791556462559758,0.08852039039893929,2.7502663039754547e-12
1.9625e-09,-5.238145044507751,-0.016648953219909224,-0.016751995169251147,0.00010304194934192338,0.00041216779736769353,-0.01623678542254153,312.68783160363745,314.6230862276584,True,3.31831585045817e-09,True,-7.047314121155779e-19,0.08720963180510886,0.08774938048143067,2.7438163507301107e-12
1.975e-09,-5.231425787962669,-0.016618594157646743,-0.016730506464332183,0.00011191230668543828,0.00044764922674175314,-0.01617094493090499,312.68783160363745,314.79352214372017,True,3.31831585045817e-09,True,1.3823577699190182e-18,0.08693894203599892,0.08752440296318352,2.736781577496084e-12
1.9875e-09,-5.224163611480958,-0.01658686386577189,-0.01670728145923855,0.00012041759346666306,0.0004816703738666522,-0.016105193491905236,312.68783160363745,314.95788798637045,True,3.31831585045817e-09,True,-6.911788849595091e-19,0.08665249063615388,0.08728157184612452,2.7291885439521768e-12
2e-09,-5.216380923184583,-0.016553821003276233,-0.016682391816886747,0.00012857081361051376,0.000514283254442055,-0.016039537748834178,312.68783160363745,315.11642672421,True,3.31831585045817e-09,True,0.0,0.08635103608730242,0.08702171042669862,2.7210629935764044e-12
2.0125000000000002e-09,-5.209397730121546,-0.01643812787905399,-0.016554165874116702,0.00011603799506271286,0.00046415198025085146,-0.015973975898803137,314.6880229264049,316.9094296169538,True,3.31831585045817e-09,True,-6.911788849595091e-19,0.08563274606059157,0.0862372341286791,2.7137824710595523e-12
2.025e-09,-5.201883588040747,-0.016405931508352643,-0.016530287805892427,0.00012435629753978217,0.0004974251901591287,-0.015908506318193516,314.6880229264049,317.0733454173173,True,3.31831585045817e-09,True,1.3823577699190182e-18,0.0853417458598202,0.08598863284306191,2.705959286352768e-12
2.0375e-09,-5.193860344968698,-0.016372460654241628,-0.016504791941774566,0.00013233128753293647,0.0005293251501317459,-0.015843135504109884,314.6880229264049,317.23150567615625,True,3.31831585045817e-09,True,1.3823577699190182e-18,0.08503627414162586,0.08572358436834183,2.6976185283038364e-12
2.05e-09,-5.185349076054049,-0.016337770139711934,-0.0164777452533258,0.00013997511361386536,0.0005599004544554614,-0.015777869685256473,314.6880229264049,317.38413698513915,True,3.31831585045817e-09,True,0.0,0.08471704129873871,0.08544286112478693,2.688784504053458e-12
2.0625000000000003e-09,-5.177647845701307,-0.016221809640716685,-0.016349085353229032,0.00012727571251234873,0.0005091028500493949,-0.01571270679066729,316.6934255853459,319.1781903731276,True,3.31831585045817e-09,True,-1.3823577699190182e-18,0.08399081773963343,0.08464980655833308,2.6808037214095383e-12
2.075e-09,-5.16944661114448,-0.01618808011210305,-0.01632318890608407,0.00013510879398102304,0.0005404351759240922,-0.015647644936178956,316.6934255853459,319.33660911892406,True,3.31831585045817e-09,True,-1.3823577699190182e-18,0.08368341587644645,0.08438185357362747,2.672317826547315e-12
2.0875e-09,-5.160765999719508,-0.01615316106003848,-0.016295778765160158,0.00014261770512167748,0.0005704708204867099,-0.01558269023955177,316.6934255853459,319.4895401920306,True,3.31831585045817e-09,True,-2.710505431213761e-20,0.08336268438663971,0.08409870099018969,2.663350570386089e-12
2.1e-09,-5.151625913862485,-0.016117103932978338,-0.016266917774945003,0.00014981384196666517,0.0005992553678666607,-0.015517848565111677,316.6934255853459,319.6371963154858,True,3.31831585045817e-09,True,0.0,0.08302929027754619,0.08380107514807696,2.653924955637949e-12
2.1125e-09,-5.143302240266883,-0.01600117019875342,-0.01613818334231143,0.00013701314355801138,0.0005480525742320455,-0.015453117624521373,318.70391674024825,321.43288124437146,True,3.31831585045817e-09,True,-3.5236570605778894e-19,0.08229885453014014,0.08300355453834807,2.645355793473434e-12
2.125e-09,-5.134505902807578,-0.015966165463674756,-0.016110582999180178,0.00014441753550542314,0.0005776701420216925,-0.015388495321653062,318.70391674024825,321.5866649064418,True,3.31831585045817e-09,True,-1.0299920638612292e-18,0.08197837081844052,0.08271988350696204,2.636315086596586e-12
2.1375e-09,-5.125256448765153,-0.015930046214447133,-0.016081560908278284,0.0001515146938311521,0.0006060587753246084,-0.015323987439122524,318.70391674024825,321.73519020409384,True,3.31831585045817e-09,True,-1.4094628242311558e-18,0.08164557208972209,0.08242212375136287,2.626825366560879e-12
2.1500000000000002e-09,-5.1155727429826605,-0.015892860913458446,-0.016051176261984823,0.00015831534852637567,0.0006332613941055027,-0.015259599519352945,318.70391674024825,321.8786580237844,True,3.31831585045817e-09,True,1.3823577699190182e-18,0.08130108609690254,0.08211095977861987,2.616908448874714e-12
2.1625e-09,-5.106708336630031,-0.01577720094734027,-0.015922668909356903,0.00014546796201663354,0.0005818718480665342,-0.015195329099273736,320.71936970498024,323.6764463908868,True,3.31831585045817e-09,True,-7.047314121155779e-19,0.08056956360646977,0.0813124260608127,2.6078470035406658e-12
2.175e-09,-5.097395552763576,-0.01574114017130983,-0.015893631736220083,0.00015249156491025094,0.0006099662596410038,-0.015131173911668828,320.71936970498024,323.82632371536897,True,3.31831585045817e-09,True,7.047314121155779e-19,0.08023881790466281,0.08101612772947028,2.598344142133388e-12
2.1875e-09,-5.087652977448518,-0.015704031470180024,-0.01586325447735973,0.0001592230071797051,0.0006368920287188204,-0.015067139441461203,320.71936970498024,323.9711399655133,True,3.31831585045817e-09,True,-3.5236570605778894e-19,0.07989666246720663,0.08070673387376276,2.588421281894077e-12
2.2000000000000003e-09,-5.077498552120453,-0.015665920648236787,-0.0158315930740045,0.00016567242576771208,0.0006626897030708483,-0.015003230945165938,320.71936970498024,324.1110858487547,True,3.31831585045817e-09,True,-6.776263578034403e-19,0.07954368940905619,0.08038489091101803,2.5780991546785295e-12
2.2125e-09,-5.068163400110413,-0.01555074181850823,-0.01570356581792254,0.00015282399941431193,0.0006112959976572477,-0.014939445820850982,322.73965409347335,325.9113590374429,True,3.31831585045817e-09,True,-3.5236570605778894e-19,0.07881370052912987,0.07958823752961998,2.5686280250218744e-12
2.225e-09,-5.058401564599937,-0.015513811562777449,-0.015673319037315756,0.00015950747453830766,0.0006380298981532306,-0.014875781664624218,322.73965409347335,326.0579480504099,True,3.31831585045817e-09,True,0.0,0.07847508868206204,0.079281941540832,2.55874263887471e-12
2.2375e-09,-5.04823077111154,-0.01547589282837224,-0.015641805111588327,0.0001659122832160874,0.0006636491328643496,-0.01481224369550789,322.73965409347335,326.19964657913147,True,3.31831585045817e-09,True,-7.047314121155779e-19,0.07812587838661315,0.07896344188004997,2.548463391839742e-12
2.25e-09,-5.0376681344056,-0.015437029039219428,-0.015609077070357667,0.00017204803113823818,0.0006881921245529527,-0.014748836914666476,322.73965409347335,326.33663651256103,True,3.31831585045817e-09,True,6.776263578034403e-19,0.0777666292807696,0.07863335016482192,2.5378100232405595e-12
2.2625e-09,-5.027922313258691,-0.015322505343247564,-0.015481742026185345,0.00015923668293778143,0.0006369467317511257,-0.014685558611496438,324.7646359663284,328.13970043576677,True,3.31831585045817e-09,True,-3.5236570605778894e-19,0.07704036651033995,0.07784099618157211,2.528000278816463e-12
2.275e-09,-5.017769297892416,-0.01528486472573002,-0.015450479338559074,0.00016561461282905458,0.0006624584513162183,-0.014622406274413802,324.7646359663284,328.2835267390803,True,3.31831585045817e-09,True,-2.710505431213761e-20,0.07669592494320687,0.07752694086274285,2.517800872687175e-12
2.2875000000000002e-09,-5.007226038795868,-0.01524628900134283,-0.015418015030783763,0.00017172602944093355,0.0006869041177637342,-0.014559384883579095,324.7646359663284,328.422610797608,True,3.31831585045817e-09,True,-7.047314121155779e-19,0.07634161528253088,0.07720148632868654,2.507231260359536e-12
2.3e-09,-4.996308906215871,-0.015206819449642495,-0.015384399509353872,0.00017758005971137727,0.0007103202388455091,-0.014496499210796985,324.7646359663284,328.5571268049304,True,3.31831585045817e-09,True,-7.047314121155779e-19,0.07597796745146553,0.07686521228536783,2.496310268633204e-12
2.3125e-09,-4.986204104917482,-0.015093096751269755,-0.015257934323535427,0.00016483757226567165,0.0006593502890626866,-0.014433746462207069,326.79417797901,330.3632241341063,True,3.31831585045817e-09,True,-2.710505431213761e-20,0.07525726097709796,0.07607917475657368,2.4862231375895945e-12
2.325e-09,-4.9757097197504825,-0.015054881760367645,-0.015225821189721662,0.00017093942935401813,0.0006837577174160725,-0.014371124042951572,326.79417797901,330.5047358690763,True,3.31831585045817e-09,True,-3.5236570605778894e-19,0.07490872150475554,0.07575926648488093,2.4757687215219427e-12
2.3375000000000003e-09,-4.964841999006799,-0.015015779853738673,-0.015192565637829971,0.0001767857840912969,0.0007071431363651876,-0.014308636717373487,326.79417797901,330.64163482462334,True,3.31831585045817e-09,True,6.776263578034403e-19,0.07455097446568193,0.07542868795136576,2.464965607510183e-12
2.35e-09,-4.953616638401306,-0.01497583036778915,-0.015158215697219297,0.00018238532943014725,0.000729541317720589,-0.014246289050068561,326.79417797901,330.774088430904,True,3.31831585045817e-09,True,-7.047314121155779e-19,0.07418452248375589,0.07508798948622136,2.453831780024626e-12
2.3625e-09,-4.94319743945026,-0.01486303078149156,-0.015032768930535784,0.00016973814904422472,0.0006789525961768989,-0.01418407818531466,328.8281395325139,332.58340860101424,True,3.31831585045817e-09,True,-7.047314121155779e-19,0.07347089570153947,0.07430994488527191,2.4435200925387607e-12
2.375e-09,-4.932404662212935,-0.014824357886096207,-0.014999946991231354,0.00017558910513514706,0.0007023564205405883,-0.014122001465555619,328.8281395325139,332.7229887534655,True,3.31831585045817e-09,True,3.5236570605778894e-19,0.07311973195169402,0.07398580847249642,2.4328615751819897e-12
2.3875000000000003e-09,-4.921253915014229,-0.014784841834732856,-0.014966036428666486,0.00018119459393363058,0.0007247783757345223,-0.014060063458998334,328.8281395325139,332.85806977340246,True,3.31831585045817e-09,True,-2.710505431213761e-20,0.07275996076204522,0.07365166536682051,2.421874009604288e-12
2.4e-09,-4.909760278823257,-0.01474452019287805,-0.014931083105610522,0.0001865629127324721,0.0007462516509298884,-0.013998268541948161,328.8281395325139,332.98881310459916,True,3.31831585045817e-09,True,3.2526065174565133e-19,0.07239205957330008,0.07330803875173554,2.4105745995510628e-12
2.4125e-09,-4.899065236942868,-0.014632745758055163,-0.01480677874386142,0.00017403298580625644,0.0006961319432250258,-0.013936613814830138,330.86637692711645,334.80150054858893,True,3.31831585045817e-09,True,6.776263578034403e-19,0.07168677606431127,0.07253937501515607,2.400084019582208e-12
2.4250000000000002e-09,-4.888011248553199,-0.014593714932070276,-0.014773369521406326,0.00017965458933604967,0.0007186183573441987,-0.013875096574726077,330.86637692711645,334.93947711775553,True,3.31831585045817e-09,True,3.5236570605778894e-19,0.0713342427461383,0.07221239639966712,2.3892653965982603e-12
2.4375e-09,-4.8766133353537295,-0.014553880907358735,-0.014738920831559608,0.0001850399242008742,0.0007401596968034968,-0.013813721210555237,330.86637692711645,335.07305483639186,True,3.31831585045817e-09,True,-7.047314121155779e-19,0.07097364971397564,0.07187601787590647,2.3781357622549827e-12
2.45e-09,-4.864886014808214,-0.014513279626458524,-0.014703476551441356,0.00019019692498283247,0.0007607876999313299,-0.013752491926527194,330.86637692711645,335.2023898126549,True,3.31831585045817e-09,True,-7.047314121155779e-19,0.07060545108375905,0.07153073744416756,2.3667115937076543e-12
2.4625e-09,-4.853948566282664,-0.014402615390441019,-0.014580417789459439,0.00017780239901841953,0.0007112095960736781,-0.013691405794367341,332.9087435197988,337.01855077684144,True,3.31831585045817e-09,True,6.776263578034403e-19,0.06990955432515182,0.0707725980249489,2.356081668411753e-12
2.4750000000000002e-09,-4.842665624004017,-0.014363312649705957,-0.014546525792032894,0.00018321314232693683,0.0007328525693077473,-0.01363046008039821,332.9087435197988,337.15520521675444,True,3.31831585045817e-09,True,-3.5236570605778894e-19,0.06955672041555308,0.0704439604017655,2.3451410345910215e-12
2.4875e-09,-4.831051668928358,-0.014323243393502237,-0.01451163948970011,0.00018839609619787369,0.0007535843847914947,-0.013569659008710742,332.9087435197988,337.28754976823,True,3.31831585045817e-09,True,-7.047314121155779e-19,0.06919632890064606,0.07010648017560238,2.333906022785547e-12
2.5e-09,-4.819120699081439,-0.014282442069140956,-0.014475800930097336,0.00019335886095637987,0.0007734354438255195,-0.013509006625315437,332.9087435197988,337.4157357510846,True,3.31831585045817e-09,True,3.5236570605778894e-19,0.06882881220882872,0.06976063189801442,2.322392431231518e-12
2.5125e-09,-4.807969929147263,-0.014172958677132691,-0.014354073349920999,0.0001811146727883066,0.0007244586911532264,-0.013448499985979466,334.95508988559857,339.23544396588585,True,3.31831585045817e-09,True,6.776263578034403e-19,0.06814315912670076,0.06901395302719428,2.311657483958434e-12
2.5250000000000003e-09,-4.796486103646422,-0.014133458209787718,-0.014319788677594437,0.00018633046780671924,0.000745321871226877,-0.013388136338560841,334.95508988559857,339.37101822148196,True,3.31831585045817e-09,True,-3.5236570605778894e-19,0.06779093589971423,0.0686846673992351,2.3006278942473236e-12
2.5375e-09,-4.784683202404199,-0.014093225081083648,-0.014284551412663627,0.00019132633157997912,0.0007653053263199165,-0.013327919754763731,334.95508988559857,339.5023619417209,True,3.31831585045817e-09,True,-2.710505431213761e-20,0.0674316173131625,0.06834705319805083,2.2893193347368906e-12
2.55e-09,-4.77257474204634,-0.01405229235381106,-0.014248401908674912,0.00019610955486385265,0.0007844382194554106,-0.013267854134355649,334.95508988559857,339.6296221201227,True,3.31831585045817e-09,True,0.0,0.06706561555564956,0.06800156306386675,2.277746966841869e-12
2.5625e-09,-4.761236033190921,-0.013944048227196732,-0.014128076152033688,0.0001840279248369544,0.0007361116993478176,-0.013207936527848916,337.005263983204,341.4529235422836,True,3.31831585045817e-09,True,6.776263578034403e-19,0.06639090486788107,0.06726710525472814,2.2669368563755623e-12
2.575e-09,-4.7495758313753305,-0.013904414184671251,-0.014093476687094255,0.00018906250242300453,0.0007562500096920181,-0.013148164174979233,337.005263983204,341.5876259361895,True,3.31831585045817e-09,True,-2.710505431213761e-20,0.06604006956094689,0.06693803625307454,2.2558470577984664e-12
2.5875e-09,-4.737607649629689,-0.01386407888067757,-0.014057963349396843,0.00019388446871927389,0.0007755378748770955,-0.013088541005800473,337.005263983204,341.7181689749699,True,3.31831585045817e-09,True,-3.5236570605778894e-19,0.06568256616016747,0.06660111470231629,2.244492624182975e-12
2.6e-09,-4.725344556142315,-0.013823074089904637,-0.014021574916342618,0.00019850082643798166,0.0007940033057519266,-0.01302907078415271,337.005263983204,341.8446957173847,True,3.31831585045817e-09,True,-3.5236570605778894e-19,0.06531878789988277,0.06625677269948123,2.232888117426381e-12
2.6125000000000002e-09,-4.713840136368841,-0.013716117260518034,-0.013902708934579582,0.00018659167406154703,0.0007463666962461881,-0.012969750564271847,339.0591113250108,343.67161251513005,True,3.31831585045817e-09,True,7.047314121155779e-19,0.06465558405777135,0.06553514738007492,2.222028883124181e-12
2.625e-09,-4.7020250282562674,-0.01367640526489698,-0.013867862184505822,0.0001914569196088411,0.0007658276784353644,-0.012910577586461617,339.0591113250108,343.8056226898221,True,3.31831585045817e-09,True,6.776263578034403e-19,0.06430679985212139,0.06520703507995501,2.2109039366348354e-12
2.6375e-09,-4.689912307926807,-0.013636021269957733,-0.013832137675342436,0.0001961164053847036,0.0007844656215388144,-0.012851555648418918,339.0591113250108,343.93553772605287,True,3.31831585045817e-09,True,-7.047314121155779e-19,0.0639517439851265,0.06487151272852659,2.199527745604335e-12
2.65e-09,-4.677514623815098,-0.013594995846677737,-0.013795572711601273,0.00020057686492353684,0.0008023074596941474,-0.01279268838698359,339.0591113250108,344.06149708079244,True,3.31831585045817e-09,True,-3.5236570605778894e-19,0.06359079188354064,0.06452899310241945,2.1879143056004095e-12
2.6625000000000003e-09,-4.665864030788438,-0.013489365503214173,-0.013678213662109464,0.00018884815889529084,0.0007553926355811633,-0.01273397286763301,341.11647515154147,345.8920309985433,True,3.31831585045817e-09,True,3.2526065174565133e-19,0.06293954529960538,0.06382068513147554,2.1770287153805326e-12
2.675e-09,-4.653912895654466,-0.013449623917308237,-0.013643178312003134,0.00019355439469489688,0.0007742175787795875,-0.01267540633852865,341.11647515154147,346.02550407862145,True,3.31831585045817e-09,True,-2.710505431213761e-20,0.06259337819046354,0.06349416348394472,2.165890524033894e-12
2.6875e-09,-4.641673883758882,-0.013409237724039248,-0.013607299036778603,0.00019806131273935427,0.0007922452509574171,-0.012616992473081831,341.11647515154147,346.1549402944492,True,3.31831585045817e-09,True,3.5236570605778894e-19,0.06224130854478737,0.06316064456751264,2.1545136443169262e-12
2.7e-09,-4.629159248853516,-0.013368236364914224,-0.013570611758921951,0.00020237539400772727,0.0008095015760309091,-0.012558734788883315,341.11647515154147,346.28047578535006,True,3.31831585045817e-09,True,-3.5236570605778894e-19,0.06188369500950259,0.06282052293641383,2.142911535124605e-12
2.7125000000000003e-09,-4.617379723230227,-0.013263964158228704,-0.013454797605553069,0.00019083344732436432,0.0007633337892974573,-0.012500630368931247,343.1771966101178,348.1146109977759,True,3.31831585045817e-09,True,3.5236570605778894e-19,0.06124475915385771,0.06212590964404736,2.132019550849765e-12
2.725e-09,-4.6053092277810705,-0.013224235156883129,-0.013419624827267131,0.00019538967038400248,0.0007815586815360099,-0.012442676475347119,343.1771966101178,348.24768110570363,True,3.31831585045817e-09,True,-2.710505431213761e-20,0.060901692198340726,0.06180152205037327,2.120887308348548e-12
2.7375e-09,-4.592960040030251,-0.013183887296471818,-0.013383639954516833,0.00019975265804501494,0.0007990106321800598,-0.012384876664291758,343.1771966101178,348.3767675455924,True,3.31831585045817e-09,True,3.2526065174565133e-19,0.06055306752495752,0.0614705235012481,2.1095281929314686e-12
2.7500000000000002e-09,-4.58034404106217,-0.013142948954689588,-0.01334687760814679,0.00020392865345720269,0.0008157146138288107,-0.012327234340860777,343.1771966101178,348.5020033824174,True,3.31831585045817e-09,True,-3.5236570605778894e-19,0.060199227926596724,0.061133291319261256,2.0979551534493727e-12
2.7625e-09,-4.568450860137553,-0.013040060100909915,-0.013232638473437024,0.00019257837252710936,0.0007703134901084375,-0.012269746610801477,345.2411149377491,350.3397089265542,True,3.31831585045817e-09,True,-7.047314121155779e-19,0.059572873784247284,0.060452658615862645,2.0870743261491546e-12
2.775e-09,-4.556275779378927,-0.013000380575642552,-0.013197373030730928,0.0001969924550883767,0.0007879698203535068,-0.012212410755289045,345.2411149377491,350.47249216038665,True,3.31831585045817e-09,True,0.0,0.05923331913950843,0.060130871091347994,2.0759648977755053e-12
2.7875e-09,-4.5438307087531005,-0.012960106488077687,-0.013161325555249712,0.00020121906717202634,0.0008048762686881053,-0.01215523021938958,345.2411149377491,350.60134057795585,True,3.31831585045817e-09,True,-7.047314121155779e-19,0.05888852984923769,0.059802835225840595,2.0646397509807703e-12
2.8000000000000003e-09,-4.531127176103969,-0.012919265210480155,-0.013124529437697428,0.00020526422721727327,0.0008210569088690931,-0.012098208301611062,345.2411149377491,350.7263843789121,True,3.31831585045817e-09,True,-3.5236570605778894e-19,0.058538833690501196,0.059468912008727365,2.0531113486027933e-12
2.8125e-09,-4.519133937103041,-0.012817779424403508,-0.013011888746808031,0.00019410932240452317,0.0007764372896180927,-0.012041342134785415,347.30806764787604,352.56761623617535,True,3.31831585045817e-09,True,-3.5236570605778894e-19,0.057925261995122976,0.058802468021509326,2.042257154147643e-12
2.825e-09,-4.506867426847203,-0.012778181748126052,-0.012976569929312912,0.00019838818118686,0.00079355272474744,-0.011984629023378612,347.30806764787604,352.70021319802754,True,3.31831585045817e-09,True,-3.5236570605778894e-19,0.05758957109496275,0.05848368032662527,2.0311854003176326e-12
2.8375e-09,-4.494339205726192,-0.012738012518016234,-0.01294049757082767,0.00020248505281143561,0.0008099402112457425,-0.011928072306770492,347.30806764787604,352.82892047480277,True,3.31831585045817e-09,True,6.776263578034403e-19,0.05724894906275137,0.05815898557417534,2.0199084896127537e-12
2.8500000000000003e-09,-4.4815604655736525,-0.01269729815310691,-0.012903703895866179,0.00020640574275926918,0.0008256229710370767,-0.011871675182069833,347.30806764787604,352.953865581006,True,3.31831585045817e-09,True,-3.7947076036992655e-19,0.056903709422565285,0.057828729239182586,2.0084384206592734e-12
2.8625e-09,-4.469479326408455,-0.012597230438981368,-0.012792679345534195,0.0001954489065528274,0.0007817956262113096,-0.011815434812770058,349.3778907206572,354.79856846771025,True,3.31831585045817e-09,True,-7.047314121155779e-19,0.056303061017030524,0.05717661586423752,1.9976245449192575e-12
2.875e-09,-4.457133154921138,-0.012557743113133554,-0.012757341758883102,0.00019959864574954842,0.0007983945829981937,-0.01175934853013536,349.3778907206572,354.9310664158778,True,3.31831585045817e-09,True,-3.5236570605778894e-19,0.05597153318053015,0.05686117092217782,1.9866035960697257e-12
2.8875000000000002e-09,-4.444533177962796,-0.012517706092535866,-0.012721277722511621,0.00020357162997575523,0.0008142865199030209,-0.011703419572632845,349.3778907206572,355.0597166211635,True,3.31831585045817e-09,True,-2.710505431213761e-20,0.05563536004026269,0.0565401409037819,1.9753875170012074e-12
2.9e-09,-4.431690266719435,-0.012477144889916365,-0.012684518352258195,0.00020737346234183038,0.0008294938493673215,-0.011647651040549043,349.3778907206572,355.18464406877143,True,3.31831585045817e-09,True,-3.5236570605778894e-19,0.055294841565090486,0.056213856519726685,1.9639878620135774e-12
2.9125e-09,-4.419532150780446,-0.012378506212254623,-0.012575122732575888,0.0001966165203212661,0.0007864660812850644,-0.011592040130969558,351.45041879644134,357.0327529831624,True,3.31831585045817e-09,True,-7.047314121155779e-19,0.05470720618369479,0.055576159216629194,1.9532264431782036e-12
2.925e-09,-4.40711689586793,-0.012339154415009232,-0.012539796967550391,0.0002006425525411592,0.0008025702101646368,-0.011536584204844595,351.45041879644134,357.1652276680446,True,3.31831585045817e-09,True,3.2526065174565133e-19,0.054380095903110555,0.055264351086444764,1.942267933384458e-12
2.9375000000000002e-09,-4.394455409678225,-0.01229927375117168,-0.01250377058797439,0.00020449683680271065,0.0008179873472108426,-0.011481286403960837,351.45041879644134,357.2938938170712,True,3.31831585045817e-09,True,0.0,0.054048610070949785,0.054947262301699544,1.931123834765022e-12
2.95e-09,-4.3815582565212985,-0.012258888869586865,-0.01246707365302381,0.00020818478343694532,0.0008327391337477813,-0.011426149735839084,351.45041879644134,357.4188740214072,True,3.31831585045817e-09,True,3.5236570605778894e-19,0.053713035742315375,0.05462520949906562,1.9198052755289963e-12
2.9625e-09,-4.369333027023405,-0.012161686722961928,-0.012359315545317806,0.00019762882235587755,0.0007905152894235102,-0.011371171433538418,353.5254853719371,359.2703155865597,True,3.31831585045817e-09,True,3.2526065174565133e-19,0.053138459462949594,0.054001965603560874,1.909107110103751e-12
2.975e-09,-4.356858243856615,-0.012122492774107475,-0.012324028745121023,0.00020153597101354762,0.0008061438840541905,-0.011316348890053285,353.5254853719371,359.4028328201986,True,3.31831585045817e-09,True,6.776263578034403e-19,0.052815982578962396,0.05369404623570642,1.8982213757061347e-12
2.9875000000000003e-09,-4.3441445085337245,-0.012082789857105276,-0.012288066032816097,0.00020527617571082166,0.0008211047028432866,-0.011261685154261989,353.5254853719371,359.5315783779152,True,3.31831585045817e-09,True,0.0,0.05248938520551087,0.05338113457695784,1.8871591511023714e-12
3e-09,-4.331202090902116,-0.012042601795475167,-0.01225145645821077,0.00020885466273560388,0.0008354186509424155,-0.011207183144532751,353.5254853719371,359.656672574651,True,3.31831585045817e-09,True,0.0,0.05215894207646362,0.05306353382839873,1.8759311552234864e-12
3.0125e-09,-4.318918699430077,-0.01194684068916451,-0.01214534082850296,0.00019850013933844988,0.0007940005573537995,-0.01115284013181071,355.6029229986153,361.5113662097486,True,3.31831585045817e-09,True,-3.5236570605778894e-19,0.051597433651544705,0.05245473961517301,1.8653058732286782e-12
3.025e-09,-4.306393063563846,-0.011907824444734783,-0.012110117170157836,0.00020229272542305368,0.0008091709016922147,-0.011098653543042568,355.6029229986153,361.6439832103823,True,3.31831585045817e-09,True,-7.047314121155779e-19,0.05127977259094187,0.05215092458051313,1.8545021217910803e-12
3.0375000000000003e-09,-4.293635490394981,-0.011868318287547946,-0.012074241275040644,0.00020592298749269776,0.000823691949970791,-0.011044626337577156,355.6029229986153,361.7728633802984,True,3.31831585045817e-09,True,-2.710505431213761e-20,0.05095823261071965,0.051842390858106456,1.8435305724379347e-12
3.05e-09,-4.2806559665597925,-0.01182834525103279,-0.012037741226824676,0.0002093959757918859,0.0008375839031675436,-0.010990761347865247,355.6029229986153,361.8981248612123,True,3.31831585045817e-09,True,0.0,0.050633076673362705,0.05152942880650985,1.8324015504043954e-12
3.0625e-09,-4.268322579725904,-0.011734027121816381,-0.011933269931207581,0.00019924280939120044,0.0007969712375648018,-0.01093705588425158,357.6825634827464,363.7559838079857,True,3.31831585045817e-09,True,-2.710505431213761e-20,0.05008461291516502,0.0509350454973375,1.8218577644597997e-12
3.0750000000000002e-09,-4.255754009069637,-0.011695206309422768,-0.011898131034488973,0.00020292472506620586,0.0008116989002648234,-0.010883507409157944,357.6825634827464,363.88875035413423,True,3.31831585045817e-09,True,-7.047314121155779e-19,0.04977192113822246,0.050635518850462316,1.811144218571229e-12
3.0875e-09,-4.242960277986581,-0.011655913870976397,-0.011862362639858596,0.00020644876888219893,0.0008257950755287957,-0.010830118795447602,357.6825634827464,364.01781318508966,True,3.31831585045817e-09,True,0.0,0.049455579558185664,0.050331533483992066,1.800271192057197e-12
3.1e-09,-4.229951100157087,-0.011616172082178864,-0.011825991904581975,0.00020981982240311087,0.0008392792896124435,-0.01077689279256642,357.6825634827464,364.1432883597286,True,3.31831585045817e-09,True,0.0,0.04913583987862652,0.050023367467235326,1.7892486309720151e-12
3.1125e-09,-4.217575207670299,-0.011523296646454802,-0.011723164120210662,0.00019986747375586,0.00079946989502344,-0.010723826751431362,359.7642380864758,366.00422058629,True,3.31831585045817e-09,True,3.2526065174565133e-19,0.048600370246718066,0.04944332634885048,1.7787940632355165e-12
3.1250000000000003e-09,-4.204970966578209,-0.011484687150515751,-0.01168812939536105,0.00020344224484529911,0.0008137689793811965,-0.010670918171134554,359.7642380864758,366.13718000924155,True,3.31831585045817e-09,True,-7.047314121155779e-19,0.04829277602815255,0.04914824476110253,1.7681780829765676e-12
3.1375e-09,-4.192148126413831,-0.011445623610514932,-0.011652487052940967,0.0002068634424260356,0.0008274537697041423,-0.01061816984081079,359.7642380864758,366.2664673476213,True,3.31831585045817e-09,True,-7.047314121155779e-19,0.04798174957445808,0.0488489517670479,1.7574105913794993e-12
3.15e-09,-4.179116137300081,-0.011406127574303065,-0.011616263360494313,0.0002101357861912484,0.0008405431447649936,-0.010565584429538071,359.7642380864758,366.3921966571054,True,3.31831585045817e-09,True,-7.047314121155779e-19,0.04766753180987337,0.04854571366496945,1.7465011689041952e-12
3.1625e-09,-4.1667046442317925,-0.01131469262889023,-0.011515075953690824,0.0002003833248005942,0.0008015332992023768,-0.010513159329687853,361.8477777297054,368.2561056579468,True,3.31831585045817e-09,True,3.5236570605778894e-19,0.04714498232485215,0.04797992045492539,1.736142759226279e-12
3.1750000000000003e-09,-4.154071432387985,-0.011276308733482615,-0.01148016289736899,0.0002038541638863755,0.000815416655545502,-0.010460892077937113,361.8477777297054,368.3892956968576,True,3.31831585045817e-09,True,-7.047314121155779e-19,0.046842591972547275,0.047689416731121,1.7256309465381966e-12
3.1875e-09,-4.141225986503341,-0.011237487726464185,-0.011444663312529092,0.00020717558606490744,0.0008287023442596298,-0.010408785382204555,361.8477777297054,368.5188440073478,True,3.31831585045817e-09,True,-3.5236570605778894e-19,0.046536976195845826,0.04739493711662688,1.714975267129057e-12
3.2e-09,-4.128177501803493,-0.011198250455546522,-0.011408602611032688,0.00021035215548616642,0.0008414086219446657,-0.010356841833601856,361.8477777297054,368.6448627123531,True,3.31831585045817e-09,True,-3.5236570605778894e-19,0.04622836559014787,0.04709673662588173,1.704184948639653e-12
3.2125000000000002e-09,-4.115736807403321,-0.011108252135079285,-0.011309050452201746,0.0002007983171224602,0.0008031932684898408,-0.010305058866589445,363.9330131913978,370.5116482192583,True,3.31831585045817e-09,True,3.2526065174565133e-19,0.045718642178262346,0.0465450752029079,1.6939289467814483e-12
3.225e-09,-4.103080835762688,-0.01107010673090764,-0.011274274899608562,0.0002041681687009217,0.0008166726748036868,-0.010253434056103954,363.9330131913978,370.6451017592199,True,3.31831585045817e-09,True,6.776263578034403e-19,0.045421542777434674,0.04625926127770419,1.6835272344803037e-12
3.2375e-09,-4.090218815216923,-0.01103154054575187,-0.011238933174402116,0.0002073926286502461,0.0008295705146009844,-0.010201970031150885,363.9330131913978,370.7749428335305,True,3.31831585045817e-09,True,-7.047314121155779e-19,0.045121414701062665,0.045969695932905195,1.6729889956354533e-12
3.25e-09,-4.07715969411623,-0.010992573753004721,-0.011203049864486989,0.00021047611148226723,0.0008419044459290689,-0.010150669307075652,363.9330131913978,370.9012816949966,True,3.31831585045817e-09,True,0.0,0.04481847864035083,0.04567662335866064,1.6623231171325952e-12
3.2625000000000003e-09,-4.064695759168847,-0.010904006750535825,-0.011105126097957219,0.000201119347421393,0.000804477389685572,-0.010099529360850254,366.0197753104799,372.7708403123565,True,3.31831585045817e-09,True,3.5236570605778894e-19,0.04432146999685145,0.045138958955401993,1.6521751614605213e-12
3.275e-09,-4.052022814867255,-0.010866111511489331,-0.01107050243782617,0.00020439092633683895,0.0008175637053473558,-0.010048547806141976,366.0197753104799,372.90458602259235,True,3.31831585045817e-09,True,3.5236570605778894e-19,0.04402973175344648,0.0448579284501152,1.6418888892204748e-12
3.2875e-09,-4.039149840969171,-0.010827811261649872,-0.01103533227827082,0.00020752101662094814,0.0008300840664837926,-0.00999772719516608,366.0197753104799,373.03474759253527,True,3.31831585045817e-09,True,-2.710505431213761e-20,0.043735152135537275,0.04457336061681954,1.631473143780128e-12
3.3e-09,-4.026085546417732,-0.01078912552425159,-0.010999639412932171,0.00021051388868058055,0.0008420555547223222,-0.009947069969529269,366.0197753104799,373.1614334607539,True,3.31831585045817e-09,True,6.776263578034403e-19,0.04343794233167596,0.04428548925621304,1.6209364827073767e-12
3.3125000000000003e-09,-4.013603950826826,-0.01070198328066684,-0.01090333568859414,0.00020135240792729903,0.0008054096317091961,-0.009896573648957645,368.1078951852701,375.0336592356121,True,3.31831585045817e-09,True,6.776263578034403e-19,0.04295352237696707,0.04376167119693257,1.6109016674092708e-12
3.325e-09,-4.000919452681289,-0.010664348814573853,-0.010868877046681139,0.00020452823210728583,0.0008181129284291433,-0.00984623588614471,368.1078951852701,375.16772212229677,True,3.31831585045817e-09,True,-3.5236570605778894e-19,0.04266720062240717,0.04348550160486772,1.6007356466843544e-12
3.3375e-09,-3.9880407904804436,-0.010626324583458507,-0.010833890939701926,0.00020756635624341878,0.0008302654249736751,-0.009796059158484832,368.1078951852701,375.2982283910692,True,3.31831585045817e-09,True,7.047314121155779e-19,0.042378215891717634,0.04320599898714778,1.5904469346535881e-12
3.3500000000000002e-09,-3.9749764407472044,-0.010587929483092914,-0.010798400394934708,0.0002104709118417935,0.000841883647367174,-0.00974604583572574,368.1078951852701,375.4252847163888,True,3.31831585045817e-09,True,3.5236570605778894e-19,0.04208677025158706,0.04292338716762077,1.5800437704495314e-12
3.3625e-09,-3.9624824327758588,-0.010502204350049931,-0.01070370706745341,0.0002015027174034789,0.0008060108696139156,-0.009696193480436016,370.197204370859,377.30006965223635,True,3.31831585045817e-09,True,7.047314121155779e-19,0.04161480024249506,0.04241325122036294,1.570126703005729e-12
3.375e-09,-3.949791478749027,-0.010464840327519438,-0.010669425463278686,0.00020458513575924848,0.0008183405430369939,-0.009646499784482444,370.197204370859,377.434471538208,True,3.31831585045817e-09,True,-7.047314121155779e-19,0.041333937152105454,0.042142005778006045,1.5600852725598424e-12
3.3875e-09,-3.936912082787781,-0.010427101292762603,-0.010634634827884413,0.00020753353512180907,0.0008301341404872363,-0.009596967152275367,370.197204370859,377.56534364160933,True,3.31831585045817e-09,True,-2.710505431213761e-20,0.041050581067929186,0.041867622349933895,1.5499276747600426e-12
3.4000000000000003e-09,-3.92385249556127,-0.010389005535489411,-0.010599357448497645,0.00021035191300823356,0.0008414076520329342,-0.009547597883456478,370.197204370859,377.69279091797335,True,3.31831585045817e-09,True,6.776263578034403e-19,0.04076492529682997,0.04159031517563342,1.5396618406922406e-12
3.4125e-09,-3.9113510339419233,-0.010304688915858845,-0.010506263748974938,0.00020157483311609333,0.0008062993324643733,-0.009498389583394471,372.2875350738783,379.5700254398152,True,3.31831585045817e-09,True,-3.5236570605778894e-19,0.04030525564549437,0.04109368557741967,1.5298666910718553e-12
3.425e-09,-3.8986584417376027,-0.01026760418049404,-0.010472170229830383,0.00020456604933634381,0.0008182641973453753,-0.009449339983148664,372.2875350738783,379.7047853815897,True,3.31831585045817e-09,True,0.0,0.04002988171470339,0.040827414869841434,1.5199537645331873e-12
3.4375e-09,-3.885782995186179,-0.010230158720281294,-0.010437585546384378,0.00020742682610308367,0.0008297073044123347,-0.00940045141586896,372.2875350738783,379.8360417891281,True,3.31831585045817e-09,True,-2.710505431213761e-20,0.039752176793324656,0.04055819242694146,1.5099309485678074e-12
3.4500000000000003e-09,-3.8727327253011055,-0.010192370239114033,-0.010402531270708766,0.00021016103159473174,0.000840644126378927,-0.009351726112735107,372.2875350738783,379.96389793996934,True,3.31831585045817e-09,True,6.776263578034403e-19,0.03947232577340197,0.04028622327804193,1.4998058761618128e-12
3.4625e-09,-3.860228515245754,-0.010109452708281983,-0.010311025454912016,0.00020157274663003337,0.0008062909865201335,-0.009303161721761849,374.37872034413414,381.8434713170311,True,3.31831585045817e-09,True,-7.047314121155779e-19,0.03902479761803852,0.039802914482476186,1.4901364189916437e-12
3.475e-09,-3.8475388570269677,-0.010072655371043689,-0.01027713021052654,0.00020447483948285127,0.0008178993579314051,-0.009254756013112283,374.37872034413414,381.97860596796147,True,3.31831585045817e-09,True,-3.5236570605778894e-19,0.03875493293353198,0.0395416578237266,1.4803555256332387e-12
3.4875000000000002e-09,-3.834671805155342,-0.01003551115516145,-0.010242761131376427,0.00020724997621497657,0.0008289999048599063,-0.009206511250301544,374.37872034413414,382.1102628323121,True,3.31831585045817e-09,True,-2.710505431213761e-20,0.03848289167701953,0.039277627317430217,1.470470785325333e-12
3.5000000000000003e-09,-3.8216351768625927,-0.009998037197924936,-0.010207939098006673,0.00020990190008173643,0.0008396076003269457,-0.009158429597597991,374.37872034413414,382.2385435469036,True,3.31831585045817e-09,True,3.2526065174565133e-19,0.03820885065517064,0.03901101914021331,1.4604895425033581e-12
3.5125e-09,-3.809132700849852,-0.009916508608803694,-0.010118008574651163,0.0002014999658474695,0.000805999863389878,-0.009110508745413816,376.4705942622883,384.120344278043,True,3.31831585045817e-09,True,-7.047314121155779e-19,0.03777329722005322,0.038540837329182946,1.4509491932683688e-12
3.525e-09,-3.7964503329229426,-0.00988000612887461,-0.01008432103538462,0.00020431490651001035,0.0008172596260400414,-0.009062746502834569,376.4705942622883,384.25586820515264,True,3.31831585045817e-09,True,-3.5236570605778894e-19,0.03750895255724673,0.03828462395208778,1.441303513035072e-12
3.5375000000000002e-09,-3.7835959117211964,-0.009843170196747747,-0.01005017647961411,0.00020700628286636388,0.0008280251314654555,-0.00901514506528229,376.4705942622883,384.38793966717384,True,3.31831585045817e-09,True,-7.047314121155779e-19,0.0372425785147907,0.038025806640344474,1.431559802319335e-12
3.55e-09,-3.77057704628219,-0.009806017401393101,-0.010015595118845368,0.00020957771745226707,0.0008383108698090683,-0.008967706531584033,376.4705942622883,384.51665869433594,True,3.31831585045817e-09,True,-3.5236570605778894e-19,0.036974344129136555,0.037764573059974285,1.4217251261950125e-12
3.5625e-09,-3.75808059036765,-0.009725866975540011,-0.009927226560869883,0.00020135958532987164,0.0008054383413194866,-0.008920428634220524,378.5629921231842,386.40057486073,True,3.31831585045817e-09,True,-3.5236570605778894e-19,0.03655059190527463,0.037307317454587305,1.4123169723698064e-12
3.575e-09,-3.745409678550874,-0.009689666229681959,-0.009893755481867387,0.0002040892521854281,0.0008163570087417124,-0.008873309220940246,378.5629921231842,386.5365008216396,True,3.31831585045817e-09,True,0.0,0.03629176967857837,0.03705616753900188,1.4028093660182562e-12
3.5875000000000003e-09,-3.732571939189498,-0.009653145057317278,-0.009859843716511309,0.00020669865919403161,0.0008267946367761265,-0.00882635042054115,378.5629921231842,386.668999277094,True,3.31831585045817e-09,True,-7.047314121155779e-19,0.03603105836586827,0.036802575981044,1.393209328122485e-12
3.6e-09,-3.7195747784604305,-0.009616319516540992,-0.009825510828723804,0.00020919131218281146,0.0008367652487312458,-0.008779554267809747,378.5629921231842,386.7981686821455,True,3.31831585045817e-09,True,3.2526065174565133e-19,0.035768619535342674,0.03654672226401091,1.383523653255896e-12
3.6125e-09,-3.70708845474668,-0.009537535923421343,-0.009738690270051998,0.00020115434663065465,0.0008046173865226186,-0.008732918536898724,380.6557506142853,388.6840882709733,True,3.31831585045817e-09,True,3.5236570605778894e-19,0.035356489308446974,0.03610218626446359,1.3742504811316128e-12
3.625e-09,-3.694432996035927,-0.009501643265515359,-0.009705443803420848,0.0002038005379054901,0.0008152021516219604,-0.008686441113893398,380.6557506142853,388.82042745640223,True,3.31831585045817e-09,True,-3.5236570605778894e-19,0.035103184396682495,0.03585611182853041,1.3648835162198996e-12
3.6375000000000003e-09,-3.6816158257558684,-0.009465442822978292,-0.009671772513129359,0.0002063296901510671,0.0008253187606042684,-0.008640124062374023,380.6557506142853,388.9533637896353,True,3.31831585045817e-09,True,-7.047314121155779e-19,0.03484812409486419,0.03560775074744765,1.3554295088456065e-12
3.65e-09,-3.668644152329642,-0.009428950139712339,-0.009637695336033534,0.00020874519632119553,0.0008349807852847821,-0.008593969354427557,380.6557506142853,389.08299417962195,True,3.31831585045817e-09,True,-3.5236570605778894e-19,0.03459146279266343,0.03535727463647409,1.3458949916422476e-12
3.6625e-09,-3.656171918138987,-0.009351521565831893,-0.009552408255933582,0.00020088669010168841,0.0008035467604067537,-0.00854797480542514,382.7487079886809,390.97080538184497,True,3.31831585045817e-09,True,0.0,0.034190770540865695,0.03492524681594338,1.336759309498812e-12
3.6750000000000002e-09,-3.6435357591935715,-0.009315942878036013,-0.009519394012693368,0.00020345113465735506,0.0008138045386294203,-0.008502138339406592,382.7487079886809,391.1075676283775,True,3.31831585045817e-09,True,-2.710505431213761e-20,0.03394297100672889,0.03468425249110147,1.3275352828522278e-12
3.6875e-09,-3.6307428991296073,-0.009280068678842549,-0.009485970359531507,0.00020590168068895833,0.0008236067227558333,-0.008456461956086715,382.7487079886809,391.2409514174468,True,3.31831585045817e-09,True,-3.5236570605778894e-19,0.03369354345914266,0.03444111952422295,1.3182293999580066e-12
3.7e-09,-3.6178003535203644,-0.00924391401394677,-0.009452155625897903,0.00020824161195113353,0.0008329664478045341,-0.008410947566142236,382.7487079886809,391.37105213895353,True,3.31831585045817e-09,True,-2.710505431213761e-20,0.033442635387568476,0.034196011964902934,1.3088479397932074e-12
3.7125e-09,-3.6053460277555036,-0.009167828221982928,-0.009368387021063379,0.0002005587990804511,0.0008022351963218044,-0.008365593025661124,384.84170430293244,393.26064368336256,True,3.31831585045817e-09,True,0.0,0.03305319306327095,0.03377627693286707,1.299851997985239e-12
3.7250000000000003e-09,-3.592732880671448,-0.009132568958774692,-0.009335612124416194,0.00020304316564150225,0.000812172662566009,-0.008320396296208683,384.84170430293244,393.3978376609468,True,3.31831585045817e-09,True,-2.710505431213761e-20,0.03281088078318924,0.03354036064058509,1.2907729551857763e-12
3.7375e-09,-3.5799679410591154,-0.009097026102419439,-0.009302442799289505,0.0002054166968700668,0.0008216667874802672,-0.008275359314939171,384.84170430293244,393.53167735849297,True,3.31831585045817e-09,True,0.0,0.03256706180563955,0.03330244699499264,1.2816170459011042e-12
3.7500000000000005e-09,-3.567058036363065,-0.00906121421575264,-0.009268896786599862,0.00020768257084722333,0.0008307302833888933,-0.008230483932363745,384.84170430293244,393.6622566721627,True,3.31831585045817e-09,True,-7.047314121155779e-19,0.0323218769875077,0.033062692770860824,1.2723903034782324e-12
3.7625e-09,-3.5546253133908707,-0.00898645860000363,-0.009186631238817954,0.00020017263881432385,0.0008006905552572954,-0.008185768044746335,386.934581456896,395.55351797753065,True,3.31831585045817e-09,True,7.047314121155779e-19,0.031943493217311984,0.03265503194628963,1.2635361118599147e-12
3.775e-09,-3.542038769084521,-0.008951523826007344,-0.00915410236983199,0.0002025785438246469,0.0008103141752985876,-0.008141209650708756,386.934581456896,395.69115135387847,True,3.31831585045817e-09,True,0.0,0.031706644434101816,0.0324241854901134,1.2546038641697791e-12
3.7875e-09,-3.5293052421616187,-0.008916317034494572,-0.009121193636590941,0.00020487660209636966,0.0008195064083854787,-0.008096810626109093,386.934581456896,395.8254544457974,True,3.31831585045817e-09,True,-7.047314121155779e-19,0.03146840445061663,0.03219147651639161,1.2455995492349482e-12
3.8e-09,-3.5164313764937516,-0.008880852320199086,-0.009087922209624155,0.00020706988942506972,0.0008282795577002789,-0.008052572762498806,386.934581456896,395.95651967951227,True,3.31831585045817e-09,True,-7.047314121155779e-19,0.031228907748755398,0.031957054805056805,1.2365289625589742e-12
3.8125e-09,-3.5040238379465576,-0.00880741395250225,-0.009007143941691834,0.00019972998918958395,0.0007989199567583358,-0.008008493995743915,389.027183381327,397.8493411168711,True,3.31831585045817e-09,True,-3.5236570605778894e-19,0.030861388440230998,0.03156124708350411,1.2278183056897723e-12
3.825e-09,-3.491467377528706,-0.008772808375106968,-0.008974867378628262,0.00020205900352129327,0.0008082360140851731,-0.007964572361021795,389.027183381327,397.98742070279565,True,3.31831585045817e-09,True,3.2526065174565133e-19,0.030629974250996596,0.03133545667012715,1.219034444834718e-12
3.8375000000000004e-09,-3.478768648497768,-0.00873794202445465,-0.008942225112037624,0.00020428308758297308,0.0008171323503318923,-0.007920809674122758,389.027183381327,398.1221938486006,True,3.31831585045817e-09,True,3.2526065174565133e-19,0.030397278767063954,0.031107932367565927,1.2101831309770988e-12
3.85e-09,-3.4659341155576127,-0.008702828541389903,-0.008909233759534695,0.00020640521814479162,0.0008256208725791665,-0.007877207668810737,389.027183381327,398.25375153307095,True,3.31831585045817e-09,True,3.2526065174565133e-19,0.03016343034345176,0.030878817230648906,1.201269929338613e-12
3.8625e-09,-3.4535552403355028,-0.00863069421198501,-0.008829926684992898,0.00019923247300788623,0.0007969298920315449,-0.007833764319953467,391.11935620089247,400.1480246559685,True,3.31831585045817e-09,True,6.776263578034403e-19,0.029806579223534125,0.030494639574735517,1.1927043798048812e-12
3.875e-09,-3.4410322447492496,-0.008596422209488894,-0.008797908337172184,0.00020148612768329071,0.0008059445107331629,-0.007790477698755731,391.11935620089247,400.2865565340628,True,3.31831585045817e-09,True,-7.047314121155779e-19,0.029580566012329876,0.03027388627455774,1.184070290940406e-12
3.8875e-09,-3.428371601064392,-0.008561900356915057,-0.008765538055609453,0.0002036376986943955,0.000814550794777582,-0.007747349562137475,391.11935620089247,400.4218056912391,True,3.31831585045817e-09,True,-1.8973538018496328e-19,0.029353376034790664,0.030051521737900634,1.1753731834984822e-12
3.9e-09,-3.4155795990846887,-0.008527141854923806,-0.008732831921850292,0.0002056900669264861,0.0008227602677059444,-0.007704381587217862,391.11935620089247,400.55386168021107,True,3.31831585045817e-09,True,5.149960319306146e-19,0.02912513175817892,0.029827682554507393,1.1666183997683523e-12
3.9125e-09,-3.4032327718033186,-0.00845629810892538,-0.008654979689345565,0.00019868158042018574,0.000794726321680743,-0.0076615717872446365,393.2109483737737,402.44947942543604,True,3.31831585045817e-09,True,-7.047314121155779e-19,0.028778750852433282,0.029454910518072933,1.15819932990761e-12
3.925e-09,-3.390746529961509,-0.00842236375483734,-0.008623225126321696,0.00020086137148435604,0.0008034454859374242,-0.007618918268899916,393.2109483737737,402.58846906416875,True,3.31831585045817e-09,True,-5.149960319306146e-19,0.028558100675788296,0.029239170674152187,1.1497162030446015e-12
3.9375000000000005e-09,-3.3781271691670307,-0.008388190162237012,-0.008591132019945415,0.00020294185770840158,0.0008117674308336063,-0.007576422731403407,393.2109483737737,402.7241995985141,True,3.31831585045817e-09,True,8.673617379884035e-19,0.028336373087192453,0.029021936490478437,1.1411743171064456e-12
3.95e-09,-3.365380808464599,-0.00835379010483096,-0.008558715931952067,0.00020492582712110745,0.0008197033084844298,-0.00753408679634653,393.2109483737737,402.8567591755046,True,3.31831585045817e-09,True,1.6263032587282567e-19,0.028113684896739582,0.028803338342491693,1.1325787985981838e-12
3.9625e-09,-3.3530693265638583,-0.008284223274631691,-0.008482301964610063,0.00019807868997837166,0.0007923147599134866,-0.007491908514718205,395.3018108237085,404.75361604892674,True,3.31831585045817e-09,True,4.87890977618477e-19,0.027777574956573924,0.028441746536186356,1.1243073908743405e-12
3.975e-09,-3.3406230421937133,-0.008250630358680518,-0.008450816441322907,0.00020018608264238958,0.0008007443305695583,-0.007449886028110959,395.3018108237085,404.8930684040441,True,3.31831585045817e-09,True,-3.5236570605778894e-19,0.02756224588883112,0.02823099212923278,1.115976231003558e-12
3.9875e-09,-3.3280480785147075,-0.00821680851292403,-0.008419005396357536,0.00020219688343350446,0.0008087875337340179,-0.007408020979190013,395.3018108237085,405.02928518780703,True,3.31831585045817e-09,True,6.776263578034403e-19,0.02734593378296011,0.02801885473235265,1.1075904012905437e-12
4e-09,-3.315350387836613,-0.00814748306369091,-0.008342775095835288,0.00019529203214437767,0.0007811681285775107,-0.0073663149351134,397.39179706422095,406.9171254385791,True,3.31831585045817e-09,True,-5.421010862427522e-19,0.0270117611350999,0.027659222649611157,1.099154819412838e-12
4.0125e-09,-3.303077467535429,-0.008114466331058567,-0.008311891417833247,0.00019742508677467966,0.0007897003470987186,-0.007324765983959849,397.39179706422095,407.06034540961963,True,3.31831585045817e-09,True,8.673617379884035e-19,0.026802710899194435,0.02745482125484611,1.0910320756540265e-12
4.0250000000000005e-09,-3.29067426490916,-0.008081218377380208,-0.008280679896312423,0.00019946151893221519,0.0007978460757288607,-0.007283372301651347,397.39179706422095,407.2002650144866,True,3.31831585045817e-09,True,-5.421010862427522e-19,0.026592657343556012,0.027249020230745942,1.082853711773544e-12
4.0375e-09,-3.278146734766615,-0.008047751507886954,-0.00824915551600288,0.00020140400811592736,0.0008056160324637094,-0.0072421354754232435,397.39179706422095,407.3369725138714,True,3.31831585045817e-09,True,-5.149960319306146e-19,0.02638171032779272,0.027041942219366854,1.074624601466102e-12
4.05e-09,-3.265500666598072,-0.007979701595036422,-0.008174362739026853,0.00019466114399043066,0.0007786445759617226,-0.0072010570190747,399.48076331474687,409.2259124864139,True,3.31831585045817e-09,True,5.149960319306146e-19,0.026057720877845133,0.02669338697330663,1.0663494603552454e-12
4.0625e-09,-3.25326944785506,-0.007947022969396873,-0.008143744947467824,0.00019672197807095085,0.0007868879122838034,-0.00716013505711307,399.48076331474687,409.36957907169125,True,3.31831585045817e-09,True,1.6263032587282567e-19,0.025853807027741246,0.026493796628721086,1.0583762100347168e-12
4.075e-09,-3.2409123765605847,-0.007914123252302934,-0.008112812115578898,0.00019868886327596285,0.0007947554531038514,-0.007119367799199083,399.48076331474687,409.50997011797995,True,3.31831585045817e-09,True,7.047314121155779e-19,0.025648979998014486,0.02629291319409031,1.0503513032543577e-12
4.0875e-09,-3.2284352431597063,-0.007881014346279507,-0.008081578738288468,0.00020056439200896102,0.0008022575680358441,-0.0070787567782436625,399.48076331474687,409.6471724713705,True,3.31831585045817e-09,True,-7.047314121155779e-19,0.025443344467376016,0.02609085361906064,1.0422794119275671e-12
4.1e-09,-3.2158436781372015,-0.007814225207445744,-0.008008205645371231,0.0001939804379254867,0.0007759217517019468,-0.007038303455743798,401.5685686088705,411.53711247955863,True,3.31831585045817e-09,True,6.776263578034403e-19,0.025129326732904758,0.02575313749788972,1.0341650562215006e-12
4.1125000000000004e-09,-3.2036572287551324,-0.007781888019004838,-0.007977858525764023,0.0001959705067591848,0.0007838820270367392,-0.0069980059919680995,401.5685686088705,411.68122966190174,True,3.31831585045817e-09,True,3.2526065174565133e-19,0.024930501805447806,0.02555832413604968,1.0263419639355014e-12
4.1250000000000005e-09,-3.1913492676400783,-0.007749339576678015,-0.00794720881341803,0.00019786923674001422,0.0007914769469600569,-0.006957862629717959,401.5685686088705,411.8220960718494,True,3.31831585045817e-09,True,3.5236570605778894e-19,0.02473084918272566,0.025362319026484406,1.0184710148066864e-12
4.1375e-09,-3.178925424760401,-0.007716591392354496,-0.007916270528276051,0.0001996791359215551,0.0007987165436862204,-0.0069178748486682755,401.5685686088705,411.9597971599275,True,3.31831585045817e-09,True,-3.5236570605778894e-19,0.02453046856964297,0.02516523365161819,1.0105566856188095e-12
4.15e-09,-3.1663911753141876,-0.0076510481604088135,-0.007844299185747342,0.00019325102533852888,0.0007730041013541155,-0.006878044059054698,403.6550748940511,413.85063966778114,True,3.31831585045817e-09,True,-5.421010862427522e-19,0.024226211377022317,0.02483811971827465,1.0026033075107562e-12
4.1625e-09,-3.1542524943074057,-0.007619055508032855,-0.007814227270982074,0.00019517176294921865,0.0007806870517968746,-0.0068383684562359805,403.6550748940511,413.9952112150702,True,3.31831585045817e-09,True,-2.710505431213761e-20,0.02403242484047921,0.024648045860580156,9.949308797844492e-13
4.175e-09,-3.141996554711424,-0.007586861154445716,-0.007783864864169281,0.0001970037097235651,0.0007880148388942604,-0.0067988463155514555,403.6550748940511,414.13655670636473,True,3.31831585045817e-09,True,-1.8973538018496328e-19,0.023837891608342376,0.024456876585559187,9.87214234981846e-13
4.1875e-09,-3.129628829809756,-0.007554476232596216,-0.007753225524617029,0.00019874929202081358,0.0007949971680832543,-0.0067594790645129615,403.6550748940511,414.2747602151379,True,3.31831585045817e-09,True,0.0,0.02364270661164571,0.024264718125858325,9.794576612376382e-13
4.2e-09,-3.117154643142903,-0.007490163954905326,-0.007682637927851334,0.00019247397294600794,0.0007698958917840318,-0.006720268063121294,405.7401471234898,416.16640996242427,True,3.31831585045817e-09,True,-2.710505431213761e-20,0.02334799934993475,0.02394797048838756,9.71665306926736e-13
4.2125000000000005e-09,-3.105066663470985,-0.007458518716881745,-0.007652845510813937,0.00019432679393219208,0.0007773071757287683,-0.006681211541152977,405.7401471234898,416.31143948769903,True,3.31831585045817e-09,True,3.5236570605778894e-19,0.023159197826663893,0.023762595476321938,9.641438984598836e-13
4.225e-09,-3.0928655918461474,-0.007426681052193868,-0.00762277436377232,0.00019609331157845173,0.0007843732463138069,-0.0066423078058800615,405.7401471234898,416.45326763191264,True,3.31831585045817e-09,True,1.6263032587282567e-19,0.022969726287946156,0.023576216544118317,9.56581756922582e-13
4.2375e-09,-3.080556748568734,-0.007394661726187643,-0.007592437599306991,0.00019777587311934754,0.0007911034924773902,-0.006603558233710253,405.7401471234898,416.5919771095373,True,3.31831585045817e-09,True,-2.710505431213761e-20,0.02277967508399027,0.02338893488463215,9.489829881152372e-13
4.25e-09,-3.068145309065844,-0.007331565382046553,-0.007523215693702393,0.00019165031165583967,0.0007666012466233587,-0.006564964135423195,407.8236533393768,418.4843412266472,True,3.31831585045817e-09,True,1.6263032587282567e-19,0.022494307935035665,0.023082318939723536,9.413515637542743e-13
4.2625e-09,-3.0561108998228743,-0.007300270225495438,-0.007493706838234034,0.00019343661273859734,0.0007737464509543894,-0.006526523774541048,407.8236533393768,418.62983224233585,True,3.31831585045817e-09,True,-5.421010862427522e-19,0.022310435407789,0.022901599148404242,9.33981383201618e-13
4.275e-09,-3.0439674798284857,-0.007268791645147784,-0.007463930684018959,0.00019513903887117493,0.0007805561554846997,-0.006488235489663085,407.8236533393768,418.77214651770333,True,3.31831585045817e-09,True,0.0,0.022125965385478855,0.022719962273847698,9.265738018253383e-13
4.2875e-09,-3.0317202200157936,-0.007237140049742291,-0.007433899910393133,0.0001967598606508414,0.0007870394426033656,-0.006450100607138926,407.8236533393768,418.9113654258702,True,3.31831585045817e-09,True,3.2526065174565133e-19,0.02194098382388981,0.022537504671912456,9.191327492452612e-13
4.3000000000000005e-09,-3.019374151161935,-0.007175244566193377,-0.0073660256103595225,0.00019078104416614606,0.0007631241766645842,-0.006412120389528792,409.9054647482504,420.80435353909877,True,3.31831585045817e-09,True,-3.7947076036992655e-19,0.021664747971429414,0.022240787324716356,9.116620264704855e-13
4.3125000000000006e-09,-3.007396119299136,-0.007144301955325241,-0.007336804160798816,0.0001925022054735744,0.0007700088218942976,-0.006374293133430944,409.9054647482504,420.9503095060916,True,3.31831585045817e-09,True,1.6263032587282567e-19,0.02148574597554636,0.022064676361244113,9.044431418375503e-13
4.325e-09,-2.9953130734461166,-0.007113184658020524,-0.0073073265204837735,0.0001941418624632494,0.0007765674498529976,-0.006336617208167527,409.9054647482504,421.0931133453325,True,3.31831585045817e-09,True,-2.710505431213761e-20,0.02130621500000522,0.02188773065874457,8.971900407957221e-13
4.3375e-09,-2.983130038702845,-0.007081902737078774,-0.007277604948582423,0.00019570221150364884,0.0007828088460145954,-0.006299093891064179,409.9054647482504,421.23284510588485,True,3.31831585045817e-09,True,-1.8973538018496328e-19,0.021126236786151588,0.0217100419319287,8.899064827811238e-13
4.35e-09,-2.970851904582912,-0.007021193003317482,-0.007211060154783728,0.00018986715146624667,0.0007594686058649867,-0.006261724397452495,411.9854557879517,423.1263694331145,True,3.31831585045817e-09,True,-1.8973538018496328e-19,0.020858924606349957,0.021422991794901185,8.825961038963915e-13
4.3625e-09,-2.9589329962320905,-0.006990605206705225,-0.007182129744296237,0.00019152453759101204,0.0007660981503640481,-0.006224507056341177,411.9854557879517,423.2727938053133,True,3.31831585045817e-09,True,-1.8973538018496328e-19,0.020684732409751945,0.021251440683618082,8.755284476191016e-13
4.375e-09,-2.9469129871421114,-0.0069598512014365085,-0.007152953935002218,0.0001931027335657096,0.0007724109342628384,-0.00618744026717367,411.9854557879517,423.4160906391031,True,3.31831585045817e-09,True,0.0,0.020510075894089874,0.021079132847487306,8.684296153786841e-13
4.3875e-09,-2.934796760035481,-0.0069289407147255355,-0.007123544578588271,0.00019460386386273567,0.0007784154554509427,-0.006150525259274593,411.9854557879517,423.55633867647146,True,3.31831585045817e-09,True,-1.8973538018496328e-19,0.020335032760054432,0.020906155549209174,8.613032022714758e-13
4.4000000000000005e-09,-2.922589066474881,-0.006869401595248019,-0.007058311193628101,0.0001889095983800821,0.0007556383935203284,-0.0061137632017276905,414.06350418684457,425.4503141142036,True,3.31831585045817e-09,True,-3.7947076036992655e-19,0.020076437995496965,0.020628543122274755,8.541526851478517e-13
4.4125e-09,-2.91073196793155,-0.006839170692258112,-0.007029675251499812,0.00019050455924169967,0.0007620182369667987,-0.006077152455291314,414.06350418684457,425.5972103790999,True,3.31831585045817e-09,True,3.5236570605778894e-19,0.019906992768096238,0.020461500478717764,8.472360589138675e-13
4.425e-09,-2.8987775992678544,-0.0068087818045258885,-0.0070008043934241355,0.00019202258889824687,0.0007680903555929875,-0.006040691448932901,414.06350418684457,425.74100367572333,True,3.31831585045817e-09,True,1.6263032587282567e-19,0.019737144173262205,0.020293774952513863,8.402911570017106e-13
4.4375e-09,-2.886730704209197,-0.006778244333731824,-0.0069717100759176575,0.0001934657421858329,0.0007738629687433316,-0.006004381364988493,414.06350418684457,425.8817714556892,True,3.31831585045817e-09,True,1.6263032587282567e-19,0.01956696603881567,0.020125449536996135,8.333214158624127e-13
4.45e-09,-2.874595899609103,-0.006719860680372942,-0.006907770018649955,0.000187909338277013,0.000751637353108052,-0.0059682233272648905,416.139491014918,427.7761156574406,True,3.31831585045817e-09,True,1.6263032587282567e-19,0.019316883957744498,0.01985704737105386,8.263301586049469e-13
4.4625e-09,-2.8628032380264505,-0.006689988566880672,-0.006879431776696779,0.00018944320981610763,0.0007577728392644305,-0.005932215727616241,416.139491014918,427.92348737320555,True,3.31831585045817e-09,True,-3.5236570605778894e-19,0.01915212093162592,0.019694459566109598,8.19564237965473e-13
4.475e-09,-2.8509170551458634,-0.006659966444219061,-0.0068508687992884145,0.00019090235506935387,0.0007636094202774155,-0.005896357023941645,416.139491014918,428.06778067485567,True,3.31831585045817e-09,True,0.0,0.01898701192252327,0.019531258702458004,8.127728055321561e-13
4.4875000000000005e-09,-2.838941959003399,-0.006629803398295459,-0.0068220921597215755,0.00019228876142611662,0.0007691550457044665,-0.005860648352590992,416.139491014918,428.20907174009096,True,3.31831585045817e-09,True,-3.5236570605778894e-19,0.018821627047364304,0.0193675236804217,8.059591446590058e-13
4.5e-09,-2.8268824349168753,-0.00657256006127344,-0.006759427378327778,0.00018686731705433758,0.0007474692682173503,-0.00582509079305609,418.2133007272904,430.103705186859,True,3.31831585045817e-09,True,3.5236570605778894e-19,0.018579854589650068,0.01910810652589102,7.991264300841562e-13
4.5125e-09,-2.8151567787553717,-0.00654304845477018,-0.0067313898765526976,0.00018834142178251797,0.0007533656871300719,-0.005789682767640108,418.2133007272904,430.2515560163695,True,3.31831585045817e-09,True,-3.5236570605778894e-19,0.018419707211171133,0.018949917841422612,7.925107688972321e-13
4.525e-09,-2.803341269124813,-0.006513394571686617,-0.006703137523961303,0.00018974295227468588,0.0007589718090987435,-0.005754422762587873,418.2133007272904,430.39635297250226,True,3.31831585045817e-09,True,0.0,0.01825926780490263,0.018791182053539836,7.858722271178319e-13
4.5375e-09,-2.7914403816095317,-0.0064836071916369465,-0.006674681022232196,0.00019107383059524982,0.0007642953223809993,-0.005719311869255947,418.2133007272904,430.5381709752783,True,3.31831585045817e-09,True,-1.8973538018496328e-19,0.018098602933229343,0.01863197413982174,7.792139404080368e-13
4.55e-09,-2.7794584730990795,-0.006427489029712449,-0.006613273506196965,0.00018578447648451518,0.0007431379059380607,-0.005684351123774389,420.2848212000591,432.4330170382921,True,3.31831585045817e-09,True,3.2526065174565133e-19,0.01786493884438565,0.01838131908172081,7.725389403682266e-13
4.5625e-09,-2.767802332370771,-0.006398339473898002,-0.006585539597808301,0.00018720012391029874,0.000748800495641195,-0.005649538978256807,420.2848212000591,432.5813507804656,True,3.31831585045817e-09,True,1.6263032587282567e-19,0.01770933891915486,0.018227471858733885,7.66072975107708e-13
4.5750000000000004e-09,-2.7560599257860856,-0.0063690551363164176,-0.006557600433716776,0.00018854529740035906,0.0007541811896014363,-0.005614873946714981,420.2848212000591,432.7266551785686,True,3.31831585045817e-09,True,-3.5236570605778894e-19,0.017553497626323713,0.018073139764684262,7.595866314524004e-13
4.5875000000000005e-09,-2.7442355996473218,-0.006339644499497749,-0.006529466355248272,0.00018982185575052278,0.0007592874230020911,-0.005580357076495658,420.2848212000591,432.86900391098123,True,3.31831585045817e-09,True,3.5236570605778894e-19,0.01739747812463005,0.017918394018771756,7.530829026371696e-13
4.6e-09,-2.7323335854592714,-0.006284636389333578,-0.0064692981463390755,0.00018466175700549738,0.0007386470280219895,-0.005545989361311589,422.35394375902695,434.76398890740086,True,3.31831585045817e-09,True,0.0,0.017171723078975624,0.017676280599591664,7.465646822228717e-13
4.6125e-09,-2.720749411801016,-0.006255850258274137,-0.0064418705022281815,0.0001860202439540451,0.0007440809758161804,-0.005511769282457956,422.35394375902695,434.9128095261692,True,3.31831585045817e-09,True,-3.5236570605778894e-19,0.01702060091051459,0.01752671537983564,7.402477361815574e-13
4.625e-09,-2.7090824804412748,-0.006226936607559536,-0.0064142469141638585,0.00018731030660432257,0.0007492412264172903,-0.005477695381142246,422.35394375902695,435.05862532026316,True,3.31831585045817e-09,True,-3.5236570605778894e-19,0.016869284870357965,0.017376723940385818,7.339127885833851e-13
4.6375e-09,-2.697337011504074,-0.006197903631582765,-0.0063864373740594995,0.00018853374247673524,0.000754134969906941,-0.005443768661675823,422.35394375902695,435.2015087422797,True,3.31831585045817e-09,True,-3.5236570605778894e-19,0.016717834859203702,0.017226373900703574,7.275626953629727e-13
4.65e-09,-2.6855171140908873,-0.006143990476386844,-0.006327490576410883,0.00018350010002403922,0.0007340004000961569,-0.005409990076290687,424.4205632012466,437.09656198396084,True,3.31831585045817e-09,True,-1.8973538018496328e-19,0.016499791573148292,0.01699258423220024,7.212002170075049e-13
4.6625e-09,-2.6740073006964873,-0.0061155689783080605,-0.006300371689174162,0.00018480271086610198,0.0007392108434644079,-0.005376358134843652,424.4205632012466,437.24587363517577,True,3.31831585045817e-09,True,-3.5236570605778894e-19,0.016353076095908713,0.01684723989395317,7.150315044178114e-13
4.6750000000000005e-09,-2.6624181590427636,-0.006087026994939704,-0.006273065892380738,0.00018603889744103435,0.0007441555897641374,-0.005342871405175567,424.4205632012466,437.39220497232844,True,3.31831585045817e-09,True,-1.8973538018496328e-19,0.016206211205910974,0.016701524544746275,7.088470453600658e-13
4.6875e-09,-2.6507537861151254,-0.006058372441231318,-0.006245582839157167,0.0001872103979258485,0.000748841591703394,-0.005309530849527924,424.4205632012466,437.53562723792857,True,3.31831585045817e-09,True,1.6263032587282567e-19,0.01605925368628945,0.016555502357391515,7.026495634603672e-13
4.7e-09,-2.639018171532788,-0.006005539178750019,-0.006187839628542477,0.00018230044979245815,0.0007292017991698326,-0.005276337379580187,426.4845778096546,439.43068107367975,True,3.31831585045817e-09,True,1.6263032587282567e-19,0.015848727022573398,0.016329821222254296,6.96441690968026e-13
4.7125e-09,-2.6275850529702587,-0.005977483359525187,-0.006161031816121105,0.00018354845659591736,0.0007341938263836695,-0.005243289533141518,426.4845778096546,439.5804881302049,True,3.31831585045817e-09,True,3.5236570605778894e-19,0.01570634592986683,0.01618863511091402,6.904203210592717e-13
4.725e-09,-2.6160759576143002,-0.005949313866476417,-0.006134045857062357,0.0001847319905859398,0.0007389279623437592,-0.005210385904132658,426.4845778096546,439.72733937530785,True,3.31831585045817e-09,True,3.5236570605778894e-19,0.015563856970390328,0.016047129889564436,6.843853416007578e-13
4.7375e-09,-2.6044948622889175,-0.005921038343557972,-0.006106891076026989,0.00018585273246901694,0.0007434109298760678,-0.0051776274136819045,426.4845778096546,439.8713048569565,True,3.31831585045817e-09,True,1.6263032587282567e-19,0.01542131394521242,0.01590536643207033,6.783393487689368e-13
4.75e-09,-2.5928456399933033,-0.005869269953476932,-0.006050333708387094,0.0001810637549101624,0.0007242550196406496,-0.0051450149338362824,428.5458893612841,441.7662947088184,True,3.31831585045817e-09,True,1.6263032587282567e-19,0.01521811100881636,0.015687581376295993,6.722848512832283e-13
4.7625000000000005e-09,-2.5814914919303593,-0.005841580699862225,-0.0060238391173880615,0.00018225841752583655,0.0007290336701033462,-0.005112547029758879,428.5458893612841,441.9166017840418,True,3.31831585045817e-09,True,-3.5236570605778894e-19,0.015079990876118929,0.015550489430294566,6.664098322908832e-13
4.7750000000000006e-09,-2.5700646412955197,-0.005813784365737222,-0.005997174876944943,0.00018339051120772054,0.0007335620448308822,-0.00508022232090634,428.5458893612841,442.06397754307153,True,3.31831585045817e-09,True,0.0,0.014941801630497934,0.015413127098902007,6.605232260437469e-13
4.7875e-09,-2.5585689476676885,-0.005785888332271165,-0.005970349993278541,0.0001844616610073761,0.0007378466440295044,-0.00504804168824166,428.5458893612841,442.2084908547414,True,3.31831585045817e-09,True,-1.8973538018496328e-19,0.014803594221621792,0.015275552099510467,6.546275059969343e-13
4.8e-09,-2.5470081702308636,-0.0057351698430778905,-0.005914960812574467,0.0001797909694965764,0.0007191638779863056,-0.005016005965091585,430.604403129137,444.1033552484929,True,3.31831585045817e-09,True,3.5236570605778894e-19,0.014607524447981047,0.015065453516222556,6.487250619222772e-13
4.8125e-09,-2.5357352090888465,-0.005707847885739439,-0.005888781421327888,0.00018093353558844944,0.0007237341423537978,-0.004984113743385641,430.604403129137,444.2541672184643,True,3.31831585045817e-09,True,3.2526065174565133e-19,0.014473590851992827,0.014932390388689388,6.429953050612856e-13
4.825e-09,-2.5243927430828665,-0.005680425227710205,-0.005862440617742147,0.00018201539003194248,0.0007280615601277699,-0.004952363667582435,430.604403129137,444.40207236042716,True,3.31831585045817e-09,True,-1.8973538018496328e-19,0.01433962422245648,0.014799102552182515,6.372558721329439e-13
4.8375e-09,-2.512984517403541,-0.005652908995353936,-0.005835947099337728,0.00018303810398379166,0.0007321524159351666,-0.00492075657941877,430.604403129137,444.547138379361,True,3.31831585045817e-09,True,3.5236570605778894e-19,0.014205672783615645,0.014665644705021815,6.315091184709907e-13
4.8500000000000004e-09,-2.5015141801683973,-0.005603225490706776,-0.005781708544782199,0.00017848305407542324,0.0007139322163016929,-0.004889293274405083,432.66002787807963,446.44181896967757,True,3.31831585045817e-09,True,-1.6263032587282567e-19,0.014016548019684027,0.014463025910373462,6.257573193583569e-13
4.8625000000000005e-09,-2.4903245627224027,-0.005576271407078222,-0.005755846166182372,0.0001795747591041501,0.0007182990364166004,-0.0048579723706616215,432.66002787807963,446.59314099405515,True,3.31831585045817e-09,True,1.6263032587282567e-19,0.013886725653453509,0.014333925086895533,6.201716427698527e-13
4.875e-09,-2.4790685623392674,-0.0055492227936592056,-0.005729830357792725,0.0001806075641335194,0.0007224302565340777,-0.004826792537125128,432.66002787807963,446.74158067179496,True,3.31831585045817e-09,True,1.6263032587282567e-19,0.01375690377317702,0.014204642307541102,6.145780936778882e-13
4.8875e-09,-2.467749812619963,-0.005522086529763599,-0.005703669517895368,0.00018158298813176872,0.0007263319525270749,-0.004795754577236524,432.66002787807963,446.8872045591809,True,3.31831585045817e-09,True,-2.710505431213761e-20,0.013627127999095342,0.014075229384032488,6.089789137685863e-13
4.9e-09,-2.456371853309389,-0.005473423154409014,-0.005650564130614747,0.00017714097620573268,0.0007085639048229307,-0.004764859249586083,434.712675854924,448.7816461496686,True,3.31831585045817e-09,True,0.0,0.01344476257774219,0.0138798866857617,6.033762681730603e-13
4.9125e-09,-2.4452676762501815,-0.005446837371412819,-0.005625020414785966,0.00017818304337314673,0.0007127321734925869,-0.004734105197920232,434.712675854924,448.9334836916417,True,3.31831585045817e-09,True,-3.5236570605778894e-19,0.013318975362107272,0.01375468059852351,5.979334008513962e-13
4.925e-09,-2.434100163136154,-0.00542016302510536,-0.005599331002596488,0.00017916797749112785,0.0007166719099645114,-0.004703491115140849,434.712675854924,449.08246336166957,True,3.31831585045817e-09,True,1.6263032587282567e-19,0.013193219703633506,0.013629332506873435,5.92484360417945e-13
4.9375e-09,-2.422872838720333,-0.005393406755288846,-0.005573504002282452,0.00018009724699360585,0.0007203889879744234,-0.004673017767314423,434.712675854924,449.22865058238597,True,3.31831585045817e-09,True,0.0,0.013067538735560108,0.013503891463629222,5.870312792608726e-13
4.9500000000000005e-09,-2.4115891370150715,-0.005345748720558791,-0.005521514431448818,0.0001757657108900272,0.0007030628435601088,-0.004642685876998682,436.76226277330994,451.1228011411259,True,3.31831585045817e-09,True,-1.8973538018496328e-19,0.012891749543711797,0.013315624222753918,5.815762165769097e-13
4.9625e-09,-2.400572436486507,-0.005319531517220009,-0.005496290868271423,0.0001767593510514141,0.0007070374042056565,-0.004612494113014352,436.76226277330994,451.27515998646584,True,3.31831585045817e-09,True,-1.8973538018496328e-19,0.0127699207352596,0.013194244361284867,5.762748022818764e-13
4.975e-09,-2.3894953724836427,-0.0052932315170543896,-0.005470929098386524,0.0001776975813321346,0.0007107903253285384,-0.004582441191725851,436.76226277330994,451.4246854279603,True,3.31831585045817e-09,True,-1.6263032587282567e-19,0.012648152215486036,0.013072759763780707,5.709688135120742e-13
4.9875e-09,-2.378361363597486,-0.005266855127679511,-0.005445436948914958,0.00017858182123544673,0.0007143272849417869,-0.004552527842737724,436.76226277330994,451.57144176953136,True,3.31831585045817e-09,True,-1.8973538018496328e-19,0.012526484743338253,0.012951216847205512,5.656602775853293e-13
5e-09,-2.3671737406952427,-0.005220187716604658,-0.005394545957392126,0.00017435824078746841,0.0006974329631498737,-0.004522754753454784,438.80870779338034,453.4652524401771,True,3.31831585045817e-09,True,0.0,0.012357091284246405,0.012769827533312319,5.603511518637108e-13
5.0125e-09,-2.3562464918191854,-0.005194339226581738,-0.005369643878919239,0.00017530465233750147,0.0007012186093500059,-0.004493120617231732,438.80870779338034,453.61813871555154,True,3.31831585045817e-09,True,-3.5236570605778894e-19,0.012239143579952,0.012652204552021819,5.551897530210219e-13
5.025e-09,-2.345261778497968,-0.005168413510580614,-0.005344610844874733,0.00017619733429411892,0.0007047893371764757,-0.0044636241734041385,438.80870779338034,453.76821604866205,True,3.31831585045817e-09,True,-1.6263032587282567e-19,0.01212128266183722,0.012534511535430445,5.500252809683452e-13
5.0375000000000004e-09,-2.334222915791811,-0.005142416751156047,-0.00531945440994055,0.000177037658784502,0.000708150635138008,-0.00443426611601804,438.80870779338034,453.9155476395535,True,3.31831585045817e-09,True,3.2526065174565133e-19,0.01200354702310012,0.012416792383193037,5.448596620607623e-13
5.0500000000000006e-09,-2.3231331339584846,-0.0050967253232210115,-0.005269644879477169,0.0001729195562561575,0.00069167822502463,-0.004405047098196381,440.8519334966981,455.80897274847035,True,3.31831585045817e-09,True,-3.7947076036992655e-19,0.01184037147306,0.012242086623708076,5.39694755809577e-13
5.0625e-09,-2.3122972503577657,-0.005071245537274726,-0.005245065462268375,0.00017381992499364927,0.0006952796999745971,-0.004375965837300128,440.8519334966981,455.96239293914925,True,3.31831585045817e-09,True,-3.5236570605778894e-19,0.011726227111729439,0.012128150446349645,5.346718574012084e-13
5.075e-09,-2.3014067285490567,-0.005045693904858307,-0.005220362107284018,0.0001746682024257106,0.0006986728097028424,-0.004347021095155465,440.8519334966981,456.1130286427244,True,3.31831585045817e-09,True,3.5236570605778894e-19,0.01161219390283987,0.01201417647916597,5.296472930210872e-13
5.0875e-09,-2.2904647826393902,-0.005020076390386052,-0.005195542105196518,0.0001754657148104669,0.0007018628592418676,-0.004318213531144184,440.8519334966981,456.2609419700982,True,3.31831585045817e-09,True,-3.5236570605778894e-19,0.011498308178338723,0.011900206218672743,5.24622892051131e-13
5.1e-09,-2.27947454476208,-0.0049753463859534795,-0.005146797041199354,0.00017145065524587448,0.0006858026209834979,-0.004289543764969981,442.8918658566136,458.15393902976257,True,3.31831585045817e-09,True,-3.5236570605778894e-19,0.011341175438154967,0.011731992842470717,5.196004200218291e-13
5.1125e-09,-2.2687318780906667,-0.004950235154371901,-0.005122541308593754,0.00017230615422185303,0.0006892246168874121,-0.004261010537484489,442.8918658566136,458.3078999968294,True,3.31831585045817e-09,True,-1.8973538018496328e-19,0.011230756298768605,0.01162167276364293,5.147144334664804e-13
5.125e-09,-2.2579373274259074,-0.00492505726872227,-0.005098168427769038,0.00017311115904676842,0.0006924446361870737,-0.004232612632535196,442.8918658566136,458.4591009256821,True,3.31831585045817e-09,True,-3.7947076036992655e-19,0.011120470646758302,0.011511344794563963,5.09828097458325e-13
5.1375000000000005e-09,-2.24709400844659,-0.004899818482006794,-0.00507368543357734,0.00017386695157054627,0.0006954678062821851,-0.004204350675724609,442.8918658566136,458.6076028527201,True,3.31831585045817e-09,True,0.0,0.011010352753393331,0.011401048138534379,5.049431482796562e-13
5.15e-09,-2.236204957596725,-0.004856035426431345,-0.005025987969491411,0.0001699525430600658,0.0006798101722402632,-0.004176225254191082,444.9284342045512,460.5001325618604,True,3.31831585045817e-09,True,0.0,0.0108590904948511,0.011239139214198189,5.00061261238017e-13
5.1625e-09,-2.2255572970851794,-0.004831292461426228,-0.00500205679383935,0.0001707643324131217,0.0006830573296524868,-0.004148235131773741,444.9284342045512,460.65464155903754,True,3.31831585045817e-09,True,-2.710505431213761e-20,0.010752318191879759,0.01113236399796366,4.95310528260909e-13
5.175e-09,-2.2148604355526387,-0.004806487851825571,-0.004978015036311165,0.00017152718448559378,0.0006861087379423751,-0.004120379113883196,444.9284342045512,460.80641496085417,True,3.31831585045817e-09,True,0.0,0.01064569977697285,0.011025608551511731,4.905606748976424e-13
5.1875e-09,-2.204117392722894,-0.004781627145759247,-0.0049538694838945135,0.0001722423381352669,0.0006889693525410676,-0.004092657793218179,444.9284342045512,460.95551274375134,True,3.31831585045817e-09,True,-1.8973538018496328e-19,0.010539267557483883,0.010918909890731084,4.858133480903568e-13
5.2e-09,-2.1933311117368492,-0.0047387766532139,-0.00490720288521813,0.00016842623200423007,0.0006737049280169203,-0.00406507172519698,446.9615711923746,462.8475389844136,True,3.31831585045817e-09,True,1.6263032587282567e-19,0.010393706265066268,0.010763120759753756,4.810701365712803e-13
5.2125e-09,-2.182780183760051,-0.004714401531301343,-0.004883596990087926,0.00016919545878658316,0.0006767818351463326,-0.0040376196961550105,446.9615711923746,463.00260367460163,True,3.31831585045817e-09,True,-1.8973538018496328e-19,0.010290502240812611,0.010659818735434154,4.764529330615562e-13
5.2250000000000005e-09,-2.1721826672839084,-0.004689969595456593,-0.004859886861165945,0.00016991726570935136,0.0006796690628374055,-0.004010300532619188,446.9615711923746,463.1549572065904,True,3.31831585045817e-09,True,1.8973538018496328e-19,0.010187470665339336,0.010556562004785464,4.718377540048634e-13
5.2375000000000006e-09,-2.161541488499679,-0.004665486195293429,-0.004836079045304188,0.00017059285001075951,0.0006823714000430381,-0.003983114795250391,446.9615711923746,463.3046585113156,True,3.31831585045817e-09,True,-2.710505431213761e-20,0.010084641975149264,0.010453385498088922,4.672261606505408e-13
5.25e-09,-2.150859499583229,-0.0046235539723261465,-0.004790426713261988,0.00016687274093584155,0.0006674909637433662,-0.0039560630085827804,448.99121275119666,465.196148343244,True,3.31831585045817e-09,True,-2.710505431213761e-20,0.009944614983213466,0.010303534803276813,4.626196586947419e-13
5.2625e-09,-2.1404069672564274,-0.004599546136702389,-0.00476714667563552,0.00016760053893313028,0.0006704021557325211,-0.003929143980969868,448.99121275119666,465.35177681486994,True,3.31831585045817e-09,True,0.0,0.009844900597215179,0.010203633958463583,4.581341985479857e-13
5.275e-09,-2.129910389304556,-0.004575486143066711,-0.00474376853892867,0.00016828239586195838,0.0006731295834478335,-0.0039023565596188778,448.99121275119666,465.5047185602418,True,3.31831585045817e-09,True,-8.131516293641283e-20,0.00974537547223682,0.010103801895520266,4.536518266467485e-13
5.2875e-09,-2.1193726007589055,-0.0045513791486945085,-0.0047202986173658845,0.00016891946867137578,0.0006756778746855031,-0.0038757012740090056,448.99121275119666,465.6550314791538,True,3.31831585045817e-09,True,2.439454888092385e-19,0.009646068263408534,0.010004071557045401,4.491740220847567e-13
5.3e-09,-2.1087963651210675,-0.004510350997533662,-0.0046756440922627075,0.00016529309472904566,0.0006611723789161826,-0.0038491786186174793,451.0172980468553,467.5459551316946,True,3.31831585045817e-09,True,-3.5236570605778894e-19,0.009511411789019169,0.00985998126636339,4.4470221095478267e-13
5.3125000000000004e-09,-2.0984438279295077,-0.00448670976045506,-0.004652690344731533,0.00016598058427647335,0.0006639223371058934,-0.0038227874233491667,451.0172980468553,467.70215591495605,True,3.31831585045817e-09,True,-1.8973538018496328e-19,0.009415108404538,0.009763409337169099,4.4034664989754453e-13
5.3250000000000005e-09,-2.088049719155046,-0.004463020850554926,-0.004629644424276877,0.00016662357372195142,0.0006664942948878057,-0.00379652655566712,451.0172980468553,467.8556943993261,True,3.31831585045817e-09,True,-1.0842021724855044e-19,0.009319009433584328,0.009666927739899057,4.3599516296634664e-13
5.3375e-09,-2.077616784992535,-0.004439289238774259,-0.004606512419789042,0.00016722318101478314,0.0006688927240591326,-0.0037703965147151265,451.0172980468553,468.00662746773173,True,3.31831585045817e-09,True,8.131516293641283e-20,0.009223141835914134,0.009570567523630292,4.316491505282717e-13
5.35e-09,-2.0671477025135103,-0.004399151060397382,-0.004562839384063957,0.00016368832366657517,0.0006547532946663007,-0.003744397765731081,453.0397694324222,469.8969583296787,True,3.31831585045817e-09,True,-3.5236570605778894e-19,0.009093695007510321,0.009432062949705968,4.2730996240068845e-13
5.3625e-09,-2.056896695980109,-0.004375875605571979,-0.004540212217035676,0.00016433661146369712,0.0006573464458547885,-0.0037185291597171904,453.0397694324222,470.0537404127712,True,3.31831585045817e-09,True,-4.336808689942018e-19,0.009000724075120963,0.009338747508269208,4.23082401793389e-13
5.375e-09,-2.046606523901155,-0.004352556796346961,-0.004517498599439045,0.00016494180309208377,0.0006597672123683351,-0.0036927895839786264,453.0397694324222,470.207884620562,True,3.31831585045817e-09,True,4.336808689942018e-19,0.008907971135054002,0.009245542105326281,4.188598263674769e-13
5.3875e-09,-2.0362798459103812,-0.004329199423163848,-0.004494704401914816,0.00016550497875096796,0.0006620199150038718,-0.0036671795081599763,453.0397694324222,470.3594468332982,True,3.31831585045817e-09,True,-1.8973538018496328e-19,0.008815461534315392,0.009152475986943813,4.146435610860806e-13
5.4e-09,-2.025919254847724,-0.004289937220145658,-0.0044519966829150775,0.0001620594627694196,0.0006482378510776784,-0.0036416993690679797,455.0585723979455,472.24916144086063,True,3.31831585045817e-09,True,-4.607859233063394e-19,0.008691066416381009,0.009019385802435852,4.1043488271627567e-13
5.4125000000000005e-09,-2.015771250242621,-0.004267026605142397,-0.004429696246837964,0.0001626696416955665,0.000650678566782266,-0.003616348038360131,455.0585723979455,472.40653428626825,True,3.31831585045817e-09,True,-1.8973538018496328e-19,0.008601349554666416,0.008929254341683608,4.063333733304699e-13
5.425000000000001e-09,-2.005586418963751,-0.004244076791303503,-0.004407314883434126,0.00016323809213062286,0.0006529523685224914,-0.003591124422781012,455.0585723979455,472.56129367719706,True,3.31831585045817e-09,True,1.6263032587282567e-19,0.00851186277367756,0.00883925087431229,4.022376883931842e-13
5.4375e-09,-1.9953673363116549,-0.004221092394241389,-0.004384858251976232,0.00016376585773484332,0.0006550634309393733,-0.003566028963302015,455.0585723979455,472.7134945053153,True,3.31831585045817e-09,True,-3.5236570605778894e-19,0.008422629887022826,0.008749402930349993,3.981490806819469e-13
5.45e-09,-1.9851165130480934,-0.004182692273394068,-0.004343099824468215,0.00016040755107414717,0.0006416302042965887,-0.003541062069097479,457.07365551772887,474.6025725285451,True,3.31831585045817e-09,True,-3.5236570605778894e-19,0.008303131500913235,0.008621559179368129,3.9406875703762215e-13
5.4625e-09,-1.9750729171433008,-0.0041601454320744635,-0.0043211261320806795,0.00016098070000621618,0.0006439228000248647,-0.0035162226320495987,457.07365551772887,474.76054608947345,True,3.31831585045817e-09,True,-1.8973538018496328e-19,0.008216590574267688,0.008534539195032735,3.900913028032948e-13
5.475e-09,-1.9649947671220274,-0.004137563388485619,-0.004299076841119341,0.0001615134526337215,0.000646053810534886,-0.003491509577950733,457.07365551772887,474.91593061519984,True,3.31831585045817e-09,True,8.131516293641283e-20,0.008130290407009926,0.008447663496255,3.861204434816951e-13
5.4875e-09,-1.954884556132948,-0.0041149505889210465,-0.00427695740617263,0.0001620068172515834,0.0006480272690063336,-0.003466923319914713,457.07365551772887,475.06878002283014,True,3.31831585045817e-09,True,-2.710505431213761e-20,0.008044253355531933,0.008360957980565306,3.8215736278071135e-13
5.5000000000000004e-09,-1.9447447149687613,-0.004077398763739277,-0.004236132394606052,0.00015873363086677496,0.0006349345234670998,-0.0034424642402721773,459.0849703954112,476.95720425080185,True,3.31831585045817e-09,True,-2.710505431213761e-20,0.00792949969660212,0.008238196086318083,3.782032006398929e-13
5.5125000000000006e-09,-1.9348068698405751,-0.004055214508715257,-0.0042144853232161375,0.00015927081450088063,0.0006370832580035225,-0.0034181312507117344,459.0849703954112,477.11578898782994,True,3.31831585045817e-09,True,-2.710505431213761e-19,0.007846056890139452,0.008154215156200859,3.7434776235822843e-13
5.525e-09,-1.9248366777013188,-0.004032998892801488,-0.004192767792078778,0.00015976889927728872,0.0006390755971091549,-0.003393923295692334,459.0849703954112,477.27180910884096,True,3.31831585045817e-09,True,4.336808689942018e-19,0.0077628641899931145,0.008070393227278008,3.704996235824251e-13
5.5375e-09,-1.9148365516833032,-0.004010756198326891,-0.004170985057589773,0.00016022885926288128,0.0006409154370515251,-0.0033698407612753663,459.0849703954112,477.4253175703095,True,3.31831585045817e-09,True,1.6263032587282567e-19,0.007679942568446699,0.007986754644797785,3.666599019662404e-13
5.55e-09,-1.9048088446756848,-0.003974038991249831,-0.004131077738130645,0.00015703874688081335,0.0006281549875232534,-0.003345884003726578,461.0924716070898,479.31307389528763,True,3.31831585045817e-09,True,-1.0842021724855044e-19,0.007569784619618715,0.007868913413634075,3.6282967347547174e-13
5.5625e-09,-1.8949780275570607,-0.003952216016370554,-0.004109757031929652,0.00015754101555909807,0.0006301640622363923,-0.0033220519541341618,461.0924716070898,479.4722807933154,True,3.31831585045817e-09,True,-2.710505431213761e-20,0.007489362511181296,0.007787899274104812,3.590941724924049e-13
5.575e-09,-1.8851170059547497,-0.003930365370555529,-0.004088370819381133,0.00015800544882560495,0.0006320217953024198,-0.0032983435752531086,461.0924716070898,479.62894749612093,True,3.31831585045817e-09,True,-5.421010862427522e-19,0.007409198599649869,0.007707057358264529,3.5536661261397997e-13
5.5875e-09,-1.8752281150751458,-0.003908491177371636,-0.004066924164992834,0.00015843298762119873,0.0006337319504847949,-0.0032747592268868404,461.0924716070898,479.78312601339695,True,3.31831585045817e-09,True,-3.5236570605778894e-19,0.007329312543330449,0.007626410536073073,3.5164804835682844e-13
5.6000000000000005e-09,-1.8653136319264865,-0.0038725950218731387,-0.004027918967340154,0.00015532394546701554,0.0006212957818680622,-0.0032512992400050766,463.096116642647,481.67020341420863,True,3.31831585045817e-09,True,8.131516293641283e-20,0.007223604285230616,0.007513332158074846,3.47939494545078e-13
5.6125e-09,-1.8555910551111099,-0.0038511319047427215,-0.004006924239753442,0.00015579233501072075,0.000623169340042883,-0.0032279625646998386,463.096116642647,481.83004399977165,True,3.31831585045817e-09,True,-1.0842021724855044e-19,0.007146125914493605,0.0074352127777943715,3.443218163808362e-13
5.625e-09,-1.8458403526460851,-0.0038296446589174745,-0.003985868778231295,0.000156224119313821,0.000624896477255284,-0.0032047481816621904,463.096116642647,481.9873688144865,True,3.31831585045817e-09,True,-8.131516293641283e-20,0.007068912647725427,0.007357277431211475,3.4071266074566245e-13
5.6375e-09,-1.836063783858021,-0.0038081372542570525,-0.003964757461516004,0.00015662020725895178,0.0006264808290358071,-0.0031816564252212455,463.096116642647,482.1422289350302,True,3.31831585045817e-09,True,8.131516293641283e-20,0.006991982896501899,0.007279547586870397,3.3711302183950337e-13
5.65e-09,-1.8262635518546408,-0.0037730486967731303,-0.003926638970514118,0.00015359027374098818,0.0006143610949639527,-0.0031586876018091774,465.0958658456768,484.0286194600505,True,3.31831585045817e-09,True,-8.131516293641283e-20,0.006890581314289421,0.007171077633141964,3.3352385608327285e-13
5.6625e-09,-1.8166503626540464,-0.00375194390130052,-0.00390596970659126,0.00015402580529073965,0.0006161032211629586,-0.0031358406801375617,465.0958658456768,484.1891058190792,True,3.31831585045817e-09,True,1.6263032587282567e-19,0.006815970248955227,0.007095781283994732,3.3002185401310784e-13
5.675e-09,-1.8070110638395516,-0.0037308183753244953,-0.0038852443045347016,0.0001544259292102064,0.0006177037168408256,-0.0031131146584836697,465.0958658456768,484.34710083746256,True,3.31831585045817e-09,True,-8.131516293641283e-20,0.0067416300813872634,0.00702067944401381,3.2652889848385477e-13
5.6875000000000005e-09,-1.7973478408605383,-0.0037096759399084813,-0.0038644674632668423,0.00015479152335836103,0.0006191660934334441,-0.003090509846475037,465.0958658456768,484.50265467254786,True,3.31831585045817e-09,True,0.0,0.006667578040886797,0.006945792251178461,3.2304592610460393e-13
5.7000000000000006e-09,-1.7876628248630866,-0.0036753816416136053,-0.0038272204203284627,0.00015183877871485733,0.0006073551148594293,-0.003068026526754176,467.0916823519834,486.3883534223259,True,3.31831585045817e-09,True,8.131516293641283e-20,0.006570343127896906,0.006841779667978069,3.195738375397471e-13
5.7125e-09,-1.7781601056178045,-0.003654633520595182,-0.0038068759791741427,0.00015224245857896074,0.000608969834315843,-0.003045663686279339,467.0916823519834,486.54949821842024,True,3.31831585045817e-09,True,0.0,0.006498523526975898,0.006769234993202177,3.1618533612107217e-13
5.725e-09,-1.768633230900995,-0.003633867926830083,-0.003786479823394108,0.00015261189656402493,0.0006104475862560997,-0.0030234203405739833,467.0916823519834,486.7081761124487,True,3.31831585045817e-09,True,-1.0842021724855044e-19,0.00642697957209699,0.006696894043790949,3.128063505447292e-13
5.7375e-09,-1.7590843142445265,-0.003613088537356506,-0.0037660364778641982,0.00015294794050769203,0.0006117917620307681,-0.003001296775325738,467.0916823519834,486.86443635603507,True,3.31831585045817e-09,True,1.6263032587282567e-19,0.006355727372040529,0.006624775695083615,3.094377624621136e-13
5.75e-09,-1.7495154167308402,-0.0035795752757956374,-0.0037296457822132275,0.0001500705064175902,0.0006002820256703609,-0.0029792932501252764,469.0835320271759,488.74944146606134,True,3.31831585045817e-09,True,-8.131516293641283e-20,0.006262522130353017,0.006525072794927195,3.060804193378885e-13
5.7625e-09,-1.7401241848762432,-0.003559182073530596,-0.0037096253994596223,0.0001504433259290264,0.0006017733037161057,-0.0029574087698144903,469.0835320271759,488.911257959359,True,3.31831585045817e-09,True,8.131516293641283e-20,0.006193418804528565,0.006455208874430883,3.02803217879121e-13
5.7750000000000004e-09,-1.7307106907133532,-0.0035387745194070735,-0.003689557557550509,0.00015078303814343528,0.0006031321525737411,-0.0029356423668333324,469.0835320271759,489.07063200040676,True,3.31831585045817e-09,True,0.0,0.00612459489276183,0.006385556708854914,2.995359494949492e-13
5.7875000000000005e-09,-1.721276977774105,-0.003518356151072742,-0.003669446612920925,0.0001510904618481834,0.0006043618473927335,-0.0029139943036800083,469.0835320271759,489.22761194863403,True,3.31831585045817e-09,True,0.0,0.006056065442451421,0.006316133975991956,2.962794434215157e-13
5.8e-09,-1.7118250389350824,-0.0034856108216591874,-0.0036338973226689897,0.00014828650100980222,0.0005931460040392089,-0.0028924648176199786,471.0713834032597,491.11192457230084,True,3.31831585045817e-09,True,8.131516293641283e-20,0.0059667558804992835,0.006220596425863935,2.930344963925097e-13
5.8125e-09,-1.7025462471222776,-0.0034655706765972373,-0.003614200112989705,0.0001486294363924678,0.0005945177455698712,-0.002871052931027366,471.0713834032597,491.27442663901115,True,3.31831585045817e-09,True,-1.0842021724855044e-19,0.005900294349577639,0.006153342838719534,2.8986637235901514e-13
5.825e-09,-1.6932470261082413,-0.0034455191672138445,-0.0035944595357827983,0.0001489403685689536,0.0005957614742758144,-0.0028497576929380304,471.0713834032597,491.43451071771403,True,3.31831585045817e-09,True,1.6263032587282567e-19,0.005834115083283786,0.006086307919430632,2.8670854914244036e-13
5.8375e-09,-1.6839293513011313,-0.0034254596962681864,-0.0035746797844852466,0.0001492200882170603,0.0005968803528682412,-0.002828579343399945,471.0713834032597,491.5922242890967,True,3.31831585045817e-09,True,-8.131516293641283e-20,0.005768232124245058,0.006019508210597509,2.835618060173449e-13
5.85e-09,-1.6745951491898983,-0.0033934693136555795,-0.00353995711755208,0.00014648780389650069,0.0005859512155860027,-0.0028075180980695765,473.0552076144639,493.4758485810376,True,3.31831585045817e-09,True,-2.710505431213761e-19,0.005682687251572407,0.005927995017392967,2.804268913690338e-13
5.8625e-09,-1.6654296854617645,-0.0033737802610760838,-0.0035205820772172456,0.00014680181614116182,0.0005872072645646473,-0.0027865729965114365,473.0552076144639,493.6390507337213,True,3.31831585045817e-09,True,0.0,0.005618793799021052,0.005863281901502243,2.773656037217272e-13
5.8750000000000005e-09,-1.6562455665143756,-0.0033540827018296335,-0.0035011676012754143,0.000147084899445781,0.000588339597783124,-0.0027657431040465094,473.0552076144639,493.7998593805999,True,3.31831585045817e-09,True,-1.0842021724855044e-19,0.005555184604627889,0.005798793317236177,2.743149376598525e-13
5.887500000000001e-09,-1.647044701467541,-0.0033343799081597815,-0.0034817177254496453,0.0001473378172898639,0.0005893512691594556,-0.002745028639000326,473.0552076144639,493.9583211369973,True,3.31831585045817e-09,True,-8.131516293641283e-20,0.005491872760414394,0.005734544731707456,2.712756248632301e-13
5.9e-09,-1.637828952201879,-0.0033031316074935628,-0.003447807060335584,0.00014467545284202137,0.0005787018113680855,-0.002724429796125477,475.03497833271007,495.84126423732596,True,3.31831585045817e-09,True,-1.8973538018496328e-19,0.00540996457968609,0.00564691822502367,2.6824836766707044e-13
5.9125e-09,-1.628777640224108,-0.003283791582214914,-0.0034287530698072664,0.00014496148759235214,0.0005798459503694086,-0.0027039456318455057,475.03497833271007,496.0051816459981,True,3.31831585045817e-09,True,8.131516293641283e-20,0.005348566304267798,0.005584676333951846,2.652916601294014e-13
5.925e-09,-1.6197093888225478,-0.0032644457814609744,-0.0034096634199600314,0.00014521763849905729,0.0005808705539962291,-0.002683575227464745,475.03497833271007,496.16673005292216,True,3.31831585045817e-09,True,-2.710505431213761e-19,0.005287453481534499,0.00552266385403406,2.623458504239911e-13
5.9375e-09,-1.610626042624047,-0.0032450973512068142,-0.003390541993932875,0.00014544464272606088,0.0005817785709042435,-0.002663318780302571,475.03497833271007,496.3259552213661,True,3.31831585045817e-09,True,8.131516293641283e-20,0.005226638304704009,0.005460895234038752,2.594116249178799e-13
5.95e-09,-1.601529400641906,-0.0032145783892648825,-0.0033574288703556343,0.00014285048109075163,0.0005714019243630065,-0.0026431764649018762,477.0106717025593,498.20822724069507,True,3.31831585045817e-09,True,1.6263032587282567e-19,0.005148241801075811,0.005377021046438491,2.564896421120423e-13
5.9625000000000005e-09,-1.5925929999886759,-0.0031955852283825515,-0.0033386946969222934,0.00014310946853974185,0.0005724378741589674,-0.002623147354223584,477.0106717025593,498.37287575483265,True,3.31831585045817e-09,True,8.131516293641283e-20,0.005089266665589265,0.005317181803417758,2.5363524636129307e-13
5.9750000000000006e-09,-1.5836413184660167,-0.0031765889001245046,-0.00331992848883997,0.00014333958871546532,0.0005733583548618613,-0.0026032305452626434,477.0106717025593,498.53517979740684,True,3.31831585045817e-09,True,8.131516293641283e-20,0.005030577434017684,0.00525757592927942,2.507919825552784e-13
5.9875e-09,-1.5746761379638494,-0.0031575924283220934,-0.003301133981643373,0.00014354155332127968,0.0005741662132851187,-0.0025834262150369745,477.0106717025593,498.6951842928675,True,3.31831585045817e-09,True,-1.8973538018496328e-19,0.004972185450294127,0.005198216909115412,2.479604939472744e-13
6e-09,-1.5656991963315112,-0.0031277901845497254,-0.003268804101046438,0.0001410139164967123,0.0005640556659868492,-0.0025637345185628765,478.9822662760017,500.5767982985432,True,3.31831585045817e-09,True,1.6263032587282567e-19,0.004897178578243094,0.005117963953973556,2.4514139733931404e-13
6.0125e-09,-1.5568784028252292,-0.003109141630201177,-0.0032503884014948403,0.00014124677129366341,0.0005649870851746537,-0.0025441545450265233,478.9822662760017,500.7421944700832,True,3.31831585045817e-09,True,-1.0842021724855044e-19,0.004840555455385038,0.005060459503080937,2.4238703611836366e-13
6.025e-09,-1.5480439307143468,-0.003090492396806038,-0.0032319441443001665,0.00014145174749412875,0.000565806989976515,-0.002524685406829523,478.9822662760017,500.90527073103925,True,3.31831585045817e-09,True,-1.8973538018496328e-19,0.004784217997794421,0.005003191516991645,2.3964400114215257e-13
6.0375e-09,-1.539197500869201,-0.0030718453900575628,-0.003213474922226612,0.00014162953216904933,0.0005665181286761973,-0.0025053272613813652,478.9822662760017,501.06607118021594,True,3.31831585045817e-09,True,-1.6263032587282567e-19,0.004728176747433177,0.004946172569397051,2.369128946681994e-13
6.05e-09,-1.5303407916414862,-0.00304274736750327,-0.003181914148168169,0.00013916678066489864,0.0005566671226595946,-0.0024860802448436756,480.9497429471832,502.94704318393974,True,3.31831585045817e-09,True,0.0,0.0046564404151500025,0.00486941301644292,2.3419429385618905e-13
6.0625000000000005e-09,-1.5216362377458648,-0.0030244410696577267,-0.0031638154714908897,0.00013937440183316301,0.0005574976073326521,-0.0024669434623250746,480.9497429471832,503.1132042913526,True,3.31831585045817e-09,True,-8.131516293641283e-20,0.004602099130518063,0.004814176270961557,2.3153768400213897e-13
6.075000000000001e-09,-1.5129195521780032,-0.0030061364645966697,-0.003145691570406242,0.00013955510580957226,0.000558220423238289,-0.0024479160413583808,480.9497429471832,503.27707008503694,True,3.31831585045817e-09,True,1.8973538018496328e-19,0.0045480426338035595,0.004759178281989132,2.2889255713624896e-13
6.0875e-09,-1.5041923964679822,-0.0029878363437649312,-0.0031275458995996784,0.00013970955583474709,0.0005588382233389883,-0.002428998120425943,480.9497429471832,503.4386838512615,True,3.31831585045817e-09,True,8.131516293641283e-20,0.004494280710181906,0.004704430761782451,2.2625947655920916e-13
6.1e-09,-1.4954563910997445,-0.0029594301699235196,-0.0030967402580306053,0.00013731008810708573,0.0005492403524283429,-0.0024101898174951767,482.9130848871358,505.3190327982604,True,3.31831585045817e-09,True,0.0,0.0044256987616255305,0.00463104001044774,2.236389817681072e-13
6.1125e-09,-1.4868686463652998,-0.0029414636891943262,-0.0030789570481669676,0.00013749335897264155,0.0005499734358905662,-0.00239149025330376,482.9130848871358,505.4859768717922,True,3.31831585045817e-09,True,-1.8973538018496328e-19,0.004373570133885049,0.004578004698424919,2.210778371544179e-13
6.125e-09,-1.4782702625203814,-0.0029235011598056975,-0.003061151807195027,0.00013765064738932974,0.000550602589557319,-0.0023728985702483785,482.9130848871358,505.6506502698397,True,3.31831585045817e-09,True,-8.131516293641283e-20,0.004321724826984608,0.004525209685636933,2.1852829690520772e-13
6.1375e-09,-1.4696628433967749,-0.0029055452627308434,-0.003043327856275126,0.00013778259354428266,0.0005511303741771306,-0.002354414888553713,482.9130848871358,505.81309547918676,True,3.31831585045817e-09,True,0.0,0.004270171912443041,0.004472665870641913,2.1599088732610934e-13
6.1500000000000005e-09,-1.4610479532047627,-0.0028778186902988175,-0.003013263535712978,0.0001354448454141604,0.0005417793816566416,-0.002336039308642176,484.8722774787302,507.69284323921573,True,3.31831585045817e-09,True,-8.131516293641283e-20,0.004204631107155498,0.004402522521319992,2.1346611215638264e-13
6.162500000000001e-09,-1.452577524765704,-0.0028601895007760517,-0.002995794134321123,0.00013560463354507136,0.0005424185341802854,-0.0023177709665957663,484.8722774787302,507.8605890873937,True,3.31831585045817e-09,True,1.8973538018496328e-19,0.004154646985398132,0.004351623228339792,2.1099814654544597e-13
6.175e-09,-1.4440978963733428,-0.0028425664110485025,-0.002978305758956679,0.00013573934790817632,0.0005429573916327053,-0.0022996090194157973,484.8722774787302,508.02608894568493,True,3.31831585045817e-09,True,8.131516293641283e-20,0.0041049441744966655,0.004300965081265953,2.0854187343099144e-13
6.1875e-09,-1.4356106157664204,-0.002824951995284704,-0.0029608016016741566,0.0001358496063894524,0.0005433984255578096,-0.0022815535697268945,484.8722774787302,508.18938451438595,True,3.31831585045817e-09,True,8.131516293641283e-20,0.004055531073461252,0.0042505582105416394,2.0609778401012407e-13
6.2e-09,-1.4271171924404393,-0.002797892902833371,-0.002931464953280595,0.00013357205044722378,0.0005342882017888951,-0.002263604701044476,486.8273082519224,510.0685558747534,True,3.31831585045817e-09,True,8.131516293641283e-20,0.003992921064240592,0.004183544033863346,2.036663480959082e-13
6.2125e-09,-1.4187645255617753,-0.0027805983949341934,-0.00291430760253818,0.00013370920760398652,0.0005348368304159461,-0.0022457615645182475,486.8273082519224,510.2371231122545,True,3.31831585045817e-09,True,8.131516293641283e-20,0.003945014362566645,0.004134716243056156,2.0128927789925296e-13
6.225e-09,-1.4104040454518219,-0.0027633120283074297,-0.00289713420250856,0.00013382217420113038,0.0005352886968045215,-0.002228023331502908,486.8273082519224,510.403469099259,True,3.31831585045817e-09,True,-2.710505431213761e-19,0.003897386463570478,0.004086129799434911,1.989239571426865e-13
6.2375000000000004e-09,-1.4020372453254606,-0.00274603627387698,-0.002879947820429041,0.00013391154655206092,0.0005356461862082437,-0.0022103900876687364,486.8273082519224,510.5676347625227,True,3.31831585045817e-09,True,8.131516293641283e-20,0.003850045132990273,0.004037794108835397,1.965708437279806e-13
6.2500000000000005e-09,-1.3936655814876753,-0.00271963266644837,-0.0028513253579978935,0.00013169269154952358,0.0005267707661980943,-0.0021928619002502757,488.77816681932825,512.4462574233213,True,3.31831585045817e-09,True,-1.0842021724855044e-19,0.0037902584415186445,0.003973794013064688,1.94230375302338e-13
6.2625e-09,-1.3854310601612356,-0.0027026701497824728,-0.002834478203428726,0.00013180805364625326,0.000527232214585013,-0.00217543793519746,488.77816681932825,512.6156665003102,True,3.31831585045817e-09,True,1.6263032587282567e-19,0.0037443631708792566,0.003926974142380174,1.9194192224594854e-13
6.275e-09,-1.3771900608625613,-0.002685717711963024,-0.002817617795460216,0.00013190008349719205,0.0005276003339887682,-0.002158117377974256,488.77816681932825,512.7828791269192,True,3.31831585045817e-09,True,8.131516293641283e-20,0.0036987437391980157,0.003880395223217291,1.8966524637386254e-13
6.2875e-09,-1.368944023816422,-0.0026687777241252686,-0.0028007470806739984,0.00013196935654872981,0.0005278774261949193,-0.0021409002979303495,488.77816681932825,512.9479354692658,True,3.31831585045817e-09,True,-2.710505431213761e-20,0.0036534073163356786,0.0038340659783099606,1.874007740342697e-13
6.3e-09,-1.3606943536275378,-0.00264301773375509,-0.002772825480535243,0.00012980774678015343,0.0005192309871206137,-0.002123786746634476,490.72484481240434,514.826040041101,True,3.31831585045817e-09,True,-8.131516293641283e-20,0.0035963393068580017,0.0037729679749588696,1.851489123993863e-13
6.3125e-09,-1.3525783012155508,-0.0026263844400026158,-0.0027562865738591617,0.00012990213385654614,0.0005196085354261846,-0.002106775904576431,490.72484481240434,514.9963122741482,True,3.31831585045817e-09,True,-1.8973538018496328e-19,0.0035523906041976935,0.003728093411733656,1.8294680609191451e-13
6.325e-09,-1.3444570556017068,-0.002609763061791972,-0.0027397370844666927,0.0001299740226747206,0.0005198960906988824,-0.0020898669710930897,490.72484481240434,515.1644129251131,True,3.31831585045817e-09,True,1.6263032587282567e-19,0.0035087143618749298,0.0036834588537048942,1.807564774357211e-13
6.3375000000000005e-09,-1.3363320055196055,-0.0025931558738244596,-0.002723179842321744,0.00013002396849728476,0.000520095873989139,-0.0020730599998353204,490.72484481240434,515.3303814123389,True,3.31831585045817e-09,True,-2.710505431213761e-19,0.003465317189492785,0.003639072380080379,1.785783228976051e-13
6.350000000000001e-09,-1.3282045053305132,-0.002568027759996911,-0.00269594594316882,0.00012791818317190901,0.0005116727326876361,-0.002056355027309275,492.6673358180688,517.2080014166634,True,3.31831585045817e-09,True,-8.131516293641283e-20,0.003410866040641723,0.003580767547844346,1.7641272079802734e-13
6.3625e-09,-1.320207185255242,-0.0025517208457960586,-0.002679713245171921,0.0001279923993758629,0.0005119695975034516,-0.0020397512482926068,492.6673358180688,517.3791590213615,True,3.31831585045817e-09,True,-2.710505431213761e-19,0.0033688001953855397,0.003537776680699612,1.742947011999569e-13
6.375e-09,-1.3122059072355021,-0.00253542758592842,-0.0026634725134691514,0.00012804492754073135,0.0005121797101629254,-0.0020232478757654946,492.6673358180688,517.5481699884558,True,3.31831585045817e-09,True,-1.6263032587282567e-19,0.003327003055623122,0.003495024365933611,1.7218843429837472e-13
6.3875e-09,-1.304202009978485,-0.0025191501619175214,-0.00264722646532446,0.0001280763034069387,0.0005123052136277548,-0.0020068449482897664,492.6673358180688,517.7150730013472,True,3.31831585045817e-09,True,-2.710505431213761e-19,0.0032854807046104576,0.003452518076944401,1.7009428828319205e-13
6.4e-09,-1.2961967990259624,-0.0024946423119552442,-0.002620667267968911,0.00012602495601366705,0.0005040998240546682,-0.001990542487900576,494.60563531613474,519.5922448737882,True,3.31831585045817e-09,True,-1.8973538018496328e-19,0.003233547379471114,0.0033969005240534166,1.680126141805151e-13
6.4125e-09,-1.288318415503853,-0.0024786588617967988,-0.002604738651391233,0.0001260797895944344,0.0005043191583777376,-0.001974339703419061,494.60563531613474,519.7643109991914,True,3.31831585045817e-09,True,0.0,0.0031933018574046355,0.0033557327721619964,1.6597643397263586e-13
6.4250000000000005e-09,-1.2804372607581171,-0.0024626907097837158,-0.002588804431918181,0.00012611372213446544,0.0005044548885378618,-0.001958235821245854,494.60563531613474,519.9342555162239,True,3.31831585045817e-09,True,-1.8973538018496328e-19,0.003153320946529924,0.003314801655443789,1.6395195787377507e-13
6.4375000000000006e-09,-1.2725546249007271,-0.002446739947422015,-0.002572867217914641,0.00012612727049262642,0.0005045090819705057,-0.0019422308654515092,494.60563531613474,520.10211638615,True,3.31831585045817e-09,True,-1.0842021724855044e-19,0.003113610236021247,0.0032741140774127436,1.6193952733562304e-13
6.45e-09,-1.2646717660456444,-0.002422840876816091,-0.0025469698849750195,0.00012412900815892834,0.0004965160326357134,-0.0019263248441803778,496.5397406173289,521.9788794828233,True,3.31831585045817e-09,True,2.168404344971009e-19,0.0030640984505305832,0.0032210809024964294,1.599394675833009e-13
6.4625e-09,-1.2569124648643777,-0.0024071779059421,-0.00253134313741274,0.0001241652314706403,0.0004966609258825612,-0.0019105169800595389,496.5397406173289,522.1518782478432,True,3.31831585045817e-09,True,-2.710505431213761e-20,0.003025611915124756,0.003181676742262974,1.5798289443314454e-13
6.475e-09,-1.2491515316203157,-0.002391531784921209,-0.0025157131029780078,0.00012418131805679882,0.0004967252722271953,-0.0018948065126940137,496.5397406173289,522.3227805276567,True,3.31831585045817e-09,True,8.131516293641283e-20,0.0029873855920529956,0.0031425068757022752,1.5603795489493805e-13
6.4875e-09,-1.2413902092284401,-0.0023759045183088887,-0.0025000822848239034,0.0001241777665150148,0.0004967110660600592,-0.0018791934522488295,496.5397406173289,522.4916235741795,True,3.31831585045817e-09,True,-8.131516293641283e-20,0.0029494246070902678,0.003103577670645862,1.5410496515682303e-13
6.5e-09,-1.233629709734866,-0.0023526028709914388,-0.0024748341403527793,0.0001222312693613406,0.0004889250774453624,-0.0018636777935460763,498.4696508021408,524.3680201814033,True,3.31831585045817e-09,True,-8.131516293641283e-20,0.002902240796862581,0.003053028922205336,1.52184226074053e-13
6.5125e-09,-1.2259895790716149,-0.0023372573282951933,-0.0024595069671719113,0.00012224963887671794,0.0004889985555068718,-0.0018482587727883216,498.4696508021408,524.5419767133034,True,3.31831585045817e-09,True,1.3552527156068805e-19,0.002865453128098671,0.0030153299114067957,1.5030504479921955e-13
6.5250000000000005e-09,-1.2183489089223811,-0.0023219300978802654,-0.002444178711706532,0.0001222486138262667,0.0004889944553050668,-0.0018329356425751983,498.4696508021408,524.7138619869028,True,3.31831585045817e-09,True,-2.710505431213761e-19,0.002828921001346459,0.0029778624666189643,1.4843740638723566e-13
6.537500000000001e-09,-1.210708896371022,-0.00230662310032773,-0.002428851775474677,0.0001222286751469473,0.0004889147005877892,-0.0018177083997399407,498.4696508021408,524.8837125575487,True,3.31831585045817e-09,True,0.0,0.002792649108141691,0.002940632452533744,1.4658160317519383e-13
6.55e-09,-1.2030707087246213,-0.0022839076488902345,-0.002404240304527999,0.00012033265563776439,0.00048133062255105755,-0.001802577026339177,500.39536666065845,526.7597879052602,True,3.31831585045817e-09,True,8.131516293641283e-20,0.0027477023938119577,0.002892471087112799,1.4473791301911627e-13
6.5625e-09,-1.1955497800038055,-0.0022688764198148074,-0.0023892103317866326,0.00012033391197182506,0.00048133564788730023,-0.0017875407719275074,500.39536666065845,526.934728380398,True,3.31831585045817e-09,True,6.776263578034403e-20,0.002712554704565415,0.0028564198865503277,1.4293392764671477e-13
6.575e-09,-1.1880293587646227,-0.0022538648789443556,-0.002374181373206601,0.00012031649426224549,0.00048126597704898196,-0.0017725989018953735,500.39536666065845,527.107622938364,True,3.31831585045817e-09,True,-1.2197274440461925e-19,0.0026776576468743665,0.0028205971744015494,1.4114137572866807e-13
6.5875e-09,-1.1805105975939003,-0.002238874865773367,-0.0023591557321402216,0.00012028086636685465,0.0004811234654674186,-0.0017577514003059484,500.39536666065845,527.2785074507148,True,3.31831585045817e-09,True,-1.3552527156068805e-19,0.002643015505732081,0.0027850083431659287,1.3936052710315076e-13
6.6e-09,-1.1729946203579087,-0.0022167345116350075,-0.0023351685802948403,0.00011843406865983277,0.00047373627463933107,-0.0017429982369956765,502.31689063314025,529.1543097295569,True,3.31831585045817e-09,True,-1.3552527156068805e-20,0.00260021765690958,0.0027391401823146626,1.3759163793885946e-13
6.6125000000000005e-09,-1.1655928691466746,-0.002202014421067547,-0.0023204333576709213,0.00011841893660337432,0.00047367574641349726,-0.0017283386746540497,502.31689063314025,529.3302614165395,True,3.31831585045817e-09,True,-1.2197274440461925e-19,0.0025666523069544757,0.002704680575031301,1.3586067366055768e-13
6.625000000000001e-09,-1.1581926277485244,-0.0021873153108492318,-0.0023057011407454212,0.00011838582989618938,0.0004735433195847575,-0.0017137719912644744,502.31689063314025,529.5041926528885,True,3.31831585045817e-09,True,8.131516293641283e-20,0.002533332467587052,0.0026704460630027098,1.341410162971032e-13
6.6375e-09,-1.1507950055561655,-0.00217263894218981,-0.0022909741380698102,0.00011833519588000022,0.0004733407835200009,-0.0016992981586698092,502.31689063314025,529.676138639159,True,3.31831585045817e-09,True,1.6263032587282567e-19,0.002500262043548864,0.002636441595949079,1.3243291448130152e-13
6.65e-09,-1.1434010842632258,-0.0021510627157176098,-0.0022675991108919926,0.00011653639517438288,0.0004661455806975315,-0.0016849171350200782,504.23422675159395,531.5517190217205,True,3.31831585045817e-09,True,-9.486769009248164e-20,0.002459527441469714,0.002592775282068231,1.3073660394943206e-13
6.6625e-09,-1.1361184312028498,-0.0021366505308766572,-0.00225315611461367,0.00011650558373701299,0.00046602233494805195,-0.0016706281959286053,504.23422675159395,531.7287103271427,True,3.31831585045817e-09,True,-1.3552527156068805e-20,0.002427488049168324,0.0025598521901899914,1.2907650897188248e-13
6.675e-09,-1.1288382466214877,-0.002122260537424772,-0.0022387180138360553,0.00011645747641128302,0.0004658299056451321,-0.0016564306317796403,504.23422675159395,531.9037067858129,True,3.31831585045817e-09,True,1.6263032587282567e-19,0.002395688863940556,0.002527150517418632,1.2742757870354747e-13
6.6875e-09,-1.121561597990029,-0.002107894421005178,-0.0022242869255730937,0.00011639250456791573,0.00046557001827166294,-0.001642324402733515,504.23422675159395,532.0767429400934,True,3.31831585045817e-09,True,-1.8973538018496328e-19,0.002364133435216835,0.002494674798634088,1.2579004180859477e-13
6.7000000000000004e-09,-1.1142895260681196,-0.00208687148158845,-0.002201511988041618,0.00011464050645316802,0.0004585620258126721,-0.0016283094557757779,506.1473805824467,533.9521556066132,True,3.31831585045817e-09,True,6.776263578034403e-20,0.0023253790341842685,0.002453121749788178,1.2416411479051146e-13
6.7125000000000005e-09,-1.1071258378395148,-0.0020727639149015846,-0.0021873586238172265,0.00011459470891564181,0.00045837883566256726,-0.0016143850792390176,506.1473805824467,534.1302161235673,True,3.31831585045817e-09,True,6.776263578034403e-20,0.0022948104859289295,0.002421681249049135,1.2257276208118476e-13
6.725e-09,-1.0999655340580041,-0.0020586796721649577,-0.0021732119462758532,0.00011453227411089535,0.0004581290964435814,-0.0016005505757213765,506.1473805824467,534.3063075477176,True,3.31831585045817e-09,True,1.7618285302889447e-19,0.0022644766850472846,0.0023904582391065534,1.2099241761155104e-13
6.7375e-09,-1.092809641514924,-0.002044620366092116,-0.0021590739840585136,0.00011445361796639779,0.00045781447186559116,-0.0015868058942265246,506.1473805824467,534.4804637760758,True,3.31831585045817e-09,True,-8.131516293641283e-20,0.0022343808493032378,0.002359456866523183,1.1942329125879768e-13
6.75e-09,-1.0856591612456337,-0.0020241400021749436,-0.002136887259947135,0.0001127472577721915,0.000450989031088766,-0.0015731509710861776,508.0563591700631,536.3557659445938,True,3.31831585045817e-09,True,-4.0657581468206416e-20,0.002197526137004984,0.002319931230310687,1.178655814396573e-13
6.7625e-09,-1.078614251567116,-0.0020103337141441006,-0.002123020865891905,0.0001126871517478042,0.0004507486069912168,-0.0015595851071528838,508.0563591700631,536.5349265041481,True,3.31831585045817e-09,True,0.0,0.0021683745944816794,0.0022899205623253672,1.1634087036836898e-13
6.775e-09,-1.0715736005700474,-0.001996551806721765,-0.0021091628541379135,0.00011261104741614857,0.0004504441896645943,-0.0015461076170571707,508.0563591700631,536.7121438884753,True,3.31831585045817e-09,True,0.0,0.002139452208253475,0.0022601232337971615,1.1482699814386553e-13
6.7875e-09,-1.0645381955790036,-0.001982795822249508,-0.0020953151680218763,0.00011251934577236851,0.00045007738308947405,-0.0015327184391600338,508.0563591700631,536.8874513621231,True,3.31831585045817e-09,True,-1.4907779871675686e-19,0.002110761886819078,0.002230543028135325,1.1332415698466011e-13
6.8000000000000005e-09,-1.0575089990863118,-0.0019628474513219826,-0.002073704939242909,0.00011085748792092639,0.00044342995168370554,-0.0015194174996382773,509.96117098144094,538.7627033237234,True,3.31831585045817e-09,True,1.6263032587282567e-19,0.002075728843606628,0.00219296163469911,1.1183252831485331e-13
6.812500000000001e-09,-1.050582629741765,-0.001949339053373841,-0.0020601227887995397,0.00011078373542569892,0.0004431349417027957,-0.0015062041116710452,509.96117098144094,538.9429960495877,True,3.31831585045817e-09,True,-1.3552527156068805e-19,0.0020479417489518126,0.0021643292170479595,1.1037238619151227e-13
6.825e-09,-1.043661352539328,-0.0019358560193159279,-0.00204655062370878,0.00011069460439285248,0.0004427784175714099,-0.001493077601744518,509.96117098144094,539.1213716958795,True,3.31831585045817e-09,True,-1.4907779871675686e-19,0.0020203781114406607,0.002135905791980111,1.0892290187842193e-13
6.8375e-09,-1.036746116520686,-0.001922399823598528,-0.002032990304978369,0.00011059048137984133,0.0004423619255193653,-0.0014800378980791625,509.96117098144094,539.2978629076274,True,3.31831585045817e-09,True,-1.3552527156068805e-19,0.0019930405515158254,0.002107694803610529,1.0748425101207237e-13
6.85e-09,-1.0298378467884741,-0.0019029729921494606,-0.002011945010890706,0.00010897201874124547,0.00043588807496498187,-0.0014670849171844788,511.8618258520672,541.1731280669642,True,3.31831585045817e-09,True,0.0,0.0019597536087318204,0.002071977117872498,1.0605659906779207e-13
6.8625e-09,-1.0230297286840686,-0.001889759049468405,-0.0019986443157410487,0.00010888526627264381,0.00043554106509057525,-0.0014542179843778297,511.8618258520672,541.3545864335721,True,3.31831585045817e-09,True,-1.4907779871675686e-19,0.001933279687655926,0.002044672552068521,1.046589825771399e-13
6.875e-09,-1.0162274963641287,-0.0018765713830597398,-0.0019853551193673657,0.00010878373630762586,0.00043513494523050346,-0.0014414364378292363,511.8618258520672,541.5341540097319,True,3.31831585045817e-09,True,0.0,0.0019070234383553697,0.002017572462348404,1.0327183243665052e-13
6.8875000000000005e-09,-1.0094320617429542,-0.001863411401888256,-0.0019720792033330677,0.00010866780144481188,0.0004346712057792475,-0.0014287401961090083,511.8618258520672,541.711862833974,True,3.31831585045817e-09,True,-9.486769009248164e-20,0.0018809872132833907,0.001990679976140901,1.0189530872746313e-13
6.9000000000000006e-09,-1.002644313659424,-0.0018444957853218913,-0.0019515874400185447,0.00010709165469665345,0.0004283666187866138,-0.0014161291665352775,513.7583349326621,543.5872077552339,True,3.31831585045817e-09,True,-9.486769009248164e-20,0.0018493732107217682,0.001956748049343746,1.0052956197135777e-13
6.9125e-09,-0.9959541079069975,-0.0018315728196630348,-0.0019385653529835898,0.00010699253332055498,0.0004279701332822199,-0.001403602686380815,513.7583349326621,543.7698666494892,True,3.31831585045817e-09,True,4.0657581468206416e-20,0.0018241624736742017,0.0019307221267501847,9.919245850568232e-14
6.925e-09,-0.9892705427133284,-0.001818676974186997,-0.001925556191400751,0.00010687921721375393,0.00042751686885501573,-0.0013911601053319814,513.7583349326621,543.9506612522886,True,3.31831585045817e-09,True,4.0657581468206416e-20,0.0017991635572742045,0.0019048960184920307,9.786562066803233e-14
6.9375e-09,-0.9825944939930032,-0.0018058095947059982,-0.001912561660185603,0.00010675206547960462,0.0004270082619184185,-0.0013788013327875799,513.7583349326621,544.1296230087748,True,3.31831585045817e-09,True,8.131516293641283e-20,0.0017743785649578505,0.0018792725567204906,9.654919396253661e-14
6.95e-09,-0.975926815420202,-0.0017873949972234513,-0.0018926121796944695,0.00010521718247101828,0.0004208687298840731,-0.0013665262673393781,515.650710637268,546.005117467718,True,3.31831585045817e-09,True,-5.421010862427522e-20,0.0017443667075382836,0.0018470509773547107,9.52433149056217e-14
6.9625e-09,-0.9693541344454718,-0.0017747594897033828,-0.0018798657976200467,0.0001051063079166639,0.0004204252316666556,-0.0013543342580367272,515.650710637268,546.189013254681,True,3.31831585045817e-09,True,4.0657581468206416e-20,0.00172037044899031,0.0018222556831256269,9.396474379665298e-14
6.9750000000000004e-09,-0.9627888108803084,-0.0017621518801836777,-0.0018671336837496914,0.00010498180356601386,0.00041992721426405545,-0.0013422246659196221,515.650710637268,546.3710714765133,True,3.31831585045817e-09,True,-1.3552527156068805e-19,0.0016965801133125428,0.0017976554191319353,9.269622943563183e-14
6.9875000000000005e-09,-0.95623168573996,-0.001749573453586034,-0.0018544174690619528,0.00010484401547591898,0.00041937606190367593,-0.001330197391682358,515.650710637268,546.5513229981905,True,3.31831585045817e-09,True,-5.421010862427522e-20,0.0016729975728484569,0.0017732527425067413,9.143790368130856e-14
7.000000000000001e-09,-0.9496835786065649,-0.0017316498080337652,-0.001834999178631337,0.00010334937059757197,0.0004133974823902879,-0.0013182523256434773,517.538966592291,548.4270400404463,True,3.31831585045817e-09,True,-5.421010862427522e-20,0.0016445193865868772,0.0017426685867027154,9.018988994749717e-14
7.0125e-09,-0.9432279872802923,-0.0017192982018966647,-0.0018225255452568704,0.00010322734336020582,0.0004129093734408233,-0.0013063888284558414,517.538966592291,548.6122106332449,True,3.31831585045817e-09,True,-9.486769009248164e-20,0.0016216901825096166,0.0017190571018195551,8.896790359888313e-14
7.025e-09,-0.9367804332293498,-0.0017069752078146864,-0.001810067441679866,0.0001030922338651796,0.0004123689354607184,-0.001294606272353968,517.538966592291,548.7955706331788,True,3.31831585045817e-09,True,-5.421010862427522e-20,0.0015990609746884012,0.0016956357621912056,8.775575800813683e-14
7.0375e-09,-0.9303417236432541,-0.001694682052012126,-0.0017976264275693904,0.00010294437555726428,0.0004117775022290571,-0.001282904549783069,517.538966592291,548.9771503384029,True,3.31831585045817e-09,True,4.0657581468206416e-20,0.0015766334212962481,0.001672406869091572,8.65535722751501e-14
7.05e-09,-0.9239126450588853,-0.001677239419698624,-0.0017787283888155852,0.00010148896911696135,0.0004059558764678454,-0.0012712835432307785,519.4231175868833,550.8531663445516,True,3.31831585045817e-09,True,-1.3552527156068805e-19,0.0015496227086507855,0.0016433896505519366,8.536145756997058e-14
7.0625e-09,-0.9175736618491731,-0.0016651681230555556,-0.001766524497623446,0.00010135637456789026,0.00040542549827156106,-0.0012597426247839946,519.4231175868833,551.0396512788395,True,3.31831585045817e-09,True,4.0657581468206416e-20,0.0015279144122666006,0.0016209163520306163,8.419414249193007e-14
7.0750000000000005e-09,-0.9112433597273385,-0.001653126091041189,-0.001754337319372228,0.00010121122833103915,0.0004048449133241566,-0.0012482811777170322,519.4231175868833,551.2243528582927,True,3.31831585045817e-09,True,-4.0657581468206416e-20,0.001506400173253295,0.001598628232999802,8.303644606471677e-14
7.087500000000001e-09,-0.9049225131045193,-0.0016411144933084817,-0.0017421683449681154,0.00010105385165963383,0.0004042154066385353,-0.0012368990866699462,519.4231175868833,551.4073008277433,True,3.31831585045817e-09,True,-1.3552527156068805e-19,0.001485081451576961,0.001576527356979688,8.18884754723399e-14
7.1e-09,-0.8986118764937148,-0.0016241430637908526,-0.001723779773055971,9.963670926511834e-05,0.00039854683706047335,-0.0012255962267303793,521.3031795242773,553.2836955854725,True,3.31831585045817e-09,True,4.0657581468206416e-20,0.0014594742462473492,0.0015490089765277358,8.075033045755553e-14
7.1125e-09,-0.8923889746375987,-0.0016123484523300666,-0.0017118425700989605,9.949411776889401e-05,0.00039797647107557603,-0.0012143719812544905,521.3031795242773,553.4715360987714,True,3.31831585045817e-09,True,-9.486769009248164e-20,0.0014388419821333473,0.001527629435871603,7.963580820547449e-14
7.125e-09,-0.8861753625534597,-0.0016005836988237476,-0.0016999231874283824,9.933948860463487e-05,0.00039735795441853946,-0.001203225744405208,521.3031795242773,553.6576207821564,True,3.31831585045817e-09,True,-9.486769009248164e-20,0.001418397839602292,0.0015064300469323796,7.853067731967559e-14
7.1375e-09,-0.8799717828956692,-0.0015888499184143734,-0.001688023049655481,9.91731312411075e-05,0.00039669252496443,-0.0011921573934499435,521.3031795242773,553.8419788408057,True,3.31831585045817e-09,True,4.0657581468206416e-20,0.0013981430954607347,0.0014854126525743183,7.743503386925829e-14
7.15e-09,-0.873778959149813,-0.0015723400092556078,-0.0016701333124454398,9.779330318983216e-05,0.00039117321275932863,-0.001181166796496279,523.1791693744553,555.7188356247996,True,3.31831585045817e-09,True,-9.486769009248164e-20,0.0013738776167169723,0.0014593273473900057,7.634896694529305e-14
7.1625000000000004e-09,-0.8676715678423486,-0.001560818428921804,-0.001658459699150081,9.764127022827709e-05,0.00039056508091310835,-0.0011702533480086957,523.1791693744553,555.9080747411001,True,3.31831585045817e-09,True,4.0657581468206416e-20,0.0013542777733398128,0.0014389983273649005,7.528539496419993e-14
7.1750000000000006e-09,-0.8615740407797914,-0.0015493272428058439,-0.0016468049402844946,9.747769747865064e-05,0.00038991078991460257,-0.0011594164528912414,523.1791693744553,556.0955858618183,True,3.31831585045817e-09,True,4.0657581468206416e-20,0.0013348601330744438,0.001418844386777035,7.423098277456176e-14
7.187500000000001e-09,-0.8554870898561204,-0.0015378675135371638,-0.0016351703965564847,9.730288301932096e-05,0.00038921153207728385,-0.00114865598145988,523.1791693744553,556.2813976663451,True,3.31831585045817e-09,True,-4.0657581468206416e-20,0.0013156258037401761,0.0013988671639689856,7.318581609104939e-14
7.2e-09,-0.849411408501539,-0.0015218095700357034,-0.0016177690137318841,9.59594436961809e-05,0.0003838377747847236,-0.0011379717952509796,525.0511051278631,558.1588033262341,True,3.31831585045817e-09,True,-1.3552527156068805e-19,0.0012926424103551482,0.0013741514565841452,7.214997408925683e-14
7.2125e-09,-0.843418914100597,-0.0015105573396762806,-0.0016063558496752488,9.579850999896813e-05,0.0003831940399958725,-0.0011273632996804082,525.0511051278631,558.3494859462571,True,3.31831585045817e-09,True,8.131516293641283e-20,0.0012740326311164553,0.0013548309063922401,7.113554646626302e-14
7.225e-09,-0.8374368251156971,-0.0014993359848734812,-0.0015949625035295567,9.562651865607547e-05,0.00038250607462430187,-0.0011168299102491794,525.0511051278631,558.5384687384546,True,3.31831585045817e-09,True,0.0,0.001255599166954165,0.0013356803351343757,7.013004360598586e-14
7.2375e-09,-0.8314658236520573,-0.001488146517679461,-0.001583590274416382,9.544375673692105e-05,0.0003817750269476842,-0.0011063714907317767,525.0511051278631,558.7257798705213,True,3.31831585045817e-09,True,-1.3552527156068805e-19,0.001237342970037294,0.0013167011918450045,6.913354159013941e-14
7.25e-09,-0.8255065740325637,-0.001472531112571821,-0.0015666669165919317,9.413580402011071e-05,0.00037654321608044283,-0.0010959878964913782,526.919005750335,560.6038249275365,True,3.31831585045817e-09,True,-5.421010862427522e-20,0.0012155841138955232,0.0012932938389659658,6.814611037709805e-14
7.2625000000000005e-09,-0.8196283212775821,-0.0014615445265482431,-0.0015555110222498574,9.396649570161432e-05,0.0003758659828064573,-0.0010856785437417858,526.919005750335,560.7959979250948,True,3.31831585045817e-09,True,0.0,0.0011979232867671752,0.0012749408878954263,6.717905850403074e-14
7.275000000000001e-09,-0.8137609827090547,-0.0014505892445859547,-0.0015443758411224045,9.378659653644981e-05,0.00037514638614579923,-0.0010754428584401556,526.919005750335,560.9864996216269,True,3.31831585045817e-09,True,-1.3552527156068805e-20,0.001180432929181452,0.001256752802143891,6.622069369796064e-14
7.2875e-09,-0.8079052115908182,-0.0014396662300356171,-0.0015332626129899367,9.359638295431961e-05,0.00037438553181727845,-0.0010652806982183387,526.919005750335,561.1753576874764,True,3.31831585045817e-09,True,-5.421010862427522e-20,0.0011631138501970808,0.0012387308557719255,6.527108309156047e-14
7.3e-09,-0.8020616440630048,-0.0014244840631729321,-0.00151680710080282,9.232303762988802e-05,0.0003692921505195521,-0.00105519191265338,528.7828911392143,563.0541364404403,True,3.31831585045817e-09,True,-4.0657581468206416e-20,0.0011425240296500311,0.0012165727969963497,6.433028808770503e-14
7.3125e-09,-0.796296937305963,-0.001413759393935412,-0.0015059052602674307,9.214586633201888e-05,0.0003685834653280755,-0.0010451759286073364,528.7828911392143,563.2478487653763,True,3.31831585045817e-09,True,-9.486769009248164e-20,0.0011257722754783029,0.0011991477466238942,6.340888123628567e-14
7.325e-09,-0.7905436219974594,-0.0014030664064732627,-0.001495024962502674,9.195855602941147e-05,0.00036783422411764587,-0.0010352321823556168,528.7828911392143,563.4399187024683,True,3.31831585045817e-09,True,-9.486769009248164e-20,0.0011091851988763327,0.00118188244883348,6.24959218280862e-14
7.3375e-09,-0.7848023234835547,-0.0013924060172531092,-0.00148416739012257,9.176137286946098e-05,0.0003670454914778439,-0.0010253605257752652,528.7828911392143,563.6303734393405,True,3.31831585045817e-09,True,-9.486769009248164e-20,0.0010927634775727228,0.0011647780162067165,6.159146869451861e-14
7.3500000000000005e-09,-0.7790736506231496,-0.0013776479149918202,-0.0014681696929813553,9.052177798953505e-05,0.0003620871119581402,-0.0010155608030336801,530.6427821985038,565.5099841876329,True,3.31831585045817e-09,True,2.710505431213761e-20,0.0010732891904060478,0.0011438123224452531,6.069557530952813e-14
7.3625000000000006e-09,-0.7734217550740871,-0.0013671814156235795,-0.0014575186566558518,9.033724103227233e-05,0.00036134896412908933,-0.0010058324514944901,530.6427821985038,565.7052869763629,True,3.31831585045817e-09,True,-5.421010862427522e-20,0.0010574078499762636,0.0011272766374839946,5.981812112218811e-14
7.375e-09,-0.7677816976105521,-0.001356746926950944,-0.0014468899292845539,9.01430023336099e-05,0.0003605720093344396,-0.0009961749176165043,530.6427821985038,565.898976706002,True,3.31831585045817e-09,True,-4.0657581468206416e-20,0.0010416854588022955,0.0011108956061617065,5.894887351857414e-14
7.3875e-09,-0.7621540765611386,-0.00134634532031725,-0.0014362846384218426,8.993931810459263e-05,0.0003597572724183705,-0.0009865880478988796,530.6427821985038,566.0910800964097,True,3.31831585045817e-09,True,-1.3552527156068805e-20,0.0010261225743388041,0.0010946701922753485,5.80878836418762e-14
7.4e-09,-0.7565394743824442,-0.0013320022355242827,-0.0014207348740390834,8.873263851480072e-05,0.00035493055405920286,-0.0009770716814650798,532.4987006418992,567.9716251261895,True,3.31831585045817e-09,True,0.0,0.0010077122711397814,0.0010748420148423362,5.723519762988649e-14
7.4125e-09,-0.7509996173576575,-0.001321790142233728,-0.0014103313612828857,8.854121904915775e-05,0.000354164876196631,-0.0009676252660370969,532.4987006418992,568.1685718192174,True,3.31831585045817e-09,True,-1.0842021724855044e-19,0.0009926638910446534,0.0010591583126709513,5.6400042527134796e-14
7.425e-09,-0.7454720153042039,-0.0013116103417157936,-0.0013999508626135174,8.83405208977238e-05,0.0003533620835908952,-0.0009582482581248984,532.4987006418992,568.363935228666,True,3.31831585045817e-09,True,-6.776263578034403e-20,0.0009777688047327082,0.0010436241908793574,5.557285256017113e-14
7.4375000000000004e-09,-0.7399572404106916,-0.0013014636618961357,-0.001389594452566198,8.81307906700622e-05,0.0003525231626802488,-0.000948940499215887,532.4987006418992,568.5577416219435,True,3.31831585045817e-09,True,5.421010862427522e-20,0.0009630274597514578,0.0010282404764108894,5.47536717636206e-14
7.4500000000000005e-09,-0.7344558495881999,-0.0012875266736323758,-0.0013744828861042497,8.695621247187383e-05,0.00034782484988749534,-0.0009397018237448805,534.3506689049411,570.43932730042,True,3.31831585045817e-09,True,4.0657581468206416e-20,0.0009456314969501355,0.0010094969958581376,5.394253949943245e-14
7.4625e-09,-0.729027221764627,-0.001277565208201674,-0.0013643235878391274,8.675837963745334e-05,0.00034703351854981334,-0.0009305316896518608,534.3506689049411,570.6379737679457,True,3.31831585045817e-09,True,1.3552527156068805e-20,0.0009313798143584137,0.000994629034830307,5.314806900738506e-14
7.475e-09,-0.7236112369113101,-0.0012676362726823675,-0.0013541879500108527,8.655167732848508e-05,0.0003462067093139403,-0.0009214295633684273,534.3506689049411,570.8350672075048,True,3.31831585045817e-09,True,1.3552527156068805e-19,0.0009172758512293308,0.0009799056175177445,5.236132221843162e-14
7.4875e-09,-0.7182084419319793,-0.00125774065323442,-0.0013440769961116036,8.633634287718371e-05,0.00034534537150873485,-0.0009123952817256851,534.3506689049411,571.0306334497708,True,3.31831585045817e-09,True,-2.710505431213761e-20,0.0009033199549140026,0.0009653274452139298,5.158233660623613e-14
7.500000000000001e-09,-0.7128193690272662,-0.001244200966133795,-0.0013293940389635483,8.519307282975344e-05,0.00034077229131901376,-0.0009034286748147812,536.1987101905544,572.913370451935,True,3.31831585045817e-09,True,-2.710505431213761e-20,0.0008868905476226066,0.0009476178200426054,5.081114528604299e-14
7.5125e-09,-0.7075011257058933,-0.0012344863383311386,-0.0013194756202499283,8.49892819187896e-05,0.0003399571276751584,-0.0008945292106559803,536.1987101905544,573.1137751288044,True,3.31831585045817e-09,True,8.131516293641283e-20,0.0008734004740378269,0.000933530486668306,5.0055784287510623e-14
7.525e-09,-0.7021958853211013,-0.0012248044344999982,-0.0013095814517561128,8.47770172561146e-05,0.0003391080690244584,-0.0008856963654755398,536.1987101905544,573.3126575490876,True,3.31831585045817e-09,True,-2.710505431213761e-20,0.0008600526342289371,0.0009195827069159768,4.930790613618853e-14
7.5375e-09,-0.696904170324923,-0.0012151560006344883,-0.0012997125078448195,8.455650721033118e-05,0.00033822602884132474,-0.0008769299717931637,536.1987101905544,573.5100431228892,True,3.31831585045817e-09,True,1.3552527156068805e-20,0.0008468472844375297,0.0009057750669405189,4.8567542261626933e-14
7.55e-09,-0.6916264890213357,-0.001202004944462941,-0.0012854487166559555,8.344377219301456e-05,0.00033377508877205825,-0.0008682298556908827,538.0428484308381,575.3940465946721,True,3.31831585045817e-09,True,-6.776263578034403e-20,0.0008313384595251895,0.0008890503827177403,4.7834720031597986e-14
7.5625e-09,-0.686417751394666,-0.0011925333544105436,-0.0012757678192295507,8.323446481900701e-05,0.00033293785927602804,-0.0008595954951345156,538.0428484308381,575.5962706250299,True,3.31831585045817e-09,True,1.3552527156068805e-20,0.0008185760635976236,0.0008757096777772249,4.7116932942970944e-14
7.575e-09,-0.6812223494822739,-0.0011830946411257397,-0.00126611170740213,8.30170662763903e-05,0.0003320682651055612,-0.0008510263760201786,538.0428484308381,575.7970037241283,True,3.31831585045817e-09,True,1.3552527156068805e-20,0.000805950511087564,0.0008625035920234923,4.6406388943414926e-14
7.587500000000001e-09,-0.6760407820962059,-0.001173689511985967,-0.0012564813082597947,8.279179627382777e-05,0.0003311671850953111,-0.0008425223268906559,538.0428484308381,575.9962708981665,True,3.31831585045817e-09,True,-5.421010862427522e-20,0.0007934619756211073,0.0008494326063252155,4.570311390572498e-14
7.6e-09,-0.6708735344367162,-0.0011609185411791231,-0.001242627383938083,8.170884275895995e-05,0.0003268353710358398,-0.0008340831701432833,539.8831082497246,577.8816606334175,True,3.31831585045817e-09,True,-1.0842021724855044e-19,0.0007788295249139547,0.000833645825050392,4.5007129920761176e-14
7.6125e-09,-0.6657733908587835,-0.0011516861816757008,-0.0012331806287053306,8.149444702962976e-05,0.00032597778811851904,-0.0008257083935571818,539.8831082497246,578.0857680258738,True,3.31831585045817e-09,True,1.3552527156068805e-20,0.0007667620143794363,0.0008210188487145144,4.432542079756025e-14
7.625e-09,-0.6606868894175828,-0.0011424868122420022,-0.0012237591421585651,8.127232991656297e-05,0.0003250893196662519,-0.0008173974925757502,539.8831082497246,578.2884164072397,True,3.31831585045817e-09,True,-8.131516293641283e-20,0.0007548260581807784,0.0008085216210290719,4.365071658482813e-14
7.6375e-09,-0.6556145060758483,-0.0011333211031386839,-0.0012143638059010945,8.104270276241064e-05,0.0003241708110496426,-0.0008091502920890413,539.8831082497246,578.4896303970271,True,3.31831585045817e-09,True,4.0657581468206416e-20,0.0007430217552596037,0.0007961545268022333,4.298303805770785e-14
7.65e-09,-0.6505567037026073,-0.0011209217963178393,-0.0012009105926162782,7.998879629843888e-05,0.00031995518519375554,-0.0008009666111240838,541.7195149268509,580.3765310297712,True,3.31831585045817e-09,True,0.0,0.000729223188920939,0.0007812604365739907,4.2322402473240206e-14
7.6625e-09,-0.6455642109600563,-0.0011119248551144318,-0.0011916945821071772,7.976972699274559e-05,0.00031907890797098235,-0.0007928459471434493,541.7195149268509,580.5825888239716,True,3.31831585045817e-09,True,-1.3552527156068805e-19,0.0007178188917388231,0.0007693153726033939,4.167531504724801e-14
7.675000000000001e-09,-0.6405856412439984,-0.001102960979514975,-0.0011825042731393894,7.954329362441433e-05,0.0003181731744976573,-0.0007847878050173178,541.7195149268509,580.7872201659344,True,3.31831585045817e-09,True,1.3552527156068805e-20,0.0007065409663297089,0.000757495258082764,4.1034996376798464e-14
7.6875e-09,-0.6356214484379169,-0.0010940308041153311,-0.0011733405035699068,7.93096994545758e-05,0.0003172387978183032,-0.0007767920062970279,541.7195149268509,580.9904493063165,True,3.31831585045817e-09,True,-9.486769009248164e-20,0.0006953894443474857,0.000745800390389979,4.0401462571431546e-14
7.7e-09,-0.6306720738320891,-0.0010819948635823833,-0.0011602789877420078,7.828412415962449e-05,0.00031313649663849795,-0.0007688583669438854,543.5520943626028,582.8789905194126,True,3.31831585045817e-09,True,1.3552527156068805e-20,0.00068238394449117,0.0007317555554230492,3.9774726471166814e-14
7.7125e-09,-0.6257862584149068,-0.001073229525610482,-0.0011512903085190683,7.806078290858638e-05,0.00031224313163434554,-0.0007609863939761364,543.5520943626028,583.0870689649938,True,3.31831585045817e-09,True,-9.486769009248164e-20,0.0006716122892521889,0.0007204616545174914,3.916084412209285e-14
7.725e-09,-0.6209146221927486,-0.0010644972926913143,-0.001142327715471072,7.783042277975769e-05,0.00031132169111903075,-0.0007531756015722835,543.5520943626028,583.2937542029081,True,3.31831585045817e-09,True,0.0,0.0006609619343166312,0.0007092879818720264,3.8553496805276374e-14
7.7375e-09,-0.6160575977197246,-0.0010557987651613641,-0.0011333920043894697,7.759323922810556e-05,0.00031037295691242224,-0.0007454258082489419,543.5520943626028,583.4990701334726,True,3.31831585045817e-09,True,1.3552527156068805e-20,0.0006504328509407616,0.0006982347554989202,3.79526963708198e-14
7.75e-09,-0.6112156054402134,-0.0010441180163736218,-0.001120713313667956,7.659529729433403e-05,0.0003063811891773361,-0.0007377368271962858,545.3808730439548,585.3893868846902,True,3.31831585045817e-09,True,1.3552527156068805e-19,0.0006381812255288378,0.0006849974665384674,3.735845163336466e-14
7.762500000000001e-09,-0.6064354648107046,-0.0010355804659246124,-0.001111948538690005,7.636807276539246e-05,0.00030547229106156986,-0.0007301081748630426,545.3808730439548,585.5995596336901,True,3.31831585045817e-09,True,4.0657581468206416e-20,0.0006280127212018784,0.0006743250289060569,3.677639729801754e-14
7.775e-09,-0.6016697356236738,-0.0010270760255310287,-0.00110321018825899,7.613416272796133e-05,0.0003045366509118453,-0.0007225393746191835,545.3808730439548,585.8083731558165,True,3.31831585045817e-09,True,4.0657581468206416e-20,0.0006179605607466676,0.0006637681823071299,3.6200647076546156e-14
7.787500000000001e-09,-0.5969188298339734,-0.0010186052626301404,-0.001094499017727497,7.589375509735673e-05,0.0003035750203894269,-0.0007150302422407135,545.3808730439548,586.0158510203152,True,3.31831585045817e-09,True,-6.776263578034403e-20,0.0006080246614319105,0.0006533270729163308,3.5631208941036004e-14
7.8e-09,-0.5921831477537163,-0.0010072716536546932,-0.0010821944199603949,7.492276630570174e-05,0.00029969106522280696,-0.0007075805884318862,547.2058780116316,587.9080837876184,True,3.31831585045817e-09,True,-6.776263578034403e-20,0.0005964892985043273,0.0006408572980936538,3.506808804834997e-14
7.8125e-09,-0.587507651612396,-0.0009989580765097524,-0.0010736501109001387,7.469203439038623e-05,0.00029876813756154493,-0.0007001899389482075,547.2058780116316,588.1204281015295,True,3.31831585045817e-09,True,4.0657581468206416e-20,0.0005868955135894809,0.0006307776553083291,3.4516524070311256e-14
7.825e-09,-0.5828467760285659,-0.0009906775815735976,-0.0010651325204079345,7.445493883433693e-05,0.00029781975533734774,-0.0006928578262362498,547.2058780116316,588.3314479598589,True,3.31831585045817e-09,True,0.0,0.000577413234503948,0.0006208090555629454,3.397103643268933e-14
7.8375e-09,-0.5782009130685819,-0.0009824307047004506,-0.0010566423649716193,7.421166027116874e-05,0.00029684664108467495,-0.0006855840636157757,547.2058780116316,588.5411666208855,True,3.31831585045817e-09,True,-2.710505431213761e-20,0.0005680423304844109,0.0006109515802135361,3.3431629587334175e-14
7.85e-09,-0.5735704436070883,-0.0009714363056488504,-0.0010447032671659163,7.326696151706593e-05,0.0002930678460682637,-0.0006783684595805866,549.0271368281227,590.4354616682604,True,3.31831585045817e-09,True,-9.486769009248164e-20,0.0005571871527670422,0.0005992109163861291,3.289830537796321e-14
7.8625e-09,-0.5689985351541715,-0.0009633428911584779,-0.0010363759766801855,7.303308552170757e-05,0.0002921323420868303,-0.0006712105490716476,549.0271368281227,590.650058641027,True,3.31831585045817e-09,True,0.0,0.0005481406939203585,0.0005896964125999994,3.2375933300759294e-14
7.875000000000001e-09,-0.5644414340182435,-0.000955282499735593,-0.0010280756562948297,7.279315655923687e-05,0.00029117262623694747,-0.0006641098734986455,549.0271368281227,590.8633667783844,True,3.31831585045817e-09,True,-1.2197274440461925e-19,0.0005392010240432905,0.0005802884977183006,3.1859413243657116e-14
7.8875e-09,-0.5598995130689652,-0.0009472556369247633,-0.0010198029851559891,7.254734823122589e-05,0.00029018939292490355,-0.0006570662439998597,549.0271368281227,591.0754090486724,True,3.31831585045817e-09,True,-6.776263578034403e-20,0.0005303679698660075,0.0005709871948151154,3.134874647348644e-14
7.9e-09,-0.55537313441988,-0.0009365926393683759,-0.001008220932429248,7.162829306087198e-05,0.00028651317224348793,-0.000650079467124888,550.8446775467572,592.9719187142185,True,3.31831585045817e-09,True,4.0657581468206416e-20,0.0005201583898006032,0.0005599388194309655,3.0843931843536214e-14
7.9125e-09,-0.5509037316111327,-0.0009287155824808743,-0.0010001072063810046,7.139162390013031e-05,0.00028556649560052124,-0.000643149086880353,550.8446775467572,593.1888535126177,True,3.31831585045817e-09,True,0.0,0.0005116328799941204,0.0005509627920064807,3.034949215030709e-14
7.925e-09,-0.5464493012883916,-0.0009208714597379972,-0.0009920206612906912,7.114920155269397e-05,0.0002845968062107759,-0.0006362746535272213,550.8446775467572,593.4045360075175,True,3.31831585045817e-09,True,0.0,0.0005032095657502498,0.0005420889972259464,2.9860683887857145e-14
7.9375e-09,-0.5420101977978691,-0.0009130607476064921,-0.0009839619404362163,7.090119282972425e-05,0.000283604771318897,-0.000629455976287595,550.8446775467572,593.6189888993704,True,3.31831585045817e-09,True,0.0,0.000494888236411665,0.0005333174059614086,2.937750545168852e-14
7.95e-09,-0.5375867651503088,-0.0009027214639725147,-0.0009727286149596962,7.000715098718156e-05,0.00028002860394872624,-0.0006226928600237884,552.6585286817979,595.5178719076927,True,3.31831585045817e-09,True,-6.776263578034403e-20,0.0004852911116487352,0.0005229260294853233,2.889995300647732e-14
7.962500000000001e-09,-0.5332187619460353,-0.0008950569672107639,-0.000964824994590909,6.976802738014499e-05,0.00027907210952057994,-0.000615984857690184,552.6585286817979,595.7372340306865,True,3.31831585045817e-09,True,4.0657581468206416e-20,0.00047726116792729667,0.0005144627891103547,2.843222480912627e-14
7.975e-09,-0.5288658755592797,-0.0008874252873612581,-0.0009569487271294474,6.952343976818925e-05,0.000278093759072757,-0.0006093315282885011,552.6585286817979,595.9553813615703,True,3.31831585045817e-09,True,0.0,0.0004693289515937571,0.0005060975264386534,2.796991143310835e-14
7.9875e-09,-0.5245284424678899,-0.0008798268730043734,-0.0009491004214102985,6.9273548405925e-05,0.0002770941936237,-0.0006027326793806735,552.6585286817979,596.1723363560897,True,3.31831585045817e-09,True,6.776263578034403e-20,0.00046149421933837793,0.0004978301657879618,2.7513008695779044e-14
8e-09,-0.5202067892204243,-0.0008698037359532885,-0.0009382076413441635,6.840390539087492e-05,0.0002736156215634997,-0.0005961881143897889,554.4687191794001,598.0737581568185,True,3.31831585045817e-09,True,6.776263578034403e-20,0.00045247780873218995,0.0004880619847257147,2.7061510355102294e-14
8.0125e-09,-0.5159390568264307,-0.0008623480113392691,-0.0009305106653987761,6.81626540595069e-05,0.0002726506162380276,-0.0005896973951012416,554.4687191794001,598.2956417156362,True,3.31831585045817e-09,True,4.0657581468206416e-20,0.0004449190196265307,0.000480086795072779,2.6619311035894688e-14
8.025e-09,-0.5116865654847313,-0.0008549249595271414,-0.0009228411771217946,6.791621759465327e-05,0.00027166487037861306,-0.0005832600891485283,554.4687191794001,598.5163490462893,True,3.31831585045817e-09,True,-2.710505431213761e-20,0.0004374536162876159,0.00047220543240933773,2.6182314129756028e-14
8.0375e-09,-0.5074496344421114,-0.0008475350023631054,-0.0009151997522838155,6.76647499207101e-05,0.0002706589996828404,-0.000576876002680265,554.4687191794001,598.73590238425,True,3.31831585045817e-09,True,0.0,0.0004300813271260519,0.00046441777973793314,2.5750513149543254e-14
8.050000000000001e-09,-0.503228573408236,-0.0008378205641472844,-0.000904639470704308,6.68189065570236e-05,0.0002672756262280944,-0.00057054493791919,556.2752783895742,600.6400355193133,True,3.31831585045817e-09,True,2.710505431213761e-20,0.00042161524726792144,0.00045524043029131065,2.5323899709448838e-14
8.0625e-09,-0.49905996150764154,-0.0008305698350738607,-0.0008971456775005858,6.657584242672505e-05,0.0002663033697069002,-0.0005642664653669606,556.2752783895742,600.8645395402076,True,3.31831585045817e-09,True,4.0657581468206416e-20,0.0004145041499213691,0.00044772948728018935,2.4906084518000865e-14
8.075e-09,-0.49490669552581545,-0.0008233516092055888,-0.0008896794712117682,6.632786200617936e-05,0.00026531144802471743,-0.0005580401611808714,556.2752783895742,601.0879070283551,True,3.31831585045817e-09,True,0.0,0.0004074822241678005,0.00044030832717457106,2.449326372762822e-14
8.0875e-09,-0.49076907809837034,-0.0008161662827685355,-0.000882241395877154,6.60751131086184e-05,0.0002643004524344736,-0.0005518658303340619,556.2752783895742,601.3101600247708,True,3.31831585045817e-09,True,6.776263578034403e-20,0.000400549174169288,0.00043297679651485023,2.4085428801752433e-14
8.1e-09,-0.4866474027024193,-0.0008067532145726443,-0.0008720056996960328,6.525248512338849e-05,0.00026100994049355395,-0.0005457432740790904,558.0782360391186,603.2171845267547,True,3.31831585045817e-09,True,4.0657581468206416e-20,0.0003926043564936049,0.00042435930889878017,2.3682569455701066e-14
8.1125e-09,-0.48257674067725553,-0.0007997037176222298,-0.0008647116291476904,6.500791152546069e-05,0.00026003164610184274,-0.000539672071520387,558.0782360391186,603.4444132785924,True,3.31831585045817e-09,True,-4.0657581468206416e-20,0.00038591841355761997,0.00041728971961981214,2.3288031064268314e-14
8.125e-09,-0.47852151078499616,-0.0007926865301460101,-0.0008574452108744376,6.475868072842754e-05,0.0002590347229137102,-0.0005336518072322999,558.0782360391186,603.6705464098831,True,3.31831585045817e-09,True,-9.486769009248164e-20,0.00037931755598438516,0.00041030597772299547,2.289828362839552e-14
8.137500000000001e-09,-0.47448199965294136,-0.0007857020238269067,-0.0008502069584732606,6.450493464635382e-05,0.0002580197385854153,-0.0005276822852414915,558.0782360391186,603.8956057945342,True,3.31831585045817e-09,True,4.0657581468206416e-20,0.00037280146739675365,0.00040340789777523794,2.2513316799465385e-14
8.15e-09,-0.47045848511539207,-0.0007765831150902275,-0.0008402880673498366,6.370495225960919e-05,0.00025481980903843676,-0.0005217633060517906,559.8776222053935,605.8057096190299,True,3.31831585045817e-09,True,-9.486769009248164e-20,0.0003653501158915406,0.00039532065122594465,2.213311862170696e-14
8.1625e-09,-0.4664845832569508,-0.0007697311017999876,-0.0008331902629353864,6.345916113539888e-05,0.0002538366445415955,-0.000515894457258392,559.8776222053935,606.0357729681105,True,3.31831585045817e-09,True,-4.0657581468206416e-20,0.00035906769224308075,0.000388670412579163,2.1760786641641106e-14
8.175e-09,-0.46252618179660404,-0.0007629111814320896,-0.0008261201438533727,6.32089624212831e-05,0.0002528358496851324,-0.0005100753317469573,559.8776222053935,606.264782917952,True,3.31831585045817e-09,True,1.3552527156068805e-20,0.0003528663957977207,0.00038210219584176175,2.1393046884734524e-14
8.1875e-09,-0.4585835519395311,-0.0007561237021672888,-0.0008190781945046157,6.295449233732695e-05,0.0002518179693493078,-0.000504305732817981,559.8776222053935,606.4927612043983,True,3.31831585045817e-09,True,4.0657581468206416e-20,0.0003467458930455434,0.0003756157877521448,2.102988741094766e-14
8.2e-09,-0.4546569564507139,-0.0007472918598883566,-0.0008094684597504979,6.21765998621414e-05,0.0002487063994485656,-0.000498585460439791,561.6734672909339,608.4061406993493,True,3.31831585045817e-09,True,-5.421010862427522e-20,0.00033976144259723355,0.00036803046625300857,2.0671294804902637e-14
8.2125e-09,-0.45077860715766155,-0.0007406335984616935,-0.0008025634704303535,6.192987196866002e-05,0.0002477194878746401,-0.0004929141105870534,561.6734672909339,608.6391544941184,True,3.31831585045817e-09,True,-2.710505431213761e-20,0.000333861781928729,0.0003617784433562138,2.0320135267100136e-14
8.225000000000001e-09,-0.4469158092696769,-0.0007340071918596692,-0.000795686168736514,6.167897687684484e-05,0.00024671590750737936,-0.0004872912843522898,561.6734672909339,608.8711585200929,True,3.31831585045817e-09,True,0.0,0.000328039418159727,0.0003556047280255678,1.997337405751702e-14
8.2375e-09,-0.4430688191396927,-0.0007274129657668541,-0.0007888370110781702,6.142404531131613e-05,0.0002456961812452645,-0.0004817167845215896,561.6734672909339,609.1021744059789,True,3.31831585045817e-09,True,1.3552527156068805e-20,0.00032229400376922174,0.00034950908299208956,1.9630997849384173e-14
8.250000000000001e-09,-0.4392378850209576,-0.0007188612137900944,-0.0007795289145545451,6.066770076445077e-05,0.00024267080305780307,-0.00047619041073229126,563.465801999091,611.0190348219483,True,3.31831585045817e-09,True,-3.3881317890172014e-20,0.0003157510791687595,0.0003423986317416212,1.9292991963768398e-14
8.2625e-09,-0.4354538639842785,-0.0007123929907542307,-0.0007728132966354913,6.042030588126061e-05,0.00024168122352504243,-0.0004707117672291882,563.465801999091,611.255121310572,True,3.31831585045817e-09,True,-2.710505431213761e-20,0.0003102142804992461,0.00033652453615835306,1.8962006765883852e-14
8.275e-09,-0.43168542877939897,-0.0007059563641367804,-0.0007661253393690348,6.0168975232254385e-05,0.00024067590092901754,-0.0004652804632077629,563.465801999091,611.490243178485,True,3.31831585045817e-09,True,3.3881317890172014e-20,0.00030475107575193155,0.00033072514562428436,1.8635230942045356e-14
8.2875e-09,-0.4279328214609208,-0.0006995516380981244,-0.000759465472336884,5.991383423875954e-05,0.00023965533695503817,-0.0004598963011430863,563.465801999091,611.7244219802623,True,3.31831585045817e-09,True,0.0,0.0002993611062489394,0.0003250002023792737,1.8312649968350433e-14
8.3e-09,-0.4241962763123896,-0.0006912731163836889,-0.000750451625345038,5.9178508961349155e-05,0.00023671403584539662,-0.00045455908053829223,565.25465731033,613.6449780247794,True,3.31831585045817e-09,True,-6.098637220230962e-20,0.00029323548188482196,0.00031833878502394563,1.7994248083729718e-14
8.3125e-09,-0.42050534368627207,-0.0006849912381932357,-0.000743921944291758,5.8930706098522317e-05,0.00023572282439408927,-0.00044926841379914643,565.25465731033,613.8842663088892,True,3.31831585045817e-09,True,6.776263578034403e-21,0.00028804247603853164,0.00031282315286016544,1.768247440687098e-14
8.325e-09,-0.41683001540360076,-0.0006787406789066447,-0.0007374198691029222,5.8679190196277515e-05,0.00023471676078511006,-0.0004440239181215347,565.25465731033,614.1226367558446,True,3.31831585045817e-09,True,6.776263578034403e-21,0.00028291948764370717,0.0003073787353970923,1.7374726174136606e-14
8.337500000000001e-09,-0.4131705197589498,-0.0006725217220990853,-0.0007309458036576873,5.8424081558602e-05,0.000233696326234408,-0.00043882539586467725,565.25465731033,614.3601108814084,True,3.31831585045817e-09,True,-5.421010862427522e-20,0.00027786614946886305,0.00030200525761286994,1.7070987839788073e-14
8.35e-09,-0.40952707759294593,-0.0006645096859750476,-0.0007222189458223612,5.770925984731375e-05,0.000230837039389255,-0.0004336726465857925,567.0400644594475,616.2845873225145,True,3.31831585045817e-09,True,-8.131516293641283e-20,0.00027213470972956743,0.00029576821426488976,1.6771242728181877e-14
8.3625e-09,-0.40592797915075,-0.0006584104805614863,-0.0007158717780157497,5.746129745426332e-05,0.00022984518981705328,-0.0004285652907444331,567.0400644594475,616.527213850816,True,3.31831585045817e-09,True,2.0328790734103208e-20,0.00026726723582599834,0.0002905923841809876,1.6477752425741175e-14
8.375e-09,-0.4023444883008385,-0.0006523422985925524,-0.0007095521348820188,5.720983628946643e-05,0.00022883934515786572,-0.00042350295343468664,567.0400644594475,616.7689710891177,True,3.31831585045817e-09,True,-2.710505431213761e-20,0.0002624663283242133,0.0002854843906318734,1.6188108726606358e-14
8.3875e-09,-0.39877682010078963,-0.0006463054039651109,-0.0007032603956846308,5.6954991719519965e-05,0.00022781996687807986,-0.000418485437087031,567.0400644594475,617.0098805522545,True,3.31831585045817e-09,True,-8.131516293641283e-20,0.0002577316138071632,0.00028044394429394015,1.5902295224969755e-14
8.4e-09,-0.3952251824602021,-0.000638553223363172,-0.0006948133938305918,5.62601704674198e-05,0.0002250406818696792,-0.0004135125414934928,568.8220549135891,618.9385128754114,True,3.31831585045817e-09,True,3.3881317890172014e-20,0.0002523723142142598,0.0002746077503524879,1.5620294485070007e-14
8.4125e-09,-0.3917166507347177,-0.0006326330416302732,-0.0006886453282726953,5.601228664242213e-05,0.00022404914656968852,-0.00040858389506058464,568.8220549135891,619.1846219812952,True,3.31831585045817e-09,True,-6.098637220230962e-20,0.0002478128962115278,0.0002697538415350904,1.534419344628248e-14
8.425000000000001e-09,-0.38822371522690435,-0.0006267435710657651,-0.0006825046811623367,5.576111009657166e-05,0.00022304444038628664,-0.00040369913067947845,568.8220549135891,619.4299122474245,True,3.31831585045817e-09,True,-6.098637220230962e-20,0.0002433167176537287,0.00026496450298059616,1.5071765306458054e-14
8.4375e-09,-0.3847465782654323,-0.0006208850567639577,-0.0006763918081971697,5.550675143321201e-05,0.00022202700573284803,-0.00039885805103110966,568.8220549135891,619.674405228441,True,3.31831585045817e-09,True,-4.0657581468206416e-20,0.00023888340108607143,0.0002602394337706296,1.4802992948695842e-14
8.45e-09,-0.38128543532618236,-0.000613386215438194,-0.0006682176552189441,5.4831439780750097e-05,0.00021932575912300039,-0.00039406045631519364,570.6006603510838,621.6074403527274,True,3.31831585045817e-09,True,0.0,0.00023387523017643128,0.00025478165956279597,1.4537858319187638e-14
8.4625e-09,-0.37786619073341354,-0.0006076414327034357,-0.0006622252951844062,5.458386248097055e-05,0.0002183354499238822,-0.0003893059827795535,570.6006603510838,621.8571848405113,True,3.31831585045817e-09,True,-3.3881317890172014e-20,0.0002296071535074411,0.00025023254969864194,1.4278285809938047e-14
8.475e-09,-0.3744625169866472,-0.0006019270331361335,-0.0006562602236671876,5.433319053105407e-05,0.0002173327621242163,-0.00038459427101191726,570.6006603510838,622.1061629939417,True,3.31831585045817e-09,True,2.0328790734103208e-20,0.00022539911187046153,0.0002457448551526351,1.4022217662797504e-14
8.4875e-09,-0.371074604179122,-0.0005962432438735336,-0.0006503227738131328,5.407952993959928e-05,0.0002163181197583971,-0.0003799251241151364,570.6006603510838,622.3543964513734,True,3.31831585045817e-09,True,-6.776263578034403e-20,0.0002212507257148472,0.00024131826588137694,1.376963618666921e-14
8.5e-09,-0.36770263583604884,-0.0005889913386030519,-0.0006424145875382915,5.342324893523951e-05,0.00021369299574095803,-0.00037529834286209395,572.3759126408875,624.2920935104962,True,3.31831585045817e-09,True,2.710505431213761e-20,0.00021657366768894495,0.0002362175371373579,1.3520522840077795e-14
8.512500000000001e-09,-0.36437138778181016,-0.0005834183559851664,-0.0006365945521722527,5.317619618708628e-05,0.0002127047847483451,-0.0003707135712368213,572.3759126408875,624.5456352954969,True,3.31831585045817e-09,True,-1.3552527156068805e-20,0.00021258095602769725,0.00023195684042934367,1.327665082340423e-14
8.525e-09,-0.3610556718182621,-0.0005778754138666203,-0.0006308016529772994,5.292623911067914e-05,0.00021170495644271656,-0.0003661704574239037,572.3759126408875,624.7984654726936,True,3.31831585045817e-09,True,-6.098637220230962e-20,0.00020864519578086884,0.00022775451459978904,1.3036119815213658e-14
8.5375e-09,-0.3577556662824049,-0.0005723627222437113,-0.0006250362015266412,5.2673479282929956e-05,0.00021069391713171982,-0.00036166880511199145,572.3759126408875,625.0506058115941,True,3.31831585045817e-09,True,-5.421010862427522e-20,0.00020476600705151,0.00022361024272778704,1.2798911675716747e-14
8.55e-09,-0.35447154321786606,-0.000565351462018756,-0.0006173872235722214,5.203576155346547e-05,0.00020814304621386188,-0.0003572084158048941,574.1478438230108,626.9932370071525,True,3.31831585045817e-09,True,-2.710505431213761e-20,0.00020040100520226522,0.00021884620190263903,1.256500749512555e-14
8.5625e-09,-0.3512269911865108,-0.0005599467077715789,-0.0006117361494346767,5.178944166309778e-05,0.00020715776665239112,-0.0003527889411191879,574.1478438230108,627.2507478154297,True,3.31831585045817e-09,True,2.710505431213761e-20,0.0001966683973954041,0.00021485824716596327,1.2336039933792932e-14
8.575e-09,-0.3479979197073107,-0.0005545716377117725,-0.0006061120379554817,5.1540400243709104e-05,0.00020616160097483642,-0.00034841003673693615,574.1478438230108,627.5076041450494,True,3.31831585045817e-09,True,4.0657581468206416e-20,0.00019298977625237322,0.00021092572831806617,1.2110255212061587e-14
8.5875e-09,-0.3447844958262482,-0.0005492264454822684,-0.0006005151800805732,5.12887345983049e-05,0.0002051549383932196,-0.0003440715070890487,574.1478438230108,627.7638279480472,True,3.31831585045817e-09,True,-5.421010862427522e-20,0.00018936476310004629,0.0002070483236000891,1.1887634856216017e-14
8.600000000000001e-09,-0.34158688056082126,-0.0005424496506748824,-0.0005931187747033544,5.066912402847202e-05,0.00020267649611388808,-0.00033977315456099435,575.916486089425,629.7116794818467,True,3.31831585045817e-09,True,-2.710505431213761e-20,0.00018529368403534028,0.0002026015920529754,1.1668159697127277e-14
8.6125e-09,-0.33842771518548126,-0.0005372095814677536,-0.0005876333172600517,5.04237357922982e-05,0.0002016949431691928,-0.00033551463829856074,575.916486089425,629.9733416162005,True,3.31831585045817e-09,True,-5.421010862427522e-20,0.0001818066112318805,0.00019887140092718434,1.1453331840566523e-14
8.625000000000001e-09,-0.33528396662796206,-0.0005319988274819169,-0.0005821746290067152,5.0175801524798315e-05,0.00020070320609919326,-0.0003312956213827236,575.916486089425,630.2344090022617,True,3.31831585045817e-09,True,0.0,0.00017837067711956196,0.00019519381888353368,1.1241533827778039e-14
8.6375e-09,-0.33215579109478716,-0.0005268175667668112,-0.0005767429811745515,4.9925414407740356e-05,0.00019970165763096142,-0.0003271159091358498,575.916486089425,630.4949038303644,True,3.31831585045817e-09,True,6.776263578034403e-21,0.00017498550565206103,0.0001915685211703991,1.103274695578039e-14
8.65e-09,-0.32904333901943533,-0.0005202691682855476,-0.0005695926341147107,4.932346582916312e-05,0.00019729386331665248,-0.00032297530496889506,577.6818717658646,632.4482769250728,True,3.31831585045817e-09,True,-2.0328790734103208e-20,0.00017119110432154108,0.00018742066220997993,1.0826951895305906e-14
8.6625e-09,-0.3259682431331819,-0.0005151902704305511,-0.000564269469174718,4.907919874416691e-05,0.00019631679497666765,-0.00031887347545388347,577.6818717658646,632.7142841047174,True,3.31831585045817e-09,True,-1.3552527156068805e-20,0.00016793566733155563,0.00018393392752057597,1.0625529553133319e-14
8.675e-09,-0.3229084887090494,-0.0005101403071334047,-0.0005589728611735367,4.8832554040131945e-05,0.00019533021616052778,-0.00031481009097287697,577.6818717658646,632.9797590853901,True,3.31831585045817e-09,True,3.3881317890172014e-20,0.000164728635606018,0.00018049708183092003,1.042698920803623e-14
8.687500000000001e-09,-0.319864221552309,-0.000505119441583031,-0.0005537030625083393,4.8583620925308246e-05,0.00019433448370123298,-0.0003107849578817981,577.6818717658646,633.2447243564075,True,3.31831585045817e-09,True,4.0657581468206416e-20,0.00016156963697289324,0.00017710979906035944,1.0231312022926461e-14
8.7e-09,-0.31683558194147193,-0.0004987934800122149,-0.0005467923798268948,4.79988998146799e-05,0.0001919955992587196,-0.0003067978807534953,579.4440332942766,635.203936374054,True,3.31831585045817e-09,True,5.421010862427522e-20,0.00015803552250828203,0.00017324328186361658,1.0038478598419118e-14
8.712500000000001e-09,-0.3138432316088383,-0.0004938722706385823,-0.0005416282049269974,4.775593428841518e-05,0.00019102373715366072,-0.00030284853348492153,579.4440332942766,635.4744946563522,True,3.31831585045817e-09,True,-8.131516293641283e-20,0.00015499846941920747,0.000169986346164783,9.849757402667893e-15
8.725e-09,-0.3108661363227219,-0.0004889796043863454,-0.0005364903570675744,4.751075268122902e-05,0.00019004301072491608,-0.00029893659366142934,579.4440332942766,635.7445863470103,True,3.31831585045817e-09,True,2.0328790734103208e-20,0.00015200720035619627,0.00016677668447599435,9.663775471221714e-15
8.7375e-09,-0.3079044319122991,-0.000484115630290781,-0.0005313790706615607,4.726344037077969e-05,0.00018905376148311876,-0.00029506186880766226,579.4440332942766,636.0142343005084,True,3.31831585045817e-09,True,0.0,0.00014906134812454756,0.0001636139708821333,9.480513919123564e-15
8.75e-09,-0.3049582489174198,-0.00047800625501514664,-0.0005247017775718344,4.6695522556687794e-05,0.00018678209022675118,-0.00029122416478839547,581.2030032158018,637.9796199691081,True,3.31831585045817e-09,True,-1.3552527156068805e-20,0.00014577195050099274,0.00016001213529216412,9.299953358277899e-15
8.7625e-09,-0.3020473144457949,-0.00047323928319122814,-0.0005196933133080252,4.645403011679714e-05,0.00018581612046718855,-0.00028742316272403957,581.2030032158018,638.2549487628705,True,3.31831585045817e-09,True,-3.3881317890172014e-20,0.00014294065457816347,0.0001569719696201261,9.12325801639169e-15
8.775e-09,-0.2991515380936986,-0.00046850045317180087,-0.0005147109296381648,4.621047646636393e-05,0.00018484190586545571,-0.00028365854730634516,581.2030032158018,638.5298798931975,True,3.31831585045817e-09,True,-2.710505431213761e-20,0.00014015263116393903,0.00015397656627489447,8.94916427438256e-15
8.7875e-09,-0.29627104612661237,-0.00046378990052001586,-0.0005097548438107543,4.5964943290738444e-05,0.00018385977316295377,-0.0002799301273570621,581.2030032158018,638.8044366520787,True,3.31831585045817e-09,True,0.0,0.00013740751901002258,0.00015102560084392008,8.777653277295728e-15
8.800000000000001e-09,-0.2934059597495589,-0.0004578913688340421,-0.0005033047835035288,4.5413414669486635e-05,0.00018165365867794654,-0.0002762377101560956,582.9588141546081,640.776349413786,True,3.31831585045817e-09,True,0.0,0.00013434805653379138,0.00014767262305039682,8.608705721655979e-15
8.8125e-09,-0.29057510667996883,-0.0004532752166372597,-0.0004984487748098523,4.5173558172592615e-05,0.00018069423269037046,-0.00027258098394688927,582.9588141546081,641.0566825949055,True,3.31831585045817e-09,True,-2.710505431213761e-20,0.00013171049442975774,0.0001448368059148726,8.443389262207528e-15
8.825e-09,-0.28775930482714734,-0.00044868679590898716,-0.000493618584778495,4.4931788869507824e-05,0.0001797271554780313,-0.00026895964043095586,582.9588141546081,641.3366906511714,True,3.31831585045817e-09,True,-1.3552527156068805e-20,0.00012911380047589028,0.00014204334080562,8.28054175146031e-15
8.8375e-09,-0.2849586712928123,-0.0004441262293971646,-0.000488814414284227,4.468818488706242e-05,0.0001787527395482497,-0.0002653734898489149,582.9588141546081,641.6163973913484,True,3.31831585045817e-09,True,-2.710505431213761e-20,0.0001265576202153028,0.00013929190600320762,8.120144434496506e-15
8.85e-09,-0.28217331833880893,-0.00043843289295171603,-0.000482585530936471,4.415263798475495e-05,0.0001766105519390198,-0.00026182234101269626,584.7115179587825,643.595229452559,True,3.31831585045817e-09,True,2.0328790734103208e-20,0.0001237140642730695,0.00013617276064663996,7.96217815823348e-15
8.8625e-09,-0.27942120861024283,-0.00043396417687632154,-0.0004778787487985482,4.3914571922226686e-05,0.00017565828768890675,-0.0002583058891874148,584.7115179587825,643.8808166644525,True,3.31831585045817e-09,True,0.0,0.00012125879479633096,0.00013352945755844097,7.807621182120885e-15
8.875e-09,-0.2766840337366146,-0.00042952277373573477,-0.000473197508922885,4.367473518715026e-05,0.00017469894074860105,-0.00025482383298713375,584.7115179587825,644.166155219619,True,3.31831585045817e-09,True,-6.776263578034403e-21,0.00011884209361894232,0.0001309261955229015,7.655405452476409e-15
8.887500000000001e-09,-0.2739619020437412,-0.0004251087940958871,-0.00046854199657317744,4.34332024772904e-05,0.0001737328099091616,-0.00025137598418672547,584.7115179587825,644.4512695306573,True,3.31831585045817e-09,True,-4.0657581468206416e-20,0.00011646361380603036,0.00012836265656855978,7.505512377142446e-15
8.9e-09,-0.27125491723013034,-0.00041961511208082154,-0.00046252835179082783,4.291323971000629e-05,0.00017165295884002515,-0.0002479621532407964,586.4611675800616,646.4374361662271,True,3.31831585045817e-09,True,6.776263578034403e-21,0.00011382266249599511,0.0001254630897816096,7.357923012152487e-15
8.9125e-09,-0.26858021008753097,-0.0004152904839350985,-0.0004579675943349913,4.267711039989281e-05,0.00017070844159957125,-0.00024458204233552725,586.4611675800616,646.7285441809079,True,3.31831585045817e-09,True,0.0,0.00011153880542264115,0.00012300103269977312,7.213532925066227e-15
8.925e-09,-0.26592031248380843,-0.00041099274278562,-0.000453432089256798,4.243934647117799e-05,0.00016975738588471197,-0.00024123535690090807,586.4611675800616,647.0194842893284,True,3.31831585045817e-09,True,0.0,0.00010929131859012957,0.00012057680286535384,7.0713612591486325e-15
8.9375e-09,-0.26327532434493545,-0.0004067219876264779,-0.0004489220069442945,4.220001931781663e-05,0.00016880007727126652,-0.0002379219103552114,586.4611675800616,647.3102816037576,True,3.31831585045817e-09,True,-2.710505431213761e-20,0.00010707986321057779,0.0001181900869838385,6.931389640893096e-15
8.95e-09,-0.26064534117437155,-0.00040142250311442015,-0.00044311775016802604,4.16952470536059e-05,0.0001667809882144236,-0.00023464151489999656,588.2078546290174,649.3042596071851,True,3.31831585045817e-09,True,-1.3552527156068805e-20,0.00010462890527932827,0.00011549657717296508,6.793599387590454e-15
8.9625e-09,-0.2580466944070612,-0.0003972386515729821,-0.00043869984458097923,4.146119300799715e-05,0.0001658447720319886,-0.0002313938795409935,588.2078546290174,649.6011739674631,True,3.31831585045817e-09,True,-2.0328790734103208e-20,0.00010250612092912637,0.00011320504473101319,6.658809649441122e-15
8.975000000000001e-09,-0.25546272339045073,-0.00039308125443230865,-0.00043430688893396536,4.12256345016567e-05,0.0001649025380066268,-0.00022817871642568188,588.2078546290174,649.8980058445987,True,3.31831585045817e-09,True,1.3552527156068805e-20,0.00010041760777101225,0.0001109492206343048,6.526120304206594e-15
8.9875e-09,-0.2528935200153733,-0.0003889503997027349,-0.00042993903944868803,4.0988639745953154e-05,0.00016395455898381262,-0.00022499584071892226,588.2078546290174,650.1947811562953,True,3.31831585045817e-09,True,-6.776263578034403e-21,9.836303569221102e-05,0.00010872879707820716,6.3955132465766015e-15
9e-09,-0.25033917194744226,-0.00038383979988832015,-0.0004243384832433759,4.049868335505576e-05,0.00016199473342022304,-0.0002218450664680971,589.9516113504659,652.1970155785813,True,3.31831585045817e-09,True,-2.710505431213761e-20,9.609013766451401e-05,0.00010622854452058032,6.2669701011331065e-15
9.0125e-09,-0.24781524213451617,-0.0003797934500624195,-0.00042006028522786654,4.0266835165447064e-05,0.00016106734066178826,-0.00021872610940063122,589.9516113504659,652.5000420459791,True,3.31831585045817e-09,True,0.0,9.411860578832175e-05,0.00010409734129483768,6.141239423418888e-15
9.025e-09,-0.24530584630123559,-0.0003757731161348625,-0.0004158067230966668,4.003360696180435e-05,0.0001601344278472174,-0.00021563868828764507,589.9516113504659,652.8030765596252,True,3.31831585045817e-09,True,-4.743384504624082e-20,9.217934227071493e-05,0.00010199982010697137,6.0174958229565414e-15
9.0375e-09,-0.24281106865656596,-0.00037177887569838107,-0.0004115779395885435,3.9799063890162444e-05,0.00015919625556064978,-0.0002125826201377313,589.9516113504659,653.1061459596084,True,3.31831585045817e-09,True,6.776263578034403e-21,9.027202611226051e-05,9.99356793469618e-05,5.895721506214359e-15
9.05e-09,-0.24033098937427994,-0.0003668519503301519,-0.0004061755076785155,3.932355734836366e-05,0.00015729422939345463,-0.00020955772093669722,591.692469956854,655.1171096623359,True,3.31831585045817e-09,True,-5.421010862427522e-20,8.81658921767296e-05,9.761656161997806e-05,5.775898445362026e-15
9.062500000000001e-09,-0.2378804327908102,-0.0003629398646265795,-0.00040203390252398577,3.9094037897406285e-05,0.00015637615158962514,-0.00020656371303695437,591.692469956854,655.4265760680765,True,3.31831585045817e-09,True,0.0,8.633629207440879e-05,9.563599872898413e-05,5.658710030474317e-15
9.075e-09,-0.2354442609091955,-0.0003590533511329618,-0.00039791660848136876,3.886325734840696e-05,0.00015545302939362784,-0.00020360032173933398,591.692469956854,655.7361466374607,True,3.31831585045817e-09,True,-1.3552527156068805e-20,8.453705088447005e-05,9.368718178738958e-05,5.5433999995077335e-15
9.087500000000001e-09,-0.23302255059864982,-0.0003551924775693229,-0.000393823755464797,3.86312778954741e-05,0.0001545251115818964,-0.00020066736598742653,591.692469956854,656.0458492625899,True,3.31831585045817e-09,True,2.0328790734103208e-20,8.276785707665734e-05,9.176981598474595e-05,5.4299509087500314e-15
9.1e-09,-0.23061537487619668,-0.0003504441180321559,-0.0003886139815920205,3.816986355986464e-05,0.00015267945423945857,-0.0001977646637926973,593.4304626185688,658.0660453688539,True,3.31831585045817e-09,True,-1.3552527156068805e-20,8.081780165314375e-05,8.96203590469752e-05,5.3183451129288735e-15
9.1125e-09,-0.2282368483746345,-0.0003466630969597834,-0.0003846058851908572,3.794278823107384e-05,0.00015177115292429536,-0.000194891944035488,593.4304626185688,658.3823036725262,True,3.31831585045817e-09,True,-4.743384504624082e-20,7.91212926978913e-05,8.778123510229776e-05,5.209205895598591e-15
9.125e-09,-0.22587255025357358,-0.0003429071999156484,-0.0003806217652812923,3.771456536564394e-05,0.00015085826146257576,-0.00019204893845307263,593.4304626185688,658.6987683814626,True,3.31831585045817e-09,True,-4.743384504624082e-20,7.74533237452595e-05,8.597200880610259e-05,5.1018408958053125e-15
9.1375e-09,-0.22352255037370222,-0.00033917648527134693,-0.00037666173958678757,3.74852543154407e-05,0.0001499410172617628,-0.0001892354680095841,593.4304626185688,659.0154685837977,True,3.31831585045817e-09,True,-6.098637220230962e-20,7.581359301463992e-05,8.419239266063404e-05,4.996233052556425e-15
9.150000000000001e-09,-0.22118691491971595,-0.0003346016729286309,-0.00037163925295493916,3.703758002630828e-05,0.00014815032010523312,-0.0001864513528233978,595.1656429212945,661.0454543868768,True,3.31831585045817e-09,True,-2.710505431213761e-20,7.40095117620597e-05,8.220173982417093e-05,4.8923651331701665e-15
9.1625e-09,-0.21887907695135964,-0.0003309485561869406,-0.0003677616131822053,3.681305699526472e-05,0.00014725222798105887,-0.00018369632820588173,595.1656429212945,661.368883046956,True,3.31831585045817e-09,True,-2.0328790734103208e-20,7.243771449658273e-05,8.049532243146406e-05,4.7908050327079216e-15
9.175000000000001e-09,-0.21658530444374247,-0.00032732011145535745,-0.00036390760626010127,3.658749480474382e-05,0.0001463499792189753,-0.00018097013223638216,595.1656429212945,661.6926270761157,True,3.31831585045817e-09,True,-6.776263578034403e-21,7.089272599011831e-05,7.881703969123759e-05,4.690919410098861e-15
9.1875e-09,-0.21430566056971603,-0.0003237163882614736,-0.00036007733833193743,3.6360950070463854e-05,0.00014544380028185542,-0.00017827258797961816,595.1656429212945,662.0167169189351,True,3.31831585045817e-09,True,0.0,6.937425442361777e-05,7.716661184741098e-05,4.592691615222234e-15
9.2e-09,-0.2120402049957682,-0.00031931018208190446,-0.000355236848168106,3.592666608620156e-05,0.00014370666434480623,-0.00017560351773709824,596.8981148471007,664.0571359587242,True,3.31831585045817e-09,True,-2.710505431213761e-20,6.770659646588309e-05,7.532449410761578e-05,4.49610485346474e-15
9.2125e-09,-0.20980171676764237,-0.0003157818499347427,-0.0003514866466304462,3.5704796695703525e-05,0.0001428191867828141,-0.00017296266315192858,596.8981148471007,664.3881426719064,True,3.31831585045817e-09,True,-2.0328790734103208e-20,6.625157424037103e-05,7.374250188396928e-05,4.401676035865003e-15
9.225e-09,-0.20757712490401958,-0.00031227773455669365,-0.0003477597260584276,3.5481991501733955e-05,0.00014192796600693582,-0.00017034976854975783,596.8981148471007,664.719581108445,True,3.31831585045817e-09,True,-2.710505431213761e-20,6.482171431081907e-05,7.218696409261785e-05,4.308826278341894e-15
9.2375e-09,-0.20536648620051867,-0.0003087978771168081,-0.00034405618160332876,3.525830448652068e-05,0.00014103321794608272,-0.00016776465917072537,596.8981148471007,665.0514832484916,True,3.31831585045817e-09,True,-1.3552527156068805e-20,6.341673496965843e-05,7.065760907144317e-05,4.217539365434783e-15
9.25e-09,-0.2031698541096603,-0.0003045554740301119,-0.00033939255264506534,3.4837078614953474e-05,0.0001393483144598139,-0.00016520715957029798,598.6279089692757,667.1029465376562,True,3.31831585045817e-09,True,-4.0657581468206416e-20,6.187649122699627e-05,6.895433540680312e-05,4.127798961894065e-15
9.262500000000001e-09,-0.20099937974201257,-0.0003011488466752659,-0.00033576680393684877,3.4617957261582885e-05,0.00013847182904633154,-0.00016267701762893438,598.6279089692757,667.4419708429225,True,3.31831585045817e-09,True,-3.3881317890172014e-20,6.053073139175089e-05,6.748891932926454e-05,4.040075065667377e-15
9.275e-09,-0.1988426268951334,-0.00029776597824329623,-0.0003321639768474926,3.439799860419634e-05,0.00013759199441678536,-0.0001601739838265109,598.6279089692757,667.7815513653634,True,3.31831585045817e-09,True,4.0657581468206416e-20,5.920856931389616e-05,6.604835771628971e-05,3.953839027055723e-15
9.2875e-09,-0.1966996462878341,-0.00029440690201130526,-0.0003285841561020998,3.4177254090794515e-05,0.00013670901636317806,-0.00015769788564812723,598.6279089692757,668.1217218211848,True,3.31831585045817e-09,True,4.0657581468206416e-20,5.790973349032078e-05,6.463238728106949e-05,3.8690750849759045e-15
9.3e-09,-0.19457048545294303,-0.00029032359612318564,-0.00032409235766168255,3.3768761538496894e-05,0.00013507504615398758,-0.0001552485499691981,600.3550557525136,670.184883526952,True,3.31831585045817e-09,True,2.0328790734103208e-20,5.64884030361324e-05,6.305880736182242e-05,3.785767380939392e-15
9.3125e-09,-0.19246669278206593,-0.00028703563433501864,-0.00032058811021557735,3.3552475880558714e-05,0.00013420990352223486,-0.00015282573081278378,600.3550557525136,670.5324000204973,True,3.31831585045817e-09,True,-6.776263578034403e-21,5.5244799251063446e-05,6.170253331844462e-05,3.7043427830466156e-15
9.325e-09,-0.19037644145683447,-0.0002837709716094213,-0.0003171064183314115,3.333544672199021e-05,0.00013334178688796083,-0.00015042918472146045,600.3550557525136,670.8806062054372,True,3.31831585045817e-09,True,-2.0328790734103208e-20,5.402330776375003e-05,6.036959148505642e-05,3.624318946176752e-15
9.3375e-09,-0.18829977640974982,-0.000280529633779856,-0.0003136473568523978,3.311772307254175e-05,0.000132470892290167,-0.00014805874148968905,600.3550557525136,671.229537758984,True,3.31831585045817e-09,True,2.0328790734103208e-20,5.282366731705589e-05,5.9059727166815516e-05,3.5456805795961777e-15
9.350000000000001e-09,-0.18623673953849354,-0.00027660080980950006,-0.00030932245466847545,3.27216448589754e-05,0.0001308865794359016,-0.00014571423037359845,602.0795992263081,673.3051131222578,True,3.31831585045817e-09,True,-6.776263578034403e-21,5.151323297262825e-05,5.760720542350034e-05,3.4684123153928684e-15
9.3625e-09,-0.18419830097914763,-0.000273428515707096,-0.00030593679177279623,3.250827606570029e-05,0.00013003310426280116,-0.0001433954114442948,602.0795992263081,673.6616351180644,True,3.31831585045817e-09,True,-4.743384504624082e-20,5.036506803249726e-05,5.635303725156034e-05,3.392901408360466e-15
9.375e-09,-0.18217321865962402,-0.0002702790593540418,-0.000302573312388798,3.229425303475619e-05,0.00012917701213902477,-0.00014110204721501704,602.0795992263081,674.0189902059453,True,3.31831585045817e-09,True,-2.710505431213761e-20,4.923760617882136e-05,5.5120754198371217e-05,3.3187081596807186e-15
9.3875e-09,-0.18016153200698035,-0.0002671524595708265,-0.00029923208200127325,3.2079622430446766e-05,0.00012831848972178706,-0.00013883396984903945,602.0795992263081,674.3772162771969,True,3.31831585045817e-09,True,6.776263578034403e-21,4.8130596395712975e-05,5.391011031898776e-05,3.2458177615102205e-15
9.4e-09,-0.1781632775588663,-0.00026337356979667004,-0.00029506920948606295,3.169563968939288e-05,0.00012678255875757152,-0.00013659101103909854,603.801656801746,676.4660466743574,True,3.31831585045817e-09,True,3.3881317890172014e-20,4.692349841735357e-05,5.25704974687407e-05,3.1742153470517627e-15
9.4125e-09,-0.17618887127172025,-0.0002603139882468513,-0.00029179925110667693,3.1485262859825636e-05,0.00012594105143930254,-0.00013437293680754875,603.801656801746,676.832130529395,True,3.31831585045817e-09,True,0.0,4.586442776545258e-05,5.1411780690418676e-05,3.104251836000281e-15
9.425e-09,-0.17422763156262502,-0.0002572767821954438,-0.0002885510988583316,3.12743166628878e-05,0.0001250972666515512,-0.00013217951554389258,603.801656801746,677.1992018707333,True,3.31831585045817e-09,True,-2.0328790734103208e-20,4.482472441796551e-05,5.0273574538879984e-05,3.0355267599921816e-15
9.437500000000001e-09,-0.1722795926249235,-0.00025426196386390393,-0.0002853248093711182,3.106284550721428e-05,0.00012425138202885712,-0.00013001058183504681,603.801656801746,677.5673010892725,True,3.31831585045817e-09,True,-2.0328790734103208e-20,4.380414755448639e-05,4.91556419242402e-05,2.9680258035009598e-15
9.45e-09,-0.17034478590239893,-0.0002506285942400436,-0.0002813192503345798,3.069065609453624e-05,0.00012276262437814497,-0.0001278659698618986,605.5212563655126,679.6701965269312,True,3.31831585045817e-09,True,-2.0328790734103208e-20,4.269327422683944e-05,4.792126746846737e-05,2.901734608413413e-15
9.4625e-09,-0.1684330958633632,-0.00024767881204766916,-0.00027816215218329416,3.048334013562501e-05,0.00012193336054250004,-0.0001257454515051691,605.5212563655126,680.0464459226571,True,3.31831585045817e-09,True,-1.0164395367051604e-20,4.171730909294898e-05,4.6851712444248205e-05,2.8369707782116893e-15
9.475e-09,-0.1665343785669732,-0.0002447509426866762,-0.0002750264781232511,3.027553543657496e-05,0.00012110214174629984,-0.00012364880094037632,605.5212563655126,680.4238493992899,True,3.31831585045817e-09,True,-3.7269449679189215e-20,4.075944614400649e-05,4.5801363623718874e-05,2.7733699244687944e-15
9.4875e-09,-0.16464866323533078,-0.00024184499217673108,-0.00027191227641386616,3.0067284237135058e-05,0.00012026913694854023,-0.00012157585522819087,605.5212563655126,680.8024501702803,True,3.31831585045817e-09,True,1.3552527156068805e-20,3.98194546720578e-05,4.476999282881882e-05,2.7109182305181367e-15
9.5e-09,-0.16277597647544267,-0.0002383528034928379,-0.0002680593915949227,2.970658810208481e-05,0.00011882635240833924,-0.00011952645108449866,607.2384761710614,682.9203352765843,True,3.31831585045817e-09,True,-3.3881317890172014e-20,3.8798110334205995e-05,4.363362922027661e-05,2.649601851753387e-15
9.5125e-09,-0.1609256934671895,-0.00023550995044667092,-0.00026501234651978164,2.9502396073110707e-05,0.00011800958429244283,-0.00011750036615422811,607.2384761710614,683.3074065956702,True,3.31831585045817e-09,True,6.776263578034403e-21,3.789960209405395e-05,4.264729564106298e-05,2.5897078817895834e-15
9.525000000000001e-09,-0.15908818555353574,-0.00023268854763233398,-0.000261986339463641,2.9297791831306996e-05,0.00011719116732522798,-0.00011549738030710599,607.2384761710614,683.6958121587809,True,3.31831585045817e-09,True,3.3881317890172014e-21,3.7017998841915484e-05,4.167893138508332e-05,2.530905078271622e-15
9.5375e-09,-0.15726347723895678,-0.00022988859524900827,-0.00025898141078045764,2.90928155314494e-05,0.0001163712621257976,-0.00011351733312321066,607.2384761710614,684.085598368261,True,3.31831585045817e-09,True,-2.371692252312041e-20,3.615307986643816e-05,4.072831719958542e-05,2.473180127328788e-15
9.550000000000001e-09,-0.1554515905420972,-0.0002265333384757828,-0.00025527665712075383,2.8743318644971024e-05,0.0001149732745798841,-0.00011156006389589871,608.9534088052702,686.2194835781997,True,3.31831585045817e-09,True,0.0,3.52149677768717e-05,3.968316237769077e-05,2.4165197002067846e-15
9.5625e-09,-0.15366141284100718,-0.0002237945877968883,-0.00025233689576101,2.8542307964121695e-05,0.00011416923185648678,-0.00010962535594040151,608.9534088052702,686.618091856928,True,3.31831585045817e-09,True,1.0164395367051604e-20,3.438859254704068e-05,3.8774443914550754e-05,2.361182979629445e-15
9.575e-09,-0.15188380912203384,-0.00022107682527685495,-0.00024941778291383683,2.8340957636981916e-05,0.00011336383054792767,-0.00010771299472892727,608.9534088052702,687.0182296666756,True,3.31831585045817e-09,True,-3.3881317890172014e-20,3.357799033165506e-05,3.7882522931726066e-05,2.306869147341841e-15
9.5875e-09,-0.15011879941703113,-0.00021838004566028724,-0.0002465193514747789,2.8139305814491673e-05,0.00011255722325796669,-0.00010582282240232054,608.9534088052702,687.4199470154725,True,3.31831585045817e-09,True,0.0,3.278295027115876e-05,3.700718907645893e-05,2.2535653938410826e-15
9.6e-09,-0.14836640139625895,-0.00021515758382147055,-0.0002429583095593885,2.7800725737917948e-05,0.00011120290295167179,-0.00010395468086979876,610.6660919123344,689.570865972206,True,3.31831585045817e-09,True,0.0,3.192215644470553e-05,3.604685007864477e-05,2.201258906327583e-15
9.612500000000001e-09,-0.14663503507916056,-0.00021252015183685446,-0.0002401231000397695,2.7602948202915092e-05,0.00011041179281166037,-0.00010210835902519407,610.6660919123344,689.9817914290219,True,3.31831585045817e-09,True,-3.7269449679189215e-20,3.116289991962568e-05,3.521045919764838e-05,2.150183351266665e-15
9.625e-09,-0.1449160385141945,-0.00020990324691759515,-0.00023730814668353688,2.740489976594177e-05,0.00010961959906376708,-0.00010028364785382805,610.6660919123344,690.3944586006635,True,3.31831585045817e-09,True,-3.3881317890172014e-20,3.0418347014564693e-05,3.438975652452355e-05,2.10006582186475e-15
9.637500000000001e-09,-0.14320942749702553,-0.00020730685870446082,-0.00023451347535697836,2.7206616652517515e-05,0.00010882646661007006,-9.848039209439077e-05,610.6660919123344,690.8089215764281,True,3.31831585045817e-09,True,2.371692252312041e-20,2.9688296551272597e-05,3.358454054621067e-05,2.0508940124025813e-15
9.65e-09,-0.1415152155810973,-0.00020421314893316958,-0.0002310918270899397,2.6878678156770122e-05,0.00010751471262708049,-9.66984363060891e-05,612.3765490244722,692.9779807049022,True,3.31831585045817e-09,True,-6.776263578034403e-21,2.8899267795772224e-05,3.270300972966248e-05,2.0026556240964447e-15
9.6625e-09,-0.13984137509773387,-0.00020167429528338923,-0.00022835847538659655,2.6684180103207346e-05,0.00010673672041282938,-9.493757487055985e-05,612.3765490244722,693.4020763589688,True,3.31831585045817e-09,True,-2.371692252312041e-20,2.8202410774295572e-05,3.193396321328368e-05,1.9555610189225103e-15
9.675e-09,-0.13817969735614963,-0.00019915550901868212,-0.00022564498522399754,2.6489476205315432e-05,0.00010595790482126173,-9.319760419742039e-05,612.3765490244722,693.8281448352375,True,3.31831585045817e-09,True,-6.776263578034403e-21,2.7519247963011423e-05,3.117955576818484e-05,1.9093628761437105e-15
9.6875e-09,-0.13653019414386453,-0.00019665677501198777,-0.0002229513758509528,2.6294600838965064e-05,0.00010517840335586026,-9.14783716561275e-05,612.3765490244722,694.25624484863,True,3.31831585045817e-09,True,-2.710505431213761e-20,2.6849587672092975e-05,3.0439594629572294e-05,1.864049391296134e-15
9.700000000000001e-09,-0.13489287512084955,-0.0001936878624795871,-0.0002196648969779961,2.5977034498408994e-05,0.00010390813799363598,-8.977972448595114e-05,614.0848036104821,696.4446475579542,True,3.31831585045817e-09,True,1.6940658945086007e-20,2.6127112645883224e-05,2.9631229516487113e-05,1.819608775836911e-15
9.7125e-09,-0.13327528392389848,-0.00019124489045137098,-0.00021703074744776753,2.5785856996396528e-05,0.00010314342798558611,-8.810146246578488e-05,614.0848036104821,696.8828480036553,True,3.31831585045817e-09,True,2.0328790734103208e-20,2.548821707390133e-05,2.8924834486317124e-05,1.7762301304995752e-15
9.725000000000001e-09,-0.1316696460029643,-0.0001888215279524382,-0.00021441606310532182,2.5594535152883626e-05,0.0001023781406115345,-8.64433873409037e-05,614.0848036104821,697.3232736265658,True,3.31831585045817e-09,True,-1.6940658945086007e-20,2.4862063743236367e-05,2.8232087126426977e-05,1.7336895678545932e-15
9.7375e-09,-0.13007596935730303,-0.0001864177554096597,-0.0002118208569769641,2.5403101567304393e-05,0.00010161240626921757,-8.480534914044214e-05,614.0848036104821,697.7659883923418,True,3.31831585045817e-09,True,-6.776263578034403e-21,2.424847024032411e-05,2.7552803301373252e-05,1.691975780424204e-15
9.75e-09,-0.1284942599687575,-0.00018356977238575577,-0.00020866541602970856,2.5095643643952795e-05,0.00010038257457581118,-8.318719780994459e-05,615.7908790715143,699.9750465383706,True,3.31831585045817e-09,True,0.0,2.3587662055340942e-05,2.681230821381031e-05,1.6510774844918634e-15
9.7625e-09,-0.1269316511150356,-0.00018122002919718265,-0.00020612785188767714,2.4907822690494485e-05,9.963129076197794e-05,-8.158873843520473e-05,615.7908790715143,700.4283780184323,True,3.31831585045817e-09,True,3.3881317890172014e-21,2.3002557521113353e-05,2.6164148580898367e-05,1.6111644054789119e-15
9.775e-09,-0.12538078392920637,-0.00017888943989610346,-0.00020360935536793717,2.4719915471833725e-05,9.88796618873349e-05,-8.000977800876856e-05,615.7908790715143,700.884210951892,True,3.31831585045817e-09,True,-1.6940658945086007e-20,2.24292982108301e-05,2.5528700591352327e-05,1.5720340978702336e-15
9.7875e-09,-0.123841662834203,-0.0001765779807713106,-0.00020110993365301334,2.453195288170274e-05,9.812781152681097e-05,-7.845016924449964e-05,615.7908790715143,701.3426152754155,True,3.31831585045817e-09,True,0.0,2.186771075862503e-05,2.4905788596065415e-05,1.5336757453540418e-15
9.8e-09,-0.1223142903412959,-0.00017384714566315719,-0.00019808149087478496,2.4234345211627762e-05,9.693738084651105e-05,-7.690976481664615e-05,617.4947987372306,703.5737623112298,True,3.31831585045817e-09,True,6.776263578034403e-21,2.126399024964897e-05,2.42281969860952e-05,1.4960785621694832e-15
9.812500000000001e-09,-0.12080540706479066,-0.00017158802270319292,-0.0001956379346220183,2.4049911918825415e-05,9.619964767530166e-05,-7.538837502789125e-05,617.4947987372306,704.0433543182423,True,3.31831585045817e-09,True,-2.371692252312041e-20,2.0728760930101764e-05,2.3634120329327825e-05,1.4593946376089776e-15
9.825e-09,-0.11930805200708539,-0.00016934760057137524,-0.00019321304770674816,2.3865447135372933e-05,9.546178854149173e-05,-7.388581202988351e-05,617.4947987372306,704.5157510619727,True,3.31831585045817e-09,True,-1.3552527156068805e-20,2.020453233624476e-05,2.305187234424418e-05,1.4234411273725391e-15
9.8375e-09,-0.11782222621900941,-0.00016712585171310001,-0.0001908068318307368,2.368098011763679e-05,9.472392047054716e-05,-7.240193124255284e-05,617.4947987372306,704.9910292829582,True,3.31831585045817e-09,True,-1.0164395367051604e-20,1.969113990758549e-05,2.2481285704093556e-05,1.388207699120343e-15
9.85e-09,-0.11634792894124021,-0.00016450846808612949,-0.0001879014380857469,2.3392969999617442e-05,9.357187999846977e-05,-7.09365880876597e-05,619.1965858619242,707.2458353956922,True,3.31831585045817e-09,True,-2.0328790734103208e-20,1.9140219555117278e-05,2.1861943166357328e-05,1.3536840568915883e-15
9.8625e-09,-0.1148915251985904,-0.00016233740111025696,-0.00018554935188904654,2.32119507787896e-05,9.28478031151584e-05,-6.948959799509855e-05,619.1965858619242,707.7329340794233,True,3.31831585045817e-09,True,-2.0328790734103208e-20,1.8651191610332765e-05,2.131804803814251e-05,1.3200062562458334e-15
9.875e-09,-0.11344643467467323,-0.00016018458483368453,-0.00018321553649517516,2.303095166149064e-05,9.212380664596256e-05,-6.806077818772197e-05,619.1965858619242,708.2231713648458,True,3.31831585045817e-09,True,-6.776263578034403e-21,1.8172370039224246e-05,2.07851493923851e-05,1.2870093540394902e-15
9.8875e-09,-0.11201265524491956,-0.00015804998814022736,-0.00018089998847296208,2.2850000332734718e-05,9.140000133093887e-05,-6.66499868092885e-05,619.1965858619242,708.7166317629717,True,3.31831585045817e-09,True,3.3881317890172014e-21,1.7703598833014913e-05,2.0263088042631825e-05,1.2546834935017207e-15
9.900000000000001e-09,-0.11059018307202605,-0.00015554244372098606,-0.00017811378414013253,2.2571340419146486e-05,9.028536167658595e-05,-6.525708204440011e-05,620.8962636211147,710.9968213589602,True,3.31831585045817e-09,True,-1.6940658945086007e-20,1.7201467326574157e-05,1.9697635995708587e-05,1.2230188591904237e-15
9.9125e-09,-0.1091850240610601,-0.00015345691300460974,-0.00017585067016555173,2.2393757160942014e-05,8.957502864376806e-05,-6.388188436084167e-05,620.8962636211147,711.5028050758473,True,3.31831585045817e-09,True,-2.371692252312041e-20,1.6755196738744323e-05,1.920025965317931e-05,1.1921369479214275e-15
9.925e-09,-0.1077909619966271,-0.00015138918611752404,-0.00017360542865563715,2.2216242538113124e-05,8.88649701524525e-05,-6.252421596507154e-05,620.8962636211147,712.0122959968128,True,3.31831585045817e-09,True,-1.6940658945086007e-20,1.6318386007494342e-05,1.8713096162627942e-05,1.161889148815831e-15
9.9375e-09,-0.10640799176815627,-0.0001493392286513453,-0.00017137805137943123,2.2038822728085926e-05,8.81552909123437e-05,-6.118393773900159e-05,620.8962636211147,712.525387529499,True,3.31831585045817e-09,True,3.3881317890172014e-21,1.5890887412995157e-05,1.823599428042518e-05,1.1322660712132013e-15
9.95e-09,-0.10503610664580774,-0.00014693799431437113,-0.0001687072652324492,2.1769270918078076e-05,8.70770836723123e-05,-5.986091064205883e-05,622.5938551080553,714.8328595059282,True,3.31831585045817e-09,True,3.3881317890172014e-21,1.543379484112538e-05,1.772035430287811e-05,1.1032583699309498e-15
9.9625e-09,-0.10368096929773157,-0.00014493552476561652,-0.00016653066593427435,2.1595141168657848e-05,8.638056467463139e-05,-5.855496009098512e-05,622.5938551080553,715.3592569206202,True,3.31831585045817e-09,True,-1.6940658945086007e-20,1.50270556933745e-05,1.7266060861862293e-05,1.0749743394517158e-15
9.975e-09,-0.10233671161978757,-0.00014295041574423294,-0.00016437154138314832,2.1421125638915376e-05,8.56845025556615e-05,-5.726591318857144e-05,622.5938551080553,715.8895697294686,True,3.31831585045817e-09,True,3.3881317890172014e-21,1.4629075471946306e-05,1.6821243029027228e-05,1.0472802545151563e-15
9.987500000000001e-09,-0.10100332569769573,-0.0001409826298070096,-0.00016222987886728486,2.124724906027527e-05,8.498899624110108e-05,-5.599363356590852e-05,622.5938551080553,716.423901554104,True,3.31831585045817e-09,True,-1.0164395367051604e-20,1.4239714476115057e-05,1.6385757293130097e-05,1.0201671801994801e-15
1e-08,-0.09968080208755155,-0.00013868425854685783,-0.00015967082694206785,2.0986568395210017e-05,8.394627358084007e-05,-5.4737984966017766e-05,624.2893833306066,718.7607528930328,True,3.31831585045817e-09,True,-3.3881317890172014e-21,1.3824158128868166e-05,1.591611609956796e-05,9.936262304817621e-16
