G_length_S_m,Rsp_ohm,time_s,accepted_steps,rejected_steps,T_axis_K,T_max_K,T_min_K,p_axis_Pa,p_min_Pa,rho_axis_kg_m3,rho_min_kg_m3,sigma_axis_S_m,sigma_max_S_m,channel_radius_m,outward_velocity_max_m_s,internal_energy_J,kinetic_energy_J,total_energy_J,cumulative_Joule_J,conduction_boundary_loss_J,hydro_boundary_loss_J,radiation_loss_J,energy_residual_J,mass_residual_kg,I_A,I_L_A,V_channel_V,Rsp_circuit_ohm,Gsp_S,interval_Rsp_ohm,interval_dt_s,P_sp_circuit_W,P_sp_thermal_W,Q_sp_circuit_J,Q_sp_thermal_J,Q_fixed_R_J,source_work_J,inductor_energy_J,cext_energy_J,cgap_energy_J,circuit_energy_J,thermal_energy_J,circuit_energy_residual_J,cross_domain_energy_residual_J,coupling_status,KCL_max_A,KVL_max_V,I_rms_interval_A
4.147894813072713e-06,241.08615214839827,0.0,0,0,9989.22820765951,9989.22820765951,300.0,202537.4791898041,101325.0,0.034624871235957644,0.034624871235957644,2888.438135008073,2888.438135008073,7.594249198798159e-05,0.0,0.00020825416216199174,0.0,0.00020825416216199174,0.0,0.0,0.0,0.0,0.0,-1.0339757656912846e-25,0.4147894813072713,0.0,100.0,241.08615214839827,0.0041478948130727125,241.08615214839827,0.0,0.0,0.0,0.0,0.0,0.0,0.0,0.0,4e-09,1e-09,5e-09,0.00020825416216199174,0.0,0.0,FIXED_RSP_REPLAY,,,
4.127157430816966e-06,242.2975175439458,5e-11,1,0,9986.819615719913,9986.819615719913,300.0,202527.6725937184,101325.0,0.034633521748543054,0.034633521748543054,2885.9044222313028,2885.9044222313028,7.594712662973645e-05,1.7808038806463613,0.00020825585796696398,4.615999522369501e-13,0.00020825585842856393,1.696266572232154e-09,0.0,0.0,0.0,-4.0934066587952266e-20,-1.0339757656912846e-25,0.33664693794719935,-0.004513459628343434,81.1609149022309,241.08615214839827,0.0041478948130727125,241.08615214839827,5e-11,33.92533144464307,33.92533144464308,1.6962665722321535e-09,1.696266572232154e-09,7.149759208814388e-16,0.0,1.0185658908343023e-11,2.634837643106866e-09,6.587094107767165e-10,3.3037327127919256e-09,0.00020825585842856393,-7.749217330257565e-26,-4.1359030627651384e-25,FIXED_RSP_REPLAY,5.551115123125783e-17,0.0,0.37512492096767924
4.1034896876401334e-06,243.69501963463875,1e-10,2,0,9981.155836836622,9981.155836836622,300.0,202434.12729845196,101325.0,0.034641646627127924,0.034641646627127924,2880.0099892901503,2880.0099892901503,7.595751106512107e-05,3.5920722992531484,0.0002082569764427219,1.8387955070642477e-12,0.0002082569782815174,2.816119525668539e-09,0.0,-1.747606774940848e-27,0.0,8.739145695554989e-22,-1.0339758230376734e-25,0.27238075399321965,-0.008170903664929266,65.6672278995048,241.08615214839827,0.0041478948130727125,241.08615214839827,5e-11,22.28508506836277,22.397059068727707,2.810520825650292e-09,2.816119525668539e-09,4.930996180873028e-15,0.0,3.338183335077726e-11,1.7248739280022004e-09,4.312184820005501e-10,2.1894742433535277e-09,0.0002082569782815174,3.9583225843908364e-25,-5.598700018247253e-12,FIXED_RSP_REPLAY,5.551115123125783e-17,1.4210854715202004e-14,0.30403320339059364
4.077973012816591e-06,245.21986704108076,1.5e-10,3,0,9973.305527544066,9973.305527544066,300.0,202283.26607555815,101325.0,0.034649241128850004,0.034649241128850004,2871.8577365113297,2871.8577365113297,7.597176025915692e-05,5.422572734804298,0.00020825770896565706,4.119515868948377e-12,0.00020825771308517294,3.550923181200475e-09,0.0,-5.2428203248225444e-27,0.0,-4.1897222307843334e-22,-1.0339759377304508e-25,0.21953700801282355,-0.011124410355324951,52.92733251598371,241.08615214839827,0.0041478948130727125,241.08615214839827,5e-11,14.538744875653684,14.69607311063871,3.537458069432976e-09,3.550923181200475e-09,1.4414061441233074e-14,0.0,6.18762528768305e-11,1.1205210109030026e-09,2.8013025272575065e-10,1.4625275165055836e-09,0.00020825771308517294,1.090486605497697e-24,-1.3465111767498738e-11,FIXED_RSP_REPLAY,5.551115123125783e-17,0.0,0.24557113930246646
4.051331208742887e-06,246.83244802152237,2e-10,4,0,9963.98889639484,9963.98889639484,300.0,202092.9054582898,101325.0,0.034656301916589784,0.034656301916589784,2862.1908173976776,2862.1908173976776,7.598860385963296e-05,7.263427513406165,0.0002082581840746012,7.291499493968113e-12,0.00020825819136610068,4.029204108967951e-09,0.0,-1.0485640649645089e-26,0.0,-2.009719064822901e-20,-1.0339761097696168e-25,0.17609560381098616,-0.013499163256993081,42.45421153303947,241.08615214839827,0.0041478948130727125,241.08615214839827,5e-11,9.404369222833813,9.565618555349534,4.007676530574666e-09,4.029204108967951e-09,2.972665982721818e-14,0.0,9.111370431947601e-11,7.209440307568246e-10,1.8023600768920615e-10,9.922937427655067e-10,0.00020825819136610068,2.0687088378515814e-26,-2.1527578393284793e-11,FIXED_RSP_REPLAY,2.7755575615628914e-17,0.0,0.19750527668802426
4.024047531898786e-06,248.50601094369782,2.5e-10,5,0,9953.690893753625,9953.690893753625,300.0,201875.04682141647,101325.0,0.03466282650390503,0.03466282650390503,2851.5096209908415,2851.5096209908415,7.600718650532299e-05,9.107480889694834,0.00020825848810797291,1.1342827054634832e-11,0.00020825849945079996,4.337288808253479e-09,0.0,-1.7476067749408482e-26,0.0,-3.3427213209948153e-20,-1.0339763391551716e-25,0.1403935767747479,-0.015398205923885334,33.846947210974704,241.08615214839827,0.0041478948130727125,241.08615214839827,5e-11,6.0182488389912105,6.1616939857105555,4.308588972524227e-09,4.337288808253479e-09,5.0736887330689184e-14,0.0,1.185523728371887e-10,4.5824633420100335e-10,1.1456158355025084e-10,6.913602905884429e-10,0.00020825849945079996,7.845947454455766e-25,-2.869983572925184e-11,FIXED_RSP_REPLAY,2.7755575615628914e-17,0.0,0.1579970352349452
3.9964434461648765e-06,250.22248243238226,3e-10,6,0,9942.737244704076,9942.737244704076,300.0,201637.75322165966,101325.0,0.03466881287250529,0.03466881287250529,2840.150270569825,2840.150270569825,7.602693369196678e-05,10.948858681957923,0.000208258678992856,1.6262184131909644e-11,0.00020825869525504016,4.533093048414861e-09,0.0,-2.6214101624112727e-26,0.0,4.2930411650485896e-21,-8.601958306090899e-32,0.11106195845938528,-0.016906356035499264,26.77550021503845,241.08615214839827,0.0041478948130727125,241.08615214839827,5e-11,3.7991588739109967,3.916084803227655,4.498546916219777e-09,4.533093048414861e-09,7.694069793054191e-14,0.0,1.429124371995312e-10,2.867709647062096e-10,7.16927411765524e-11,5.013761430822932e-10,0.00020825869525504016,3.3250802699427736e-25,-3.454613219508462e-11,FIXED_RSP_REPLAY,2.7755575615628914e-17,3.552713678800501e-15,0.1255329095780648
3.968731674194341e-06,251.9696674134569,3.5e-10,7,0,9931.345794800285,9931.345794800285,300.0,201386.41780486226,101325.0,0.03467425920526546,0.03467425920526546,2828.337601949215,2828.337601949215,7.604746119380758e-05,12.782660022335946,0.00020825879550840634,2.2038960372770713e-11,0.0002082588175473667,4.655385374976207e-09,0.0,-3.669974227375782e-26,0.0,-9.566380483918039e-21,-1.0339769699654475e-25,0.08697380253089353,-0.018093427567503123,20.968179389887744,241.08615214839827,0.0041478948130727125,241.08615214839827,5e-11,2.356541759265579,2.4458465312269246,4.6163740041830555e-09,4.655385374976207e-09,1.0766178344719584e-13,0.0,1.63686060570241e-10,1.7586581877060527e-10,4.396645469265132e-11,3.835183340334976e-10,0.0002082588175473667,6.116511914721637e-26,-3.9011370793151596e-11,FIXED_RSP_REPLAY,1.3877787807814457e-17,3.552713678800501e-15,0.09886701846443505
3.941051963758217e-06,253.73935923605342,3.9999999999999996e-10,8,0,9919.661303506562,9919.661303506562,300.0,201124.6237520554,101325.0,0.034679163698421035,0.034679163698421035,2816.221051433936,2816.221051433936,7.606851368743317e-05,14.67304786830384,0.000208258863529743,2.8663253291521207e-11,0.0002082588921929963,4.7300310046400655e-09,0.0,-4.893298969834376e-26,0.0,-7.08290432440678e-20,-1.6056988838036345e-31,0.06720139891136727,-0.019016883331387492,16.201326682531096,241.08615214839827,0.0041478948130727125,241.08615214839827,5e-11,1.4284280973252452,1.4929125932771676,4.6877954090493175e-09,4.7300310046400655e-09,1.4217199383372283e-13,0.0,1.8082092581980173e-10,1.0499319450963762e-10,2.6248298627409405e-11,3.1206241895684877e-10,0.0002082588921929963,-2.652087254480624e-25,-4.2235595590747964e-11,FIXED_RSP_REPLAY,2.0816681711721685e-17,0.0,0.07697382344500439
3.913495199229573e-06,255.52605767776697,4.4999999999999995e-10,9,0,9907.779068213065,9907.779068213065,300.0,200854.7283570703,101325.0,0.034683524429218356,0.034683524429218356,2803.8990198581873,2803.8990198581873,7.608992308049305e-05,16.618256182025092,0.0002082589002443354,3.612581955087399e-11,0.00020825893637015493,4.77420816321207e-09,0.0,-6.291384389787054e-26,0.0,-2.103443871045484e-20,-1.033977830161278e-25,0.050981051796557146,-0.019724018585018932,12.290825610110149,241.08615214839827,0.0041478948130727125,241.08615214839827,5e-11,0.8394835712551876,0.8835431714400948,4.729769587612077e-09,4.77420816321207e-09,1.7976072776729313e-13,0.0,1.945184545710861e-10,6.04257576712558e-11,1.510643941781395e-11,2.700506516601559e-10,0.00020825893637015493,4.938900355407711e-25,-4.4438575599992835e-11,FIXED_RSP_REPLAY,2.7755575615628914e-17,0.0,0.05900923275953644
3.886119645957716e-06,257.3260967505684,4.999999999999999e-10,10,0,9895.760978993352,9895.760978993352,300.0,200578.26005108908,101325.0,0.03468733926323719,0.03468733926323719,2791.435430443299,2791.435430443299,7.611158019343385e-05,18.572879194091666,0.00020825891700134862,4.441800011542871e-11,0.00020825896141934874,4.799257357058233e-09,0.0,-7.864230487233817e-26,0.0,-5.53442518863903e-20,-1.0339783462787764e-25,0.03768408437117144,-0.02025375861345256,9.085110898281314,241.08615214839827,0.0041478948130727125,241.08615214839827,5e-11,0.4726730270621711,0.5009838769232496,4.7534032389651856e-09,4.799257357058233e-09,2.1977203177775894e-13,0.0,2.0510736898600188e-10,3.3015696013627965e-11,8.253924003406991e-12,2.4637698900303686e-10,0.00020825896141934874,2.4779067666078246e-25,-4.585411809304713e-11,FIXED_RSP_REPLAY,1.3877787807814457e-17,0.0,0.04427864041759364
3.85896188148347e-06,259.13705051048026,5.5e-10,11,0,9883.646430309274,9883.646430309274,300.0,200296.18829126272,101325.0,0.03469060579073718,0.03469060579073718,2778.8709836891867,2778.8709836891867,7.613341551377631e-05,20.53344855379227,0.0002082589212369322,5.353163513983911e-11,0.00020825897476856736,4.8126065756314686e-09,0.0,-9.611837262174665e-26,0.0,-6.798693572945956e-21,-1.0339789197426635e-25,0.026792969439037122,-0.020638138524049384,6.459413906687089,241.08615214839827,0.0041478948130727125,241.08615214839827,5e-11,0.2501348895933279,0.2669843714647095,4.765909983444852e-09,4.8126065756314686e-09,2.616216772713172e-13,0.0,2.1296638086892562e-10,1.6689611207161023e-11,4.172402801790256e-12,2.338283948778769e-10,0.00020825897476856736,-6.77334905884486e-25,-4.669659218661696e-11,FIXED_RSP_REPLAY,1.0408340855860843e-17,0.0,0.03221076234913853
3.832044138750812e-06,260.9573282018575,6e-10,12,0,9871.459733161473,9871.459733161473,300.0,200009.10692893516,101325.0,0.03469332128475909,0.03469332128475909,2766.230804063126,2766.230804063126,7.615538612346891e-05,22.496719781944098,0.00020825891777402796,6.345897780173977e-11,0.00020825898123300575,4.819071014012602e-09,0.0,-1.1534204714609598e-25,0.0,-1.2168980231126498e-21,-1.0339795505529393e-25,0.017881679786448296,-0.020903521435462872,4.311025373664612,241.08615214839827,0.0041478948130727125,241.08615214839827,5e-11,0.12028280572289504,0.12928876762266256,4.7719241237309964e-09,4.819071014012602e-09,3.048021813855671e-13,0.0,2.1847860420142786e-10,7.433975908952044e-12,1.858493977238011e-12,2.277710740876179e-10,0.00020825898123300575,-1.045587798216138e-25,-4.714689028160556e-11,FIXED_RSP_REPLAY,5.204170427930421e-18,8.881784197001252e-16,0.02233652672104213
3.805379227701049e-06,262.78589863542504,6.5e-10,13,0,9859.215144680902,9859.215144680902,300.0,199717.35867341727,101325.0,0.03469548267594609,0.03469548267594609,2753.5296300031523,2753.5296300031523,7.617746682878841e-05,24.45964548571765,0.00020825890969858888,7.419261215220873e-11,0.00020825898389120103,4.821729209314219e-09,0.0,-1.3631332844538615e-25,0.0,-2.4357296630564898e-20,-1.0339802387096038e-25,0.010599512295790574,-0.02107160130838998,2.5553956340417847,241.08615214839827,0.0041478948130727125,241.08615214839827,5e-11,0.049115622185561945,0.05316390603234105,4.7743799048402744e-09,4.821729209314219e-09,3.488808866143933e-13,0.0,2.2200619084987114e-10,2.612018738591926e-12,6.530046846479815e-13,2.2527121427311103e-10,0.00020825898389120103,1.5211762607557815e-25,-4.7349304473944514e-11,FIXED_RSP_REPLAY,6.071532165918825e-18,0.0,0.01427327693644075
3.778973824095126e-06,264.6221028639831,7.000000000000001e-10,14,0,9846.920275818997,9846.920275818997,300.0,199421.119462068,101325.0,0.034697086540552764,0.034697086540552764,2740.7753313219105,2740.7753313219105,7.619964415094184e-05,26.41935697058672,0.0002082588989489797,8.572537753183153e-11,0.00020825898467435723,4.822512365542496e-09,0.0,-1.590322165196172e-25,0.0,-5.2153896653684916e-20,-1.033980984212657e-25,0.004657771704652294,-0.02116022849007628,1.1229242578603074,241.08615214839827,0.0041478948130727125,241.08615214839827,5e-11,0.014369730079642061,0.015663124565540604,4.775098391344257e-09,4.822512365542496e-09,3.9349433517979034e-13,0.0,2.2387763487611799e-10,5.043835555564489e-13,1.2609588888911222e-13,2.2450811432056355e-10,0.00020825898467435723,-4.8265665625042386e-26,-4.741397419823903e-11,FIXED_RSP_REPLAY,2.6020852139652106e-18,0.0,0.007720371031407897
3.752830658995445e-06,266.4655271889298,7.500000000000001e-10,15,0,9834.57839565073,9834.57839565073,300.0,199120.45556097495,101325.0,0.03469812909911945,0.03469812909911945,2727.9712885089493,2727.9712885089493,7.622191226271802e-05,28.373151267436473,0.00020825888671131078,9.805030059757871e-11,0.00020825898476161138,4.8225996196631686e-09,0.0,-1.8349871136878907e-25,0.0,-2.1439877795473292e-20,-6.021370814263629e-31,-0.000181191530235293,-0.02118408931403183,-0.04368276882630695,241.08615214839827,0.0041478948130727125,241.08615214839827,5e-11,0.0015898717442218312,0.0017450824134479625,4.775177884931468e-09,4.8225996196631686e-09,4.3834094394733066e-13,0.0,2.2438282003243882e-10,7.632737169330298e-16,1.9081842923325745e-16,2.24383774124585e-10,0.00020825898476161138,1.4636209691108565e-25,-4.742173473170087e-11,FIXED_RSP_REPLAY,2.6020852139652106e-18,0.0,0.0025679993694135905
3.7269499694264935e-06,268.31591735959927,8.000000000000001e-10,16,0,9822.189985844627,9822.189985844627,300.0,198815.36214090226,101325.0,0.034698606223961814,0.034698606223961814,2715.117998425406,2715.117998425406,7.624427024755648e-05,30.31848159051431,0.00020825887368362613,1.1116053514185285e-10,0.00020825898484416128,4.8226821695734326e-09,0.0,-2.097128129929018e-25,0.0,-2.512333927727355e-20,-1.0339826472579294e-25,-0.0041130054331977445,-0.02115526555573423,-0.9915886536551002,241.08615214839827,0.0041478948130727125,241.08615214839827,5e-11,0.0014937497120755525,0.0016509982052868757,4.775252572417072e-09,4.8226821695734326e-09,4.83173187082235e-13,0.0,2.2377263036681753e-10,3.932992232230137e-13,9.832480580575342e-14,2.242642543958463e-10,0.00020825898484416128,1.6832398451243861e-25,-4.742959715636066e-11,FIXED_RSP_REPLAY,3.469446951953614e-18,0.0,0.0024891598347127173
3.701330453668345e-06,270.1731208595309,8.500000000000002e-10,17,0,9809.753786308871,9809.753786308871,300.0,198505.78928930717,101325.0,0.034698513454086095,0.034698513454086095,2702.214154901705,2702.214154901705,7.626672025593792e-05,32.25294992056851,0.00020825886025162155,1.2504930941458766e-10,0.00020825898530093097,4.823138939260318e-09,0.0,-2.3767452139195537e-25,0.0,-2.5914979085195197e-20,1.0339679665824204e-25,-0.007298705370754712,-0.021083694983921163,-1.759616793500102,241.08615214839827,0.0041478948130727125,241.08615214839827,5e-11,0.008208297689743215,0.00913539373770607,4.775662987301559e-09,4.823138939260318e-09,5.277899809463305e-13,0.0,2.2226109708751118e-10,1.2385005039870323e-12,3.0962512599675807e-13,2.2380922271749497e-10,0.00020825898530093097,7.710389596502587e-25,-4.74759519587586e-11,FIXED_RSP_REPLAY,2.6020852139652106e-18,0.0,0.005834994036967186
3.675969895382248e-06,272.0370483055913,9.000000000000002e-10,18,0,9797.267496185013,9797.267496185013,300.0,198191.65951833926,101325.0,0.03469784601644731,0.03469784601644731,2689.257373558158,2689.257373558158,7.62892662695444e-05,34.17430086604106,0.00020825884660481803,1.3970988042625766e-10,0.00020825898631469846,4.824152706799022e-09,0.0,-2.673838365659498e-25,0.0,-7.127345768385564e-20,-8.773997472212715e-31,-0.009870849604731821,-0.020977550492244514,-2.3797251496403327,241.08615214839827,0.0041478948130727125,241.08615214839827,5e-11,0.018092496714825934,0.020275350774093842,4.7765676121373e-09,4.824152706799022e-09,5.720296414507125e-13,0.0,2.20028812327334e-10,2.2652367151322816e-12,5.663091787830704e-13,2.2286035822124937e-10,0.00020825898631469846,5.501074190904413e-25,-4.758509466172201e-11,FIXED_RSP_REPLAY,1.734723475976807e-18,0.0,0.008662896356240306
3.650865567154887e-06,273.90764781824004,9.500000000000002e-10,19,0,9784.728241905288,9784.728241905288,300.0,197872.87953080717,101325.0,0.034696598852657065,0.034696598852657065,2676.2446760975945,2676.2446760975945,7.631191327616304e-05,36.08041626308659,0.00020825883281277795,1.5513549461617507e-10,0.00020825898794827257,4.825786280877547e-09,0.0,-2.9884075851488507e-25,0.0,-4.156612462154815e-20,-9.806232468943623e-31,-0.01193855370970346,-0.020843552205023444,-2.878219976089393,241.08615214839827,0.0041478948130727125,241.08615214839827,5e-11,0.02895429804829049,0.03267148157049226,4.778015327039715e-09,4.825786280877547e-09,6.157635831367563e-13,0.0,2.172268342617688e-10,3.3136600923040104e-12,8.284150230760026e-13,2.213689093771488e-10,0.00020825898794827257,3.6724315037296895e-25,-4.7770953837832277e-11,FIXED_RSP_REPLAY,1.734723475976807e-18,0.0,0.01095898638974725
3.626014487495967e-06,275.7848881874089,1.0000000000000003e-09,20,0,9772.132888206484,9772.132888206484,300.0,197549.34811988435,101325.0,0.034694766650415806,0.034694766650415806,2663.1728123862085,2663.1728123862085,7.633466672149407e-05,37.96931017980495,0.00020825881887460572,1.7131935425584307e-10,0.00020825899019395999,4.828031968306897e-09,0.0,-3.3204528723876116e-25,0.0,-5.667792043680814e-20,-1.0895813854381803e-30,-0.013591634982677764,-0.02068722440624587,-3.276754979379344,241.08615214839827,0.0041478948130727125,241.08615214839827,5e-11,0.03953187474555001,0.04491374858699379,4.779991920776992e-09,4.828031968306897e-09,6.588908083770042e-13,0.0,2.139806268171874e-10,4.29484927795493e-12,1.0737123194887325e-12,2.1934918841463107e-10,0.00020825899019395999,5.917087877881765e-25,-4.804004752990488e-11,FIXED_RSP_REPLAY,1.734723475976807e-18,4.440892098500626e-16,0.012805235578001175
3.6014135828930674e-06,277.66874783558893,1.0500000000000003e-09,21,0,9759.478243582555,9759.478243582555,300.0,197220.96147406806,101325.0,0.03469234387900128,0.03469234387900128,2650.0384734654294,2650.0384734654294,7.635753214707954e-05,39.83912412678171,0.0002082588047506721,1.882545889846933e-10,0.00020825899300526106,4.830843269365401e-09,0.0,-3.6699742273757814e-25,0.0,-3.718213553168133e-20,-1.033987808432913e-25,-0.014904024184506743,-0.020513107046222927,-3.5931538421694,241.08615214839827,0.0041478948130727125,241.08615214839827,5e-11,0.04915176891525625,0.05622602117007311,4.782449509222755e-09,4.830843269365401e-09,7.013331655965434e-13,0.0,2.1039378034490034e-10,5.164301813398689e-12,1.2910754533496723e-12,2.168491576116487e-10,0.00020825899300526106,-2.2860557944580745e-25,-4.8393760142645926e-11,FIXED_RSP_REPLAY,1.734723475976807e-18,0.0,0.01427852819225217
3.5770597837958187e-06,279.5592079646049,1.1000000000000003e-09,22,0,9746.761195000508,9746.761195000508,300.0,196887.61674685357,101325.0,0.034689324828238034,0.034689324828238034,2636.8384314542227,2636.8384314542227,7.638051495294468e-05,41.688122351614794,0.00020825879038257757,2.059342319225757e-10,0.0002082589963168095,4.83415481783601e-09,0.0,-4.0369716501133596e-25,0.0,-7.106431730220817e-20,-1.033989012707076e-25,-0.01593657413734212,-0.02032492985587452,-3.842087337199491,241.08615214839827,0.0041478948130727125,241.08615214839827,5e-11,0.05750510164758305,0.06623096941218792,4.785324764305134e-09,4.83415481783601e-09,7.430313184220414e-13,0.0,2.0655138682310968e-10,5.90465404266747e-12,1.4761635106668674e-12,2.1393220437644401e-10,0.0002082589963168095,-2.4405463141365575e-25,-4.8830053530876426e-11,FIXED_RSP_REPLAY,3.469446951953614e-18,0.0,0.015444258248592867
3.552950082761957e-06,281.45624810541386,1.1500000000000004e-09,23,0,9733.978795383273,9733.978795383273,300.0,196549.21447034652,101325.0,0.03468570365040279,0.03468570365040279,2623.5696306213977,2623.5696306213977,7.640362024351159e-05,43.514687182369705,0.00020825877570539652,2.2435119985893321e-10,0.00020825900005659638,4.837894604664724e-09,0.0,-4.421445140600346e-25,0.0,-1.7912211128737322e-20,-1.450863634293998e-30,-0.016739371804581262,-0.02012575567904926,-4.035630737747886,241.08615214839827,0.0041478948130727125,241.08615214839827,5e-11,0.06450231583887639,0.07479573657428287,4.788549880097078e-09,4.837894604664724e-09,7.839413508026888e-13,0.0,2.0252302082639177e-10,6.514526180582219e-12,1.6286315451455549e-12,2.1066617855211955e-10,0.00020825900005659638,-4.957833017133015e-26,-4.9344724567646357e-11,FIXED_RSP_REPLAY,0.0,0.0,0.016356919676371016
3.5290815648935125e-06,283.35984352069636,1.2000000000000004e-09,24,0,9721.128319666908,9721.128319666908,300.0,196205.66020158757,101325.0,0.03468147440455569,0.03468147440455569,2610.229245962186,2610.229245962186,7.64268527289156e-05,45.3173143740887,0.00020825876065490103,2.434982770724201e-10,0.0002082590041531781,4.841991186402528e-09,0.0,-4.82339469883674e-25,0.0,-3.928742553267593e-20,-1.0339915932945678e-25,-0.017353641629858148,-0.019918098464665773,-4.183722686304759,241.08615214839827,0.0041478948130727125,241.08615214839827,5e-11,0.07017993985045032,0.08193163475608027,4.792058877089601e-09,4.841991186402528e-09,8.240319283886662e-13,0.0,1.983653232240605e-10,7.001414206360444e-12,1.750353551590111e-12,2.0711709098201106e-10,0.0002082590041531781,-8.95641117351728e-26,-4.993230931292745e-11,FIXED_RSP_REPLAY,3.469446951953614e-18,0.0,0.017061623852594975
3.5054514221441353e-06,285.26996371507056,1.2500000000000004e-09,25,0,9708.207300017597,9708.207300017597,300.0,195856.86566122298,101325.0,0.03467663110282574,0.03467663110282574,2596.814720222462,2596.814720222462,7.645021666306001e-05,47.094608469639184,0.00020825874517156585,2.6336810238711685e-10,0.00020825900853966824,4.846377676544684e-09,0.0,-5.242820324822544e-25,0.0,-4.114117922796987e-20,-1.7203916612181794e-30,-0.01781331239411068,-0.01970402039843926,-4.294542942113516,241.08615214839827,0.0041478948130727125,241.08615214839827,5e-11,0.07464162999737264,0.08772980284311924,4.795790958589469e-09,4.846377676544684e-09,8.632819386473107e-13,0.0,1.941242099310552e-10,7.377239632662806e-12,1.8443099081657014e-12,2.033457594718837e-10,0.00020825900853966824,-2.4314586365084114e-25,-5.058671795521469e-11,FIXED_RSP_REPLAY,0.0,0.0,0.017595613939428045
3.4820569575344423e-06,287.18657167172677,1.3000000000000005e-09,26,0,9695.213547272888,9695.213547272888,300.0,195502.74953694319,101325.0,0.03467116775817994,0.03467116775817994,2583.3237866774166,2583.3237866774166,7.647371580596021e-05,48.845278181863684,0.00020825872920254233,2.8395315911768506e-10,0.00020825901315570144,4.850993709728431e-09,0.0,-5.6797220185577565e-25,0.0,-2.901640949933696e-20,-1.0339944032676144e-25,-0.018146307075487873,-0.019485211862004803,-4.374823348532625,241.08615214839827,0.0041478948130727125,241.08615214839827,5e-11,0.07802165106806672,0.09232066367493832,4.799692041142872e-09,4.850993709728431e-09,9.016785380882562e-13,0.0,1.8983674065360634e-10,7.655631732346484e-12,1.913907933086621e-12,1.9940628031903946e-10,0.00020825901315570144,-6.073597881477614e-25,-5.130166858555901e-11,FIXED_RSP_REPLAY,0.0,8.881784197001252e-16,0.017989597043085843
3.458895583401014e-06,289.1096235454249,1.3500000000000005e-09,27,0,9682.14516328215,9682.14516328215,300.0,195143.23806518785,101325.0,0.034665078433255406,0.034665078433255406,2569.7544825010523,2569.7544825010523,7.649735340213218e-05,50.568131812496084,0.0002082587127023845,3.0524576759704506e-10,0.0002082590179481521,4.855786160403797e-09,0.0,-6.134099780042377e-25,0.0,-3.413091266452848e-20,-1.0339958942737208e-25,-0.01837560468088336,-0.019263057255301117,-4.430103825914265,241.08615214839827,0.0041478948130727125,241.08615214839827,5e-11,0.0804629189978646,0.09584901350730737,4.803715187092765e-09,4.855786160403797e-09,9.39215542539792e-13,0.0,1.855326874105045e-10,7.850327963352084e-12,1.962581990838021e-12,1.953455973646946e-10,0.0002082590179481521,-2.3446208280616824e-25,-5.2070973311031304e-11,FIXED_RSP_REPLAY,0.0,8.881784197001252e-16,0.018268873100329215
3.4359648163153746e-06,291.0390686341107,1.4000000000000005e-09,28,0,9669.00054723343,9669.00054723343,300.0,194778.26546526124,101325.0,0.03465835728982776,0.03465835728982776,2556.1051559230336,2556.1051559230336,7.652113216958713e-05,52.26207272533879,0.00020825869563303613,3.2723808001577757e-10,0.00020825902287111613,4.86070912440951e-09,0.0,-6.605953609276406e-25,0.0,-1.2309935290762532e-20,-2.1676934931349063e-30,-0.018520114360965435,-0.019038689181385144,-4.464943108633449,241.08615214839827,0.0041478948130727125,241.08615214839827,5e-11,0.0821043889682882,0.09845928011426289,4.8078204065411794e-09,4.86070912440951e-09,9.758921044574643e-13,0.0,1.8123584287269587e-10,7.97428678533333e-12,1.9935716963333326e-12,1.9120370135436253e-10,0.00020825902287111613,-2.6031147694845036e-25,-5.2888717868330225e-11,FIXED_RSP_REPLAY,0.0,0.0,0.01845427780033852
3.413262270340582e-06,292.97484951258025,1.4500000000000006e-09,29,0,9655.778397979613,9655.778397979613,300.0,194407.77427357176,101325.0,0.03465099863852244,0.03465099863852244,2542.374469256981,2542.374469256981,7.654505429588172e-05,53.92609489112602,0.00020825867796340434,3.4992207733357816e-10,0.00020825902788548168,4.8657234899630375e-09,0.0,-7.095283506259844e-25,0.0,-1.545161619022863e-20,-1.0339990483250999e-25,-0.018595394994064606,-0.018813033051033237,-4.4830922267986235,241.08615214839827,0.0041478948130727125,241.08615214839827,5e-11,0.08307435166275147,0.10028731107055584,4.811974124124317e-09,4.8657234899630375e-09,1.0117116290568391e-12,0.0,1.7696510628963446e-10,8.039246365592897e-12,2.0098115913982243e-12,1.870141642466256e-10,0.00020825902788548168,-6.692569702150229e-25,-5.374936583872072e-11,FIXED_RSP_REPLAY,0.0,0.0,0.018562965074613087
3.390785649644453e-06,294.91690225386463,1.5000000000000006e-09,30,0,9642.47771366412,9642.47771366412,300.0,194031.71560824267,101325.0,0.03464299698840688,0.03464299698840688,2528.5613991471882,2528.5613991471882,7.656912143893494e-05,55.55927852000213,0.0002082586596687278,3.7328956804949856e-10,0.00020825903295829584,4.8707963041216936e-09,0.0,-7.60208947099269e-25,0.0,-1.643932052221342e-20,-2.4945679087663602e-30,-0.018614247557626327,-0.018586843800776295,-4.487637318805851,241.08615214839827,0.0041478948130727125,241.08615214839827,5e-11,0.08348738795217847,0.10145628317312873,4.816148493521926e-09,4.8707963041216936e-09,1.0466808882759518e-12,0.0,1.727353812372281e-10,8.055555482055589e-12,2.013888870513897e-12,1.8280482558979755e-10,0.00020825903295829584,-8.493949356440514e-25,-5.4647810599767546e-11,FIXED_RSP_REPLAY,0.0,0.0,0.018609054340396513
3.3685327410787394e-06,296.86515669126607,1.5500000000000006e-09,31,0,9629.097789486506,9629.097789486506,300.0,193650.0493829254,101325.0,0.03463434709609638,0.03463434709609638,2514.6652349040833,2514.6652349040833,7.659333473112796e-05,57.16078579571683,0.00020825864072986468,3.9733218864062983e-10,0.00020825903806205332,4.87590006160473e-09,0.0,-8.126371503474944e-25,0.0,-2.2069164199452572e-20,-2.666607074888178e-30,-0.018587202776415613,-0.01836073611860551,-4.481117196568065,241.08615214839827,0.0041478948130727125,241.08615214839827,5e-11,0.083443522136602,0.10207514966073483,4.820320669628756e-09,4.87590006160473e-09,1.0808092980219873e-12,0.0,1.6855831540853246e-10,8.032164531751214e-12,2.0080411329378035e-12,1.7859852107322149e-10,0.00020825903806205332,-5.4344312216313415e-25,-5.557939197597391e-11,FIXED_RSP_REPLAY,0.0,8.881784197001252e-16,0.018604164927642667
3.346501407063917e-06,298.81953669260787,1.6000000000000007e-09,32,0,9615.638214131635,9615.638214131635,300.0,193262.74448109238,101325.0,0.03462504401405624,0.03462504401405624,2500.685575470899,2500.685575470899,7.661769478576607e-05,58.729856723092084,0.00020825862113257754,4.2204140549849913e-10,0.00020825904317398302,4.881011991326986e-09,0.0,-8.668129603706607e-25,0.0,-3.8833687849874806e-20,-1.0340042095000835e-25,-0.018522922560923378,-0.01813520932510598,-4.4656201267557725,241.08615214839827,0.0041478948130727125,241.08615214839827,5e-11,0.08302863700999406,0.10223859444511815,4.824472101479256e-09,4.881011991326986e-09,1.114108329795161e-12,0.0,1.6444290863270544e-10,7.976705246594497e-12,1.994176311648624e-12,1.7441379019094857e-10,0.00020825904317398302,-7.439778751575571e-25,-5.653988984773013e-11,FIXED_RSP_REPLAY,0.0,8.881784197001252e-16,0.018557856901869122
3.3246895785910196e-06,300.77996046289326,1.6500000000000007e-09,33,0,9602.09886519318,9602.09886519318,300.0,192869.77889736838,101325.0,0.0346150831377918,0.0346150831377918,2486.622325362818,2486.622325362818,7.66422017053174e-05,60.2658050984422,0.00020825860086685634,4.4740851820943633e-10,0.00020825904827537456,4.886113382860513e-09,0.0,-9.227363771687678e-25,0.0,-4.09347825291763e-20,-3.027889323743996e-30,-0.018428530476535285,-0.01791066785486973,-4.442863502337381,241.08615214839827,0.0041478948130727125,241.08615214839827,5e-11,0.08231555868353464,0.10202783067053244,4.828587879413432e-09,4.886113382860513e-09,1.1465910326342674e-12,0.0,1.603960115037319e-10,7.89561444016063e-12,1.9739036100401575e-12,1.7026552955393266e-10,0.00020825904827537456,-6.900576545638905e-25,-5.7525503447080525e-11,FIXED_RSP_REPLAY,0.0,8.881784197001252e-16,0.018477994450118655
3.3030952506141964e-06,302.74634066760694,1.7000000000000007e-09,34,0,9588.479903794214,9588.479903794214,300.0,192471.13984944782,101325.0,0.034604460251644584,0.034604460251644584,2472.475689787395,2472.475689787395,7.666685509107237e-05,61.76801460964965,0.00020825857992630176,4.734246640393214e-10,0.0002082590533509658,4.8911889740988504e-09,0.0,-9.804074007418158e-25,0.0,-4.6159312949084795e-20,-3.217132406477996e-30,-0.01830988378973087,-0.01768743811600442,-4.4142594291505475,241.08615214839827,0.0041478948130727125,241.08615214839827,5e-11,0.08136544466896302,0.10151182476674246,4.832656151646881e-09,4.8911889740988504e-09,1.178271645453461e-12,0.0,1.5642273355374302e-10,7.794274523137807e-12,1.948568630784452e-12,1.6616557670766525e-10,0.0002082590533509658,-4.109649771839383e-25,-5.853282245196967e-11,FIXED_RSP_REPLAY,0.0,8.881784197001252e-16,0.01837104531336599
3.2817164742763882e-06,304.7185848742457,1.7500000000000008e-09,35,0,9574.781768530165,9574.781768530165,300.0,192066.82386235733,101325.0,0.03459317157293391,0.03459317157293391,2458.24616907375,2458.24616907375,7.66916540540016e-05,63.23593507347034,0.00020825855830757672,5.000808234985036e-10,0.0002082590583884002,4.8962264084709265e-09,0.0,-1.0398260310898046e-24,0.0,-6.96958168729911e-23,-1.0340098867925654e-25,-0.01817179741959631,-0.01746578236804821,-4.380968717510667,241.08615214839827,0.0041478948130727125,241.08615214839827,5e-11,0.08022925507775201,0.10074868744151888,4.836667614400768e-09,4.8962264084709265e-09,1.2091652833157617e-12,0.0,1.5252677686401185e-10,7.677154761522823e-12,1.919288690380706e-12,1.621232203159154e-10,0.0002082590583884002,-7.754818242684634e-25,-5.955879407015827e-11,FIXED_RSP_REPLAY,0.0,0.0,0.018242327455500165
3.2605513534378256e-06,306.6965956373086,1.8000000000000008e-09,36,0,9561.005168807349,9561.005168807349,300.0,191656.83682573194,101325.0,0.034581213794217296,0.034581213794217296,2443.934552483622,2443.934552483622,7.67165972266833e-05,64.79022760606271,0.0002082585360099272,5.273678268669549e-10,0.00020825906337775408,4.901215762359736e-09,0.0,-1.1009922682127343e-24,0.0,-1.525017558468328e-20,-3.6128224885581775e-30,-0.01801822829705498,-0.017245910145403966,-4.343945328668371,241.08615214839827,0.0041478948130727125,241.08615214839827,5e-11,0.07894918068460574,0.09978707777618831,4.8406150734349985e-09,4.901215762359736e-09,1.239287684097248e-12,0.0,1.4871070837167372e-10,7.547944407383907e-12,1.8869861018459767e-12,1.581456388809036e-10,0.00020825906337775408,-3.4634149182823302e-25,-6.060068892473712e-11,FIXED_RSP_REPLAY,0.0,0.0,0.018096212229580435
3.2395980397838227e-06,308.68027073714666,1.8500000000000008e-09,37,0,9547.151077627952,9547.151077627952,300.0,191241.19402427968,101325.0,0.03456858412345179,0.03456858412345179,2429.541911453602,2429.541911453602,7.6741682776209e-05,66.47441199025405,0.00020825851303476916,5.552763615786901e-10,0.00020825906831113073,4.906149139031246e-09,0.0,-1.1639061121106048e-24,0.0,-3.577176231535524e-20,-1.0340139583861635e-25,-0.017852427131127356,-0.017027987660220737,-4.303972963553163,241.08615214839827,0.0041478948130727125,241.08615214839827,5e-11,0.0775599609354306,0.0986675334301952,4.84449307148177e-09,4.906149139031246e-09,1.2686550044162227e-12,0.0,1.4497618187831484e-10,7.40967330839864e-12,1.85241832709966e-12,1.5423827351381314e-10,0.00020825906831113073,-7.585181593625908e-25,-6.165606754947582e-11,FIXED_RSP_REPLAY,0.0,0.0,0.01793629169215852
3.218854728759442e-06,310.6695033687971,1.900000000000001e-09,38,0,9533.220723851444,9533.220723851444,300.0,190819.92014132845,101325.0,0.034555280321879475,0.034555280321879475,2415.06959229556,2415.06959229556,7.676690841801578e-05,68.13337687076343,0.0002082584893853345,5.837969803659147e-10,0.00020825907318231486,4.911020323177502e-09,0.0,-1.2285675627834161e-24,0.0,-5.10539887937231e-20,-4.031451126121268e-30,-0.017677063344163076,-0.016812145541938234,-4.261695182927773,241.08615214839827,0.0041478948130727125,241.08615214839827,5e-11,0.0760900616954151,0.09742368292513716,4.848297574566541e-09,4.911020323177502e-09,1.2972836557069093e-12,0.0,1.4132411886165682e-10,7.264818332875913e-12,1.8162045832189783e-12,1.5040514177775172e-10,0.00020825907318231486,-7.132817196135971e-25,-6.272274861096152e-11,FIXED_RSP_REPLAY,0.0,0.0,0.017765516379570703
3.198319655887186e-06,312.6641823181394,1.950000000000001e-09,39,0,9519.215583962103,9519.215583962103,300.0,190393.04923535418,101325.0,0.03454130073946056,0.03454130073946056,2400.5192083815555,2400.5192083815555,7.679227143058931e-05,69.7661192152446,0.0002082584650663709,6.129201100737116e-10,0.00020825907798648096,4.915824489280386e-09,0.0,-1.2949766202311683e-24,0.0,-5.579710883515961e-20,1.0339332720172526e-25,-0.017494327919365844,-0.01659848520756001,-4.2176402025022055,241.08615214839827,0.0041478948130727125,241.08615214839827,5e-11,0.07456270457620318,0.09608332205768824,4.8520257097953505e-09,4.915824489280386e-09,1.325190172972866e-12,0.0,1.3775485559279424e-10,7.1153955511051375e-12,1.7788488877762844e-12,1.4664910003167567e-10,0.00020825907798648096,-1.2621774483536189e-24,-6.379877948503589e-11,FIXED_RSP_REPLAY,0.0,0.0,0.01758630875312685
3.177991093421828e-06,314.66419212750947,2.000000000000001e-09,40,0,9505.13737335858,9505.13737335858,300.0,189960.62468937822,101325.0,0.03452664434773799,0.03452664434773799,2385.892631824541,2385.892631824541,7.681776867101161e-05,71.37168939795586,0.00020825844008388753,6.426360610624709e-10,0.0002082590827199486,4.920557956895699e-09,0.0,-1.3631332844538613e-24,0.0,-3.8496694480277254e-20,1.033931035508093e-25,-0.017306018065387216,-0.016387084104734405,-4.172241304394872,241.08615214839827,0.0041478948130727125,241.08615214839827,5e-11,0.07299675231322661,0.09466935230624937,4.855675547411012e-09,4.920557956895699e-09,1.3523911101183312e-12,0.0,1.3426826272781948e-10,6.963039000839448e-12,1.740759750209862e-12,1.429720614788688e-10,0.0002082590827199486,-5.44452864121817e-25,-6.488240948468682e-11,FIXED_RSP_REPLAY,0.0,0.0,0.01740065660517402
3.157867347296936e-06,316.6694132532127,2.050000000000001e-09,41,0,9490.988037195822,9490.988037195822,300.0,189522.69913336795,101325.0,0.03451131076999336,0.03451131076999336,2371.1919846812907,2371.1919846812907,7.684339659129711e-05,72.94919015576717,0.0002082584144449409,6.729350371211724e-10,0.000208259087379978,4.9252179862954696e-09,0.0,-1.4330375554514952e-24,0.0,-2.296727556447771e-20,-4.702403873996358e-30,-0.017113606912461284,-0.016178000026926563,-4.125853639905522,241.08615214839827,0.0041478948130727125,241.08615214839827,5e-11,0.07140746135066109,0.09320058799541218,4.859245920478545e-09,4.9252179862954696e-09,1.3789029568753148e-12,0.0,1.3086384243561793e-10,6.8090673031686565e-12,1.7022668257921641e-12,1.3937517656457876e-10,0.000208259087379978,-1.2195663376972007e-24,-6.597206581692474e-11,FIXED_RSP_REPLAY,0.0,0.0,0.017210189962667388
3.1379467543216443e-06,318.67972221733197,2.100000000000001e-09,42,0,9476.769740798898,9476.769740798898,300.0,189079.3343398359,101325.0,0.03449530030861668,0.03449530030861668,2356.419629691305,2356.419629691305,7.686915125548405e-05,74.49777546217916,0.00020825838815745438,7.038071458197889e-10,0.0002082590919646002,4.929802608473934e-09,0.0,-1.5046894332240699e-24,0.0,-2.3010360608208242e-20,1.0339263904506076e-25,-0.01691830088628396,-0.01597127466473426,-4.078768061563036,241.08615214839827,0.0041478948130727125,241.08615214839827,5e-11,0.06980711579974658,0.09169244356929229,4.862736276268532e-09,4.929802608473934e-09,1.4047420732621292e-12,0.0,1.2754080720819124e-10,6.654539560010673e-12,1.6636348900026683e-12,1.3585898165820458e-10,0.0002082590919646002,-1.1803883497003044e-24,-6.706633220540232e-11,FIXED_RSP_REPLAY,0.0,0.0,0.017016244401786635
3.11822767959459e-06,320.6949917557056,2.150000000000001e-09,43,0,9462.484859677668,9462.484859677668,300.0,188630.601093082,101325.0,0.03447861396961238,0.03447861396961238,2341.578160576028,2341.578160576028,7.68950283574268e-05,76.0166493338593,0.00020825836123006668,7.35242409234053e-10,0.00020825909647247592,4.934310484185522e-09,0.0,-1.5780889177715854e-24,0.0,4.2193838470937856e-22,-5.178378900266721e-30,-0.01672108693803281,-0.015766936528398383,-4.031222509629173,241.08615214839827,0.0041478948130727125,241.08615214839827,5e-11,0.06820555773728465,0.09015751423174585,4.866146554155396e-09,4.934310484185522e-09,1.4299246382604297e-12,0.0,1.2429814374527163e-10,6.500301968856372e-12,1.625075492214093e-12,1.324235212063421e-10,0.00020825909647247592,-1.5368272611153664e-24,-6.816393003012574e-11,FIXED_RSP_REPLAY,0.0,0.0,0.016819913173414847
3.0987085141035073e-06,322.7150909640534,2.200000000000001e-09,44,0,9448.135969173209,9448.135969173209,300.0,188176.57903265985,101325.0,0.03446125348418185,0.03446125348418185,2326.6703919238753,2326.6703919238753,7.69210232392359e-05,77.5050645827502,0.00020825833367200407,7.67230774980438e-10,0.00020825910090277905,4.938740787361096e-09,0.0,-1.6532360090940418e-24,0.0,-4.5589231155031556e-20,-5.424968371707993e-30,-0.0165227714238168,-0.015565003352683637,-3.983411385395504,241.08615214839827,0.0041478948130727125,241.08615214839827,5e-11,0.0666106283482937,0.08860606351147632,4.869477085572811e-09,4.938740787361096e-09,1.454466610012099e-12,0.0,1.2113466468452642e-10,6.347026506119412e-12,1.586756626529853e-12,1.2906844781717567e-10,0.00020825910090277905,-1.6642566963011477e-24,-6.926370178828525e-11,FIXED_RSP_REPLAY,0.0,4.440892098500626e-16,0.01662209011590906
3.079387672488797e-06,324.73988544345514,2.250000000000001e-09,45,0,9433.725833764496,9433.725833764496,300.0,187717.35647181756,101325.0,0.03444322132736421,0.03444322132736421,2311.699348683957,2311.699348683957,7.694713091031387e-05,78.96232152555635,0.0002082583054929731,7.997621275026598e-10,0.00020825910525510061,4.943093108895869e-09,0.0,-1.730130707191439e-24,0.0,-1.7316274712667168e-20,1.0339189927664644e-25,-0.016324012109819746,-0.015365484075651012,-3.9354932671802993,241.08615214839827,0.0041478948130727125,241.08615214839827,5e-11,0.06502853328591239,0.08704643069546629,4.872728512237106e-09,4.943093108895869e-09,1.4783836953389783e-12,0.0,1.180490504395424e-10,6.1952429024085866e-12,1.5488107256021466e-12,1.2579310406755312e-10,0.00020825910525510061,-2.0029241492433907e-24,-7.036459665876312e-11,FIXED_RSP_REPLAY,0.0,4.440892098500626e-16,0.016423504982748423
3.06026359094741e-06,326.76923744677026,2.300000000000001e-09,46,0,9419.257396073617,9419.257396073617,300.0,187253.0301918467,101325.0,0.034424520733707276,0.034424520733707276,2296.6682553014466,2296.6682553014466,7.69733460669195e-05,80.38776666096898,0.00020825827670306957,8.328262995550591e-10,0.0002082591095293691,4.947367377395064e-09,0.0,-1.808773012063777e-24,0.0,-2.3114889448968764e-20,-5.93535123120272e-30,-0.01612534451842055,-0.015168380466663573,-3.887597262013277,241.08615214839827,0.0041478948130727125,241.08615214839827,5e-11,0.06346414419114563,0.0854853699838955,4.875901719446663e-09,4.947367377395064e-09,1.5016913267977862e-12,0.0,1.1503988299073052e-10,6.045364988645251e-12,1.5113412471613129e-12,1.2259658922653707e-10,0.0002082591095293691,-2.321396763011976e-24,-7.146565794840066e-11,FIXED_RSP_REPLAY,0.0,0.0,0.016224752525279135
3.0413347252601946e-06,328.80300602704864,2.350000000000001e-09,47,0,9404.733765603474,9404.733765603474,300.0,186783.7052133744,101325.0,0.03440515570998002,0.03440515570998002,2281.580524523234,2281.580524523234,7.699966311219826e-05,81.78079132404561,0.00020825824731270182,8.664130838313343e-10,0.00020825911372578565,4.951563793991419e-09,0.0,-1.8891629237110562e-24,0.0,-7.622079234539734e-20,-6.199144619256174e-30,-0.01592720361573018,-0.014973688465647932,-3.8398282342004455,241.08615214839827,0.0041478948130727125,241.08615214839827,5e-11,0.06192124680596175,0.08392833192709696,4.8789977817869614e-09,4.951563793991419e-09,1.5244046458163395e-12,0.0,1.1210567313313895e-10,5.8977123472651645e-12,1.4744280868162911e-12,1.194778135672204e-10,0.00020825911372578565,-1.7646250469942275e-24,-7.256601220445753e-11,FIXED_RSP_REPLAY,0.0,0.0,0.016026316434085655
3.0225995489319863e-06,330.8410471884517,2.4000000000000012e-09,48,0,9390.158207247885,9390.158207247885,300.0,186309.49454580035,101325.0,0.03438513104494112,0.03438513104494112,2266.4397459085926,2266.4397459085926,7.702607617660985e-05,83.14083032603094,0.00020825821733252585,9.005122446904808e-10,0.00020825911784477054,4.9556827788101e-09,0.0,-1.971300442133276e-24,0.0,-1.0827283976923606e-20,-6.468672646180355e-30,-0.01572994166412304,-0.014781399284668992,-3.7922711093221957,241.08615214839827,0.0041478948130727125,241.08615214839827,5e-11,0.06040274465202384,0.08237969637362111,4.8820179190195626e-09,4.9556827788101e-09,1.5465384907291672e-12,0.0,1.0924488240640649e-10,5.752528066639919e-12,1.4381320166599798e-12,1.164355424897064e-10,0.00020825911784477054,-2.2085076120312282e-24,-7.366485979053726e-11,FIXED_RSP_REPLAY,0.0,4.440892098500626e-16,0.01582858904758997
3.004056551428575e-06,332.8832140408446,2.4500000000000013e-09,49,0,9375.534129611213,9375.534129611213,300.0,185830.51891614054,101325.0,0.03436445231620665,0.03436445231620665,2251.2496740764486,2251.2496740764486,7.705257913868496e-05,84.46736058691232,0.0002082581867733888,9.351135299340513e-10,0.00020825912188691874,4.9597249270542135e-09,0.0,-2.0551855673304367e-24,0.0,-4.6994185784704835e-20,-6.743935311975265e-30,-0.015533842917744439,-0.01459150031384912,-3.7449944171166547,241.08615214839827,0.0041478948130727125,241.08615214839827,5e-11,0.05891082590072941,0.08084296488226712,4.884963460314599e-09,4.9597249270542135e-09,1.5681073887521307e-12,0.0,1.0645594070452949e-10,5.609993273693965e-12,1.4024983184234912e-12,1.1346843229664695e-10,0.00020825912188691874,-1.715955484585712e-24,-7.476146673961425e-11,FIXED_RSP_REPLAY,0.0,0.0,0.015631887575960398
2.9857042365054717e-06,334.9293569581494,2.5000000000000013e-09,50,0,9360.865073181245,9360.865073181245,300.0,185346.90647870296,101325.0,0.034343125894257066,0.034343125894257066,2236.0142167290883,2236.0142167290883,7.707916564603515e-05,85.75989976733585,0.00020825815564628214,9.702066825921272e-10,0.00020825912585296474,4.963690973023189e-09,0.0,-2.140818299302538e-24,0.0,-1.8493763411922235e-20,-1.034046015017451e-25,-0.015339135719119325,-0.014403975866232429,-3.698053207804532,241.08615214839827,0.0041478948130727125,241.08615214839827,5e-11,0.05744709985806455,0.07932091937950378,4.887835815307503e-09,4.963690973023189e-09,1.5891255511160058e-12,0.0,1.0373726037750312e-10,5.4702390111013565e-12,1.3675597527753391e-12,1.1057505914137982e-10,0.00020825912585296474,-1.2684378484974528e-24,-7.585515771568628e-11,FIXED_RSP_REPLAY,0.0,4.440892098500626e-16,0.015436467456232858
2.9675411206209163e-06,336.97932374084985,2.5500000000000013e-09,51,0,9346.154698394155,9346.154698394155,300.0,184858.79250703234,101325.0,0.034321158943653736,0.034321158943653736,2220.737422485975,2220.737422485975,7.710582913654617e-05,87.01800490542571,0.00020825812396229972,1.0057814526778035e-09,0.0002082591297437524,4.967581760663078e-09,0.0,-2.2281986380495806e-24,0.0,-9.721600396136125e-21,1.0339026490456829e-25,-0.015146002456319215,-0.014218807790077741,-3.6514914526241884,241.08615214839827,0.0041478948130727125,241.08615214839827,5e-11,0.05601270843777237,0.07781575279777864,4.890636450729391e-09,4.967581760663078e-09,1.609606870725748e-12,0.0,1.0108724748558772e-10,5.3333559314350026e-12,1.3333389828587506e-12,1.0775394239988148e-10,0.0002082591297437524,-2.098243790143056e-24,-7.694530993368681e-11,FIXED_RSP_REPLAY,0.0,4.440892098500626e-16,0.015242533345713571
2.949565731425414e-06,339.0329597831128,2.6000000000000014e-09,52,0,9331.406773634875,9331.406773634875,300.0,184366.31906968952,101325.0,0.034298559421538276,0.034298559421538276,2205.423468567442,2205.423468567442,7.713256285967699e-05,88.24127106357288,0.00020825809173260232,1.0418276088720425e-09,0.0002082591335602112,4.971398219488844e-09,0.0,-2.3173265835715637e-24,0.0,-2.201442060723219e-20,-1.0340518070027105e-25,-0.014954587758919589,-0.014035975972028243,-3.605344019763462,241.08615214839827,0.0041478948130727125,241.08615214839827,5e-11,0.05460841709352958,0.07632917651532611,4.893366871584068e-09,4.971398219488844e-09,1.629564921831562e-12,0.0,9.85043107436771e-11,5.199402200337664e-12,1.299850550084416e-12,1.0500356349409917e-10,0.0002082591335602112,-1.2654086226214042e-24,-7.803134790477633e-11,FIXED_RSP_REPLAY,0.0,0.0,0.01505024817112205
2.931776606327936e-06,341.0901082441287,2.6500000000000014e-09,53,0,9316.625163216157,9316.625163216157,300.0,183869.6346914578,101325.0,0.03427533607349466,0.03427533607349466,2190.0766483683888,2190.0766483683888,7.715935989778911e-05,89.42932998958577,0.0002082580589683865,1.0783349501033575e-09,0.00020825913730333661,4.975141344920289e-09,0.0,-2.408202135868488e-24,0.0,-4.2053789002494135e-20,-7.902332363862171e-30,-0.014765005244114032,-0.013855458750460485,-3.559638300754374,241.08615214839827,0.0041478948130727125,241.08615214839827,5e-11,0.05323468891361981,0.07486250862890009,4.8960286060297484e-09,4.975141344920289e-09,1.6490129612950125e-12,0.0,9.5986868592856e-11,5.068409932878995e-12,1.2671024832197488e-12,1.0232238100895475e-10,0.00020825913730333661,-1.886197978819648e-24,-7.911273889054065e-11,FIXED_RSP_REPLAY,0.0,0.0,0.014859740577154872
2.914172291132019e-06,343.15061022406024,2.7000000000000014e-09,54,0,9301.81381537512,9301.81381537512,300.0,183368.89400159733,101325.0,0.034251498426884006,0.034251498426884006,2174.701358957452,2174.701358957452,7.718621318743654e-05,90.58184879589807,0.00020825802568085695,1.1152933169883767e-09,0.00020825914097417393,4.978812182241152e-09,0.0,-2.5008252949403527e-24,0.0,-4.7159240366330494e-20,-1.0340578283735246e-25,-0.014577343069306753,-0.013677233254902724,-3.5143955491262866,241.08615214839827,0.0041478948130727125,241.08615214839827,5e-11,0.051891744935391136,0.07341674641724905,4.898623193276518e-09,4.978812182241152e-09,1.6679639311123731e-12,0.0,9.353335475450849e-11,4.940390430287462e-12,1.2350976075718654e-12,9.970884279236783e-11,0.00020825914097417393,-1.931838315352115e-24,-8.018898896463349e-11,FIXED_RSP_REPLAY,0.0,0.0,0.014671111057408062
2.8967513387424593e-06,345.2143049441451,2.7500000000000015e-09,55,0,9286.976750333613,9286.976750333613,300.0,182864.25737085094,101325.0,0.034227056781741406,0.034227056781741406,2159.3020885463825,2159.3020885463825,7.721311554053497e-05,91.6985286600103,0.00020825799188120214,1.1526926031027082e-09,0.00020825914457380524,4.982411813530324e-09,0.0,-2.5951960607871585e-24,0.0,-2.824419566984626e-20,-8.515938723029989e-30,-0.014391668502191174,-0.013501275684603511,-3.4696319821885724,241.08615214839827,0.0041478948130727125,241.08615214839827,5e-11,0.0505796131962532,0.07199262578344869,4.901152173936331e-09,4.982411813530324e-09,1.6864304619216107e-12,0.0,9.114222255583299e-11,4.815338436730321e-12,1.2038346091825802e-12,9.716139560174589e-11,0.00020825914457380524,-1.107686928675136e-24,-8.12596395939927e-11,FIXED_RSP_REPLAY,0.0,0.0,0.01448443700058662
2.879512307940104e-06,347.2810299308506,2.8000000000000015e-09,56,0,9272.118048461174,9272.118048461174,300.0,182355.8905388627,101325.0,0.03420202219935536,0.03420202219935536,2143.883403966909,2143.883403966909,7.724005966534034e-05,92.77910354902605,0.00020825795758057267,1.1905227660514094e-09,0.00020825914810333873,4.985941347029566e-09,0.0,-2.691314433408905e-24,0.0,-3.6923070775125244e-20,-8.831343860919988e-30,-0.014208031682019362,-0.013327561537018615,-3.425359687820583,241.08615214839827,0.0041478948130727125,241.08615214839827,5e-11,0.049298168588275786,0.0705906699848334,4.903617082365745e-09,4.985941347029566e-09,1.7044248772715681e-12,0.0,8.881194826150899e-11,4.693235596378529e-12,1.1733088990946322e-12,9.467849275698215e-11,0.00020825914810333873,-1.5764091458957358e-24,-8.232426466382062e-11,FIXED_RSP_REPLAY,0.0,0.0,0.014299776843758551
2.862453762224982e-06,349.35062120364216,2.8500000000000015e-09,57,0,9257.241838580718,9257.241838580718,300.0,181843.96423372658,101325.0,0.034176406488655095,0.034176406488655095,2128.44993819457,2128.44993819457,7.726703818716704e-05,93.82333897052528,0.00020825792279006192,1.2287738383127604e-09,0.00020825915156390024,4.98940190850749e-09,0.0,-2.7891804128055925e-24,0.0,-6.272818223564755e-21,1.0338842408549078e-25,-0.014026468715058527,-0.013156065795080754,-3.381587370743348,241.08615214839827,0.0041478948130727125,241.08615214839827,5e-11,0.04804716521094087,0.0692112295584794,4.906019440626292e-09,4.98940190850749e-09,1.7219591984743114e-12,0.0,8.65410336022469e-11,4.574053258388364e-12,1.143513314597091e-12,9.225860017523236e-11,0.00020825915156390024,-1.2351163638609173e-24,-8.338246788119735e-11,FIXED_RSP_REPLAY,0.0,0.0,0.014117173490515349
2.845574268725858e-06,351.42291346616753,2.9000000000000016e-09,58,0,9242.352286461448,9242.352286461448,300.0,181328.65378536176,101325.0,0.034150222190508187,0.034150222190508187,2113.0063779646357,2113.0063779646357,7.729404366876652e-05,94.83103075161516,0.00020825788752068812,1.2674359378286594e-09,0.00020825915495662595,4.992794634258296e-09,0.0,-2.8887939989772207e-24,0.0,-4.082673356532855e-20,-9.479358053312169e-30,-0.013847004221951304,-0.012986763080549274,-3.3383209666528653,241.08615214839827,0.0041478948130727125,241.08615214839827,5e-11,0.0468262626090948,0.0678545150161203,4.908360753756747e-09,4.992794634258296e-09,1.7390451498960472e-12,0.0,8.432800765515883e-11,4.4577547505576486e-12,1.1144386876394121e-12,8.990020109335589e-11,0.00020825915495662595,-1.7167632781526583e-24,-8.443388050154918e-11,FIXED_RSP_REPLAY,0.0,0.0,0.013936657123996596
2.828872397178361e-06,353.4977403001433,2.9500000000000016e-09,59,0,9227.453583529452,9227.453583529452,300.0,180810.13873436808,101325.0,0.03412348256009129,0.03412348256009129,2097.5574515113226,2097.5574515113226,7.732106863031228e-05,95.80200384788962,0.00020825785178337882,1.306499278318213e-09,0.00020825915828265714,4.996120665438548e-09,0.0,-2.99015519192379e-24,0.0,-3.8836638372718915e-20,1.0338776460202064e-25,-0.013669653433885794,-0.012819627779446773,-3.2955641475776654,241.08615214839827,0.0041478948130727125,241.08615214839827,5e-11,0.04563504703001197,0.0665206236050457,4.910642506108247e-09,4.996120665438548e-09,1.7556941645699954e-12,0.0,8.21714282017817e-11,4.344297220319721e-12,1.0860743050799303e-12,8.760179972718135e-11,0.00020825915828265714,-2.1479230945102545e-24,-8.5478159330301e-11,FIXED_RSP_REPLAY,0.0,0.0,0.013758247521763661
2.8123467189694296e-06,355.57493436173655,3.0000000000000016e-09,60,0,9212.549935842162,9212.549935842162,300.0,180288.6024380612,101325.0,0.03409620154743001,0.03409620154743001,2082.1079164790744,2082.1079164790744,7.734810556891078e-05,96.73611118338935,0.00020825781558895593,1.3459541792925584e-09,0.00020825916154313523,4.999381143498632e-09,0.0,-3.0932639916452998e-24,0.0,-2.6417994180358037e-21,-1.0150310801187259e-29,-0.013494423917349764,-0.012654634144527641,-3.25331873769317,241.08615214839827,0.0041478948130727125,241.08615214839827,5e-11,0.04447304862557717,0.06520956120168583,4.912866158539526e-09,4.999381143498632e-09,1.7719173900373173e-12,0.0,8.006988266592241e-11,4.233633123610192e-12,1.058408280902548e-12,8.536192407043516e-11,0.00020825916154313523,-1.4241400585263553e-24,-8.651498495910638e-11,FIXED_RSP_REPLAY,0.0,0.0,0.013581955960595736
2.7959958062505026e-06,357.65432757963396,3.0500000000000017e-09,61,0,9197.645553353283,9197.645553353283,300.0,179764.2316752666,101325.0,0.03406839377627847,0.03406839377627847,2066.6625480349535,2066.6625480349535,7.737514697759006e-05,97.6332325225653,0.00020825777894812244,1.385791075750108e-09,0.0002082591647391982,5.002577206509372e-09,0.0,-3.1981203981417507e-24,0.0,-5.157046468756644e-20,-1.0494389133430895e-29,-0.013321316993140462,-0.01249175637884909,-3.2115850554253047,241.08615214839827,0.0041478948130727125,241.08615214839827,5e-11,0.04333975535515551,0.0639212602148021,4.915033146307283e-09,5.002577206509372e-09,1.7877256943406464e-12,0.0,7.802198871425847e-11,4.125711427292463e-12,1.0314278568231158e-12,8.317912799837405e-11,0.0002082591647391982,-2.565956265404973e-24,-8.75440602020891e-11,FIXED_RSP_REPLAY,0.0,0.0,0.013407786783712286
2.779818231119079e-06,359.7357513542989,3.1000000000000017e-09,62,0,9182.744639509463,9182.744639509463,300.0,179237.2162514785,101325.0,0.03404007452144112,0.03404007452144112,2051.226127227855,2051.226127227855,7.740218536369284e-05,98.49327337504594,0.00020825774187145036,1.4260005275342198e-09,0.0002082591678719779,5.005709986220293e-09,0.0,-3.3047244114131422e-24,0.0,-5.518452338782389e-20,-1.0844202104545258e-29,-0.013150328903691572,-0.012330968703795535,-3.1703621948768657,241.08615214839827,0.0041478948130727125,241.08615214839827,5e-11,0.04223462420520501,0.06265559421842343,4.917144877517544e-09,5.005709986220293e-09,1.803129672109738e-12,0.0,7.602639458699247e-11,4.0204785786817836e-12,1.0051196446704459e-12,8.10519928103447e-11,0.0002082591678719779,-1.883774598118809e-24,-8.856510870274936e-11,FIXED_RSP_REPLAY,0.0,0.0,0.01323573869010888
2.763812564868026e-06,361.81903675792523,3.1500000000000017e-09,63,0,9167.85138120253,9167.85138120253,300.0,178707.74860588546,101325.0,0.034011259684707286,0.034011259684707286,2035.8034296226544,2035.8034296226544,7.742921326663612e-05,99.31616393352145,0.00020825770436936911,1.466573228335863e-09,0.00020825917094259745,5.0087806057155764e-09,0.0,-3.413076031459475e-24,0.0,2.596303587604033e-22,-1.1199749714530348e-29,-0.012981451773221563,-0.0121722454143147,-3.129648257305988,241.08615214839827,0.0041478948130727125,241.08615214839827,5e-11,0.04115709022763425,0.06141238990566819,4.919202732028926e-09,5.0087806057155764e-09,1.8181396506908961e-12,0.0,7.408177921315262e-11,3.917879285783363e-12,9.794698214458407e-13,7.897912832038182e-11,0.00020825917094259745,-1.36719061205664e-24,-8.957787368665076e-11,FIXED_RSP_REPLAY,0.0,0.0,0.013065805795142132
2.747977377304085e-06,363.9040147343041,3.2000000000000018e-09,64,0,9152.969939111563,9152.969939111563,300.0,178176.02342173588,101325.0,0.03398196576951095,0.03398196576951095,2020.399214249396,2020.399214249396,7.745622327497098e-05,100.10185804521544,0.00020825766645215493,1.5075000143259568e-09,0.00020825917395216926,5.011790177557996e-09,0.0,-3.523175258280748e-24,0.0,-2.947762276174776e-20,1.0338601553716507e-25,-0.01281467439733979,-0.012015560923636013,-3.0894405414892443,241.08615214839827,0.0041478948130727125,241.08615214839827,5e-11,0.04010657380575989,0.06019143684838595,4.9212080607192135e-09,5.011790177557996e-09,1.8327656962816883e-12,0.0,7.218685215480436e-11,3.8178571437589425e-12,9.544642859397356e-13,7.695917358450304e-11,0.00020825917395216926,-1.7234275750799654e-24,-9.05821168387823e-11,FIXED_RSP_REPLAY,0.0,0.0,0.01289797850281312
2.7323112361340533e-06,365.99051629817245,3.250000000000002e-09,65,0,9138.104438457749,9138.104438457749,300.0,177642.23724143332,101325.0,0.03395220985446873,0.03395220985446873,2005.0182128968777,2005.0182128968777,7.748320804270763e-05,100.85033221685012,0.0002082576281299216,1.5487718724040585e-09,0.00020825917690179402,5.014739802331006e-09,0.0,-3.635022091876963e-24,0.0,-4.580545271976557e-20,-1.1928048851112711e-29,-0.012649982892269946,-0.011860889799340357,-3.0497357002404275,241.08615214839827,0.0041478948130727125,241.08615214839827,5e-11,0.03908248648071418,0.05899249546019826,4.9231621850432494e-09,5.014739802331006e-09,1.847017620040447e-12,0.0,7.034035341604807e-11,3.720355136528389e-12,9.300887841320972e-13,7.499079733670855e-11,0.00020825917690179402,-1.6054897143058032e-24,-9.157761728775662e-11,FIXED_RSP_REPLAY,0.0,0.0,0.012732244223047983
2.7168127064203665e-06,368.07837273316704,3.300000000000002e-09,66,0,9123.258960197341,9123.258960197341,300.0,177106.58808767353,101325.0,0.033922009565921694,0.033922009565921694,1989.6651197828962,1989.6651197828962,7.751016030485868e-05,101.56158465317954,0.00020825758941261116,1.5903799480509603e-09,0.0002082591797925592,5.01763056750545e-09,0.0,-3.748616532248118e-24,0.0,-3.768265269893521e-20,-1.2300800377709982e-29,-0.012487361228518498,-0.011708206792319693,-3.0105298690706204,241.08615214839827,0.0041478948130727125,241.08615214839827,5e-11,0.03808423560917587,0.05781530348886993,4.925066396823708e-09,5.01763056750545e-09,1.8609049841465176e-12,0.0,6.854105314586049e-11,3.6253160370265464e-12,9.063290092566366e-13,7.307269819214367e-11,0.0002082591797925592,-1.4249478520933016e-24,-9.256417068174169e-11,FIXED_RSP_REPLAY,0.0,0.0,0.012568587961387694
2.7014803501053247e-06,370.1674157877966,3.350000000000002e-09,67,0,9108.43753267261,9108.43753267261,300.0,176569.27509186126,101325.0,0.03389138304961912,0.03389138304961912,1974.344581629121,1974.344581629121,7.753707289216579e-05,102.23563432892121,0.0002082575503099855,1.6323155527748796e-09,0.00020825918262553828,5.0204635465707e-09,0.0,-3.863958579394214e-24,0.0,-2.591116074374022e-20,1.0338489728258528e-25,-0.012326791669426487,-0.011557486859892947,-2.971818771916962,241.08615214839827,0.0041478948130727125,241.08615214839827,5e-11,0.03711122807279316,0.05665958130500567,4.926921958227348e-09,5.0204635465707e-09,1.874437107792461e-12,0.0,6.678775125829907e-11,3.532682725247217e-12,8.831706813118042e-13,7.12036046648581e-11,0.00020825918262553828,-1.5913533268842427e-24,-9.354158834335278e-11,FIXED_RSP_REPLAY,0.0,0.0,0.012406992803652995
2.686312725601282e-06,372.25747786909966,3.400000000000002e-09,68,0,9093.644123737147,9093.644123737147,300.0,176030.49813094287,101325.0,0.033860348941679705,0.033860348941679705,1959.0611881648897,1959.0611881648897,7.756393874498294e-05,102.87252009365297,0.00020825751083161892,1.6745701711417457e-09,0.00020825918540179006,5.023239798380992e-09,0.0,-3.981048233315251e-24,0.0,-5.998863752874122e-20,-1.0341064007647597e-25,-0.012168255131429807,-0.011408705184120573,-2.9335978079964145,241.08615214839827,0.0041478948130727125,241.08615214839827,5e-11,0.0361628732185279,0.055525036205830575,4.928730101888274e-09,5.023239798380992e-09,1.8876230730936514e-12,0.0,6.507927698908981e-11,3.442398439632547e-12,8.605996099081368e-13,6.938227503863048e-11,0.00020825918540179006,-2.2933259365605914e-24,-9.450969649271804e-11,FIXED_RSP_REPLAY,0.0,0.0,0.012247440314161077
2.6713083874497306e-06,374.3483922328748,3.450000000000002e-09,69,0,9078.882633373709,9078.882633373709,300.0,175490.457473726,101325.0,0.033828926338942945,0.033828926338942945,1943.8194630875473,1943.8194630875473,7.759075092628362e-05,103.47229980932053,0.00020825747098689103,1.7171354673828568e-09,0.0002082591881223584,5.025960366676655e-09,0.0,-4.099885494011229e-24,0.0,-1.0394315559772592e-20,-1.0341103003191919e-25,-0.012011731479878477,-0.011261837186175797,-2.8958621231236874,241.08615214839827,0.0041478948130727125,241.08615214839827,5e-11,0.03523858517565577,0.05441136591325456,4.9304920311470565e-09,5.025960366676655e-09,1.900471730904135e-12,0.0,6.341448840396599e-11,3.3544069744569724e-12,8.386017436142431e-13,6.760749712203721e-11,0.0002082591881223584,-1.8906408434378528e-24,-9.546833552959826e-11,FIXED_RSP_REPLAY,0.0,4.440892098500626e-16,0.012089910862786522
2.656465886044123e-06,376.43999317045643,3.500000000000002e-09,70,0,9064.156886811608,9064.156886811608,300.0,174949.35343762493,101325.0,0.03379713476885371,0.03379713476885371,1928.6238554948638,1928.6238554948638,7.761750263377894e-05,104.03504951985308,0.00020825743078497987,1.760003291572764e-09,0.00020825919078827144,5.0286262797472965e-09,0.0,-4.220470361482147e-24,0.0,-4.4920127731990886e-20,-1.3849152872806345e-29,-0.011857199771816746,-0.011116858537478739,-2.8586066682421656,241.08615214839827,0.0041478948130727125,241.08615214839827,5e-11,0.03433778466789433,0.05331826141284368,4.932208920380451e-09,5.0286262797472965e-09,1.9129917065303895e-12,0.0,6.179227187115696e-11,3.2686528334874303e-12,8.171632083718576e-13,6.587808791301625e-11,0.00020825919078827144,-2.2836324137572356e-24,-9.641735936684555e-11,FIXED_RSP_REPLAY,0.0,0.0,0.011934383893455356
2.641783767419554e-06,378.5321161908651,3.550000000000002e-09,71,0,9049.47062815666,9049.47062815666,300.0,174407.38605671658,101325.0,0.033764994158980675,0.033764994158980675,1913.4787318128979,1913.4787318128979,7.764418721112572e-05,104.56086265228247,0.00020825739023485658,1.8031656853737169e-09,0.00020825919340054195,5.031238550209991e-09,0.0,-4.342802835728006e-24,0.0,-2.8558421110375743e-22,-1.4250577593757252e-29,-0.011704638455110133,-0.010973745168174634,-2.821826247430675,241.08615214839827,0.0041478948130727125,241.08615214839827,5e-11,0.0334599004169475,0.05224540925389502,4.933881915401298e-09,5.031238550209991e-09,1.9251914053368443e-12,0.0,6.021154150801806e-11,3.1850813482754738e-12,7.962703370688684e-13,6.41928931933624e-11,0.00020825919340054195,-2.5772653753422215e-24,-9.735663480869273e-11,FIXED_RSP_REPLAY,0.0,0.0,0.011780838144435481
2.627260573104151e-06,380.62459819829894,3.600000000000002e-09,72,0,9034.827514534642,9034.827514534642,300.0,173864.75476185427,101325.0,0.03373252480630295,0.03373252480630295,1898.3883682291155,1898.3883682291155,7.767079815822386e-05,105.04984924875183,0.00020825734934527924,1.846614887342341e-09,0.00020825919596016658,5.033798174880434e-09,0.0,-4.466882916748807e-24,0.0,-3.933938655165087e-20,-1.4657736953578887e-29,-0.011554025531645959,-0.010832473273434572,-2.7855155572488757,241.08615214839827,0.0041478948130727125,241.08615214839827,5e-11,0.03260437021571017,0.05119249340885538,4.9355121339120835e-09,5.033798174880434e-09,1.937079018238825e-12,0.0,5.867123860983716e-11,3.103638767870206e-12,7.759096919675515e-13,6.255078706967492e-11,0.00020825919596016658,-2.752152682586099e-24,-9.828604096835038e-11,FIXED_RSP_REPLAY,0.0,0.0,0.011629251828954718
2.612894840031912e-06,382.71727766425795,3.650000000000002e-09,73,0,9020.231110755587,9020.231110755587,300.0,173321.6580735154,101325.0,0.03369974734635217,0.03369974734635217,1883.356943648713,1883.356943648713,7.769732914058787e-05,105.5021352285378,0.0002082573081247886,1.8903433377974545e-09,0.0002082591984681264,5.036306134719066e-09,0.0,-4.592710604544548e-24,0.0,-5.508158661683534e-20,1.0338250593817619e-25,-0.011405338690968,-0.01069301931797238,-2.749669218954725,241.08615214839827,0.0041478948130727125,241.08615214839827,5e-11,0.03177064173469798,0.05015919677264577,4.937100665998818e-09,5.036306134719066e-09,1.948662527080027e-12,0.0,5.717033106726525e-11,3.024272325466835e-12,7.560680813667087e-13,6.095067147409879e-11,0.0002082591984681264,-2.865243781958583e-24,-9.920546872024778e-11,FIXED_RSP_REPLAY,0.0,4.440892098500626e-16,0.011479602783169163
2.5986851000249874e-06,384.80999486639786,3.700000000000002e-09,74,0,9005.684715295414,9005.684715295414,300.0,172778.29430305166,101325.0,0.0336666837993802,0.0336666837993802,1868.3883460743539,1868.3883460743539,7.772377429352906e-05,105.91786167959084,0.00020825726658170422,1.934343682313885e-09,0.00020825920092538652,5.038763394837454e-09,0.0,-4.72028589911523e-24,0.0,-5.651439101307176e-20,-1.0341306582871828e-25,-0.011258555419581207,-0.010555360039101685,-2.714281804856329,241.08615214839827,0.0041478948130727125,241.08615214839827,5e-11,0.030958173113332467,0.04914520236774263,4.938648574654485e-09,5.038763394837454e-09,1.959949709892775e-12,0.0,5.570781277753236e-11,2.9469302864696524e-12,7.367325716174131e-13,5.939147563561942e-11,0.00020825920092538652,-3.6580931679163924e-24,-1.0011482018296899e-10,FIXED_RSP_REPLAY,0.0,0.0,0.011331868587263039
2.5846298806948725e-06,386.9025919220403,3.750000000000002e-09,75,0,8991.191695596866,8991.191695596866,300.0,172234.86013865643,101325.0,0.0336333555624342,0.0336333555624342,1853.486540641597,1853.486540641597,7.775012763595837e-05,106.29718417857381,0.0002082572247241189,1.9786087773921373e-09,0.00020825920333289628,5.041170904553355e-09,0.0,-4.849608800460852e-24,0.0,-6.868794331765485e-21,-1.5913622866268158e-29,-0.011113653090236745,-0.010419472448599695,-2.6793478598373324,241.08615214839827,0.0041478948130727125,241.08615214839827,5e-11,0.03016643337800864,0.04815019431801969,4.940156896323385e-09,5.041170904553355e-09,1.9709481460402565e-12,0.0,5.4282703053564057e-11,2.8715619816059575e-12,7.178904954014894e-13,5.78721555305715e-11,0.00020825920333289628,-3.597508650395419e-24,-1.0101400822996969e-10,FIXED_RSP_REPLAY,0.0,0.0,0.011186026664439236
2.570727705249821e-06,388.99491298041653,3.800000000000002e-09,76,0,8976.755347956132,8976.755347956132,300.0,171691.55025657205,101325.0,0.03359978404972658,0.03359978404972658,1838.6554150791992,1838.6554150791992,7.77763833154877e-05,106.6402721386398,0.00020825718255989572,2.0231316934752927e-09,0.0002082592056915892,5.043529597483392e-09,0.0,-4.980679308581416e-24,0.0,-2.4696321964016457e-20,1.0338123284834689e-25,-0.010970609034745461,-0.010285333833597103,-2.644861918911237,241.08615214839827,0.0041478948130727125,241.08615214839827,5e-11,0.02939490272098106,0.04717385860073491,4.941626641459434e-09,5.043529597483392e-09,1.9816652212406467e-12,0.0,5.2894046034268646e-11,2.7981178280427323e-12,6.995294570106831e-13,5.6391693319322064e-11,0.0002082592056915892,-3.1810910666345928e-24,-1.0190295602395722e-10,FIXED_RSP_REPLAY,0.0,4.440892098500626e-16,0.011042054361717945
2.5569770925325217e-06,391.0868043833604,3.850000000000001e-09,77,0,8962.378853141228,8962.378853141228,300.0,171148.5571651184,101325.0,0.03356599089308658,0.03356599089308658,1823.8987296347493,1823.8987296347493,7.78025356860153e-05,106.94730818461328,0.00020825714009666555,2.0679057178706486e-09,0.0002082592080023834,5.04584039166642e-09,0.0,-5.113497423476921e-24,0.0,7.757149370774134e-21,1.0338079701579271e-25,-0.010829400603240577,-0.01015292175667454,-2.6108185215088136,241.08615214839827,0.0041478948130727125,241.08615214839827,5e-11,0.028643072667694846,0.046215883660556956,4.943058795092819e-09,5.04584039166642e-09,1.9921081324736283e-12,0.0,5.154091009857761e-11,2.7265493409013872e-12,6.816373352253468e-13,5.494909677470434e-11,0.0002082592080023834,-2.7715397281928105e-24,-1.0278159657360038e-10,FIXED_RSP_REPLAY,0.0,4.440892098500626e-16,0.010899929015768691
2.543376557207425e-06,393.17811480419533,3.900000000000001e-09,78,0,8948.065275107843,8948.065275107843,300.0,170606.0710038095,101325.0,0.03353199791139004,0.03353199791139004,1809.2201143167115,1809.2201143167115,7.782857930994721e-05,107.2184875538425,0.00020825709734182397,2.112924357431724e-09,0.0002082592102661814,5.048104189710893e-09,0.0,-5.248063145147366e-24,0.0,-5.517902210104465e-20,-1.7221120528793975e-29,-0.010690005212293881,-0.010022214055314045,-2.577212223078253,241.08615214839827,0.0041478948130727125,241.08615214839827,5e-11,0.027910446154970417,0.04527596088945977,4.944454317400568e-09,5.048104189710893e-09,2.0022838927702674e-12,0.0,5.0222387285267196e-11,2.6568091371135804e-12,6.642022842783951e-13,5.354339870665917e-11,0.0002082592102661814,-2.923404918778718e-24,-1.0364987231032557e-10,FIXED_RSP_REPLAY,0.0,0.0,0.01075962800642973
2.529924609994151e-06,395.2686953791528,3.950000000000001e-09,79,0,8933.8175598402,8933.8175598402,300.0,170064.2793489065,101325.0,0.03349782708051261,0.03349782708051261,1794.6230662995874,1794.6230662995874,7.785450896019493e-05,107.45401752190887,0.0002082570543025299,2.158181340813706e-09,0.0002082592124838707,5.050321878960813e-09,0.0,-5.384376473592752e-24,0.0,-2.5026426457711832e-21,-1.76684223607107e-29,-0.01055240038386459,-0.009893188840827688,-2.5440376044751947,241.08615214839827,0.0041478948130727125,241.08615214839827,5e-11,0.02719653753822366,0.044353784998394624,4.945814144277479e-09,5.050321878960813e-09,2.012199335887566e-12,0.0,4.893759272013874e-11,2.588850933193555e-12,6.472127332983888e-13,5.2173656386630684e-11,0.0002082592124838707,-2.5740342010744362e-24,-1.045077346833342e-10,FIXED_RSP_REPLAY,0.0,0.0,0.010621128800101015
2.5166197579437876e-06,397.3583998311502,4e-09,80,0,8919.638534387539,8919.638534387539,300.0,169523.36702735248,101325.0,0.03346350050382809,0.03346350050382809,1780.1109475747662,1780.1109475747662,7.788031962182103e-05,107.65411685231884,0.00020825701098570306,2.2036706203082182e-09,0.00020825921465632337,5.052494331675936e-09,0.0,-5.522437408813079e-24,0.0,-4.305779177895625e-20,-1.8121458831498154e-29,-0.010416563776710004,-0.009765824496863704,-2.511289279535402,241.08615214839827,0.0041478948130727125,241.08615214839827,5e-11,0.026500872542452737,0.04344905430245011,4.947139187904601e-09,5.052494331675936e-09,2.0218611208692917e-12,0.0,4.76856640517716e-11,2.5226295382037755e-12,6.306573845509439e-13,5.083895097452632e-11,0.00020825921465632337,-3.4234291367184876e-24,-1.0535514377133479e-10,FIXED_RSP_REPLAY,0.0,0.0,0.010484408984808862
2.503460504757206e-06,399.447084585416,4.05e-09,81,0,8905.530906139687,8905.530906139687,300.0,168983.5159405753,101325.0,0.03342904038331873,0.03342904038331873,1765.686982900725,1765.686982900725,7.790600649326125e-05,107.81901526966381,0.00020825696739802365,2.2493863732654286e-09,0.0002082592167843969,5.054622405222722e-09,0.0,-5.662245950808347e-24,0.0,-4.7805948303552617e-20,1.033789963391873e-25,-0.010282473211599025,-0.00964009967757275,-2.478961901153392,241.08615214839827,0.0041478948130727125,241.08615214839827,5e-11,0.02582298816893166,0.04256147093570666,4.948430337313048e-09,5.054622405222722e-09,2.0312757364948937e-12,0.0,4.6465760896769124e-11,2.4581008429480158e-12,6.145252107370039e-13,4.9538386950454147e-11,0.0002082592167843969,-3.805919390667568e-24,-1.06192067909674e-10,FIXED_RSP_REPLAY,0.0,0.0,0.010349446298423392
2.4904453511399093e-06,401.5346088771982,4.0999999999999995e-09,82,0,8891.497262371238,8891.497262371238,300.0,168444.9048991707,101325.0,0.03339446899134085,0.03339446899134085,1751.3542580910678,1751.3542580910678,7.793156498706952e-05,107.98447026258154,0.0002082569235459309,2.2953230031084364e-09,0.00020825921886893402,5.056706942273171e-09,0.0,-5.803802099578555e-24,0.0,7.390018054737041e-21,-1.9044735689685244e-29,-0.010150106691432377,-0.009515993305502127,-2.4470501661331414,241.08615214839827,0.0041478948130727125,241.08615214839827,5e-11,0.02516243256727581,0.04169074100900086,4.949688458941412e-09,5.056706942273171e-09,2.0404495056184752e-12,0.0,4.527706429518065e-11,2.395221806228894e-12,5.988054515572235e-13,4.827109155296677e-11,0.00020825921886893402,-3.2424833777225128e-24,-1.070184833317596e-10,FIXED_RSP_REPLAY,0.0,0.0,0.010216218651247399
2.4775727951916165e-06,403.62083485125595,4.149999999999999e-09,83,0,8877.5400700704,8877.5400700704,300.0,167907.70946915724,101325.0,0.03335980864309219,0.03335980864309219,1737.1157186638407,1737.1157186638407,7.795699073015966e-05,108.3472790197615,0.00020825687943562277,2.3414751399509427e-09,0.00020825922091076272,5.058748771009245e-09,0.0,-5.947105855123705e-24,0.0,-2.712589066901869e-20,-1.951497607708488e-29,-0.010019442417178125,-0.009393484569273735,-2.415548819029921,241.08615214839827,0.0041478948130727125,241.08615214839827,5e-11,0.02451876488070103,0.04083657472148875,4.950914397185447e-09,5.058748771009245e-09,2.04938858939991e-12,0.0,4.4118776176591884e-11,2.3339504388467385e-12,5.834876097116846e-13,4.703621422515031e-11,0.00020825922091076272,-3.1806871698511196e-24,-1.0783437382379857e-10,FIXED_RSP_REPLAY,0.0,4.440892098500626e-16,0.01008470414398009
2.4648413328268703e-06,405.7056276531694,4.199999999999999e-09,84,0,8863.661676060383,8863.661676060383,300.0,167372.1018302236,101325.0,0.03332508166981577,0.03332508166981577,1722.9741688662866,1722.9741688662866,7.798227956352913e-05,108.6730096840434,0.0002082568350730562,2.387837640825169e-09,0.00020825922291069703,5.060748705330988e-09,0.0,-6.092157217443795e-24,0.0,-3.240675675091954e-20,-1.9990951103355242e-29,-0.00989045880037038,-0.009272552921091562,-2.384452655163558,241.08615214839827,0.0041478948130727125,241.08615214839827,5e-11,0.023891555070797026,0.03999868643485635,4.952108974938987e-09,5.060748705330988e-09,2.058098991430274e-12,0.0,4.299011883722183e-11,2.274245785886617e-12,5.685614464716542e-13,4.58329260695801e-11,0.00020825922291069703,-2.576053684991802e-24,-1.0863973039200088e-10,FIXED_RSP_REPLAY,0.0,4.440892098500626e-16,0.009954881081881393
2.452249458223668e-06,407.7888555124275,4.249999999999998e-09,85,0,8849.864307410458,8849.864307410458,300.0,166838.2506462054,101325.0,0.03329031039279355,0.03329031039279355,1708.9322710776314,1708.9322710776314,7.800742754147327e-05,108.96170069442732,0.0002082567904639473,2.4344055895312554e-09,0.0002082592248695368,5.06270754506686e-09,0.0,-6.2389561865388266e-24,0.0,6.1339227307945855e-21,-1.0341804922989697e-25,-0.009763134472786707,-0.009153178074116353,-2.353756522951528,241.08615214839827,0.0041478948130727125,241.08615214839827,5e-11,0.023280383726918964,0.03917679471744408,4.953272994125333e-09,5.06270754506686e-09,2.0665865617538173e-12,0.0,4.189033442824217e-11,2.2160679077347473e-12,5.540169769336868e-13,4.4660419312910606e-11,0.0002082592248695368,-3.4642227118492765e-24,-1.0943455094152748e-10,FIXED_RSP_REPLAY,0.0,0.0,0.009826727985816517
2.4397956642964876e-06,409.87038981739846,4.299999999999998e-09,86,0,8836.150072133925,8836.150072133925,300.0,166306.32094780364,101325.0,0.03325551709813707,0.03325551709813707,1694.9925455910595,1694.9925455910595,7.803243093029084e-05,109.21340974195581,0.00020825674561377182,2.4811742961171192e-09,0.00020825922678806793,5.064626076185071e-09,0.0,-6.3875027624087984e-24,0.0,4.232085955959305e-21,1.0337661646405595e-25,-0.00963744829381093,-0.009035339999738285,-2.3234553256840234,241.08615214839827,0.0041478948130727125,241.08615214839827,5e-11,0.02268484186431323,0.038370622364218405,4.954407236218548e-09,5.064626076185071e-09,2.0748570007887282e-12,0.0,4.0818684455435316e-11,2.1593778601797806e-12,5.398444650449452e-13,4.351790678066004e-11,0.00020825922678806793,-3.58619954045817e-24,-1.1021883996652262e-10,FIXED_RSP_REPLAY,0.0,0.0,0.009700223600740323
2.4274784431912718e-06,411.950105182131,4.349999999999998e-09,87,0,8822.520960158485,8822.520960158485,300.0,165776.4740275253,101325.0,0.0332207240124385,0.0332207240124385,1681.1573707635614,1681.1573707635614,7.80572862065109e-05,109.42821322004868,0.00020825670052776671,2.528139296000652e-09,0.00020825922866706271,5.066505071004943e-09,0.0,-6.537796945053711e-24,0.0,-2.6018059339287563e-20,1.0337612328511307e-25,-0.009513379355898244,-0.008919018924772983,-2.293544022841515,241.08615214839827,0.0041478948130727125,241.08615214839827,5e-11,0.02210453071428933,0.03757989639744895,4.955512462754262e-09,5.066505071004943e-09,2.082915863148972e-12,0.0,3.9774449290229305e-11,2.104137673884816e-12,5.26034418471204e-13,4.2404621382585324e-11,0.00020825922866706271,-3.570447565902717e-24,-1.1099260825068102e-10,FIXED_RSP_REPLAY,0.0,0.0,0.009575346902081781
2.4152962867984605e-06,414.0278795052207,4.399999999999997e-09,88,0,8808.978844559653,8808.978844559653,300.0,165248.86734659635,101325.0,0.03318595327927165,0.03318595327927165,1667.4289835269215,1667.4289835269215,7.808199005465694e-05,109.77127659842503,0.00020825665521093136,2.575296348745246e-09,0.00020825923050728012,5.0683452884075455e-09,0.0,-6.689838734473564e-24,0.0,-2.4163672447733093e-20,1.0337562437153131e-25,-0.009390906988485803,-0.008804195328601633,-2.264017631037545,241.08615214839827,0.0041478948130727125,241.08615214839827,5e-11,0.021539061509099965,0.0368043480520458,4.956589415829717e-09,5.0683452884075455e-09,2.0907685613694674e-12,0.0,3.8756927692085404e-11,2.0503103334595428e-12,5.125775833648857e-13,4.131981560890983e-11,0.00020825923050728012,-3.240463893805147e-24,-1.1175587257782819e-10,FIXED_RSP_REPLAY,0.0,4.440892098500626e-16,0.009452077100407606
2.4032476872812903e-06,416.10359402083304,4.449999999999997e-09,89,0,8795.525483038682,8795.525483038682,300.0,164723.654453626,101325.0,0.0331512269365883,0.0331512269365883,1653.8094802422563,1653.8094802422563,7.810653936457908e-05,110.87800245984499,0.00020825660966802926,2.6226414364997432e-09,0.00020825923230946574,5.0701474740449856e-09,0.0,-6.843628130668358e-24,0.0,-3.6478891196818763e-20,1.0337511972331069e-25,-0.009270010760631185,-0.008690849940272156,-2.2348712246548192,241.08615214839827,0.0041478948130727125,241.08615214839827,5e-11,0.020988055263661716,0.03604371274880783,4.9576388185929e-09,5.0701474740449856e-09,2.0984203695368756e-12,0.0,3.7765436342164266e-11,1.9978597563160527e-12,4.994649390790132e-13,4.0262761037559334e-11,0.00020825923230946574,-3.804707700317149e-24,-1.1250865545208519e-10,FIXED_RSP_REPLAY,0.0,0.0,0.009330393644676836
2.3913311376167743e-06,418.1771333419806,4.4999999999999965e-09,90,0,8782.162519628198,8782.162519628198,300.0,164200.98491468516,101325.0,0.03311656689502309,0.03311656689502309,1640.300817882216,1640.300817882216,7.813093122838844e-05,111.97347640471871,0.00020825656390359014,2.6701707621166325e-09,0.00020825923407435227,5.071912360547897e-09,0.0,-6.999165133638093e-24,0.0,-1.6874039035702424e-20,1.033746093404512e-25,-0.0091506704826111,-0.008578963735575358,-2.2060999362306366,241.08615214839827,0.0041478948130727125,241.08615214839827,5e-11,0.02045114255582033,0.035297730058220525,4.958661375720692e-09,5.071912360547897e-09,2.105876426828236e-12,0.0,3.679930938815855e-11,1.9467507714547277e-12,4.866876928636819e-13,3.923274785247696e-11,0.00020825923407435227,-2.9351179254994395e-24,-1.1325098482720522e-10,FIXED_RSP_REPLAY,0.0,0.0,0.00921027622434299
2.379545132145576e-06,420.2483854964017,4.549999999999996e-09,91,0,8768.891486608027,8768.891486608027,300.0,163681.00425439153,101325.0,0.03308199491711058,0.03308199491711058,1626.9048155230653,1626.9048155230653,7.815516293701903e-05,113.05760233393626,0.00020825651792191248,2.717880746958966e-09,0.00020825923580265943,5.073640667730745e-09,0.0,-7.15644974338277e-24,0.0,-3.2201853070919776e-20,1.0337409322295283e-25,-0.009032866206671517,-0.008468517934107377,-2.1776989566377347,241.08615214839827,0.0041478948130727125,241.08615214839827,5e-11,0.01992796330651689,0.03456614365695236,4.959657773886018e-09,5.073640667730745e-09,2.1131417409596767e-12,0.0,3.585789800014913e-11,1.8969490982964314e-12,4.742372745741079e-13,3.822908437301967e-11,0.00020825923580265943,-2.844241149217979e-24,-1.1398289384472712e-10,FIXED_RSP_REPLAY,0.0,0.0,0.009091704770514976
2.367888167129691e-06,422.3172419549615,4.599999999999996e-09,92,0,8755.713806613021,8755.713806613021,300.0,163163.85390758768,101325.0,0.03304753259742142,0.03304753259742142,1613.623156127749,1613.623156127749,7.817923197645624e-05,114.1302905822029,0.00020825647172706608,2.7657680284106516e-09,0.0002082592374950945,5.075333102794685e-09,0.0,-7.315481959902387e-24,0.0,-3.143687003652474e-20,-2.4005198312864325e-29,-0.008916578227086544,-0.0083594939963277,-2.149663535098482,241.08615214839827,0.0041478948130727125,241.08615214839827,5e-11,0.019418166560929425,0.03384870127881801,4.960628682214064e-09,5.075333102794685e-09,2.1202211915473845e-12,0.0,3.494056993731943e-11,1.848421325652841e-12,4.621053314132102e-13,3.7251096594385486e-11,0.0002082592374950945,-3.534096855390133e-24,-1.1470442058062151e-10,FIXED_RSP_REPLAY,0.0,4.440892098500626e-16,0.008974659456350483
2.3563587413128755e-06,424.3835976532322,4.649999999999995e-09,93,0,8742.630794910554,8742.630794910554,300.0,162649.67118119248,101325.0,0.03301320134364822,0.03301320134364822,1600.4573885957632,1600.4573885957632,7.820313602366557e-05,115.19145777923443,0.00020825642532289513,2.813829457101987e-09,0.00020825923915235222,5.076990360527766e-09,0.0,-7.476261783196945e-24,0.0,-4.5873814047236027e-20,-2.4532785088971232e-29,-0.008801787079655413,-0.008251873620620276,-2.121988979063611,241.08615214839827,0.0041478948130727125,241.08615214839827,5e-11,0.018921410271435603,0.03314515466160942,4.961574752727636e-09,5.076990360527766e-09,2.1271195333829877e-12,0.0,3.4046709125344386e-11,1.8011348909069706e-12,4.5028372272674264e-13,3.62981277389781e-11,0.00020825923915235222,-3.0474012313049774e-24,-1.1541560780013021e-10,FIXED_RSP_REPLAY,0.0,4.440892098500626e-16,0.00885912069682474
2.34495535648351e-06,426.447351006118,4.699999999999995e-09,94,0,8729.643661832604,8729.643661832604,300.0,162138.58922570056,101325.0,0.03297902235861016,0.03297902235861016,1587.4089300629873,1587.4089300629873,7.822687294225116e-05,116.2410267106045,0.00020825637871302134,2.8620620938636237e-09,0.0002082592407751152,5.078613123502315e-09,0.0,-7.638789213266444e-24,0.0,-3.415365447540225e-20,-2.5066106503948868e-29,-0.008688473540744056,-0.0081456387403638,-2.094670653981154,241.08615214839827,0.0041478948130727125,241.08615214839827,5e-11,0.01843736108305844,0.03245525949098781,4.962496620781788e-09,5.078613123502315e-09,2.1338413996254674e-12,0.0,3.317571524425777e-11,1.755058059459934e-12,4.387645148649835e-13,3.536953781858269e-11,0.0002082592407751152,-3.436353833789629e-24,-1.1611650272052665e-10,FIXED_RSP_REPLAY,0.0,0.0,0.008745069147992302
2.3336765180366587e-06,428.5084039159413,4.7499999999999946e-09,95,0,8716.753515341567,8716.753515341567,300.0,161630.73701586502,101325.0,0.03294501662319201,0.03294501662319201,1574.4790684279496,1574.4790684279496,7.825044077788175e-05,117.27892617851353,0.00020825633190084752,2.9104632064230513e-09,0.00020825924236405396,5.080202062269432e-09,0.0,-7.803064250110884e-24,0.0,-4.96469116235573e-20,-2.560516255779723e-29,-0.00857661862595872,-0.008040771521016177,-2.0677039829766706,241.08615214839827,0.0041478948130727125,241.08615214839827,5e-11,0.017965694121905962,0.03177877534233932,4.963394905487884e-09,5.080202062269432e-09,2.140391304911675e-12,0.0,3.23270033265924e-11,1.710159904487035e-12,4.2753997612175874e-13,3.446470320720119e-11,0.00020825924236405396,-3.000549204422091e-24,-1.1680715678154766e-10,FIXED_RSP_REPLAY,0.0,4.440892098500626e-16,0.008632485705838421
2.322520735532426e-06,430.56666177439104,4.799999999999994e-09,96,0,8703.961363711287,8703.961363711287,300.0,161126.23934008993,101325.0,0.03291120488021919,0.03291120488021919,1561.6689650825062,1561.6689650825062,7.82738377535141e-05,118.3050908625461,0.0002082562848895614,2.9590302658564782e-09,0.00020825924391982726,5.0817578355505e-09,0.0,-7.969086893730264e-24,0.0,-2.5392487724921043e-20,1.0337142661587794e-25,-0.008466203588523683,-0.00793725435721708,-2.0410844464621363,241.08615214839827,0.0041478948130727125,241.08615214839827,5e-11,0.01750609278699613,0.031115465621362623,4.964270210127233e-09,5.0817578355505e-09,2.1467736483874864e-12,0.0,3.150000336558076e-11,1.6664102870358581e-12,4.1660257175896453e-13,3.358301622437558e-11,0.00020825924391982726,-3.3668835870322455e-24,-1.174876254232665e-10,FIXED_RSP_REPLAY,0.0,0.0,0.008521351504799627
2.311486523250106e-06,432.6220334583359,4.849999999999994e-09,97,0,8691.26811830603,8691.26811830603,300.0,160625.21679800868,101325.0,0.032877607619255705,0.032877607619255705,1548.9796578266478,1548.9796578266478,7.829706226444615e-05,119.31946118080941,0.00020825623768213936,3.007760942809423e-09,0.00020825924544308217,5.0832810904257e-09,0.0,-8.136857144124585e-24,0.0,1.0286125866078306e-20,-2.6700478582106135e-29,-0.008357209917422104,-0.007835069869911856,-2.0148075816877284,241.08615214839827,0.0041478948130727125,241.08615214839827,5e-11,0.017058248545760227,0.03046509750400293,4.965123122554522e-09,5.0832810904257e-09,2.152992716661582e-12,0.0,3.069415993320029e-11,1.623779836490541e-12,4.0594495912263526e-13,3.272388472881347e-11,0.00020825924544308217,-3.780069996525286e-24,-1.181579678711781e-10,FIXED_RSP_REPLAY,0.0,0.0,0.008411647916018833
2.3005724007347933e-06,434.6744313200507,4.8999999999999934e-09,98,0,8678.674596441968,8678.674596441968,300.0,160127.78580572447,101325.0,0.03284424506230145,0.03284424506230145,1536.4120639478617,1536.4120639478617,7.832011287322812e-05,120.32198315128066,0.00020825619028135074,3.056653103500769e-09,0.00020825924693445425,5.084772462519509e-09,0.0,-8.306375001293847e-24,0.0,-7.775532326874224e-21,1.033703198305759e-25,-0.008249619335348705,-0.007734200903499303,-1.988868982248246,241.08615214839827,0.0041478948130727125,241.08615214839827,5e-11,0.016621860733438906,0.029827441876193975,4.965954215591194e-09,5.084772462519509e-09,2.159052686683807e-12,0.0,2.9908931807844716e-11,1.5822399314196695e-12,3.9555998285491736e-13,3.1886731722119303e-11,0.00020825924693445425,-2.987220610567477e-24,-1.1881824692831533e-10,FIXED_RSP_REPLAY,0.0,0.0,0.008303356545388631
2.289776893335374e-06,436.7237711720302,4.949999999999993e-09,99,0,8666.181524312495,8666.181524312495,300.0,159634.05860828425,101325.0,0.03281113715040511,0.03281113715040511,1523.9669834419844,1523.9669834419844,7.834481559195318e-05,121.31260825382684,0.00020825614268976236,3.1057048055219095e-09,0.00020825924839456788,5.0862325761832e-09,0.0,-8.47764046523805e-24,0.0,-3.881813762022819e-20,1.0336975783596656e-25,-0.008143413796514162,-0.007634630523005328,-1.9632642975537788,241.08615214839827,0.0041478948130727125,241.08615214839827,5e-11,0.016196636356522635,0.029202273273811124,4.96676404740902e-09,5.0862325761832e-09,2.164957628550006e-12,0.0,2.9143791611402304e-11,1.5417626808197332e-12,3.854406702049333e-13,3.107099496242697e-11,0.00020825924839456788,-3.5074396676809045e-24,-1.1946852877418044e-10,FIXED_RSP_REPLAY,0.0,0.0,0.008196459231427016
2.279098532731567e-06,438.7699722668288,4.999999999999993e-09,100,0,8653.789539964822,8653.789539964822,300.0,159144.14329881474,101325.0,0.032778303531147454,0.032778303531147454,1511.6451023589789,1511.6451023589789,7.837181573307915e-05,122.2912932927994,0.00020825609490974294,3.154914293445236e-09,0.00020825924982403638,5.087662044674356e-09,0.0,-8.650653535957194e-24,0.0,-3.43614614928632e-20,1.0336919010671836e-25,-0.008038575484334013,-0.007536342011284097,-1.9379892322725343,241.08615214839827,0.0041478948130727125,241.08615214839827,5e-11,0.015782289900336526,0.028589369823126955,4.9675531619040365e-09,5.087662044674356e-09,2.1707115082351967e-12,0.0,2.8398225455522812e-11,1.5023209057617148e-12,3.755802264404287e-13,3.027612658772496e-11,0.00020825924982403638,-3.1903806926544754e-24,-1.2010888277031957e-10,FIXED_RSP_REPLAY,0.0,0.0,0.008090938043021694
2.2685358574503373e-06,440.8129572718874,5.049999999999992e-09,101,0,8641.499196310395,8641.499196310395,300.0,158658.143843949,101325.0,0.03274576354701816,0.03274576354701816,1499.4469962509147,1499.4469962509147,7.839861211481271e-05,123.25800026048347,0.00020825604694346776,3.2042799942570265e-09,0.000208259251223462,5.089061470333457e-09,0.0,-8.825414213451279e-24,0.0,-6.057829858779635e-20,1.0336861664283129e-25,-0.007935086809028956,-0.007439318866247863,-1.913039545752303,241.08615214839827,0.0041478948130727125,241.08615214839827,5e-11,0.015378543140829285,0.027988513182011593,4.968322089061078e-09,5.089061470333457e-09,2.1763181902569004e-12,0.0,2.767173259685569e-11,1.4638881214448713e-12,3.659720303612178e-13,2.950159274866178e-11,0.000208259251223462,-3.6811152845743624e-24,-1.20739381272379e-10,FIXED_RSP_REPLAY,0.0,0.0,0.007986775277072766
2.258087413367534e-06,442.85265224018883,5.099999999999992e-09,102,0,8629.310964159602,8629.310964159602,300.0,158176.16011495242,101325.0,0.03271353622462119,0.03271353622462119,1487.3731337084416,1487.3731337084416,7.842520379559071e-05,124.21269620145783,0.0002082559987929238,3.2538005126243956e-09,0.00020825925259343643,5.090431444757558e-09,0.0,-9.001922497720305e-24,0.0,-6.539928370603966e-20,1.0336803744430535e-25,-0.007832930405158617,-0.007343544798126434,-1.8884110514258852,241.08615214839827,0.0041478948130727125,241.08615214839827,5e-11,0.014985124960593515,0.02739948848203428,4.969071345309108e-09,5.090431444757558e-09,2.181781440270395e-12,0.0,2.6963825101044905e-11,1.4264385196589668e-12,3.566096299147417e-13,2.8746873250618612e-11,0.00020825925259343643,-3.413331717131659e-24,-1.2136009944845056e-10,FIXED_RSP_REPLAY,0.0,0.0,0.007883953456058215
2.2477517541966336e-06,444.8889865764598,5.1499999999999915e-09,103,0,8617.225235264932,8617.225235264932,300.0,157698.28792420885,101325.0,0.03268164026473326,0.03268164026473326,1475.423879964411,1475.423879964411,7.845158999900115e-05,125.15535307796543,0.00020825595045991465,3.3034746260133916e-09,0.00020825925393454066,5.09177254897114e-09,0.0,-9.180178388764271e-24,0.0,-4.935960270391495e-20,1.0336745251114052e-25,-0.00773208912910688,-0.007249003726756935,-1.8640996162048376,241.08615214839827,0.0041478948130727125,241.08615214839827,5e-11,0.014601771169117999,0.026822084271633642,4.969801433867564e-09,5.09177254897114e-09,2.1871049275976285e-12,0.0,2.627402751526797e-11,1.3899469516540092e-12,3.474867379135023e-13,2.801146120483548e-11,0.00020825925393454066,-3.1786676859337538e-24,-1.219711151035761e-10,FIXED_RSP_REPLAY,0.0,2.220446049250313e-16,0.007782455325542141
2.2375274419604033e-06,446.9218929998252,5.199999999999991e-09,104,0,8605.242325363102,8605.242325363102,300.0,157224.6190665616,101325.0,0.03265009403316974,0.03265009403316974,1463.5995005506072,1463.5995005506072,7.847777010740404e-05,126.08594763645515,0.00020825590194606562,3.3533012796675424e-09,0.00020825925524734529,5.0930853535941606e-09,0.0,-9.36018188658318e-24,0.0,-4.3919415818651506e-20,1.0336686184333684e-25,-0.007632546056533557,-0.00715567977890438,-1.8401011598651063,241.08615214839827,0.0041478948130727125,241.08615214839827,5e-11,0.014228224327253207,0.026256092460415766,4.970512845083926e-09,5.0930853535941606e-09,2.1922922276914755e-12,0.0,2.560187654911052e-11,1.3543889114147637e-12,3.385972278536909e-13,2.7294862688378975e-11,0.00020825925524734529,-3.5583306623985224e-24,-1.225725085102342e-10,FIXED_RSP_REPLAY,0.0,2.220446049250313e-16,0.007682263851642206
2.227413047447726e-06,448.9513075025967,5.249999999999991e-09,105,0,8593.362477205765,8593.362477205765,300.0,156755.24136509738,101325.0,0.03261891555243738,0.03261891555243738,1451.9001649919883,1451.9001649919883,7.850374365557667e-05,127.00446127530803,0.00020825585325282928,3.4032795814628057e-09,0.00020825925653241074,5.094370419007395e-09,0.0,-9.541932991177029e-24,0.0,-5.751002564721742e-21,-3.131112823417086e-29,-0.007534284479804513,-0.007063557285613361,-1.8164116544274667,241.08615214839827,0.0041478948130727125,241.08615214839827,5e-11,0.013864233575853964,0.02570130826468357,4.971206056762719e-09,5.094370419007395e-09,2.197346824536986e-12,0.0,2.4946920763570793e-11,1.3197405193359705e-12,3.2993512983399263e-13,2.6596596412740756e-11,0.00020825925653241074,-3.32649390868493e-24,-1.2316436224467598e-10,FIXED_RSP_REPLAY,0.0,0.0,0.0075833622184696674
2.21740715065271e-06,450.97716930589075,5.29999999999999e-09,106,0,8581.585863568218,8581.585863568218,300.0,156290.23872099453,101325.0,0.03258812249416349,0.03258812249416349,1440.325950522929,1440.325950522929,7.852951032440813e-05,127.91087991393725,0.00020825580438149058,3.4534087966494127e-09,0.00020825925779028722,5.095628295515105e-09,0.0,-9.725431702545817e-24,0.0,-3.361807371973206e-20,1.0336566330381287e-25,-0.007437287905410139,-0.006972620779591067,-1.7930271235351511,241.08615214839827,0.0041478948130727125,241.08615214839827,5e-11,0.013509554468551442,0.025157530154201403,4.971881534486147e-09,5.095628295515105e-09,2.20227211299123e-12,0.0,2.430872026799257e-11,1.2859785062930953e-12,3.214946265732738e-13,2.5916193400858936e-11,0.00020825925779028722,-3.007819346524608e-24,-1.2374676102895825e-10,FIXED_RSP_REPLAY,0.0,0.0,0.007485733825552963
2.2075083411955173e-06,452.9994208123496,5.34999999999999e-09,107,0,8569.91259022807,8569.91259022807,300.0,155829.69116702504,101325.0,0.03255773217227001,0.03255773217227001,1428.8768458124184,1428.8768458124184,7.855506993465552e-05,128.8051938632397,0.0002082557553331727,3.5036883424932477e-09,0.0002082592590215152,5.096859523505117e-09,0.0,-9.910678020689547e-24,0.0,-4.056492175027053e-20,-3.252113703589431e-29,-0.0073415400513802175,-0.006882854992621703,-1.7699436418306107,241.08615214839827,0.0041478948130727125,241.08615214839827,5e-11,0.013163948808596278,0.0246245598002417,4.9725397319265766e-09,5.096859523505117e-09,2.2070714010633053e-12,0.0,2.3686846424728748e-11,1.253080198102642e-12,3.132700495256605e-13,2.525319667235705e-11,0.0002082592590215152,-2.9246166091291374e-24,-1.2431979157854054e-10,FIXED_RSP_REPLAY,0.0,0.0,0.007389362285253797
2.1977152187259573e-06,455.01800755591637,5.39999999999999e-09,108,0,8558.342698906392,8558.342698906392,300.0,155373.67492434275,101325.0,0.032527761536866616,0.032527761536866616,1417.55275468609,1417.55275468609,7.858042244078337e-05,129.68739769752935,0.0002082557061088425,3.5541177828294815e-09,0.00020825926022662532,5.098064633606363e-09,0.0,-1.0097671945608217e-23,0.0,-1.987484008240657e-20,-3.313474339506213e-29,-0.007247024844701755,-0.006794244853012313,-1.7471573343329896,241.08615214839827,0.0041478948130727125,241.08615214839827,5e-11,0.012827184489707651,0.02410220202491761,4.973181091151062e-09,5.098064633606363e-09,2.2117479121360374e-12,0.0,2.3080881561342155e-11,1.2210235003654232e-12,3.052558750913558e-13,2.4607160936798935e-11,0.00020825926022662532,-3.3054912759443254e-24,-1.2488354245530174e-10,FIXED_RSP_REPLAY,0.0,0.0,0.007294231420183014
2.1880263933073294e-06,457.03287814935436,5.449999999999989e-09,109,0,8546.876170164207,8546.876170164207,300.0,154922.26246221148,101325.0,0.0324982271688415,0.0324982271688415,1406.3534998329592,1406.3534998329592,7.860556792489568e-05,130.5574901280973,0.00020825565670931601,3.6046968225400703e-09,0.00020825926140613854,5.099244146843952e-09,0.0,-1.0286413477301829e-23,0.0,-3.7512173844793917e-20,1.0336382248473535e-25,-0.007153726418745094,-0.006706775483069955,-1.7246643758175961,241.08615214839827,0.0041478948130727125,241.08615214839827,5e-11,0.012499035340857152,0.02359026475177658,4.9738060429181046e-09,5.099244146843952e-09,2.2163047871308538e-12,0.0,2.2490418690154112e-11,1.1897868836857195e-12,2.9744672092142987e-13,2.397765229476126e-11,0.00020825926140613854,-3.313973108397262e-24,-1.2543810392584732e-10,FIXED_RSP_REPLAY,0.0,0.0,0.007200325260622182
2.1784404857820104e-06,459.04398422939835,5.499999999999989e-09,110,0,8535.51292624785,8535.51292624785,300.0,154475.52256034256,101325.0,0.03246914527512774,0.03246914527512774,1395.2788264859732,1395.2788264859732,7.863050659077677e-05,131.4154738782144,0.00020825560713526453,3.655425301965842e-09,0.0002082592625605665,5.100398574791835e-09,0.0,-1.0476902615770382e-23,0.0,-3.242437638611871e-20,1.0336319740909845e-25,-0.0070616291107026136,-0.006620432196610056,-1.7024609901984087,241.08615214839827,0.0041478948130727125,241.08615214839827,5e-11,0.012179280974912506,0.023088558957661057,4.9744150069668505e-09,5.100398574791835e-09,2.2207450866172886e-12,0.0,2.1915061234955527e-11,1.1593493692589386e-12,2.8983734231473464e-13,2.33642479465292e-11,0.0002082592625605665,-3.3365913282717586e-24,-1.2598356782498482e-10,FIXED_RSP_REPLAY,0.0,0.0,0.0071076280419556815
2.1689561281169532e-06,461.0512804001163,5.5499999999999885e-09,111,0,8524.252833879134,8524.252833879134,300.0,154033.52037349847,101325.0,0.032440531684605756,0.032440531684605756,1384.3284060678775,1384.3284060678775,7.865523875804849e-05,132.26135555998792,0.00020825555738722016,3.7063031912660213e-09,0.00020825926369041144,5.101528419723125e-09,0.0,-1.0669139361013875e-23,0.0,-2.1066551631898335e-20,1.0336256659882267e-25,-0.0069707174590434825,-0.006535200496495822,-1.6805434499144531,241.08615214839827,0.0041478948130727125,241.08615214839827,5e-11,0.011867706641063114,0.022596898625790677,4.975008392298904e-09,5.101528419723125e-09,2.2250717928685324e-12,0.0,2.1354422764699615e-11,1.1296905148201488e-12,2.824226287050372e-13,2.2766535908224802e-11,0.00020825926369041144,-2.4956782250806436e-24,-1.2652002742422122e-10,FIXED_RSP_REPLAY,0.0,2.220446049250313e-16,0.007016124202117169
2.159571963730981e-06,463.0547241742996,5.599999999999988e-09,112,0,8513.095706983868,8513.095706983868,300.0,153596.31749811585,101325.0,0.032412401844639935,0.032412401844639935,1373.5018397914955,1373.5018397914955,7.867976485645711e-05,133.09514555278292,0.00020825550746558173,3.75733058473438e-09,0.00020825926479616647,5.102634174758128e-09,0.0,-1.086312371303231e-23,0.0,-2.859739791293312e-20,1.0336193005390802e-25,-0.006880976200987265,-0.006451066072208438,-1.6589080753207233,241.08615214839827,0.0041478948130727125,241.08615214839827,5e-11,0.011564103080947645,0.022115100700051814,4.975586597452951e-09,5.102634174758128e-09,2.229287811864401e-12,0.0,2.0808126733999403e-11,1.1007904009457227e-12,2.751976002364307e-13,2.2184114735181554e-11,0.00020825926479616647,-3.2473301391241907e-24,-1.2704757730517695e-10,FIXED_RSP_REPLAY,0.0,2.220446049250313e-16,0.006925798379053559
2.150286647801378e-06,465.05427591362235,5.649999999999988e-09,113,0,8502.0413093563,8502.0413093563,300.0,153163.9720406198,101325.0,0.032384770818203,0.032384770818203,1362.7986622081353,1362.7986622081353,7.870408542029571e-05,133.91685788346612,0.00020825545737062064,3.808507695083241e-09,0.00020825926587831573,5.10371632401015e-09,0.0,-1.1058855671825686e-23,0.0,-1.7842591320477444e-20,1.033612877743545e-25,-0.006792390269998579,-0.0063680147974478594,-1.6375512340841774,241.08615214839827,0.0041478948130727125,241.08615214839827,5e-11,0.011268266388402585,0.021642985040436956,4.9761500107723715e-09,5.10371632401015e-09,2.2333959752430722e-12,0.0,2.0275806230257452e-11,1.0726296177002448e-12,2.681574044250612e-13,2.1616593252382757e-11,0.00020825926587831573,-2.6923759586320715e-24,-1.275663132377786e-10,FIXED_RSP_REPLAY,0.0,0.0,0.006836635408208973
2.141098847552051e-06,467.0498987673149,5.699999999999987e-09,114,0,8491.089357256116,8491.089357256116,300.0,152736.53868717313,101325.0,0.032357653281566354,0.032357653281566354,1352.2183446968434,1352.2183446968434,7.872820108296874e-05,134.72651010846621,0.00020825540710248672,3.85983484770656e-09,0.00020825926693733443,5.104775342729131e-09,0.0,-1.1256335237394003e-23,0.0,-3.2929735992397686e-20,1.033606397601621e-25,-0.00670494479330457,-0.006286032727763891,-1.6164693405852362,241.08615214839827,0.0041478948130727125,241.08615214839827,5e-11,0.010979997872750474,0.02118037437961992,4.976699010666009e-09,5.104775342729131e-09,2.2373990422028966e-12,0.0,1.9757103727259372e-11,1.0451892516208274e-12,2.6129731290520684e-13,2.1063590291785406e-11,0.00020825926693733443,-3.206940460776875e-24,-1.2807633206312186e-10,FIXED_RSP_REPLAY,0.0,0.0,0.006748620320030688
2.1320072425218916e-06,469.04155860987044,5.749999999999987e-09,115,0,8480.239521934715,8480.239521934715,300.0,152314.0687746193,101325.0,0.032331063522534266,0.032331063522534266,1341.7602988874553,1341.7602988874553,7.875211257170465e-05,135.52412319763627,0.00020825535666121423,3.911312474930845e-09,0.00020825926797368916,5.105811697443161e-09,0.0,-1.1455562409737259e-23,0.0,-1.554425310493049e-20,1.0335998601133085e-25,-0.006618625089436588,-0.006205106098217292,-1.5956588553251154,241.08615214839827,0.0041478948130727125,241.08615214839827,5e-11,0.010699103925546016,0.02072709428060133,4.9772339658622865e-09,5.105811697443161e-09,2.241299701355559e-12,0.0,1.9251670845066712e-11,1.018450873030983e-12,2.5461271825774576e-13,2.052473443635544e-11,0.00020825926797368916,-2.2392037675751882e-24,-1.285777315808741e-10,FIXED_RSP_REPLAY,0.0,0.0,0.00666173833749857
2.1230105248144437e-06,471.0292239777768,5.799999999999987e-09,116,0,8469.491432088545,8469.491432088545,300.0,151896.61036240833,101325.0,0.032305015439202396,0.032305015439202396,1331.4238800119197,1331.4238800119197,7.877582070242142e-05,136.3097214200298,0.00020825530604672756,3.962941110263967e-09,0.0002082592689878378,5.106825846097931e-09,0.0,-1.1656537188855456e-23,0.0,-2.5694787376347813e-20,-3.825004126775086e-29,-0.006533416665797108,-0.006125221321070588,-1.5751162843392426,241.08615214839827,0.0041478948130727125,241.08615214839827,5e-11,0.010425395890699454,0.02028297309539642,4.977755235656822e-09,5.106825846097931e-09,2.2451005725318378e-12,0.0,1.8759168116048858e-11,9.923965236762645e-13,2.4809913091906614e-13,1.9999663770644186e-11,0.0002082592689878378,-2.2125465798659598e-24,-1.2907061044110882e-10,FIXED_RSP_REPLAY,0.0,0.0,0.006575974873679327
2.114107399328447e-06,473.0128660056028,5.849999999999986e-09,117,0,8458.844676238226,8458.844676238226,300.0,151484.20830526014,101325.0,0.03227952253920697,0.03227952253920697,1321.2083901792178,1321.2083901792178,7.879932637474899e-05,137.0833322314943,0.00020825525525884723,4.014721382651028e-09,0.00020825926998022988,5.1078182381941666e-09,0.0,-1.1859259574748595e-23,0.0,-5.3886132555153444e-20,1.033586613097517e-25,-0.006449305216252709,-0.006046364983508289,-1.5548381786169592,241.08615214839827,0.0041478948130727125,241.08615214839827,5e-11,0.010158689937896249,0.01984784192471052,4.978263170153717e-09,5.1078182381941666e-09,2.2488042085411664e-12,0.0,1.8279264756897595e-11,9.670087046739612e-13,2.417521761684903e-13,1.9488025637740047e-11,0.00020825926998022988,-2.103494448328207e-24,-1.2955506804044995e-10,FIXED_RSP_REPLAY,0.0,0.0,0.0064913155293063515
2.105296583969849e-06,474.9924583615444,5.899999999999986e-09,118,0,8448.298805033066,8448.298805033066,300.0,151076.90432634778,101325.0,0.032254597939430224,0.032254597939430224,1311.1130815708268,1311.1130815708268,7.882263056720713e-05,137.8449861642558,0.0002082552042972959,4.066654010746701e-09,0.00020825927095130664,5.1087893149230946e-09,0.0,-1.2063729567416674e-23,0.0,-2.106050159659176e-20,1.0335799035700383e-25,-0.006366276618753712,-0.00596852384538619,-1.5348211335276478,241.08615214839827,0.0041478948130727125,241.08615214839827,5e-11,0.009898806939234044,0.019421534578564766,4.978758110500678e-09,5.1087893149230946e-09,2.2524130968861895e-12,0.0,1.7811638446471773e-11,9.422703647692375e-13,2.355675911923094e-13,1.898947640243332e-11,0.00020825927095130664,-2.5958446273819868e-24,-1.3003120442241628e-10,FIXED_RSP_REPLAY,0.0,0.0,0.006407746090386
2.0965768098454566e-06,476.96797718263053,5.9499999999999855e-09,119,0,8437.85333347789,8437.85333347789,300.0,150674.7370908911,101325.0,0.032230254366170594,0.032230254366170594,1301.1371595504152,1301.1371595504152,7.884573433254756e-05,138.59471671844074,0.0002082551531617038,4.118739797211881e-09,0.00020825927190150102,5.1097395092999854e-09,0.0,-1.2269947166859695e-23,0.0,-2.0561090724209173e-20,-4.0262899511376126e-29,-0.00628431693298089,-0.005891684837009421,-1.5150617882533866,241.08615214839827,0.0041478948130727125,241.08615214839827,5e-11,0.00964557234899836,0.019003887537823914,4.979240389118128e-09,5.1097395092999854e-09,2.2559296614334535e-12,0.0,1.7355975109323364e-11,9.181648888902198e-13,2.2954122222255495e-13,1.850368122043614e-11,0.00020825927190150102,-2.1584244108805566e-24,-1.3049912018185744e-10,FIXED_RSP_REPLAY,0.0,0.0,0.0063252525258307175
2.0879468214392237e-06,478.9394010096,5.999999999999985e-09,120,0,8427.507743085256,8427.507743085256,300.0,150277.74227985364,101325.0,0.032206504155700956,0.032206504155700956,1291.27978568886,1291.27978568886,7.886863879325154e-05,139.33256025551367,0.00020825510185161491,4.170979623043442e-09,0.00020825927283123796,5.110669246295815e-09,0.0,-1.2477912373077656e-23,0.0,-7.032200279876788e-20,1.0335663124759147e-25,-0.006203412398019547,-0.0058158350569389285,-1.4955568252282008,241.08615214839827,0.0041478948130727125,241.08615214839827,5e-11,0.00939881608649992,0.01859473991658387,4.979710329922453e-09,5.110669246295815e-09,2.259356264041361e-12,0.0,1.6911968704759913e-11,8.946760869946621e-13,2.2366902174866551e-13,1.803031381350324e-11,0.00020825927283123796,-2.7719436249762837e-24,-1.3095891637336172e-10,FIXED_RSP_REPLAY,0.0,0.0,0.006243820985119399
2.0794053767708258e-06,480.9067107217601,6.049999999999985e-09,121,0,8417.261483949307,8417.261483949307,300.0,149885.95266374302,101325.0,0.032183359255251516,0.032183359255251516,1281.5400806978444,1281.5400806978444,7.889134513719098e-05,140.05855589366178,0.00020825505036649273,4.22337444194493e-09,0.00020825927374093468,5.111578942967083e-09,0.0,-1.2687625186070559e-23,0.0,-2.5848019697054785e-20,1.0335594309092698e-25,-0.0061235494300611055,-0.005740961769826033,-1.4763029695839491,241.08615214839827,0.0041478948130727125,241.08615214839827,5e-11,0.009158372421898008,0.018193933425370373,4.980168248543548e-09,5.111578942967083e-09,2.262695206146479e-12,0.0,1.6479321021302027e-11,8.717881832009547e-13,2.1794704580023867e-13,1.756905625030322e-11,0.00020825927374093468,-2.709339623537944e-24,-1.314106944235353e-10,FIXED_RSP_REPLAY,0.0,0.0,0.006163437795985201
2.070951247536703e-06,482.86988947202497,6.099999999999984e-09,122,0,8407.113976743756,8407.113976743756,300.0,149499.39817625805,101325.0,0.032160831224354695,0.032160831224354695,1271.9171272730082,1271.9171272730082,7.891385461345124e-05,140.77274540525897,0.00020825499870572557,4.27592527474503e-09,0.0002082592746310003,5.112469008583839e-09,0.0,-1.2899085605838402e-23,0.0,-6.392115969614788e-21,-4.232736950483795e-29,-0.006044714620132311,-0.005667052404274761,-1.4572969886028657,241.08615214839827,0.0041478948130727125,241.08615214839827,5e-11,0.008924079864935479,0.017801312335113822,4.980614452536795e-09,5.112469008583839e-09,2.265948730309267e-12,0.0,1.6057741476398174e-11,8.494858051963925e-13,2.1237145129909812e-13,1.7119598732893667e-11,0.0002082592746310003,-2.5982680080828257e-24,-1.3185455604704423e-10,FIXED_RSP_REPLAY,0.0,0.0,0.0060840894621309195
2.0625832192356147e-06,484.8289226218936,6.149999999999984e-09,123,0,8397.06461464491,8397.06461464491,300.0,149118.10598764726,101325.0,0.0321389312365287,0.0321389312365287,1262.4099728453202,1262.4099728453202,7.893616852830812e-05,141.47517311619615,0.0002082549468686326,4.328633203872141e-09,0.00020825927550183649,5.113339844755932e-09,0.0,-1.3112293632381187e-23,0.0,-6.2153125265549824e-21,1.033545495736814e-25,-0.005966894731852022,-0.005594094550731573,-1.4385356911767526,241.08615214839827,0.0041478948130727125,241.08615214839827,5e-11,0.00869578105651277,0.01741672344186172,4.9810492415896205e-09,5.113339844755932e-09,2.2691190217202605e-12,0.0,1.5646946921262342e-11,8.277539739157511e-13,2.0693849347893776e-13,1.668163938865703e-11,0.00020825927550183649,-2.2238556898032082e-24,-1.3229060316631168e-10,FIXED_RSP_REPLAY,0.0,0.0,0.0060057626609719824
2.054300091277319e-06,486.7837976769119,6.1999999999999836e-09,124,0,8387.112765178632,8387.112765178632,300.0,148742.10057772652,101325.0,0.032117670081304575,0.032117670081304575,1253.017632238011,1253.017632238011,7.8958288241366e-05,142.16588580730678,0.00020825489485446942,4.381499367891565e-09,0.0002082592763538373,5.114191845557541e-09,0.0,-1.3327249265698912e-23,0.0,7.994608260860163e-21,1.033538442131003e-25,-0.00589007669921554,-0.005522075959402198,-1.420015927272813,241.08615214839827,0.0041478948130727125,241.08615214839827,5e-11,0.00847332266302955,0.017040016032175847,4.981472907722772e-09,5.114191845557541e-09,2.2722082096677266e-12,0.0,1.524666145070385e-11,8.065780934833868e-13,2.016445233708467e-13,1.6254884067558084e-11,0.0002082592763538373,-2.7747709024605958e-24,-1.327189378347689e-10,FIXED_RSP_REPLAY,0.0,2.220446049250313e-16,0.005928444241406993
2.0461006770762046e-06,488.7345042224216,6.249999999999983e-09,125,0,8377.257771993905,8377.257771993905,300.0,148371.40380836945,101325.0,0.03209705816654963,0.03209705816654963,1243.7390902301513,1243.7390902301513,7.898021516184809e-05,142.8449326176412,0.00020825484266243324,4.43452495611011e-09,0.00020825927718738936,5.11502539765e-09,0.0,-1.354395250579158e-23,0.0,-2.570825532024049e-20,-4.4443451248136315e-29,-0.005814247624406338,-0.0054509845381951975,-1.4017345874060896,241.08615214839827,0.0041478948130727125,241.08615214839827,5e-11,0.008256555273424487,0.016671041849193196,4.981885735486443e-09,5.11502539765e-09,2.275218368967771e-12,0.0,1.4856616217821554e-11,7.859439414122081e-13,1.9648598535305202e-13,1.5839046144586814e-11,0.00020825927718738936,-1.9665734387308065e-24,-1.3313966216355702e-10,FIXED_RSP_REPLAY,0.0,2.220446049250313e-16,0.005852121221615764
2.0379838041299246e-06,490.6810338598002,6.299999999999983e-09,126,0,8367.498956563157,8367.498956563157,300.0,148006.0349954139,101325.0,0.0320771055210833,0.0320771055210833,1234.5733040257098,1234.5733040257098,7.900195074504183e-05,143.5123649498813,0.00020825479029166883,4.487711203257317e-09,0.00020825927800287208,5.115840880402965e-09,0.0,-1.3762403352659187e-23,0.0,-6.042855280238814e-20,-4.516028110697722e-29,-0.005739394775635064,-0.005380808350691964,-1.383688602118477,241.08615214839827,0.0041478948130727125,241.08615214839827,5e-11,0.008045333298844914,0.01630965505930338,4.9822880021513855e-09,5.115840880402965e-09,2.2781515213578636e-12,0.0,1.4476549253438186e-11,7.658376590530341e-13,1.9145941476325854e-13,1.543384632725448e-11,0.00020825927800287208,-2.5893822788464162e-24,-1.335528782515799e-10,FIXED_RSP_REPLAY,0.0,0.0,0.005776780786884681
2.0299483140831545e-06,492.6233801433804,6.3499999999999824e-09,127,0,8357.83561981202,8357.83561981202,300.0,147646.01097983995,101325.0,0.03205782179754524,0.03205782179754524,1225.5192056298013,1225.5192056298013,7.902349648889017e-05,144.1682363776377,0.00020825473774127354,4.541059384246253e-09,0.00020825927880065777,5.116638666013936e-09,0.0,-1.3982601806301735e-23,0.0,2.1360364426563934e-20,-4.588284560468886e-29,-0.005665505585005599,-0.005311535614142796,-1.36587494146426,241.08615214839827,0.0041478948130727125,241.08615214839827,5e-11,0.007839514874879954,0.01595571221941266,4.98267997789513e-09,5.116638666013936e-09,2.281009636854709e-12,0.0,1.4106205290153643e-11,7.462457422879982e-13,1.8656143557199955e-13,1.5039012468013642e-11,0.00020825927880065777,-2.1119762807811434e-24,-1.3395868811880597e-10,FIXED_RSP_REPLAY,0.0,0.0,0.005702410287459237
2.0219930627781792e-06,494.561538517852,6.399999999999982e-09,128,0,8348.267043677883,8348.267043677883,300.0,147291.3461982116,101325.0,0.03203921627552771,0.03203921627552771,1216.5757041302802,1216.5757041302802,7.904485393073341e-05,144.81260255472316,0.00020825468501030234,4.594570809020936e-09,0.00020825927958111135,5.117419119626174e-09,0.0,-1.4204547866719222e-23,0.0,-8.257886532570193e-21,1.0335096542438719e-25,-0.0055925676464079754,-0.005243154697488737,-1.3482906145021227,241.08615214839827,0.0041478948130727125,241.08615214839827,5e-11,0.007638961766292089,0.015609072244765421,4.983061925983444e-09,5.117419119626174e-09,2.2837946350773873e-12,0.0,1.3745335590899104e-11,7.271550324618047e-13,1.8178875811545118e-13,1.465427938147636e-11,0.00020825927958111135,-2.131363326387855e-24,-1.3435719364272933e-10,FIXED_RSP_REPLAY,0.0,0.0,0.0056289972364235285
2.014116920291344e-06,496.49550625658264,6.449999999999982e-09,129,0,8338.792492601035,8338.792492601035,300.0,146942.05275222243,101325.0,0.032021297864920785,0.032021297864920785,1207.7416878877523,1207.7416878877523,7.906602464419129e-05,145.4455211264591,0.00020825463209777367,4.648246817494871e-09,0.00020825928034459118,5.118182599445038e-09,0.0,-1.442824153391165e-23,0.0,1.2809365977241297e-21,-4.7345178516724316e-29,-0.005520568713437915,-0.005175654119408854,-1.3309326687935803,241.08615214839827,0.0041478948130727125,241.08615214839827,5e-11,0.00744353927418374,0.015269596377283352,4.983434102947154e-09,5.118182599445038e-09,2.2865083865366395e-12,0.0,1.3393697781876922e-11,7.085527075448009e-13,1.7713817688620022e-13,1.4279388666307925e-11,0.00020825928034459118,-2.0429099308072334e-24,-1.347484964978845e-10,FIXED_RSP_REPLAY,0.0,0.0,0.00555652930760648
2.0063187709573097e-06,498.42528240058914,6.499999999999981e-09,130,0,8329.411214948339,8329.411214948339,300.0,146598.14047734442,101325.0,0.03200407510947862,0.03200407510947862,1199.0160266333814,1199.0160266333814,7.908701023618595e-05,146.0670516428699,0.00020825457900267401,4.702088774585777e-09,0.0002082592810914486,5.118929456852758e-09,0.0,-1.465368280787902e-23,0.0,3.461986431752496e-21,1.0334949162219741e-25,-0.00544949669734272,-0.005109022546392623,-1.3137981899077609,241.08615214839827,0.0041478948130727125,241.08615214839827,5e-11,0.007253116145537042,0.01493714815440565,4.98379675875443e-09,5.118929456852758e-09,2.2891527138911737e-12,0.0,1.3051055689774083e-11,6.904262735219635e-13,1.7260656838049088e-13,1.3914088531676538e-11,0.0002082592810914486,-1.7040405294732538e-24,-1.3513269809832765e-10,FIXED_RSP_REPLAY,0.0,0.0,0.005484994333514579
1.9985975133807485e-06,500.350867698439,6.549999999999981e-09,131,0,8320.122444372892,8320.122444372892,300.0,146259.61701046134,101325.0,0.03198755619056549,0.03198755619056549,1190.3975734773555,1190.3975734773555,7.910781234409909e-05,146.6772554738693,0.0002082545257239629,4.756098065350807e-09,0.00020825928182202825,5.119660036521677e-09,0.0,-1.4880871688621328e-23,0.0,-6.188129783171867e-21,1.0334874611914422e-25,-0.005379339664993274,-0.005043248790837112,-1.2968843009324824,241.08615214839827,0.0041478948130727125,241.08615214839827,5e-11,0.007067564485066355,0.014611593378392124,4.984150136978683e-09,5.119660036521677e-09,2.2917293931718317e-12,0.0,1.2717179183139995e-11,6.727635560020535e-13,1.6819088900051338e-13,1.3558133628142562e-11,0.00020825928182202825,-2.3215987114037124e-24,-1.3550989954299393e-10,FIXED_RSP_REPLAY,0.0,0.0,0.0054143803032908255
1.99095206043675e-06,502.2722645469588,6.5999999999999805e-09,132,0,8310.925401110215,8310.925401110215,300.0,145926.48785645555,101325.0,0.03197174893107944,0.03197174893107944,1181.8851668283246,1181.8851668283246,7.912843263306276e-05,147.27619572635504,0.00020825447226057798,4.810276090226444e-09,0.00020825928253666821,5.120374676525981e-09,0.0,-1.510980817613858e-23,0.0,-4.761687251876522e-20,-4.9581687676307956e-29,-0.005310085836881864,-0.004978321809168642,-1.2801881619915558,241.08615214839827,0.0041478948130727125,241.08615214839827,5e-11,0.006886759669324578,0.014292800086071054,4.984494474962149e-09,5.120374676525981e-09,2.294240154974437e-12,0.0,1.239184401782207e-11,6.555526920413272e-13,1.638881730103318e-13,1.321128488287373e-11,0.00020825928253666821,-3.089406496786186e-24,-1.358802015638315e-10,FIXED_RSP_REPLAY,0.0,0.0,0.0053446753606996335
1.983381339259494e-06,504.18947693304165,6.64999999999998e-09,133,0,8301.819293212731,8301.819293212731,300.0,145598.7564537589,101325.0,0.031956660799550264,0.031956660799550264,1173.4776322248904,1173.4776322248904,7.914887279337759e-05,147.8639371632552,0.00020825441861143976,4.864624260376396e-09,0.00020825928323570014,5.121073708451931e-09,0.0,-1.534049227043077e-23,0.0,-4.9642041342389324e-20,-5.0338660007243955e-29,-0.005241723585145533,-0.004914230699988618,-1.2637069697682437,241.08615214839827,0.0041478948130727125,241.08615214839827,5e-11,0.006710580263006057,0.013980638519003266,4.984830003975299e-09,5.121073708451931e-09,2.2966866856221297e-12,0.0,1.2074831686355309e-11,6.387821221763347e-13,1.5969553054408368e-13,1.2873309339075727e-11,0.00020825928323570014,-2.6972227200337494e-24,-1.3624370447663145e-10,FIXED_RSP_REPLAY,0.0,0.0,0.005275867802137478
1.9758842912208116e-06,506.1025103763258,6.69999999999998e-09,134,0,8292.803317726086,8292.803317726086,300.0,145276.42423869012,101325.0,0.03194229891435601,0.03194229891435601,1165.1737840831784,1165.1737840831784,7.916913453805325e-05,148.4405461243957,0.00020825436477545605,4.919143993152496e-09,0.0002082592839194492,5.121757457506633e-09,0.0,-1.5572923971497904e-23,0.0,-4.003291659806187e-20,1.033464752021514e-25,-0.00517424143161471,-0.0048509647022432194,-1.24743795703481,241.08615214839827,0.0041478948130727125,241.08615214839827,5e-11,0.006538907937389666,0.013674981094046688,4.985156949372169e-09,5.121757457506633e-09,2.2990706282979636e-12,0.0,1.1765929271204823e-11,6.224405826604721e-13,1.5561014566511804e-13,1.2543979999530413e-11,0.0002082592839194492,-2.4516534756820693e-24,-1.3660050813446424e-10,FIXED_RSP_REPLAY,0.0,0.0,0.00520794607466884
1.9684598718986483e-06,508.0113718729075,6.749999999999979e-09,135,0,8283.876661806979,8283.876661806979,300.0,144959.49070870326,101325.0,0.03192867004809393,0.03192867004809393,1156.9724273596144,1156.9724273596144,7.918921960047243e-05,149.00609044936678,0.00020825431075152667,4.973836707669639e-09,0.00020825928458823435,5.122426242625348e-09,0.0,-1.5807103279339978e-23,0.0,-8.874911463722266e-21,1.0334570676054273e-25,-0.005107628045886786,-0.004788513193416635,-1.2313783921880879,241.08615214839827,0.0041478948130727125,241.08615214839827,5e-11,0.006371627390867874,0.013375702374294229,4.985475530741712e-09,5.122426242625348e-09,2.3013935841485317e-12,0.0,1.1464929301762587e-11,6.065170978990881e-13,1.5162927447477203e-13,1.2223075674136446e-11,0.00020825928458823435,-2.8018319869532974e-24,-1.3695071188363551e-10,FIXED_RSP_REPLAY,0.0,0.0,0.0051408987740873555
1.9611070510354958e-06,509.9160698402385,6.799999999999979e-09,136,0,8275.03850378621,8275.03850378621,300.0,144647.95348439348,101325.0,0.031915780632053206,0.031915780632053206,1148.872359133028,1148.872359133028,7.92091297321665e-05,149.5606394021759,0.00020825425653854784,5.028703820500011e-09,0.00020825928524236833,5.123080376577367e-09,0.0,-1.6043030193956993e-23,0.0,1.2656363954118427e-20,-5.264398483327632e-29,-0.0050418722434243625,-0.004726865687747563,-1.215525578790992,241.08615214839827,0.0041478948130727125,241.08615214839827,5e-11,0.006208626271508281,0.013082679040369142,4.985785962055288e-09,5.123080376577367e-09,2.3036571133593557e-12,0.0,1.117162961500262e-11,5.910009730780704e-13,1.477502432695176e-13,1.1910380831350209e-11,0.00020825928524236833,-3.284084746420248e-24,-1.37294414522079e-10,FIXED_RSP_REPLAY,0.0,0.0,0.005074714643001729
1.953824812488703e-06,511.8166140628752,6.849999999999979e-09,137,0,8266.288014178395,8266.288014178395,300.0,144341.80837028782,101325.0,0.03190363676079023,0.03190363676079023,1140.8723701073434,1140.8723701073434,7.922886670070531e-05,150.10426359777023,0.00020825420213541626,5.083746741486898e-09,0.00020825928588215776,5.12372016607047e-09,0.0,-1.628070471534895e-23,0.0,-4.374022070365584e-20,1.0334415267340876e-25,-0.004976962983677878,-0.004666011834468657,-1.199876855119911,241.08615214839827,0.0041478948130727125,241.08615214839827,5e-11,0.006049795101595788,0.012795789862063821,4.9860884518103675e-09,5.12372016607047e-09,2.3058627362027655e-12,0.0,1.0885833219700779e-11,5.758817869809792e-13,1.439704467452448e-13,1.1605685453427003e-11,0.00020825928588215776,-2.6802590551278768e-24,-1.3763171426010262e-10,FIXED_RSP_REPLAY,0.0,0.0,0.005009382568946184
1.9466121541712836e-06,513.7130156395856,6.899999999999978e-09,138,0,8257.624356639932,8257.624356639932,300.0,144041.04941439087,101325.0,0.03189224419679518,0.03189224419679518,1132.9712460371406,1132.9712460371406,7.924843228769457e-05,150.63703493034583,0.00020825414754103386,5.138966869682129e-09,0.00020825928650790356,5.124345911853985e-09,0.0,-1.6520126843515846e-23,0.0,-3.4183215328346325e-20,1.0334336702788347e-25,-0.00491288936823232,-0.004605941416068636,-1.1844295937179052,241.08615214839827,0.0041478948130727125,241.08615214839827,5e-11,0.005895027204104867,0.012514915670296565,4.986383203170573e-09,5.124345911853985e-09,2.308011934058973e-12,0.0,1.0607348164128174e-11,5.611493849899048e-13,1.402873462474762e-13,1.1308784895365555e-11,0.00020825928650790356,-2.821219032560009e-24,-1.3796270868341186e-10,FIXED_RSP_REPLAY,0.0,0.0,0.004944891582515143
1.939468087985736e-06,515.6052869313077,6.949999999999978e-09,139,0,8249.046688877204,8249.046688877204,300.0,143745.66896648784,101325.0,0.03188160837524139,0.03188160837524139,1125.1677690778406,1125.1677690778406,7.926782828687573e-05,151.15902650361988,0.0002082540927543111,5.194365589409884e-09,0.0002082592871199005,5.124957908820454e-09,0.0,-1.6761296578457684e-23,0.0,-5.664471885134618e-20,1.0334257564771931e-25,-0.0048496406389777124,-0.004546644346576755,-1.1691812009536362,241.08615214839827,0.0041478948130727125,241.08615214839827,5e-11,0.005744218631052537,0.01223993932938423,4.986670414102126e-09,5.124957908820454e-09,2.3101061504110227e-12,0.0,1.0335987407129183e-11,5.467938722653548e-13,1.366984680663387e-13,1.1019479747460875e-11,0.0002082592871199005,-2.116419145399348e-24,-1.3828749471832769e-10,FIXED_RSP_REPLAY,0.0,0.0,0.004881230855521838
1.9323916397491974e-06,517.493441510536,6.9999999999999775e-09,140,0,8240.554163507351,8240.554163507351,300.0,143455.65773516305,101325.0,0.03187173440879645,0.03187173440879645,1117.4607190636193,1117.4607190636193,7.92870565023269e-05,151.67031256260688,0.00020825403777417133,5.249944266455017e-09,0.00020825928771843778,5.125556446105934e-09,0.0,-1.7004213920174463e-23,0.0,-6.335753243955571e-20,1.0334177853291628e-25,-0.004787206176303107,-0.004488110669869374,-1.1541291165859628,241.08615214839827,0.0041478948130727125,241.08615214839827,5e-11,0.005597268093684023,0.011970745709604116,4.98695027750681e-09,5.125556446105934e-09,2.312146791814289e-12,0.0,1.0071568692497662e-11,5.328056071005981e-13,1.3320140177514952e-13,1.073757570137341e-11,0.00020825928771843778,-2.1301516360374355e-24,-1.3860616859912362e-10,FIXED_RSP_REPLAY,0.0,2.220446049250313e-16,0.004818389699180562
1.9253818491123343e-06,519.3774941116401,7.049999999999977e-09,141,0,8232.145928873419,8232.145928873419,300.0,143171.0048435155,101325.0,0.03186262709248257,0.03186262709248257,1109.8488747152123,1109.8488747152123,7.930611874675786e-05,152.17096842740955,0.00020825398259955452,5.305704244382144e-09,0.0002082592883037989,5.126141807188936e-09,0.0,-1.7248878868666183e-23,0.0,-1.3964341187125264e-20,1.0334097568347438e-25,-0.004725575497313772,-0.004430330557998309,-1.1392708133341307,241.08615214839827,0.0041478948130727125,241.08615214839827,5e-11,0.005454076894444257,0.011707221660046748,4.9872229813515326e-09,5.126141807188936e-09,2.3141352288411733e-12,0.0,9.813914426566803e-12,5.191751944460047e-13,1.2979379861150117e-13,1.0462883419624308e-11,0.0002082592883037989,-1.7347366850172138e-24,-1.3891882583740354e-10,FIXED_RSP_REPLAY,0.0,2.220446049250313e-16,0.004756357562312264
1.9184377694715346e-06,521.2574605823501,7.099999999999977e-09,142,0,8223.82112981522,8223.82112981522,300.0,142891.6978836171,101325.0,0.03185429090859135,0.03185429090859135,1102.3310147791615,1102.3310147791615,7.932501683989767e-05,152.6610704286566,0.0002082539272294207,5.36164684098408e-09,0.00020825928887626167,5.126714269988023e-09,0.0,-1.7495291423932844e-23,0.0,-5.44310903463872e-20,-5.74094697348507e-29,-0.0046647382540712864,-0.00437329430954071,-1.1246037964534839,241.08615214839827,0.0041478948130727125,241.08615214839827,5e-11,0.00531454886068961,0.011449255981736321,4.9874887087945674e-09,5.126714269988023e-09,2.3160727970016317e-12,0.0,9.562851558930577e-12,5.058934795990356e-13,1.264733698997589e-13,1.0195218408429371e-11,0.00020825928887626167,-1.369613992757479e-24,-1.3922556119345558e-10,FIXED_RSP_REPLAY,0.0,0.0,0.004695124029573226
1.911558467874357e-06,523.1333578365484,7.149999999999976e-09,143,0,8215.578908397867,8215.578908397867,300.0,142617.72296968222,101325.0,0.03184673003163546,0.03184673003163546,1094.9059191014533,1094.9059191014533,7.934375260697219e-05,153.14069584459762,0.00020825387166275376,5.417773344860558e-09,0.00020825928943609862,5.127274106958074e-09,0.0,-1.7743451585974446e-23,0.0,-7.121069723218741e-20,1.0333935278067397e-25,-0.004604684231856268,-0.004316992347970177,-1.1101256033166307,241.08615214839827,0.0041478948130727125,241.08615214839827,5e-11,0.005178590280095202,0.01119673940101416,4.9877476383085725e-09,5.127274106958074e-09,2.3179607976401547e-12,0.0,9.318211466216532e-12,4.929515420556453e-13,1.2323788551391133e-13,9.934400893786087e-12,0.00020825928943609862,-1.0723459601212346e-24,-1.3952646864950112e-10,FIXED_RSP_REPLAY,0.0,2.220446049250313e-16,0.004634678819706459
1.9047430249199302e-06,525.0052038080239,7.199999999999976e-09,144,0,8207.418404600217,8207.418404600217,300.0,142349.0647899312,101325.0,0.03183994833332099,0.03183994833332099,1087.5723696377859,1087.5723696377859,7.936232787726153e-05,153.609922839956,0.0002082538158985648,5.4740850121296406e-09,0.00020825928998357692,5.127821585185232e-09,0.0,-1.799335935479099e-23,0.0,-3.0322395114980238e-21,1.0333853272731546e-25,-0.004545403347453434,-0.004261415220048849,-1.0958338029999974,241.08615214839827,0.0041478948130727125,241.08615214839827,5e-11,0.005046109837714636,0.010949564543179574,4.987999943800458e-09,5.127821585185232e-09,2.3198004988098e-12,0.0,9.07982983883199e-12,4.803406895189748e-13,1.200851723797437e-13,9.680255700730709e-12,0.00020825928998357692,-1.602258540038018e-24,-1.3982164138477428e-10,FIXED_RSP_REPLAY,0.0,0.0,0.004575011783815614
1.897990534653354e-06,526.8730174055576,7.2499999999999756e-09,145,0,8199.338756964902,8199.338756964902,300.0,142085.706657153,101325.0,0.03183394938753274,0.03183394938753274,1080.3291514033729,1080.3291514033729,7.938074448274368e-05,154.06883040644158,0.00020825375993589493,5.530583063271436e-09,0.0002082592905189582,5.128356966480551e-09,0.0,-1.8245014730382474e-23,0.0,-1.585792656450831e-20,-5.98696298103927e-29,-0.004486885647458715,-0.0042065535942401875,-1.0817259958756962,241.08615214839827,0.0041478948130727125,241.08615214839827,5e-11,0.0049170185546498196,0.010707625906372137,4.9882457947281905e-09,5.128356966480551e-09,2.3215931361238637e-12,0.0,8.84754657060752e-12,4.680524520613066e-13,1.1701311301532666e-13,9.432612135684152e-12,0.0002082592905189582,-1.4564518012042079e-24,-1.401111717523601e-10,FIXED_RSP_REPLAY,0.0,2.220446049250313e-16,0.004516112903661097
1.8913001044558172e-06,528.7368184689703,7.299999999999975e-09,146,0,8191.339103210176,8191.339103210176,300.0,141827.63055805283,101325.0,0.03182873647535289,0.03182873647535289,1073.1750533624825,1073.1750533624825,7.939900425681189e-05,154.51749830485164,0.00020825370377381907,5.5872686801043776e-09,0.00020825929104249918,5.128880507472335e-09,0.0,-1.84984177127489e-23,0.0,-2.6025056876379938e-20,1.0333687541668181e-25,-0.004429121306608145,-0.004152398259142194,-1.067799813208644,241.08615214839827,0.0041478948130727125,241.08615214839827,5e-11,0.004791229728289629,0.010470819835696392,4.988485356214605e-09,5.128880507472335e-09,2.3233399135857667e-12,0.0,8.62120565126356e-12,4.56078576435366e-13,1.140196441088415e-13,9.191303871807768e-12,0.00020825929104249918,-1.6091247853570616e-24,-1.4039515125772994e-10,FIXED_RSP_REPLAY,0.0,0.0,0.004457972289978072
1.8846708545193545e-06,530.5966278419628,7.349999999999975e-09,147,0,8183.418495684856,8183.418495684856,300.0,141574.82196591463,101325.0,0.0318243143114409,0.0318243143114409,1066.1087775205474,1066.1087775205474,7.941710920719675e-05,154.9560070088135,0.00020825364741144898,5.644143002406167e-09,0.0002082592915544514,5.129392459697214e-09,0.0,-1.8753568301890265e-23,0.0,-3.525747484367342e-20,1.0333603815940669e-25,-0.004372100626128266,-0.004098940121940797,-1.0540529167588664,241.08615214839827,0.0041478948130727125,241.08615214839827,5e-11,0.0046686588740773895,0.010239044497575069,4.988718789158309e-09,5.129392459697214e-09,2.325042004397708e-12,0.0,8.400655061628015e-12,4.444110205311495e-13,1.1110275513278737e-13,8.956168837291952e-12,0.0002082592915544514,-1.704444426256727e-24,-1.4067367053890497e-10,FIXED_RSP_REPLAY,0.0,0.0,0.004400580180816104
1.8781019182619723e-06,532.4524671831533,7.3999999999999744e-09,148,0,8175.576024272684,8175.576024272684,300.0,141327.26408640092,101325.0,0.03182068683899923,0.03182068683899923,1059.1290703089069,1059.1290703089069,7.943506126435794e-05,155.38443765014998,0.0002082535908479355,5.7012071258986436e-09,0.0002082592920550614,5.1298930696900395e-09,0.0,-1.901046649780657e-23,0.0,-3.0833969825935747e-20,-6.238140163577125e-29,-0.004315814032107725,-0.004046170206883153,-1.0404829983889152,241.08615214839827,0.0041478948130727125,241.08615214839827,5e-11,0.004549223668768078,0.010012199856511835,4.9889462503417475e-09,5.1298930696900395e-09,2.3267005517486332e-12,0.0,8.185746671534427e-12,4.33041947974555e-13,1.0826048699363874e-13,8.727049106502621e-12,0.0002082592920550614,-1.218960492521991e-24,-1.4094681934829202e-10,FIXED_RSP_REPLAY,0.0,0.0,0.004343926939900201
1.8715924423954694e-06,534.304358869974,7.449999999999974e-09,149,0,8167.810850854303,8167.810850854303,300.0,141084.93542699277,101325.0,0.03181785640043626,0.03181785640043626,1052.23476034924,1052.23476034924,7.945286221109878e-05,155.80287196573602,0.00020825353408247097,5.758462099804276e-09,0.00020825929254457076,5.130382579072385e-09,0.0,-1.9269112300497815e-23,0.0,-4.697831248693588e-20,1.0333434644093982e-25,-0.004260252073889857,-0.003994079653770597,-1.0270877796763394,241.08615214839827,0.0041478948130727125,241.08615214839827,5e-11,0.00443284389513704,0.009790187646906609,4.989167892536505e-09,5.130382579072385e-09,2.3283166695820425e-12,0.0,7.976336140332126e-12,4.2196372286418904e-13,1.0549093071604726e-13,8.503790793912362e-12,0.00020825929254457076,-9.309820859056293e-25,-1.4121468653588027e-10,FIXED_RSP_REPLAY,0.0,0.0,0.0042880030550129
1.865141586482218e-06,536.152326047304,7.499999999999975e-09,150,0,8160.122133691359,8160.122133691359,300.0,140847.81321832692,101325.0,0.03181582506566808,0.03181582506566808,1045.4246785927926,1045.4246785927926,7.94705138372967e-05,156.21139224591158,0.00020825347711429242,5.815908923913222e-09,0.00020825929302321634,5.130861224639744e-09,0.0,-1.9529505709964e-23,0.0,-3.5219373292291506e-20,1.0333349197974808e-25,-0.004205405422485927,-0.003942659716470992,-1.0138650115311414,241.08615214839827,0.0041478948130727125,241.08615214839827,5e-11,0.004319441388103237,0.0095729113471699,4.98938386460591e-09,5.130861224639744e-09,2.329891443344158e-12,0.0,7.772282819941561e-12,4.111689046428166e-13,1.0279222616070416e-13,8.286243950745082e-12,0.00020825929302321634,-8.703975683846556e-25,-1.4147736003383338e-10,FIXED_RSP_REPLAY,0.0,0.0,0.004232799136397215
1.8587485228061352e-06,537.9963925890897,7.549999999999975e-09,151,0,8152.509028965128,8152.509028965128,300.0,140615.8734872368,101325.0,0.03181459463683886,0.03181459463683886,1038.6976599859167,1038.6976599859167,7.948801793672274e-05,156.6100812844183,0.00020825341994268397,5.873548546219376e-09,0.00020825929349123018,5.131329238447579e-09,0.0,-1.9791646726205128e-23,0.0,-4.650348715798054e-21,1.0333263178391748e-25,-0.004151264869008819,-0.003891901761450243,-1.0008124738181607,241.08615214839827,0.0041478948130727125,241.08615214839827,5e-11,0.004208939982230475,0.009360276156704843,4.9895943116050215e-09,5.131329238447579e-09,2.331425930712951e-12,0.0,7.573449660389752e-12,4.006502431000107e-13,1.0016256077500267e-13,8.074262464264766e-12,0.00020825929349123018,-8.651469101995045e-25,-1.4173492684255723e-10,FIXED_RSP_REPLAY,0.0,0.0,0.004178305915179996
1.8524124362399126e-06,539.8365830612931,7.599999999999975e-09,152,0,8144.97069203723,8144.97069203723,300.0,140389.09112179666,101325.0,0.031814166653085126,0.031814166653085126,1032.0525448498709,1032.0525448498709,7.950537630443468e-05,156.9990223298171,0.0002082533625669789,5.931381860689275e-09,0.00020825929394883958,5.131786847896146e-09,0.0,-2.0055535349221197e-23,0.0,-5.2541888529403714e-20,1.0333176585344799e-25,-0.00409782132312686,-0.0038417972663226992,-0.9879279749843128,241.08615214839827,0.0041478948130727125,241.08615214839827,5e-11,0.0041012654605722875,0.009152188971351425,4.98979937487805e-09,5.131786847896146e-09,2.3329211623085178e-12,0.0,7.379703117762283e-12,3.90400673502642e-13,9.76001683756605e-14,7.867703959640585e-12,0.00020825929394883958,-7.1287782283012395e-25,-1.419874730180962e-10,FIXED_RSP_REPLAY,8.673617379884035e-19,1.1102230246251565e-16,0.004124514241815884
1.8461325241103259e-06,541.6729226857169,7.649999999999976e-09,153,0,8137.506278492441,8137.506278492441,300.0,140167.4399300293,101325.0,0.03181454239533701,0.03181454239533701,1025.4881800336666,1025.4881800336666,7.952259073461993e-05,157.37829903832784,0.00020825330498656236,5.989409705161728e-09,0.0002082592943962675,5.132234275814099e-09,0.0,-2.0321171579012206e-23,0.0,-4.1369425631879757e-20,1.0333089418833964e-25,-0.004045065811537557,-0.003792337818420229,-0.9752093516906277,241.08615214839827,0.0041478948130727125,241.08615214839827,5e-11,0.003996345504824816,0.008948558359042685,4.989999192153291e-09,5.132234275814099e-09,2.334378142385284e-12,0.0,7.1909130645101505e-12,3.804133118499418e-13,9.510332796248545e-14,7.666429704322578e-12,0.0002082592943962675,-1.1539331103828125e-24,-1.4223508366080745e-10,FIXED_RSP_REPLAY,0.0,0.0,0.004071415084550984
1.8399079960607396e-06,543.5054373050226,7.699999999999976e-09,154,0,8130.114945011449,8130.114945011449,300.0,139950.8926933954,101325.0,0.03181572289109944,0.03181572289109944,1019.0034198867666,1019.0034198867666,7.953966301878695e-05,157.74799542815987,0.00020825324720087288,6.0476328593764035e-09,0.00020825929483373224,5.132671740540882e-09,0.0,-2.0588555415578157e-23,0.0,-3.357682446485425e-20,1.0333001678859242e-25,-0.00399298947646098,-0.0037435151133797134,-0.962654468449025,241.08615214839827,0.0041478948130727125,241.08615214839827,5e-11,0.0038941096467552,0.00874929453566522,4.990193897635629e-09,5.132671740540882e-09,2.3357978495065e-12,0.0,7.006952702051164e-12,3.7068145024995e-13,9.26703625624875e-14,7.470304514863601e-12,0.00020825929483373224,-1.0473043595458988e-24,-1.424778429052527e-10,FIXED_RSP_REPLAY,0.0,0.0,0.004018999527906455
1.8337380739116032e-06,545.3341533487763,7.749999999999977e-09,155,0,8122.795850106297,8122.795850106297,300.0,139739.421216148,101325.0,0.03181770891925181,0.03181770891925181,1012.5971270841038,1012.5971270841038,7.955659494424136e-05,158.1081958351289,0.0002082531892094046,6.106052043132896e-09,0.00020825929526144772,5.133099456007938e-09,0.0,-2.0857686858919048e-23,0.0,-2.041251414751616e-20,-6.844291492212999e-29,-0.003941583574152531,-0.0036953209537487243,-0.9502612172637646,241.08615214839827,0.0041478948130727125,241.08615214839827,5e-11,0.0037944892208724846,0.008554309341127353,4.990383622096673e-09,5.133099456007938e-09,2.3371812372014818e-12,0.0,6.82769847560719e-12,3.611985524142446e-13,9.029963810356115e-14,7.279196666124995e-12,0.00020825929526144772,-1.0469004627624257e-24,-1.4271583391126556e-10,FIXED_RSP_REPLAY,0.0,0.0,0.003967258771181595
1.8276219915189948e-06,547.1590978005622,7.799999999999977e-09,156,0,8115.548154746988,8115.548154746988,300.0,139532.99637118127,101325.0,0.03182050101482266,0.03182050101482266,1006.268173331445,1006.268173331445,7.95733882927848e-05,158.4589848697792,0.0002082531310117089,6.164667914574607e-09,0.00020825929567962347,5.13351763181872e-09,0.0,-2.112856590903488e-23,0.0,-8.32586592458951e-20,1.0332824478518137e-25,-0.003890839473434864,-0.0036477472476091517,-0.9380275172775114,241.08615214839827,0.0041478948130727125,241.08615214839827,5e-11,0.0036974173183093083,0.008363516215631406,4.9905684929625885e-09,5.13351763181872e-09,2.338529234606036e-12,0.0,6.65302999122007e-12,3.519582492679248e-13,8.79895623169812e-14,7.092977802804977e-12,0.00020825929567962347,-9.317898794725756e-25,-1.4294913885613133e-10,FIXED_RSP_REPLAY,0.0,1.1102230246251565e-16,0.003916184126976207
1.8215589946314239e-06,548.9802981661546,7.849999999999978e-09,157,0,8108.371022901093,8108.371022901093,300.0,139331.58814292398,101325.0,0.03182409947372183,0.03182409947372183,1000.0154399728092,1000.0154399728092,7.959004483959486e-05,158.80044737575003,0.00020825307260739645,6.223481068599218e-09,0.00020825929608846505,5.133926473327528e-09,0.0,-2.1401192565925654e-23,0.0,-1.1684647829563616e-20,-7.022638761092617e-29,-0.0038407486542487005,-0.0036007860072185525,-0.9259513144219581,241.08615214839827,0.0041478948130727125,241.08615214839827,5e-11,0.003602828741883396,0.008176830176149754,4.990748634399683e-09,5.133926473327528e-09,2.339842747086505e-12,0.0,6.482829934890463e-12,3.4295433467190073e-13,8.573858366797518e-14,6.911522853230339e-12,0.00020825929608846505,-8.401053096241687e-26,-1.431778389278447e-10,FIXED_RSP_REPLAY,0.0,1.1102230246251565e-16,0.003865767019731974
1.815548340745836e-06,550.7977824425183,7.899999999999978e-09,158,0,8101.263622000281,8101.263622000281,300.0,139135.16566776732,101325.0,0.03182850435745277,0.03182850435745277,993.837818513949,993.837818513949,7.960656635225432e-05,159.1326683895269,0.00020825301399613803,6.282492035394061e-09,0.00020825929648817342,5.134326181717183e-09,0.0,-2.167556682959137e-23,0.0,-3.163900012044397e-20,1.0332644984321483e-25,-0.0037913027062222954,-0.0035544293476689887,-0.9140305810729424,241.08615214839827,0.0041478948130727125,241.08615214839827,5e-11,0.003510659962308666,0.0079941677931044,4.990924167397798e-09,5.134326181717183e-09,2.3411226568478425e-12,0.0,6.3169839937852954e-12,3.341807612546163e-13,8.354519031365408e-14,6.734709945353565e-12,0.00020825929648817342,-6.979336418416171e-25,-1.4340201431938475e-10,FIXED_RSP_REPLAY,0.0,0.0,0.0038159989842926007
1.8095892989617548e-06,552.6115790879987,7.949999999999979e-09,159,0,8094.225123347712,8094.225123347712,300.0,138943.6972723502,101325.0,0.03183371549778622,0.03183371549778622,987.7342110759017,987.7342110759017,7.962295458990385e-05,159.45573310144394,0.0002082529551776667,6.341701279092372e-09,0.0002082592968789458,5.1347169540755454e-09,0.0,-2.1951688700032024e-23,0.0,-1.460597306862246e-20,1.0332554377027325e-25,-0.003742493327259329,-0.0035086694855631334,-0.9022633157100078,241.08615214839827,0.0041478948130727125,241.08615214839827,5e-11,0.003420849075526579,0.007815447167246584,4.991095209851574e-09,5.1347169540755454e-09,2.342369823526139e-12,0.0,6.155380779460931e-12,3.256316363504069e-13,8.140790908760172e-14,6.562420324898939e-12,0.0002082592968789458,-8.998820335781961e-25,-1.4362174422397119e-10,FIXED_RSP_REPLAY,0.0,0.0,0.003766871664482516
1.803681149835057e-06,554.4217169932989,7.999999999999979e-09,160,0,8087.254702477208,8087.254702477208,300.0,138757.15050987754,101325.0,0.03183973250136103,0.03183973250136103,981.7035307898096,981.7035307898096,7.963921130249341e-05,159.76972681803403,0.0002082528961517786,6.401109196551724e-09,0.00020825929726097514,5.135098983470883e-09,0.0,-2.222955817724762e-23,0.0,-6.797180815695825e-20,1.0332463196269281e-25,-0.0036943123221449647,-0.003463498737707419,-0.8906475425803435,241.08615214839827,0.0041478948130727125,241.08615214839827,5e-11,0.003333335761129015,0.00764058790674195,4.991261876639631e-09,5.135098983470883e-09,2.343585084765985e-12,0.0,5.997911753050443e-12,3.173012180417619e-13,7.932530451044048e-14,6.394538275602645e-12,0.00020825929726097514,-5.4728014160612915e-25,-1.4383710683125175e-10,FIXED_RSP_REPLAY,0.0,0.0,0.0037183768117038415
1.7978231852305108e-06,556.2282254535411,8.04999999999998e-09,161,0,8080.351539468875,8080.351539468875,300.0,138575.4921948449,101325.0,0.0318465547542705,0.0318465547542705,975.7447021379455,975.7447021379455,7.965533823012401e-05,160.07473492547774,0.00020825283691833446,6.460716116249549e-09,0.00020825929763445072,5.135472459026106e-09,0.0,-2.250917526123816e-23,0.0,-4.005308773915246e-20,1.0332371442047349e-25,-0.00364675160116986,-0.0034189095198220096,-0.8791813113670519,241.08615214839827,0.0041478948130727125,241.08615214839827,5e-11,0.0032480612418448415,0.007469511104455892,4.991424279701723e-09,5.135472459026106e-09,2.3447692567830627e-12,0.0,5.844471152364782e-12,3.0918391130283563e-13,7.729597782570891e-14,6.230951041493327e-12,0.00020825929763445072,-2.9040178731720063e-25,-1.4404817932438234e-10,FIXED_RSP_REPLAY,0.0,0.0,0.003670506283551457
1.7920147081739602e-06,558.0311341411852,8.09999999999998e-09,162,0,8073.514819230645,8073.514819230645,300.0,138398.68843618035,101325.0,0.031854181426568894,0.031854181426568894,969.8566612507775,969.8566612507775,7.967133710246033e-05,160.37084285439948,0.00020825277747726039,6.520522297296423e-09,0.00020825929799955767,5.135837565991878e-09,0.0,-2.2790539952003637e-23,0.0,-5.399218960597429e-20,1.0332279114361531e-25,-0.0035998031787718887,-0.003374894345267382,-0.8678626968616873,241.08615214839827,0.0041478948130727125,241.08615214839827,5e-11,0.0031649682440628214,0.00730213931544375,4.991582528113926e-09,5.135837565991878e-09,2.3459231349123512e-12,0.0,5.694955920858876e-12,3.012742642416164e-13,7.53185660604041e-14,6.071548751160897e-12,0.00020825929799955767,-9.641016221504283e-25,-1.442550378779516e-10,FIXED_RSP_REPLAY,0.0,0.0,0.00362325204244585
1.7862550327042794e-06,559.8304730797942,8.14999999999998e-09,163,0,8066.743731748731,8066.743731748731,300.0,138226.70466902305,101325.0,0.03186261147673057,0.03186261147673057,964.0383561634048,964.0383561634048,7.968720963820729e-05,160.6581360458119,0.00020825271782854893,6.580527928563387e-09,0.0002082592983564775,5.13619448581861e-09,0.0,-2.3073652249544057e-23,0.0,-6.475657402942439e-20,1.0332186213211825e-25,-0.003553459172195347,-0.0033314458237873037,-0.8566897986410088,241.08615214839827,0.0041478948130727125,241.08615214839827,5e-11,0.0030840009593645365,0.007138396534643638,4.991736728161895e-09,5.13619448581861e-09,2.347047494142302e-12,0.0,5.549265638414933e-12,2.935669644382289e-13,7.339174110955723e-14,5.916224343962719e-12,0.0002082592983564775,-4.60038436375927e-25,-1.4445775765671529e-10,FIXED_RSP_REPLAY,0.0,0.0,0.003576606154283615
1.7805434837246454e-06,561.6262726188194,8.19999999999998e-09,164,0,8060.037472311385,8060.037472311385,300.0,138059.50568523383,101325.0,0.0318718436560522,0.0318718436560522,958.2887470362788,958.2887470362788,7.970295754464198e-05,160.93669991823012,0.00020825265797225998,6.640733127922283e-09,0.0002082592987053879,5.136543396227348e-09,0.0,-2.3358512153859418e-23,0.0,-6.555095227737961e-20,1.0332092738598232e-25,-0.003507711800167424,-0.0032885566602679863,-0.8456607407478955,241.08615214839827,0.0041478948130727125,241.08615214839827,5e-11,0.003005105007041308,0.0069782081747724765,4.991886983412247e-09,5.136543396227348e-09,2.3481430896353497e-12,0.0,5.407302453896466e-12,2.8605683537691175e-13,7.151420884422794e-14,5.764873498117605e-12,0.0002082592987053879,-9.572353768313846e-25,-1.4465641281510172e-10,FIXED_RSP_REPLAY,0.0,1.1102230246251565e-16,0.0035305607871052836
1.7748793968541018e-06,563.4185634091293,8.249999999999981e-09,165,0,8053.395241709948,8053.395241709948,300.0,137897.05566268638,101325.0,0.03188187651298118,0.03188187651298118,952.6068063444374,952.6068063444374,7.971858251719257e-05,161.2066198358714,0.00020825259790852138,6.701137941595244e-09,0.00020825929904646297,5.13688447127957e-09,0.0,-2.364511966494972e-23,0.0,-4.9193742271654574e-20,1.0331998690520752e-25,-0.003462553381591708,-0.003246219653513222,-0.8347736713763695,241.08615214839827,0.0041478948130727125,241.08615214839827,5e-11,0.00292822739757006,0.006821501044428628,4.992033394782125e-09,5.13688447127957e-09,2.3492106572351103e-12,0.0,5.268971019427752e-12,2.787388329692732e-13,6.96847082423183e-14,5.617394560639343e-12,0.00020825929904646297,-5.149683989282765e-25,-1.4485107649744496e-10,FIXED_RSP_REPLAY,0.0,1.1102230246251565e-16,0.00348510820978033
1.7692621182793148e-06,565.2073763793371,8.299999999999982e-09,166,0,8046.816246418061,8046.816246418061,300.0,137739.31819350133,101325.0,0.03189270839740295,0.03189270839740295,946.9915190368155,946.9915190368155,7.973408623906338e-05,161.46798107809687,0.00020825253763752955,6.761742343613565e-09,0.00020825929937987316,5.13721788144589e-09,0.0,-2.393347478281496e-23,0.0,-2.2613408822993446e-20,1.0331904068979385e-25,-0.0034179763342585155,-0.003204427695035282,-0.8240267625606731,241.08615214839827,0.0041478948130727125,241.08615214839827,5e-11,0.0028533164970235415,0.006668203326398537,4.992176060606976e-09,5.13721788144589e-09,2.350250913960599e-12,0.0,5.134178426354565e-12,2.7160804216648956e-13,6.790201054162239e-14,5.473688479062676e-12,0.00020825929937987316,-9.523886154297067e-25,-1.4504182083891374e-10,FIXED_RSP_REPLAY,0.0,1.1102230246251565e-16,0.0034402407907090965
1.7636910046057591e-06,566.9927427131896,8.349999999999982e-09,167,0,8040.299698754058,8040.299698754058,300.0,137586.25631116278,101325.0,0.031904337464834294,0.031904337464834294,941.4418826708063,941.4418826708063,7.97494703808942e-05,161.72086880979435,0.00020825247715955002,6.822546235380655e-09,0.0002082592997057854,5.137543793673698e-09,0.0,-2.422357750745514e-23,0.0,-2.0276086514643232e-20,1.0331808873974131e-25,-0.003373973173571819,-0.0031631737678613865,-0.8134182098683497,241.08615214839827,0.0041478948130727125,241.08615214839827,5e-11,0.0027803219923910206,0.006518244556169297,4.992315076706595e-09,5.137543793673698e-09,2.3512645584878097e-12,0.0,5.002834142843199e-12,2.6465967365817226e-13,6.616491841454306e-14,5.333658734915915e-12,0.0002082592997057854,-1.0715381665542883e-24,-1.45228716967103e-10,FIXED_RSP_REPLAY,0.0,0.0,0.0033959509965414258
1.7581654227101756e-06,568.7746938274561,8.399999999999983e-09,168,0,8033.844817024821,8033.844817024821,300.0,137437.8325167287,101325.0,0.031916761680586575,0.031916761680586575,935.9569075210221,935.9569075210221,7.976473660045772e-05,161.96536805295742,0.0002082524164749178,6.883549445339277e-09,0.00020825930002436315,5.137862371453731e-09,0.0,-2.4515427838870262e-23,0.0,-3.522932229809573e-20,1.033171310550499e-25,-0.0033305365112925637,-0.003122450945355536,-0.8029462320972746,241.08615214839827,0.0041478948130727125,241.08615214839827,5e-11,0.002709194857786166,0.006371555600651504,4.992450536449484e-09,5.137862371453731e-09,2.352252271618971e-12,0.0,4.87484995307584e-12,2.5788906065568414e-13,6.447226516392103e-14,5.197211278895445e-12,0.00020825930002436315,-1.37486465094263e-24,-1.4541183500424656e-10,FIXED_RSP_REPLAY,0.0,0.0,0.003352231390911806
1.7526847495929072e-06,570.5532613507752,8.449999999999983e-09,169,0,8027.450825656355,8027.450825656355,300.0,137294.00880402027,101325.0,0.03192997882383165,0.03192997882383165,930.5356166678575,930.5356166678575,7.97798865423855e-05,162.20156365924004,0.00020825235558403783,6.944751728738939e-09,0.00020825930033576656,5.138173774885587e-09,0.0,-2.4809025777060325e-23,0.0,-5.751634314005015e-20,1.0331616763571961e-25,-0.003287659054298172,-0.0030822523900555137,-0.7926090709765883,241.08615214839827,0.0041478948130727125,241.08615214839827,5e-11,0.0026398873215193737,0.006228068637106664,4.9925825308155604e-09,5.138173774885587e-09,2.3532147167397996e-12,0.0,4.750139898001463e-12,2.5129165575774815e-13,6.282291393943704e-14,5.064254467698648e-12,0.00020825930033576656,-9.350210537403609e-25,-1.4559124407002625e-10,FIXED_RSP_REPLAY,0.0,0.0,0.0033090746331907693
1.74724837223083e-06,572.3284771032481,8.499999999999983e-09,170,0,8021.116955309407,8021.116955309407,300.0,137154.74668397094,101325.0,0.031943986491624665,0.031943986491624665,925.1770460645519,925.1770460645519,7.979492183792441e-05,162.42954028355396,0.00020825229448738497,7.006152767501125e-09,0.00020825930064015248,5.138478160742201e-09,0.0,-2.510437132202533e-23,0.0,-3.123722945945667e-21,1.0331519848175046e-25,-0.0032453336033580055,-0.0030425713525248565,-0.7824049908714777,241.08615214839827,0.0041478948130727125,241.08615214839827,5e-11,0.002572352834012515,0.006087717132286149,4.992711148457261e-09,5.138478160742201e-09,2.354152540265055e-12,0.0,4.6286202176024675e-12,2.448630278962389e-13,6.121575697405972e-14,4.934699002472766e-12,0.00020825930064015248,-9.984328487456467e-25,-1.4576701228494016e-10,FIXED_RSP_REPLAY,0.0,0.0,0.0032664734772524023
1.7418556874309154e-06,574.1003730767802,8.549999999999984e-09,171,0,8014.8424429831775,8014.8424429831775,300.0,137020.0072080905,101325.0,0.031958782102850254,0.031958782102850254,919.8802445863953,919.8802445863953,7.98098441047185e-05,162.6493823586291,0.00020825223318550408,7.0677521701803635e-09,0.00020825930093767425,5.13877568253329e-09,0.0,-2.5401464473765274e-23,0.0,-2.1369142810179538e-20,1.0331422359314244e-25,-0.0032035530519245996,-0.0030034011702196116,-0.7723322784917597,241.08615214839827,0.0041478948130727125,241.08615214839827,5e-11,0.0025065460365344475,0.005950435821780042,4.992836475759088e-09,5.13877568253329e-09,2.3550663720726966e-12,0.0,4.510209294638266e-12,2.385988593601092e-13,5.96497148400273e-14,4.808457868838402e-12,0.00020825930093767425,-9.628899318000088e-25,-1.45939206774202e-10,FIXED_RSP_REPLAY,0.0,0.0,0.0032244207702576905
1.7365061016847535e-06,575.868981416076,8.599999999999984e-09,172,0,8008.626532107408,8008.626532107408,300.0,136889.75099110344,101325.0,0.031974362902103176,0.031974362902103176,914.6442740625255,914.6442740625255,7.982465494661403e-05,162.86117407057046,0.00020825217167901028,7.129549472018545e-09,0.0002082593012284823,5.139066490567769e-09,0.0,-2.570030523228016e-23,0.0,-1.5222662519056504e-20,1.0331324296989555e-25,-0.0031623103849404547,-0.002964735266369675,-0.7623892426042144,241.08615214839827,0.0041478948130727125,241.08615214839827,5e-11,0.002442422730736387,0.0058161606895773075,4.992958596895625e-09,5.139066490567769e-09,2.355956825926933e-12,0.0,4.394827599828033e-12,2.3249494289545107e-13,5.812373572386277e-14,4.685446278447347e-12,0.0002082593012284823,-1.3251853465754315e-24,-1.4610789367214418e-10,FIXED_RSP_REPLAY,0.0,0.0,0.0031829094514535515
1.7311990310237961e-06,577.6343344003724,8.649999999999985e-09,173,0,8002.468472623893,8002.468472623893,300.0,136763.9382328004,101325.0,0.03199072596350345,0.03199072596350345,909.4682092920182,909.4682092920182,7.983935595348783e-05,163.06499933541068,0.0002082521099685886,7.191544135089277e-09,0.0002082593015127237,5.139350732015161e-09,0.0,-2.6000893597569987e-23,0.0,-5.507735220083922e-20,1.0331225661200978e-25,-0.0031215986776601938,-0.002926567148874538,-0.7525742137486243,241.08615214839827,0.0041478948130727125,241.08615214839827,5e-11,0.002379939848966595,0.005684828947837303,4.993077593888073e-09,5.139350732015161e-09,2.3568244998904505e-12,0.0,4.28239763843582e-12,2.2654717887974406e-13,5.6636794719936016e-14,4.5655816120355e-12,0.0002082593015127237,-1.7359483753676333e-24,-1.4627313812708823e-10,FIXED_RSP_REPLAY,0.0,0.0,0.003141932550987305
1.7259339008754268e-06,579.396464425886,8.699999999999985e-09,174,0,7996.36752105801,7996.36752105801,300.0,136642.5287391362,101325.0,0.032007868194448875,0.032007868194448875,904.3511380450406,904.3511380450406,7.985394870109543e-05,163.2609417765092,0.00020825204805499417,7.253735548529755e-09,0.0002082593017905427,5.139628550966005e-09,0.0,-2.6303229569634755e-23,0.0,-5.477423466294087e-21,1.0331126451948514e-25,-0.0030814110944878815,-0.0028888904092132465,-0.7428855439574679,241.08615214839827,0.0041478948130727125,241.08615214839827,5e-11,0.002319055425344521,0.005556379016874839,4.99319354665934e-09,5.139628550966005e-09,2.3576699767260937e-12,0.0,4.17284389822214e-12,2.2075157256839318e-13,5.5187893142098294e-14,4.4487833639326315e-12,0.0002082593017905427,-1.326397036925851e-24,-1.464350043066644e-10,FIXED_RSP_REPLAY,0.0,0.0,0.0031014831887364266
1.7207101459200541e-06,581.1554039889186,8.749999999999986e-09,175,0,7990.322940581187,7990.322940581187,300.0,136525.4819425947,101325.0,0.032025786339302115,0.032025786339302115,899.2921610504808,899.2921610504808,7.986843475093897e-05,163.44908470291065,0.00020825198593905136,7.316123028858154e-09,0.0002082593020620802,5.139900088491273e-09,0.0,-2.6607313148474464e-23,0.0,-1.8218790525027212e-20,1.0331026669232163e-25,-0.0030417408878293086,-0.002851698721368397,-0.7333216064792207,241.08615214839827,0.0041478948130727125,241.08615214839827,5e-11,0.002259728567574912,0.0054307505053594355,4.993306533087719e-09,5.139900088491273e-09,2.3584938242882714e-12,0.0,4.066092798727076e-12,2.1510423141170602e-13,5.3776057852926504e-14,4.334973087991709e-12,0.0002082593020620802,-1.042457598144221e-24,-1.4659355540355394e-10,FIXED_RSP_REPLAY,0.0,0.0,0.0030615545731533527
1.7155272099492112e-06,582.911185669626,8.799999999999986e-09,176,0,7984.334001065699,7984.334001065699,300.0,136412.75692182189,101325.0,0.0320444769829997,0.0320444769829997,894.2903919717783,894.2903919717783,7.988281565014979e-05,163.62951108863194,0.00020825192362165405,7.378705820372976e-09,0.00020825930232747442,5.140165482700809e-09,0.0,-2.6913144334089114e-23,0.0,-2.1578276823790673e-20,1.0330926313051925e-25,-0.0030025813969590566,-0.0028149858407639787,-0.7238807955052213,241.08615214839827,0.0041478948130727125,241.08615214839827,5e-11,0.0022019194294830057,0.005307884190729313,4.993416629059193e-09,5.140165482700809e-09,2.35929659590435e-12,0.0,3.962072641850842e-12,2.0960136244050885e-13,5.240034061012721e-14,4.224074344901478e-12,0.00020825930232747442,-1.0994070446139362e-24,-1.467488536416161e-10,FIXED_RSP_REPLAY,0.0,0.0,0.0030221400001251737
1.710384494322431e-06,584.66385968738,8.849999999999987e-09,177,0,7978.39997912995,7978.39997912995,300.0,136304.3124206384,101325.0,0.032063936554625014,0.032063936554625014,889.3449573694182,889.3449573694182,7.98970929313932e-05,163.8023035526429,0.0002082518611037711,7.441483089399888e-09,0.0002082593025868605,5.1404248688008e-09,0.0,-2.7220723126478705e-23,0.0,-4.883583994743043e-20,1.0330825383407802e-25,-0.0029639260469021436,-0.0027787456032168974,-0.7145615259000508,241.08615214839827,0.0041478948130727125,241.08615214839827,5e-11,0.002145589184252314,0.0051877219998210135,4.9935239085184056e-09,5.1404248688008e-09,2.3600788307462887e-12,0.0,3.860713563698619e-12,2.0423926971864365e-13,5.105981742966091e-14,4.116012650846924e-12,0.0002082593025868605,-1.5776208362461553e-24,-1.4690096028239462e-10,FIXED_RSP_REPLAY,0.0,0.0,0.002983232851847989
1.7052814039205755e-06,586.4134785619087,8.899999999999987e-09,178,0,7972.520158178529,7972.520158178529,300.0,136200.10686633323,101325.0,0.03208416133088488,0.03208416133088488,884.454996654699,884.454996654699,7.991126811278081e-05,163.96754433992325,0.00020825179838644122,7.504453929641608e-09,0.00020825930284037086,5.140678379157904e-09,0.0,-2.753004952564324e-23,0.0,-3.135534138874646e-20,1.033072388029979e-25,-0.0029257683473300723,-0.0027429719239019912,-0.7053622329353856,241.08615214839827,0.0041478948130727125,241.08615214839827,5e-11,0.0020906999983470445,0.00507020714209073,4.993628443518323e-09,5.140678379157904e-09,2.3608410541927674e-12,0.0,3.7619474876572955e-12,1.9901435186063728e-13,4.975358796515932e-14,4.010715427483092e-12,0.00020825930284037086,-9.459262668941361e-25,-1.4704993563958106e-10,FIXED_RSP_REPLAY,0.0,0.0,0.0029448265957157534
1.7002172351487163e-06,588.1601358502468,8.949999999999987e-09,179,0,7966.6938284338075,7966.6938284338075,300.0,136100.09838737702,101325.0,0.032105147439549425,0.032105147439549425,879.6196620320304,879.6196620320304,7.992534269780436e-05,164.1253153031516,0.00020825173547076676,7.567617368314786e-09,0.00020825930308813507,5.140926143354989e-09,0.0,-2.784112353158271e-23,0.0,-1.6949474914528868e-20,-9.135853184955624e-29,-0.0028881018914710876,-0.002707658796330376,-0.6962813720272755,241.08615214839827,0.0041478948130727125,241.08615214839827,5e-11,0.002037215006101688,0.004955283941697552,4.993730304268628e-09,5.140926143354989e-09,2.3615837781820514e-12,0.0,3.6657080786726305e-12,1.939230996128741e-13,4.848077490321852e-14,3.908111953188723e-12,0.00020825930308813507,-1.3655750249227473e-24,-1.4719583908636097e-10,FIXED_RSP_REPLAY,0.0,0.0,0.002906914783223458
1.6951914734532215e-06,589.9038637581932,8.999999999999988e-09,180,0,7960.920286962367,7960.920286962367,300.0,136004.2448304967,101325.0,0.03212689086281271,0.03212689086281271,874.8381184329608,874.8381184329608,7.993931817527682e-05,164.2756978852492,0.00020825167235791886,7.630972361125036e-09,0.00020825930333027997,5.141168288261811e-09,0.0,-2.8153945144297125e-23,0.0,-2.3720261049888115e-20,1.0330519153692105e-25,-0.0028509203550344626,-0.0026728002913409396,-0.687317418476804,241.08615214839827,0.0041478948130727125,241.08615214839827,5e-11,0.0019850982849606066,0.004842898136429855,4.993829559182876e-09,5.141168288261811e-09,2.3623075015558294e-12,0.0,3.5719306986961058e-12,1.8896209349664727e-13,4.724052337416182e-14,3.808133315566915e-12,0.00020825930333027997,-6.882401190382613e-25,-1.4733872907893476e-10,FIXED_RSP_REPLAY,0.0,0.0,0.00286949104888439
1.690203612681319e-06,591.644694459984,9.049999999999988e-09,181,0,7955.198837694161,7955.198837694161,300.0,135912.5037772011,101325.0,0.032149387440612444,0.032149387440612444,870.1095434406859,870.1095434406859,7.995319601929154e-05,164.4187731027799,0.00020825160904913557,7.694517794163628e-09,0.00020825930356692973,5.141404938061596e-09,0.0,-2.846851436378648e-23,0.0,-6.664049606264655e-20,1.0330415930192432e-25,-0.002814217495148635,-0.0026383905561048206,-0.6784688672140882,241.08615214839827,0.0041478948130727125,241.08615214839827,5e-11,0.0019343148313511003,0.00473299599570706,4.993926274924444e-09,5.141404938061596e-09,2.363012710394253e-12,0.0,3.4805523632715522e-12,1.841280015115072e-13,4.60320003778768e-14,3.710712365160936e-12,0.00020825930356692973,-1.523094770477279e-24,-1.474786631371526e-10,FIXED_RSP_REPLAY,0.0,0.0,0.002832549109161366
1.685253154938534e-06,593.3826600885212,9.099999999999989e-09,182,0,7949.528791438081,7949.528791438081,300.0,135824.8325596793,101325.0,0.03217263287385883,0.03217263287385883,865.4331272084099,865.4331272084099,7.99669776891872e-05,164.55462153007085,0.00020825154554572124,7.758252484772315e-09,0.00020825930379820602,5.141636214303997e-09,0.0,-2.8784831190050776e-23,0.0,-2.0773647413407433e-20,1.0330312133228871e-25,-0.002777987149313016,-0.0026044238131427053,-0.669734232545573,241.08615214839827,0.0041478948130727125,241.08615214839827,5e-11,0.0018848305371736607,0.0046255248480158995,4.994020516451302e-09,5.141636214303997e-09,2.3636998783424083e-12,0.0,3.3915116992323943e-12,1.7941757689736304e-13,4.485439422434076e-14,3.6157836703540984e-12,0.00020825930379820602,-1.5756013523287895e-24,-1.476156978526952e-10,FIXED_RSP_REPLAY,0.0,0.0,0.0027960827614117007
1.6803395554305018e-06,595.1178122113544,9.14999999999999e-09,183,0,7943.909465890208,7943.909465890208,300.0,135741.18827625152,101325.0,0.03219662272764562,0.03219662272764562,860.8080723685055,860.8080723685055,7.99806646295284e-05,164.68332328408002,0.00020825148184904627,7.822175181401067e-09,0.00020825930402422767,5.141862235957135e-09,0.0,-2.9102895623090013e-23,0.0,-2.5682455232730136e-20,-9.549894111422134e-29,-0.0027422232343632864,-0.002570894359354774,-0.6611120479045801,241.08615214839827,0.0041478948130727125,241.08615214839827,5e-11,0.001836612166893683,0.004520433062748007,4.994112347059647e-09,5.141862235957135e-09,2.3643694669284322e-12,0.0,3.304748903481097e-12,1.7482765595383512e-13,4.370691398845878e-14,3.523283473423391e-12,0.00020825930402422767,-1.4402959298652816e-24,-1.4774988889748793e-10,FIXED_RSP_REPLAY,0.0,1.1102230246251565e-16,0.002760085882845775
1.6754621257478518e-06,596.850256793268,9.19999999999999e-09,184,0,7938.340185639067,7938.340185639067,300.0,135661.5278061939,101325.0,0.03222135243436344,0.03222135243436344,856.2335939368653,856.2335939368653,7.999425827009289e-05,164.80495801004653,0.00020825141796054753,7.886284563671534e-09,0.0002082593042451112,5.14208311946598e-09,0.0,-2.942270766290419e-23,0.0,-1.7094265317581033e-21,1.033010281891009e-25,-0.0027069197454500254,-0.002537796565063136,-0.6526008656050684,241.08615214839827,0.0041478948130727125,241.08615214839827,5e-11,0.0017896273352192116,0.004417670176898914,4.994201828426408e-09,5.14208311946598e-09,2.365021925873494e-12,0.0,3.2202057028231262e-12,1.703551559153938e-13,4.258878897884845e-14,3.4331496477173684e-12,0.0002082593042451112,-1.5033038280870942e-24,-1.4788129103957192e-10,FIXED_RSP_REPLAY,0.0,0.0,0.002724552429499001
1.6706204004178327e-06,598.5800243729178,9.24999999999999e-09,185,0,7932.820282163827,7932.820282163827,300.0,135585.80782409472,101325.0,0.032246817296785794,0.032246817296785794,851.7089192089483,851.7089192089483,8.000776002587334e-05,164.91960486799744,0.000208251353881721,7.950579249503407e-09,0.0002082593044609705,5.14229897882157e-09,0.0,-2.974426730949331e-23,0.0,-4.4453479064469844e-20,1.0329997301554868e-25,-0.0026720707550304756,-0.002505124873066594,-0.6441992565985627,241.08615214839827,0.0041478948130727125,241.08615214839827,5e-11,0.0017438444853497509,0.004317187111800017,4.994289020650676e-09,5.14229897882157e-09,2.3656576933938445e-12,0.0,3.137825314828459e-12,1.6599707288085635e-13,4.1499268220214086e-14,3.3453216559295298e-12,0.0002082593044609705,-9.871237388083983e-25,-1.48009958170894e-10,FIXED_RSP_REPLAY,0.0,0.0,0.0026894764352170266
1.6658139215804533e-06,600.3071453810655,9.29999999999999e-09,186,0,7927.349093826131,7927.349093826131,300.0,135513.98481356123,101325.0,0.03227301249107636,0.03227301249107636,847.2332876488283,847.2332876488283,8.002117129709181e-05,165.0273425198028,0.00020825128961412585,8.015057791433854e-09,0.00020825930467191728,5.142509925581131e-09,0.0,-3.006757456285737e-23,0.0,-3.83169494071923e-20,1.0329891210735759e-25,-0.0026376704118732967,-0.0024728737977075758,-0.6359058102342139,241.08615214839827,0.0041478948130727125,241.08615214839827,5e-11,0.0016992328677815157,0.004218935191208493,4.994373982294065e-09,5.142509925581131e-09,2.366277196495138e-12,0.0,3.057552409694344e-12,1.6175047979585283e-13,4.0437619948963207e-14,3.2597405094391602e-12,0.00020825930467191728,-5.860542328195523e-25,-1.481359432870656e-10,FIXED_RSP_REPLAY,0.0,0.0,0.002654852010654006
1.6610422054995355e-06,602.0316622233352,9.349999999999991e-09,187,0,7921.925078551667,7921.925078551667,300.0,135446.05860333098,101325.0,0.03229995134581073,0.03229995134581073,842.8051221825814,842.8051221825814,8.003449526101139e-05,165.1282491171359,0.00020825122515938385,8.07971867675787e-09,0.0002082593048780606,5.142716068916769e-09,0.0,-3.039262942299637e-23,0.0,-5.756328577432373e-20,1.0329784546452764e-25,-0.002603712940076127,-0.002441037923951079,-0.6277191340219466,241.08615214839827,0.0041478948130727125,241.08615214839827,5e-11,0.0016557625196548884,0.004122866712772288,4.994456770420048e-09,5.142716068916769e-09,2.366880851259226e-12,0.0,2.979333073083697e-12,1.5761252448690502e-13,3.9403131121726254e-14,3.1763487286923282e-12,0.0002082593048780606,-1.0497277402467378e-24,-1.482592984967215e-10,FIXED_RSP_REPLAY,0.0,0.0,0.002620673342283757
1.6563045660300358e-06,603.7536939216925,9.399999999999992e-09,188,0,7916.547644261311,7916.547644261311,300.0,135381.99136339148,101325.0,0.03232763000228336,0.03232763000228336,838.4237298532682,838.4237298532682,8.004773317361693e-05,165.22240228997165,0.00020825116051918218,8.144560325242459e-09,0.00020825930507950742,5.142917515667355e-09,0.0,-3.0719431889910315e-23,0.0,1.548222577592957e-20,1.0329677308705881e-25,-0.0025701926380958004,-0.0024096119064754722,-0.6196378533986573,241.08615214839827,0.0041478948130727125,241.08615214839827,5e-11,0.0016134042446302294,0.0040289350117257445,4.994537440632279e-09,5.142917515667355e-09,2.3674690631236147e-12,0.0,2.9031147699141802e-12,1.5358042774579836e-13,3.839510693644959e-14,3.0950903045964283e-12,0.00020825930507950742,-8.320273739547056e-25,-1.4838007503507647e-10,FIXED_RSP_REPLAY,0.0,0.0,0.00258693469142366
1.6516005781026314e-06,605.4732683302921,9.449999999999992e-09,189,0,7911.216310638221,7911.216310638221,300.0,135321.73851555728,101325.0,0.03235604194626727,0.03235604194626727,834.0885290845466,834.0885290845466,8.006088606463695e-05,165.3098791359074,0.00020825109569525961,8.209581102502939e-09,0.0002082593052763621,5.143114370410112e-09,0.0,-3.10479819635992e-23,0.0,-4.194428962002551e-20,-1.0188159417734083e-28,-0.0025371038777910375,-0.0023785904687750044,-0.6116606114974213,241.08615214839827,0.0041478948130727125,241.08615214839827,5e-11,0.0015721295932785103,0.003937094855125692,4.994616047111943e-09,5.143114370410112e-09,2.3680422271537705e-12,0.0,2.8288463090736474e-12,1.4965148146295977e-13,3.7412870365739944e-14,3.0159106609023473e-12,0.0002082593052763621,-8.901885107748403e-25,-1.4849832329816888e-10,FIXED_RSP_REPLAY,0.0,0.0,0.002553630393271126
1.6469296893548232e-06,607.1904626309489,9.499999999999992e-09,190,0,7905.930571039596,7905.930571039596,300.0,135265.25452017903,101325.0,0.032385180591749115,0.032385180591749115,829.7989221378712,829.7989221378712,8.007395501648473e-05,165.49022539069537,0.00020825103068941613,8.274779311045565e-09,0.0002082593054687272,5.1433067354748874e-09,0.0,-3.1378279644063023e-23,0.0,-2.1270894868168154e-20,1.0329461112820455e-25,-0.0025044411034774706,-0.002347968402273864,-0.6037860689196719,241.08615214839827,0.0041478948130727125,241.08615214839827,5e-11,0.0015319108439735797,0.0038473012955151675,4.994692642654141e-09,5.1433067354748874e-09,2.368600728308462e-12,0.0,2.756477809038241e-12,1.458230468085883e-13,3.645576170214708e-14,2.9387566175489763e-12,0.0002082593054687272,-1.55904158420639e-24,-1.4861409282074605e-10,FIXED_RSP_REPLAY,0.0,1.1102230246251565e-16,0.002520754855952449
1.6422913134582745e-06,608.9053700797077,9.549999999999993e-09,191,0,7900.689673201807,7900.689673201807,300.0,135212.48941684808,101325.0,0.03241504021693514,0.03241504021693514,825.554120554,825.554120554,8.008694160628156e-05,165.8990977215771,0.00020825096550350825,8.340153194449218e-09,0.0002082593056567027,5.143494711004992e-09,0.0,-3.171032493130179e-23,0.0,-4.815707836326645e-20,1.0329352154681912e-25,-0.0024721988309948277,-0.002317740565451649,-0.5960129035103113,241.08615214839827,0.0041478948130727125,241.08615214839827,5e-11,0.0014927209842732767,0.003759510602093443,4.994767278703355e-09,5.143494711004992e-09,2.3691449416983138e-12,0.0,2.685960664370065e-12,1.420925524603167e-13,3.5523138115079174e-14,2.863576354945461e-12,0.0002082593056567027,-1.2516761319833168e-24,-1.4872743230163718e-10,FIXED_RSP_REPLAY,0.0,1.1102230246251565e-16,0.0024883025595839265
1.6376850223590804e-06,610.6180287095152,9.599999999999993e-09,192,0,7895.492891957982,7895.492891957982,300.0,135163.3942294189,101325.0,0.032445615109791,0.032445615109791,821.353363218377,821.353363218377,8.009984735521496e-05,166.30042063906865,0.0002082509001394465,8.405700940189708e-09,0.0002082593058403867,5.1436783950052135e-09,0.0,-3.2044117825315495e-23,0.0,-3.4199566499940677e-20,1.032924262307948e-25,-0.00244037164678613,-0.002287901882980091,-0.5883398101357182,241.08615214839827,0.0041478948130727125,241.08615214839827,5e-11,0.0014545336927768414,0.003673680004434757,4.994840005387994e-09,5.1436783950052135e-09,2.3696752328377424e-12,0.0,2.6172475130719233e-12,1.384574928762132e-13,3.46143732190533e-14,2.7903193791671895e-12,0.0002082593058403867,-1.7743185697975833e-24,-1.4883838961721983e-10,FIXED_RSP_REPLAY,0.0,0.0,0.0024562680553450508
1.633110433411553e-06,612.3284620201765,9.649999999999994e-09,193,0,7890.339531102007,7890.339531102007,300.0,135117.92056579844,101325.0,0.03247689944883629,0.03247689944883629,817.1959182927583,817.1959182927583,8.01126737248584e-05,166.6942292363217,0.0002082508345991969,8.471420678184551e-09,0.00020825930601987508,5.1438578833675426e-09,0.0,-3.2379658326104137e-23,0.0,-2.791663810748867e-20,1.0329132518013162e-25,-0.002408954206988745,-0.0022584473448708964,-0.5807655004646127,241.08615214839827,0.0041478948130727125,241.08615214839827,5e-11,0.0014173233214464594,0.0035897672465772497,4.994910871554066e-09,5.1438578833675426e-09,2.3701919578904524e-12,0.0,2.5502922047772008e-12,1.3491542661196484e-13,3.372885665299121e-14,2.718936488042157e-12,0.00020825930601987508,-1.8878135659535407e-24,-1.4894701181347656e-10,FIXED_RSP_REPLAY,0.0,0.0,0.002424645964563643
1.6285671697948606e-06,614.0366934487346,9.699999999999994e-09,194,0,7885.228902769755,7885.228902769755,300.0,135076.02004285489,101325.0,0.03250888732604324,0.03250888732604324,813.0810670117579,813.0810670117579,8.01254221587778e-05,167.08055923769354,0.0002082507688847797,8.537310481912053e-09,0.0002082593061952616,5.144033269909945e-09,0.0,-3.271694643366772e-23,0.0,-3.6680953985595557e-20,1.0329021839482958e-25,-0.002377941236537134,-0.0022293720056345556,-0.5732887027517417,241.08615214839827,0.0041478948130727125,241.08615214839827,5e-11,0.0013810648783810762,0.0035077308480522974,4.994979924797985e-09,5.144033269909945e-09,2.3706954639086484e-12,0.0,2.48504976975352e-12,1.3146397468110993e-13,3.2865993670277483e-14,2.6493797381049077e-12,0.0002082593061952616,-1.2851995650115889e-24,-1.4905334511195965e-10,FIXED_RSP_REPLAY,0.0,1.1102230246251565e-16,0.0023934309778127637
1.6240548604149436e-06,615.7427463654162,9.749999999999995e-09,195,0,7880.160329648571,7880.160329648571,300.0,135037.64436830516,101325.0,0.03254157274905639,0.03254157274905639,809.0081052099001,809.0081052099001,8.013809407808622e-05,167.4594469731079,0.0002082507029982682,8.603368369928947e-09,0.00020825930636663814,5.1442046464189295e-09,0.0,-3.3055982148006243e-23,0.0,-1.5077816963262473e-20,1.0328910587488865e-25,-0.0023473275282771574,-0.002200670983449984,-0.5659081616243504,241.08615214839827,0.0041478948130727125,241.08615214839827,5e-11,0.0013457340110308656,0.0034275301796938386,4.995047211498536e-09,5.1442046464189295e-09,2.371186089066128e-12,0.0,2.4214763886993592e-12,1.2810081895722078e-13,3.2025204739305196e-14,2.5816024123958855e-12,0.00020825930636663814,-1.5917572236677159e-24,-1.4915743492039315e-10,FIXED_RSP_REPLAY,0.0,0.0,0.002362617854019237
1.6195731398084516e-06,617.446644069604,9.799999999999995e-09,196,0,7875.133146418386,7875.133146418386,300.0,135002.74539851924,101325.0,0.032574949643457744,0.032574949643457744,804.9763442333777,804.9763442333777,8.015069087855603e-05,167.83092935301528,0.00020825063694178699,8.669592307424679e-09,0.0002082593065340944,5.144372102691316e-09,0.0,-3.339676546911971e-23,0.0,-1.5091392636384435e-20,-1.0958894881959832e-28,-0.0023171079420917836,-0.0021723394593448518,-0.5586226378714018,241.08615214839827,0.0041478948130727125,241.08615214839827,5e-11,0.00131130698984115,0.003349125447719419,4.995112776848028e-09,5.144372102691316e-09,2.3716641628854124e-12,0.0,2.3595293633133413e-12,1.248237006169613e-13,3.1205925154240326e-14,2.515558989084543e-12,0.0002082593065340944,-1.7448341046040428e-24,-1.4925932584328722e-10,FIXED_RSP_REPLAY,0.0,1.1102230246251565e-16,0.0023322014195836724
1.615121648047761e-06,619.1484097861766,9.849999999999996e-09,197,0,7870.146700627374,7870.146700627374,300.0,134971.27517820266,101325.0,0.03260901185499507,0.03260901185499507,800.9851114045911,800.9851114045911,8.016321392887656e-05,168.19504384375637,0.0002082505707175105,8.735980207805521e-09,0.0002082593066977183,5.144535726575219e-09,0.0,-3.3739296397008114e-23,0.0,-1.0251074222652006e-20,-1.1071293803826087e-28,-0.0022872774040380455,-0.0021443726763864684,-0.5514309082355097,241.08615214839827,0.0041478948130727125,241.08615214839827,5e-11,0.0012777606923147142,0.003272477678054873,4.995176664882644e-09,5.144535726575219e-09,2.3721300064590676e-12,0.0,2.2991670876164327e-12,1.2163041862297565e-13,3.040760465574391e-14,2.451205110895152e-12,0.0002082593066977183,-2.4948704315136972e-24,-1.4935906169257484e-10,FIXED_RSP_REPLAY,0.0,1.1102230246251565e-16,0.0023021765675117975
1.610700030647976e-06,620.8480666618634,9.899999999999996e-09,198,0,7865.200353152857,7865.200353152857,300.0,134943.1859666075,101325.0,0.032643753151762676,0.032643753151762676,797.0337501631024,797.0337501631024,8.017566456975082e-05,168.55182844341837,0.00020825050432766139,8.802529934311586e-09,0.0002082593068575957,5.144695604010264e-09,0.0,-3.408357493167146e-23,0.0,-4.4265085289367165e-20,1.0328573390723266e-25,-0.002257830905495118,-0.002116765938883079,-0.5443317652075518,241.08615214839827,0.0041478948130727125,241.08615214839827,5e-11,0.0012450725874818662,0.0031975487009027665,4.995238918512018e-09,5.144695604010264e-09,2.3725839326653606e-12,0.0,2.2403490200077813e-12,1.1851882824558772e-13,2.962970706139693e-14,2.388497555314766e-12,0.0002082593068575957,-2.5053717478839993e-24,-1.4945668549824608e-10,FIXED_RSP_REPLAY,0.0,0.0,0.0022725382565569833
1.606307938475103e-06,622.5456377619088,9.949999999999996e-09,199,0,7860.293478361871,7860.293478361871,300.0,134918.43025374165,101325.0,0.03267916722630948,0.03267916722630948,793.1216199765317,793.1216199765317,8.018804411359891e-05,168.90132165824951,0.00020825043777450915,8.869239301659864e-09,0.0002082593070138108,5.1448518190670415e-09,0.0,-3.442960107310975e-23,0.0,5.752025103784716e-22,1.0328459844873626e-25,-0.002228763502323354,-0.0020895146115954477,-0.537324016823925,241.08615214839827,0.0041478948130727125,241.08615214839827,5e-11,0.0012132207207677759,0.0031243011355506865,4.995299579548056e-09,5.1448518190670415e-09,2.373026246378401e-12,0.0,2.183035656035437e-12,1.1548683962231908e-13,2.887170990557977e-14,2.327394205563336e-12,0.0002082593070138108,-2.4524612692490156e-24,-1.495522395189856e-10,FIXED_RSP_REPLAY,0.0,1.1102230246251565e-16,0.0022432815103738085
1.6019450276559146e-06,624.2411460668376,9.999999999999997e-09,200,0,7855.42546405708,7855.42546405708,300.0,134896.96076923603,101325.0,0.03271524769766757,0.03271524769766757,789.2480960908023,789.2480960908023,8.020035384469433e-05,169.24356247943436,0.000208250371060368,8.936106077712348e-09,0.0002082593071664457,5.1450044539858125e-09,0.0,-3.4777374821322977e-23,0.0,-1.47817533354167e-20,1.0328345725560099e-25,-0.0022000703140341534,-0.0020626141189585903,-0.5304064864664123,241.08615214839827,0.0041478948130727125,241.08615214839827,5e-11,0.0011821836992469482,0.00305269837541896,4.995358688733018e-09,5.1450044539858125e-09,2.3734572446729063e-12,0.0,2.127188501863661e-12,1.1253241635425778e-13,2.8133104088564444e-14,2.267854022306483e-12,0.0002082593071664457,-2.9177503638100937e-24,-1.496457652527945e-10,FIXED_RSP_REPLAY,0.0,1.1102230246251565e-16,0.0022144014166825144
1.6019450276559146e-06,624.2411460668376,1e-08,201,0,7855.42546405708,7855.42546405708,300.0,134896.96076923603,101325.0,0.03271524769766757,0.03271524769766757,789.2480960908023,789.2480960908023,8.020035384469433e-05,169.2435624794344,0.000208250371060368,8.936106077712353e-09,0.0002082593071664457,5.1450044539858125e-09,0.0,-3.4777374821323e-23,0.0,-1.47817533354167e-20,1.0328345725560099e-25,-0.0022000703140341517,-0.0020626141189585886,-0.5304064864664119,241.08615214839827,0.0041478948130727125,241.08615214839827,3.308722450212111e-24,0.0011669315652459104,0.0030215202788681423,4.995358688733018e-09,5.1450044539858125e-09,2.3734572446729063e-12,0.0,2.127188501863657e-12,1.1253241635425759e-13,2.8133104088564397e-14,2.267854022306479e-12,0.0002082593071664457,-2.9177503638100937e-24,-1.496457652527945e-10,FIXED_RSP_REPLAY,0.0,0.0,0.002200070314034152
